Métier;Base;% habitants;% actifs;Effectif attendu;Appui activité;Références;Justification proposée;Nobles de milieu privilégié / % de tous habitants;Autres nobles, dont maisons modestes / % de tous habitants;Peuple de milieu privilégié / % de tous habitants;Peuple ordinaire / % de tous habitants;Peuple précaire / % de tous habitants
Agriculteur généraliste;Agriculteur;1.0423795430400002;1.5433605514986763;3408.581105740801;A — activité attestée;"SB90; SB198";"Contexte régional ; taille et fréquence locales proposées. Profil résidentiel rural/mixte ; jardins, cuisine, filage, corvées et milice saisonnière restent activités secondaires. chapitre régional ; profil territorial proposé Même total vivrier et mêmes effectifs sociaux qu’en V2 ; répartition P revue par culture/habitat. Delta exact, anciennes parts et nouvelles parts enregistrés dans food_reallocation_v3. Ajustement IPF conservant strates et espèces ; aucune création de personne. Transmission familiale, terre/eau, droits d’usage et outils ; les tâches saisonnières restent secondaires.";0.00016724048657283823;0.00011550457377269105;0.004174700442013586;1.012507082171983;0.02541501536565814
Céréalier;Agriculteur;0;0;0.0;D — activité déduite;"SB90; SB198";"Contexte régional ; taille et fréquence locales proposées. Profil résidentiel rural/mixte ; jardins, cuisine, filage, corvées et milice saisonnière restent activités secondaires. chapitre régional ; profil territorial proposé Même total vivrier et mêmes effectifs sociaux qu’en V2 ; répartition P revue par culture/habitat. Delta exact, anciennes parts et nouvelles parts enregistrés dans food_reallocation_v3. Ajustement IPF conservant strates et espèces ; aucune création de personne. Zéro proposé : Réaffectation vivrière V3 : quota de capture/habitat limité ou remplacement par culture/pastoralisme ; zéro de scénario, pas interdiction universelle. Transmission familiale, terre/eau, droits d’usage et outils ; les tâches saisonnières restent secondaires.";0;0;0;0;0
Riziculteur;Agriculteur;0;0;0.0;A — activité attestée;SB198;"Contexte régional ; taille et fréquence locales proposées. Profil résidentiel rural/mixte ; jardins, cuisine, filage, corvées et milice saisonnière restent activités secondaires. chapitre régional ; profil territorial proposé Budget civil 80,00 % ; coefficient 0,000000 ; part de filière 0,000 %. Zéro proposé : Climat, matière ou culture hors filière régionale retenue ; aucun établissement exceptionnel proposé. Transmission familiale, terre/eau, droits d’usage et outils ; les tâches saisonnières restent secondaires.";0;0;0;0;0
Vigneron;Agriculteur;0;0;0.0;A — activité attestée;MJ128;"Contexte régional ; taille et fréquence locales proposées. Profil résidentiel rural/mixte ; jardins, cuisine, filage, corvées et milice saisonnière restent activités secondaires. chapitre régional ; profil territorial proposé Budget civil 3,00 % ; coefficient 0,000000 ; part de filière 0,000 %. Zéro proposé : Climat, matière ou culture hors filière régionale retenue ; aucun établissement exceptionnel proposé. Savoir-faire de terrain et sécurité ; procédé spécialisé distinct du rang social.";0;0;0;0;0
Cultivateur d’épices;Agriculteur;0;0;0.0;A — activité attestée;SB182;"Contexte régional ; taille et fréquence locales proposées. Profil résidentiel rural/mixte ; jardins, cuisine, filage, corvées et milice saisonnière restent activités secondaires. chapitre régional ; profil territorial proposé Budget civil 3,00 % ; coefficient 0,000000 ; part de filière 0,000 %. Zéro proposé : Climat, matière ou culture hors filière régionale retenue ; aucun établissement exceptionnel proposé. Savoir-faire de terrain et sécurité ; procédé spécialisé distinct du rang social.";0;0;0;0;0
Cultivateur d’herbes pour thé;Agriculteur;0;0;0.0;D — activité déduite;SB198;"Contexte régional ; taille et fréquence locales proposées. Profil résidentiel rural/mixte ; jardins, cuisine, filage, corvées et milice saisonnière restent activités secondaires. chapitre régional ; profil territorial proposé Budget civil 3,00 % ; coefficient 0,000000 ; part de filière 0,000 %. Zéro proposé : Climat, matière ou culture hors filière régionale retenue ; aucun établissement exceptionnel proposé. Savoir-faire de terrain et sécurité ; procédé spécialisé distinct du rang social.";0;0;0;0;0
Maraîcher;Agriculteur;0;0;0.0;D — activité déduite;"SB90; SB198";"Contexte régional ; taille et fréquence locales proposées. Profil résidentiel rural/mixte ; jardins, cuisine, filage, corvées et milice saisonnière restent activités secondaires. chapitre régional ; profil territorial proposé Même total vivrier et mêmes effectifs sociaux qu’en V2 ; répartition P revue par culture/habitat. Delta exact, anciennes parts et nouvelles parts enregistrés dans food_reallocation_v3. Ajustement IPF conservant strates et espèces ; aucune création de personne. Zéro proposé : Réaffectation vivrière V3 : quota de capture/habitat limité ou remplacement par culture/pastoralisme ; zéro de scénario, pas interdiction universelle. Transmission familiale, terre/eau, droits d’usage et outils ; les tâches saisonnières restent secondaires.";0;0;0;0;0
Jardinier;Horticulteur;0.12012671439459129;0.17786115759434654;392.8143560703135;A — activité attestée;"SB29; SB161";"Contexte régional ; taille et fréquence locales proposées. Profil résidentiel rural/mixte ; jardins, cuisine, filage, corvées et milice saisonnière restent activités secondaires. chapitre régional ; profil territorial proposé Budget civil 3,00 % ; coefficient 1,000000 ; part de filière 6,146 %. Savoir-faire de terrain et sécurité ; procédé spécialisé distinct du rang social.";1.1519643420892659e-05;1.9890092563861437e-06;0.0009585210986992755;0.1162370108136645;0.002917673829550227
Fleuriste;Horticulteur;0.12012671439459129;0.17786115759434654;392.8143560703135;A — activité attestée;"SB29; SB161";"Contexte régional ; taille et fréquence locales proposées. Profil résidentiel rural/mixte ; jardins, cuisine, filage, corvées et milice saisonnière restent activités secondaires. chapitre régional ; profil territorial proposé Budget civil 3,00 % ; coefficient 1,000000 ; part de filière 6,146 %. Savoir-faire de terrain et sécurité ; procédé spécialisé distinct du rang social.";1.1519643420892659e-05;1.9890092563861437e-06;0.0009585210986992755;0.1162370108136645;0.002917673829550227
Arboriculteur de verger;Horticulteur;0;0;0.0;D — activité déduite;"SB29; SB161";"Contexte régional ; taille et fréquence locales proposées. Profil résidentiel rural/mixte ; jardins, cuisine, filage, corvées et milice saisonnière restent activités secondaires. chapitre régional ; profil territorial proposé Même total vivrier et mêmes effectifs sociaux qu’en V2 ; répartition P revue par culture/habitat. Delta exact, anciennes parts et nouvelles parts enregistrés dans food_reallocation_v3. Ajustement IPF conservant strates et espèces ; aucune création de personne. Zéro proposé : Réaffectation vivrière V3 : quota de capture/habitat limité ou remplacement par culture/pastoralisme ; zéro de scénario, pas interdiction universelle. Transmission familiale, terre/eau, droits d’usage et outils ; les tâches saisonnières restent secondaires.";0;0;0;0;0
Jardinier de roses magiques;Horticulteur;0;0;0.0;A — activité attestée;SB157;"Contexte régional ; taille et fréquence locales proposées. Profil résidentiel rural/mixte ; jardins, cuisine, filage, corvées et milice saisonnière restent activités secondaires. chapitre régional ; profil territorial proposé Budget civil 3,00 % ; coefficient 0,000000 ; part de filière 0,000 %. Zéro proposé : Filière régionale non retenue dans ce scénario, sans interdiction universelle. Savoir-faire de terrain et sécurité ; procédé spécialisé distinct du rang social.";0;0;0;0;0
Arboriculteur de breithwood;Horticulteur;0;0;0.0;D — activité déduite;SB152;"Contexte régional ; taille et fréquence locales proposées. Profil résidentiel rural/mixte ; jardins, cuisine, filage, corvées et milice saisonnière restent activités secondaires. chapitre régional ; profil territorial proposé Budget civil 3,00 % ; coefficient 0,000000 ; part de filière 0,000 %. Zéro proposé : Filière régionale non retenue dans ce scénario, sans interdiction universelle. Savoir-faire de terrain et sécurité ; procédé spécialisé distinct du rang social.";0;0;0;0;0
Éleveur généraliste;Éleveur;0;0;0.0;A — activité attestée;"SB120; SB182";"Contexte régional ; taille et fréquence locales proposées. Profil résidentiel rural/mixte ; jardins, cuisine, filage, corvées et milice saisonnière restent activités secondaires. chapitre régional ; profil territorial proposé Même total vivrier et mêmes effectifs sociaux qu’en V2 ; répartition P revue par culture/habitat. Delta exact, anciennes parts et nouvelles parts enregistrés dans food_reallocation_v3. Ajustement IPF conservant strates et espèces ; aucune création de personne. Zéro proposé : Réaffectation vivrière V3 : quota de capture/habitat limité ou remplacement par culture/pastoralisme ; zéro de scénario, pas interdiction universelle. Transmission familiale, terre/eau, droits d’usage et outils ; les tâches saisonnières restent secondaires.";0;0;0;0;0
Berger;Éleveur;14.593313602560004;21.607047720981473;47720.13548037121;A — activité attestée;MJ135;"Contexte régional ; taille et fréquence locales proposées. Profil résidentiel rural/mixte ; jardins, cuisine, filage, corvées et milice saisonnière restent activités secondaires. chapitre régional ; profil territorial proposé Même total vivrier et mêmes effectifs sociaux qu’en V2 ; répartition P revue par culture/habitat. Delta exact, anciennes parts et nouvelles parts enregistrés dans food_reallocation_v3. Ajustement IPF conservant strates et espèces ; aucune création de personne. Transmission familiale, terre/eau, droits d’usage et outils ; les tâches saisonnières restent secondaires.";0.002341366812019735;0.0016170640328176749;0.05844580618819022;14.175099150407764;0.3558102151192142
Éleveur de yaks;Éleveur;12.50855451648;18.520326617984114;40902.973268889604;A — activité attestée;SB120;"Contexte régional ; taille et fréquence locales proposées. Profil résidentiel rural/mixte ; jardins, cuisine, filage, corvées et milice saisonnière restent activités secondaires. chapitre régional ; profil territorial proposé Même total vivrier et mêmes effectifs sociaux qu’en V2 ; répartition P revue par culture/habitat. Delta exact, anciennes parts et nouvelles parts enregistrés dans food_reallocation_v3. Ajustement IPF conservant strates et espèces ; aucune création de personne. Transmission familiale, terre/eau, droits d’usage et outils ; les tâches saisonnières restent secondaires.";0.002006885838874058;0.0013860548852722922;0.05009640530416303;12.150084986063794;0.3049801843878977
Éleveur de chevaux;Éleveur;0.21622808591026424;0.32015008366982367;707.0658409265641;A — activité attestée;SB182;"Contexte régional ; taille et fréquence locales proposées. Profil résidentiel rural/mixte ; jardins, cuisine, filage, corvées et milice saisonnière restent activités secondaires. chapitre régional ; profil territorial proposé Budget civil 3,00 % ; coefficient 1,800000 ; part de filière 11,063 %. Savoir-faire de terrain et sécurité ; procédé spécialisé distinct du rang social.";2.073535815760677e-05;3.580216661495057e-06;0.0017253379776586955;0.20922661946459603;0.005251812893190405
Éleveur de chameaux;Éleveur;0;0;0.0;A — activité attestée;SB182;"Contexte régional ; taille et fréquence locales proposées. Profil résidentiel rural/mixte ; jardins, cuisine, filage, corvées et milice saisonnière restent activités secondaires. chapitre régional ; profil territorial proposé Budget civil 3,00 % ; coefficient 0,000000 ; part de filière 0,000 %. Zéro proposé : Climat, matière ou culture hors filière régionale retenue ; aucun établissement exceptionnel proposé. Savoir-faire de terrain et sécurité ; procédé spécialisé distinct du rang social.";0;0;0;0;0
Éleveur de vers à soie;Éleveur;0;0;0.0;A — activité attestée;SB198;"Contexte régional ; taille et fréquence locales proposées. Profil résidentiel rural/mixte ; jardins, cuisine, filage, corvées et milice saisonnière restent activités secondaires. chapitre régional ; profil territorial proposé Budget civil 3,00 % ; coefficient 0,000000 ; part de filière 0,000 %. Zéro proposé : Climat, matière ou culture hors filière régionale retenue ; aucun établissement exceptionnel proposé. Savoir-faire de terrain et sécurité ; procédé spécialisé distinct du rang social.";0;0;0;0;0
Éleveur de loups géants;Éleveur;0;0;0.0;A — activité attestée;SB191;"Contexte régional ; taille et fréquence locales proposées. Profil résidentiel rural/mixte ; jardins, cuisine, filage, corvées et milice saisonnière restent activités secondaires. chapitre régional ; profil territorial proposé Budget civil 3,00 % ; coefficient 0,000000 ; part de filière 0,000 %. Zéro proposé : Filière régionale non retenue dans ce scénario, sans interdiction universelle. Savoir-faire de terrain et sécurité ; procédé spécialisé distinct du rang social.";0;0;0;0;0
Éleveur de montures volantes;Éleveur;0.7207602863675477;1.0671669455660793;2356.886136421881;A — activité attestée;"SB124; SB107";"Contexte régional ; taille et fréquence locales proposées. Profil résidentiel rural/mixte ; jardins, cuisine, filage, corvées et milice saisonnière restent activités secondaires. chapitre régional ; profil territorial proposé Budget civil 3,00 % ; coefficient 6,000000 ; part de filière 36,878 %. Savoir-faire de terrain et sécurité ; procédé spécialisé distinct du rang social.";6.91178605253559e-05;1.1934055538316855e-05;0.005751126592195651;0.6974220648819871;0.017506042977301357
Apiculteur;Éleveur;0;0;0.0;P — activité proposée;SB152;"Contexte régional ; taille et fréquence locales proposées. Profil résidentiel rural/mixte ; jardins, cuisine, filage, corvées et milice saisonnière restent activités secondaires. chapitre régional ; profil territorial proposé Budget civil 80,00 % ; coefficient 0,000000 ; part de filière 0,000 %. Zéro proposé : Climat, matière ou culture hors filière régionale retenue ; aucun établissement exceptionnel proposé. Transmission familiale, terre/eau, droits d’usage et outils ; les tâches saisonnières restent secondaires.";0;0;0;0;0
Chasseur de gibier;Chasseur;0.10423795430400001;0.15433605514986762;340.85811057408006;A — activité attestée;"MJ139; PG20";"Contexte régional ; taille et fréquence locales proposées. Profil résidentiel rural/mixte ; jardins, cuisine, filage, corvées et milice saisonnière restent activités secondaires. chapitre régional ; profil territorial proposé Même total vivrier et mêmes effectifs sociaux qu’en V2 ; répartition P revue par culture/habitat. Delta exact, anciennes parts et nouvelles parts enregistrés dans food_reallocation_v3. Ajustement IPF conservant strates et espèces ; aucune création de personne. Transmission familiale, terre/eau, droits d’usage et outils ; les tâches saisonnières restent secondaires.";1.672404865728381e-05;1.1550457377269108e-05;0.00041747004420135864;0.10125070821719828;0.002541501536565815
Trappeur;Chasseur;0;0;0.0;A — activité attestée;MJ140;"Contexte régional ; taille et fréquence locales proposées. Profil résidentiel rural/mixte ; jardins, cuisine, filage, corvées et milice saisonnière restent activités secondaires. chapitre régional ; profil territorial proposé Même total vivrier et mêmes effectifs sociaux qu’en V2 ; répartition P revue par culture/habitat. Delta exact, anciennes parts et nouvelles parts enregistrés dans food_reallocation_v3. Ajustement IPF conservant strates et espèces ; aucune création de personne. Zéro proposé : Réaffectation vivrière V3 : quota de capture/habitat limité ou remplacement par culture/pastoralisme ; zéro de scénario, pas interdiction universelle. Transmission familiale, terre/eau, droits d’usage et outils ; les tâches saisonnières restent secondaires.";0;0;0;0;0
Chasseur de monstres;Chasseur;0;0;0.0;A — activité attestée;PG58;"Contexte régional ; taille et fréquence locales proposées. Profil résidentiel rural/mixte ; jardins, cuisine, filage, corvées et milice saisonnière restent activités secondaires. chapitre régional ; profil territorial proposé Budget civil 0,25 % ; coefficient 0,000000 ; part de filière 0,000 %. Zéro proposé : Spécialité avancée non installée dans le profil rural ordinaire : apprentissage, matériel et clientèle insuffisamment établis. Long apprentissage, frais, bourses, talent, licence ou secret ; titre ne donne pas maîtrise.";0;0;0;0;0
Chasseur de monstres marins;Chasseur;0;0;0.0;A — activité attestée;SB148;"Contexte régional ; taille et fréquence locales proposées. Profil résidentiel rural/mixte ; jardins, cuisine, filage, corvées et milice saisonnière restent activités secondaires. chapitre régional ; profil territorial proposé Budget civil 0,25 % ; coefficient 0,000000 ; part de filière 0,000 %. Zéro proposé : Filière régionale non retenue dans ce scénario, sans interdiction universelle. Long apprentissage, frais, bourses, talent, licence ou secret ; titre ne donne pas maîtrise.";0;0;0;0;0
Chasseur de dragons;Chasseur;0;0;0.0;A — activité attestée;SB220;"Contexte régional ; taille et fréquence locales proposées. Profil résidentiel rural/mixte ; jardins, cuisine, filage, corvées et milice saisonnière restent activités secondaires. chapitre régional ; profil territorial proposé Budget civil 0,25 % ; coefficient 0,000000 ; part de filière 0,000 %. Zéro proposé : Technique de site, institution, secret ou habilitation concentrée dans les implantations autorisées du scénario. Long apprentissage, frais, bourses, talent, licence ou secret ; titre ne donne pas maîtrise.";0;0;0;0;0
Cueilleur;Collecteur de ressources;0.6775467029760001;1.0031843584741396;2215.5777187315202;A — activité attestée;"MJ139; SB153";"Contexte régional ; taille et fréquence locales proposées. Profil résidentiel rural/mixte ; jardins, cuisine, filage, corvées et milice saisonnière restent activités secondaires. chapitre régional ; profil territorial proposé Même total vivrier et mêmes effectifs sociaux qu’en V2 ; répartition P revue par culture/habitat. Delta exact, anciennes parts et nouvelles parts enregistrés dans food_reallocation_v3. Ajustement IPF conservant strates et espèces ; aucune création de personne. Transmission familiale, terre/eau, droits d’usage et outils ; les tâches saisonnières restent secondaires.";0.0001087063162723448;7.507797295224918e-05;0.0027135552873088307;0.6581296034117888;0.016519759987677796
Herboriste de collecte;Collecteur de ressources;0.16337233157664416;0.2418911743283113;534.2275242556265;D — activité déduite;BR55;"Contexte régional ; taille et fréquence locales proposées. Profil résidentiel rural/mixte ; jardins, cuisine, filage, corvées et milice saisonnière restent activités secondaires. chapitre régional ; profil territorial proposé Budget civil 3,00 % ; coefficient 1,360000 ; part de filière 8,359 %. Savoir-faire de terrain et sécurité ; procédé spécialisé distinct du rang social.";1.5666715052414007e-05;2.705052588685154e-06;0.001303588694231014;0.15808233470658373;0.003968036408188307
Collecteur de composants de créatures;Collecteur de ressources;0.16337233157664416;0.2418911743283113;534.2275242556265;A — activité attestée;"SB104; SB139";"Contexte régional ; taille et fréquence locales proposées. Profil résidentiel rural/mixte ; jardins, cuisine, filage, corvées et milice saisonnière restent activités secondaires. chapitre régional ; profil territorial proposé Budget civil 3,00 % ; coefficient 1,360000 ; part de filière 8,359 %. Savoir-faire de terrain et sécurité ; procédé spécialisé distinct du rang social.";1.5666715052414007e-05;2.705052588685154e-06;0.001303588694231014;0.15808233470658373;0.003968036408188307
Collecteur de perles;Collecteur de ressources;0;0;0.0;D — activité déduite;SB149;"Contexte régional ; taille et fréquence locales proposées. Profil résidentiel rural/mixte ; jardins, cuisine, filage, corvées et milice saisonnière restent activités secondaires. chapitre régional ; profil territorial proposé Budget civil 3,00 % ; coefficient 0,000000 ; part de filière 0,000 %. Zéro proposé : Filière régionale non retenue dans ce scénario, sans interdiction universelle. Savoir-faire de terrain et sécurité ; procédé spécialisé distinct du rang social.";0;0;0;0;0
Récupérateur de reliques penumbrales;Collecteur de ressources;0;0;0.0;A — activité attestée;PG8;"Contexte régional ; taille et fréquence locales proposées. Profil résidentiel rural/mixte ; jardins, cuisine, filage, corvées et milice saisonnière restent activités secondaires. chapitre régional ; profil territorial proposé Budget civil 3,00 % ; coefficient 0,000000 ; part de filière 0,000 %. Zéro proposé : Filière régionale non retenue dans ce scénario, sans interdiction universelle. Savoir-faire de terrain et sécurité ; procédé spécialisé distinct du rang social.";0;0;0;0;0
Bûcheron;Travailleur forestier;0.06006335719729564;0.08893057879717327;196.40717803515676;A — activité attestée;"MJ135; SB107";"Contexte régional ; taille et fréquence locales proposées. Profil résidentiel rural/mixte ; jardins, cuisine, filage, corvées et milice saisonnière restent activités secondaires. chapitre régional ; profil territorial proposé Budget civil 3,00 % ; coefficient 0,500000 ; part de filière 3,073 %. Savoir-faire de terrain et sécurité ; procédé spécialisé distinct du rang social.";5.759821710446329e-06;9.945046281930719e-07;0.00047926054934963774;0.05811850540683225;0.0014588369147751135
Forestier;Travailleur forestier;0.06006335719729564;0.08893057879717327;196.40717803515676;A — activité attestée;MJ140;"Contexte régional ; taille et fréquence locales proposées. Profil résidentiel rural/mixte ; jardins, cuisine, filage, corvées et milice saisonnière restent activités secondaires. chapitre régional ; profil territorial proposé Budget civil 3,00 % ; coefficient 0,500000 ; part de filière 3,073 %. Savoir-faire de terrain et sécurité ; procédé spécialisé distinct du rang social.";5.759821710446329e-06;9.945046281930719e-07;0.00047926054934963774;0.05811850540683225;0.0014588369147751135
Scieur;Travailleur forestier;0.06006335719729564;0.08893057879717327;196.40717803515676;D — activité déduite;SB99;"Contexte régional ; taille et fréquence locales proposées. Profil résidentiel rural/mixte ; jardins, cuisine, filage, corvées et milice saisonnière restent activités secondaires. chapitre régional ; profil territorial proposé Budget civil 3,00 % ; coefficient 0,500000 ; part de filière 3,073 %. Savoir-faire de terrain et sécurité ; procédé spécialisé distinct du rang social.";5.759821710446329e-06;9.945046281930719e-07;0.00047926054934963774;0.05811850540683225;0.0014588369147751135
Pêcheur maritime;Pêcheur;0;0;0.0;A — activité attestée;"SB110; SB168";"Contexte régional ; taille et fréquence locales proposées. Profil résidentiel rural/mixte ; jardins, cuisine, filage, corvées et milice saisonnière restent activités secondaires. chapitre régional ; profil territorial proposé Budget civil 80,00 % ; coefficient 0,000000 ; part de filière 0,000 %. Zéro proposé : Poids technique nul dans la filière locale du scénario. Transmission familiale, terre/eau, droits d’usage et outils ; les tâches saisonnières restent secondaires.";0;0;0;0;0
Pêcheur d’eau douce;Pêcheur;0.78178465728;1.1575204136240071;2556.4358293056002;A — activité attestée;SB138;"Contexte régional ; taille et fréquence locales proposées. Profil résidentiel rural/mixte ; jardins, cuisine, filage, corvées et milice saisonnière restent activités secondaires. chapitre régional ; profil territorial proposé Même total vivrier et mêmes effectifs sociaux qu’en V2 ; répartition P revue par culture/habitat. Delta exact, anciennes parts et nouvelles parts enregistrés dans food_reallocation_v3. Ajustement IPF conservant strates et espèces ; aucune création de personne. Transmission familiale, terre/eau, droits d’usage et outils ; les tâches saisonnières restent secondaires.";0.00012543036492962856;8.662843032951827e-05;0.003131025331510188;0.7593803116289871;0.019061261524243603
Cultivateur marin;Pêcheur;0;0;0.0;P — activité proposée;SB149;"Contexte régional ; taille et fréquence locales proposées. Profil résidentiel rural/mixte ; jardins, cuisine, filage, corvées et milice saisonnière restent activités secondaires. chapitre régional ; profil territorial proposé Budget civil 80,00 % ; coefficient 0,000000 ; part de filière 0,000 %. Zéro proposé : Filière régionale non retenue dans ce scénario, sans interdiction universelle. Transmission familiale, terre/eau, droits d’usage et outils ; les tâches saisonnières restent secondaires.";0;0;0;0;0
Mineur;Extracteur de ressources minérales;0.06006335719729564;0.08893057879717327;196.40717803515676;A — activité attestée;"MJ135; SB160";"Contexte régional ; taille et fréquence locales proposées. Profil résidentiel rural/mixte ; jardins, cuisine, filage, corvées et milice saisonnière restent activités secondaires. chapitre régional ; profil territorial proposé Budget civil 3,00 % ; coefficient 0,500000 ; part de filière 3,073 %. Savoir-faire de terrain et sécurité ; procédé spécialisé distinct du rang social.";5.759821710446329e-06;9.945046281930719e-07;0.00047926054934963774;0.05811850540683225;0.0014588369147751135
Carrier;Extracteur de ressources minérales;0.06006335719729564;0.08893057879717327;196.40717803515676;D — activité déduite;"MJ135; SB160";"Contexte régional ; taille et fréquence locales proposées. Profil résidentiel rural/mixte ; jardins, cuisine, filage, corvées et milice saisonnière restent activités secondaires. chapitre régional ; profil territorial proposé Budget civil 3,00 % ; coefficient 0,500000 ; part de filière 3,073 %. Savoir-faire de terrain et sécurité ; procédé spécialisé distinct du rang social.";5.759821710446329e-06;9.945046281930719e-07;0.00047926054934963774;0.05811850540683225;0.0014588369147751135
Salinier;Extracteur de ressources minérales;0;0;0.0;P — activité proposée;SB120;"Contexte régional ; taille et fréquence locales proposées. Profil résidentiel rural/mixte ; jardins, cuisine, filage, corvées et milice saisonnière restent activités secondaires. chapitre régional ; profil territorial proposé Budget civil 3,00 % ; coefficient 0,000000 ; part de filière 0,000 %. Zéro proposé : Climat, matière ou culture hors filière régionale retenue ; aucun établissement exceptionnel proposé. Savoir-faire de terrain et sécurité ; procédé spécialisé distinct du rang social.";0;0;0;0;0
Mineur de bauronite;Extracteur de ressources minérales;0;0;0.0;A — activité attestée;"SB174; SB182";"Contexte régional ; taille et fréquence locales proposées. Profil résidentiel rural/mixte ; jardins, cuisine, filage, corvées et milice saisonnière restent activités secondaires. chapitre régional ; profil territorial proposé Budget civil 3,00 % ; coefficient 0,000000 ; part de filière 0,000 %. Zéro proposé : Climat, matière ou culture hors filière régionale retenue ; aucun établissement exceptionnel proposé. Savoir-faire de terrain et sécurité ; procédé spécialisé distinct du rang social.";0;0;0;0;0
Mineur de tameranium;Extracteur de ressources minérales;0;0;0.0;A — activité attestée;"SB168; SB198";"Contexte régional ; taille et fréquence locales proposées. Profil résidentiel rural/mixte ; jardins, cuisine, filage, corvées et milice saisonnière restent activités secondaires. chapitre régional ; profil territorial proposé Budget civil 3,00 % ; coefficient 0,000000 ; part de filière 0,000 %. Zéro proposé : Climat, matière ou culture hors filière régionale retenue ; aucun établissement exceptionnel proposé. Savoir-faire de terrain et sécurité ; procédé spécialisé distinct du rang social.";0;0;0;0;0
Extracteur d’obsidienne;Extracteur de ressources minérales;0;0;0.0;A — activité attestée;SB190;"Contexte régional ; taille et fréquence locales proposées. Profil résidentiel rural/mixte ; jardins, cuisine, filage, corvées et milice saisonnière restent activités secondaires. chapitre régional ; profil territorial proposé Budget civil 3,00 % ; coefficient 0,000000 ; part de filière 0,000 %. Zéro proposé : Filière régionale non retenue dans ce scénario, sans interdiction universelle. Savoir-faire de terrain et sécurité ; procédé spécialisé distinct du rang social.";0;0;0;0;0
Extracteur de soufre;Extracteur de ressources minérales;0;0;0.0;A — activité attestée;SB190;"Contexte régional ; taille et fréquence locales proposées. Profil résidentiel rural/mixte ; jardins, cuisine, filage, corvées et milice saisonnière restent activités secondaires. chapitre régional ; profil territorial proposé Budget civil 3,00 % ; coefficient 0,000000 ; part de filière 0,000 %. Zéro proposé : Filière régionale non retenue dans ce scénario, sans interdiction universelle. Savoir-faire de terrain et sécurité ; procédé spécialisé distinct du rang social.";0;0;0;0;0
Prospecteur;Extracteur de ressources minérales;0.06006335719729564;0.08893057879717327;196.40717803515676;D — activité déduite;SB104;"Contexte régional ; taille et fréquence locales proposées. Profil résidentiel rural/mixte ; jardins, cuisine, filage, corvées et milice saisonnière restent activités secondaires. chapitre régional ; profil territorial proposé Budget civil 3,00 % ; coefficient 0,500000 ; part de filière 3,073 %. Savoir-faire de terrain et sécurité ; procédé spécialisé distinct du rang social.";5.759821710446329e-06;9.945046281930719e-07;0.00047926054934963774;0.05811850540683225;0.0014588369147751135
Meunier;Meunier;0.08733376655431756;0.1293074974597385;285.5814166326184;D — activité déduite;SB121;"Contexte régional ; taille et fréquence locales proposées. Profil résidentiel rural/mixte ; jardins, cuisine, filage, corvées et milice saisonnière restent activités secondaires. chapitre régional ; profil territorial proposé Budget civil 11,00 % ; coefficient 1,750000 ; part de filière 1,219 %. Apprentissage, atelier, combustible et outils ; titre noble ne remplace pas qualification.";1.6228475630155484e-05;1.1208190068409235e-05;0.0033758285137148957;0.08187534233440277;0.0020551590405013236
Boucher;Boucher;0.09981001891922005;0.147779997096844;326.3787618658496;D — activité déduite;SB99;"Contexte régional ; taille et fréquence locales proposées. Profil résidentiel rural/mixte ; jardins, cuisine, filage, corvées et milice saisonnière restent activités secondaires. chapitre régional ; profil territorial proposé Budget civil 11,00 % ; coefficient 2,000000 ; part de filière 1,393 %. Apprentissage, atelier, combustible et outils ; titre noble ne remplace pas qualification.";1.8546829291606257e-05;1.2809360078181983e-05;0.0038580897299598793;0.09357181981074601;0.0023487531891443697
Écorcheur;Boucher;0.03992400756768803;0.05911199883873761;130.55150474633987;A — activité attestée;MJ128;"Contexte régional ; taille et fréquence locales proposées. Profil résidentiel rural/mixte ; jardins, cuisine, filage, corvées et milice saisonnière restent activités secondaires. chapitre régional ; profil territorial proposé Budget civil 11,00 % ; coefficient 0,800000 ; part de filière 0,557 %. Apprentissage, atelier, combustible et outils ; titre noble ne remplace pas qualification.";7.418731716642505e-06;5.123744031272791e-06;0.0015432358919839516;0.03742872792429842;0.000939501275657748
Boulanger;Boulanger;0.21209629020334264;0.3140324938307935;693.5548689649305;A — activité attestée;MJ128;"Contexte régional ; taille et fréquence locales proposées. Profil résidentiel rural/mixte ; jardins, cuisine, filage, corvées et milice saisonnière restent activités secondaires. chapitre régional ; profil territorial proposé Budget civil 11,00 % ; coefficient 4,250000 ; part de filière 2,960 %. Apprentissage, atelier, combustible et outils ; titre noble ne remplace pas qualification.";3.94120122446633e-05;2.7219890166136706e-05;0.00819844067616474;0.1988401170978353;0.004991100526931785
Cuisinier;Cuisinier;0.08438953554404147;0.12494823117703015;275.9537812290156;A — activité attestée;MJ128;"Contexte régional ; taille et fréquence locales proposées. Profil résidentiel rural/mixte ; jardins, cuisine, filage, corvées et milice saisonnière restent activités secondaires. chapitre régional ; profil territorial proposé Budget civil 1,00 % ; coefficient 7,500000 ; part de filière 12,953 %. Apprentissage et qualification variable ; soins avancés et thérapie magique exigent formation.";8.138245400718466e-06;1.4051689658564681e-06;0.00033858165734684337;0.08211758681105646;0.0019238236612715866
Cuisinier de haute cuisine;Cuisinier;0;0;0.0;A — activité attestée;"PG28; CC52";"Contexte régional ; taille et fréquence locales proposées. Profil résidentiel rural/mixte ; jardins, cuisine, filage, corvées et milice saisonnière restent activités secondaires. chapitre régional ; profil territorial proposé Budget civil 1,00 % ; coefficient 0,000000 ; part de filière 0,000 %. Zéro proposé : Haute cuisine concentrée auprès de clientèle et maîtres attestés/proposés ; cuisine ordinaire conservée. Apprentissage et qualification variable ; soins avancés et thérapie magique exigent formation.";0;0;0;0;0
Poissonnier;Transformateur alimentaire;0.1297530245949861;0.19211399622589725;424.2923904256046;D — activité déduite;"SB120; SB149";"Contexte régional ; taille et fréquence locales proposées. Profil résidentiel rural/mixte ; jardins, cuisine, filage, corvées et milice saisonnière restent activités secondaires. chapitre régional ; profil territorial proposé Budget civil 11,00 % ; coefficient 2,600000 ; part de filière 1,811 %. Apprentissage, atelier, combustible et outils ; titre noble ne remplace pas qualification.";2.411087807908815e-05;1.6652168101636583e-05;0.005015516648947845;0.12164336575396985;0.0030533791458876814
Saleur et sécheur alimentaire;Transformateur alimentaire;0.1297530245949861;0.19211399622589725;424.2923904256046;D — activité déduite;"SB120; SB149";"Contexte régional ; taille et fréquence locales proposées. Profil résidentiel rural/mixte ; jardins, cuisine, filage, corvées et milice saisonnière restent activités secondaires. chapitre régional ; profil territorial proposé Budget civil 11,00 % ; coefficient 2,600000 ; part de filière 1,811 %. Apprentissage, atelier, combustible et outils ; titre noble ne remplace pas qualification.";2.411087807908815e-05;1.6652168101636583e-05;0.005015516648947845;0.12164336575396985;0.0030533791458876814
Fromager;Transformateur alimentaire;0.1297530245949861;0.19211399622589725;424.2923904256046;A — activité attestée;"SB120; SB149";"Contexte régional ; taille et fréquence locales proposées. Profil résidentiel rural/mixte ; jardins, cuisine, filage, corvées et milice saisonnière restent activités secondaires. chapitre régional ; profil territorial proposé Budget civil 11,00 % ; coefficient 2,600000 ; part de filière 1,811 %. Apprentissage, atelier, combustible et outils ; titre noble ne remplace pas qualification.";2.411087807908815e-05;1.6652168101636583e-05;0.005015516648947845;0.12164336575396985;0.0030533791458876814
Huilier;Transformateur alimentaire;0.1297530245949861;0.19211399622589725;424.2923904256046;P — activité proposée;"SB120; SB149";"Contexte régional ; taille et fréquence locales proposées. Profil résidentiel rural/mixte ; jardins, cuisine, filage, corvées et milice saisonnière restent activités secondaires. chapitre régional ; profil territorial proposé Budget civil 11,00 % ; coefficient 2,600000 ; part de filière 1,811 %. Apprentissage, atelier, combustible et outils ; titre noble ne remplace pas qualification.";2.411087807908815e-05;1.6652168101636583e-05;0.005015516648947845;0.12164336575396985;0.0030533791458876814
Brasseur;Fabricant de boissons;0.1796580340545961;0.2660039947743192;587.4817713585293;A — activité attestée;"MJ128; SB120";"Contexte régional ; taille et fréquence locales proposées. Profil résidentiel rural/mixte ; jardins, cuisine, filage, corvées et milice saisonnière restent activités secondaires. chapitre régional ; profil territorial proposé Budget civil 11,00 % ; coefficient 3,600000 ; part de filière 2,507 %. Apprentissage, atelier, combustible et outils ; titre noble ne remplace pas qualification.";3.338429272489128e-05;2.3056848140727562e-05;0.006944561513927785;0.16842927565934282;0.004227755740459866
Distillateur;Fabricant de boissons;0.1796580340545961;0.2660039947743192;587.4817713585293;A — activité attestée;"MJ128; SB120";"Contexte régional ; taille et fréquence locales proposées. Profil résidentiel rural/mixte ; jardins, cuisine, filage, corvées et milice saisonnière restent activités secondaires. chapitre régional ; profil territorial proposé Budget civil 11,00 % ; coefficient 3,600000 ; part de filière 2,507 %. Apprentissage, atelier, combustible et outils ; titre noble ne remplace pas qualification.";3.338429272489128e-05;2.3056848140727562e-05;0.006944561513927785;0.16842927565934282;0.004227755740459866
Distillateur de Highlandtuber;Fabricant de boissons;1.796580340545961;2.660039947743192;5874.817713585292;A — activité attestée;"SB120; SB121";"Contexte régional ; taille et fréquence locales proposées. Profil résidentiel rural/mixte ; jardins, cuisine, filage, corvées et milice saisonnière restent activités secondaires. chapitre régional ; profil territorial proposé Budget civil 11,00 % ; coefficient 36,000000 ; part de filière 25,070 %. Apprentissage, atelier, combustible et outils ; titre noble ne remplace pas qualification.";0.0003338429272489127;0.0002305684814072757;0.06944561513927786;1.6842927565934283;0.04227755740459866
Maître de cérémonie du thé;Maître de cérémonie du thé;0;0;0.0;A — activité attestée;SB201;"Contexte régional ; taille et fréquence locales proposées. Profil résidentiel rural/mixte ; jardins, cuisine, filage, corvées et milice saisonnière restent activités secondaires. chapitre régional ; profil territorial proposé Budget civil 0,00 % ; coefficient 0,000000 ; part de filière 0,000 %. Zéro proposé : Filière régionale non retenue dans ce scénario, sans interdiction universelle. Apprentissage, audition et réseau ; accès au mérite notamment Mustardseed.";0;0;0;0;0
Alchimiste;Alchimiste;0.11633700257142857;0.17225006155119155;380.42199840857137;A — activité attestée;"MJ128; BR55";"Contexte régional ; taille et fréquence locales proposées. Profil résidentiel rural/mixte ; jardins, cuisine, filage, corvées et milice saisonnière restent activités secondaires. chapitre régional ; profil territorial proposé Budget civil 0,25 % ; coefficient 2,500000 ; part de filière 71,429 %. Long apprentissage, frais, bourses, talent, licence ou secret ; titre ne donne pas maîtrise.";0.00103245904391538;0.0001782668542901954;0.010738546118329922;0.10417853111199706;0.00020919944289601446
Apothicaire;Alchimiste;0.046534801028571424;0.0689000246204766;152.16879936342855;A — activité attestée;"MJ128; BR55";"Contexte régional ; taille et fréquence locales proposées. Profil résidentiel rural/mixte ; jardins, cuisine, filage, corvées et milice saisonnière restent activités secondaires. chapitre régional ; profil territorial proposé Budget civil 0,25 % ; coefficient 1,000000 ; part de filière 28,571 %. Long apprentissage, frais, bourses, talent, licence ou secret ; titre ne donne pas maîtrise.";0.00041298361756615204;7.130674171607818e-05;0.004295418447331969;0.04167141244479882;8.367977715840577e-05
Préparateur de poisons;Alchimiste;0;0;0.0;D — activité déduite;"BR55; SB193";"Contexte régional ; taille et fréquence locales proposées. Profil résidentiel rural/mixte ; jardins, cuisine, filage, corvées et milice saisonnière restent activités secondaires. chapitre régional ; profil territorial proposé Budget civil 0,25 % ; coefficient 0,000000 ; part de filière 0,000 %. Zéro proposé : Spécialité avancée non installée dans le profil rural ordinaire : apprentissage, matériel et clientèle insuffisamment établis. Long apprentissage, frais, bourses, talent, licence ou secret ; titre ne donne pas maîtrise.";0;0;0;0;0
Préparateur de potions;Alchimiste;0;0;0.0;A — activité attestée;SB138;"Contexte régional ; taille et fréquence locales proposées. Profil résidentiel rural/mixte ; jardins, cuisine, filage, corvées et milice saisonnière restent activités secondaires. chapitre régional ; profil territorial proposé Budget civil 0,25 % ; coefficient 0,000000 ; part de filière 0,000 %. Zéro proposé : Spécialité avancée non installée dans le profil rural ordinaire : apprentissage, matériel et clientèle insuffisamment établis. Long apprentissage, frais, bourses, talent, licence ou secret ; titre ne donne pas maîtrise.";0;0;0;0;0
Préparateur d’Estelindea;Alchimiste;0;0;0.0;A — activité attestée;SB153;"Contexte régional ; taille et fréquence locales proposées. Profil résidentiel rural/mixte ; jardins, cuisine, filage, corvées et milice saisonnière restent activités secondaires. chapitre régional ; profil territorial proposé Budget civil 0,25 % ; coefficient 0,000000 ; part de filière 0,000 %. Zéro proposé : Filière régionale non retenue dans ce scénario, sans interdiction universelle. Long apprentissage, frais, bourses, talent, licence ou secret ; titre ne donne pas maîtrise.";0;0;0;0;0
Charbonnier;Charbonnier;0.09009503579594347;0.1333958681957599;294.6107670527351;P — activité proposée;SB128;"Contexte régional ; taille et fréquence locales proposées. Profil résidentiel rural/mixte ; jardins, cuisine, filage, corvées et milice saisonnière restent activités secondaires. chapitre régional ; profil territorial proposé Budget civil 3,00 % ; coefficient 0,750000 ; part de filière 4,610 %. Savoir-faire de terrain et sécurité ; procédé spécialisé distinct du rang social.";8.639732565669487e-06;1.4917569422896068e-06;0.0007188908240244563;0.08717775811024839;0.0021882553721626697
Fondeur et affineur;Métallurgiste;0;0;0.0;D — activité déduite;"SB198; SB160";"Contexte régional ; taille et fréquence locales proposées. Profil résidentiel rural/mixte ; jardins, cuisine, filage, corvées et milice saisonnière restent activités secondaires. chapitre régional ; profil territorial proposé Budget civil 11,00 % ; coefficient 0,000000 ; part de filière 0,000 %. Zéro proposé : Artisanat de base et réparation locale ; atelier spécialisé absent du scénario rural ordinaire. Apprentissage, atelier, combustible et outils ; titre noble ne remplace pas qualification.";0;0;0;0;0
Aciériste;Métallurgiste;0;0;0.0;D — activité déduite;SB198;"Contexte régional ; taille et fréquence locales proposées. Profil résidentiel rural/mixte ; jardins, cuisine, filage, corvées et milice saisonnière restent activités secondaires. chapitre régional ; profil territorial proposé Budget civil 11,00 % ; coefficient 0,000000 ; part de filière 0,000 %. Zéro proposé : Artisanat de base et réparation locale ; atelier spécialisé absent du scénario rural ordinaire. Apprentissage, atelier, combustible et outils ; titre noble ne remplace pas qualification.";0;0;0;0;0
Forgeron;Forgeron;0.24952504729805017;0.36944999274211004;815.9469046646241;A — activité attestée;MJ128;"Contexte régional ; taille et fréquence locales proposées. Profil résidentiel rural/mixte ; jardins, cuisine, filage, corvées et milice saisonnière restent activités secondaires. chapitre régional ; profil territorial proposé Budget civil 11,00 % ; coefficient 5,000000 ; part de filière 3,482 %. Apprentissage, atelier, combustible et outils ; titre noble ne remplace pas qualification.";4.6367073229015643e-05;3.202340019545496e-05;0.009645224324899702;0.23392954952686507;0.005871882972860925
Armurier;Forgeron;0.09981001891922005;0.147779997096844;326.3787618658496;A — activité attestée;MJ128;"Contexte régional ; taille et fréquence locales proposées. Profil résidentiel rural/mixte ; jardins, cuisine, filage, corvées et milice saisonnière restent activités secondaires. chapitre régional ; profil territorial proposé Budget civil 11,00 % ; coefficient 2,000000 ; part de filière 1,393 %. Apprentissage, atelier, combustible et outils ; titre noble ne remplace pas qualification.";1.8546829291606257e-05;1.2809360078181983e-05;0.0038580897299598793;0.09357181981074601;0.0023487531891443697
Coutelier;Forgeron;0.09981001891922005;0.147779997096844;326.3787618658496;D — activité déduite;MJ128;"Contexte régional ; taille et fréquence locales proposées. Profil résidentiel rural/mixte ; jardins, cuisine, filage, corvées et milice saisonnière restent activités secondaires. chapitre régional ; profil territorial proposé Budget civil 11,00 % ; coefficient 2,000000 ; part de filière 1,393 %. Apprentissage, atelier, combustible et outils ; titre noble ne remplace pas qualification.";1.8546829291606257e-05;1.2809360078181983e-05;0.0038580897299598793;0.09357181981074601;0.0023487531891443697
Rémouleur;Forgeron;0.09981001891922005;0.147779997096844;326.3787618658496;D — activité déduite;MJ128;"Contexte régional ; taille et fréquence locales proposées. Profil résidentiel rural/mixte ; jardins, cuisine, filage, corvées et milice saisonnière restent activités secondaires. chapitre régional ; profil territorial proposé Budget civil 11,00 % ; coefficient 2,000000 ; part de filière 1,393 %. Apprentissage, atelier, combustible et outils ; titre noble ne remplace pas qualification.";1.8546829291606257e-05;1.2809360078181983e-05;0.0038580897299598793;0.09357181981074601;0.0023487531891443697
Serrurier;Mécanicien et artisan du métal;0;0;0.0;A — activité attestée;"MJ128; SB174";"Contexte régional ; taille et fréquence locales proposées. Profil résidentiel rural/mixte ; jardins, cuisine, filage, corvées et milice saisonnière restent activités secondaires. chapitre régional ; profil territorial proposé Budget civil 11,00 % ; coefficient 0,000000 ; part de filière 0,000 %. Zéro proposé : Artisanat de base et réparation locale ; atelier spécialisé absent du scénario rural ordinaire. Apprentissage, atelier, combustible et outils ; titre noble ne remplace pas qualification.";0;0;0;0;0
Rétameur;Mécanicien et artisan du métal;0;0;0.0;A — activité attestée;"MJ128; SB174";"Contexte régional ; taille et fréquence locales proposées. Profil résidentiel rural/mixte ; jardins, cuisine, filage, corvées et milice saisonnière restent activités secondaires. chapitre régional ; profil territorial proposé Budget civil 11,00 % ; coefficient 0,000000 ; part de filière 0,000 %. Zéro proposé : Artisanat de base et réparation locale ; atelier spécialisé absent du scénario rural ordinaire. Apprentissage, atelier, combustible et outils ; titre noble ne remplace pas qualification.";0;0;0;0;0
Réparateur et bricoleur;Mécanicien et artisan du métal;0;0;0.0;A — activité attestée;"MJ128; SB174";"Contexte régional ; taille et fréquence locales proposées. Profil résidentiel rural/mixte ; jardins, cuisine, filage, corvées et milice saisonnière restent activités secondaires. chapitre régional ; profil territorial proposé Budget civil 11,00 % ; coefficient 0,000000 ; part de filière 0,000 %. Zéro proposé : Artisanat de base et réparation locale ; atelier spécialisé absent du scénario rural ordinaire. Apprentissage, atelier, combustible et outils ; titre noble ne remplace pas qualification.";0;0;0;0;0
Horloger;Mécanicien et artisan du métal;0;0;0.0;D — activité déduite;SB174;"Contexte régional ; taille et fréquence locales proposées. Profil résidentiel rural/mixte ; jardins, cuisine, filage, corvées et milice saisonnière restent activités secondaires. chapitre régional ; profil territorial proposé Budget civil 11,00 % ; coefficient 0,000000 ; part de filière 0,000 %. Zéro proposé : Climat, matière ou culture hors filière régionale retenue ; aucun établissement exceptionnel proposé. Apprentissage, atelier, combustible et outils ; titre noble ne remplace pas qualification.";0;0;0;0;0
Fabricant d’outils de précision;Mécanicien et artisan du métal;0;0;0.0;A — activité attestée;SB174;"Contexte régional ; taille et fréquence locales proposées. Profil résidentiel rural/mixte ; jardins, cuisine, filage, corvées et milice saisonnière restent activités secondaires. chapitre régional ; profil territorial proposé Budget civil 11,00 % ; coefficient 0,000000 ; part de filière 0,000 %. Zéro proposé : Climat, matière ou culture hors filière régionale retenue ; aucun établissement exceptionnel proposé. Apprentissage, atelier, combustible et outils ; titre noble ne remplace pas qualification.";0;0;0;0;0
Fabricant d’instruments de navigation;Mécanicien et artisan du métal;0;0;0.0;D — activité déduite;SB174;"Contexte régional ; taille et fréquence locales proposées. Profil résidentiel rural/mixte ; jardins, cuisine, filage, corvées et milice saisonnière restent activités secondaires. chapitre régional ; profil territorial proposé Budget civil 11,00 % ; coefficient 0,000000 ; part de filière 0,000 %. Zéro proposé : Climat, matière ou culture hors filière régionale retenue ; aucun établissement exceptionnel proposé. Apprentissage, atelier, combustible et outils ; titre noble ne remplace pas qualification.";0;0;0;0;0
Bijoutier;Bijoutier;0;0;0.0;A — activité attestée;MJ128;"Contexte régional ; taille et fréquence locales proposées. Profil résidentiel rural/mixte ; jardins, cuisine, filage, corvées et milice saisonnière restent activités secondaires. chapitre régional ; profil territorial proposé Budget civil 11,00 % ; coefficient 0,000000 ; part de filière 0,000 %. Zéro proposé : Artisanat de base et réparation locale ; atelier spécialisé absent du scénario rural ordinaire. Apprentissage, atelier, combustible et outils ; titre noble ne remplace pas qualification.";0;0;0;0;0
Orfèvre;Bijoutier;0;0;0.0;A — activité attestée;MJ128;"Contexte régional ; taille et fréquence locales proposées. Profil résidentiel rural/mixte ; jardins, cuisine, filage, corvées et milice saisonnière restent activités secondaires. chapitre régional ; profil territorial proposé Budget civil 11,00 % ; coefficient 0,000000 ; part de filière 0,000 %. Zéro proposé : Artisanat de base et réparation locale ; atelier spécialisé absent du scénario rural ordinaire. Apprentissage, atelier, combustible et outils ; titre noble ne remplace pas qualification.";0;0;0;0;0
Lapidaire et tailleur de gemmes;Bijoutier;0;0;0.0;A — activité attestée;MJ128;"Contexte régional ; taille et fréquence locales proposées. Profil résidentiel rural/mixte ; jardins, cuisine, filage, corvées et milice saisonnière restent activités secondaires. chapitre régional ; profil territorial proposé Budget civil 11,00 % ; coefficient 0,000000 ; part de filière 0,000 %. Zéro proposé : Artisanat de base et réparation locale ; atelier spécialisé absent du scénario rural ordinaire. Apprentissage, atelier, combustible et outils ; titre noble ne remplace pas qualification.";0;0;0;0;0
Tanneur;Tanneur;0.11228627128412257;0.1662524967339495;367.17610709908075;A — activité attestée;MJ128;"Contexte régional ; taille et fréquence locales proposées. Profil résidentiel rural/mixte ; jardins, cuisine, filage, corvées et milice saisonnière restent activités secondaires. chapitre régional ; profil territorial proposé Budget civil 11,00 % ; coefficient 2,250000 ; part de filière 1,567 %. Apprentissage, atelier, combustible et outils ; titre noble ne remplace pas qualification.";2.0865182953057043e-05;1.4410530087954731e-05;0.004340350946204866;0.10526829728708927;0.0026423473377874163
Fourreur;Tanneur;0.044914508513649025;0.0665009986935798;146.87044283963232;D — activité déduite;"SB120; SB133";"Contexte régional ; taille et fréquence locales proposées. Profil résidentiel rural/mixte ; jardins, cuisine, filage, corvées et milice saisonnière restent activités secondaires. chapitre régional ; profil territorial proposé Budget civil 11,00 % ; coefficient 0,900000 ; part de filière 0,627 %. Apprentissage, atelier, combustible et outils ; titre noble ne remplace pas qualification.";8.34607318122282e-06;5.7642120351818905e-06;0.0017361403784819463;0.042107318914835705;0.0010569389351149665
Maroquinier;Artisan du cuir;0.07984801513537607;0.11822399767747523;261.10300949267975;A — activité attestée;MJ128;"Contexte régional ; taille et fréquence locales proposées. Profil résidentiel rural/mixte ; jardins, cuisine, filage, corvées et milice saisonnière restent activités secondaires. chapitre régional ; profil territorial proposé Budget civil 11,00 % ; coefficient 1,600000 ; part de filière 1,114 %. Apprentissage, atelier, combustible et outils ; titre noble ne remplace pas qualification.";1.483746343328501e-05;1.0247488062545582e-05;0.003086471783967903;0.07485745584859683;0.001879002551315496
Bourrelier et sellier;Artisan du cuir;0.07984801513537607;0.11822399767747523;261.10300949267975;D — activité déduite;"MJ128; SB163";"Contexte régional ; taille et fréquence locales proposées. Profil résidentiel rural/mixte ; jardins, cuisine, filage, corvées et milice saisonnière restent activités secondaires. chapitre régional ; profil territorial proposé Budget civil 11,00 % ; coefficient 1,600000 ; part de filière 1,114 %. Apprentissage, atelier, combustible et outils ; titre noble ne remplace pas qualification.";1.483746343328501e-05;1.0247488062545582e-05;0.003086471783967903;0.07485745584859683;0.001879002551315496
Boursier, fabricant de bourses;Artisan du cuir;0.07984801513537607;0.11822399767747523;261.10300949267975;D — activité déduite;MJ128;"Contexte régional ; taille et fréquence locales proposées. Profil résidentiel rural/mixte ; jardins, cuisine, filage, corvées et milice saisonnière restent activités secondaires. chapitre régional ; profil territorial proposé Budget civil 11,00 % ; coefficient 1,600000 ; part de filière 1,114 %. Apprentissage, atelier, combustible et outils ; titre noble ne remplace pas qualification.";1.483746343328501e-05;1.0247488062545582e-05;0.003086471783967903;0.07485745584859683;0.001879002551315496
Gantier;Artisan du cuir;0.07984801513537607;0.11822399767747523;261.10300949267975;D — activité déduite;MJ128;"Contexte régional ; taille et fréquence locales proposées. Profil résidentiel rural/mixte ; jardins, cuisine, filage, corvées et milice saisonnière restent activités secondaires. chapitre régional ; profil territorial proposé Budget civil 11,00 % ; coefficient 1,600000 ; part de filière 1,114 %. Apprentissage, atelier, combustible et outils ; titre noble ne remplace pas qualification.";1.483746343328501e-05;1.0247488062545582e-05;0.003086471783967903;0.07485745584859683;0.001879002551315496
Cordonnier;Artisan du cuir;0.07984801513537607;0.11822399767747523;261.10300949267975;A — activité attestée;MJ128;"Contexte régional ; taille et fréquence locales proposées. Profil résidentiel rural/mixte ; jardins, cuisine, filage, corvées et milice saisonnière restent activités secondaires. chapitre régional ; profil territorial proposé Budget civil 11,00 % ; coefficient 1,600000 ; part de filière 1,114 %. Apprentissage, atelier, combustible et outils ; titre noble ne remplace pas qualification.";1.483746343328501e-05;1.0247488062545582e-05;0.003086471783967903;0.07485745584859683;0.001879002551315496
Fileur;Artisan textile;0.1996200378384401;0.295559994193688;652.7575237316992;D — activité déduite;MJ128;"Contexte régional ; taille et fréquence locales proposées. Profil résidentiel rural/mixte ; jardins, cuisine, filage, corvées et milice saisonnière restent activités secondaires. chapitre régional ; profil territorial proposé Budget civil 11,00 % ; coefficient 4,000000 ; part de filière 2,786 %. Apprentissage, atelier, combustible et outils ; titre noble ne remplace pas qualification.";3.7093658583212513e-05;2.5618720156363967e-05;0.007716179459919759;0.18714363962149203;0.0046975063782887395
Tisserand;Artisan textile;0.1996200378384401;0.295559994193688;652.7575237316992;A — activité attestée;MJ128;"Contexte régional ; taille et fréquence locales proposées. Profil résidentiel rural/mixte ; jardins, cuisine, filage, corvées et milice saisonnière restent activités secondaires. chapitre régional ; profil territorial proposé Budget civil 11,00 % ; coefficient 4,000000 ; part de filière 2,786 %. Apprentissage, atelier, combustible et outils ; titre noble ne remplace pas qualification.";3.7093658583212513e-05;2.5618720156363967e-05;0.007716179459919759;0.18714363962149203;0.0046975063782887395
Teinturier;Artisan textile;0.1996200378384401;0.295559994193688;652.7575237316992;A — activité attestée;MJ128;"Contexte régional ; taille et fréquence locales proposées. Profil résidentiel rural/mixte ; jardins, cuisine, filage, corvées et milice saisonnière restent activités secondaires. chapitre régional ; profil territorial proposé Budget civil 11,00 % ; coefficient 4,000000 ; part de filière 2,786 %. Apprentissage, atelier, combustible et outils ; titre noble ne remplace pas qualification.";3.7093658583212513e-05;2.5618720156363967e-05;0.007716179459919759;0.18714363962149203;0.0046975063782887395
Tailleur;Tailleur de vêtements;0.09981001891922005;0.147779997096844;326.3787618658496;D — activité déduite;"MJ128; SB139";"Contexte régional ; taille et fréquence locales proposées. Profil résidentiel rural/mixte ; jardins, cuisine, filage, corvées et milice saisonnière restent activités secondaires. chapitre régional ; profil territorial proposé Budget civil 11,00 % ; coefficient 2,000000 ; part de filière 1,393 %. Apprentissage, atelier, combustible et outils ; titre noble ne remplace pas qualification.";1.8546829291606257e-05;1.2809360078181983e-05;0.0038580897299598793;0.09357181981074601;0.0023487531891443697
Modiste et fabricant de coiffes;Tailleur de vêtements;0.09981001891922005;0.147779997096844;326.3787618658496;D — activité déduite;"SB139; SB120";"Contexte régional ; taille et fréquence locales proposées. Profil résidentiel rural/mixte ; jardins, cuisine, filage, corvées et milice saisonnière restent activités secondaires. chapitre régional ; profil territorial proposé Budget civil 11,00 % ; coefficient 2,000000 ; part de filière 1,393 %. Apprentissage, atelier, combustible et outils ; titre noble ne remplace pas qualification.";1.8546829291606257e-05;1.2809360078181983e-05;0.0038580897299598793;0.09357181981074601;0.0023487531891443697
Tapissier;Tapissier;0;0;0.0;D — activité déduite;SB200;"Contexte régional ; taille et fréquence locales proposées. Profil résidentiel rural/mixte ; jardins, cuisine, filage, corvées et milice saisonnière restent activités secondaires. chapitre régional ; profil territorial proposé Budget civil 11,00 % ; coefficient 0,000000 ; part de filière 0,000 %. Zéro proposé : Artisanat de base et réparation locale ; atelier spécialisé absent du scénario rural ordinaire. Apprentissage, atelier, combustible et outils ; titre noble ne remplace pas qualification.";0;0;0;0;0
Menuisier;Menuisier;0.24952504729805017;0.36944999274211004;815.9469046646241;D — activité déduite;"MJ128; SB152";"Contexte régional ; taille et fréquence locales proposées. Profil résidentiel rural/mixte ; jardins, cuisine, filage, corvées et milice saisonnière restent activités secondaires. chapitre régional ; profil territorial proposé Budget civil 11,00 % ; coefficient 5,000000 ; part de filière 3,482 %. Apprentissage, atelier, combustible et outils ; titre noble ne remplace pas qualification.";4.6367073229015643e-05;3.202340019545496e-05;0.009645224324899702;0.23392954952686507;0.005871882972860925
Ébéniste;Menuisier;0.09981001891922005;0.147779997096844;326.3787618658496;D — activité déduite;MJ128;"Contexte régional ; taille et fréquence locales proposées. Profil résidentiel rural/mixte ; jardins, cuisine, filage, corvées et milice saisonnière restent activités secondaires. chapitre régional ; profil territorial proposé Budget civil 11,00 % ; coefficient 2,000000 ; part de filière 1,393 %. Apprentissage, atelier, combustible et outils ; titre noble ne remplace pas qualification.";1.8546829291606257e-05;1.2809360078181983e-05;0.0038580897299598793;0.09357181981074601;0.0023487531891443697
Sculpteur sur bois;Menuisier;0.09981001891922005;0.147779997096844;326.3787618658496;A — activité attestée;MJ128;"Contexte régional ; taille et fréquence locales proposées. Profil résidentiel rural/mixte ; jardins, cuisine, filage, corvées et milice saisonnière restent activités secondaires. chapitre régional ; profil territorial proposé Budget civil 11,00 % ; coefficient 2,000000 ; part de filière 1,393 %. Apprentissage, atelier, combustible et outils ; titre noble ne remplace pas qualification.";1.8546829291606257e-05;1.2809360078181983e-05;0.0038580897299598793;0.09357181981074601;0.0023487531891443697
Tonnelier;Menuisier;0.09981001891922005;0.147779997096844;326.3787618658496;A — activité attestée;MJ128;"Contexte régional ; taille et fréquence locales proposées. Profil résidentiel rural/mixte ; jardins, cuisine, filage, corvées et milice saisonnière restent activités secondaires. chapitre régional ; profil territorial proposé Budget civil 11,00 % ; coefficient 2,000000 ; part de filière 1,393 %. Apprentissage, atelier, combustible et outils ; titre noble ne remplace pas qualification.";1.8546829291606257e-05;1.2809360078181983e-05;0.0038580897299598793;0.09357181981074601;0.0023487531891443697
Charron;Menuisier;0.09981001891922005;0.147779997096844;326.3787618658496;A — activité attestée;MJ128;"Contexte régional ; taille et fréquence locales proposées. Profil résidentiel rural/mixte ; jardins, cuisine, filage, corvées et milice saisonnière restent activités secondaires. chapitre régional ; profil territorial proposé Budget civil 11,00 % ; coefficient 2,000000 ; part de filière 1,393 %. Apprentissage, atelier, combustible et outils ; titre noble ne remplace pas qualification.";1.8546829291606257e-05;1.2809360078181983e-05;0.0038580897299598793;0.09357181981074601;0.0023487531891443697
Charpentier;Charpentier;0.1621912807437326;0.2401424952823715;530.3654880320056;A — activité attestée;MJ128;"Contexte régional ; taille et fréquence locales proposées. Profil résidentiel rural/mixte ; jardins, cuisine, filage, corvées et milice saisonnière restent activités secondaires. chapitre régional ; profil territorial proposé Budget civil 11,00 % ; coefficient 3,250000 ; part de filière 2,263 %. Apprentissage, atelier, combustible et outils ; titre noble ne remplace pas qualification.";3.013859759886016e-05;2.0815210127045714e-05;0.006269395811184804;0.1520542071924623;0.0038167239323595994
Couvreur;Charpentier;0.06487651229749306;0.09605699811294863;212.1461952128023;A — activité attestée;MJ128;"Contexte régional ; taille et fréquence locales proposées. Profil résidentiel rural/mixte ; jardins, cuisine, filage, corvées et milice saisonnière restent activités secondaires. chapitre régional ; profil territorial proposé Budget civil 11,00 % ; coefficient 1,300000 ; part de filière 0,905 %. Apprentissage, atelier, combustible et outils ; titre noble ne remplace pas qualification.";1.2055439039544075e-05;8.326084050818292e-06;0.0025077583244739227;0.060821682876984924;0.0015266895729438407
Constructeur naval;Constructeur naval;0;0;0.0;A — activité attestée;"MJ128; SB148";"Contexte régional ; taille et fréquence locales proposées. Profil résidentiel rural/mixte ; jardins, cuisine, filage, corvées et milice saisonnière restent activités secondaires. chapitre régional ; profil territorial proposé Budget civil 11,00 % ; coefficient 0,000000 ; part de filière 0,000 %. Zéro proposé : Artisanat de base et réparation locale ; atelier spécialisé absent du scénario rural ordinaire. Apprentissage, atelier, combustible et outils ; titre noble ne remplace pas qualification.";0;0;0;0;0
Calfat;Constructeur naval;0;0;0.0;D — activité déduite;"MJ128; SB148";"Contexte régional ; taille et fréquence locales proposées. Profil résidentiel rural/mixte ; jardins, cuisine, filage, corvées et milice saisonnière restent activités secondaires. chapitre régional ; profil territorial proposé Budget civil 11,00 % ; coefficient 0,000000 ; part de filière 0,000 %. Zéro proposé : Artisanat de base et réparation locale ; atelier spécialisé absent du scénario rural ordinaire. Apprentissage, atelier, combustible et outils ; titre noble ne remplace pas qualification.";0;0;0;0;0
Constructeur de drakkars;Constructeur naval;0;0;0.0;A — activité attestée;SB130;"Contexte régional ; taille et fréquence locales proposées. Profil résidentiel rural/mixte ; jardins, cuisine, filage, corvées et milice saisonnière restent activités secondaires. chapitre régional ; profil territorial proposé Budget civil 11,00 % ; coefficient 0,000000 ; part de filière 0,000 %. Zéro proposé : Filière régionale non retenue dans ce scénario, sans interdiction universelle. Apprentissage, atelier, combustible et outils ; titre noble ne remplace pas qualification.";0;0;0;0;0
Cordier;Cordier;0.06238126182451254;0.09236249818552751;203.98672616615602;D — activité déduite;SB130;"Contexte régional ; taille et fréquence locales proposées. Profil résidentiel rural/mixte ; jardins, cuisine, filage, corvées et milice saisonnière restent activités secondaires. chapitre régional ; profil territorial proposé Budget civil 11,00 % ; coefficient 1,250000 ; part de filière 0,870 %. Apprentissage, atelier, combustible et outils ; titre noble ne remplace pas qualification.";1.1591768307253911e-05;8.00585004886374e-06;0.0024113060812249254;0.058482387381716266;0.0014679707432152312
Voilier;Cordier;0.024952504729805012;0.036944999274211;81.5946904664624;A — activité attestée;MJ128;"Contexte régional ; taille et fréquence locales proposées. Profil résidentiel rural/mixte ; jardins, cuisine, filage, corvées et milice saisonnière restent activités secondaires. chapitre régional ; profil territorial proposé Budget civil 11,00 % ; coefficient 0,500000 ; part de filière 0,348 %. Apprentissage, atelier, combustible et outils ; titre noble ne remplace pas qualification.";4.636707322901564e-06;3.202340019545496e-06;0.0009645224324899698;0.023392954952686503;0.0005871882972860924
Facteur d’arcs;Facteur d’arcs;0;0;0.0;A — activité attestée;"MJ128; SB152";"Contexte régional ; taille et fréquence locales proposées. Profil résidentiel rural/mixte ; jardins, cuisine, filage, corvées et milice saisonnière restent activités secondaires. chapitre régional ; profil territorial proposé Budget civil 11,00 % ; coefficient 0,000000 ; part de filière 0,000 %. Zéro proposé : Artisanat de base et réparation locale ; atelier spécialisé absent du scénario rural ordinaire. Apprentissage, atelier, combustible et outils ; titre noble ne remplace pas qualification.";0;0;0;0;0
Fabricant de flèches;Facteur d’arcs;0;0;0.0;A — activité attestée;SB152;"Contexte régional ; taille et fréquence locales proposées. Profil résidentiel rural/mixte ; jardins, cuisine, filage, corvées et milice saisonnière restent activités secondaires. chapitre régional ; profil territorial proposé Budget civil 11,00 % ; coefficient 0,000000 ; part de filière 0,000 %. Zéro proposé : Artisanat de base et réparation locale ; atelier spécialisé absent du scénario rural ordinaire. Apprentissage, atelier, combustible et outils ; titre noble ne remplace pas qualification.";0;0;0;0;0
Luthier et facteur d’instruments;Luthier;0;0;0.0;D — activité déduite;BR55;"Contexte régional ; taille et fréquence locales proposées. Profil résidentiel rural/mixte ; jardins, cuisine, filage, corvées et milice saisonnière restent activités secondaires. chapitre régional ; profil territorial proposé Budget civil 11,00 % ; coefficient 0,000000 ; part de filière 0,000 %. Zéro proposé : Artisanat de base et réparation locale ; atelier spécialisé absent du scénario rural ordinaire. Apprentissage, atelier, combustible et outils ; titre noble ne remplace pas qualification.";0;0;0;0;0
Tailleur de pierre;Tailleur de pierre;0;0;0.0;A — activité attestée;"MJ128; SB161";"Contexte régional ; taille et fréquence locales proposées. Profil résidentiel rural/mixte ; jardins, cuisine, filage, corvées et milice saisonnière restent activités secondaires. chapitre régional ; profil territorial proposé Budget civil 11,00 % ; coefficient 0,000000 ; part de filière 0,000 %. Zéro proposé : Artisanat de base et réparation locale ; atelier spécialisé absent du scénario rural ordinaire. Apprentissage, atelier, combustible et outils ; titre noble ne remplace pas qualification.";0;0;0;0;0
Sculpteur sur pierre;Tailleur de pierre;0;0;0.0;D — activité déduite;"MJ128; SB161";"Contexte régional ; taille et fréquence locales proposées. Profil résidentiel rural/mixte ; jardins, cuisine, filage, corvées et milice saisonnière restent activités secondaires. chapitre régional ; profil territorial proposé Budget civil 11,00 % ; coefficient 0,000000 ; part de filière 0,000 %. Zéro proposé : Artisanat de base et réparation locale ; atelier spécialisé absent du scénario rural ordinaire. Apprentissage, atelier, combustible et outils ; titre noble ne remplace pas qualification.";0;0;0;0;0
Sculpteur de statues de Stone Spirits;Tailleur de pierre;0;0;0.0;A — activité attestée;SB161;"Contexte régional ; taille et fréquence locales proposées. Profil résidentiel rural/mixte ; jardins, cuisine, filage, corvées et milice saisonnière restent activités secondaires. chapitre régional ; profil territorial proposé Budget civil 11,00 % ; coefficient 0,000000 ; part de filière 0,000 %. Zéro proposé : Filière régionale non retenue dans ce scénario, sans interdiction universelle. Apprentissage, atelier, combustible et outils ; titre noble ne remplace pas qualification.";0;0;0;0;0
Maçon;Maçon;0.49905009459610034;0.7388999854842201;1631.8938093292481;A — activité attestée;"MJ128; SB90";"Contexte régional ; taille et fréquence locales proposées. Profil résidentiel rural/mixte ; jardins, cuisine, filage, corvées et milice saisonnière restent activités secondaires. chapitre régional ; profil territorial proposé Budget civil 11,00 % ; coefficient 10,000000 ; part de filière 6,964 %. Apprentissage, atelier, combustible et outils ; titre noble ne remplace pas qualification.";9.273414645803129e-05;6.404680039090992e-05;0.019290448649799403;0.46785909905373013;0.01174376594572185
Plâtrier;Maçon;0.1996200378384401;0.295559994193688;652.7575237316992;A — activité attestée;"MJ128; SB90";"Contexte régional ; taille et fréquence locales proposées. Profil résidentiel rural/mixte ; jardins, cuisine, filage, corvées et milice saisonnière restent activités secondaires. chapitre régional ; profil territorial proposé Budget civil 11,00 % ; coefficient 4,000000 ; part de filière 2,786 %. Apprentissage, atelier, combustible et outils ; titre noble ne remplace pas qualification.";3.7093658583212513e-05;2.5618720156363967e-05;0.007716179459919759;0.18714363962149203;0.0046975063782887395
Manœuvre de chantier;Maçon;0.1996200378384401;0.295559994193688;652.7575237316992;A — activité attestée;SB90;"Contexte régional ; taille et fréquence locales proposées. Profil résidentiel rural/mixte ; jardins, cuisine, filage, corvées et milice saisonnière restent activités secondaires. chapitre régional ; profil territorial proposé Budget civil 11,00 % ; coefficient 4,000000 ; part de filière 2,786 %. Apprentissage, atelier, combustible et outils ; titre noble ne remplace pas qualification.";1.8915381232299077e-05;1.306390032555373e-05;0.003934755473467167;0.1908624505560399;0.004790852527375188
Architecte;Architecte;0;0;0.0;A — activité attestée;SB174;"Contexte régional ; taille et fréquence locales proposées. Profil résidentiel rural/mixte ; jardins, cuisine, filage, corvées et milice saisonnière restent activités secondaires. chapitre régional ; profil territorial proposé Budget civil 11,00 % ; coefficient 0,000000 ; part de filière 0,000 %. Zéro proposé : Artisanat de base et réparation locale ; atelier spécialisé absent du scénario rural ordinaire. Apprentissage, atelier, combustible et outils ; titre noble ne remplace pas qualification.";0;0;0;0;0
Géomètre et arpenteur;Architecte;0;0;0.0;A — activité attestée;MJ128;"Contexte régional ; taille et fréquence locales proposées. Profil résidentiel rural/mixte ; jardins, cuisine, filage, corvées et milice saisonnière restent activités secondaires. chapitre régional ; profil territorial proposé Budget civil 11,00 % ; coefficient 0,000000 ; part de filière 0,000 %. Zéro proposé : Artisanat de base et réparation locale ; atelier spécialisé absent du scénario rural ordinaire. Apprentissage, atelier, combustible et outils ; titre noble ne remplace pas qualification.";0;0;0;0;0
Potier;Potier;0.12476252364902508;0.18472499637105502;407.97345233231204;A — activité attestée;"MJ128; SB200";"Contexte régional ; taille et fréquence locales proposées. Profil résidentiel rural/mixte ; jardins, cuisine, filage, corvées et milice saisonnière restent activités secondaires. chapitre régional ; profil territorial proposé Budget civil 11,00 % ; coefficient 2,500000 ; part de filière 1,741 %. Apprentissage, atelier, combustible et outils ; titre noble ne remplace pas qualification.";2.3183536614507822e-05;1.601170009772748e-05;0.004822612162449851;0.11696477476343253;0.0029359414864304624
Tuilier;Potier;0.049905009459610024;0.073889998548422;163.1893809329248;A — activité attestée;"MJ128; SB200";"Contexte régional ; taille et fréquence locales proposées. Profil résidentiel rural/mixte ; jardins, cuisine, filage, corvées et milice saisonnière restent activités secondaires. chapitre régional ; profil territorial proposé Budget civil 11,00 % ; coefficient 1,000000 ; part de filière 0,696 %. Apprentissage, atelier, combustible et outils ; titre noble ne remplace pas qualification.";9.273414645803128e-06;6.404680039090992e-06;0.0019290448649799397;0.046785909905373006;0.0011743765945721849
Porcelainier;Potier;0.049905009459610024;0.073889998548422;163.1893809329248;D — activité déduite;SB200;"Contexte régional ; taille et fréquence locales proposées. Profil résidentiel rural/mixte ; jardins, cuisine, filage, corvées et milice saisonnière restent activités secondaires. chapitre régional ; profil territorial proposé Budget civil 11,00 % ; coefficient 1,000000 ; part de filière 0,696 %. Apprentissage, atelier, combustible et outils ; titre noble ne remplace pas qualification.";9.273414645803128e-06;6.404680039090992e-06;0.0019290448649799397;0.046785909905373006;0.0011743765945721849
Souffleur de verre;Verrier;0;0;0.0;A — activité attestée;"MJ128; SB174";"Contexte régional ; taille et fréquence locales proposées. Profil résidentiel rural/mixte ; jardins, cuisine, filage, corvées et milice saisonnière restent activités secondaires. chapitre régional ; profil territorial proposé Budget civil 11,00 % ; coefficient 0,000000 ; part de filière 0,000 %. Zéro proposé : Artisanat de base et réparation locale ; atelier spécialisé absent du scénario rural ordinaire. Apprentissage, atelier, combustible et outils ; titre noble ne remplace pas qualification.";0;0;0;0;0
Vitrier;Verrier;0;0;0.0;A — activité attestée;"MJ128; SB174";"Contexte régional ; taille et fréquence locales proposées. Profil résidentiel rural/mixte ; jardins, cuisine, filage, corvées et milice saisonnière restent activités secondaires. chapitre régional ; profil territorial proposé Budget civil 11,00 % ; coefficient 0,000000 ; part de filière 0,000 %. Zéro proposé : Artisanat de base et réparation locale ; atelier spécialisé absent du scénario rural ordinaire. Apprentissage, atelier, combustible et outils ; titre noble ne remplace pas qualification.";0;0;0;0;0
Opticien et fabricant de lentilles;Verrier;0;0;0.0;D — activité déduite;SB174;"Contexte régional ; taille et fréquence locales proposées. Profil résidentiel rural/mixte ; jardins, cuisine, filage, corvées et milice saisonnière restent activités secondaires. chapitre régional ; profil territorial proposé Budget civil 11,00 % ; coefficient 0,000000 ; part de filière 0,000 %. Zéro proposé : Climat, matière ou culture hors filière régionale retenue ; aucun établissement exceptionnel proposé. Apprentissage, atelier, combustible et outils ; titre noble ne remplace pas qualification.";0;0;0;0;0
Papetier;Papetier et artisan du livre;0;0;0.0;A — activité attestée;SB138;"Contexte régional ; taille et fréquence locales proposées. Profil résidentiel rural/mixte ; jardins, cuisine, filage, corvées et milice saisonnière restent activités secondaires. chapitre régional ; profil territorial proposé Budget civil 11,00 % ; coefficient 0,000000 ; part de filière 0,000 %. Zéro proposé : Artisanat de base et réparation locale ; atelier spécialisé absent du scénario rural ordinaire. Apprentissage, atelier, combustible et outils ; titre noble ne remplace pas qualification.";0;0;0;0;0
Relieur;Papetier et artisan du livre;0;0;0.0;D — activité déduite;"SB138; MJ128";"Contexte régional ; taille et fréquence locales proposées. Profil résidentiel rural/mixte ; jardins, cuisine, filage, corvées et milice saisonnière restent activités secondaires. chapitre régional ; profil territorial proposé Budget civil 11,00 % ; coefficient 0,000000 ; part de filière 0,000 %. Zéro proposé : Artisanat de base et réparation locale ; atelier spécialisé absent du scénario rural ordinaire. Apprentissage, atelier, combustible et outils ; titre noble ne remplace pas qualification.";0;0;0;0;0
Chandelier;Chandelier;0.06238126182451254;0.09236249818552751;203.98672616615602;P — activité proposée;SB98;"Contexte régional ; taille et fréquence locales proposées. Profil résidentiel rural/mixte ; jardins, cuisine, filage, corvées et milice saisonnière restent activités secondaires. chapitre régional ; profil territorial proposé Budget civil 11,00 % ; coefficient 1,250000 ; part de filière 0,870 %. Apprentissage, atelier, combustible et outils ; titre noble ne remplace pas qualification.";1.1591768307253911e-05;8.00585004886374e-06;0.0024113060812249254;0.058482387381716266;0.0014679707432152312
Peintre;Peintre;0;0;0.0;A — activité attestée;"MJ128; SB190";"Contexte régional ; taille et fréquence locales proposées. Profil résidentiel rural/mixte ; jardins, cuisine, filage, corvées et milice saisonnière restent activités secondaires. chapitre régional ; profil territorial proposé Budget civil 11,00 % ; coefficient 0,000000 ; part de filière 0,000 %. Zéro proposé : Artisanat de base et réparation locale ; atelier spécialisé absent du scénario rural ordinaire. Apprentissage, atelier, combustible et outils ; titre noble ne remplace pas qualification.";0;0;0;0;0
Fabricant d’enseignes;Peintre;0;0;0.0;A — activité attestée;"MJ128; SB190";"Contexte régional ; taille et fréquence locales proposées. Profil résidentiel rural/mixte ; jardins, cuisine, filage, corvées et milice saisonnière restent activités secondaires. chapitre régional ; profil territorial proposé Budget civil 11,00 % ; coefficient 0,000000 ; part de filière 0,000 %. Zéro proposé : Artisanat de base et réparation locale ; atelier spécialisé absent du scénario rural ordinaire. Apprentissage, atelier, combustible et outils ; titre noble ne remplace pas qualification.";0;0;0;0;0
Enlumineur;Peintre;0;0;0.0;A — activité attestée;"MJ128; SB190";"Contexte régional ; taille et fréquence locales proposées. Profil résidentiel rural/mixte ; jardins, cuisine, filage, corvées et milice saisonnière restent activités secondaires. chapitre régional ; profil territorial proposé Budget civil 11,00 % ; coefficient 0,000000 ; part de filière 0,000 %. Zéro proposé : Artisanat de base et réparation locale ; atelier spécialisé absent du scénario rural ordinaire. Apprentissage, atelier, combustible et outils ; titre noble ne remplace pas qualification.";0;0;0;0;0
Peintre de guerre spirituel;Peintre;0;0;0.0;A — activité attestée;SB193;"Contexte régional ; taille et fréquence locales proposées. Profil résidentiel rural/mixte ; jardins, cuisine, filage, corvées et milice saisonnière restent activités secondaires. chapitre régional ; profil territorial proposé Initiation de la Red Mother ou apprentissage autorisé; recette complète non librement disponible Budget civil 11,00 % ; coefficient 0,000000 ; part de filière 0,000 %. Zéro proposé : Filière régionale non retenue dans ce scénario, sans interdiction universelle. Apprentissage, atelier, combustible et outils ; titre noble ne remplace pas qualification.";0;0;0;0;0
Tatoueur rituel;Peintre;0;0;0.0;D — activité déduite;"SB200; SB204";"Contexte régional ; taille et fréquence locales proposées. Profil résidentiel rural/mixte ; jardins, cuisine, filage, corvées et milice saisonnière restent activités secondaires. chapitre régional ; profil territorial proposé Budget civil 11,00 % ; coefficient 0,000000 ; part de filière 0,000 %. Zéro proposé : Filière régionale non retenue dans ce scénario, sans interdiction universelle. Apprentissage, atelier, combustible et outils ; titre noble ne remplace pas qualification.";0;0;0;0;0
Portefaix;Transporteur terrestre;0.18173994357535836;0.26908649677427515;594.2896154914218;D — activité déduite;"MJ132; SB121";"Contexte régional ; taille et fréquence locales proposées. Profil résidentiel rural/mixte ; jardins, cuisine, filage, corvées et milice saisonnière restent activités secondaires. chapitre régional ; profil territorial proposé Budget civil 3,00 % ; coefficient 6,000000 ; part de filière 9,299 %. Réseau, itinéraires, confiance et capital ; manutention distincte de propriété du fret.";0.00028217499541803294;0.0001948840453826111;0.005282794116888942;0.17083433989422928;0.005145750523439503
Docker;Transporteur terrestre;0;0;0.0;D — activité déduite;"MJ132; SB121";"Contexte régional ; taille et fréquence locales proposées. Profil résidentiel rural/mixte ; jardins, cuisine, filage, corvées et milice saisonnière restent activités secondaires. chapitre régional ; profil territorial proposé Budget civil 3,00 % ; coefficient 0,000000 ; part de filière 0,000 %. Zéro proposé : Petit réseau rural de transport et commerce ; aucun bureau financier/courtage spécialisé ajouté. Réseau, itinéraires, confiance et capital ; manutention distincte de propriété du fret.";0;0;0;0;0
Magasinier;Transporteur terrestre;0;0;0.0;D — activité déduite;"MJ132; SB121";"Contexte régional ; taille et fréquence locales proposées. Profil résidentiel rural/mixte ; jardins, cuisine, filage, corvées et milice saisonnière restent activités secondaires. chapitre régional ; profil territorial proposé Budget civil 3,00 % ; coefficient 0,000000 ; part de filière 0,000 %. Zéro proposé : Petit réseau rural de transport et commerce ; aucun bureau financier/courtage spécialisé ajouté. Réseau, itinéraires, confiance et capital ; manutention distincte de propriété du fret.";0;0;0;0;0
Charretier et cocher;Transporteur terrestre;0.1817399435753584;0.2690864967742752;594.289615491422;D — activité déduite;"MJ132; SB121";"Contexte régional ; taille et fréquence locales proposées. Profil résidentiel rural/mixte ; jardins, cuisine, filage, corvées et milice saisonnière restent activités secondaires. chapitre régional ; profil territorial proposé Budget civil 3,00 % ; coefficient 6,000000 ; part de filière 9,299 %. Réseau, itinéraires, confiance et capital ; manutention distincte de propriété du fret.";0.0005470135822991159;0.00037779470728706814;0.010241021285911709;0.16558643707392634;0.004987676925934148
Chef de caravane;Transporteur terrestre;0.1817399435753584;0.2690864967742752;594.289615491422;A — activité attestée;MJ132;"Contexte régional ; taille et fréquence locales proposées. Profil résidentiel rural/mixte ; jardins, cuisine, filage, corvées et milice saisonnière restent activités secondaires. chapitre régional ; profil territorial proposé Budget civil 3,00 % ; coefficient 6,000000 ; part de filière 9,299 %. Réseau, itinéraires, confiance et capital ; manutention distincte de propriété du fret.";0.0005470135822991159;0.00037779470728706814;0.010241021285911709;0.16558643707392634;0.004987676925934148
Coursier et messager;Transporteur terrestre;0.1817399435753584;0.2690864967742752;594.289615491422;D — activité déduite;"MJ132; SB121";"Contexte régional ; taille et fréquence locales proposées. Profil résidentiel rural/mixte ; jardins, cuisine, filage, corvées et milice saisonnière restent activités secondaires. chapitre régional ; profil territorial proposé Budget civil 3,00 % ; coefficient 6,000000 ; part de filière 9,299 %. Réseau, itinéraires, confiance et capital ; manutention distincte de propriété du fret.";0.0005470135822991159;0.00037779470728706814;0.010241021285911709;0.16558643707392634;0.004987676925934148
Porteur d’eau;Transporteur terrestre;0;0;0.0;P — activité proposée;"MJ132; SB121";"Contexte régional ; taille et fréquence locales proposées. Profil résidentiel rural/mixte ; jardins, cuisine, filage, corvées et milice saisonnière restent activités secondaires. chapitre régional ; profil territorial proposé Budget civil 3,00 % ; coefficient 0,000000 ; part de filière 0,000 %. Zéro proposé : Petit réseau rural de transport et commerce ; aucun bureau financier/courtage spécialisé ajouté. Réseau, itinéraires, confiance et capital ; manutention distincte de propriété du fret.";0;0;0;0;0
Transporteur de canopée;Transporteur terrestre;0;0;0.0;D — activité déduite;SB154;"Contexte régional ; taille et fréquence locales proposées. Profil résidentiel rural/mixte ; jardins, cuisine, filage, corvées et milice saisonnière restent activités secondaires. chapitre régional ; profil territorial proposé Budget civil 3,00 % ; coefficient 0,000000 ; part de filière 0,000 %. Zéro proposé : Filière régionale non retenue dans ce scénario, sans interdiction universelle. Réseau, itinéraires, confiance et capital ; manutention distincte de propriété du fret.";0;0;0;0;0
Opérateur de Stone Disks;Transporteur terrestre;0;0;0.0;A — activité attestée;PG13;"Contexte régional ; taille et fréquence locales proposées. Profil résidentiel rural/mixte ; jardins, cuisine, filage, corvées et milice saisonnière restent activités secondaires. chapitre régional ; profil territorial proposé Prêtre nain de Dorsi; Formation spécialisée Budget civil 3,00 % ; coefficient 0,000000 ; part de filière 0,000 %. Zéro proposé : Filière régionale non retenue dans ce scénario, sans interdiction universelle. Réseau, itinéraires, confiance et capital ; manutention distincte de propriété du fret.";0;0;0;0;0
Palefrenier et soigneur d’écurie;Transporteur terrestre;0.1817399435753584;0.2690864967742752;594.289615491422;D — activité déduite;SB123;"Contexte régional ; taille et fréquence locales proposées. Profil résidentiel rural/mixte ; jardins, cuisine, filage, corvées et milice saisonnière restent activités secondaires. chapitre régional ; profil territorial proposé Budget civil 3,00 % ; coefficient 6,000000 ; part de filière 9,299 %. Réseau, itinéraires, confiance et capital ; manutention distincte de propriété du fret.";0.0005470135822991159;0.00037779470728706814;0.010241021285911709;0.16558643707392634;0.004987676925934148
Marin;Marin;0.0113587464734599;0.0168179060483922;37.14310096821387;A — activité attestée;MJ136;"Contexte régional ; taille et fréquence locales proposées. Profil résidentiel rural/mixte ; jardins, cuisine, filage, corvées et milice saisonnière restent activités secondaires. chapitre régional ; profil territorial proposé Budget civil 3,00 % ; coefficient 0,375000 ; part de filière 0,581 %. Réseau, itinéraires, confiance et capital ; manutention distincte de propriété du fret.";3.418834889369474e-05;2.361216920544176e-05;0.0006400638303694818;0.010349152317120396;0.00031172980787088424
Navigateur;Marin;0.00454349858938396;0.006727162419356881;14.857240387285549;A — activité attestée;MJ136;"Contexte régional ; taille et fréquence locales proposées. Profil résidentiel rural/mixte ; jardins, cuisine, filage, corvées et milice saisonnière restent activités secondaires. chapitre régional ; profil territorial proposé Budget civil 3,00 % ; coefficient 0,150000 ; part de filière 0,232 %. Réseau, itinéraires, confiance et capital ; manutention distincte de propriété du fret.";1.3675339557477895e-05;9.444867682176702e-06;0.0002560255321477927;0.004139660926848159;0.00012469192314835367
Pilote de port;Marin;0;0;0.0;D — activité déduite;MJ136;"Contexte régional ; taille et fréquence locales proposées. Profil résidentiel rural/mixte ; jardins, cuisine, filage, corvées et milice saisonnière restent activités secondaires. chapitre régional ; profil territorial proposé Budget civil 3,00 % ; coefficient 0,000000 ; part de filière 0,000 %. Zéro proposé : Petit réseau rural de transport et commerce ; aucun bureau financier/courtage spécialisé ajouté. Réseau, itinéraires, confiance et capital ; manutention distincte de propriété du fret.";0;0;0;0;0
Capitaine de navire;Marin;0;0;0.0;A — activité attestée;MJ136;"Contexte régional ; taille et fréquence locales proposées. Profil résidentiel rural/mixte ; jardins, cuisine, filage, corvées et milice saisonnière restent activités secondaires. chapitre régional ; profil territorial proposé Budget civil 3,00 % ; coefficient 0,000000 ; part de filière 0,000 %. Zéro proposé : Petit réseau rural de transport et commerce ; aucun bureau financier/courtage spécialisé ajouté. Réseau, itinéraires, confiance et capital ; manutention distincte de propriété du fret.";0;0;0;0;0
Pilote de véhicule volant;Marin;0;0;0.0;D — activité déduite;"SB142; SB174";"Contexte régional ; taille et fréquence locales proposées. Profil résidentiel rural/mixte ; jardins, cuisine, filage, corvées et milice saisonnière restent activités secondaires. chapitre régional ; profil territorial proposé Budget civil 3,00 % ; coefficient 0,000000 ; part de filière 0,000 %. Zéro proposé : Climat, matière ou culture hors filière régionale retenue ; aucun établissement exceptionnel proposé. Réseau, itinéraires, confiance et capital ; manutention distincte de propriété du fret.";0;0;0;0;0
Aubergiste;Hôte professionnel;0.03375581421761659;0.04997929247081207;110.38151249160626;D — activité déduite;"SB110; SB123";"Contexte régional ; taille et fréquence locales proposées. Profil résidentiel rural/mixte ; jardins, cuisine, filage, corvées et milice saisonnière restent activités secondaires. chapitre régional ; profil territorial proposé Budget civil 1,00 % ; coefficient 3,000000 ; part de filière 5,181 %. Apprentissage et qualification variable ; soins avancés et thérapie magique exigent formation.";3.255298160287388e-06;5.620675863425874e-07;0.00013543266293873743;0.03284703472442259;0.0007695294645086348
Tavernier;Hôte professionnel;0.03375581421761659;0.04997929247081207;110.38151249160626;A — activité attestée;"SB108; SB149";"Contexte régional ; taille et fréquence locales proposées. Profil résidentiel rural/mixte ; jardins, cuisine, filage, corvées et milice saisonnière restent activités secondaires. chapitre régional ; profil territorial proposé Budget civil 1,00 % ; coefficient 3,000000 ; part de filière 5,181 %. Apprentissage et qualification variable ; soins avancés et thérapie magique exigent formation.";3.255298160287388e-06;5.620675863425874e-07;0.00013543266293873743;0.03284703472442259;0.0007695294645086348
Barbier;Barbier;0.08438953554404147;0.12494823117703015;275.9537812290156;P — activité proposée;"MJ135; PG40";"Contexte régional ; taille et fréquence locales proposées. Profil résidentiel rural/mixte ; jardins, cuisine, filage, corvées et milice saisonnière restent activités secondaires. chapitre régional ; profil territorial proposé Budget civil 1,00 % ; coefficient 7,500000 ; part de filière 12,953 %. Apprentissage et qualification variable ; soins avancés et thérapie magique exigent formation.";8.138245400718466e-06;1.4051689658564681e-06;0.00033858165734684337;0.08211758681105646;0.0019238236612715866
Domestique;Employé domestique et aide familiale;0.2250387614507772;0.333195283138747;735.8767499440414;A — activité attestée;"MJ135; PG40";"Contexte régional ; taille et fréquence locales proposées. Profil résidentiel rural/mixte ; jardins, cuisine, filage, corvées et milice saisonnière restent activités secondaires. chapitre régional ; profil territorial proposé Budget civil 1,00 % ; coefficient 20,000000 ; part de filière 34,542 %. Apprentissage et qualification variable ; soins avancés et thérapie magique exigent formation.";2.1701987735249248e-05;3.7471172422839125e-06;0.0009028844195915819;0.2189802314961505;0.005130196430057562
Gardien d’enfants;Employé domestique et aide familiale;0.1125193807253886;0.1665976415693735;367.9383749720207;A — activité attestée;PG40;"Contexte régional ; taille et fréquence locales proposées. Profil résidentiel rural/mixte ; jardins, cuisine, filage, corvées et milice saisonnière restent activités secondaires. chapitre régional ; profil territorial proposé Budget civil 1,00 % ; coefficient 10,000000 ; part de filière 17,271 %. Apprentissage et qualification variable ; soins avancés et thérapie magique exigent formation.";1.0850993867624624e-05;1.8735586211419562e-06;0.00045144220979579096;0.10949011574807525;0.002565098215028781
Terrassier d’hygiène urbaine;Agent d’entretien;0.02250387614507772;0.0333195283138747;73.58767499440414;P — activité proposée;SB90;"Contexte régional ; taille et fréquence locales proposées. Profil résidentiel rural/mixte ; jardins, cuisine, filage, corvées et milice saisonnière restent activités secondaires. chapitre régional ; profil territorial proposé Budget civil 1,00 % ; coefficient 2,000000 ; part de filière 3,454 %. Apprentissage et qualification variable ; soins avancés et thérapie magique exigent formation.";1.0873421474354095e-06;1.8774310254997695e-07;4.5237528269822764e-05;0.02194328354302637;0.0005140799885315389
Ramoneur;Agent d’entretien;0.022503876145077716;0.03331952831387469;73.58767499440414;P — activité proposée;SB90;"Contexte régional ; taille et fréquence locales proposées. Profil résidentiel rural/mixte ; jardins, cuisine, filage, corvées et milice saisonnière restent activités secondaires. chapitre régional ; profil territorial proposé Budget civil 1,00 % ; coefficient 2,000000 ; part de filière 3,454 %. Apprentissage et qualification variable ; soins avancés et thérapie magique exigent formation.";2.170198773524924e-06;3.7471172422839127e-07;9.028844195915822e-05;0.02189802314961505;0.0005130196430057561
Fossoyeur;Agent funéraire;0.006751162843523315;0.009995858494162409;22.076302498321244;A — activité attestée;"MJ135; SB99; SB182";"Contexte régional ; taille et fréquence locales proposées. Profil résidentiel rural/mixte ; jardins, cuisine, filage, corvées et milice saisonnière restent activités secondaires. chapitre régional ; profil territorial proposé Budget civil 1,00 % ; coefficient 0,600000 ; part de filière 1,036 %. Apprentissage et qualification variable ; soins avancés et thérapie magique exigent formation.";6.510596320574769e-07;1.1241351726851736e-07;2.708653258774746e-05;0.006569406944884515;0.00015390589290172676
Gardien de cimetière;Agent funéraire;0.006751162843523315;0.009995858494162409;22.076302498321244;A — activité attestée;"MJ135; SB99; SB182";"Contexte régional ; taille et fréquence locales proposées. Profil résidentiel rural/mixte ; jardins, cuisine, filage, corvées et milice saisonnière restent activités secondaires. chapitre régional ; profil territorial proposé Budget civil 1,00 % ; coefficient 0,600000 ; part de filière 1,036 %. Apprentissage et qualification variable ; soins avancés et thérapie magique exigent formation.";6.510596320574769e-07;1.1241351726851736e-07;2.708653258774746e-05;0.006569406944884515;0.00015390589290172676
Momificateur;Agent funéraire;0;0;0.0;A — activité attestée;SB182;"Contexte régional ; taille et fréquence locales proposées. Profil résidentiel rural/mixte ; jardins, cuisine, filage, corvées et milice saisonnière restent activités secondaires. chapitre régional ; profil territorial proposé Budget civil 1,00 % ; coefficient 0,000000 ; part de filière 0,000 %. Zéro proposé : Filière régionale non retenue dans ce scénario, sans interdiction universelle. Apprentissage et qualification variable ; soins avancés et thérapie magique exigent formation.";0;0;0;0;0
Gardien d’arbres funéraires;Agent funéraire;0;0;0.0;D — activité déduite;SB155;"Contexte régional ; taille et fréquence locales proposées. Profil résidentiel rural/mixte ; jardins, cuisine, filage, corvées et milice saisonnière restent activités secondaires. chapitre régional ; profil territorial proposé Budget civil 1,00 % ; coefficient 0,000000 ; part de filière 0,000 %. Zéro proposé : Filière régionale non retenue dans ce scénario, sans interdiction universelle. Apprentissage et qualification variable ; soins avancés et thérapie magique exigent formation.";0;0;0;0;0
Marchand;Marchand;0.6815247884075939;1.009074362903532;2228.586058092832;A — activité attestée;"MJ128; SB139";"Contexte régional ; taille et fréquence locales proposées. Profil résidentiel rural/mixte ; jardins, cuisine, filage, corvées et milice saisonnière restent activités secondaires. chapitre régional ; profil territorial proposé Budget civil 3,00 % ; coefficient 22,500000 ; part de filière 34,870 %. Réseau, itinéraires, confiance et capital ; manutention distincte de propriété du fret.";0.0020513009336216846;0.001416730152326505;0.038403829822168896;0.6209491390272237;0.018703788472253048
Colporteur;Marchand;0.2726099153630375;0.40362974516141265;891.4344232371327;A — activité attestée;SB121;"Contexte régional ; taille et fréquence locales proposées. Profil résidentiel rural/mixte ; jardins, cuisine, filage, corvées et milice saisonnière restent activités secondaires. chapitre régional ; profil territorial proposé Budget civil 3,00 % ; coefficient 9,000000 ; part de filière 13,948 %. Réseau, itinéraires, confiance et capital ; manutention distincte de propriété du fret.";0.000820520373448674;0.0005666920609306022;0.015361531928867559;0.24837965561088945;0.0074815153889012205
Courtier;Marchand;0;0;0.0;A — activité attestée;SB149;"Contexte régional ; taille et fréquence locales proposées. Profil résidentiel rural/mixte ; jardins, cuisine, filage, corvées et milice saisonnière restent activités secondaires. chapitre régional ; profil territorial proposé Budget civil 3,00 % ; coefficient 0,000000 ; part de filière 0,000 %. Zéro proposé : Petit réseau rural de transport et commerce ; aucun bureau financier/courtage spécialisé ajouté. Réseau, itinéraires, confiance et capital ; manutention distincte de propriété du fret.";0;0;0;0;0
Commissaire-priseur d’objets magiques;Marchand;0;0;0.0;A — activité attestée;SB139;"Contexte régional ; taille et fréquence locales proposées. Profil résidentiel rural/mixte ; jardins, cuisine, filage, corvées et milice saisonnière restent activités secondaires. chapitre régional ; profil territorial proposé Budget civil 3,00 % ; coefficient 0,000000 ; part de filière 0,000 %. Zéro proposé : Filière régionale non retenue dans ce scénario, sans interdiction universelle. Réseau, itinéraires, confiance et capital ; manutention distincte de propriété du fret.";0;0;0;0;0
Comptable;Professionnel de finance;0.07572497648973266;0.112119373655948;247.6206731214258;D — activité déduite;"SB212; SB213";"Contexte régional ; taille et fréquence locales proposées. Profil résidentiel rural/mixte ; jardins, cuisine, filage, corvées et milice saisonnière restent activités secondaires. chapitre régional ; profil territorial proposé Budget civil 3,00 % ; coefficient 2,500000 ; part de filière 3,874 %. Réseau, itinéraires, confiance et capital ; manutention distincte de propriété du fret.";0.00022792232595796494;0.00015741446136961174;0.004267092202463212;0.06899434878080264;0.0020781987191392285
Banquier et employé de banque;Professionnel de finance;0;0;0.0;A — activité attestée;"SB212; SB213";"Contexte régional ; taille et fréquence locales proposées. Profil résidentiel rural/mixte ; jardins, cuisine, filage, corvées et milice saisonnière restent activités secondaires. chapitre régional ; profil territorial proposé Budget civil 3,00 % ; coefficient 0,000000 ; part de filière 0,000 %. Zéro proposé : Petit réseau rural de transport et commerce ; aucun bureau financier/courtage spécialisé ajouté. Réseau, itinéraires, confiance et capital ; manutention distincte de propriété du fret.";0;0;0;0;0
Usurier et prêteur sur gages;Professionnel de finance;0;0;0.0;D — activité déduite;"SB212; SB213";"Contexte régional ; taille et fréquence locales proposées. Profil résidentiel rural/mixte ; jardins, cuisine, filage, corvées et milice saisonnière restent activités secondaires. chapitre régional ; profil territorial proposé Budget civil 3,00 % ; coefficient 0,000000 ; part de filière 0,000 %. Zéro proposé : Petit réseau rural de transport et commerce ; aucun bureau financier/courtage spécialisé ajouté. Réseau, itinéraires, confiance et capital ; manutention distincte de propriété du fret.";0;0;0;0;0
Changeur;Professionnel de finance;0;0;0.0;D — activité déduite;"SB212; SB213";"Contexte régional ; taille et fréquence locales proposées. Profil résidentiel rural/mixte ; jardins, cuisine, filage, corvées et milice saisonnière restent activités secondaires. chapitre régional ; profil territorial proposé Budget civil 3,00 % ; coefficient 0,000000 ; part de filière 0,000 %. Zéro proposé : Petit réseau rural de transport et commerce ; aucun bureau financier/courtage spécialisé ajouté. Réseau, itinéraires, confiance et capital ; manutention distincte de propriété du fret.";0;0;0;0;0
Assureur;Professionnel de finance;0;0;0.0;D — activité déduite;"SB212; SB213";"Contexte régional ; taille et fréquence locales proposées. Profil résidentiel rural/mixte ; jardins, cuisine, filage, corvées et milice saisonnière restent activités secondaires. chapitre régional ; profil territorial proposé Budget civil 3,00 % ; coefficient 0,000000 ; part de filière 0,000 %. Zéro proposé : Petit réseau rural de transport et commerce ; aucun bureau financier/courtage spécialisé ajouté. Réseau, itinéraires, confiance et capital ; manutention distincte de propriété du fret.";0;0;0;0;0
Estimateur;Professionnel de finance;0;0;0.0;A — activité attestée;"SB212; SB213";"Contexte régional ; taille et fréquence locales proposées. Profil résidentiel rural/mixte ; jardins, cuisine, filage, corvées et milice saisonnière restent activités secondaires. chapitre régional ; profil territorial proposé Budget civil 3,00 % ; coefficient 0,000000 ; part de filière 0,000 %. Zéro proposé : Petit réseau rural de transport et commerce ; aucun bureau financier/courtage spécialisé ajouté. Réseau, itinéraires, confiance et capital ; manutention distincte de propriété du fret.";0;0;0;0;0
Négociateur;Professionnel de finance;0;0;0.0;A — activité attestée;"SB212; SB213";"Contexte régional ; taille et fréquence locales proposées. Profil résidentiel rural/mixte ; jardins, cuisine, filage, corvées et milice saisonnière restent activités secondaires. chapitre régional ; profil territorial proposé Budget civil 3,00 % ; coefficient 0,000000 ; part de filière 0,000 %. Zéro proposé : Petit réseau rural de transport et commerce ; aucun bureau financier/courtage spécialisé ajouté. Réseau, itinéraires, confiance et capital ; manutention distincte de propriété du fret.";0;0;0;0;0
Scribe;Scribe et auteur;0.09006735682949311;0.13335488636221285;294.5202568324425;A — activité attestée;"MJ128; SB32";"Contexte régional ; taille et fréquence locales proposées. Profil résidentiel rural/mixte ; jardins, cuisine, filage, corvées et milice saisonnière restent activités secondaires. chapitre régional ; profil territorial proposé Budget civil 1,50 % ; coefficient 2,000000 ; part de filière 9,217 %. Instruction, autorisation ou initiation ; clergé, caste et office ne rendent pas noble.";0.0021697794693682155;0.0003746393261672305;0.005077743599651477;0.0821017208701533;0.00034347356415288956
Calligraphe;Scribe et auteur;0;0;0.0;A — activité attestée;"MJ128; SB32";"Contexte régional ; taille et fréquence locales proposées. Profil résidentiel rural/mixte ; jardins, cuisine, filage, corvées et milice saisonnière restent activités secondaires. chapitre régional ; profil territorial proposé Budget civil 1,50 % ; coefficient 0,000000 ; part de filière 0,000 %. Zéro proposé : Fonction spécialisée concentrée dans les villes/institutions ; instruction et rites ruraux courants conservés. Instruction, autorisation ou initiation ; clergé, caste et office ne rendent pas noble.";0;0;0;0;0
Écrivain;Scribe et auteur;0;0;0.0;A — activité attestée;"MJ128; SB32";"Contexte régional ; taille et fréquence locales proposées. Profil résidentiel rural/mixte ; jardins, cuisine, filage, corvées et milice saisonnière restent activités secondaires. chapitre régional ; profil territorial proposé Budget civil 0,25 % ; coefficient 0,000000 ; part de filière 0,000 %. Zéro proposé : Spécialité avancée non installée dans le profil rural ordinaire : apprentissage, matériel et clientèle insuffisamment établis. Long apprentissage, frais, bourses, talent, licence ou secret ; titre ne donne pas maîtrise.";0;0;0;0;0
Journaliste et rédacteur;Scribe et auteur;0;0;0.0;A — activité attestée;CC9;"Contexte régional ; taille et fréquence locales proposées. Profil résidentiel rural/mixte ; jardins, cuisine, filage, corvées et milice saisonnière restent activités secondaires. chapitre régional ; profil territorial proposé Budget civil 0,25 % ; coefficient 0,000000 ; part de filière 0,000 %. Zéro proposé : Spécialité avancée non installée dans le profil rural ordinaire : apprentissage, matériel et clientèle insuffisamment établis. Long apprentissage, frais, bourses, talent, licence ou secret ; titre ne donne pas maîtrise.";0;0;0;0;0
Traducteur;Scribe et auteur;0;0;0.0;D — activité déduite;SB198;"Contexte régional ; taille et fréquence locales proposées. Profil résidentiel rural/mixte ; jardins, cuisine, filage, corvées et milice saisonnière restent activités secondaires. chapitre régional ; profil territorial proposé Budget civil 1,50 % ; coefficient 0,000000 ; part de filière 0,000 %. Zéro proposé : Fonction spécialisée concentrée dans les villes/institutions ; instruction et rites ruraux courants conservés. Instruction, autorisation ou initiation ; clergé, caste et office ne rendent pas noble.";0;0;0;0;0
Bibliothécaire;Érudit;0;0;0.0;A — activité attestée;MJ138;"Contexte régional ; taille et fréquence locales proposées. Profil résidentiel rural/mixte ; jardins, cuisine, filage, corvées et milice saisonnière restent activités secondaires. chapitre régional ; profil territorial proposé Budget civil 1,50 % ; coefficient 0,000000 ; part de filière 0,000 %. Zéro proposé : Fonction spécialisée concentrée dans les villes/institutions ; instruction et rites ruraux courants conservés. Instruction, autorisation ou initiation ; clergé, caste et office ne rendent pas noble.";0;0;0;0;0
Conservateur de musée;Érudit;0;0;0.0;A — activité attestée;PG48;"Contexte régional ; taille et fréquence locales proposées. Profil résidentiel rural/mixte ; jardins, cuisine, filage, corvées et milice saisonnière restent activités secondaires. chapitre régional ; profil territorial proposé Budget civil 1,50 % ; coefficient 0,000000 ; part de filière 0,000 %. Zéro proposé : Fonction spécialisée concentrée dans les villes/institutions ; instruction et rites ruraux courants conservés. Instruction, autorisation ou initiation ; clergé, caste et office ne rendent pas noble.";0;0;0;0;0
Historien;Érudit;0;0;0.0;A — activité attestée;PG46;"Contexte régional ; taille et fréquence locales proposées. Profil résidentiel rural/mixte ; jardins, cuisine, filage, corvées et milice saisonnière restent activités secondaires. chapitre régional ; profil territorial proposé Budget civil 0,25 % ; coefficient 0,000000 ; part de filière 0,000 %. Zéro proposé : Spécialité avancée non installée dans le profil rural ordinaire : apprentissage, matériel et clientèle insuffisamment établis. Long apprentissage, frais, bourses, talent, licence ou secret ; titre ne donne pas maîtrise.";0;0;0;0;0
Astronome;Érudit;0;0;0.0;A — activité attestée;MJ138;"Contexte régional ; taille et fréquence locales proposées. Profil résidentiel rural/mixte ; jardins, cuisine, filage, corvées et milice saisonnière restent activités secondaires. chapitre régional ; profil territorial proposé Budget civil 0,25 % ; coefficient 0,000000 ; part de filière 0,000 %. Zéro proposé : Spécialité avancée non installée dans le profil rural ordinaire : apprentissage, matériel et clientèle insuffisamment établis. Long apprentissage, frais, bourses, talent, licence ou secret ; titre ne donne pas maîtrise.";0;0;0;0;0
Chercheur non arcanique;Érudit;0;0;0.0;A — activité attestée;"MJ138; PG46";"Contexte régional ; taille et fréquence locales proposées. Profil résidentiel rural/mixte ; jardins, cuisine, filage, corvées et milice saisonnière restent activités secondaires. chapitre régional ; profil territorial proposé Budget civil 0,25 % ; coefficient 0,000000 ; part de filière 0,000 %. Zéro proposé : Spécialité avancée non installée dans le profil rural ordinaire : apprentissage, matériel et clientèle insuffisamment établis. Long apprentissage, frais, bourses, talent, licence ou secret ; titre ne donne pas maîtrise.";0;0;0;0;0
Mathématicien;Érudit;0;0;0.0;A — activité attestée;SB174;"Contexte régional ; taille et fréquence locales proposées. Profil résidentiel rural/mixte ; jardins, cuisine, filage, corvées et milice saisonnière restent activités secondaires. chapitre régional ; profil territorial proposé Budget civil 0,25 % ; coefficient 0,000000 ; part de filière 0,000 %. Zéro proposé : Spécialité avancée non installée dans le profil rural ordinaire : apprentissage, matériel et clientèle insuffisamment établis. Long apprentissage, frais, bourses, talent, licence ou secret ; titre ne donne pas maîtrise.";0;0;0;0;0
Philosophe;Érudit;0;0;0.0;A — activité attestée;SB178;"Contexte régional ; taille et fréquence locales proposées. Profil résidentiel rural/mixte ; jardins, cuisine, filage, corvées et milice saisonnière restent activités secondaires. chapitre régional ; profil territorial proposé Budget civil 0,25 % ; coefficient 0,000000 ; part de filière 0,000 %. Zéro proposé : Spécialité avancée non installée dans le profil rural ordinaire : apprentissage, matériel et clientèle insuffisamment établis. Long apprentissage, frais, bourses, talent, licence ou secret ; titre ne donne pas maîtrise.";0;0;0;0;0
Archéologue;Érudit;0;0;0.0;D — activité déduite;PG48;"Contexte régional ; taille et fréquence locales proposées. Profil résidentiel rural/mixte ; jardins, cuisine, filage, corvées et milice saisonnière restent activités secondaires. chapitre régional ; profil territorial proposé Budget civil 0,25 % ; coefficient 0,000000 ; part de filière 0,000 %. Zéro proposé : Spécialité avancée non installée dans le profil rural ordinaire : apprentissage, matériel et clientèle insuffisamment établis. Long apprentissage, frais, bourses, talent, licence ou secret ; titre ne donne pas maîtrise.";0;0;0;0;0
Professeur;Enseignant;0.07655725330506913;0.11335165340788089;250.34221830757605;A — activité attestée;"MJ138; SB141";"Contexte régional ; taille et fréquence locales proposées. Profil résidentiel rural/mixte ; jardins, cuisine, filage, corvées et milice saisonnière restent activités secondaires. chapitre régional ; profil territorial proposé Budget civil 1,50 % ; coefficient 1,700000 ; part de filière 7,834 %. Instruction, autorisation ou initiation ; clergé, caste et office ne rendent pas noble.";0.001844312548962982;0.00031844342724214576;0.00431608205970375;0.0697864627396303;0.000291952529529956
Enseignant de magie arcanique;Enseignant;0;0;0.0;A — activité attestée;SB141;"Contexte régional ; taille et fréquence locales proposées. Profil résidentiel rural/mixte ; jardins, cuisine, filage, corvées et milice saisonnière restent activités secondaires. chapitre régional ; profil territorial proposé Budget civil 0,25 % ; coefficient 0,000000 ; part de filière 0,000 %. Zéro proposé : Spécialité avancée non installée dans le profil rural ordinaire : apprentissage, matériel et clientèle insuffisamment établis. Long apprentissage, frais, bourses, talent, licence ou secret ; titre ne donne pas maîtrise.";0;0;0;0;0
Instructeur martial;Enseignant;0;0;0.0;A — activité attestée;SB94;"Contexte régional ; taille et fréquence locales proposées. Profil résidentiel rural/mixte ; jardins, cuisine, filage, corvées et milice saisonnière restent activités secondaires. chapitre régional ; profil territorial proposé Budget civil 1,50 % ; coefficient 0,000000 ; part de filière 0,000 %. Zéro proposé : Technique de site, institution, secret ou habilitation concentrée dans les implantations autorisées du scénario. Instruction, autorisation ou initiation ; clergé, caste et office ne rendent pas noble.";0;0;0;0;0
Formateur de tir à l’arc;Enseignant;0;0;0.0;A — activité attestée;SB155;"Contexte régional ; taille et fréquence locales proposées. Profil résidentiel rural/mixte ; jardins, cuisine, filage, corvées et milice saisonnière restent activités secondaires. chapitre régional ; profil territorial proposé Budget civil 1,50 % ; coefficient 0,000000 ; part de filière 0,000 %. Zéro proposé : Technique de site, institution, secret ou habilitation concentrée dans les implantations autorisées du scénario. Instruction, autorisation ou initiation ; clergé, caste et office ne rendent pas noble.";0;0;0;0;0
Ingénieur;Ingénieur;0;0;0.0;A — activité attestée;SB174;"Contexte régional ; taille et fréquence locales proposées. Profil résidentiel rural/mixte ; jardins, cuisine, filage, corvées et milice saisonnière restent activités secondaires. chapitre régional ; profil territorial proposé Budget civil 0,25 % ; coefficient 0,000000 ; part de filière 0,000 %. Zéro proposé : Spécialité avancée non installée dans le profil rural ordinaire : apprentissage, matériel et clientèle insuffisamment établis. Long apprentissage, frais, bourses, talent, licence ou secret ; titre ne donne pas maîtrise.";0;0;0;0;0
Inventeur;Ingénieur;0;0;0.0;A — activité attestée;SB178;"Contexte régional ; taille et fréquence locales proposées. Profil résidentiel rural/mixte ; jardins, cuisine, filage, corvées et milice saisonnière restent activités secondaires. chapitre régional ; profil territorial proposé Budget civil 0,25 % ; coefficient 0,000000 ; part de filière 0,000 %. Zéro proposé : Spécialité avancée non installée dans le profil rural ordinaire : apprentissage, matériel et clientèle insuffisamment établis. Long apprentissage, frais, bourses, talent, licence ou secret ; titre ne donne pas maîtrise.";0;0;0;0;0
Ingénieur mystique;Ingénieur;0;0;0.0;A — activité attestée;SB174;"Contexte régional ; taille et fréquence locales proposées. Profil résidentiel rural/mixte ; jardins, cuisine, filage, corvées et milice saisonnière restent activités secondaires. chapitre régional ; profil territorial proposé Budget civil 0,25 % ; coefficient 0,000000 ; part de filière 0,000 %. Zéro proposé : Spécialité avancée non installée dans le profil rural ordinaire : apprentissage, matériel et clientèle insuffisamment établis. Long apprentissage, frais, bourses, talent, licence ou secret ; titre ne donne pas maîtrise.";0;0;0;0;0
Créateur et mainteneur de golems;Ingénieur;0;0;0.0;D — activité déduite;SB174;"Contexte régional ; taille et fréquence locales proposées. Profil résidentiel rural/mixte ; jardins, cuisine, filage, corvées et milice saisonnière restent activités secondaires. chapitre régional ; profil territorial proposé Budget civil 0,25 % ; coefficient 0,000000 ; part de filière 0,000 %. Zéro proposé : Spécialité avancée non installée dans le profil rural ordinaire : apprentissage, matériel et clientèle insuffisamment établis. Long apprentissage, frais, bourses, talent, licence ou secret ; titre ne donne pas maîtrise.";0;0;0;0;0
Chercheur en golems;Ingénieur;0;0;0.0;A — activité attestée;SB178;"Contexte régional ; taille et fréquence locales proposées. Profil résidentiel rural/mixte ; jardins, cuisine, filage, corvées et milice saisonnière restent activités secondaires. chapitre régional ; profil territorial proposé Budget civil 0,25 % ; coefficient 0,000000 ; part de filière 0,000 %. Zéro proposé : Spécialité avancée non installée dans le profil rural ordinaire : apprentissage, matériel et clientèle insuffisamment établis. Long apprentissage, frais, bourses, talent, licence ou secret ; titre ne donne pas maîtrise.";0;0;0;0;0
Ingénieur de réacteurs de bauronite;Ingénieur;0;0;0.0;D — activité déduite;SB174;"Contexte régional ; taille et fréquence locales proposées. Profil résidentiel rural/mixte ; jardins, cuisine, filage, corvées et milice saisonnière restent activités secondaires. chapitre régional ; profil territorial proposé Accès aux secrets des réacteurs; savoir détenu par un petit nombre Budget civil 0,25 % ; coefficient 0,000000 ; part de filière 0,000 %. Zéro proposé : Filière régionale non retenue dans ce scénario, sans interdiction universelle. Long apprentissage, frais, bourses, talent, licence ou secret ; titre ne donne pas maîtrise.";0;0;0;0;0
Technicien de communication runique;Ingénieur;0;0;0.0;D — activité déduite;SB174;"Contexte régional ; taille et fréquence locales proposées. Profil résidentiel rural/mixte ; jardins, cuisine, filage, corvées et milice saisonnière restent activités secondaires. chapitre régional ; profil territorial proposé Budget civil 0,25 % ; coefficient 0,000000 ; part de filière 0,000 %. Zéro proposé : Filière régionale non retenue dans ce scénario, sans interdiction universelle. Long apprentissage, frais, bourses, talent, licence ou secret ; titre ne donne pas maîtrise.";0;0;0;0;0
Chercheur en magie;Praticien des services arcaniques;0;0;0.0;A — activité attestée;"SB138; SB139";"Contexte régional ; taille et fréquence locales proposées. Profil résidentiel rural/mixte ; jardins, cuisine, filage, corvées et milice saisonnière restent activités secondaires. chapitre régional ; profil territorial proposé Budget civil 0,25 % ; coefficient 0,000000 ; part de filière 0,000 %. Zéro proposé : Spécialité avancée non installée dans le profil rural ordinaire : apprentissage, matériel et clientèle insuffisamment établis. Long apprentissage, frais, bourses, talent, licence ou secret ; titre ne donne pas maîtrise.";0;0;0;0;0
Fabricant d’objets magiques;Praticien des services arcaniques;0;0;0.0;A — activité attestée;SB138;"Contexte régional ; taille et fréquence locales proposées. Profil résidentiel rural/mixte ; jardins, cuisine, filage, corvées et milice saisonnière restent activités secondaires. chapitre régional ; profil territorial proposé Budget civil 0,25 % ; coefficient 0,000000 ; part de filière 0,000 %. Zéro proposé : Spécialité avancée non installée dans le profil rural ordinaire : apprentissage, matériel et clientèle insuffisamment établis. Long apprentissage, frais, bourses, talent, licence ou secret ; titre ne donne pas maîtrise.";0;0;0;0;0
Fabricant de parchemins magiques;Praticien des services arcaniques;0;0;0.0;A — activité attestée;SB138;"Contexte régional ; taille et fréquence locales proposées. Profil résidentiel rural/mixte ; jardins, cuisine, filage, corvées et milice saisonnière restent activités secondaires. chapitre régional ; profil territorial proposé Budget civil 0,25 % ; coefficient 0,000000 ; part de filière 0,000 %. Zéro proposé : Spécialité avancée non installée dans le profil rural ordinaire : apprentissage, matériel et clientèle insuffisamment établis. Long apprentissage, frais, bourses, talent, licence ou secret ; titre ne donne pas maîtrise.";0;0;0;0;0
Nécromancien de service;Praticien des services arcaniques;0;0;0.0;D — activité déduite;"SB108; SB170";"Contexte régional ; taille et fréquence locales proposées. Profil résidentiel rural/mixte ; jardins, cuisine, filage, corvées et milice saisonnière restent activités secondaires. chapitre régional ; profil territorial proposé Budget civil 0,25 % ; coefficient 0,000000 ; part de filière 0,000 %. Zéro proposé : Spécialité avancée non installée dans le profil rural ordinaire : apprentissage, matériel et clientèle insuffisamment établis. Long apprentissage, frais, bourses, talent, licence ou secret ; titre ne donne pas maîtrise.";0;0;0;0;0
Illusionniste de service;Praticien des services arcaniques;0;0;0.0;D — activité déduite;"SB107; SB142";"Contexte régional ; taille et fréquence locales proposées. Profil résidentiel rural/mixte ; jardins, cuisine, filage, corvées et milice saisonnière restent activités secondaires. chapitre régional ; profil territorial proposé Budget civil 0,25 % ; coefficient 0,000000 ; part de filière 0,000 %. Zéro proposé : Spécialité avancée non installée dans le profil rural ordinaire : apprentissage, matériel et clientèle insuffisamment établis. Long apprentissage, frais, bourses, talent, licence ou secret ; titre ne donne pas maîtrise.";0;0;0;0;0
Chercheur en aethermancy;Praticien des services arcaniques;0;0;0.0;A — activité attestée;SB140;"Contexte régional ; taille et fréquence locales proposées. Profil résidentiel rural/mixte ; jardins, cuisine, filage, corvées et milice saisonnière restent activités secondaires. chapitre régional ; profil territorial proposé Budget civil 0,25 % ; coefficient 0,000000 ; part de filière 0,000 %. Zéro proposé : Filière régionale non retenue dans ce scénario, sans interdiction universelle. Long apprentissage, frais, bourses, talent, licence ou secret ; titre ne donne pas maîtrise.";0;0;0;0;0
Chercheur en biomancy;Praticien des services arcaniques;0;0;0.0;A — activité attestée;SB140;"Contexte régional ; taille et fréquence locales proposées. Profil résidentiel rural/mixte ; jardins, cuisine, filage, corvées et milice saisonnière restent activités secondaires. chapitre régional ; profil territorial proposé Budget civil 0,25 % ; coefficient 0,000000 ; part de filière 0,000 %. Zéro proposé : Filière régionale non retenue dans ce scénario, sans interdiction universelle. Long apprentissage, frais, bourses, talent, licence ou secret ; titre ne donne pas maîtrise.";0;0;0;0;0
Désenchanteur et récupérateur arcanique;Praticien des services arcaniques;0;0;0.0;A — activité attestée;SB139;"Contexte régional ; taille et fréquence locales proposées. Profil résidentiel rural/mixte ; jardins, cuisine, filage, corvées et milice saisonnière restent activités secondaires. chapitre régional ; profil territorial proposé Budget civil 0,25 % ; coefficient 0,000000 ; part de filière 0,000 %. Zéro proposé : Filière régionale non retenue dans ce scénario, sans interdiction universelle. Long apprentissage, frais, bourses, talent, licence ou secret ; titre ne donne pas maîtrise.";0;0;0;0;0
Extracteur de mémoire;Praticien des services arcaniques;0;0;0.0;A — activité attestée;SB140;"Contexte régional ; taille et fréquence locales proposées. Profil résidentiel rural/mixte ; jardins, cuisine, filage, corvées et milice saisonnière restent activités secondaires. chapitre régional ; profil territorial proposé Budget civil 0,25 % ; coefficient 0,000000 ; part de filière 0,000 %. Zéro proposé : Filière régionale non retenue dans ce scénario, sans interdiction universelle. Long apprentissage, frais, bourses, talent, licence ou secret ; titre ne donne pas maîtrise.";0;0;0;0;0
Certificateur et inspecteur arcanique;Praticien des services arcaniques;0;0;0.0;A — activité attestée;SB139;"Contexte régional ; taille et fréquence locales proposées. Profil résidentiel rural/mixte ; jardins, cuisine, filage, corvées et milice saisonnière restent activités secondaires. chapitre régional ; profil territorial proposé Budget civil 0,25 % ; coefficient 0,000000 ; part de filière 0,000 %. Zéro proposé : Filière régionale non retenue dans ce scénario, sans interdiction universelle. Long apprentissage, frais, bourses, talent, licence ou secret ; titre ne donne pas maîtrise.";0;0;0;0;0
Opérateur de transport magique;Praticien des services arcaniques;0;0;0.0;D — activité déduite;SB142;"Contexte régional ; taille et fréquence locales proposées. Profil résidentiel rural/mixte ; jardins, cuisine, filage, corvées et milice saisonnière restent activités secondaires. chapitre régional ; profil territorial proposé Budget civil 0,25 % ; coefficient 0,000000 ; part de filière 0,000 %. Zéro proposé : Spécialité avancée non installée dans le profil rural ordinaire : apprentissage, matériel et clientèle insuffisamment établis. Long apprentissage, frais, bourses, talent, licence ou secret ; titre ne donne pas maîtrise.";0;0;0;0;0
Restaurateur de runes de tunnels;Praticien des services arcaniques;0;0;0.0;A — activité attestée;SB161;"Contexte régional ; taille et fréquence locales proposées. Profil résidentiel rural/mixte ; jardins, cuisine, filage, corvées et milice saisonnière restent activités secondaires. chapitre régional ; profil territorial proposé Budget civil 0,25 % ; coefficient 0,000000 ; part de filière 0,000 %. Zéro proposé : Filière régionale non retenue dans ce scénario, sans interdiction universelle. Long apprentissage, frais, bourses, talent, licence ou secret ; titre ne donne pas maîtrise.";0;0;0;0;0
Artificier psychique;Praticien des services arcaniques;0;0;0.0;A — activité attestée;PG8;"Contexte régional ; taille et fréquence locales proposées. Profil résidentiel rural/mixte ; jardins, cuisine, filage, corvées et milice saisonnière restent activités secondaires. chapitre régional ; profil territorial proposé Budget civil 0,25 % ; coefficient 0,000000 ; part de filière 0,000 %. Zéro proposé : Filière régionale non retenue dans ce scénario, sans interdiction universelle. Long apprentissage, frais, bourses, talent, licence ou secret ; titre ne donne pas maîtrise.";0;0;0;0;0
Guérisseur;Soigneur;0.01912829472331606;0.02832159906679349;62.54952374524351;A — activité attestée;"MJ141; PG36";"Contexte régional ; taille et fréquence locales proposées. Profil résidentiel rural/mixte ; jardins, cuisine, filage, corvées et milice saisonnière restent activités secondaires. chapitre régional ; profil territorial proposé Budget civil 1,00 % ; coefficient 1,700000 ; part de filière 2,936 %. Apprentissage et qualification variable ; soins avancés et thérapie magique exigent formation.";1.8446689574961854e-06;3.185049655941324e-07;7.674517566528447e-05;0.018613319677172793;0.0004360666965548928
Chirurgien;Soigneur;0;0;0.0;P — activité proposée;"MJ141; PG36";"Contexte régional ; taille et fréquence locales proposées. Profil résidentiel rural/mixte ; jardins, cuisine, filage, corvées et milice saisonnière restent activités secondaires. chapitre régional ; profil territorial proposé Budget civil 1,00 % ; coefficient 0,000000 ; part de filière 0,000 %. Zéro proposé : Expert de site raréfié dans les villages ; aucune implantation spécifique définie. Apprentissage et qualification variable ; soins avancés et thérapie magique exigent formation.";0;0;0;0;0
Praticien de psychosurgery;Soigneur;0;0;0.0;D — activité déduite;SB94;"Contexte régional ; taille et fréquence locales proposées. Profil résidentiel rural/mixte ; jardins, cuisine, filage, corvées et milice saisonnière restent activités secondaires. chapitre régional ; profil territorial proposé Budget civil 1,00 % ; coefficient 0,000000 ; part de filière 0,000 %. Zéro proposé : Filière régionale non retenue dans ce scénario, sans interdiction universelle. Apprentissage et qualification variable ; soins avancés et thérapie magique exigent formation.";0;0;0;0;0
Opérateur de thérapie onirique;Soigneur;0;0;0.0;D — activité déduite;"SB141; SB228";"Contexte régional ; taille et fréquence locales proposées. Profil résidentiel rural/mixte ; jardins, cuisine, filage, corvées et milice saisonnière restent activités secondaires. chapitre régional ; profil territorial proposé Budget civil 1,00 % ; coefficient 0,000000 ; part de filière 0,000 %. Zéro proposé : Technique de site, institution, secret ou habilitation concentrée dans les implantations autorisées du scénario. Apprentissage et qualification variable ; soins avancés et thérapie magique exigent formation.";0;0;0;0;0
Prêtre et officiant;Officiant religieux;0.09006735682949311;0.13335488636221285;294.5202568324425;A — activité attestée;"MJ127; SB182";"Contexte régional ; taille et fréquence locales proposées. Profil résidentiel rural/mixte ; jardins, cuisine, filage, corvées et milice saisonnière restent activités secondaires. chapitre régional ; profil territorial proposé Budget civil 1,50 % ; coefficient 2,000000 ; part de filière 9,217 %. Instruction, autorisation ou initiation ; clergé, caste et office ne rendent pas noble.";0.0021697794693682155;0.0003746393261672305;0.005077743599651477;0.0821017208701533;0.00034347356415288956
Acolyte;Officiant religieux;0.09006735682949311;0.13335488636221285;294.5202568324425;A — activité attestée;"MJ127; SB182";"Contexte régional ; taille et fréquence locales proposées. Profil résidentiel rural/mixte ; jardins, cuisine, filage, corvées et milice saisonnière restent activités secondaires. chapitre régional ; profil territorial proposé Budget civil 1,50 % ; coefficient 2,000000 ; part de filière 9,217 %. Instruction, autorisation ou initiation ; clergé, caste et office ne rendent pas noble.";0.0021697794693682155;0.0003746393261672305;0.005077743599651477;0.0821017208701533;0.00034347356415288956
Shaman;Officiant religieux;0.09006735682949311;0.13335488636221285;294.5202568324425;A — activité attestée;"SB129; SB191";"Contexte régional ; taille et fréquence locales proposées. Profil résidentiel rural/mixte ; jardins, cuisine, filage, corvées et milice saisonnière restent activités secondaires. chapitre régional ; profil territorial proposé Budget civil 1,50 % ; coefficient 2,000000 ; part de filière 9,217 %. Instruction, autorisation ou initiation ; clergé, caste et office ne rendent pas noble.";0.0021697794693682155;0.0003746393261672305;0.005077743599651477;0.0821017208701533;0.00034347356415288956
Sugenja;Officiant religieux;0;0;0.0;A — activité attestée;SB198;"Contexte régional ; taille et fréquence locales proposées. Profil résidentiel rural/mixte ; jardins, cuisine, filage, corvées et milice saisonnière restent activités secondaires. chapitre régional ; profil territorial proposé Budget civil 1,50 % ; coefficient 0,000000 ; part de filière 0,000 %. Zéro proposé : Filière régionale non retenue dans ce scénario, sans interdiction universelle. Instruction, autorisation ou initiation ; clergé, caste et office ne rendent pas noble.";0;0;0;0;0
Gardien et officiant druidique;Officiant religieux;0.09006735682949311;0.13335488636221285;294.5202568324425;A — activité attestée;SB153;"Contexte régional ; taille et fréquence locales proposées. Profil résidentiel rural/mixte ; jardins, cuisine, filage, corvées et milice saisonnière restent activités secondaires. chapitre régional ; profil territorial proposé Budget civil 1,50 % ; coefficient 2,000000 ; part de filière 9,217 %. Instruction, autorisation ou initiation ; clergé, caste et office ne rendent pas noble.";0.0021697794693682155;0.0003746393261672305;0.005077743599651477;0.0821017208701533;0.00034347356415288956
Gardien-purificateur de Mother Tree;Officiant religieux;0;0;0.0;A — activité attestée;SB153;"Contexte régional ; taille et fréquence locales proposées. Profil résidentiel rural/mixte ; jardins, cuisine, filage, corvées et milice saisonnière restent activités secondaires. chapitre régional ; profil territorial proposé Budget civil 1,50 % ; coefficient 0,000000 ; part de filière 0,000 %. Zéro proposé : Filière régionale non retenue dans ce scénario, sans interdiction universelle. Instruction, autorisation ou initiation ; clergé, caste et office ne rendent pas noble.";0;0;0;0;0
Officiant des rites Ba-Akhu;Officiant religieux;0;0;0.0;A — activité attestée;SB184;"Contexte régional ; taille et fréquence locales proposées. Profil résidentiel rural/mixte ; jardins, cuisine, filage, corvées et milice saisonnière restent activités secondaires. chapitre régional ; profil territorial proposé Budget civil 1,50 % ; coefficient 0,000000 ; part de filière 0,000 %. Zéro proposé : Filière régionale non retenue dans ce scénario, sans interdiction universelle. Instruction, autorisation ou initiation ; clergé, caste et office ne rendent pas noble.";0;0;0;0;0
Garde et sentinelle;Garde et surveillant;0.016057783453521126;0.023775360608474325;52.508951893014085;A — activité attestée;"MJ140; SB90";"Contexte régional ; taille et fréquence locales proposées. Profil résidentiel rural/mixte ; jardins, cuisine, filage, corvées et milice saisonnière restent activités secondaires. chapitre régional ; profil territorial proposé Budget civil 0,25 % ; coefficient 7,000000 ; part de filière 9,859 %. Entraînement, loyauté, armes et habilitations ; aucun métier verrouillé par naissance sauf source explicite.";0.00010136485757303147;1.750189937471168e-05;0.0004428017806431901;0.01534207390196589;0.00015404101396430326
Garde du corps;Garde et surveillant;0.016057783453521126;0.023775360608474325;52.508951893014085;A — activité attestée;"MJ140; SB90";"Contexte régional ; taille et fréquence locales proposées. Profil résidentiel rural/mixte ; jardins, cuisine, filage, corvées et milice saisonnière restent activités secondaires. chapitre régional ; profil territorial proposé Budget civil 0,25 % ; coefficient 7,000000 ; part de filière 9,859 %. Entraînement, loyauté, armes et habilitations ; aucun métier verrouillé par naissance sauf source explicite.";0.00010136485757303147;1.750189937471168e-05;0.0004428017806431901;0.01534207390196589;0.00015404101396430326
Soldat;Combattant professionnel;0.13055855999999996;0.19330668230193834;426.9264911999999;A — activité attestée;"MJ140; SB90";"Contexte régional ; taille et fréquence locales proposées. Profil résidentiel rural/mixte ; jardins, cuisine, filage, corvées et milice saisonnière restent activités secondaires. chapitre régional ; profil territorial proposé Garnison incluse dans les résidents par convention proposée, comptée une seule fois. Entraînement, loyauté, armes et habilitations ; aucun métier verrouillé par naissance sauf source explicite.";0.00020718820326697175;3.577361199953594e-05;0.0036203200016841743;0.125435848369726;0.0012594298133233011
Mercenaire;Combattant professionnel;0.016057783453521126;0.023775360608474325;52.508951893014085;A — activité attestée;"MJ140; SB90";"Contexte régional ; taille et fréquence locales proposées. Profil résidentiel rural/mixte ; jardins, cuisine, filage, corvées et milice saisonnière restent activités secondaires. chapitre régional ; profil territorial proposé Budget civil 0,25 % ; coefficient 7,000000 ; part de filière 9,859 %. Entraînement, loyauté, armes et habilitations ; aucun métier verrouillé par naissance sauf source explicite.";0.00010136485757303147;1.750189937471168e-05;0.0004428017806431901;0.01534207390196589;0.00015404101396430326
Éclaireur;Combattant professionnel;0.016057783453521126;0.023775360608474325;52.508951893014085;A — activité attestée;"MJ140; SB90";"Contexte régional ; taille et fréquence locales proposées. Profil résidentiel rural/mixte ; jardins, cuisine, filage, corvées et milice saisonnière restent activités secondaires. chapitre régional ; profil territorial proposé Budget civil 0,25 % ; coefficient 7,000000 ; part de filière 9,859 %. Entraînement, loyauté, armes et habilitations ; aucun métier verrouillé par naissance sauf source explicite.";0.00010136485757303147;1.750189937471168e-05;0.0004428017806431901;0.01534207390196589;0.00015404101396430326
Chasseur de primes;Combattant professionnel;0.016057783453521126;0.023775360608474325;52.508951893014085;A — activité attestée;MJ140;"Contexte régional ; taille et fréquence locales proposées. Profil résidentiel rural/mixte ; jardins, cuisine, filage, corvées et milice saisonnière restent activités secondaires. chapitre régional ; profil territorial proposé Budget civil 0,25 % ; coefficient 7,000000 ; part de filière 9,859 %. Entraînement, loyauté, armes et habilitations ; aucun métier verrouillé par naissance sauf source explicite.";0.00010136485757303147;1.750189937471168e-05;0.0004428017806431901;0.01534207390196589;0.00015404101396430326
Gladiateur;Combattant professionnel;0.016057783453521126;0.023775360608474325;52.508951893014085;A — activité attestée;MJ130;"Contexte régional ; taille et fréquence locales proposées. Profil résidentiel rural/mixte ; jardins, cuisine, filage, corvées et milice saisonnière restent activités secondaires. chapitre régional ; profil territorial proposé Budget civil 0,25 % ; coefficient 7,000000 ; part de filière 9,859 %. Entraînement, loyauté, armes et habilitations ; aucun métier verrouillé par naissance sauf source explicite.";0.00010136485757303147;1.750189937471168e-05;0.0004428017806431901;0.01534207390196589;0.00015404101396430326
Champion d’arène;Combattant professionnel;0.016057783453521126;0.023775360608474325;52.508951893014085;A — activité attestée;SB90;"Contexte régional ; taille et fréquence locales proposées. Profil résidentiel rural/mixte ; jardins, cuisine, filage, corvées et milice saisonnière restent activités secondaires. chapitre régional ; profil territorial proposé Budget civil 0,25 % ; coefficient 7,000000 ; part de filière 9,859 %. Entraînement, loyauté, armes et habilitations ; aucun métier verrouillé par naissance sauf source explicite.";0.00010136485757303147;1.750189937471168e-05;0.0004428017806431901;0.01534207390196589;0.00015404101396430326
Veilleur de nuit;Garde et surveillant;0.016057783453521126;0.023775360608474325;52.508951893014085;P — activité proposée;"MJ140; SB90";"Contexte régional ; taille et fréquence locales proposées. Profil résidentiel rural/mixte ; jardins, cuisine, filage, corvées et milice saisonnière restent activités secondaires. chapitre régional ; profil territorial proposé Budget civil 0,25 % ; coefficient 7,000000 ; part de filière 9,859 %. Entraînement, loyauté, armes et habilitations ; aucun métier verrouillé par naissance sauf source explicite.";0.00010136485757303147;1.750189937471168e-05;0.0004428017806431901;0.01534207390196589;0.00015404101396430326
Guide;Guide;0;0;0.0;A — activité attestée;MJ140;"Contexte régional ; taille et fréquence locales proposées. Profil résidentiel rural/mixte ; jardins, cuisine, filage, corvées et milice saisonnière restent activités secondaires. chapitre régional ; profil territorial proposé Budget civil 3,00 % ; coefficient 0,000000 ; part de filière 0,000 %. Zéro proposé : Petit réseau rural de transport et commerce ; aucun bureau financier/courtage spécialisé ajouté. Réseau, itinéraires, confiance et capital ; manutention distincte de propriété du fret.";0;0;0;0;0
Gardien de domaine;Garde et surveillant;0.016057783453521126;0.023775360608474325;52.508951893014085;A — activité attestée;MJ140;"Contexte régional ; taille et fréquence locales proposées. Profil résidentiel rural/mixte ; jardins, cuisine, filage, corvées et milice saisonnière restent activités secondaires. chapitre régional ; profil territorial proposé Budget civil 0,25 % ; coefficient 7,000000 ; part de filière 9,859 %. Entraînement, loyauté, armes et habilitations ; aucun métier verrouillé par naissance sauf source explicite.";0.00010136485757303147;1.750189937471168e-05;0.0004428017806431901;0.01534207390196589;0.00015404101396430326
Spellshield;Protecteur et contrôleur arcanique;0;0;0.0;A — activité attestée;SB140;"Contexte régional ; taille et fréquence locales proposées. Profil résidentiel rural/mixte ; jardins, cuisine, filage, corvées et milice saisonnière restent activités secondaires. chapitre régional ; profil territorial proposé Budget civil 0,25 % ; coefficient 0,000000 ; part de filière 0,000 %. Zéro proposé : Filière régionale non retenue dans ce scénario, sans interdiction universelle. Entraînement, loyauté, armes et habilitations ; aucun métier verrouillé par naissance sauf source explicite.";0;0;0;0;0
Warden des Arcane Enforcers;Protecteur et contrôleur arcanique;0;0;0.0;A — activité attestée;SB140;"Contexte régional ; taille et fréquence locales proposées. Profil résidentiel rural/mixte ; jardins, cuisine, filage, corvées et milice saisonnière restent activités secondaires. chapitre régional ; profil territorial proposé Budget civil 0,25 % ; coefficient 0,000000 ; part de filière 0,000 %. Zéro proposé : Filière régionale non retenue dans ce scénario, sans interdiction universelle. Entraînement, loyauté, armes et habilitations ; aucun métier verrouillé par naissance sauf source explicite.";0;0;0;0;0
Inquisiteur;Garde et surveillant;0;0;0.0;A — activité attestée;SB29;"Contexte régional ; taille et fréquence locales proposées. Profil résidentiel rural/mixte ; jardins, cuisine, filage, corvées et milice saisonnière restent activités secondaires. chapitre régional ; profil territorial proposé Budget civil 0,25 % ; coefficient 0,000000 ; part de filière 0,000 %. Zéro proposé : Inquisiteur bauronien : aucun établissement de son Église habilité dans ce profil, notamment les ordres cirrus indépendants. Entraînement, loyauté, armes et habilitations ; aucun métier verrouillé par naissance sauf source explicite.";0;0;0;0;0
Mage impérial chargé du contrôle;Protecteur et contrôleur arcanique;0;0;0.0;A — activité attestée;SB98;"Contexte régional ; taille et fréquence locales proposées. Profil résidentiel rural/mixte ; jardins, cuisine, filage, corvées et milice saisonnière restent activités secondaires. chapitre régional ; profil territorial proposé Budget civil 0,25 % ; coefficient 0,000000 ; part de filière 0,000 %. Zéro proposé : Aucune institution impériale autorisée ou infiltration proposée ici. Entraînement, loyauté, armes et habilitations ; aucun métier verrouillé par naissance sauf source explicite.";0;0;0;0;0
Chasseur de morts-vivants;Combattant professionnel;0.016057783453521126;0.023775360608474325;52.508951893014085;A — activité attestée;SB210;"Contexte régional ; taille et fréquence locales proposées. Profil résidentiel rural/mixte ; jardins, cuisine, filage, corvées et milice saisonnière restent activités secondaires. chapitre régional ; profil territorial proposé Budget civil 0,25 % ; coefficient 7,000000 ; part de filière 9,859 %. Entraînement, loyauté, armes et habilitations ; aucun métier verrouillé par naissance sauf source explicite.";0.00010136485757303147;1.750189937471168e-05;0.0004428017806431901;0.01534207390196589;0.00015404101396430326
Détective;Enquêteur et agent de renseignement;0.0011469845323943662;0.0016982400434624517;3.7506394209295775;A — activité attestée;"PG9; BR42";"Contexte régional ; taille et fréquence locales proposées. Profil résidentiel rural/mixte ; jardins, cuisine, filage, corvées et milice saisonnière restent activités secondaires. chapitre régional ; profil territorial proposé Budget civil 0,25 % ; coefficient 0,500000 ; part de filière 0,704 %. Entraînement, loyauté, armes et habilitations ; aucun métier verrouillé par naissance sauf source explicite.";7.24034696950225e-06;1.2501356696222634e-06;3.162869861737074e-05;0.0010958624215689921;1.1002929568878808e-05
Espion;Enquêteur et agent de renseignement;0.0011469845323943662;0.0016982400434624517;3.7506394209295775;A — activité attestée;"PG9; BR42";"Contexte régional ; taille et fréquence locales proposées. Profil résidentiel rural/mixte ; jardins, cuisine, filage, corvées et milice saisonnière restent activités secondaires. chapitre régional ; profil territorial proposé Budget civil 0,25 % ; coefficient 0,500000 ; part de filière 0,704 %. Entraînement, loyauté, armes et habilitations ; aucun métier verrouillé par naissance sauf source explicite.";7.24034696950225e-06;1.2501356696222634e-06;3.162869861737074e-05;0.0010958624215689921;1.1002929568878808e-05
Détective arcanique;Enquêteur et agent de renseignement;0;0;0.0;A — activité attestée;SB140;"Contexte régional ; taille et fréquence locales proposées. Profil résidentiel rural/mixte ; jardins, cuisine, filage, corvées et milice saisonnière restent activités secondaires. chapitre régional ; profil territorial proposé Budget civil 0,25 % ; coefficient 0,000000 ; part de filière 0,000 %. Zéro proposé : Filière régionale non retenue dans ce scénario, sans interdiction universelle. Entraînement, loyauté, armes et habilitations ; aucun métier verrouillé par naissance sauf source explicite.";0;0;0;0;0
Fonctionnaire;Administrateur et juriste;0.22516839207373274;0.33338721590553205;736.300642081106;A — activité attestée;"SB90; SB213";"Contexte régional ; taille et fréquence locales proposées. Profil résidentiel rural/mixte ; jardins, cuisine, filage, corvées et milice saisonnière restent activités secondaires. chapitre régional ; profil territorial proposé Budget civil 1,50 % ; coefficient 5,000000 ; part de filière 23,041 %. Instruction, autorisation ou initiation ; clergé, caste et office ne rendent pas noble.";0.015403067259486421;0.0026595305285484956;0.012015480113075268;0.19427755163381902;0.0008127625388035338
Percepteur;Administrateur et juriste;0.2251683920737327;0.333387215905532;736.3006420811059;A — activité attestée;SB132;"Contexte régional ; taille et fréquence locales proposées. Profil résidentiel rural/mixte ; jardins, cuisine, filage, corvées et milice saisonnière restent activités secondaires. chapitre régional ; profil territorial proposé Budget civil 1,50 % ; coefficient 5,000000 ; part de filière 23,041 %. Instruction, autorisation ou initiation ; clergé, caste et office ne rendent pas noble.";0.0054244486734205365;0.0009365983154180757;0.012694358999128685;0.20525430217538318;0.0008586839103822236
Juge;Administrateur et juriste;0;0;0.0;A — activité attestée;"SB90; SB213";"Contexte régional ; taille et fréquence locales proposées. Profil résidentiel rural/mixte ; jardins, cuisine, filage, corvées et milice saisonnière restent activités secondaires. chapitre régional ; profil territorial proposé Budget civil 1,50 % ; coefficient 0,000000 ; part de filière 0,000 %. Zéro proposé : Fonction spécialisée concentrée dans les villes/institutions ; instruction et rites ruraux courants conservés. Instruction, autorisation ou initiation ; clergé, caste et office ne rendent pas noble.";0;0;0;0;0
Avocat;Administrateur et juriste;0;0;0.0;A — activité attestée;"SB90; SB213";"Contexte régional ; taille et fréquence locales proposées. Profil résidentiel rural/mixte ; jardins, cuisine, filage, corvées et milice saisonnière restent activités secondaires. chapitre régional ; profil territorial proposé Budget civil 1,50 % ; coefficient 0,000000 ; part de filière 0,000 %. Zéro proposé : Fonction spécialisée concentrée dans les villes/institutions ; instruction et rites ruraux courants conservés. Instruction, autorisation ou initiation ; clergé, caste et office ne rendent pas noble.";0;0;0;0;0
Diplomate et émissaire;Administrateur et juriste;0;0;0.0;A — activité attestée;PG46;"Contexte régional ; taille et fréquence locales proposées. Profil résidentiel rural/mixte ; jardins, cuisine, filage, corvées et milice saisonnière restent activités secondaires. chapitre régional ; profil territorial proposé Budget civil 1,50 % ; coefficient 0,000000 ; part de filière 0,000 %. Zéro proposé : Fonction spécialisée concentrée dans les villes/institutions ; instruction et rites ruraux courants conservés. Instruction, autorisation ou initiation ; clergé, caste et office ne rendent pas noble.";0;0;0;0;0
Recruteur et agent de missions;Administrateur et juriste;0;0;0.0;D — activité déduite;SB105;"Contexte régional ; taille et fréquence locales proposées. Profil résidentiel rural/mixte ; jardins, cuisine, filage, corvées et milice saisonnière restent activités secondaires. chapitre régional ; profil territorial proposé Budget civil 1,50 % ; coefficient 0,000000 ; part de filière 0,000 %. Zéro proposé : Fonction spécialisée concentrée dans les villes/institutions ; instruction et rites ruraux courants conservés. Instruction, autorisation ou initiation ; clergé, caste et office ne rendent pas noble.";0;0;0;0;0
Bourreau;Administrateur et juriste;0;0;0.0;A — activité attestée;SB148;"Contexte régional ; taille et fréquence locales proposées. Profil résidentiel rural/mixte ; jardins, cuisine, filage, corvées et milice saisonnière restent activités secondaires. chapitre régional ; profil territorial proposé Budget civil 1,50 % ; coefficient 0,000000 ; part de filière 0,000 %. Zéro proposé : Fonction spécialisée concentrée dans les villes/institutions ; instruction et rites ruraux courants conservés. Instruction, autorisation ou initiation ; clergé, caste et office ne rendent pas noble.";0;0;0;0;0
Acteur et comédien;Artiste du spectacle;0;0;0.0;A — activité attestée;MJ129;"Contexte régional ; taille et fréquence locales proposées. Profil résidentiel rural/mixte ; jardins, cuisine, filage, corvées et milice saisonnière restent activités secondaires. chapitre régional ; profil territorial proposé Budget civil 0,00 % ; coefficient 0,000000 ; part de filière 0,000 %. Zéro proposé : Loisir/rite familial secondaire, pas profession permanente spécialisée ajoutée. Apprentissage, audition et réseau ; accès au mérite notamment Mustardseed.";0;0;0;0;0
Danseur;Artiste du spectacle;0;0;0.0;A — activité attestée;MJ129;"Contexte régional ; taille et fréquence locales proposées. Profil résidentiel rural/mixte ; jardins, cuisine, filage, corvées et milice saisonnière restent activités secondaires. chapitre régional ; profil territorial proposé Budget civil 0,00 % ; coefficient 0,000000 ; part de filière 0,000 %. Zéro proposé : Loisir/rite familial secondaire, pas profession permanente spécialisée ajoutée. Apprentissage, audition et réseau ; accès au mérite notamment Mustardseed.";0;0;0;0;0
Musicien;Artiste du spectacle;0;0;0.0;A — activité attestée;MJ129;"Contexte régional ; taille et fréquence locales proposées. Profil résidentiel rural/mixte ; jardins, cuisine, filage, corvées et milice saisonnière restent activités secondaires. chapitre régional ; profil territorial proposé Budget civil 0,00 % ; coefficient 0,000000 ; part de filière 0,000 %. Zéro proposé : Budget local de cette filière nul ou coefficient non retenu ; aucune interdiction universelle. Apprentissage, audition et réseau ; accès au mérite notamment Mustardseed.";0;0;0;0;0
Chanteur;Artiste du spectacle;0;0;0.0;A — activité attestée;MJ129;"Contexte régional ; taille et fréquence locales proposées. Profil résidentiel rural/mixte ; jardins, cuisine, filage, corvées et milice saisonnière restent activités secondaires. chapitre régional ; profil territorial proposé Budget civil 0,00 % ; coefficient 0,000000 ; part de filière 0,000 %. Zéro proposé : Loisir/rite familial secondaire, pas profession permanente spécialisée ajoutée. Apprentissage, audition et réseau ; accès au mérite notamment Mustardseed.";0;0;0;0;0
Poète;Artiste du spectacle;0;0;0.0;A — activité attestée;MJ129;"Contexte régional ; taille et fréquence locales proposées. Profil résidentiel rural/mixte ; jardins, cuisine, filage, corvées et milice saisonnière restent activités secondaires. chapitre régional ; profil territorial proposé Budget civil 0,00 % ; coefficient 0,000000 ; part de filière 0,000 %. Zéro proposé : Loisir/rite familial secondaire, pas profession permanente spécialisée ajoutée. Apprentissage, audition et réseau ; accès au mérite notamment Mustardseed.";0;0;0;0;0
Conteur;Artiste du spectacle;0;0;0.0;A — activité attestée;MJ129;"Contexte régional ; taille et fréquence locales proposées. Profil résidentiel rural/mixte ; jardins, cuisine, filage, corvées et milice saisonnière restent activités secondaires. chapitre régional ; profil territorial proposé Budget civil 0,00 % ; coefficient 0,000000 ; part de filière 0,000 %. Zéro proposé : Budget local de cette filière nul ou coefficient non retenu ; aucune interdiction universelle. Apprentissage, audition et réseau ; accès au mérite notamment Mustardseed.";0;0;0;0;0
Bouffon;Artiste du spectacle;0;0;0.0;A — activité attestée;MJ129;"Contexte régional ; taille et fréquence locales proposées. Profil résidentiel rural/mixte ; jardins, cuisine, filage, corvées et milice saisonnière restent activités secondaires. chapitre régional ; profil territorial proposé Budget civil 0,00 % ; coefficient 0,000000 ; part de filière 0,000 %. Zéro proposé : Loisir/rite familial secondaire, pas profession permanente spécialisée ajoutée. Apprentissage, audition et réseau ; accès au mérite notamment Mustardseed.";0;0;0;0;0
Jongleur;Artiste du spectacle;0;0;0.0;A — activité attestée;MJ129;"Contexte régional ; taille et fréquence locales proposées. Profil résidentiel rural/mixte ; jardins, cuisine, filage, corvées et milice saisonnière restent activités secondaires. chapitre régional ; profil territorial proposé Budget civil 0,00 % ; coefficient 0,000000 ; part de filière 0,000 %. Zéro proposé : Loisir/rite familial secondaire, pas profession permanente spécialisée ajoutée. Apprentissage, audition et réseau ; accès au mérite notamment Mustardseed.";0;0;0;0;0
Acrobate;Artiste du spectacle;0;0;0.0;A — activité attestée;MJ129;"Contexte régional ; taille et fréquence locales proposées. Profil résidentiel rural/mixte ; jardins, cuisine, filage, corvées et milice saisonnière restent activités secondaires. chapitre régional ; profil territorial proposé Budget civil 0,00 % ; coefficient 0,000000 ; part de filière 0,000 %. Zéro proposé : Loisir/rite familial secondaire, pas profession permanente spécialisée ajoutée. Apprentissage, audition et réseau ; accès au mérite notamment Mustardseed.";0;0;0;0;0
Cracheur de feu;Artiste du spectacle;0;0;0.0;A — activité attestée;MJ129;"Contexte régional ; taille et fréquence locales proposées. Profil résidentiel rural/mixte ; jardins, cuisine, filage, corvées et milice saisonnière restent activités secondaires. chapitre régional ; profil territorial proposé Budget civil 0,00 % ; coefficient 0,000000 ; part de filière 0,000 %. Zéro proposé : Loisir/rite familial secondaire, pas profession permanente spécialisée ajoutée. Apprentissage, audition et réseau ; accès au mérite notamment Mustardseed.";0;0;0;0;0
Compositeur;Artiste du spectacle;0;0;0.0;A — activité attestée;PG28;"Contexte régional ; taille et fréquence locales proposées. Profil résidentiel rural/mixte ; jardins, cuisine, filage, corvées et milice saisonnière restent activités secondaires. chapitre régional ; profil territorial proposé Budget civil 0,00 % ; coefficient 0,000000 ; part de filière 0,000 %. Zéro proposé : Loisir/rite familial secondaire, pas profession permanente spécialisée ajoutée. Apprentissage, audition et réseau ; accès au mérite notamment Mustardseed.";0;0;0;0;0
Crieur public;Artiste du spectacle;0;0;0.0;P — activité proposée;MJ129;"Contexte régional ; taille et fréquence locales proposées. Profil résidentiel rural/mixte ; jardins, cuisine, filage, corvées et milice saisonnière restent activités secondaires. chapitre régional ; profil territorial proposé Budget civil 0,00 % ; coefficient 0,000000 ; part de filière 0,000 %. Zéro proposé : Loisir/rite familial secondaire, pas profession permanente spécialisée ajoutée. Apprentissage, audition et réseau ; accès au mérite notamment Mustardseed.";0;0;0;0;0
Joueur professionnel;Professionnel du jeu;0;0;0.0;P — activité proposée;SB99;"Contexte régional ; taille et fréquence locales proposées. Profil résidentiel rural/mixte ; jardins, cuisine, filage, corvées et milice saisonnière restent activités secondaires. chapitre régional ; profil territorial proposé Budget civil 0,00 % ; coefficient 0,000000 ; part de filière 0,000 %. Zéro proposé : Loisir/rite familial secondaire, pas profession permanente spécialisée ajoutée. Apprentissage, audition et réseau ; accès au mérite notamment Mustardseed.";0;0;0;0;0
Croupier;Professionnel du jeu;0;0;0.0;D — activité déduite;SB99;"Contexte régional ; taille et fréquence locales proposées. Profil résidentiel rural/mixte ; jardins, cuisine, filage, corvées et milice saisonnière restent activités secondaires. chapitre régional ; profil territorial proposé Budget civil 0,00 % ; coefficient 0,000000 ; part de filière 0,000 %. Zéro proposé : Loisir/rite familial secondaire, pas profession permanente spécialisée ajoutée. Apprentissage, audition et réseau ; accès au mérite notamment Mustardseed.";0;0;0;0;0
Preneur de paris;Professionnel du jeu;0;0;0.0;D — activité déduite;SB99;"Contexte régional ; taille et fréquence locales proposées. Profil résidentiel rural/mixte ; jardins, cuisine, filage, corvées et milice saisonnière restent activités secondaires. chapitre régional ; profil territorial proposé Budget civil 0,00 % ; coefficient 0,000000 ; part de filière 0,000 %. Zéro proposé : Loisir/rite familial secondaire, pas profession permanente spécialisée ajoutée. Apprentissage, audition et réseau ; accès au mérite notamment Mustardseed.";0;0;0;0;0
Maître-chanteur;Opérateur d’activités illicites;0;0;0.0;A — activité attestée;BR42;"Contexte régional ; taille et fréquence locales proposées. Profil résidentiel rural/mixte ; jardins, cuisine, filage, corvées et milice saisonnière restent activités secondaires. chapitre régional ; profil territorial proposé Budget civil 0,00 % ; coefficient 0,000000 ; part de filière 0,000 %. Zéro proposé : Budget local de cette filière nul ou coefficient non retenu ; aucune interdiction universelle. Réseaux, exclusion, dettes et compétences ; statut légal distinct de noblesse.";0;0;0;0;0
Cambrioleur;Opérateur d’activités illicites;0;0;0.0;A — activité attestée;BR42;"Contexte régional ; taille et fréquence locales proposées. Profil résidentiel rural/mixte ; jardins, cuisine, filage, corvées et milice saisonnière restent activités secondaires. chapitre régional ; profil territorial proposé Budget civil 0,00 % ; coefficient 0,000000 ; part de filière 0,000 %. Zéro proposé : Budget local de cette filière nul ou coefficient non retenu ; aucune interdiction universelle. Réseaux, exclusion, dettes et compétences ; statut légal distinct de noblesse.";0;0;0;0;0
Homme de main;Opérateur d’activités illicites;0;0;0.0;A — activité attestée;BR42;"Contexte régional ; taille et fréquence locales proposées. Profil résidentiel rural/mixte ; jardins, cuisine, filage, corvées et milice saisonnière restent activités secondaires. chapitre régional ; profil territorial proposé Budget civil 0,00 % ; coefficient 0,000000 ; part de filière 0,000 %. Zéro proposé : Budget local de cette filière nul ou coefficient non retenu ; aucune interdiction universelle. Réseaux, exclusion, dettes et compétences ; statut légal distinct de noblesse.";0;0;0;0;0
Receleur;Opérateur d’activités illicites;0;0;0.0;A — activité attestée;BR42;"Contexte régional ; taille et fréquence locales proposées. Profil résidentiel rural/mixte ; jardins, cuisine, filage, corvées et milice saisonnière restent activités secondaires. chapitre régional ; profil territorial proposé Budget civil 0,00 % ; coefficient 0,000000 ; part de filière 0,000 %. Zéro proposé : Budget local de cette filière nul ou coefficient non retenu ; aucune interdiction universelle. Réseaux, exclusion, dettes et compétences ; statut légal distinct de noblesse.";0;0;0;0;0
Voleur de grand chemin;Opérateur d’activités illicites;0;0;0.0;A — activité attestée;BR42;"Contexte régional ; taille et fréquence locales proposées. Profil résidentiel rural/mixte ; jardins, cuisine, filage, corvées et milice saisonnière restent activités secondaires. chapitre régional ; profil territorial proposé Budget civil 0,00 % ; coefficient 0,000000 ; part de filière 0,000 %. Zéro proposé : Budget local de cette filière nul ou coefficient non retenu ; aucune interdiction universelle. Réseaux, exclusion, dettes et compétences ; statut légal distinct de noblesse.";0;0;0;0;0
Tueur à gages;Opérateur d’activités illicites;0;0;0.0;A — activité attestée;BR42;"Contexte régional ; taille et fréquence locales proposées. Profil résidentiel rural/mixte ; jardins, cuisine, filage, corvées et milice saisonnière restent activités secondaires. chapitre régional ; profil territorial proposé Budget civil 0,00 % ; coefficient 0,000000 ; part de filière 0,000 %. Zéro proposé : Budget local de cette filière nul ou coefficient non retenu ; aucune interdiction universelle. Réseaux, exclusion, dettes et compétences ; statut légal distinct de noblesse.";0;0;0;0;0
Pickpocket;Opérateur d’activités illicites;0;0;0.0;A — activité attestée;BR42;"Contexte régional ; taille et fréquence locales proposées. Profil résidentiel rural/mixte ; jardins, cuisine, filage, corvées et milice saisonnière restent activités secondaires. chapitre régional ; profil territorial proposé Budget civil 0,00 % ; coefficient 0,000000 ; part de filière 0,000 %. Zéro proposé : Budget local de cette filière nul ou coefficient non retenu ; aucune interdiction universelle. Réseaux, exclusion, dettes et compétences ; statut légal distinct de noblesse.";0;0;0;0;0
Contrebandier;Opérateur d’activités illicites;0;0;0.0;A — activité attestée;BR42;"Contexte régional ; taille et fréquence locales proposées. Profil résidentiel rural/mixte ; jardins, cuisine, filage, corvées et milice saisonnière restent activités secondaires. chapitre régional ; profil territorial proposé Budget civil 0,00 % ; coefficient 0,000000 ; part de filière 0,000 %. Zéro proposé : Budget local de cette filière nul ou coefficient non retenu ; aucune interdiction universelle. Réseaux, exclusion, dettes et compétences ; statut légal distinct de noblesse.";0;0;0;0;0
Pirate;Opérateur d’activités illicites;0;0;0.0;A — activité attestée;MJ136;"Contexte régional ; taille et fréquence locales proposées. Profil résidentiel rural/mixte ; jardins, cuisine, filage, corvées et milice saisonnière restent activités secondaires. chapitre régional ; profil territorial proposé Budget civil 0,00 % ; coefficient 0,000000 ; part de filière 0,000 %. Zéro proposé : Budget local de cette filière nul ou coefficient non retenu ; aucune interdiction universelle. Réseaux, exclusion, dettes et compétences ; statut légal distinct de noblesse.";0;0;0;0;0
Cultivateur de tubercules;Agriculteur;22.411160175360003;33.18225185722154;73284.49377342721;A — activité attestée;"SB120; SB168";"Contexte régional ; taille et fréquence locales proposées. Profil résidentiel rural/mixte ; jardins, cuisine, filage, corvées et milice saisonnière restent activités secondaires. chapitre régional ; profil territorial proposé Même total vivrier et mêmes effectifs sociaux qu’en V2 ; répartition P revue par culture/habitat. Delta exact, anciennes parts et nouvelles parts enregistrés dans food_reallocation_v3. Ajustement IPF conservant strates et espèces ; aucune création de personne. Transmission familiale, terre/eau, droits d’usage et outils ; les tâches saisonnières restent secondaires.";0.003595670461316019;0.0024833483361128574;0.08975605950329206;21.768902266697634;0.54642283036165
Cartographe;Cartographe;0;0;0.0;A — activité attestée;MJ128;"Contexte régional ; taille et fréquence locales proposées. Profil résidentiel rural/mixte ; jardins, cuisine, filage, corvées et milice saisonnière restent activités secondaires. chapitre régional ; profil territorial proposé Budget civil 0,25 % ; coefficient 0,000000 ; part de filière 0,000 %. Zéro proposé : Spécialité avancée non installée dans le profil rural ordinaire : apprentissage, matériel et clientèle insuffisamment établis. Long apprentissage, frais, bourses, talent, licence ou secret ; titre ne donne pas maîtrise.";0;0;0;0;0
Sans métier actif;Statut;2.26032;3.3466588490307903;7391.2464;P;;Personnes productives occupées + personnes sans emploi disponibles recherchant une activité. Inclut aide familiale, subsistance, apprentissage productif et travail partiel.;0.0010560000000000003;0.0003439999999999998;0.013935999999999999;1.9473840000000002;0.29760000000000003
Hors activité;Statut;32.46039999999999;0;106145.50799999997;P;;"Tous habitants recensés dans les catégories sources; enfants, étudiants et retraités ne sont exclus de l’activité que sans contribution productive. Pas de seuil humain de 18 ans imposé.";0.1072;0.02279999999999999;0.6431999999999999;30.547199999999993;1.1400000000000001
