Métier;Base;% habitants;% actifs;Effectif attendu;Appui activité;Références;Justification proposée;Milieu privilégié, noblesse non établie / % de tous habitants;Milieu ordinaire, noblesse non établie / % de tous habitants;Milieu précaire, noblesse non établie / % de tous habitants
Agriculteur généraliste;Agriculteur;2.067604355716878;3.3348457350272227;;A — activité attestée;"SB90; SB198";"Contexte régional ; taille et fréquence locales proposées. Professions des résidents ; lieu de travail et commanditaires peuvent être extérieurs au quartier. Visiteurs exclus du stock. chapitre régional ; profil territorial proposé Budget civil 15,00 % ; coefficient 5,000000 ; part de filière 30,248 %. Transmission familiale, terre/eau, droits d’usage et outils ; les tâches saisonnières restent secondaires.";0.022724727607622733;1.8769627085495515;0.16791691955970364
Céréalier;Agriculteur;0.8270417422867513;1.3339382940108893;;D — activité déduite;"SB90; SB198";"Contexte régional ; taille et fréquence locales proposées. Professions des résidents ; lieu de travail et commanditaires peuvent être extérieurs au quartier. Visiteurs exclus du stock. chapitre régional ; profil territorial proposé Budget civil 15,00 % ; coefficient 2,000000 ; part de filière 12,099 %. Transmission familiale, terre/eau, droits d’usage et outils ; les tâches saisonnières restent secondaires.";0.009089891043049105;0.7507850834198208;0.06716676782388144
Riziculteur;Agriculteur;0;0;;A — activité attestée;SB198;"Contexte régional ; taille et fréquence locales proposées. Professions des résidents ; lieu de travail et commanditaires peuvent être extérieurs au quartier. Visiteurs exclus du stock. chapitre régional ; profil territorial proposé Budget civil 15,00 % ; coefficient 0,000000 ; part de filière 0,000 %. Zéro proposé : Climat, matière ou culture hors filière régionale retenue ; aucun établissement exceptionnel proposé. Transmission familiale, terre/eau, droits d’usage et outils ; les tâches saisonnières restent secondaires.";0;0;0
Vigneron;Agriculteur;0;0;;A — activité attestée;MJ128;"Contexte régional ; taille et fréquence locales proposées. Professions des résidents ; lieu de travail et commanditaires peuvent être extérieurs au quartier. Visiteurs exclus du stock. chapitre régional ; profil territorial proposé Budget civil 5,00 % ; coefficient 0,000000 ; part de filière 0,000 %. Zéro proposé : Climat, matière ou culture hors filière régionale retenue ; aucun établissement exceptionnel proposé. Savoir-faire de terrain et sécurité ; procédé spécialisé distinct du rang social.";0;0;0
Cultivateur d’épices;Agriculteur;0;0;;A — activité attestée;SB182;"Contexte régional ; taille et fréquence locales proposées. Professions des résidents ; lieu de travail et commanditaires peuvent être extérieurs au quartier. Visiteurs exclus du stock. chapitre régional ; profil territorial proposé Budget civil 5,00 % ; coefficient 0,000000 ; part de filière 0,000 %. Zéro proposé : Climat, matière ou culture hors filière régionale retenue ; aucun établissement exceptionnel proposé. Savoir-faire de terrain et sécurité ; procédé spécialisé distinct du rang social.";0;0;0
Cultivateur d’herbes pour thé;Agriculteur;0;0;;D — activité déduite;SB198;"Contexte régional ; taille et fréquence locales proposées. Professions des résidents ; lieu de travail et commanditaires peuvent être extérieurs au quartier. Visiteurs exclus du stock. chapitre régional ; profil territorial proposé Budget civil 5,00 % ; coefficient 0,000000 ; part de filière 0,000 %. Zéro proposé : Climat, matière ou culture hors filière régionale retenue ; aucun établissement exceptionnel proposé. Savoir-faire de terrain et sécurité ; procédé spécialisé distinct du rang social.";0;0;0
Maraîcher;Agriculteur;0.16540834845735025;0.26678765880217786;;D — activité déduite;"SB90; SB198";"Contexte régional ; taille et fréquence locales proposées. Professions des résidents ; lieu de travail et commanditaires peuvent être extérieurs au quartier. Visiteurs exclus du stock. chapitre régional ; profil territorial proposé Budget civil 15,00 % ; coefficient 0,400000 ; part de filière 2,420 %. Transmission familiale, terre/eau, droits d’usage et outils ; les tâches saisonnières restent secondaires.";0.0018179782086098202;0.15015701668396414;0.013433353564776294
Jardinier;Horticulteur;0.2728742514970059;0.4401197604790417;;A — activité attestée;"SB29; SB161";"Contexte régional ; taille et fréquence locales proposées. Professions des résidents ; lieu de travail et commanditaires peuvent être extérieurs au quartier. Visiteurs exclus du stock. chapitre régional ; profil territorial proposé Budget civil 5,00 % ; coefficient 1,000000 ; part de filière 11,976 %. Savoir-faire de terrain et sécurité ; procédé spécialisé distinct du rang social.";0.005933030436089247;0.24502113005511977;0.021920091005796893
Fleuriste;Horticulteur;0.2728742514970059;0.4401197604790417;;A — activité attestée;"SB29; SB161";"Contexte régional ; taille et fréquence locales proposées. Professions des résidents ; lieu de travail et commanditaires peuvent être extérieurs au quartier. Visiteurs exclus du stock. chapitre régional ; profil territorial proposé Budget civil 5,00 % ; coefficient 1,000000 ; part de filière 11,976 %. Savoir-faire de terrain et sécurité ; procédé spécialisé distinct du rang social.";0.005933030436089247;0.24502113005511977;0.021920091005796893
Arboriculteur de verger;Horticulteur;0.41352087114337566;0.6669691470054446;;D — activité déduite;"SB29; SB161";"Contexte régional ; taille et fréquence locales proposées. Professions des résidents ; lieu de travail et commanditaires peuvent être extérieurs au quartier. Visiteurs exclus du stock. chapitre régional ; profil territorial proposé Budget civil 15,00 % ; coefficient 1,000000 ; part de filière 6,050 %. Transmission familiale, terre/eau, droits d’usage et outils ; les tâches saisonnières restent secondaires.";0.004544945521524553;0.3753925417099104;0.03358338391194072
Jardinier de roses magiques;Horticulteur;0;0;;A — activité attestée;SB157;"Contexte régional ; taille et fréquence locales proposées. Professions des résidents ; lieu de travail et commanditaires peuvent être extérieurs au quartier. Visiteurs exclus du stock. chapitre régional ; profil territorial proposé Budget civil 5,00 % ; coefficient 0,000000 ; part de filière 0,000 %. Zéro proposé : Filière régionale non retenue dans ce scénario, sans interdiction universelle. Savoir-faire de terrain et sécurité ; procédé spécialisé distinct du rang social.";0;0;0
Arboriculteur de breithwood;Horticulteur;0;0;;D — activité déduite;SB152;"Contexte régional ; taille et fréquence locales proposées. Professions des résidents ; lieu de travail et commanditaires peuvent être extérieurs au quartier. Visiteurs exclus du stock. chapitre régional ; profil territorial proposé Budget civil 5,00 % ; coefficient 0,000000 ; part de filière 0,000 %. Zéro proposé : Filière régionale non retenue dans ce scénario, sans interdiction universelle. Savoir-faire de terrain et sécurité ; procédé spécialisé distinct du rang social.";0;0;0
Éleveur généraliste;Éleveur;1.033802177858439;1.6674228675136114;;A — activité attestée;"SB120; SB182";"Contexte régional ; taille et fréquence locales proposées. Professions des résidents ; lieu de travail et commanditaires peuvent être extérieurs au quartier. Visiteurs exclus du stock. chapitre régional ; profil territorial proposé Budget civil 15,00 % ; coefficient 2,500000 ; part de filière 15,124 %. Transmission familiale, terre/eau, droits d’usage et outils ; les tâches saisonnières restent secondaires.";0.011362363803811367;0.9384813542747757;0.08395845977985182
Berger;Éleveur;0.41352087114337566;0.6669691470054446;;A — activité attestée;MJ135;"Contexte régional ; taille et fréquence locales proposées. Professions des résidents ; lieu de travail et commanditaires peuvent être extérieurs au quartier. Visiteurs exclus du stock. chapitre régional ; profil territorial proposé Budget civil 15,00 % ; coefficient 1,000000 ; part de filière 6,050 %. Transmission familiale, terre/eau, droits d’usage et outils ; les tâches saisonnières restent secondaires.";0.004544945521524553;0.3753925417099104;0.03358338391194072
Éleveur de yaks;Éleveur;0;0;;A — activité attestée;SB120;"Contexte régional ; taille et fréquence locales proposées. Professions des résidents ; lieu de travail et commanditaires peuvent être extérieurs au quartier. Visiteurs exclus du stock. chapitre régional ; profil territorial proposé Budget civil 15,00 % ; coefficient 0,000000 ; part de filière 0,000 %. Zéro proposé : Climat, matière ou culture hors filière régionale retenue ; aucun établissement exceptionnel proposé. Transmission familiale, terre/eau, droits d’usage et outils ; les tâches saisonnières restent secondaires.";0;0;0
Éleveur de chevaux;Éleveur;0.2728742514970059;0.4401197604790417;;A — activité attestée;SB182;"Contexte régional ; taille et fréquence locales proposées. Professions des résidents ; lieu de travail et commanditaires peuvent être extérieurs au quartier. Visiteurs exclus du stock. chapitre régional ; profil territorial proposé Budget civil 5,00 % ; coefficient 1,000000 ; part de filière 11,976 %. Savoir-faire de terrain et sécurité ; procédé spécialisé distinct du rang social.";0.005933030436089247;0.24502113005511977;0.021920091005796893
Éleveur de chameaux;Éleveur;0;0;;A — activité attestée;SB182;"Contexte régional ; taille et fréquence locales proposées. Professions des résidents ; lieu de travail et commanditaires peuvent être extérieurs au quartier. Visiteurs exclus du stock. chapitre régional ; profil territorial proposé Budget civil 5,00 % ; coefficient 0,000000 ; part de filière 0,000 %. Zéro proposé : Climat, matière ou culture hors filière régionale retenue ; aucun établissement exceptionnel proposé. Savoir-faire de terrain et sécurité ; procédé spécialisé distinct du rang social.";0;0;0
Éleveur de vers à soie;Éleveur;0;0;;A — activité attestée;SB198;"Contexte régional ; taille et fréquence locales proposées. Professions des résidents ; lieu de travail et commanditaires peuvent être extérieurs au quartier. Visiteurs exclus du stock. chapitre régional ; profil territorial proposé Budget civil 5,00 % ; coefficient 0,000000 ; part de filière 0,000 %. Zéro proposé : Climat, matière ou culture hors filière régionale retenue ; aucun établissement exceptionnel proposé. Savoir-faire de terrain et sécurité ; procédé spécialisé distinct du rang social.";0;0;0
Éleveur de loups géants;Éleveur;0;0;;A — activité attestée;SB191;"Contexte régional ; taille et fréquence locales proposées. Professions des résidents ; lieu de travail et commanditaires peuvent être extérieurs au quartier. Visiteurs exclus du stock. chapitre régional ; profil territorial proposé Budget civil 5,00 % ; coefficient 0,000000 ; part de filière 0,000 %. Zéro proposé : Filière régionale non retenue dans ce scénario, sans interdiction universelle. Savoir-faire de terrain et sécurité ; procédé spécialisé distinct du rang social.";0;0;0
Éleveur de montures volantes;Éleveur;0;0;;A — activité attestée;"SB124; SB107";"Contexte régional ; taille et fréquence locales proposées. Professions des résidents ; lieu de travail et commanditaires peuvent être extérieurs au quartier. Visiteurs exclus du stock. chapitre régional ; profil territorial proposé Budget civil 5,00 % ; coefficient 0,000000 ; part de filière 0,000 %. Zéro proposé : Climat, matière ou culture hors filière régionale retenue ; aucun établissement exceptionnel proposé. Savoir-faire de terrain et sécurité ; procédé spécialisé distinct du rang social.";0;0;0
Apiculteur;Éleveur;0;0;;P — activité proposée;SB152;"Contexte régional ; taille et fréquence locales proposées. Professions des résidents ; lieu de travail et commanditaires peuvent être extérieurs au quartier. Visiteurs exclus du stock. chapitre régional ; profil territorial proposé Budget civil 15,00 % ; coefficient 0,000000 ; part de filière 0,000 %. Zéro proposé : Climat, matière ou culture hors filière régionale retenue ; aucun établissement exceptionnel proposé. Transmission familiale, terre/eau, droits d’usage et outils ; les tâches saisonnières restent secondaires.";0;0;0
Chasseur de gibier;Chasseur;0.5169010889292195;0.8337114337568057;;A — activité attestée;"MJ139; PG20";"Contexte régional ; taille et fréquence locales proposées. Professions des résidents ; lieu de travail et commanditaires peuvent être extérieurs au quartier. Visiteurs exclus du stock. chapitre régional ; profil territorial proposé Budget civil 15,00 % ; coefficient 1,250000 ; part de filière 7,562 %. Transmission familiale, terre/eau, droits d’usage et outils ; les tâches saisonnières restent secondaires.";0.005681181901905683;0.4692406771373879;0.04197922988992591
Trappeur;Chasseur;0.20676043557168783;0.3334845735027223;;A — activité attestée;MJ140;"Contexte régional ; taille et fréquence locales proposées. Professions des résidents ; lieu de travail et commanditaires peuvent être extérieurs au quartier. Visiteurs exclus du stock. chapitre régional ; profil territorial proposé Budget civil 15,00 % ; coefficient 0,500000 ; part de filière 3,025 %. Transmission familiale, terre/eau, droits d’usage et outils ; les tâches saisonnières restent secondaires.";0.0022724727607622763;0.1876962708549552;0.01679169195597036
Chasseur de monstres;Chasseur;0.008367793634821187;0.013496441346485788;;A — activité attestée;PG58;"Contexte régional ; taille et fréquence locales proposées. Professions des résidents ; lieu de travail et commanditaires peuvent être extérieurs au quartier. Visiteurs exclus du stock. chapitre régional ; profil territorial proposé Budget civil 15,00 % ; coefficient 0,500000 ; part de filière 0,122 %. Long apprentissage, frais, bourses, talent, licence ou secret ; titre ne donne pas maîtrise.";0.0019336458071153816;0.006388426095424508;4.5721732281296986e-05
Chasseur de monstres marins;Chasseur;0;0;;A — activité attestée;SB148;"Contexte régional ; taille et fréquence locales proposées. Professions des résidents ; lieu de travail et commanditaires peuvent être extérieurs au quartier. Visiteurs exclus du stock. chapitre régional ; profil territorial proposé Budget civil 15,00 % ; coefficient 0,000000 ; part de filière 0,000 %. Zéro proposé : Filière régionale non retenue dans ce scénario, sans interdiction universelle. Long apprentissage, frais, bourses, talent, licence ou secret ; titre ne donne pas maîtrise.";0;0;0
Chasseur de dragons;Chasseur;0;0;;A — activité attestée;SB220;"Contexte régional ; taille et fréquence locales proposées. Professions des résidents ; lieu de travail et commanditaires peuvent être extérieurs au quartier. Visiteurs exclus du stock. chapitre régional ; profil territorial proposé Budget civil 15,00 % ; coefficient 0,000000 ; part de filière 0,000 %. Zéro proposé : Technique de site, institution, secret ou habilitation concentrée dans les implantations autorisées du scénario. Long apprentissage, frais, bourses, talent, licence ou secret ; titre ne donne pas maîtrise.";0;0;0
Cueilleur;Collecteur de ressources;0.3308166969147005;0.5335753176043557;;A — activité attestée;"MJ139; SB153";"Contexte régional ; taille et fréquence locales proposées. Professions des résidents ; lieu de travail et commanditaires peuvent être extérieurs au quartier. Visiteurs exclus du stock. chapitre régional ; profil territorial proposé Budget civil 15,00 % ; coefficient 0,800000 ; part de filière 4,840 %. Transmission familiale, terre/eau, droits d’usage et outils ; les tâches saisonnières restent secondaires.";0.0036359564172196404;0.3003140333679283;0.026866707129552587
Herboriste de collecte;Collecteur de ressources;0.21829940119760483;0.35209580838323357;;D — activité déduite;BR55;"Contexte régional ; taille et fréquence locales proposées. Professions des résidents ; lieu de travail et commanditaires peuvent être extérieurs au quartier. Visiteurs exclus du stock. chapitre régional ; profil territorial proposé Budget civil 5,00 % ; coefficient 0,800000 ; part de filière 9,581 %. Savoir-faire de terrain et sécurité ; procédé spécialisé distinct du rang social.";0.0047464243488714005;0.19601690404409589;0.01753607280463753
Collecteur de composants de créatures;Collecteur de ressources;0.21829940119760483;0.35209580838323357;;A — activité attestée;"SB104; SB139";"Contexte régional ; taille et fréquence locales proposées. Professions des résidents ; lieu de travail et commanditaires peuvent être extérieurs au quartier. Visiteurs exclus du stock. chapitre régional ; profil territorial proposé Budget civil 5,00 % ; coefficient 0,800000 ; part de filière 9,581 %. Savoir-faire de terrain et sécurité ; procédé spécialisé distinct du rang social.";0.0047464243488714005;0.19601690404409589;0.01753607280463753
Collecteur de perles;Collecteur de ressources;0;0;;D — activité déduite;SB149;"Contexte régional ; taille et fréquence locales proposées. Professions des résidents ; lieu de travail et commanditaires peuvent être extérieurs au quartier. Visiteurs exclus du stock. chapitre régional ; profil territorial proposé Budget civil 5,00 % ; coefficient 0,000000 ; part de filière 0,000 %. Zéro proposé : Filière régionale non retenue dans ce scénario, sans interdiction universelle. Savoir-faire de terrain et sécurité ; procédé spécialisé distinct du rang social.";0;0;0
Récupérateur de reliques penumbrales;Collecteur de ressources;0;0;;A — activité attestée;PG8;"Contexte régional ; taille et fréquence locales proposées. Professions des résidents ; lieu de travail et commanditaires peuvent être extérieurs au quartier. Visiteurs exclus du stock. chapitre régional ; profil territorial proposé Budget civil 5,00 % ; coefficient 0,000000 ; part de filière 0,000 %. Zéro proposé : Filière régionale non retenue dans ce scénario, sans interdiction universelle. Savoir-faire de terrain et sécurité ; procédé spécialisé distinct du rang social.";0;0;0
Bûcheron;Travailleur forestier;0.13643712574850295;0.22005988023952086;;A — activité attestée;"MJ135; SB107";"Contexte régional ; taille et fréquence locales proposées. Professions des résidents ; lieu de travail et commanditaires peuvent être extérieurs au quartier. Visiteurs exclus du stock. chapitre régional ; profil territorial proposé Budget civil 5,00 % ; coefficient 0,500000 ; part de filière 5,988 %. Savoir-faire de terrain et sécurité ; procédé spécialisé distinct du rang social.";0.0029665152180446235;0.12251056502755989;0.010960045502898447
Forestier;Travailleur forestier;0.13643712574850295;0.22005988023952086;;A — activité attestée;MJ140;"Contexte régional ; taille et fréquence locales proposées. Professions des résidents ; lieu de travail et commanditaires peuvent être extérieurs au quartier. Visiteurs exclus du stock. chapitre régional ; profil territorial proposé Budget civil 5,00 % ; coefficient 0,500000 ; part de filière 5,988 %. Savoir-faire de terrain et sécurité ; procédé spécialisé distinct du rang social.";0.0029665152180446235;0.12251056502755989;0.010960045502898447
Scieur;Travailleur forestier;0.13643712574850295;0.22005988023952086;;D — activité déduite;SB99;"Contexte régional ; taille et fréquence locales proposées. Professions des résidents ; lieu de travail et commanditaires peuvent être extérieurs au quartier. Visiteurs exclus du stock. chapitre régional ; profil territorial proposé Budget civil 5,00 % ; coefficient 0,500000 ; part de filière 5,988 %. Savoir-faire de terrain et sécurité ; procédé spécialisé distinct du rang social.";0.0029665152180446235;0.12251056502755989;0.010960045502898447
Pêcheur maritime;Pêcheur;0.8270417422867513;1.3339382940108893;;A — activité attestée;"SB110; SB168";"Contexte régional ; taille et fréquence locales proposées. Professions des résidents ; lieu de travail et commanditaires peuvent être extérieurs au quartier. Visiteurs exclus du stock. chapitre régional ; profil territorial proposé Budget civil 15,00 % ; coefficient 2,000000 ; part de filière 12,099 %. Transmission familiale, terre/eau, droits d’usage et outils ; les tâches saisonnières restent secondaires.";0.009089891043049105;0.7507850834198208;0.06716676782388144
Pêcheur d’eau douce;Pêcheur;0.033081669691470056;0.05335753176043558;;A — activité attestée;SB138;"Contexte régional ; taille et fréquence locales proposées. Professions des résidents ; lieu de travail et commanditaires peuvent être extérieurs au quartier. Visiteurs exclus du stock. chapitre régional ; profil territorial proposé Budget civil 15,00 % ; coefficient 0,080000 ; part de filière 0,484 %. Transmission familiale, terre/eau, droits d’usage et outils ; les tâches saisonnières restent secondaires.";0.000363595641721964;0.03003140333679283;0.0026866707129552594
Cultivateur marin;Pêcheur;0;0;;P — activité proposée;SB149;"Contexte régional ; taille et fréquence locales proposées. Professions des résidents ; lieu de travail et commanditaires peuvent être extérieurs au quartier. Visiteurs exclus du stock. chapitre régional ; profil territorial proposé Budget civil 15,00 % ; coefficient 0,000000 ; part de filière 0,000 %. Zéro proposé : Filière régionale non retenue dans ce scénario, sans interdiction universelle. Transmission familiale, terre/eau, droits d’usage et outils ; les tâches saisonnières restent secondaires.";0;0;0
Mineur;Extracteur de ressources minérales;0.13643712574850295;0.22005988023952086;;A — activité attestée;"MJ135; SB160";"Contexte régional ; taille et fréquence locales proposées. Professions des résidents ; lieu de travail et commanditaires peuvent être extérieurs au quartier. Visiteurs exclus du stock. chapitre régional ; profil territorial proposé Budget civil 5,00 % ; coefficient 0,500000 ; part de filière 5,988 %. Savoir-faire de terrain et sécurité ; procédé spécialisé distinct du rang social.";0.0029665152180446235;0.12251056502755989;0.010960045502898447
Carrier;Extracteur de ressources minérales;0.13643712574850295;0.22005988023952086;;D — activité déduite;"MJ135; SB160";"Contexte régional ; taille et fréquence locales proposées. Professions des résidents ; lieu de travail et commanditaires peuvent être extérieurs au quartier. Visiteurs exclus du stock. chapitre régional ; profil territorial proposé Budget civil 5,00 % ; coefficient 0,500000 ; part de filière 5,988 %. Savoir-faire de terrain et sécurité ; procédé spécialisé distinct du rang social.";0.0029665152180446235;0.12251056502755989;0.010960045502898447
Salinier;Extracteur de ressources minérales;0;0;;P — activité proposée;SB120;"Contexte régional ; taille et fréquence locales proposées. Professions des résidents ; lieu de travail et commanditaires peuvent être extérieurs au quartier. Visiteurs exclus du stock. chapitre régional ; profil territorial proposé Budget civil 5,00 % ; coefficient 0,000000 ; part de filière 0,000 %. Zéro proposé : Climat, matière ou culture hors filière régionale retenue ; aucun établissement exceptionnel proposé. Savoir-faire de terrain et sécurité ; procédé spécialisé distinct du rang social.";0;0;0
Mineur de bauronite;Extracteur de ressources minérales;0;0;;A — activité attestée;"SB174; SB182";"Contexte régional ; taille et fréquence locales proposées. Professions des résidents ; lieu de travail et commanditaires peuvent être extérieurs au quartier. Visiteurs exclus du stock. chapitre régional ; profil territorial proposé Budget civil 5,00 % ; coefficient 0,000000 ; part de filière 0,000 %. Zéro proposé : Climat, matière ou culture hors filière régionale retenue ; aucun établissement exceptionnel proposé. Savoir-faire de terrain et sécurité ; procédé spécialisé distinct du rang social.";0;0;0
Mineur de tameranium;Extracteur de ressources minérales;0;0;;A — activité attestée;"SB168; SB198";"Contexte régional ; taille et fréquence locales proposées. Professions des résidents ; lieu de travail et commanditaires peuvent être extérieurs au quartier. Visiteurs exclus du stock. chapitre régional ; profil territorial proposé Budget civil 5,00 % ; coefficient 0,000000 ; part de filière 0,000 %. Zéro proposé : Climat, matière ou culture hors filière régionale retenue ; aucun établissement exceptionnel proposé. Savoir-faire de terrain et sécurité ; procédé spécialisé distinct du rang social.";0;0;0
Extracteur d’obsidienne;Extracteur de ressources minérales;0;0;;A — activité attestée;SB190;"Contexte régional ; taille et fréquence locales proposées. Professions des résidents ; lieu de travail et commanditaires peuvent être extérieurs au quartier. Visiteurs exclus du stock. chapitre régional ; profil territorial proposé Budget civil 5,00 % ; coefficient 0,000000 ; part de filière 0,000 %. Zéro proposé : Filière régionale non retenue dans ce scénario, sans interdiction universelle. Savoir-faire de terrain et sécurité ; procédé spécialisé distinct du rang social.";0;0;0
Extracteur de soufre;Extracteur de ressources minérales;0;0;;A — activité attestée;SB190;"Contexte régional ; taille et fréquence locales proposées. Professions des résidents ; lieu de travail et commanditaires peuvent être extérieurs au quartier. Visiteurs exclus du stock. chapitre régional ; profil territorial proposé Budget civil 5,00 % ; coefficient 0,000000 ; part de filière 0,000 %. Zéro proposé : Filière régionale non retenue dans ce scénario, sans interdiction universelle. Savoir-faire de terrain et sécurité ; procédé spécialisé distinct du rang social.";0;0;0
Prospecteur;Extracteur de ressources minérales;0.13643712574850295;0.22005988023952086;;D — activité déduite;SB104;"Contexte régional ; taille et fréquence locales proposées. Professions des résidents ; lieu de travail et commanditaires peuvent être extérieurs au quartier. Visiteurs exclus du stock. chapitre régional ; profil territorial proposé Budget civil 5,00 % ; coefficient 0,500000 ; part de filière 5,988 %. Savoir-faire de terrain et sécurité ; procédé spécialisé distinct du rang social.";0.0029665152180446235;0.12251056502755989;0.010960045502898447
Meunier;Meunier;0.1794860302677532;0.28949359720605355;;D — activité déduite;SB121;"Contexte régional ; taille et fréquence locales proposées. Professions des résidents ; lieu de travail et commanditaires peuvent être extérieurs au quartier. Visiteurs exclus du stock. chapitre régional ; profil territorial proposé Budget civil 29,00 % ; coefficient 1,750000 ; part de filière 1,358 %. Apprentissage, atelier, combustible et outils ; titre noble ne remplace pas qualification.";0.01795133511114508;0.14827014498951918;0.013264550167088943
Boucher;Boucher;0.20512689173457507;0.3308498253783469;;D — activité déduite;SB99;"Contexte régional ; taille et fréquence locales proposées. Professions des résidents ; lieu de travail et commanditaires peuvent être extérieurs au quartier. Visiteurs exclus du stock. chapitre régional ; profil territorial proposé Budget civil 29,00 % ; coefficient 2,000000 ; part de filière 1,552 %. Apprentissage, atelier, combustible et outils ; titre noble ne remplace pas qualification.";0.02051581155559437;0.16945159427373618;0.015159485905244517
Écorcheur;Boucher;0.08205075669383004;0.13233993015133877;;A — activité attestée;MJ128;"Contexte régional ; taille et fréquence locales proposées. Professions des résidents ; lieu de travail et commanditaires peuvent être extérieurs au quartier. Visiteurs exclus du stock. chapitre régional ; profil territorial proposé Budget civil 29,00 % ; coefficient 0,800000 ; part de filière 0,621 %. Apprentissage, atelier, combustible et outils ; titre noble ne remplace pas qualification.";0.008206324622237748;0.06778063770949448;0.006063794362097804
Boulanger;Boulanger;0.4358946449359721;0.7030558789289872;;A — activité attestée;MJ128;"Contexte régional ; taille et fréquence locales proposées. Professions des résidents ; lieu de travail et commanditaires peuvent être extérieurs au quartier. Visiteurs exclus du stock. chapitre régional ; profil territorial proposé Budget civil 29,00 % ; coefficient 4,250000 ; part de filière 3,298 %. Apprentissage, atelier, combustible et outils ; titre noble ne remplace pas qualification.";0.043596099555638056;0.3600846378316894;0.032213907548644595
Cuisinier;Cuisinier;0.6571016582552269;1.059841384282624;;A — activité attestée;MJ128;"Contexte régional ; taille et fréquence locales proposées. Professions des résidents ; lieu de travail et commanditaires peuvent être extérieurs au quartier. Visiteurs exclus du stock. chapitre régional ; profil territorial proposé Budget civil 4,00 % ; coefficient 7,500000 ; part de filière 36,049 %. Apprentissage et qualification variable ; soins avancés et thérapie magique exigent formation.";0.007261420125889073;0.5997614150865841;0.050078823042753746
Cuisinier de haute cuisine;Cuisinier;0;0;;A — activité attestée;"PG28; CC52";"Contexte régional ; taille et fréquence locales proposées. Professions des résidents ; lieu de travail et commanditaires peuvent être extérieurs au quartier. Visiteurs exclus du stock. chapitre régional ; profil territorial proposé Budget civil 4,00 % ; coefficient 0,000000 ; part de filière 0,000 %. Zéro proposé : Haute cuisine concentrée auprès de clientèle et maîtres attestés/proposés ; cuisine ordinaire conservée. Apprentissage et qualification variable ; soins avancés et thérapie magique exigent formation.";0;0;0
Poissonnier;Transformateur alimentaire;0.13333247962747383;0.21505238649592553;;D — activité déduite;"SB120; SB149";"Contexte régional ; taille et fréquence locales proposées. Professions des résidents ; lieu de travail et commanditaires peuvent être extérieurs au quartier. Visiteurs exclus du stock. chapitre régional ; profil territorial proposé Budget civil 29,00 % ; coefficient 1,300000 ; part de filière 1,009 %. Apprentissage, atelier, combustible et outils ; titre noble ne remplace pas qualification.";0.013335277511136345;0.11014353627792856;0.009853665838408935
Saleur et sécheur alimentaire;Transformateur alimentaire;0.13333247962747383;0.21505238649592553;;D — activité déduite;"SB120; SB149";"Contexte régional ; taille et fréquence locales proposées. Professions des résidents ; lieu de travail et commanditaires peuvent être extérieurs au quartier. Visiteurs exclus du stock. chapitre régional ; profil territorial proposé Budget civil 29,00 % ; coefficient 1,300000 ; part de filière 1,009 %. Apprentissage, atelier, combustible et outils ; titre noble ne remplace pas qualification.";0.013335277511136345;0.11014353627792856;0.009853665838408935
Fromager;Transformateur alimentaire;0.13333247962747383;0.21505238649592553;;A — activité attestée;"SB120; SB149";"Contexte régional ; taille et fréquence locales proposées. Professions des résidents ; lieu de travail et commanditaires peuvent être extérieurs au quartier. Visiteurs exclus du stock. chapitre régional ; profil territorial proposé Budget civil 29,00 % ; coefficient 1,300000 ; part de filière 1,009 %. Apprentissage, atelier, combustible et outils ; titre noble ne remplace pas qualification.";0.013335277511136345;0.11014353627792856;0.009853665838408935
Huilier;Transformateur alimentaire;0.13333247962747383;0.21505238649592553;;P — activité proposée;"SB120; SB149";"Contexte régional ; taille et fréquence locales proposées. Professions des résidents ; lieu de travail et commanditaires peuvent être extérieurs au quartier. Visiteurs exclus du stock. chapitre régional ; profil territorial proposé Budget civil 29,00 % ; coefficient 1,300000 ; part de filière 1,009 %. Apprentissage, atelier, combustible et outils ; titre noble ne remplace pas qualification.";0.013335277511136345;0.11014353627792856;0.009853665838408935
Brasseur;Fabricant de boissons;0.12307613504074502;0.19850989522700813;;A — activité attestée;"MJ128; SB120";"Contexte régional ; taille et fréquence locales proposées. Professions des résidents ; lieu de travail et commanditaires peuvent être extérieurs au quartier. Visiteurs exclus du stock. chapitre régional ; profil territorial proposé Budget civil 29,00 % ; coefficient 1,200000 ; part de filière 0,931 %. Apprentissage, atelier, combustible et outils ; titre noble ne remplace pas qualification.";0.01230948693335662;0.10167095656424169;0.009095691543146708
Distillateur;Fabricant de boissons;0.12307613504074502;0.19850989522700813;;A — activité attestée;"MJ128; SB120";"Contexte régional ; taille et fréquence locales proposées. Professions des résidents ; lieu de travail et commanditaires peuvent être extérieurs au quartier. Visiteurs exclus du stock. chapitre régional ; profil territorial proposé Budget civil 29,00 % ; coefficient 1,200000 ; part de filière 0,931 %. Apprentissage, atelier, combustible et outils ; titre noble ne remplace pas qualification.";0.01230948693335662;0.10167095656424169;0.009095691543146708
Distillateur de Highlandtuber;Fabricant de boissons;0;0;;A — activité attestée;"SB120; SB121";"Contexte régional ; taille et fréquence locales proposées. Professions des résidents ; lieu de travail et commanditaires peuvent être extérieurs au quartier. Visiteurs exclus du stock. chapitre régional ; profil territorial proposé Budget civil 29,00 % ; coefficient 0,000000 ; part de filière 0,000 %. Zéro proposé : Filière régionale non retenue dans ce scénario, sans interdiction universelle. Apprentissage, atelier, combustible et outils ; titre noble ne remplace pas qualification.";0;0;0
Maître de cérémonie du thé;Maître de cérémonie du thé;0;0;;A — activité attestée;SB201;"Contexte régional ; taille et fréquence locales proposées. Professions des résidents ; lieu de travail et commanditaires peuvent être extérieurs au quartier. Visiteurs exclus du stock. chapitre régional ; profil territorial proposé Budget civil 1,00 % ; coefficient 0,000000 ; part de filière 0,000 %. Zéro proposé : Filière régionale non retenue dans ce scénario, sans interdiction universelle. Apprentissage, audition et réseau ; accès au mérite notamment Mustardseed.";0;0;0
Alchimiste;Alchimiste;0.04183896817410592;0.06748220673242891;;A — activité attestée;"MJ128; BR55";"Contexte régional ; taille et fréquence locales proposées. Professions des résidents ; lieu de travail et commanditaires peuvent être extérieurs au quartier. Visiteurs exclus du stock. chapitre régional ; profil territorial proposé Budget civil 15,00 % ; coefficient 2,500000 ; part de filière 0,612 %. Long apprentissage, frais, bourses, talent, licence ou secret ; titre ne donne pas maîtrise.";0.00966822903557691;0.03194213047712253;0.0002286086614064848
Apothicaire;Alchimiste;0.016735587269642374;0.026992882692971575;;A — activité attestée;"MJ128; BR55";"Contexte régional ; taille et fréquence locales proposées. Professions des résidents ; lieu de travail et commanditaires peuvent être extérieurs au quartier. Visiteurs exclus du stock. chapitre régional ; profil territorial proposé Budget civil 15,00 % ; coefficient 1,000000 ; part de filière 0,245 %. Long apprentissage, frais, bourses, talent, licence ou secret ; titre ne donne pas maîtrise.";0.003867291614230763;0.012776852190849015;9.144346456259397e-05
Préparateur de poisons;Alchimiste;0.016735587269642374;0.026992882692971575;;D — activité déduite;"BR55; SB193";"Contexte régional ; taille et fréquence locales proposées. Professions des résidents ; lieu de travail et commanditaires peuvent être extérieurs au quartier. Visiteurs exclus du stock. chapitre régional ; profil territorial proposé Budget civil 15,00 % ; coefficient 1,000000 ; part de filière 0,245 %. Long apprentissage, frais, bourses, talent, licence ou secret ; titre ne donne pas maîtrise.";0.003867291614230763;0.012776852190849015;9.144346456259397e-05
Préparateur de potions;Alchimiste;0.016735587269642374;0.026992882692971575;;A — activité attestée;SB138;"Contexte régional ; taille et fréquence locales proposées. Professions des résidents ; lieu de travail et commanditaires peuvent être extérieurs au quartier. Visiteurs exclus du stock. chapitre régional ; profil territorial proposé Budget civil 15,00 % ; coefficient 1,000000 ; part de filière 0,245 %. Long apprentissage, frais, bourses, talent, licence ou secret ; titre ne donne pas maîtrise.";0.003867291614230763;0.012776852190849015;9.144346456259397e-05
Préparateur d’Estelindea;Alchimiste;0;0;;A — activité attestée;SB153;"Contexte régional ; taille et fréquence locales proposées. Professions des résidents ; lieu de travail et commanditaires peuvent être extérieurs au quartier. Visiteurs exclus du stock. chapitre régional ; profil territorial proposé Budget civil 15,00 % ; coefficient 0,000000 ; part de filière 0,000 %. Zéro proposé : Filière régionale non retenue dans ce scénario, sans interdiction universelle. Long apprentissage, frais, bourses, talent, licence ou secret ; titre ne donne pas maîtrise.";0;0;0
Charbonnier;Charbonnier;0.20465568862275446;0.3300898203592814;;P — activité proposée;SB128;"Contexte régional ; taille et fréquence locales proposées. Professions des résidents ; lieu de travail et commanditaires peuvent être extérieurs au quartier. Visiteurs exclus du stock. chapitre régional ; profil territorial proposé Budget civil 5,00 % ; coefficient 0,750000 ; part de filière 8,982 %. Savoir-faire de terrain et sécurité ; procédé spécialisé distinct du rang social.";0.00444977282706694;0.18376584754133984;0.016440068254347687
Fondeur et affineur;Métallurgiste;0.14358882421420255;0.23159487776484283;;D — activité déduite;"SB198; SB160";"Contexte régional ; taille et fréquence locales proposées. Professions des résidents ; lieu de travail et commanditaires peuvent être extérieurs au quartier. Visiteurs exclus du stock. chapitre régional ; profil territorial proposé Budget civil 29,00 % ; coefficient 1,400000 ; part de filière 1,087 %. Apprentissage, atelier, combustible et outils ; titre noble ne remplace pas qualification.";0.014361068088916067;0.11861611599161533;0.01061164013367116
Aciériste;Métallurgiste;0.14358882421420255;0.23159487776484283;;D — activité déduite;SB198;"Contexte régional ; taille et fréquence locales proposées. Professions des résidents ; lieu de travail et commanditaires peuvent être extérieurs au quartier. Visiteurs exclus du stock. chapitre régional ; profil territorial proposé Budget civil 29,00 % ; coefficient 1,400000 ; part de filière 1,087 %. Apprentissage, atelier, combustible et outils ; titre noble ne remplace pas qualification.";0.014361068088916067;0.11861611599161533;0.01061164013367116
Forgeron;Forgeron;0.5128172293364377;0.8271245634458673;;A — activité attestée;MJ128;"Contexte régional ; taille et fréquence locales proposées. Professions des résidents ; lieu de travail et commanditaires peuvent être extérieurs au quartier. Visiteurs exclus du stock. chapitre régional ; profil territorial proposé Budget civil 29,00 % ; coefficient 5,000000 ; part de filière 3,880 %. Apprentissage, atelier, combustible et outils ; titre noble ne remplace pas qualification.";0.051289528888985914;0.4236289856843405;0.037898714763111276
Armurier;Forgeron;0.20512689173457507;0.3308498253783469;;A — activité attestée;MJ128;"Contexte régional ; taille et fréquence locales proposées. Professions des résidents ; lieu de travail et commanditaires peuvent être extérieurs au quartier. Visiteurs exclus du stock. chapitre régional ; profil territorial proposé Budget civil 29,00 % ; coefficient 2,000000 ; part de filière 1,552 %. Apprentissage, atelier, combustible et outils ; titre noble ne remplace pas qualification.";0.02051581155559437;0.16945159427373618;0.015159485905244517
Coutelier;Forgeron;0.20512689173457507;0.3308498253783469;;D — activité déduite;MJ128;"Contexte régional ; taille et fréquence locales proposées. Professions des résidents ; lieu de travail et commanditaires peuvent être extérieurs au quartier. Visiteurs exclus du stock. chapitre régional ; profil territorial proposé Budget civil 29,00 % ; coefficient 2,000000 ; part de filière 1,552 %. Apprentissage, atelier, combustible et outils ; titre noble ne remplace pas qualification.";0.02051581155559437;0.16945159427373618;0.015159485905244517
Rémouleur;Forgeron;0.20512689173457507;0.3308498253783469;;D — activité déduite;MJ128;"Contexte régional ; taille et fréquence locales proposées. Professions des résidents ; lieu de travail et commanditaires peuvent être extérieurs au quartier. Visiteurs exclus du stock. chapitre régional ; profil territorial proposé Budget civil 29,00 % ; coefficient 2,000000 ; part de filière 1,552 %. Apprentissage, atelier, combustible et outils ; titre noble ne remplace pas qualification.";0.02051581155559437;0.16945159427373618;0.015159485905244517
Serrurier;Mécanicien et artisan du métal;0.12307613504074502;0.19850989522700813;;A — activité attestée;"MJ128; SB174";"Contexte régional ; taille et fréquence locales proposées. Professions des résidents ; lieu de travail et commanditaires peuvent être extérieurs au quartier. Visiteurs exclus du stock. chapitre régional ; profil territorial proposé Budget civil 29,00 % ; coefficient 1,200000 ; part de filière 0,931 %. Apprentissage, atelier, combustible et outils ; titre noble ne remplace pas qualification.";0.01230948693335662;0.10167095656424169;0.009095691543146708
Rétameur;Mécanicien et artisan du métal;0.12307613504074502;0.19850989522700813;;A — activité attestée;"MJ128; SB174";"Contexte régional ; taille et fréquence locales proposées. Professions des résidents ; lieu de travail et commanditaires peuvent être extérieurs au quartier. Visiteurs exclus du stock. chapitre régional ; profil territorial proposé Budget civil 29,00 % ; coefficient 1,200000 ; part de filière 0,931 %. Apprentissage, atelier, combustible et outils ; titre noble ne remplace pas qualification.";0.01230948693335662;0.10167095656424169;0.009095691543146708
Réparateur et bricoleur;Mécanicien et artisan du métal;0.12307613504074502;0.19850989522700813;;A — activité attestée;"MJ128; SB174";"Contexte régional ; taille et fréquence locales proposées. Professions des résidents ; lieu de travail et commanditaires peuvent être extérieurs au quartier. Visiteurs exclus du stock. chapitre régional ; profil territorial proposé Budget civil 29,00 % ; coefficient 1,200000 ; part de filière 0,931 %. Apprentissage, atelier, combustible et outils ; titre noble ne remplace pas qualification.";0.01230948693335662;0.10167095656424169;0.009095691543146708
Horloger;Mécanicien et artisan du métal;0;0;;D — activité déduite;SB174;"Contexte régional ; taille et fréquence locales proposées. Professions des résidents ; lieu de travail et commanditaires peuvent être extérieurs au quartier. Visiteurs exclus du stock. chapitre régional ; profil territorial proposé Budget civil 29,00 % ; coefficient 0,000000 ; part de filière 0,000 %. Zéro proposé : Climat, matière ou culture hors filière régionale retenue ; aucun établissement exceptionnel proposé. Apprentissage, atelier, combustible et outils ; titre noble ne remplace pas qualification.";0;0;0
Fabricant d’outils de précision;Mécanicien et artisan du métal;0;0;;A — activité attestée;SB174;"Contexte régional ; taille et fréquence locales proposées. Professions des résidents ; lieu de travail et commanditaires peuvent être extérieurs au quartier. Visiteurs exclus du stock. chapitre régional ; profil territorial proposé Budget civil 29,00 % ; coefficient 0,000000 ; part de filière 0,000 %. Zéro proposé : Climat, matière ou culture hors filière régionale retenue ; aucun établissement exceptionnel proposé. Apprentissage, atelier, combustible et outils ; titre noble ne remplace pas qualification.";0;0;0
Fabricant d’instruments de navigation;Mécanicien et artisan du métal;0;0;;D — activité déduite;SB174;"Contexte régional ; taille et fréquence locales proposées. Professions des résidents ; lieu de travail et commanditaires peuvent être extérieurs au quartier. Visiteurs exclus du stock. chapitre régional ; profil territorial proposé Budget civil 29,00 % ; coefficient 0,000000 ; part de filière 0,000 %. Zéro proposé : Climat, matière ou culture hors filière régionale retenue ; aucun établissement exceptionnel proposé. Apprentissage, atelier, combustible et outils ; titre noble ne remplace pas qualification.";0;0;0
Bijoutier;Bijoutier;0.20512689173457507;0.3308498253783469;;A — activité attestée;MJ128;"Contexte régional ; taille et fréquence locales proposées. Professions des résidents ; lieu de travail et commanditaires peuvent être extérieurs au quartier. Visiteurs exclus du stock. chapitre régional ; profil territorial proposé Budget civil 29,00 % ; coefficient 2,000000 ; part de filière 1,552 %. Apprentissage, atelier, combustible et outils ; titre noble ne remplace pas qualification.";0.02051581155559437;0.16945159427373618;0.015159485905244517
Orfèvre;Bijoutier;0.08205075669383004;0.13233993015133877;;A — activité attestée;MJ128;"Contexte régional ; taille et fréquence locales proposées. Professions des résidents ; lieu de travail et commanditaires peuvent être extérieurs au quartier. Visiteurs exclus du stock. chapitre régional ; profil territorial proposé Budget civil 29,00 % ; coefficient 0,800000 ; part de filière 0,621 %. Apprentissage, atelier, combustible et outils ; titre noble ne remplace pas qualification.";0.008206324622237748;0.06778063770949448;0.006063794362097804
Lapidaire et tailleur de gemmes;Bijoutier;0.08205075669383004;0.13233993015133877;;A — activité attestée;MJ128;"Contexte régional ; taille et fréquence locales proposées. Professions des résidents ; lieu de travail et commanditaires peuvent être extérieurs au quartier. Visiteurs exclus du stock. chapitre régional ; profil territorial proposé Budget civil 29,00 % ; coefficient 0,800000 ; part de filière 0,621 %. Apprentissage, atelier, combustible et outils ; titre noble ne remplace pas qualification.";0.008206324622237748;0.06778063770949448;0.006063794362097804
Tanneur;Tanneur;0.12820430733410942;0.20678114086146682;;A — activité attestée;MJ128;"Contexte régional ; taille et fréquence locales proposées. Professions des résidents ; lieu de travail et commanditaires peuvent être extérieurs au quartier. Visiteurs exclus du stock. chapitre régional ; profil territorial proposé Budget civil 29,00 % ; coefficient 1,250000 ; part de filière 0,970 %. Apprentissage, atelier, combustible et outils ; titre noble ne remplace pas qualification.";0.012822382222246478;0.10590724642108512;0.009474678690777819
Fourreur;Tanneur;0.05128172293364377;0.08271245634458672;;D — activité déduite;"SB120; SB133";"Contexte régional ; taille et fréquence locales proposées. Professions des résidents ; lieu de travail et commanditaires peuvent être extérieurs au quartier. Visiteurs exclus du stock. chapitre régional ; profil territorial proposé Budget civil 29,00 % ; coefficient 0,500000 ; part de filière 0,388 %. Apprentissage, atelier, combustible et outils ; titre noble ne remplace pas qualification.";0.005128952888898593;0.042362898568434046;0.003789871476311129
Maroquinier;Artisan du cuir;0.16410151338766008;0.26467986030267754;;A — activité attestée;MJ128;"Contexte régional ; taille et fréquence locales proposées. Professions des résidents ; lieu de travail et commanditaires peuvent être extérieurs au quartier. Visiteurs exclus du stock. chapitre régional ; profil territorial proposé Budget civil 29,00 % ; coefficient 1,600000 ; part de filière 1,242 %. Apprentissage, atelier, combustible et outils ; titre noble ne remplace pas qualification.";0.016412649244475497;0.13556127541898896;0.012127588724195608
Bourrelier et sellier;Artisan du cuir;0.16410151338766008;0.26467986030267754;;D — activité déduite;"MJ128; SB163";"Contexte régional ; taille et fréquence locales proposées. Professions des résidents ; lieu de travail et commanditaires peuvent être extérieurs au quartier. Visiteurs exclus du stock. chapitre régional ; profil territorial proposé Budget civil 29,00 % ; coefficient 1,600000 ; part de filière 1,242 %. Apprentissage, atelier, combustible et outils ; titre noble ne remplace pas qualification.";0.016412649244475497;0.13556127541898896;0.012127588724195608
Boursier, fabricant de bourses;Artisan du cuir;0.16410151338766008;0.26467986030267754;;D — activité déduite;MJ128;"Contexte régional ; taille et fréquence locales proposées. Professions des résidents ; lieu de travail et commanditaires peuvent être extérieurs au quartier. Visiteurs exclus du stock. chapitre régional ; profil territorial proposé Budget civil 29,00 % ; coefficient 1,600000 ; part de filière 1,242 %. Apprentissage, atelier, combustible et outils ; titre noble ne remplace pas qualification.";0.016412649244475497;0.13556127541898896;0.012127588724195608
Gantier;Artisan du cuir;0.16410151338766008;0.26467986030267754;;D — activité déduite;MJ128;"Contexte régional ; taille et fréquence locales proposées. Professions des résidents ; lieu de travail et commanditaires peuvent être extérieurs au quartier. Visiteurs exclus du stock. chapitre régional ; profil territorial proposé Budget civil 29,00 % ; coefficient 1,600000 ; part de filière 1,242 %. Apprentissage, atelier, combustible et outils ; titre noble ne remplace pas qualification.";0.016412649244475497;0.13556127541898896;0.012127588724195608
Cordonnier;Artisan du cuir;0.16410151338766008;0.26467986030267754;;A — activité attestée;MJ128;"Contexte régional ; taille et fréquence locales proposées. Professions des résidents ; lieu de travail et commanditaires peuvent être extérieurs au quartier. Visiteurs exclus du stock. chapitre régional ; profil territorial proposé Budget civil 29,00 % ; coefficient 1,600000 ; part de filière 1,242 %. Apprentissage, atelier, combustible et outils ; titre noble ne remplace pas qualification.";0.016412649244475497;0.13556127541898896;0.012127588724195608
Fileur;Artisan textile;0.20512689173457507;0.3308498253783469;;D — activité déduite;MJ128;"Contexte régional ; taille et fréquence locales proposées. Professions des résidents ; lieu de travail et commanditaires peuvent être extérieurs au quartier. Visiteurs exclus du stock. chapitre régional ; profil territorial proposé Budget civil 29,00 % ; coefficient 2,000000 ; part de filière 1,552 %. Apprentissage, atelier, combustible et outils ; titre noble ne remplace pas qualification.";0.02051581155559437;0.16945159427373618;0.015159485905244517
Tisserand;Artisan textile;0.20512689173457507;0.3308498253783469;;A — activité attestée;MJ128;"Contexte régional ; taille et fréquence locales proposées. Professions des résidents ; lieu de travail et commanditaires peuvent être extérieurs au quartier. Visiteurs exclus du stock. chapitre régional ; profil territorial proposé Budget civil 29,00 % ; coefficient 2,000000 ; part de filière 1,552 %. Apprentissage, atelier, combustible et outils ; titre noble ne remplace pas qualification.";0.02051581155559437;0.16945159427373618;0.015159485905244517
Teinturier;Artisan textile;0.20512689173457507;0.3308498253783469;;A — activité attestée;MJ128;"Contexte régional ; taille et fréquence locales proposées. Professions des résidents ; lieu de travail et commanditaires peuvent être extérieurs au quartier. Visiteurs exclus du stock. chapitre régional ; profil territorial proposé Budget civil 29,00 % ; coefficient 2,000000 ; part de filière 1,552 %. Apprentissage, atelier, combustible et outils ; titre noble ne remplace pas qualification.";0.02051581155559437;0.16945159427373618;0.015159485905244517
Tailleur;Tailleur de vêtements;0.20512689173457507;0.3308498253783469;;D — activité déduite;"MJ128; SB139";"Contexte régional ; taille et fréquence locales proposées. Professions des résidents ; lieu de travail et commanditaires peuvent être extérieurs au quartier. Visiteurs exclus du stock. chapitre régional ; profil territorial proposé Budget civil 29,00 % ; coefficient 2,000000 ; part de filière 1,552 %. Apprentissage, atelier, combustible et outils ; titre noble ne remplace pas qualification.";0.02051581155559437;0.16945159427373618;0.015159485905244517
Modiste et fabricant de coiffes;Tailleur de vêtements;0.20512689173457507;0.3308498253783469;;D — activité déduite;"SB139; SB120";"Contexte régional ; taille et fréquence locales proposées. Professions des résidents ; lieu de travail et commanditaires peuvent être extérieurs au quartier. Visiteurs exclus du stock. chapitre régional ; profil territorial proposé Budget civil 29,00 % ; coefficient 2,000000 ; part de filière 1,552 %. Apprentissage, atelier, combustible et outils ; titre noble ne remplace pas qualification.";0.02051581155559437;0.16945159427373618;0.015159485905244517
Tapissier;Tapissier;0.10256344586728754;0.16542491268917345;;D — activité déduite;SB200;"Contexte régional ; taille et fréquence locales proposées. Professions des résidents ; lieu de travail et commanditaires peuvent être extérieurs au quartier. Visiteurs exclus du stock. chapitre régional ; profil territorial proposé Budget civil 29,00 % ; coefficient 1,000000 ; part de filière 0,776 %. Apprentissage, atelier, combustible et outils ; titre noble ne remplace pas qualification.";0.010257905777797185;0.08472579713686809;0.007579742952622258
Menuisier;Menuisier;0.5128172293364377;0.8271245634458673;;D — activité déduite;"MJ128; SB152";"Contexte régional ; taille et fréquence locales proposées. Professions des résidents ; lieu de travail et commanditaires peuvent être extérieurs au quartier. Visiteurs exclus du stock. chapitre régional ; profil territorial proposé Budget civil 29,00 % ; coefficient 5,000000 ; part de filière 3,880 %. Apprentissage, atelier, combustible et outils ; titre noble ne remplace pas qualification.";0.051289528888985914;0.4236289856843405;0.037898714763111276
Ébéniste;Menuisier;0.20512689173457507;0.3308498253783469;;D — activité déduite;MJ128;"Contexte régional ; taille et fréquence locales proposées. Professions des résidents ; lieu de travail et commanditaires peuvent être extérieurs au quartier. Visiteurs exclus du stock. chapitre régional ; profil territorial proposé Budget civil 29,00 % ; coefficient 2,000000 ; part de filière 1,552 %. Apprentissage, atelier, combustible et outils ; titre noble ne remplace pas qualification.";0.02051581155559437;0.16945159427373618;0.015159485905244517
Sculpteur sur bois;Menuisier;0.20512689173457507;0.3308498253783469;;A — activité attestée;MJ128;"Contexte régional ; taille et fréquence locales proposées. Professions des résidents ; lieu de travail et commanditaires peuvent être extérieurs au quartier. Visiteurs exclus du stock. chapitre régional ; profil territorial proposé Budget civil 29,00 % ; coefficient 2,000000 ; part de filière 1,552 %. Apprentissage, atelier, combustible et outils ; titre noble ne remplace pas qualification.";0.02051581155559437;0.16945159427373618;0.015159485905244517
Tonnelier;Menuisier;0.20512689173457507;0.3308498253783469;;A — activité attestée;MJ128;"Contexte régional ; taille et fréquence locales proposées. Professions des résidents ; lieu de travail et commanditaires peuvent être extérieurs au quartier. Visiteurs exclus du stock. chapitre régional ; profil territorial proposé Budget civil 29,00 % ; coefficient 2,000000 ; part de filière 1,552 %. Apprentissage, atelier, combustible et outils ; titre noble ne remplace pas qualification.";0.02051581155559437;0.16945159427373618;0.015159485905244517
Charron;Menuisier;0.20512689173457507;0.3308498253783469;;A — activité attestée;MJ128;"Contexte régional ; taille et fréquence locales proposées. Professions des résidents ; lieu de travail et commanditaires peuvent être extérieurs au quartier. Visiteurs exclus du stock. chapitre régional ; profil territorial proposé Budget civil 29,00 % ; coefficient 2,000000 ; part de filière 1,552 %. Apprentissage, atelier, combustible et outils ; titre noble ne remplace pas qualification.";0.02051581155559437;0.16945159427373618;0.015159485905244517
Charpentier;Charpentier;0.33333119906868447;0.5376309662398137;;A — activité attestée;MJ128;"Contexte régional ; taille et fréquence locales proposées. Professions des résidents ; lieu de travail et commanditaires peuvent être extérieurs au quartier. Visiteurs exclus du stock. chapitre régional ; profil territorial proposé Budget civil 29,00 % ; coefficient 3,250000 ; part de filière 2,522 %. Apprentissage, atelier, combustible et outils ; titre noble ne remplace pas qualification.";0.03333819377784086;0.2753588406948213;0.024634164596022325
Couvreur;Charpentier;0.13333247962747383;0.21505238649592553;;A — activité attestée;MJ128;"Contexte régional ; taille et fréquence locales proposées. Professions des résidents ; lieu de travail et commanditaires peuvent être extérieurs au quartier. Visiteurs exclus du stock. chapitre régional ; profil territorial proposé Budget civil 29,00 % ; coefficient 1,300000 ; part de filière 1,009 %. Apprentissage, atelier, combustible et outils ; titre noble ne remplace pas qualification.";0.013335277511136345;0.11014353627792856;0.009853665838408935
Constructeur naval;Constructeur naval;0.9230710128055877;1.4888242142025607;;A — activité attestée;"MJ128; SB148";"Contexte régional ; taille et fréquence locales proposées. Professions des résidents ; lieu de travail et commanditaires peuvent être extérieurs au quartier. Visiteurs exclus du stock. chapitre régional ; profil territorial proposé Budget civil 29,00 % ; coefficient 9,000000 ; part de filière 6,985 %. Apprentissage, atelier, combustible et outils ; titre noble ne remplace pas qualification.";0.09232115200017468;0.7625321742318127;0.0682176865736003
Calfat;Constructeur naval;0.3692284051222351;0.5955296856810243;;D — activité déduite;"MJ128; SB148";"Contexte régional ; taille et fréquence locales proposées. Professions des résidents ; lieu de travail et commanditaires peuvent être extérieurs au quartier. Visiteurs exclus du stock. chapitre régional ; profil territorial proposé Budget civil 29,00 % ; coefficient 3,600000 ; part de filière 2,794 %. Apprentissage, atelier, combustible et outils ; titre noble ne remplace pas qualification.";0.03692846080006987;0.3050128696927251;0.02728707462944013
Constructeur de drakkars;Constructeur naval;0;0;;A — activité attestée;SB130;"Contexte régional ; taille et fréquence locales proposées. Professions des résidents ; lieu de travail et commanditaires peuvent être extérieurs au quartier. Visiteurs exclus du stock. chapitre régional ; profil territorial proposé Budget civil 29,00 % ; coefficient 0,000000 ; part de filière 0,000 %. Zéro proposé : Filière régionale non retenue dans ce scénario, sans interdiction universelle. Apprentissage, atelier, combustible et outils ; titre noble ne remplace pas qualification.";0;0;0
Cordier;Cordier;0.12820430733410942;0.20678114086146682;;D — activité déduite;SB130;"Contexte régional ; taille et fréquence locales proposées. Professions des résidents ; lieu de travail et commanditaires peuvent être extérieurs au quartier. Visiteurs exclus du stock. chapitre régional ; profil territorial proposé Budget civil 29,00 % ; coefficient 1,250000 ; part de filière 0,970 %. Apprentissage, atelier, combustible et outils ; titre noble ne remplace pas qualification.";0.012822382222246478;0.10590724642108512;0.009474678690777819
Voilier;Cordier;0.05128172293364377;0.08271245634458672;;A — activité attestée;MJ128;"Contexte régional ; taille et fréquence locales proposées. Professions des résidents ; lieu de travail et commanditaires peuvent être extérieurs au quartier. Visiteurs exclus du stock. chapitre régional ; profil territorial proposé Budget civil 29,00 % ; coefficient 0,500000 ; part de filière 0,388 %. Apprentissage, atelier, combustible et outils ; titre noble ne remplace pas qualification.";0.005128952888898593;0.042362898568434046;0.003789871476311129
Facteur d’arcs;Facteur d’arcs;0.10256344586728754;0.16542491268917345;;A — activité attestée;"MJ128; SB152";"Contexte régional ; taille et fréquence locales proposées. Professions des résidents ; lieu de travail et commanditaires peuvent être extérieurs au quartier. Visiteurs exclus du stock. chapitre régional ; profil territorial proposé Budget civil 29,00 % ; coefficient 1,000000 ; part de filière 0,776 %. Apprentissage, atelier, combustible et outils ; titre noble ne remplace pas qualification.";0.010257905777797185;0.08472579713686809;0.007579742952622258
Fabricant de flèches;Facteur d’arcs;0.04102537834691502;0.06616996507566938;;A — activité attestée;SB152;"Contexte régional ; taille et fréquence locales proposées. Professions des résidents ; lieu de travail et commanditaires peuvent être extérieurs au quartier. Visiteurs exclus du stock. chapitre régional ; profil territorial proposé Budget civil 29,00 % ; coefficient 0,400000 ; part de filière 0,310 %. Apprentissage, atelier, combustible et outils ; titre noble ne remplace pas qualification.";0.004103162311118874;0.03389031885474724;0.003031897181048902
Luthier et facteur d’instruments;Luthier;0.07692258440046568;0.12406868451688012;;D — activité déduite;BR55;"Contexte régional ; taille et fréquence locales proposées. Professions des résidents ; lieu de travail et commanditaires peuvent être extérieurs au quartier. Visiteurs exclus du stock. chapitre régional ; profil territorial proposé Budget civil 29,00 % ; coefficient 0,750000 ; part de filière 0,582 %. Apprentissage, atelier, combustible et outils ; titre noble ne remplace pas qualification.";0.007693429333347892;0.06354434785265109;0.005684807214466694
Tailleur de pierre;Tailleur de pierre;0.25640861466821885;0.41356228172293363;;A — activité attestée;"MJ128; SB161";"Contexte régional ; taille et fréquence locales proposées. Professions des résidents ; lieu de travail et commanditaires peuvent être extérieurs au quartier. Visiteurs exclus du stock. chapitre régional ; profil territorial proposé Budget civil 29,00 % ; coefficient 2,500000 ; part de filière 1,940 %. Apprentissage, atelier, combustible et outils ; titre noble ne remplace pas qualification.";0.025644764444492957;0.21181449284217024;0.018949357381555638
Sculpteur sur pierre;Tailleur de pierre;0.10256344586728754;0.16542491268917345;;D — activité déduite;"MJ128; SB161";"Contexte régional ; taille et fréquence locales proposées. Professions des résidents ; lieu de travail et commanditaires peuvent être extérieurs au quartier. Visiteurs exclus du stock. chapitre régional ; profil territorial proposé Budget civil 29,00 % ; coefficient 1,000000 ; part de filière 0,776 %. Apprentissage, atelier, combustible et outils ; titre noble ne remplace pas qualification.";0.010257905777797185;0.08472579713686809;0.007579742952622258
Sculpteur de statues de Stone Spirits;Tailleur de pierre;0;0;;A — activité attestée;SB161;"Contexte régional ; taille et fréquence locales proposées. Professions des résidents ; lieu de travail et commanditaires peuvent être extérieurs au quartier. Visiteurs exclus du stock. chapitre régional ; profil territorial proposé Budget civil 29,00 % ; coefficient 0,000000 ; part de filière 0,000 %. Zéro proposé : Filière régionale non retenue dans ce scénario, sans interdiction universelle. Apprentissage, atelier, combustible et outils ; titre noble ne remplace pas qualification.";0;0;0
Maçon;Maçon;1.0256344586728754;1.6542491268917345;;A — activité attestée;"MJ128; SB90";"Contexte régional ; taille et fréquence locales proposées. Professions des résidents ; lieu de travail et commanditaires peuvent être extérieurs au quartier. Visiteurs exclus du stock. chapitre régional ; profil territorial proposé Budget civil 29,00 % ; coefficient 10,000000 ; part de filière 7,761 %. Apprentissage, atelier, combustible et outils ; titre noble ne remplace pas qualification.";0.10257905777797183;0.847257971368681;0.07579742952622255
Plâtrier;Maçon;0.41025378346915015;0.6616996507566938;;A — activité attestée;"MJ128; SB90";"Contexte régional ; taille et fréquence locales proposées. Professions des résidents ; lieu de travail et commanditaires peuvent être extérieurs au quartier. Visiteurs exclus du stock. chapitre régional ; profil territorial proposé Budget civil 29,00 % ; coefficient 4,000000 ; part de filière 3,104 %. Apprentissage, atelier, combustible et outils ; titre noble ne remplace pas qualification.";0.04103162311118874;0.33890318854747237;0.030318971810489034
Manœuvre de chantier;Maçon;0.4102537834691502;0.6616996507566939;;A — activité attestée;SB90;"Contexte régional ; taille et fréquence locales proposées. Professions des résidents ; lieu de travail et commanditaires peuvent être extérieurs au quartier. Visiteurs exclus du stock. chapitre régional ; profil territorial proposé Budget civil 29,00 % ; coefficient 4,000000 ; part de filière 3,104 %. Apprentissage, atelier, combustible et outils ; titre noble ne remplace pas qualification.";0.02159576412402929;0.35674305649180543;0.031914962853315465
Architecte;Architecte;0.20512689173457507;0.3308498253783469;;A — activité attestée;SB174;"Contexte régional ; taille et fréquence locales proposées. Professions des résidents ; lieu de travail et commanditaires peuvent être extérieurs au quartier. Visiteurs exclus du stock. chapitre régional ; profil territorial proposé Budget civil 29,00 % ; coefficient 2,000000 ; part de filière 1,552 %. Apprentissage, atelier, combustible et outils ; titre noble ne remplace pas qualification.";0.02051581155559437;0.16945159427373618;0.015159485905244517
Géomètre et arpenteur;Architecte;0.08205075669383004;0.13233993015133877;;A — activité attestée;MJ128;"Contexte régional ; taille et fréquence locales proposées. Professions des résidents ; lieu de travail et commanditaires peuvent être extérieurs au quartier. Visiteurs exclus du stock. chapitre régional ; profil territorial proposé Budget civil 29,00 % ; coefficient 0,800000 ; part de filière 0,621 %. Apprentissage, atelier, combustible et outils ; titre noble ne remplace pas qualification.";0.008206324622237748;0.06778063770949448;0.006063794362097804
Potier;Potier;0.25640861466821885;0.41356228172293363;;A — activité attestée;"MJ128; SB200";"Contexte régional ; taille et fréquence locales proposées. Professions des résidents ; lieu de travail et commanditaires peuvent être extérieurs au quartier. Visiteurs exclus du stock. chapitre régional ; profil territorial proposé Budget civil 29,00 % ; coefficient 2,500000 ; part de filière 1,940 %. Apprentissage, atelier, combustible et outils ; titre noble ne remplace pas qualification.";0.025644764444492957;0.21181449284217024;0.018949357381555638
Tuilier;Potier;0.10256344586728754;0.16542491268917345;;A — activité attestée;"MJ128; SB200";"Contexte régional ; taille et fréquence locales proposées. Professions des résidents ; lieu de travail et commanditaires peuvent être extérieurs au quartier. Visiteurs exclus du stock. chapitre régional ; profil territorial proposé Budget civil 29,00 % ; coefficient 1,000000 ; part de filière 0,776 %. Apprentissage, atelier, combustible et outils ; titre noble ne remplace pas qualification.";0.010257905777797185;0.08472579713686809;0.007579742952622258
Porcelainier;Potier;0.10256344586728754;0.16542491268917345;;D — activité déduite;SB200;"Contexte régional ; taille et fréquence locales proposées. Professions des résidents ; lieu de travail et commanditaires peuvent être extérieurs au quartier. Visiteurs exclus du stock. chapitre régional ; profil territorial proposé Budget civil 29,00 % ; coefficient 1,000000 ; part de filière 0,776 %. Apprentissage, atelier, combustible et outils ; titre noble ne remplace pas qualification.";0.010257905777797185;0.08472579713686809;0.007579742952622258
Souffleur de verre;Verrier;0.07179441210710127;0.11579743888242142;;A — activité attestée;"MJ128; SB174";"Contexte régional ; taille et fréquence locales proposées. Professions des résidents ; lieu de travail et commanditaires peuvent être extérieurs au quartier. Visiteurs exclus du stock. chapitre régional ; profil territorial proposé Budget civil 29,00 % ; coefficient 0,700000 ; part de filière 0,543 %. Apprentissage, atelier, combustible et outils ; titre noble ne remplace pas qualification.";0.007180534044458033;0.05930805799580766;0.00530582006683558
Vitrier;Verrier;0.07179441210710127;0.11579743888242142;;A — activité attestée;"MJ128; SB174";"Contexte régional ; taille et fréquence locales proposées. Professions des résidents ; lieu de travail et commanditaires peuvent être extérieurs au quartier. Visiteurs exclus du stock. chapitre régional ; profil territorial proposé Budget civil 29,00 % ; coefficient 0,700000 ; part de filière 0,543 %. Apprentissage, atelier, combustible et outils ; titre noble ne remplace pas qualification.";0.007180534044458033;0.05930805799580766;0.00530582006683558
Opticien et fabricant de lentilles;Verrier;0;0;;D — activité déduite;SB174;"Contexte régional ; taille et fréquence locales proposées. Professions des résidents ; lieu de travail et commanditaires peuvent être extérieurs au quartier. Visiteurs exclus du stock. chapitre régional ; profil territorial proposé Budget civil 29,00 % ; coefficient 0,000000 ; part de filière 0,000 %. Zéro proposé : Climat, matière ou culture hors filière régionale retenue ; aucun établissement exceptionnel proposé. Apprentissage, atelier, combustible et outils ; titre noble ne remplace pas qualification.";0;0;0
Papetier;Papetier et artisan du livre;0.08205075669383004;0.13233993015133877;;A — activité attestée;SB138;"Contexte régional ; taille et fréquence locales proposées. Professions des résidents ; lieu de travail et commanditaires peuvent être extérieurs au quartier. Visiteurs exclus du stock. chapitre régional ; profil territorial proposé Budget civil 29,00 % ; coefficient 0,800000 ; part de filière 0,621 %. Apprentissage, atelier, combustible et outils ; titre noble ne remplace pas qualification.";0.008206324622237748;0.06778063770949448;0.006063794362097804
Relieur;Papetier et artisan du livre;0.08205075669383004;0.13233993015133877;;D — activité déduite;"SB138; MJ128";"Contexte régional ; taille et fréquence locales proposées. Professions des résidents ; lieu de travail et commanditaires peuvent être extérieurs au quartier. Visiteurs exclus du stock. chapitre régional ; profil territorial proposé Budget civil 29,00 % ; coefficient 0,800000 ; part de filière 0,621 %. Apprentissage, atelier, combustible et outils ; titre noble ne remplace pas qualification.";0.008206324622237748;0.06778063770949448;0.006063794362097804
Chandelier;Chandelier;0.12820430733410942;0.20678114086146682;;P — activité proposée;SB98;"Contexte régional ; taille et fréquence locales proposées. Professions des résidents ; lieu de travail et commanditaires peuvent être extérieurs au quartier. Visiteurs exclus du stock. chapitre régional ; profil territorial proposé Budget civil 29,00 % ; coefficient 1,250000 ; part de filière 0,970 %. Apprentissage, atelier, combustible et outils ; titre noble ne remplace pas qualification.";0.012822382222246478;0.10590724642108512;0.009474678690777819
Peintre;Peintre;0.20512689173457507;0.3308498253783469;;A — activité attestée;"MJ128; SB190";"Contexte régional ; taille et fréquence locales proposées. Professions des résidents ; lieu de travail et commanditaires peuvent être extérieurs au quartier. Visiteurs exclus du stock. chapitre régional ; profil territorial proposé Budget civil 29,00 % ; coefficient 2,000000 ; part de filière 1,552 %. Apprentissage, atelier, combustible et outils ; titre noble ne remplace pas qualification.";0.02051581155559437;0.16945159427373618;0.015159485905244517
Fabricant d’enseignes;Peintre;0.08205075669383004;0.13233993015133877;;A — activité attestée;"MJ128; SB190";"Contexte régional ; taille et fréquence locales proposées. Professions des résidents ; lieu de travail et commanditaires peuvent être extérieurs au quartier. Visiteurs exclus du stock. chapitre régional ; profil territorial proposé Budget civil 29,00 % ; coefficient 0,800000 ; part de filière 0,621 %. Apprentissage, atelier, combustible et outils ; titre noble ne remplace pas qualification.";0.008206324622237748;0.06778063770949448;0.006063794362097804
Enlumineur;Peintre;0.08205075669383004;0.13233993015133877;;A — activité attestée;"MJ128; SB190";"Contexte régional ; taille et fréquence locales proposées. Professions des résidents ; lieu de travail et commanditaires peuvent être extérieurs au quartier. Visiteurs exclus du stock. chapitre régional ; profil territorial proposé Budget civil 29,00 % ; coefficient 0,800000 ; part de filière 0,621 %. Apprentissage, atelier, combustible et outils ; titre noble ne remplace pas qualification.";0.008206324622237748;0.06778063770949448;0.006063794362097804
Peintre de guerre spirituel;Peintre;0;0;;A — activité attestée;SB193;"Contexte régional ; taille et fréquence locales proposées. Professions des résidents ; lieu de travail et commanditaires peuvent être extérieurs au quartier. Visiteurs exclus du stock. chapitre régional ; profil territorial proposé Initiation de la Red Mother ou apprentissage autorisé; recette complète non librement disponible Budget civil 29,00 % ; coefficient 0,000000 ; part de filière 0,000 %. Zéro proposé : Filière régionale non retenue dans ce scénario, sans interdiction universelle. Apprentissage, atelier, combustible et outils ; titre noble ne remplace pas qualification.";0;0;0
Tatoueur rituel;Peintre;0;0;;D — activité déduite;"SB200; SB204";"Contexte régional ; taille et fréquence locales proposées. Professions des résidents ; lieu de travail et commanditaires peuvent être extérieurs au quartier. Visiteurs exclus du stock. chapitre régional ; profil territorial proposé Budget civil 29,00 % ; coefficient 0,000000 ; part de filière 0,000 %. Zéro proposé : Filière régionale non retenue dans ce scénario, sans interdiction universelle. Apprentissage, atelier, combustible et outils ; titre noble ne remplace pas qualification.";0;0;0
Portefaix;Transporteur terrestre;0.1466966570367313;0.2366075113495666;;D — activité déduite;"MJ132; SB121";"Contexte régional ; taille et fréquence locales proposées. Professions des résidents ; lieu de travail et commanditaires peuvent être extérieurs au quartier. Visiteurs exclus du stock. chapitre régional ; profil territorial proposé Budget civil 13,00 % ; coefficient 6,000000 ; part de filière 2,476 %. Réseau, itinéraires, confiance et capital ; manutention distincte de propriété du fret.";0.011117581400222405;0.12243512035457435;0.013143955281934535
Docker;Transporteur terrestre;0.1466966570367313;0.2366075113495666;;D — activité déduite;"MJ132; SB121";"Contexte régional ; taille et fréquence locales proposées. Professions des résidents ; lieu de travail et commanditaires peuvent être extérieurs au quartier. Visiteurs exclus du stock. chapitre régional ; profil territorial proposé Budget civil 13,00 % ; coefficient 6,000000 ; part de filière 2,476 %. Réseau, itinéraires, confiance et capital ; manutention distincte de propriété du fret.";0.011117581400222405;0.12243512035457435;0.013143955281934535
Magasinier;Transporteur terrestre;0.1466966570367313;0.2366075113495666;;D — activité déduite;"MJ132; SB121";"Contexte régional ; taille et fréquence locales proposées. Professions des résidents ; lieu de travail et commanditaires peuvent être extérieurs au quartier. Visiteurs exclus du stock. chapitre régional ; profil territorial proposé Budget civil 13,00 % ; coefficient 6,000000 ; part de filière 2,476 %. Réseau, itinéraires, confiance et capital ; manutention distincte de propriété du fret.";0.02066875640499211;0.1138099010443928;0.012217999587346378
Charretier et cocher;Transporteur terrestre;0.1466966570367313;0.2366075113495666;;D — activité déduite;"MJ132; SB121";"Contexte régional ; taille et fréquence locales proposées. Professions des résidents ; lieu de travail et commanditaires peuvent être extérieurs au quartier. Visiteurs exclus du stock. chapitre régional ; profil territorial proposé Budget civil 13,00 % ; coefficient 6,000000 ; part de filière 2,476 %. Réseau, itinéraires, confiance et capital ; manutention distincte de propriété du fret.";0.02066875640499211;0.1138099010443928;0.012217999587346378
Chef de caravane;Transporteur terrestre;0.1466966570367313;0.2366075113495666;;A — activité attestée;MJ132;"Contexte régional ; taille et fréquence locales proposées. Professions des résidents ; lieu de travail et commanditaires peuvent être extérieurs au quartier. Visiteurs exclus du stock. chapitre régional ; profil territorial proposé Budget civil 13,00 % ; coefficient 6,000000 ; part de filière 2,476 %. Réseau, itinéraires, confiance et capital ; manutention distincte de propriété du fret.";0.02066875640499211;0.1138099010443928;0.012217999587346378
Coursier et messager;Transporteur terrestre;0.1466966570367313;0.2366075113495666;;D — activité déduite;"MJ132; SB121";"Contexte régional ; taille et fréquence locales proposées. Professions des résidents ; lieu de travail et commanditaires peuvent être extérieurs au quartier. Visiteurs exclus du stock. chapitre régional ; profil territorial proposé Budget civil 13,00 % ; coefficient 6,000000 ; part de filière 2,476 %. Réseau, itinéraires, confiance et capital ; manutention distincte de propriété du fret.";0.02066875640499211;0.1138099010443928;0.012217999587346378
Porteur d’eau;Transporteur terrestre;0.1466966570367313;0.2366075113495666;;P — activité proposée;"MJ132; SB121";"Contexte régional ; taille et fréquence locales proposées. Professions des résidents ; lieu de travail et commanditaires peuvent être extérieurs au quartier. Visiteurs exclus du stock. chapitre régional ; profil territorial proposé Budget civil 13,00 % ; coefficient 6,000000 ; part de filière 2,476 %. Réseau, itinéraires, confiance et capital ; manutention distincte de propriété du fret.";0.02066875640499211;0.1138099010443928;0.012217999587346378
Transporteur de canopée;Transporteur terrestre;0;0;;D — activité déduite;SB154;"Contexte régional ; taille et fréquence locales proposées. Professions des résidents ; lieu de travail et commanditaires peuvent être extérieurs au quartier. Visiteurs exclus du stock. chapitre régional ; profil territorial proposé Budget civil 13,00 % ; coefficient 0,000000 ; part de filière 0,000 %. Zéro proposé : Filière régionale non retenue dans ce scénario, sans interdiction universelle. Réseau, itinéraires, confiance et capital ; manutention distincte de propriété du fret.";0;0;0
Opérateur de Stone Disks;Transporteur terrestre;0;0;;A — activité attestée;PG13;"Contexte régional ; taille et fréquence locales proposées. Professions des résidents ; lieu de travail et commanditaires peuvent être extérieurs au quartier. Visiteurs exclus du stock. chapitre régional ; profil territorial proposé Prêtre nain de Dorsi; Formation spécialisée Budget civil 13,00 % ; coefficient 0,000000 ; part de filière 0,000 %. Zéro proposé : Filière régionale non retenue dans ce scénario, sans interdiction universelle. Réseau, itinéraires, confiance et capital ; manutention distincte de propriété du fret.";0;0;0
Palefrenier et soigneur d’écurie;Transporteur terrestre;0.1466966570367313;0.2366075113495666;;D — activité déduite;SB123;"Contexte régional ; taille et fréquence locales proposées. Professions des résidents ; lieu de travail et commanditaires peuvent être extérieurs au quartier. Visiteurs exclus du stock. chapitre régional ; profil territorial proposé Budget civil 13,00 % ; coefficient 6,000000 ; part de filière 2,476 %. Réseau, itinéraires, confiance et capital ; manutention distincte de propriété du fret.";0.02066875640499211;0.1138099010443928;0.012217999587346378
Marin;Marin;0.06112360709863804;0.09858646306231943;;A — activité attestée;MJ136;"Contexte régional ; taille et fréquence locales proposées. Professions des résidents ; lieu de travail et commanditaires peuvent être extérieurs au quartier. Visiteurs exclus du stock. chapitre régional ; profil territorial proposé Budget civil 13,00 % ; coefficient 2,500000 ; part de filière 1,032 %. Réseau, itinéraires, confiance et capital ; manutention distincte de propriété du fret.";0.008611981835413372;0.047420792101830346;0.005090833161394324
Navigateur;Marin;0.02444944283945522;0.03943458522492777;;A — activité attestée;MJ136;"Contexte régional ; taille et fréquence locales proposées. Professions des résidents ; lieu de travail et commanditaires peuvent être extérieurs au quartier. Visiteurs exclus du stock. chapitre régional ; profil territorial proposé Budget civil 13,00 % ; coefficient 1,000000 ; part de filière 0,413 %. Réseau, itinéraires, confiance et capital ; manutention distincte de propriété du fret.";0.0034447927341653512;0.018968316840732136;0.0020363332645577307
Pilote de port;Marin;0.02444944283945522;0.03943458522492777;;D — activité déduite;MJ136;"Contexte régional ; taille et fréquence locales proposées. Professions des résidents ; lieu de travail et commanditaires peuvent être extérieurs au quartier. Visiteurs exclus du stock. chapitre régional ; profil territorial proposé Budget civil 13,00 % ; coefficient 1,000000 ; part de filière 0,413 %. Réseau, itinéraires, confiance et capital ; manutention distincte de propriété du fret.";0.0034447927341653512;0.018968316840732136;0.0020363332645577307
Capitaine de navire;Marin;0.02444944283945522;0.03943458522492777;;A — activité attestée;MJ136;"Contexte régional ; taille et fréquence locales proposées. Professions des résidents ; lieu de travail et commanditaires peuvent être extérieurs au quartier. Visiteurs exclus du stock. chapitre régional ; profil territorial proposé Budget civil 13,00 % ; coefficient 1,000000 ; part de filière 0,413 %. Réseau, itinéraires, confiance et capital ; manutention distincte de propriété du fret.";0.0034447927341653512;0.018968316840732136;0.0020363332645577307
Pilote de véhicule volant;Marin;0;0;;D — activité déduite;"SB142; SB174";"Contexte régional ; taille et fréquence locales proposées. Professions des résidents ; lieu de travail et commanditaires peuvent être extérieurs au quartier. Visiteurs exclus du stock. chapitre régional ; profil territorial proposé Budget civil 13,00 % ; coefficient 0,000000 ; part de filière 0,000 %. Zéro proposé : Climat, matière ou culture hors filière régionale retenue ; aucun établissement exceptionnel proposé. Réseau, itinéraires, confiance et capital ; manutention distincte de propriété du fret.";0;0;0
Aubergiste;Hôte professionnel;0.26284066330209077;0.42393655371304967;;D — activité déduite;"SB110; SB123";"Contexte régional ; taille et fréquence locales proposées. Professions des résidents ; lieu de travail et commanditaires peuvent être extérieurs au quartier. Visiteurs exclus du stock. chapitre régional ; profil territorial proposé Budget civil 4,00 % ; coefficient 3,000000 ; part de filière 14,420 %. Apprentissage et qualification variable ; soins avancés et thérapie magique exigent formation.";0.002904568050355629;0.23990456603463367;0.020031529217101492
Tavernier;Hôte professionnel;0.26284066330209077;0.42393655371304967;;A — activité attestée;"SB108; SB149";"Contexte régional ; taille et fréquence locales proposées. Professions des résidents ; lieu de travail et commanditaires peuvent être extérieurs au quartier. Visiteurs exclus du stock. chapitre régional ; profil territorial proposé Budget civil 4,00 % ; coefficient 3,000000 ; part de filière 14,420 %. Apprentissage et qualification variable ; soins avancés et thérapie magique exigent formation.";0.002904568050355629;0.23990456603463367;0.020031529217101492
Barbier;Barbier;0.06571016582552269;0.10598413842826242;;P — activité proposée;"MJ135; PG40";"Contexte régional ; taille et fréquence locales proposées. Professions des résidents ; lieu de travail et commanditaires peuvent être extérieurs au quartier. Visiteurs exclus du stock. chapitre régional ; profil territorial proposé Budget civil 4,00 % ; coefficient 0,750000 ; part de filière 3,605 %. Apprentissage et qualification variable ; soins avancés et thérapie magique exigent formation.";0.0007261420125889073;0.05997614150865842;0.005007882304275373
Domestique;Employé domestique et aide familiale;0.17522710886806056;0.28262436914203315;;A — activité attestée;"MJ135; PG40";"Contexte régional ; taille et fréquence locales proposées. Professions des résidents ; lieu de travail et commanditaires peuvent être extérieurs au quartier. Visiteurs exclus du stock. chapitre régional ; profil territorial proposé Budget civil 4,00 % ; coefficient 2,000000 ; part de filière 9,613 %. Apprentissage et qualification variable ; soins avancés et thérapie magique exigent formation.";0.001936378700237086;0.1599363773564225;0.013354352811400993
Gardien d’enfants;Employé domestique et aide familiale;0.08761355443403028;0.14131218457101657;;A — activité attestée;PG40;"Contexte régional ; taille et fréquence locales proposées. Professions des résidents ; lieu de travail et commanditaires peuvent être extérieurs au quartier. Visiteurs exclus du stock. chapitre régional ; profil territorial proposé Budget civil 4,00 % ; coefficient 1,000000 ; part de filière 4,807 %. Apprentissage et qualification variable ; soins avancés et thérapie magique exigent formation.";0.000968189350118543;0.07996818867821125;0.006677176405700497
Terrassier d’hygiène urbaine;Agent d’entretien;0.017522710886806056;0.028262436914203316;;P — activité proposée;SB90;"Contexte régional ; taille et fréquence locales proposées. Professions des résidents ; lieu de travail et commanditaires peuvent être extérieurs au quartier. Visiteurs exclus du stock. chapitre régional ; profil territorial proposé Budget civil 4,00 % ; coefficient 0,200000 ; part de filière 0,961 %. Apprentissage et qualification variable ; soins avancés et thérapie magique exigent formation.";9.735686478915125e-05;0.016082499010394432;0.0013428550116224714
Ramoneur;Agent d’entretien;0.01752271088680606;0.028262436914203323;;P — activité proposée;SB90;"Contexte régional ; taille et fréquence locales proposées. Professions des résidents ; lieu de travail et commanditaires peuvent être extérieurs au quartier. Visiteurs exclus du stock. chapitre régional ; profil territorial proposé Budget civil 4,00 % ; coefficient 0,200000 ; part de filière 0,961 %. Apprentissage et qualification variable ; soins avancés et thérapie magique exigent formation.";0.00019363787002370868;0.01599363773564225;0.0013354352811401002
Fossoyeur;Agent funéraire;0.052568132660418175;0.08478731074260995;;A — activité attestée;"MJ135; SB99; SB182";"Contexte régional ; taille et fréquence locales proposées. Professions des résidents ; lieu de travail et commanditaires peuvent être extérieurs au quartier. Visiteurs exclus du stock. chapitre régional ; profil territorial proposé Budget civil 4,00 % ; coefficient 0,600000 ; part de filière 2,884 %. Apprentissage et qualification variable ; soins avancés et thérapie magique exigent formation.";0.000580913610071126;0.04798091320692675;0.0040063058434203005
Gardien de cimetière;Agent funéraire;0.052568132660418175;0.08478731074260995;;A — activité attestée;"MJ135; SB99; SB182";"Contexte régional ; taille et fréquence locales proposées. Professions des résidents ; lieu de travail et commanditaires peuvent être extérieurs au quartier. Visiteurs exclus du stock. chapitre régional ; profil territorial proposé Budget civil 4,00 % ; coefficient 0,600000 ; part de filière 2,884 %. Apprentissage et qualification variable ; soins avancés et thérapie magique exigent formation.";0.000580913610071126;0.04798091320692675;0.0040063058434203005
Momificateur;Agent funéraire;0;0;;A — activité attestée;SB182;"Contexte régional ; taille et fréquence locales proposées. Professions des résidents ; lieu de travail et commanditaires peuvent être extérieurs au quartier. Visiteurs exclus du stock. chapitre régional ; profil territorial proposé Budget civil 4,00 % ; coefficient 0,000000 ; part de filière 0,000 %. Zéro proposé : Filière régionale non retenue dans ce scénario, sans interdiction universelle. Apprentissage et qualification variable ; soins avancés et thérapie magique exigent formation.";0;0;0
Gardien d’arbres funéraires;Agent funéraire;0;0;;D — activité déduite;SB155;"Contexte régional ; taille et fréquence locales proposées. Professions des résidents ; lieu de travail et commanditaires peuvent être extérieurs au quartier. Visiteurs exclus du stock. chapitre régional ; profil territorial proposé Budget civil 4,00 % ; coefficient 0,000000 ; part de filière 0,000 %. Zéro proposé : Filière régionale non retenue dans ce scénario, sans interdiction universelle. Apprentissage et qualification variable ; soins avancés et thérapie magique exigent formation.";0;0;0
Marchand;Marchand;0.5501124638877424;0.8872781675608747;;A — activité attestée;"MJ128; SB139";"Contexte régional ; taille et fréquence locales proposées. Professions des résidents ; lieu de travail et commanditaires peuvent être extérieurs au quartier. Visiteurs exclus du stock. chapitre régional ; profil territorial proposé Budget civil 13,00 % ; coefficient 22,500000 ; part de filière 9,286 %. Réseau, itinéraires, confiance et capital ; manutention distincte de propriété du fret.";0.0775078365187204;0.4267871289164731;0.045817498452548934
Colporteur;Marchand;0.22004498555509694;0.3549112670243499;;A — activité attestée;SB121;"Contexte régional ; taille et fréquence locales proposées. Professions des résidents ; lieu de travail et commanditaires peuvent être extérieurs au quartier. Visiteurs exclus du stock. chapitre régional ; profil territorial proposé Budget civil 13,00 % ; coefficient 9,000000 ; part de filière 3,714 %. Réseau, itinéraires, confiance et capital ; manutention distincte de propriété du fret.";0.03100313460748816;0.17071485156658922;0.01832699938101957
Courtier;Marchand;0.22004498555509694;0.3549112670243499;;A — activité attestée;SB149;"Contexte régional ; taille et fréquence locales proposées. Professions des résidents ; lieu de travail et commanditaires peuvent être extérieurs au quartier. Visiteurs exclus du stock. chapitre régional ; profil territorial proposé Budget civil 13,00 % ; coefficient 9,000000 ; part de filière 3,714 %. Réseau, itinéraires, confiance et capital ; manutention distincte de propriété du fret.";0.03100313460748816;0.17071485156658922;0.01832699938101957
Commissaire-priseur d’objets magiques;Marchand;0;0;;A — activité attestée;SB139;"Contexte régional ; taille et fréquence locales proposées. Professions des résidents ; lieu de travail et commanditaires peuvent être extérieurs au quartier. Visiteurs exclus du stock. chapitre régional ; profil territorial proposé Budget civil 13,00 % ; coefficient 0,000000 ; part de filière 0,000 %. Zéro proposé : Filière régionale non retenue dans ce scénario, sans interdiction universelle. Réseau, itinéraires, confiance et capital ; manutention distincte de propriété du fret.";0;0;0
Comptable;Professionnel de finance;0.06112360709863804;0.09858646306231943;;D — activité déduite;"SB212; SB213";"Contexte régional ; taille et fréquence locales proposées. Professions des résidents ; lieu de travail et commanditaires peuvent être extérieurs au quartier. Visiteurs exclus du stock. chapitre régional ; profil territorial proposé Budget civil 13,00 % ; coefficient 2,500000 ; part de filière 1,032 %. Réseau, itinéraires, confiance et capital ; manutention distincte de propriété du fret.";0.008611981835413372;0.047420792101830346;0.005090833161394324
Banquier et employé de banque;Professionnel de finance;0.0048898885678910434;0.007886917044985554;;A — activité attestée;"SB212; SB213";"Contexte régional ; taille et fréquence locales proposées. Professions des résidents ; lieu de travail et commanditaires peuvent être extérieurs au quartier. Visiteurs exclus du stock. chapitre régional ; profil territorial proposé Budget civil 13,00 % ; coefficient 0,200000 ; part de filière 0,083 %. Réseau, itinéraires, confiance et capital ; manutention distincte de propriété du fret.";0.0006889585468330705;0.003793663368146427;0.000407266652911546
Usurier et prêteur sur gages;Professionnel de finance;0.06112360709863804;0.09858646306231943;;D — activité déduite;"SB212; SB213";"Contexte régional ; taille et fréquence locales proposées. Professions des résidents ; lieu de travail et commanditaires peuvent être extérieurs au quartier. Visiteurs exclus du stock. chapitre régional ; profil territorial proposé Budget civil 13,00 % ; coefficient 2,500000 ; part de filière 1,032 %. Réseau, itinéraires, confiance et capital ; manutention distincte de propriété du fret.";0.008611981835413372;0.047420792101830346;0.005090833161394324
Changeur;Professionnel de finance;0.06112360709863804;0.09858646306231943;;D — activité déduite;"SB212; SB213";"Contexte régional ; taille et fréquence locales proposées. Professions des résidents ; lieu de travail et commanditaires peuvent être extérieurs au quartier. Visiteurs exclus du stock. chapitre régional ; profil territorial proposé Budget civil 13,00 % ; coefficient 2,500000 ; part de filière 1,032 %. Réseau, itinéraires, confiance et capital ; manutention distincte de propriété du fret.";0.008611981835413372;0.047420792101830346;0.005090833161394324
Assureur;Professionnel de finance;0.0048898885678910434;0.007886917044985554;;D — activité déduite;"SB212; SB213";"Contexte régional ; taille et fréquence locales proposées. Professions des résidents ; lieu de travail et commanditaires peuvent être extérieurs au quartier. Visiteurs exclus du stock. chapitre régional ; profil territorial proposé Budget civil 13,00 % ; coefficient 0,200000 ; part de filière 0,083 %. Réseau, itinéraires, confiance et capital ; manutention distincte de propriété du fret.";0.0006889585468330705;0.003793663368146427;0.000407266652911546
Estimateur;Professionnel de finance;0.0048898885678910434;0.007886917044985554;;A — activité attestée;"SB212; SB213";"Contexte régional ; taille et fréquence locales proposées. Professions des résidents ; lieu de travail et commanditaires peuvent être extérieurs au quartier. Visiteurs exclus du stock. chapitre régional ; profil territorial proposé Budget civil 13,00 % ; coefficient 0,200000 ; part de filière 0,083 %. Réseau, itinéraires, confiance et capital ; manutention distincte de propriété du fret.";0.0006889585468330705;0.003793663368146427;0.000407266652911546
Négociateur;Professionnel de finance;0.0048898885678910434;0.007886917044985554;;A — activité attestée;"SB212; SB213";"Contexte régional ; taille et fréquence locales proposées. Professions des résidents ; lieu de travail et commanditaires peuvent être extérieurs au quartier. Visiteurs exclus du stock. chapitre régional ; profil territorial proposé Budget civil 13,00 % ; coefficient 0,200000 ; part de filière 0,083 %. Réseau, itinéraires, confiance et capital ; manutention distincte de propriété du fret.";0.0006889585468330705;0.003793663368146427;0.000407266652911546
Scribe;Scribe et auteur;0.17841435562805874;0.2877650897226754;;A — activité attestée;"MJ128; SB32";"Contexte régional ; taille et fréquence locales proposées. Professions des résidents ; lieu de travail et commanditaires peuvent être extérieurs au quartier. Visiteurs exclus du stock. chapitre régional ; profil territorial proposé Budget civil 12,00 % ; coefficient 2,000000 ; part de filière 3,263 %. Instruction, autorisation ou initiation ; clergé, caste et office ne rendent pas noble.";0.027079761762735417;0.1491112936905227;0.0022233001748006255
Calligraphe;Scribe et auteur;0.17841435562805874;0.2877650897226754;;A — activité attestée;"MJ128; SB32";"Contexte régional ; taille et fréquence locales proposées. Professions des résidents ; lieu de travail et commanditaires peuvent être extérieurs au quartier. Visiteurs exclus du stock. chapitre régional ; profil territorial proposé Budget civil 12,00 % ; coefficient 2,000000 ; part de filière 3,263 %. Instruction, autorisation ou initiation ; clergé, caste et office ne rendent pas noble.";0.027079761762735417;0.1491112936905227;0.0022233001748006255
Écrivain;Scribe et auteur;0.03347117453928475;0.05398576538594315;;A — activité attestée;"MJ128; SB32";"Contexte régional ; taille et fréquence locales proposées. Professions des résidents ; lieu de travail et commanditaires peuvent être extérieurs au quartier. Visiteurs exclus du stock. chapitre régional ; profil territorial proposé Budget civil 15,00 % ; coefficient 2,000000 ; part de filière 0,490 %. Long apprentissage, frais, bourses, talent, licence ou secret ; titre ne donne pas maîtrise.";0.007734583228461526;0.02555370438169803;0.00018288692912518794
Journaliste et rédacteur;Scribe et auteur;0.03347117453928475;0.05398576538594315;;A — activité attestée;CC9;"Contexte régional ; taille et fréquence locales proposées. Professions des résidents ; lieu de travail et commanditaires peuvent être extérieurs au quartier. Visiteurs exclus du stock. chapitre régional ; profil territorial proposé Budget civil 15,00 % ; coefficient 2,000000 ; part de filière 0,490 %. Long apprentissage, frais, bourses, talent, licence ou secret ; titre ne donne pas maîtrise.";0.007734583228461526;0.02555370438169803;0.00018288692912518794
Traducteur;Scribe et auteur;0.17841435562805874;0.2877650897226754;;D — activité déduite;SB198;"Contexte régional ; taille et fréquence locales proposées. Professions des résidents ; lieu de travail et commanditaires peuvent être extérieurs au quartier. Visiteurs exclus du stock. chapitre régional ; profil territorial proposé Budget civil 12,00 % ; coefficient 2,000000 ; part de filière 3,263 %. Instruction, autorisation ou initiation ; clergé, caste et office ne rendent pas noble.";0.027079761762735417;0.1491112936905227;0.0022233001748006255
Bibliothécaire;Érudit;0.11596933115823818;0.187047308319739;;A — activité attestée;MJ138;"Contexte régional ; taille et fréquence locales proposées. Professions des résidents ; lieu de travail et commanditaires peuvent être extérieurs au quartier. Visiteurs exclus du stock. chapitre régional ; profil territorial proposé Budget civil 12,00 % ; coefficient 1,300000 ; part de filière 2,121 %. Instruction, autorisation ou initiation ; clergé, caste et office ne rendent pas noble.";0.01760184514577803;0.09692234089883975;0.0014451451136204072
Conservateur de musée;Érudit;0.11596933115823818;0.187047308319739;;A — activité attestée;PG48;"Contexte régional ; taille et fréquence locales proposées. Professions des résidents ; lieu de travail et commanditaires peuvent être extérieurs au quartier. Visiteurs exclus du stock. chapitre régional ; profil territorial proposé Budget civil 12,00 % ; coefficient 1,300000 ; part de filière 2,121 %. Instruction, autorisation ou initiation ; clergé, caste et office ne rendent pas noble.";0.01760184514577803;0.09692234089883975;0.0014451451136204072
Historien;Érudit;0.021756263450535083;0.03509074750086304;;A — activité attestée;PG46;"Contexte régional ; taille et fréquence locales proposées. Professions des résidents ; lieu de travail et commanditaires peuvent être extérieurs au quartier. Visiteurs exclus du stock. chapitre régional ; profil territorial proposé Budget civil 15,00 % ; coefficient 1,300000 ; part de filière 0,318 %. Long apprentissage, frais, bourses, talent, licence ou secret ; titre ne donne pas maîtrise.";0.005027479098499993;0.016609907848103716;0.0001188765039313722
Astronome;Érudit;0.021756263450535083;0.03509074750086304;;A — activité attestée;MJ138;"Contexte régional ; taille et fréquence locales proposées. Professions des résidents ; lieu de travail et commanditaires peuvent être extérieurs au quartier. Visiteurs exclus du stock. chapitre régional ; profil territorial proposé Budget civil 15,00 % ; coefficient 1,300000 ; part de filière 0,318 %. Long apprentissage, frais, bourses, talent, licence ou secret ; titre ne donne pas maîtrise.";0.005027479098499993;0.016609907848103716;0.0001188765039313722
Chercheur non arcanique;Érudit;0.021756263450535083;0.03509074750086304;;A — activité attestée;"MJ138; PG46";"Contexte régional ; taille et fréquence locales proposées. Professions des résidents ; lieu de travail et commanditaires peuvent être extérieurs au quartier. Visiteurs exclus du stock. chapitre régional ; profil territorial proposé Budget civil 15,00 % ; coefficient 1,300000 ; part de filière 0,318 %. Long apprentissage, frais, bourses, talent, licence ou secret ; titre ne donne pas maîtrise.";0.005027479098499993;0.016609907848103716;0.0001188765039313722
Mathématicien;Érudit;0.015229384415374556;0.024563523250604125;;A — activité attestée;SB174;"Contexte régional ; taille et fréquence locales proposées. Professions des résidents ; lieu de travail et commanditaires peuvent être extérieurs au quartier. Visiteurs exclus du stock. chapitre régional ; profil territorial proposé Budget civil 15,00 % ; coefficient 0,910000 ; part de filière 0,223 %. Long apprentissage, frais, bourses, talent, licence ou secret ; titre ne donne pas maîtrise.";0.003519235368949994;0.0116269354936726;8.321355275196051e-05
Philosophe;Érudit;0.015229384415374556;0.024563523250604125;;A — activité attestée;SB178;"Contexte régional ; taille et fréquence locales proposées. Professions des résidents ; lieu de travail et commanditaires peuvent être extérieurs au quartier. Visiteurs exclus du stock. chapitre régional ; profil territorial proposé Budget civil 15,00 % ; coefficient 0,910000 ; part de filière 0,223 %. Long apprentissage, frais, bourses, talent, licence ou secret ; titre ne donne pas maîtrise.";0.003519235368949994;0.0116269354936726;8.321355275196051e-05
Archéologue;Érudit;0.021756263450535083;0.03509074750086304;;D — activité déduite;PG48;"Contexte régional ; taille et fréquence locales proposées. Professions des résidents ; lieu de travail et commanditaires peuvent être extérieurs au quartier. Visiteurs exclus du stock. chapitre régional ; profil territorial proposé Budget civil 15,00 % ; coefficient 1,300000 ; part de filière 0,318 %. Long apprentissage, frais, bourses, talent, licence ou secret ; titre ne donne pas maîtrise.";0.005027479098499993;0.016609907848103716;0.0001188765039313722
Professeur;Enseignant;0.15165220228384993;0.24460032626427408;;A — activité attestée;"MJ138; SB141";"Contexte régional ; taille et fréquence locales proposées. Professions des résidents ; lieu de travail et commanditaires peuvent être extérieurs au quartier. Visiteurs exclus du stock. chapitre régional ; profil territorial proposé Budget civil 12,00 % ; coefficient 1,700000 ; part de filière 2,773 %. Instruction, autorisation ou initiation ; clergé, caste et office ne rendent pas noble.";0.023017797498325103;0.1267445996369443;0.0018898051485805314
Enseignant de magie arcanique;Enseignant;0.0008535149507517607;0.0013766370173415494;;A — activité attestée;SB141;"Contexte régional ; taille et fréquence locales proposées. Professions des résidents ; lieu de travail et commanditaires peuvent être extérieurs au quartier. Visiteurs exclus du stock. chapitre régional ; profil territorial proposé Budget civil 15,00 % ; coefficient 0,051000 ; part de filière 0,012 %. Long apprentissage, frais, bourses, talent, licence ou secret ; titre ne donne pas maîtrise.";0.00019723187232576896;0.0006516194617332995;4.663616692692296e-06
Instructeur martial;Enseignant;0;0;;A — activité attestée;SB94;"Contexte régional ; taille et fréquence locales proposées. Professions des résidents ; lieu de travail et commanditaires peuvent être extérieurs au quartier. Visiteurs exclus du stock. chapitre régional ; profil territorial proposé Budget civil 12,00 % ; coefficient 0,000000 ; part de filière 0,000 %. Zéro proposé : Technique de site, institution, secret ou habilitation concentrée dans les implantations autorisées du scénario. Instruction, autorisation ou initiation ; clergé, caste et office ne rendent pas noble.";0;0;0
Formateur de tir à l’arc;Enseignant;0;0;;A — activité attestée;SB155;"Contexte régional ; taille et fréquence locales proposées. Professions des résidents ; lieu de travail et commanditaires peuvent être extérieurs au quartier. Visiteurs exclus du stock. chapitre régional ; profil territorial proposé Budget civil 12,00 % ; coefficient 0,000000 ; part de filière 0,000 %. Zéro proposé : Technique de site, institution, secret ou habilitation concentrée dans les implantations autorisées du scénario. Instruction, autorisation ou initiation ; clergé, caste et office ne rendent pas noble.";0;0;0
Ingénieur;Ingénieur;0.04183896817410592;0.06748220673242891;;A — activité attestée;SB174;"Contexte régional ; taille et fréquence locales proposées. Professions des résidents ; lieu de travail et commanditaires peuvent être extérieurs au quartier. Visiteurs exclus du stock. chapitre régional ; profil territorial proposé Budget civil 15,00 % ; coefficient 2,500000 ; part de filière 0,612 %. Long apprentissage, frais, bourses, talent, licence ou secret ; titre ne donne pas maîtrise.";0.00966822903557691;0.03194213047712253;0.0002286086614064848
Inventeur;Ingénieur;0.010041352361785421;0.016195729615782938;;A — activité attestée;SB178;"Contexte régional ; taille et fréquence locales proposées. Professions des résidents ; lieu de travail et commanditaires peuvent être extérieurs au quartier. Visiteurs exclus du stock. chapitre régional ; profil territorial proposé Budget civil 15,00 % ; coefficient 0,600000 ; part de filière 0,147 %. Long apprentissage, frais, bourses, talent, licence ou secret ; titre ne donne pas maîtrise.";0.002320374968538458;0.007666111314509406;5.486607873755638e-05
Ingénieur mystique;Ingénieur;0.016735587269642374;0.026992882692971575;;A — activité attestée;SB174;"Contexte régional ; taille et fréquence locales proposées. Professions des résidents ; lieu de travail et commanditaires peuvent être extérieurs au quartier. Visiteurs exclus du stock. chapitre régional ; profil territorial proposé Budget civil 15,00 % ; coefficient 1,000000 ; part de filière 0,245 %. Long apprentissage, frais, bourses, talent, licence ou secret ; titre ne donne pas maîtrise.";0.003867291614230763;0.012776852190849015;9.144346456259397e-05
Créateur et mainteneur de golems;Ingénieur;0.016735587269642374;0.026992882692971575;;D — activité déduite;SB174;"Contexte régional ; taille et fréquence locales proposées. Professions des résidents ; lieu de travail et commanditaires peuvent être extérieurs au quartier. Visiteurs exclus du stock. chapitre régional ; profil territorial proposé Budget civil 15,00 % ; coefficient 1,000000 ; part de filière 0,245 %. Long apprentissage, frais, bourses, talent, licence ou secret ; titre ne donne pas maîtrise.";0.003867291614230763;0.012776852190849015;9.144346456259397e-05
Chercheur en golems;Ingénieur;0.013388469815713896;0.02159430615437725;;A — activité attestée;SB178;"Contexte régional ; taille et fréquence locales proposées. Professions des résidents ; lieu de travail et commanditaires peuvent être extérieurs au quartier. Visiteurs exclus du stock. chapitre régional ; profil territorial proposé Budget civil 15,00 % ; coefficient 0,800000 ; part de filière 0,196 %. Long apprentissage, frais, bourses, talent, licence ou secret ; titre ne donne pas maîtrise.";0.0030938332913846103;0.01022148175267921;7.315477165007517e-05
Ingénieur de réacteurs de bauronite;Ingénieur;0;0;;D — activité déduite;SB174;"Contexte régional ; taille et fréquence locales proposées. Professions des résidents ; lieu de travail et commanditaires peuvent être extérieurs au quartier. Visiteurs exclus du stock. chapitre régional ; profil territorial proposé Accès aux secrets des réacteurs; savoir détenu par un petit nombre Budget civil 15,00 % ; coefficient 0,000000 ; part de filière 0,000 %. Zéro proposé : Filière régionale non retenue dans ce scénario, sans interdiction universelle. Long apprentissage, frais, bourses, talent, licence ou secret ; titre ne donne pas maîtrise.";0;0;0
Technicien de communication runique;Ingénieur;0;0;;D — activité déduite;SB174;"Contexte régional ; taille et fréquence locales proposées. Professions des résidents ; lieu de travail et commanditaires peuvent être extérieurs au quartier. Visiteurs exclus du stock. chapitre régional ; profil territorial proposé Budget civil 15,00 % ; coefficient 0,000000 ; part de filière 0,000 %. Zéro proposé : Filière régionale non retenue dans ce scénario, sans interdiction universelle. Long apprentissage, frais, bourses, talent, licence ou secret ; titre ne donne pas maîtrise.";0;0;0
Chercheur en magie;Praticien des services arcaniques;0.012049622834142504;0.019434875538939526;;A — activité attestée;"SB138; SB139";"Contexte régional ; taille et fréquence locales proposées. Professions des résidents ; lieu de travail et commanditaires peuvent être extérieurs au quartier. Visiteurs exclus du stock. chapitre régional ; profil territorial proposé Budget civil 15,00 % ; coefficient 0,720000 ; part de filière 0,176 %. Long apprentissage, frais, bourses, talent, licence ou secret ; titre ne donne pas maîtrise.";0.002784449962246149;0.009199333577411288;6.583929448506764e-05
Fabricant d’objets magiques;Praticien des services arcaniques;0.40165409447141687;0.6478291846313176;;A — activité attestée;SB138;"Contexte régional ; taille et fréquence locales proposées. Professions des résidents ; lieu de travail et commanditaires peuvent être extérieurs au quartier. Visiteurs exclus du stock. chapitre régional ; profil territorial proposé Budget civil 15,00 % ; coefficient 24,000000 ; part de filière 5,876 %. Long apprentissage, frais, bourses, talent, licence ou secret ; titre ne donne pas maîtrise.";0.09281499874153831;0.3066444525803763;0.0021946431495022557
Fabricant de parchemins magiques;Praticien des services arcaniques;0.40165409447141687;0.6478291846313176;;A — activité attestée;SB138;"Contexte régional ; taille et fréquence locales proposées. Professions des résidents ; lieu de travail et commanditaires peuvent être extérieurs au quartier. Visiteurs exclus du stock. chapitre régional ; profil territorial proposé Budget civil 15,00 % ; coefficient 24,000000 ; part de filière 5,876 %. Long apprentissage, frais, bourses, talent, licence ou secret ; titre ne donne pas maîtrise.";0.09281499874153831;0.3066444525803763;0.0021946431495022557
Nécromancien de service;Praticien des services arcaniques;4.819849133657002;7.773950215575811;;D — activité déduite;"SB108; SB170";"Contexte régional ; taille et fréquence locales proposées. Professions des résidents ; lieu de travail et commanditaires peuvent être extérieurs au quartier. Visiteurs exclus du stock. chapitre régional ; profil territorial proposé Budget civil 15,00 % ; coefficient 288,000000 ; part de filière 70,512 %. Long apprentissage, frais, bourses, talent, licence ou secret ; titre ne donne pas maîtrise.";1.1137799848984598;3.6797334309645153;0.026335717794027064
Illusionniste de service;Praticien des services arcaniques;0.40165409447141687;0.6478291846313176;;D — activité déduite;"SB107; SB142";"Contexte régional ; taille et fréquence locales proposées. Professions des résidents ; lieu de travail et commanditaires peuvent être extérieurs au quartier. Visiteurs exclus du stock. chapitre régional ; profil territorial proposé Budget civil 15,00 % ; coefficient 24,000000 ; part de filière 5,876 %. Long apprentissage, frais, bourses, talent, licence ou secret ; titre ne donne pas maîtrise.";0.09281499874153831;0.3066444525803763;0.0021946431495022557
Chercheur en aethermancy;Praticien des services arcaniques;0;0;;A — activité attestée;SB140;"Contexte régional ; taille et fréquence locales proposées. Professions des résidents ; lieu de travail et commanditaires peuvent être extérieurs au quartier. Visiteurs exclus du stock. chapitre régional ; profil territorial proposé Budget civil 15,00 % ; coefficient 0,000000 ; part de filière 0,000 %. Zéro proposé : Filière régionale non retenue dans ce scénario, sans interdiction universelle. Long apprentissage, frais, bourses, talent, licence ou secret ; titre ne donne pas maîtrise.";0;0;0
Chercheur en biomancy;Praticien des services arcaniques;0;0;;A — activité attestée;SB140;"Contexte régional ; taille et fréquence locales proposées. Professions des résidents ; lieu de travail et commanditaires peuvent être extérieurs au quartier. Visiteurs exclus du stock. chapitre régional ; profil territorial proposé Budget civil 15,00 % ; coefficient 0,000000 ; part de filière 0,000 %. Zéro proposé : Filière régionale non retenue dans ce scénario, sans interdiction universelle. Long apprentissage, frais, bourses, talent, licence ou secret ; titre ne donne pas maîtrise.";0;0;0
Désenchanteur et récupérateur arcanique;Praticien des services arcaniques;0;0;;A — activité attestée;SB139;"Contexte régional ; taille et fréquence locales proposées. Professions des résidents ; lieu de travail et commanditaires peuvent être extérieurs au quartier. Visiteurs exclus du stock. chapitre régional ; profil territorial proposé Budget civil 15,00 % ; coefficient 0,000000 ; part de filière 0,000 %. Zéro proposé : Filière régionale non retenue dans ce scénario, sans interdiction universelle. Long apprentissage, frais, bourses, talent, licence ou secret ; titre ne donne pas maîtrise.";0;0;0
Extracteur de mémoire;Praticien des services arcaniques;0;0;;A — activité attestée;SB140;"Contexte régional ; taille et fréquence locales proposées. Professions des résidents ; lieu de travail et commanditaires peuvent être extérieurs au quartier. Visiteurs exclus du stock. chapitre régional ; profil territorial proposé Budget civil 15,00 % ; coefficient 0,000000 ; part de filière 0,000 %. Zéro proposé : Filière régionale non retenue dans ce scénario, sans interdiction universelle. Long apprentissage, frais, bourses, talent, licence ou secret ; titre ne donne pas maîtrise.";0;0;0
Certificateur et inspecteur arcanique;Praticien des services arcaniques;0;0;;A — activité attestée;SB139;"Contexte régional ; taille et fréquence locales proposées. Professions des résidents ; lieu de travail et commanditaires peuvent être extérieurs au quartier. Visiteurs exclus du stock. chapitre régional ; profil territorial proposé Budget civil 15,00 % ; coefficient 0,000000 ; part de filière 0,000 %. Zéro proposé : Filière régionale non retenue dans ce scénario, sans interdiction universelle. Long apprentissage, frais, bourses, talent, licence ou secret ; titre ne donne pas maîtrise.";0;0;0
Opérateur de transport magique;Praticien des services arcaniques;0.40165409447141687;0.6478291846313176;;D — activité déduite;SB142;"Contexte régional ; taille et fréquence locales proposées. Professions des résidents ; lieu de travail et commanditaires peuvent être extérieurs au quartier. Visiteurs exclus du stock. chapitre régional ; profil territorial proposé Budget civil 15,00 % ; coefficient 24,000000 ; part de filière 5,876 %. Long apprentissage, frais, bourses, talent, licence ou secret ; titre ne donne pas maîtrise.";0.09281499874153831;0.3066444525803763;0.0021946431495022557
Restaurateur de runes de tunnels;Praticien des services arcaniques;0;0;;A — activité attestée;SB161;"Contexte régional ; taille et fréquence locales proposées. Professions des résidents ; lieu de travail et commanditaires peuvent être extérieurs au quartier. Visiteurs exclus du stock. chapitre régional ; profil territorial proposé Budget civil 15,00 % ; coefficient 0,000000 ; part de filière 0,000 %. Zéro proposé : Filière régionale non retenue dans ce scénario, sans interdiction universelle. Long apprentissage, frais, bourses, talent, licence ou secret ; titre ne donne pas maîtrise.";0;0;0
Artificier psychique;Praticien des services arcaniques;0;0;;A — activité attestée;PG8;"Contexte régional ; taille et fréquence locales proposées. Professions des résidents ; lieu de travail et commanditaires peuvent être extérieurs au quartier. Visiteurs exclus du stock. chapitre régional ; profil territorial proposé Budget civil 15,00 % ; coefficient 0,000000 ; part de filière 0,000 %. Zéro proposé : Filière régionale non retenue dans ce scénario, sans interdiction universelle. Long apprentissage, frais, bourses, talent, licence ou secret ; titre ne donne pas maîtrise.";0;0;0
Guérisseur;Soigneur;0.1489430425378515;0.24023071377072824;;A — activité attestée;"MJ141; PG36";"Contexte régional ; taille et fréquence locales proposées. Professions des résidents ; lieu de travail et commanditaires peuvent être extérieurs au quartier. Visiteurs exclus du stock. chapitre régional ; profil territorial proposé Budget civil 4,00 % ; coefficient 1,700000 ; part de filière 8,171 %. Apprentissage et qualification variable ; soins avancés et thérapie magique exigent formation.";0.0016459218952015236;0.13594592075295914;0.011351199889690846
Chirurgien;Soigneur;0.022341456380677725;0.03603460706560924;;P — activité proposée;"MJ141; PG36";"Contexte régional ; taille et fréquence locales proposées. Professions des résidents ; lieu de travail et commanditaires peuvent être extérieurs au quartier. Visiteurs exclus du stock. chapitre régional ; profil territorial proposé Budget civil 4,00 % ; coefficient 0,255000 ; part de filière 1,226 %. Apprentissage et qualification variable ; soins avancés et thérapie magique exigent formation.";0.00024688828428022855;0.020391888112943866;0.0017026799834536281
Praticien de psychosurgery;Soigneur;0;0;;D — activité déduite;SB94;"Contexte régional ; taille et fréquence locales proposées. Professions des résidents ; lieu de travail et commanditaires peuvent être extérieurs au quartier. Visiteurs exclus du stock. chapitre régional ; profil territorial proposé Budget civil 4,00 % ; coefficient 0,000000 ; part de filière 0,000 %. Zéro proposé : Filière régionale non retenue dans ce scénario, sans interdiction universelle. Apprentissage et qualification variable ; soins avancés et thérapie magique exigent formation.";0;0;0
Opérateur de thérapie onirique;Soigneur;0;0;;D — activité déduite;"SB141; SB228";"Contexte régional ; taille et fréquence locales proposées. Professions des résidents ; lieu de travail et commanditaires peuvent être extérieurs au quartier. Visiteurs exclus du stock. chapitre régional ; profil territorial proposé Budget civil 4,00 % ; coefficient 0,000000 ; part de filière 0,000 %. Zéro proposé : Technique de site, institution, secret ou habilitation concentrée dans les implantations autorisées du scénario. Apprentissage et qualification variable ; soins avancés et thérapie magique exigent formation.";0;0;0
Prêtre et officiant;Officiant religieux;0.3568287112561175;0.5755301794453508;;A — activité attestée;"MJ127; SB182";"Contexte régional ; taille et fréquence locales proposées. Professions des résidents ; lieu de travail et commanditaires peuvent être extérieurs au quartier. Visiteurs exclus du stock. chapitre régional ; profil territorial proposé Budget civil 12,00 % ; coefficient 4,000000 ; part de filière 6,525 %. Instruction, autorisation ou initiation ; clergé, caste et office ne rendent pas noble.";0.054159523525470835;0.2982225873810454;0.004446600349601251
Acolyte;Officiant religieux;0.3568287112561175;0.5755301794453508;;A — activité attestée;"MJ127; SB182";"Contexte régional ; taille et fréquence locales proposées. Professions des résidents ; lieu de travail et commanditaires peuvent être extérieurs au quartier. Visiteurs exclus du stock. chapitre régional ; profil territorial proposé Budget civil 12,00 % ; coefficient 4,000000 ; part de filière 6,525 %. Instruction, autorisation ou initiation ; clergé, caste et office ne rendent pas noble.";0.054159523525470835;0.2982225873810454;0.004446600349601251
Shaman;Officiant religieux;0.3568287112561175;0.5755301794453508;;A — activité attestée;"SB129; SB191";"Contexte régional ; taille et fréquence locales proposées. Professions des résidents ; lieu de travail et commanditaires peuvent être extérieurs au quartier. Visiteurs exclus du stock. chapitre régional ; profil territorial proposé Budget civil 12,00 % ; coefficient 4,000000 ; part de filière 6,525 %. Instruction, autorisation ou initiation ; clergé, caste et office ne rendent pas noble.";0.054159523525470835;0.2982225873810454;0.004446600349601251
Sugenja;Officiant religieux;0;0;;A — activité attestée;SB198;"Contexte régional ; taille et fréquence locales proposées. Professions des résidents ; lieu de travail et commanditaires peuvent être extérieurs au quartier. Visiteurs exclus du stock. chapitre régional ; profil territorial proposé Budget civil 12,00 % ; coefficient 0,000000 ; part de filière 0,000 %. Zéro proposé : Filière régionale non retenue dans ce scénario, sans interdiction universelle. Instruction, autorisation ou initiation ; clergé, caste et office ne rendent pas noble.";0;0;0
Gardien et officiant druidique;Officiant religieux;0.3568287112561175;0.5755301794453508;;A — activité attestée;SB153;"Contexte régional ; taille et fréquence locales proposées. Professions des résidents ; lieu de travail et commanditaires peuvent être extérieurs au quartier. Visiteurs exclus du stock. chapitre régional ; profil territorial proposé Budget civil 12,00 % ; coefficient 4,000000 ; part de filière 6,525 %. Instruction, autorisation ou initiation ; clergé, caste et office ne rendent pas noble.";0.054159523525470835;0.2982225873810454;0.004446600349601251
Gardien-purificateur de Mother Tree;Officiant religieux;0;0;;A — activité attestée;SB153;"Contexte régional ; taille et fréquence locales proposées. Professions des résidents ; lieu de travail et commanditaires peuvent être extérieurs au quartier. Visiteurs exclus du stock. chapitre régional ; profil territorial proposé Budget civil 12,00 % ; coefficient 0,000000 ; part de filière 0,000 %. Zéro proposé : Filière régionale non retenue dans ce scénario, sans interdiction universelle. Instruction, autorisation ou initiation ; clergé, caste et office ne rendent pas noble.";0;0;0
Officiant des rites Ba-Akhu;Officiant religieux;0;0;;A — activité attestée;SB184;"Contexte régional ; taille et fréquence locales proposées. Professions des résidents ; lieu de travail et commanditaires peuvent être extérieurs au quartier. Visiteurs exclus du stock. chapitre régional ; profil territorial proposé Budget civil 12,00 % ; coefficient 0,000000 ; part de filière 0,000 %. Zéro proposé : Filière régionale non retenue dans ce scénario, sans interdiction universelle. Instruction, autorisation ou initiation ; clergé, caste et office ne rendent pas noble.";0;0;0
Garde et sentinelle;Garde et surveillant;0.2729326203208556;0.4402139037433155;;A — activité attestée;"MJ140; SB90";"Contexte régional ; taille et fréquence locales proposées. Professions des résidents ; lieu de travail et commanditaires peuvent être extérieurs au quartier. Visiteurs exclus du stock. chapitre régional ; profil territorial proposé Budget civil 6,00 % ; coefficient 56,000000 ; part de filière 9,982 %. Entraînement, loyauté, armes et habilitations ; aucun métier verrouillé par naissance sauf source explicite.";0.020642917040505148;0.2435734710897881;0.008716232190562346
Garde du corps;Garde et surveillant;0.2729326203208556;0.4402139037433155;;A — activité attestée;"MJ140; SB90";"Contexte régional ; taille et fréquence locales proposées. Professions des résidents ; lieu de travail et commanditaires peuvent être extérieurs au quartier. Visiteurs exclus du stock. chapitre régional ; profil territorial proposé Budget civil 6,00 % ; coefficient 56,000000 ; part de filière 9,982 %. Entraînement, loyauté, armes et habilitations ; aucun métier verrouillé par naissance sauf source explicite.";0.020642917040505148;0.2435734710897881;0.008716232190562346
Soldat;Combattant professionnel;15.19;24.5;;A — activité attestée;"MJ140; SB90";"Contexte régional ; taille et fréquence locales proposées. Professions des résidents ; lieu de travail et commanditaires peuvent être extérieurs au quartier. Visiteurs exclus du stock. chapitre régional ; profil territorial proposé Garnison incluse dans les résidents par convention proposée, comptée une seule fois. Entraînement, loyauté, armes et habilitations ; aucun métier verrouillé par naissance sauf source explicite.";1.1488766329090672;13.556023539818563;0.48509982727236883
Mercenaire;Combattant professionnel;0.2729326203208556;0.4402139037433155;;A — activité attestée;"MJ140; SB90";"Contexte régional ; taille et fréquence locales proposées. Professions des résidents ; lieu de travail et commanditaires peuvent être extérieurs au quartier. Visiteurs exclus du stock. chapitre régional ; profil territorial proposé Budget civil 6,00 % ; coefficient 56,000000 ; part de filière 9,982 %. Entraînement, loyauté, armes et habilitations ; aucun métier verrouillé par naissance sauf source explicite.";0.020642917040505148;0.2435734710897881;0.008716232190562346
Éclaireur;Combattant professionnel;0.2729326203208556;0.4402139037433155;;A — activité attestée;"MJ140; SB90";"Contexte régional ; taille et fréquence locales proposées. Professions des résidents ; lieu de travail et commanditaires peuvent être extérieurs au quartier. Visiteurs exclus du stock. chapitre régional ; profil territorial proposé Budget civil 6,00 % ; coefficient 56,000000 ; part de filière 9,982 %. Entraînement, loyauté, armes et habilitations ; aucun métier verrouillé par naissance sauf source explicite.";0.020642917040505148;0.2435734710897881;0.008716232190562346
Chasseur de primes;Combattant professionnel;0.2729326203208556;0.4402139037433155;;A — activité attestée;MJ140;"Contexte régional ; taille et fréquence locales proposées. Professions des résidents ; lieu de travail et commanditaires peuvent être extérieurs au quartier. Visiteurs exclus du stock. chapitre régional ; profil territorial proposé Budget civil 6,00 % ; coefficient 56,000000 ; part de filière 9,982 %. Entraînement, loyauté, armes et habilitations ; aucun métier verrouillé par naissance sauf source explicite.";0.020642917040505148;0.2435734710897881;0.008716232190562346
Gladiateur;Combattant professionnel;0.2729326203208556;0.4402139037433155;;A — activité attestée;MJ130;"Contexte régional ; taille et fréquence locales proposées. Professions des résidents ; lieu de travail et commanditaires peuvent être extérieurs au quartier. Visiteurs exclus du stock. chapitre régional ; profil territorial proposé Budget civil 6,00 % ; coefficient 56,000000 ; part de filière 9,982 %. Entraînement, loyauté, armes et habilitations ; aucun métier verrouillé par naissance sauf source explicite.";0.020642917040505148;0.2435734710897881;0.008716232190562346
Champion d’arène;Combattant professionnel;0.2729326203208556;0.4402139037433155;;A — activité attestée;SB90;"Contexte régional ; taille et fréquence locales proposées. Professions des résidents ; lieu de travail et commanditaires peuvent être extérieurs au quartier. Visiteurs exclus du stock. chapitre régional ; profil territorial proposé Budget civil 6,00 % ; coefficient 56,000000 ; part de filière 9,982 %. Entraînement, loyauté, armes et habilitations ; aucun métier verrouillé par naissance sauf source explicite.";0.020642917040505148;0.2435734710897881;0.008716232190562346
Veilleur de nuit;Garde et surveillant;0.2729326203208556;0.4402139037433155;;P — activité proposée;"MJ140; SB90";"Contexte régional ; taille et fréquence locales proposées. Professions des résidents ; lieu de travail et commanditaires peuvent être extérieurs au quartier. Visiteurs exclus du stock. chapitre régional ; profil territorial proposé Budget civil 6,00 % ; coefficient 56,000000 ; part de filière 9,982 %. Entraînement, loyauté, armes et habilitations ; aucun métier verrouillé par naissance sauf source explicite.";0.020642917040505148;0.2435734710897881;0.008716232190562346
Guide;Guide;3.422921997523731;5.520841931489889;;A — activité attestée;MJ140;"Contexte régional ; taille et fréquence locales proposées. Professions des résidents ; lieu de travail et commanditaires peuvent être extérieurs au quartier. Visiteurs exclus du stock. chapitre régional ; profil territorial proposé Budget civil 13,00 % ; coefficient 140,000000 ; part de filière 57,780 %. Réseau, itinéraires, confiance et capital ; manutention distincte de propriété du fret.";0.48227098278314917;2.655564357702499;0.28508665703808234
Gardien de domaine;Garde et surveillant;0.2729326203208556;0.4402139037433155;;A — activité attestée;MJ140;"Contexte régional ; taille et fréquence locales proposées. Professions des résidents ; lieu de travail et commanditaires peuvent être extérieurs au quartier. Visiteurs exclus du stock. chapitre régional ; profil territorial proposé Budget civil 6,00 % ; coefficient 56,000000 ; part de filière 9,982 %. Entraînement, loyauté, armes et habilitations ; aucun métier verrouillé par naissance sauf source explicite.";0.020642917040505148;0.2435734710897881;0.008716232190562346
Spellshield;Protecteur et contrôleur arcanique;0;0;;A — activité attestée;SB140;"Contexte régional ; taille et fréquence locales proposées. Professions des résidents ; lieu de travail et commanditaires peuvent être extérieurs au quartier. Visiteurs exclus du stock. chapitre régional ; profil territorial proposé Budget civil 6,00 % ; coefficient 0,000000 ; part de filière 0,000 %. Zéro proposé : Filière régionale non retenue dans ce scénario, sans interdiction universelle. Entraînement, loyauté, armes et habilitations ; aucun métier verrouillé par naissance sauf source explicite.";0;0;0
Warden des Arcane Enforcers;Protecteur et contrôleur arcanique;0;0;;A — activité attestée;SB140;"Contexte régional ; taille et fréquence locales proposées. Professions des résidents ; lieu de travail et commanditaires peuvent être extérieurs au quartier. Visiteurs exclus du stock. chapitre régional ; profil territorial proposé Budget civil 6,00 % ; coefficient 0,000000 ; part de filière 0,000 %. Zéro proposé : Filière régionale non retenue dans ce scénario, sans interdiction universelle. Entraînement, loyauté, armes et habilitations ; aucun métier verrouillé par naissance sauf source explicite.";0;0;0
Inquisiteur;Garde et surveillant;0;0;;A — activité attestée;SB29;"Contexte régional ; taille et fréquence locales proposées. Professions des résidents ; lieu de travail et commanditaires peuvent être extérieurs au quartier. Visiteurs exclus du stock. chapitre régional ; profil territorial proposé Budget civil 6,00 % ; coefficient 0,000000 ; part de filière 0,000 %. Zéro proposé : Inquisiteur bauronien : aucun établissement de son Église habilité dans ce profil, notamment les ordres cirrus indépendants. Entraînement, loyauté, armes et habilitations ; aucun métier verrouillé par naissance sauf source explicite.";0;0;0
Mage impérial chargé du contrôle;Protecteur et contrôleur arcanique;0;0;;A — activité attestée;SB98;"Contexte régional ; taille et fréquence locales proposées. Professions des résidents ; lieu de travail et commanditaires peuvent être extérieurs au quartier. Visiteurs exclus du stock. chapitre régional ; profil territorial proposé Budget civil 6,00 % ; coefficient 0,000000 ; part de filière 0,000 %. Zéro proposé : Filière régionale non retenue dans ce scénario, sans interdiction universelle. Entraînement, loyauté, armes et habilitations ; aucun métier verrouillé par naissance sauf source explicite.";0;0;0
Chasseur de morts-vivants;Combattant professionnel;0.2729326203208556;0.4402139037433155;;A — activité attestée;SB210;"Contexte régional ; taille et fréquence locales proposées. Professions des résidents ; lieu de travail et commanditaires peuvent être extérieurs au quartier. Visiteurs exclus du stock. chapitre régional ; profil territorial proposé Budget civil 6,00 % ; coefficient 56,000000 ; part de filière 9,982 %. Entraînement, loyauté, armes et habilitations ; aucun métier verrouillé par naissance sauf source explicite.";0.020642917040505148;0.2435734710897881;0.008716232190562346
Détective;Enquêteur et agent de renseignement;0.0024368983957219256;0.00393048128342246;;A — activité attestée;"PG9; BR42";"Contexte régional ; taille et fréquence locales proposées. Professions des résidents ; lieu de travail et commanditaires peuvent être extérieurs au quartier. Visiteurs exclus du stock. chapitre régional ; profil territorial proposé Budget civil 6,00 % ; coefficient 0,500000 ; part de filière 0,089 %. Entraînement, loyauté, armes et habilitations ; aucun métier verrouillé par naissance sauf source explicite.";0.00018431175929022454;0.0021747631347302514;7.782350170144951e-05
Espion;Enquêteur et agent de renseignement;0.0024368983957219256;0.00393048128342246;;A — activité attestée;"PG9; BR42";"Contexte régional ; taille et fréquence locales proposées. Professions des résidents ; lieu de travail et commanditaires peuvent être extérieurs au quartier. Visiteurs exclus du stock. chapitre régional ; profil territorial proposé Budget civil 6,00 % ; coefficient 0,500000 ; part de filière 0,089 %. Entraînement, loyauté, armes et habilitations ; aucun métier verrouillé par naissance sauf source explicite.";0.00018431175929022454;0.0021747631347302514;7.782350170144951e-05
Détective arcanique;Enquêteur et agent de renseignement;0;0;;A — activité attestée;SB140;"Contexte régional ; taille et fréquence locales proposées. Professions des résidents ; lieu de travail et commanditaires peuvent être extérieurs au quartier. Visiteurs exclus du stock. chapitre régional ; profil territorial proposé Budget civil 6,00 % ; coefficient 0,000000 ; part de filière 0,000 %. Zéro proposé : Filière régionale non retenue dans ce scénario, sans interdiction universelle. Entraînement, loyauté, armes et habilitations ; aucun métier verrouillé par naissance sauf source explicite.";0;0;0
Fonctionnaire;Administrateur et juriste;0.4460358890701468;0.7194127243066885;;A — activité attestée;"SB90; SB213";"Contexte régional ; taille et fréquence locales proposées. Professions des résidents ; lieu de travail et commanditaires peuvent être extérieurs au quartier. Visiteurs exclus du stock. chapitre régional ; profil territorial proposé Budget civil 12,00 % ; coefficient 5,000000 ; part de filière 8,157 %. Instruction, autorisation ou initiation ; clergé, caste et office ne rendent pas noble.";0.06769940440683853;0.3727782342263067;0.005558250437001563
Percepteur;Administrateur et juriste;0.4460358890701468;0.7194127243066885;;A — activité attestée;SB132;"Contexte régional ; taille et fréquence locales proposées. Professions des résidents ; lieu de travail et commanditaires peuvent être extérieurs au quartier. Visiteurs exclus du stock. chapitre régional ; profil territorial proposé Budget civil 12,00 % ; coefficient 5,000000 ; part de filière 8,157 %. Instruction, autorisation ou initiation ; clergé, caste et office ne rendent pas noble.";0.06769940440683853;0.3727782342263067;0.005558250437001563
Juge;Administrateur et juriste;0.4460358890701468;0.7194127243066885;;A — activité attestée;"SB90; SB213";"Contexte régional ; taille et fréquence locales proposées. Professions des résidents ; lieu de travail et commanditaires peuvent être extérieurs au quartier. Visiteurs exclus du stock. chapitre régional ; profil territorial proposé Budget civil 12,00 % ; coefficient 5,000000 ; part de filière 8,157 %. Instruction, autorisation ou initiation ; clergé, caste et office ne rendent pas noble.";0.06769940440683853;0.3727782342263067;0.005558250437001563
Avocat;Administrateur et juriste;0.4460358890701468;0.7194127243066885;;A — activité attestée;"SB90; SB213";"Contexte régional ; taille et fréquence locales proposées. Professions des résidents ; lieu de travail et commanditaires peuvent être extérieurs au quartier. Visiteurs exclus du stock. chapitre régional ; profil territorial proposé Budget civil 12,00 % ; coefficient 5,000000 ; part de filière 8,157 %. Instruction, autorisation ou initiation ; clergé, caste et office ne rendent pas noble.";0.06769940440683853;0.3727782342263067;0.005558250437001563
Diplomate et émissaire;Administrateur et juriste;0.4460358890701468;0.7194127243066885;;A — activité attestée;PG46;"Contexte régional ; taille et fréquence locales proposées. Professions des résidents ; lieu de travail et commanditaires peuvent être extérieurs au quartier. Visiteurs exclus du stock. chapitre régional ; profil territorial proposé Budget civil 12,00 % ; coefficient 5,000000 ; part de filière 8,157 %. Instruction, autorisation ou initiation ; clergé, caste et office ne rendent pas noble.";0.06769940440683853;0.3727782342263067;0.005558250437001563
Recruteur et agent de missions;Administrateur et juriste;0.4460358890701468;0.7194127243066885;;D — activité déduite;SB105;"Contexte régional ; taille et fréquence locales proposées. Professions des résidents ; lieu de travail et commanditaires peuvent être extérieurs au quartier. Visiteurs exclus du stock. chapitre régional ; profil territorial proposé Budget civil 12,00 % ; coefficient 5,000000 ; part de filière 8,157 %. Instruction, autorisation ou initiation ; clergé, caste et office ne rendent pas noble.";0.06769940440683853;0.3727782342263067;0.005558250437001563
Bourreau;Administrateur et juriste;0.4460358890701468;0.7194127243066885;;A — activité attestée;SB148;"Contexte régional ; taille et fréquence locales proposées. Professions des résidents ; lieu de travail et commanditaires peuvent être extérieurs au quartier. Visiteurs exclus du stock. chapitre régional ; profil territorial proposé Budget civil 12,00 % ; coefficient 5,000000 ; part de filière 8,157 %. Instruction, autorisation ou initiation ; clergé, caste et office ne rendent pas noble.";0.06769940440683853;0.3727782342263067;0.005558250437001563
Acteur et comédien;Artiste du spectacle;0.0356015625;0.05742187500000001;;A — activité attestée;MJ129;"Contexte régional ; taille et fréquence locales proposées. Professions des résidents ; lieu de travail et commanditaires peuvent être extérieurs au quartier. Visiteurs exclus du stock. chapitre régional ; profil territorial proposé Budget civil 1,00 % ; coefficient 1,500000 ; part de filière 7,812 %. Apprentissage, audition et réseau ; accès au mérite notamment Mustardseed.";0.003764729604252121;0.031095013313090048;0.0007418195826578352
Danseur;Artiste du spectacle;0.0356015625;0.05742187500000001;;A — activité attestée;MJ129;"Contexte régional ; taille et fréquence locales proposées. Professions des résidents ; lieu de travail et commanditaires peuvent être extérieurs au quartier. Visiteurs exclus du stock. chapitre régional ; profil territorial proposé Budget civil 1,00 % ; coefficient 1,500000 ; part de filière 7,812 %. Apprentissage, audition et réseau ; accès au mérite notamment Mustardseed.";0.003764729604252121;0.031095013313090048;0.0007418195826578352
Musicien;Artiste du spectacle;0.0356015625;0.05742187500000001;;A — activité attestée;MJ129;"Contexte régional ; taille et fréquence locales proposées. Professions des résidents ; lieu de travail et commanditaires peuvent être extérieurs au quartier. Visiteurs exclus du stock. chapitre régional ; profil territorial proposé Budget civil 1,00 % ; coefficient 1,500000 ; part de filière 7,812 %. Apprentissage, audition et réseau ; accès au mérite notamment Mustardseed.";0.003764729604252121;0.031095013313090048;0.0007418195826578352
Chanteur;Artiste du spectacle;0.0356015625;0.05742187500000001;;A — activité attestée;MJ129;"Contexte régional ; taille et fréquence locales proposées. Professions des résidents ; lieu de travail et commanditaires peuvent être extérieurs au quartier. Visiteurs exclus du stock. chapitre régional ; profil territorial proposé Budget civil 1,00 % ; coefficient 1,500000 ; part de filière 7,812 %. Apprentissage, audition et réseau ; accès au mérite notamment Mustardseed.";0.003764729604252121;0.031095013313090048;0.0007418195826578352
Poète;Artiste du spectacle;0.0356015625;0.05742187500000001;;A — activité attestée;MJ129;"Contexte régional ; taille et fréquence locales proposées. Professions des résidents ; lieu de travail et commanditaires peuvent être extérieurs au quartier. Visiteurs exclus du stock. chapitre régional ; profil territorial proposé Budget civil 1,00 % ; coefficient 1,500000 ; part de filière 7,812 %. Apprentissage, audition et réseau ; accès au mérite notamment Mustardseed.";0.003764729604252121;0.031095013313090048;0.0007418195826578352
Conteur;Artiste du spectacle;0.0356015625;0.05742187500000001;;A — activité attestée;MJ129;"Contexte régional ; taille et fréquence locales proposées. Professions des résidents ; lieu de travail et commanditaires peuvent être extérieurs au quartier. Visiteurs exclus du stock. chapitre régional ; profil territorial proposé Budget civil 1,00 % ; coefficient 1,500000 ; part de filière 7,812 %. Apprentissage, audition et réseau ; accès au mérite notamment Mustardseed.";0.003764729604252121;0.031095013313090048;0.0007418195826578352
Bouffon;Artiste du spectacle;0.0356015625;0.05742187500000001;;A — activité attestée;MJ129;"Contexte régional ; taille et fréquence locales proposées. Professions des résidents ; lieu de travail et commanditaires peuvent être extérieurs au quartier. Visiteurs exclus du stock. chapitre régional ; profil territorial proposé Budget civil 1,00 % ; coefficient 1,500000 ; part de filière 7,812 %. Apprentissage, audition et réseau ; accès au mérite notamment Mustardseed.";0.003764729604252121;0.031095013313090048;0.0007418195826578352
Jongleur;Artiste du spectacle;0.0356015625;0.05742187500000001;;A — activité attestée;MJ129;"Contexte régional ; taille et fréquence locales proposées. Professions des résidents ; lieu de travail et commanditaires peuvent être extérieurs au quartier. Visiteurs exclus du stock. chapitre régional ; profil territorial proposé Budget civil 1,00 % ; coefficient 1,500000 ; part de filière 7,812 %. Apprentissage, audition et réseau ; accès au mérite notamment Mustardseed.";0.003764729604252121;0.031095013313090048;0.0007418195826578352
Acrobate;Artiste du spectacle;0.0356015625;0.05742187500000001;;A — activité attestée;MJ129;"Contexte régional ; taille et fréquence locales proposées. Professions des résidents ; lieu de travail et commanditaires peuvent être extérieurs au quartier. Visiteurs exclus du stock. chapitre régional ; profil territorial proposé Budget civil 1,00 % ; coefficient 1,500000 ; part de filière 7,812 %. Apprentissage, audition et réseau ; accès au mérite notamment Mustardseed.";0.003764729604252121;0.031095013313090048;0.0007418195826578352
Cracheur de feu;Artiste du spectacle;0.0356015625;0.05742187500000001;;A — activité attestée;MJ129;"Contexte régional ; taille et fréquence locales proposées. Professions des résidents ; lieu de travail et commanditaires peuvent être extérieurs au quartier. Visiteurs exclus du stock. chapitre régional ; profil territorial proposé Budget civil 1,00 % ; coefficient 1,500000 ; part de filière 7,812 %. Apprentissage, audition et réseau ; accès au mérite notamment Mustardseed.";0.003764729604252121;0.031095013313090048;0.0007418195826578352
Compositeur;Artiste du spectacle;0.0356015625;0.05742187500000001;;A — activité attestée;PG28;"Contexte régional ; taille et fréquence locales proposées. Professions des résidents ; lieu de travail et commanditaires peuvent être extérieurs au quartier. Visiteurs exclus du stock. chapitre régional ; profil territorial proposé Budget civil 1,00 % ; coefficient 1,500000 ; part de filière 7,812 %. Apprentissage, audition et réseau ; accès au mérite notamment Mustardseed.";0.003764729604252121;0.031095013313090048;0.0007418195826578352
Crieur public;Artiste du spectacle;0.0356015625;0.05742187500000001;;P — activité proposée;MJ129;"Contexte régional ; taille et fréquence locales proposées. Professions des résidents ; lieu de travail et commanditaires peuvent être extérieurs au quartier. Visiteurs exclus du stock. chapitre régional ; profil territorial proposé Budget civil 1,00 % ; coefficient 1,500000 ; part de filière 7,812 %. Apprentissage, audition et réseau ; accès au mérite notamment Mustardseed.";0.003764729604252121;0.031095013313090048;0.0007418195826578352
Joueur professionnel;Professionnel du jeu;0.00949375;0.0153125;;P — activité proposée;SB99;"Contexte régional ; taille et fréquence locales proposées. Professions des résidents ; lieu de travail et commanditaires peuvent être extérieurs au quartier. Visiteurs exclus du stock. chapitre régional ; profil territorial proposé Budget civil 1,00 % ; coefficient 0,400000 ; part de filière 2,083 %. Apprentissage, audition et réseau ; accès au mérite notamment Mustardseed.";0.0010039278944672318;0.008292003550157346;0.0001978185553754226
Croupier;Professionnel du jeu;0.00949375;0.0153125;;D — activité déduite;SB99;"Contexte régional ; taille et fréquence locales proposées. Professions des résidents ; lieu de travail et commanditaires peuvent être extérieurs au quartier. Visiteurs exclus du stock. chapitre régional ; profil territorial proposé Budget civil 1,00 % ; coefficient 0,400000 ; part de filière 2,083 %. Apprentissage, audition et réseau ; accès au mérite notamment Mustardseed.";0.0010039278944672318;0.008292003550157346;0.0001978185553754226
Preneur de paris;Professionnel du jeu;0.00949375;0.0153125;;D — activité déduite;SB99;"Contexte régional ; taille et fréquence locales proposées. Professions des résidents ; lieu de travail et commanditaires peuvent être extérieurs au quartier. Visiteurs exclus du stock. chapitre régional ; profil territorial proposé Budget civil 1,00 % ; coefficient 0,400000 ; part de filière 2,083 %. Apprentissage, audition et réseau ; accès au mérite notamment Mustardseed.";0.0010039278944672318;0.008292003550157346;0.0001978185553754226
Maître-chanteur;Opérateur d’activités illicites;0;0;;A — activité attestée;BR42;"Contexte régional ; taille et fréquence locales proposées. Professions des résidents ; lieu de travail et commanditaires peuvent être extérieurs au quartier. Visiteurs exclus du stock. chapitre régional ; profil territorial proposé Budget civil 0,00 % ; coefficient 0,000000 ; part de filière 0,000 %. Zéro proposé : Budget local de cette filière nul ou coefficient non retenu ; aucune interdiction universelle. Réseaux, exclusion, dettes et compétences ; statut légal distinct de noblesse.";0;0;0
Cambrioleur;Opérateur d’activités illicites;0;0;;A — activité attestée;BR42;"Contexte régional ; taille et fréquence locales proposées. Professions des résidents ; lieu de travail et commanditaires peuvent être extérieurs au quartier. Visiteurs exclus du stock. chapitre régional ; profil territorial proposé Budget civil 0,00 % ; coefficient 0,000000 ; part de filière 0,000 %. Zéro proposé : Budget local de cette filière nul ou coefficient non retenu ; aucune interdiction universelle. Réseaux, exclusion, dettes et compétences ; statut légal distinct de noblesse.";0;0;0
Homme de main;Opérateur d’activités illicites;0;0;;A — activité attestée;BR42;"Contexte régional ; taille et fréquence locales proposées. Professions des résidents ; lieu de travail et commanditaires peuvent être extérieurs au quartier. Visiteurs exclus du stock. chapitre régional ; profil territorial proposé Budget civil 0,00 % ; coefficient 0,000000 ; part de filière 0,000 %. Zéro proposé : Budget local de cette filière nul ou coefficient non retenu ; aucune interdiction universelle. Réseaux, exclusion, dettes et compétences ; statut légal distinct de noblesse.";0;0;0
Receleur;Opérateur d’activités illicites;0;0;;A — activité attestée;BR42;"Contexte régional ; taille et fréquence locales proposées. Professions des résidents ; lieu de travail et commanditaires peuvent être extérieurs au quartier. Visiteurs exclus du stock. chapitre régional ; profil territorial proposé Budget civil 0,00 % ; coefficient 0,000000 ; part de filière 0,000 %. Zéro proposé : Budget local de cette filière nul ou coefficient non retenu ; aucune interdiction universelle. Réseaux, exclusion, dettes et compétences ; statut légal distinct de noblesse.";0;0;0
Voleur de grand chemin;Opérateur d’activités illicites;0;0;;A — activité attestée;BR42;"Contexte régional ; taille et fréquence locales proposées. Professions des résidents ; lieu de travail et commanditaires peuvent être extérieurs au quartier. Visiteurs exclus du stock. chapitre régional ; profil territorial proposé Budget civil 0,00 % ; coefficient 0,000000 ; part de filière 0,000 %. Zéro proposé : Budget local de cette filière nul ou coefficient non retenu ; aucune interdiction universelle. Réseaux, exclusion, dettes et compétences ; statut légal distinct de noblesse.";0;0;0
Tueur à gages;Opérateur d’activités illicites;0;0;;A — activité attestée;BR42;"Contexte régional ; taille et fréquence locales proposées. Professions des résidents ; lieu de travail et commanditaires peuvent être extérieurs au quartier. Visiteurs exclus du stock. chapitre régional ; profil territorial proposé Budget civil 0,00 % ; coefficient 0,000000 ; part de filière 0,000 %. Zéro proposé : Budget local de cette filière nul ou coefficient non retenu ; aucune interdiction universelle. Réseaux, exclusion, dettes et compétences ; statut légal distinct de noblesse.";0;0;0
Pickpocket;Opérateur d’activités illicites;0;0;;A — activité attestée;BR42;"Contexte régional ; taille et fréquence locales proposées. Professions des résidents ; lieu de travail et commanditaires peuvent être extérieurs au quartier. Visiteurs exclus du stock. chapitre régional ; profil territorial proposé Budget civil 0,00 % ; coefficient 0,000000 ; part de filière 0,000 %. Zéro proposé : Budget local de cette filière nul ou coefficient non retenu ; aucune interdiction universelle. Réseaux, exclusion, dettes et compétences ; statut légal distinct de noblesse.";0;0;0
Contrebandier;Opérateur d’activités illicites;0;0;;A — activité attestée;BR42;"Contexte régional ; taille et fréquence locales proposées. Professions des résidents ; lieu de travail et commanditaires peuvent être extérieurs au quartier. Visiteurs exclus du stock. chapitre régional ; profil territorial proposé Budget civil 0,00 % ; coefficient 0,000000 ; part de filière 0,000 %. Zéro proposé : Budget local de cette filière nul ou coefficient non retenu ; aucune interdiction universelle. Réseaux, exclusion, dettes et compétences ; statut légal distinct de noblesse.";0;0;0
Pirate;Opérateur d’activités illicites;0;0;;A — activité attestée;MJ136;"Contexte régional ; taille et fréquence locales proposées. Professions des résidents ; lieu de travail et commanditaires peuvent être extérieurs au quartier. Visiteurs exclus du stock. chapitre régional ; profil territorial proposé Budget civil 0,00 % ; coefficient 0,000000 ; part de filière 0,000 %. Zéro proposé : Budget local de cette filière nul ou coefficient non retenu ; aucune interdiction universelle. Réseaux, exclusion, dettes et compétences ; statut légal distinct de noblesse.";0;0;0
Cultivateur de tubercules;Agriculteur;0;0;;A — activité attestée;"SB120; SB168";"Contexte régional ; taille et fréquence locales proposées. Professions des résidents ; lieu de travail et commanditaires peuvent être extérieurs au quartier. Visiteurs exclus du stock. chapitre régional ; profil territorial proposé Budget civil 15,00 % ; coefficient 0,000000 ; part de filière 0,000 %. Zéro proposé : Climat, matière ou culture hors filière régionale retenue ; aucun établissement exceptionnel proposé. Transmission familiale, terre/eau, droits d’usage et outils ; les tâches saisonnières restent secondaires.";0;0;0
Cartographe;Cartographe;0.012551690452231777;0.020244662019728674;;A — activité attestée;MJ128;"Contexte régional ; taille et fréquence locales proposées. Professions des résidents ; lieu de travail et commanditaires peuvent être extérieurs au quartier. Visiteurs exclus du stock. chapitre régional ; profil territorial proposé Budget civil 15,00 % ; coefficient 0,750000 ; part de filière 0,184 %. Long apprentissage, frais, bourses, talent, licence ou secret ; titre ne donne pas maîtrise.";0.0029004687106730723;0.00958263914313676;6.858259842194549e-05
Sans métier actif;Statut;1.24;2.0;;P;;Personnes productives occupées + personnes sans emploi disponibles recherchant une activité. Inclut aide familiale, subsistance, apprentissage productif et travail partiel.;0.124;1.054;0.062
Hors activité;Statut;38.0;0;;P;;"Tous habitants recensés dans les catégories sources; enfants, étudiants et retraités ne sont exclus de l’activité que sans contribution productive. Pas de seuil humain de 18 ans imposé.";3.8;32.3;1.9
