Métier;Base;% habitants;% actifs;Effectif attendu;Appui activité;Références;Justification proposée;Nobles de milieu privilégié / % de tous habitants;Autres nobles, dont maisons modestes / % de tous habitants;Peuple de milieu privilégié / % de tous habitants;Peuple ordinaire / % de tous habitants;Peuple précaire / % de tous habitants
Agriculteur généraliste;Agriculteur;0.06067793288590605;0.10413952027924697;9.101689932885908;A — activité attestée;"SB90; SB198";"Torygg’s Magic Tower, seul établissement d’enseignement arcanique impérial, Imperial Wizards ; étude magique, sécurité et administration. Professions des résidents ; lieu de travail et commanditaires peuvent être extérieurs au quartier. Visiteurs exclus du stock. activité/institution locale Budget civil 1,00 % ; coefficient 5,000000 ; part de filière 13,423 %. Transmission familiale, terre/eau, droits d’usage et outils ; les tâches saisonnières restent secondaires.";6.362688980207584e-05;7.079076520558664e-05;0.00034152672003752004;0.05582793441313298;0.00437405409772788
Céréalier;Agriculteur;0.1698982120805369;0.2915906567818915;25.484731812080536;D — activité déduite;"SB90; SB198";"Torygg’s Magic Tower, seul établissement d’enseignement arcanique impérial, Imperial Wizards ; étude magique, sécurité et administration. Professions des résidents ; lieu de travail et commanditaires peuvent être extérieurs au quartier. Visiteurs exclus du stock. activité/institution locale Budget civil 1,00 % ; coefficient 14,000000 ; part de filière 37,584 %. Transmission familiale, terre/eau, droits d’usage et outils ; les tâches saisonnières restent secondaires.";0.00017815529144581238;0.00019821414257564253;0.0009562748161050562;0.15631821635677234;0.012247351473638054
Riziculteur;Agriculteur;0;0;0.0;A — activité attestée;SB198;"Torygg’s Magic Tower, seul établissement d’enseignement arcanique impérial, Imperial Wizards ; étude magique, sécurité et administration. Professions des résidents ; lieu de travail et commanditaires peuvent être extérieurs au quartier. Visiteurs exclus du stock. activité/institution locale Budget civil 1,00 % ; coefficient 0,000000 ; part de filière 0,000 %. Zéro proposé : Climat, matière ou culture hors filière régionale retenue ; aucun établissement exceptionnel proposé. Transmission familiale, terre/eau, droits d’usage et outils ; les tâches saisonnières restent secondaires.";0;0;0;0;0
Vigneron;Agriculteur;0.048347657754010696;0.0829774787251754;7.252148663101605;A — activité attestée;MJ128;"Torygg’s Magic Tower, seul établissement d’enseignement arcanique impérial, Imperial Wizards ; étude magique, sécurité et administration. Professions des résidents ; lieu de travail et commanditaires peuvent être extérieurs au quartier. Visiteurs exclus du stock. activité/institution locale Budget civil 1,00 % ; coefficient 1,000000 ; part de filière 10,695 %. Savoir-faire de terrain et sécurité ; procédé spécialisé distinct du rang social.";3.0290668620804698e-05;8.425288494085939e-06;0.0005419654454265733;0.044296404302034;0.003470572049435232
Cultivateur d’épices;Agriculteur;0;0;0.0;A — activité attestée;SB182;"Torygg’s Magic Tower, seul établissement d’enseignement arcanique impérial, Imperial Wizards ; étude magique, sécurité et administration. Professions des résidents ; lieu de travail et commanditaires peuvent être extérieurs au quartier. Visiteurs exclus du stock. activité/institution locale Budget civil 1,00 % ; coefficient 0,000000 ; part de filière 0,000 %. Zéro proposé : Climat, matière ou culture hors filière régionale retenue ; aucun établissement exceptionnel proposé. Savoir-faire de terrain et sécurité ; procédé spécialisé distinct du rang social.";0;0;0;0;0
Cultivateur d’herbes pour thé;Agriculteur;0;0;0.0;D — activité déduite;SB198;"Torygg’s Magic Tower, seul établissement d’enseignement arcanique impérial, Imperial Wizards ; étude magique, sécurité et administration. Professions des résidents ; lieu de travail et commanditaires peuvent être extérieurs au quartier. Visiteurs exclus du stock. activité/institution locale Budget civil 1,00 % ; coefficient 0,000000 ; part de filière 0,000 %. Zéro proposé : Climat, matière ou culture hors filière régionale retenue ; aucun établissement exceptionnel proposé. Savoir-faire de terrain et sécurité ; procédé spécialisé distinct du rang social.";0;0;0;0;0
Maraîcher;Agriculteur;0.07281351946308726;0.12496742433509636;10.922027919463089;D — activité déduite;"SB90; SB198";"Torygg’s Magic Tower, seul établissement d’enseignement arcanique impérial, Imperial Wizards ; étude magique, sécurité et administration. Professions des résidents ; lieu de travail et commanditaires peuvent être extérieurs au quartier. Visiteurs exclus du stock. activité/institution locale Budget civil 1,00 % ; coefficient 6,000000 ; part de filière 16,107 %. Transmission familiale, terre/eau, droits d’usage et outils ; les tâches saisonnières restent secondaires.";7.635226776249108e-05;8.494891824670393e-05;0.0004098320640450245;0.06699352129575958;0.0052488649172734575
Jardinier;Horticulteur;0.048347657754010696;0.0829774787251754;7.252148663101605;A — activité attestée;"SB29; SB161";"Torygg’s Magic Tower, seul établissement d’enseignement arcanique impérial, Imperial Wizards ; étude magique, sécurité et administration. Professions des résidents ; lieu de travail et commanditaires peuvent être extérieurs au quartier. Visiteurs exclus du stock. activité/institution locale Budget civil 1,00 % ; coefficient 1,000000 ; part de filière 10,695 %. Savoir-faire de terrain et sécurité ; procédé spécialisé distinct du rang social.";3.0290668620804698e-05;8.425288494085939e-06;0.0005419654454265733;0.044296404302034;0.003470572049435232
Fleuriste;Horticulteur;0.048347657754010696;0.0829774787251754;7.252148663101605;A — activité attestée;"SB29; SB161";"Torygg’s Magic Tower, seul établissement d’enseignement arcanique impérial, Imperial Wizards ; étude magique, sécurité et administration. Professions des résidents ; lieu de travail et commanditaires peuvent être extérieurs au quartier. Visiteurs exclus du stock. activité/institution locale Budget civil 1,00 % ; coefficient 1,000000 ; part de filière 10,695 %. Savoir-faire de terrain et sécurité ; procédé spécialisé distinct du rang social.";3.0290668620804698e-05;8.425288494085939e-06;0.0005419654454265733;0.044296404302034;0.003470572049435232
Arboriculteur de verger;Horticulteur;0.012135586577181211;0.020827904055849396;1.8203379865771816;D — activité déduite;"SB29; SB161";"Torygg’s Magic Tower, seul établissement d’enseignement arcanique impérial, Imperial Wizards ; étude magique, sécurité et administration. Professions des résidents ; lieu de travail et commanditaires peuvent être extérieurs au quartier. Visiteurs exclus du stock. activité/institution locale Budget civil 1,00 % ; coefficient 1,000000 ; part de filière 2,685 %. Transmission familiale, terre/eau, droits d’usage et outils ; les tâches saisonnières restent secondaires.";1.2725377960415177e-05;1.4158153041117335e-05;6.830534400750407e-05;0.011165586882626598;0.0008748108195455761
Jardinier de roses magiques;Horticulteur;0;0;0.0;A — activité attestée;SB157;"Torygg’s Magic Tower, seul établissement d’enseignement arcanique impérial, Imperial Wizards ; étude magique, sécurité et administration. Professions des résidents ; lieu de travail et commanditaires peuvent être extérieurs au quartier. Visiteurs exclus du stock. activité/institution locale Budget civil 1,00 % ; coefficient 0,000000 ; part de filière 0,000 %. Zéro proposé : Filière régionale non retenue dans ce scénario, sans interdiction universelle. Savoir-faire de terrain et sécurité ; procédé spécialisé distinct du rang social.";0;0;0;0;0
Arboriculteur de breithwood;Horticulteur;0;0;0.0;D — activité déduite;SB152;"Torygg’s Magic Tower, seul établissement d’enseignement arcanique impérial, Imperial Wizards ; étude magique, sécurité et administration. Professions des résidents ; lieu de travail et commanditaires peuvent être extérieurs au quartier. Visiteurs exclus du stock. activité/institution locale Budget civil 1,00 % ; coefficient 0,000000 ; part de filière 0,000 %. Zéro proposé : Filière régionale non retenue dans ce scénario, sans interdiction universelle. Savoir-faire de terrain et sécurité ; procédé spécialisé distinct du rang social.";0;0;0;0;0
Éleveur généraliste;Éleveur;0.030338966442953023;0.052069760139623486;4.550844966442954;A — activité attestée;"SB120; SB182";"Torygg’s Magic Tower, seul établissement d’enseignement arcanique impérial, Imperial Wizards ; étude magique, sécurité et administration. Professions des résidents ; lieu de travail et commanditaires peuvent être extérieurs au quartier. Visiteurs exclus du stock. activité/institution locale Budget civil 1,00 % ; coefficient 2,500000 ; part de filière 6,711 %. Transmission familiale, terre/eau, droits d’usage et outils ; les tâches saisonnières restent secondaires.";3.181344490103792e-05;3.539538260279332e-05;0.00017076336001876002;0.02791396720656649;0.00218702704886394
Berger;Éleveur;0.012135586577181211;0.020827904055849396;1.8203379865771816;A — activité attestée;MJ135;"Torygg’s Magic Tower, seul établissement d’enseignement arcanique impérial, Imperial Wizards ; étude magique, sécurité et administration. Professions des résidents ; lieu de travail et commanditaires peuvent être extérieurs au quartier. Visiteurs exclus du stock. activité/institution locale Budget civil 1,00 % ; coefficient 1,000000 ; part de filière 2,685 %. Transmission familiale, terre/eau, droits d’usage et outils ; les tâches saisonnières restent secondaires.";1.2725377960415177e-05;1.4158153041117335e-05;6.830534400750407e-05;0.011165586882626598;0.0008748108195455761
Éleveur de yaks;Éleveur;0;0;0.0;A — activité attestée;SB120;"Torygg’s Magic Tower, seul établissement d’enseignement arcanique impérial, Imperial Wizards ; étude magique, sécurité et administration. Professions des résidents ; lieu de travail et commanditaires peuvent être extérieurs au quartier. Visiteurs exclus du stock. activité/institution locale Budget civil 1,00 % ; coefficient 0,000000 ; part de filière 0,000 %. Zéro proposé : Climat, matière ou culture hors filière régionale retenue ; aucun établissement exceptionnel proposé. Transmission familiale, terre/eau, droits d’usage et outils ; les tâches saisonnières restent secondaires.";0;0;0;0;0
Éleveur de chevaux;Éleveur;0.048347657754010696;0.0829774787251754;7.252148663101605;A — activité attestée;SB182;"Torygg’s Magic Tower, seul établissement d’enseignement arcanique impérial, Imperial Wizards ; étude magique, sécurité et administration. Professions des résidents ; lieu de travail et commanditaires peuvent être extérieurs au quartier. Visiteurs exclus du stock. activité/institution locale Budget civil 1,00 % ; coefficient 1,000000 ; part de filière 10,695 %. Savoir-faire de terrain et sécurité ; procédé spécialisé distinct du rang social.";3.0290668620804698e-05;8.425288494085939e-06;0.0005419654454265733;0.044296404302034;0.003470572049435232
Éleveur de chameaux;Éleveur;0;0;0.0;A — activité attestée;SB182;"Torygg’s Magic Tower, seul établissement d’enseignement arcanique impérial, Imperial Wizards ; étude magique, sécurité et administration. Professions des résidents ; lieu de travail et commanditaires peuvent être extérieurs au quartier. Visiteurs exclus du stock. activité/institution locale Budget civil 1,00 % ; coefficient 0,000000 ; part de filière 0,000 %. Zéro proposé : Climat, matière ou culture hors filière régionale retenue ; aucun établissement exceptionnel proposé. Savoir-faire de terrain et sécurité ; procédé spécialisé distinct du rang social.";0;0;0;0;0
Éleveur de vers à soie;Éleveur;0;0;0.0;A — activité attestée;SB198;"Torygg’s Magic Tower, seul établissement d’enseignement arcanique impérial, Imperial Wizards ; étude magique, sécurité et administration. Professions des résidents ; lieu de travail et commanditaires peuvent être extérieurs au quartier. Visiteurs exclus du stock. activité/institution locale Budget civil 1,00 % ; coefficient 0,000000 ; part de filière 0,000 %. Zéro proposé : Climat, matière ou culture hors filière régionale retenue ; aucun établissement exceptionnel proposé. Savoir-faire de terrain et sécurité ; procédé spécialisé distinct du rang social.";0;0;0;0;0
Éleveur de loups géants;Éleveur;0;0;0.0;A — activité attestée;SB191;"Torygg’s Magic Tower, seul établissement d’enseignement arcanique impérial, Imperial Wizards ; étude magique, sécurité et administration. Professions des résidents ; lieu de travail et commanditaires peuvent être extérieurs au quartier. Visiteurs exclus du stock. activité/institution locale Budget civil 1,00 % ; coefficient 0,000000 ; part de filière 0,000 %. Zéro proposé : Filière régionale non retenue dans ce scénario, sans interdiction universelle. Savoir-faire de terrain et sécurité ; procédé spécialisé distinct du rang social.";0;0;0;0;0
Éleveur de montures volantes;Éleveur;0;0;0.0;A — activité attestée;"SB124; SB107";"Torygg’s Magic Tower, seul établissement d’enseignement arcanique impérial, Imperial Wizards ; étude magique, sécurité et administration. Professions des résidents ; lieu de travail et commanditaires peuvent être extérieurs au quartier. Visiteurs exclus du stock. activité/institution locale Budget civil 1,00 % ; coefficient 0,000000 ; part de filière 0,000 %. Zéro proposé : Climat, matière ou culture hors filière régionale retenue ; aucun établissement exceptionnel proposé. Savoir-faire de terrain et sécurité ; procédé spécialisé distinct du rang social.";0;0;0;0;0
Apiculteur;Éleveur;0.012135586577181211;0.020827904055849396;1.8203379865771816;P — activité proposée;SB152;"Torygg’s Magic Tower, seul établissement d’enseignement arcanique impérial, Imperial Wizards ; étude magique, sécurité et administration. Professions des résidents ; lieu de travail et commanditaires peuvent être extérieurs au quartier. Visiteurs exclus du stock. activité/institution locale Budget civil 1,00 % ; coefficient 1,000000 ; part de filière 2,685 %. Transmission familiale, terre/eau, droits d’usage et outils ; les tâches saisonnières restent secondaires.";1.2725377960415177e-05;1.4158153041117335e-05;6.830534400750407e-05;0.011165586882626598;0.0008748108195455761
Chasseur de gibier;Chasseur;0.015169483221476512;0.026034880069811743;2.275422483221477;A — activité attestée;"MJ139; PG20";"Torygg’s Magic Tower, seul établissement d’enseignement arcanique impérial, Imperial Wizards ; étude magique, sécurité et administration. Professions des résidents ; lieu de travail et commanditaires peuvent être extérieurs au quartier. Visiteurs exclus du stock. activité/institution locale Budget civil 1,00 % ; coefficient 1,250000 ; part de filière 3,356 %. Transmission familiale, terre/eau, droits d’usage et outils ; les tâches saisonnières restent secondaires.";1.590672245051896e-05;1.769769130139666e-05;8.538168000938001e-05;0.013956983603283245;0.00109351352443197
Trappeur;Chasseur;0.0060677932885906056;0.010413952027924698;0.9101689932885908;A — activité attestée;MJ140;"Torygg’s Magic Tower, seul établissement d’enseignement arcanique impérial, Imperial Wizards ; étude magique, sécurité et administration. Professions des résidents ; lieu de travail et commanditaires peuvent être extérieurs au quartier. Visiteurs exclus du stock. activité/institution locale Budget civil 1,00 % ; coefficient 0,500000 ; part de filière 1,342 %. Transmission familiale, terre/eau, droits d’usage et outils ; les tâches saisonnières restent secondaires.";6.362688980207589e-06;7.0790765205586674e-06;3.415267200375204e-05;0.005582793441313299;0.00043740540977278805
Chasseur de monstres;Chasseur;0.02764352406744125;0.04744366194254153;4.146528610116188;A — activité attestée;PG58;"Torygg’s Magic Tower, seul établissement d’enseignement arcanique impérial, Imperial Wizards ; étude magique, sécurité et administration. Professions des résidents ; lieu de travail et commanditaires peuvent être extérieurs au quartier. Visiteurs exclus du stock. activité/institution locale Budget civil 14,00 % ; coefficient 0,500000 ; part de filière 0,437 %. Long apprentissage, frais, bourses, talent, licence ou secret ; titre ne donne pas maîtrise.";0.001516366505540468;0.00042177429068609355;0.003391383741364175;0.02217500862735947;0.00013899090249104492
Chasseur de monstres marins;Chasseur;0;0;0.0;A — activité attestée;SB148;"Torygg’s Magic Tower, seul établissement d’enseignement arcanique impérial, Imperial Wizards ; étude magique, sécurité et administration. Professions des résidents ; lieu de travail et commanditaires peuvent être extérieurs au quartier. Visiteurs exclus du stock. activité/institution locale Budget civil 14,00 % ; coefficient 0,000000 ; part de filière 0,000 %. Zéro proposé : Filière régionale non retenue dans ce scénario, sans interdiction universelle. Long apprentissage, frais, bourses, talent, licence ou secret ; titre ne donne pas maîtrise.";0;0;0;0;0
Chasseur de dragons;Chasseur;0;0;0.0;A — activité attestée;SB220;"Torygg’s Magic Tower, seul établissement d’enseignement arcanique impérial, Imperial Wizards ; étude magique, sécurité et administration. Professions des résidents ; lieu de travail et commanditaires peuvent être extérieurs au quartier. Visiteurs exclus du stock. activité/institution locale Budget civil 14,00 % ; coefficient 0,000000 ; part de filière 0,000 %. Zéro proposé : Technique de site, institution, secret ou habilitation concentrée dans les implantations autorisées du scénario. Long apprentissage, frais, bourses, talent, licence ou secret ; titre ne donne pas maîtrise.";0;0;0;0;0
Cueilleur;Collecteur de ressources;0.009708469261744965;0.016662323244679512;1.4562703892617446;A — activité attestée;"MJ139; SB153";"Torygg’s Magic Tower, seul établissement d’enseignement arcanique impérial, Imperial Wizards ; étude magique, sécurité et administration. Professions des résidents ; lieu de travail et commanditaires peuvent être extérieurs au quartier. Visiteurs exclus du stock. activité/institution locale Budget civil 1,00 % ; coefficient 0,800000 ; part de filière 2,148 %. Transmission familiale, terre/eau, droits d’usage et outils ; les tâches saisonnières restent secondaires.";1.018030236833214e-05;1.132652243289386e-05;5.4644275206003223e-05;0.008932469506101276;0.0006998486556364606
Herboriste de collecte;Collecteur de ressources;0.03867812620320857;0.06638198298014034;5.801718930481285;D — activité déduite;BR55;"Torygg’s Magic Tower, seul établissement d’enseignement arcanique impérial, Imperial Wizards ; étude magique, sécurité et administration. Professions des résidents ; lieu de travail et commanditaires peuvent être extérieurs au quartier. Visiteurs exclus du stock. activité/institution locale Budget civil 1,00 % ; coefficient 0,800000 ; part de filière 8,556 %. Savoir-faire de terrain et sécurité ; procédé spécialisé distinct du rang social.";2.423253489664376e-05;6.740230795268752e-06;0.00043357235634125887;0.03543712344162721;0.002776457639548186
Collecteur de composants de créatures;Collecteur de ressources;0.03867812620320857;0.06638198298014034;5.801718930481285;A — activité attestée;"SB104; SB139";"Torygg’s Magic Tower, seul établissement d’enseignement arcanique impérial, Imperial Wizards ; étude magique, sécurité et administration. Professions des résidents ; lieu de travail et commanditaires peuvent être extérieurs au quartier. Visiteurs exclus du stock. activité/institution locale Budget civil 1,00 % ; coefficient 0,800000 ; part de filière 8,556 %. Savoir-faire de terrain et sécurité ; procédé spécialisé distinct du rang social.";2.423253489664376e-05;6.740230795268752e-06;0.00043357235634125887;0.03543712344162721;0.002776457639548186
Collecteur de perles;Collecteur de ressources;0;0;0.0;D — activité déduite;SB149;"Torygg’s Magic Tower, seul établissement d’enseignement arcanique impérial, Imperial Wizards ; étude magique, sécurité et administration. Professions des résidents ; lieu de travail et commanditaires peuvent être extérieurs au quartier. Visiteurs exclus du stock. activité/institution locale Budget civil 1,00 % ; coefficient 0,000000 ; part de filière 0,000 %. Zéro proposé : Filière régionale non retenue dans ce scénario, sans interdiction universelle. Savoir-faire de terrain et sécurité ; procédé spécialisé distinct du rang social.";0;0;0;0;0
Récupérateur de reliques penumbrales;Collecteur de ressources;0;0;0.0;A — activité attestée;PG8;"Torygg’s Magic Tower, seul établissement d’enseignement arcanique impérial, Imperial Wizards ; étude magique, sécurité et administration. Professions des résidents ; lieu de travail et commanditaires peuvent être extérieurs au quartier. Visiteurs exclus du stock. activité/institution locale Budget civil 1,00 % ; coefficient 0,000000 ; part de filière 0,000 %. Zéro proposé : Filière régionale non retenue dans ce scénario, sans interdiction universelle. Savoir-faire de terrain et sécurité ; procédé spécialisé distinct du rang social.";0;0;0;0;0
Bûcheron;Travailleur forestier;0.024173828877005348;0.0414887393625877;3.6260743315508024;A — activité attestée;"MJ135; SB107";"Torygg’s Magic Tower, seul établissement d’enseignement arcanique impérial, Imperial Wizards ; étude magique, sécurité et administration. Professions des résidents ; lieu de travail et commanditaires peuvent être extérieurs au quartier. Visiteurs exclus du stock. activité/institution locale Budget civil 1,00 % ; coefficient 0,500000 ; part de filière 5,348 %. Savoir-faire de terrain et sécurité ; procédé spécialisé distinct du rang social.";1.5145334310402349e-05;4.212644247042969e-06;0.00027098272271328664;0.022148202151017;0.001735286024717616
Forestier;Travailleur forestier;0.024173828877005348;0.0414887393625877;3.6260743315508024;A — activité attestée;MJ140;"Torygg’s Magic Tower, seul établissement d’enseignement arcanique impérial, Imperial Wizards ; étude magique, sécurité et administration. Professions des résidents ; lieu de travail et commanditaires peuvent être extérieurs au quartier. Visiteurs exclus du stock. activité/institution locale Budget civil 1,00 % ; coefficient 0,500000 ; part de filière 5,348 %. Savoir-faire de terrain et sécurité ; procédé spécialisé distinct du rang social.";1.5145334310402349e-05;4.212644247042969e-06;0.00027098272271328664;0.022148202151017;0.001735286024717616
Scieur;Travailleur forestier;0.024173828877005348;0.0414887393625877;3.6260743315508024;D — activité déduite;SB99;"Torygg’s Magic Tower, seul établissement d’enseignement arcanique impérial, Imperial Wizards ; étude magique, sécurité et administration. Professions des résidents ; lieu de travail et commanditaires peuvent être extérieurs au quartier. Visiteurs exclus du stock. activité/institution locale Budget civil 1,00 % ; coefficient 0,500000 ; part de filière 5,348 %. Savoir-faire de terrain et sécurité ; procédé spécialisé distinct du rang social.";1.5145334310402349e-05;4.212644247042969e-06;0.00027098272271328664;0.022148202151017;0.001735286024717616
Pêcheur maritime;Pêcheur;0.0024271173154362417;0.004165580811169879;0.36406759731543625;A — activité attestée;"SB110; SB168";"Torygg’s Magic Tower, seul établissement d’enseignement arcanique impérial, Imperial Wizards ; étude magique, sécurité et administration. Professions des résidents ; lieu de travail et commanditaires peuvent être extérieurs au quartier. Visiteurs exclus du stock. activité/institution locale Budget civil 1,00 % ; coefficient 0,200000 ; part de filière 0,537 %. Transmission familiale, terre/eau, droits d’usage et outils ; les tâches saisonnières restent secondaires.";2.5450755920830355e-06;2.8316306082234653e-06;1.3661068801500808e-05;0.0022331173765253193;0.00017496216390911517
Pêcheur d’eau douce;Pêcheur;0.048542346308724844;0.08331161622339758;7.281351946308726;A — activité attestée;SB138;"Torygg’s Magic Tower, seul établissement d’enseignement arcanique impérial, Imperial Wizards ; étude magique, sécurité et administration. Professions des résidents ; lieu de travail et commanditaires peuvent être extérieurs au quartier. Visiteurs exclus du stock. activité/institution locale Budget civil 1,00 % ; coefficient 4,000000 ; part de filière 10,738 %. Transmission familiale, terre/eau, droits d’usage et outils ; les tâches saisonnières restent secondaires.";5.090151184166071e-05;5.663261216446934e-05;0.0002732213760300163;0.044662347530506394;0.0034992432781823044
Cultivateur marin;Pêcheur;0;0;0.0;P — activité proposée;SB149;"Torygg’s Magic Tower, seul établissement d’enseignement arcanique impérial, Imperial Wizards ; étude magique, sécurité et administration. Professions des résidents ; lieu de travail et commanditaires peuvent être extérieurs au quartier. Visiteurs exclus du stock. activité/institution locale Budget civil 1,00 % ; coefficient 0,000000 ; part de filière 0,000 %. Zéro proposé : Filière régionale non retenue dans ce scénario, sans interdiction universelle. Transmission familiale, terre/eau, droits d’usage et outils ; les tâches saisonnières restent secondaires.";0;0;0;0;0
Mineur;Extracteur de ressources minérales;0.024173828877005348;0.0414887393625877;3.6260743315508024;A — activité attestée;"MJ135; SB160";"Torygg’s Magic Tower, seul établissement d’enseignement arcanique impérial, Imperial Wizards ; étude magique, sécurité et administration. Professions des résidents ; lieu de travail et commanditaires peuvent être extérieurs au quartier. Visiteurs exclus du stock. activité/institution locale Budget civil 1,00 % ; coefficient 0,500000 ; part de filière 5,348 %. Savoir-faire de terrain et sécurité ; procédé spécialisé distinct du rang social.";1.5145334310402349e-05;4.212644247042969e-06;0.00027098272271328664;0.022148202151017;0.001735286024717616
Carrier;Extracteur de ressources minérales;0.024173828877005348;0.0414887393625877;3.6260743315508024;D — activité déduite;"MJ135; SB160";"Torygg’s Magic Tower, seul établissement d’enseignement arcanique impérial, Imperial Wizards ; étude magique, sécurité et administration. Professions des résidents ; lieu de travail et commanditaires peuvent être extérieurs au quartier. Visiteurs exclus du stock. activité/institution locale Budget civil 1,00 % ; coefficient 0,500000 ; part de filière 5,348 %. Savoir-faire de terrain et sécurité ; procédé spécialisé distinct du rang social.";1.5145334310402349e-05;4.212644247042969e-06;0.00027098272271328664;0.022148202151017;0.001735286024717616
Salinier;Extracteur de ressources minérales;0;0;0.0;P — activité proposée;SB120;"Torygg’s Magic Tower, seul établissement d’enseignement arcanique impérial, Imperial Wizards ; étude magique, sécurité et administration. Professions des résidents ; lieu de travail et commanditaires peuvent être extérieurs au quartier. Visiteurs exclus du stock. activité/institution locale Budget civil 1,00 % ; coefficient 0,000000 ; part de filière 0,000 %. Zéro proposé : Climat, matière ou culture hors filière régionale retenue ; aucun établissement exceptionnel proposé. Savoir-faire de terrain et sécurité ; procédé spécialisé distinct du rang social.";0;0;0;0;0
Mineur de bauronite;Extracteur de ressources minérales;0;0;0.0;A — activité attestée;"SB174; SB182";"Torygg’s Magic Tower, seul établissement d’enseignement arcanique impérial, Imperial Wizards ; étude magique, sécurité et administration. Professions des résidents ; lieu de travail et commanditaires peuvent être extérieurs au quartier. Visiteurs exclus du stock. activité/institution locale Budget civil 1,00 % ; coefficient 0,000000 ; part de filière 0,000 %. Zéro proposé : Climat, matière ou culture hors filière régionale retenue ; aucun établissement exceptionnel proposé. Savoir-faire de terrain et sécurité ; procédé spécialisé distinct du rang social.";0;0;0;0;0
Mineur de tameranium;Extracteur de ressources minérales;0;0;0.0;A — activité attestée;"SB168; SB198";"Torygg’s Magic Tower, seul établissement d’enseignement arcanique impérial, Imperial Wizards ; étude magique, sécurité et administration. Professions des résidents ; lieu de travail et commanditaires peuvent être extérieurs au quartier. Visiteurs exclus du stock. activité/institution locale Budget civil 1,00 % ; coefficient 0,000000 ; part de filière 0,000 %. Zéro proposé : Climat, matière ou culture hors filière régionale retenue ; aucun établissement exceptionnel proposé. Savoir-faire de terrain et sécurité ; procédé spécialisé distinct du rang social.";0;0;0;0;0
Extracteur d’obsidienne;Extracteur de ressources minérales;0;0;0.0;A — activité attestée;SB190;"Torygg’s Magic Tower, seul établissement d’enseignement arcanique impérial, Imperial Wizards ; étude magique, sécurité et administration. Professions des résidents ; lieu de travail et commanditaires peuvent être extérieurs au quartier. Visiteurs exclus du stock. activité/institution locale Budget civil 1,00 % ; coefficient 0,000000 ; part de filière 0,000 %. Zéro proposé : Filière régionale non retenue dans ce scénario, sans interdiction universelle. Savoir-faire de terrain et sécurité ; procédé spécialisé distinct du rang social.";0;0;0;0;0
Extracteur de soufre;Extracteur de ressources minérales;0;0;0.0;A — activité attestée;SB190;"Torygg’s Magic Tower, seul établissement d’enseignement arcanique impérial, Imperial Wizards ; étude magique, sécurité et administration. Professions des résidents ; lieu de travail et commanditaires peuvent être extérieurs au quartier. Visiteurs exclus du stock. activité/institution locale Budget civil 1,00 % ; coefficient 0,000000 ; part de filière 0,000 %. Zéro proposé : Filière régionale non retenue dans ce scénario, sans interdiction universelle. Savoir-faire de terrain et sécurité ; procédé spécialisé distinct du rang social.";0;0;0;0;0
Prospecteur;Extracteur de ressources minérales;0.024173828877005348;0.0414887393625877;3.6260743315508024;D — activité déduite;SB104;"Torygg’s Magic Tower, seul établissement d’enseignement arcanique impérial, Imperial Wizards ; étude magique, sécurité et administration. Professions des résidents ; lieu de travail et commanditaires peuvent être extérieurs au quartier. Visiteurs exclus du stock. activité/institution locale Budget civil 1,00 % ; coefficient 0,500000 ; part de filière 5,348 %. Savoir-faire de terrain et sécurité ; procédé spécialisé distinct du rang social.";1.5145334310402349e-05;4.212644247042969e-06;0.00027098272271328664;0.022148202151017;0.001735286024717616
Meunier;Meunier;0.15292891824405966;0.26246682154954804;22.939337736608948;D — activité déduite;SB121;"Torygg’s Magic Tower, seul établissement d’enseignement arcanique impérial, Imperial Wizards ; étude magique, sécurité et administration. Professions des résidents ; lieu de travail et commanditaires peuvent être extérieurs au quartier. Visiteurs exclus du stock. activité/institution locale Budget civil 24,00 % ; coefficient 1,750000 ; part de filière 1,410 %. Apprentissage, atelier, combustible et outils ; titre noble ne remplace pas qualification.";0.00018307829907802234;0.00020369144122219237;0.008189164883571652;0.13386482907344524;0.010488154546742538
Boucher;Boucher;0.17477590656463954;0.2999620817709119;26.21638598469593;D — activité déduite;SB99;"Torygg’s Magic Tower, seul établissement d’enseignement arcanique impérial, Imperial Wizards ; étude magique, sécurité et administration. Professions des résidents ; lieu de travail et commanditaires peuvent être extérieurs au quartier. Visiteurs exclus du stock. activité/institution locale Budget civil 24,00 % ; coefficient 2,000000 ; part de filière 1,611 %. Apprentissage, atelier, combustible et outils ; titre noble ne remplace pas qualification.";0.00020923234180345433;0.00023279021853964856;0.009359045581224747;0.15298837608393737;0.011986462339134335
Écorcheur;Boucher;0.06991036262585583;0.11998483270836478;10.486554393878375;A — activité attestée;MJ128;"Torygg’s Magic Tower, seul établissement d’enseignement arcanique impérial, Imperial Wizards ; étude magique, sécurité et administration. Professions des résidents ; lieu de travail et commanditaires peuvent être extérieurs au quartier. Visiteurs exclus du stock. activité/institution locale Budget civil 24,00 % ; coefficient 0,800000 ; part de filière 0,644 %. Apprentissage, atelier, combustible et outils ; titre noble ne remplace pas qualification.";8.369293672138169e-05;9.311608741585939e-05;0.0037436182324898995;0.06119535043357496;0.004794584935653731
Boulanger;Boulanger;0.37139880144985904;0.6374194237631878;55.70982021747886;A — activité attestée;MJ128;"Torygg’s Magic Tower, seul établissement d’enseignement arcanique impérial, Imperial Wizards ; étude magique, sécurité et administration. Professions des résidents ; lieu de travail et commanditaires peuvent être extérieurs au quartier. Visiteurs exclus du stock. activité/institution locale Budget civil 24,00 % ; coefficient 4,250000 ; part de filière 3,423 %. Apprentissage, atelier, combustible et outils ; titre noble ne remplace pas qualification.";0.0004446187263323404;0.0004946792143967533;0.0198879718601026;0.3251002991783669;0.02547123247066046
Cuisinier;Cuisinier;1.1659803972143412;2.001133417798272;174.8970595821512;A — activité attestée;MJ128;"Torygg’s Magic Tower, seul établissement d’enseignement arcanique impérial, Imperial Wizards ; étude magique, sécurité et administration. Professions des résidents ; lieu de travail et commanditaires peuvent être extérieurs au quartier. Visiteurs exclus du stock. activité/institution locale Budget civil 20,00 % ; coefficient 7,500000 ; part de filière 12,897 %. Apprentissage et qualification variable ; soins avancés et thérapie magique exigent formation.";0.00073817748454867;0.0002053225811888991;0.006603794294301376;1.0794944380913332;0.07893866476296901
Cuisinier de haute cuisine;Cuisinier;0;0;0.0;A — activité attestée;"PG28; CC52";"Torygg’s Magic Tower, seul établissement d’enseignement arcanique impérial, Imperial Wizards ; étude magique, sécurité et administration. Professions des résidents ; lieu de travail et commanditaires peuvent être extérieurs au quartier. Visiteurs exclus du stock. activité/institution locale Budget civil 20,00 % ; coefficient 0,000000 ; part de filière 0,000 %. Zéro proposé : Haute cuisine concentrée auprès de clientèle et maîtres attestés/proposés ; cuisine ordinaire conservée. Apprentissage et qualification variable ; soins avancés et thérapie magique exigent formation.";0;0;0;0;0
Poissonnier;Transformateur alimentaire;0.11360433926701571;0.19497535315109277;17.04065089005236;D — activité déduite;"SB120; SB149";"Torygg’s Magic Tower, seul établissement d’enseignement arcanique impérial, Imperial Wizards ; étude magique, sécurité et administration. Professions des résidents ; lieu de travail et commanditaires peuvent être extérieurs au quartier. Visiteurs exclus du stock. activité/institution locale Budget civil 24,00 % ; coefficient 1,300000 ; part de filière 1,047 %. Apprentissage, atelier, combustible et outils ; titre noble ne remplace pas qualification.";0.00013600102217224526;0.00015131364205077152;0.006083379627796087;0.0994424444545593;0.007791200520437316
Saleur et sécheur alimentaire;Transformateur alimentaire;0.11360433926701571;0.19497535315109277;17.04065089005236;D — activité déduite;"SB120; SB149";"Torygg’s Magic Tower, seul établissement d’enseignement arcanique impérial, Imperial Wizards ; étude magique, sécurité et administration. Professions des résidents ; lieu de travail et commanditaires peuvent être extérieurs au quartier. Visiteurs exclus du stock. activité/institution locale Budget civil 24,00 % ; coefficient 1,300000 ; part de filière 1,047 %. Apprentissage, atelier, combustible et outils ; titre noble ne remplace pas qualification.";0.00013600102217224526;0.00015131364205077152;0.006083379627796087;0.0994424444545593;0.007791200520437316
Fromager;Transformateur alimentaire;0.11360433926701571;0.19497535315109277;17.04065089005236;A — activité attestée;"SB120; SB149";"Torygg’s Magic Tower, seul établissement d’enseignement arcanique impérial, Imperial Wizards ; étude magique, sécurité et administration. Professions des résidents ; lieu de travail et commanditaires peuvent être extérieurs au quartier. Visiteurs exclus du stock. activité/institution locale Budget civil 24,00 % ; coefficient 1,300000 ; part de filière 1,047 %. Apprentissage, atelier, combustible et outils ; titre noble ne remplace pas qualification.";0.00013600102217224526;0.00015131364205077152;0.006083379627796087;0.0994424444545593;0.007791200520437316
Huilier;Transformateur alimentaire;0.11360433926701571;0.19497535315109277;17.04065089005236;P — activité proposée;"SB120; SB149";"Torygg’s Magic Tower, seul établissement d’enseignement arcanique impérial, Imperial Wizards ; étude magique, sécurité et administration. Professions des résidents ; lieu de travail et commanditaires peuvent être extérieurs au quartier. Visiteurs exclus du stock. activité/institution locale Budget civil 24,00 % ; coefficient 1,300000 ; part de filière 1,047 %. Apprentissage, atelier, combustible et outils ; titre noble ne remplace pas qualification.";0.00013600102217224526;0.00015131364205077152;0.006083379627796087;0.0994424444545593;0.007791200520437316
Brasseur;Fabricant de boissons;0.10486554393878372;0.17997724906254714;15.72983159081756;A — activité attestée;"MJ128; SB120";"Torygg’s Magic Tower, seul établissement d’enseignement arcanique impérial, Imperial Wizards ; étude magique, sécurité et administration. Professions des résidents ; lieu de travail et commanditaires peuvent être extérieurs au quartier. Visiteurs exclus du stock. activité/institution locale Budget civil 24,00 % ; coefficient 1,200000 ; part de filière 0,967 %. Apprentissage, atelier, combustible et outils ; titre noble ne remplace pas qualification.";0.00012553940508207257;0.0001396741311237891;0.005615427348734848;0.09179302565036242;0.0071918774034806
Distillateur;Fabricant de boissons;0.10486554393878372;0.17997724906254714;15.72983159081756;A — activité attestée;"MJ128; SB120";"Torygg’s Magic Tower, seul établissement d’enseignement arcanique impérial, Imperial Wizards ; étude magique, sécurité et administration. Professions des résidents ; lieu de travail et commanditaires peuvent être extérieurs au quartier. Visiteurs exclus du stock. activité/institution locale Budget civil 24,00 % ; coefficient 1,200000 ; part de filière 0,967 %. Apprentissage, atelier, combustible et outils ; titre noble ne remplace pas qualification.";0.00012553940508207257;0.0001396741311237891;0.005615427348734848;0.09179302565036242;0.0071918774034806
Distillateur de Highlandtuber;Fabricant de boissons;0;0;0.0;A — activité attestée;"SB120; SB121";"Torygg’s Magic Tower, seul établissement d’enseignement arcanique impérial, Imperial Wizards ; étude magique, sécurité et administration. Professions des résidents ; lieu de travail et commanditaires peuvent être extérieurs au quartier. Visiteurs exclus du stock. activité/institution locale Budget civil 24,00 % ; coefficient 0,000000 ; part de filière 0,000 %. Zéro proposé : Filière régionale non retenue dans ce scénario, sans interdiction universelle. Apprentissage, atelier, combustible et outils ; titre noble ne remplace pas qualification.";0;0;0;0;0
Maître de cérémonie du thé;Maître de cérémonie du thé;0;0;0.0;A — activité attestée;SB201;"Torygg’s Magic Tower, seul établissement d’enseignement arcanique impérial, Imperial Wizards ; étude magique, sécurité et administration. Professions des résidents ; lieu de travail et commanditaires peuvent être extérieurs au quartier. Visiteurs exclus du stock. activité/institution locale Budget civil 1,00 % ; coefficient 0,000000 ; part de filière 0,000 %. Zéro proposé : Filière régionale non retenue dans ce scénario, sans interdiction universelle. Apprentissage, audition et réseau ; accès au mérite notamment Mustardseed.";0;0;0;0;0
Alchimiste;Alchimiste;0.13821762033720625;0.23721830971270763;20.732643050580936;A — activité attestée;"MJ128; BR55";"Torygg’s Magic Tower, seul établissement d’enseignement arcanique impérial, Imperial Wizards ; étude magique, sécurité et administration. Professions des résidents ; lieu de travail et commanditaires peuvent être extérieurs au quartier. Visiteurs exclus du stock. activité/institution locale Budget civil 14,00 % ; coefficient 2,500000 ; part de filière 2,184 %. Long apprentissage, frais, bourses, talent, licence ou secret ; titre ne donne pas maîtrise.";0.007581832527702343;0.002108871453430469;0.016956918706820888;0.11087504313679733;0.0006949545124552246
Apothicaire;Alchimiste;0.0552870481348825;0.09488732388508306;8.293057220232376;A — activité attestée;"MJ128; BR55";"Torygg’s Magic Tower, seul établissement d’enseignement arcanique impérial, Imperial Wizards ; étude magique, sécurité et administration. Professions des résidents ; lieu de travail et commanditaires peuvent être extérieurs au quartier. Visiteurs exclus du stock. activité/institution locale Budget civil 14,00 % ; coefficient 1,000000 ; part de filière 0,874 %. Long apprentissage, frais, bourses, talent, licence ou secret ; titre ne donne pas maîtrise.";0.003032733011080936;0.0008435485813721871;0.00678276748272835;0.04435001725471894;0.00027798180498208984
Préparateur de poisons;Alchimiste;0.0552870481348825;0.09488732388508306;8.293057220232376;D — activité déduite;"BR55; SB193";"Torygg’s Magic Tower, seul établissement d’enseignement arcanique impérial, Imperial Wizards ; étude magique, sécurité et administration. Professions des résidents ; lieu de travail et commanditaires peuvent être extérieurs au quartier. Visiteurs exclus du stock. activité/institution locale Budget civil 14,00 % ; coefficient 1,000000 ; part de filière 0,874 %. Long apprentissage, frais, bourses, talent, licence ou secret ; titre ne donne pas maîtrise.";0.003032733011080936;0.0008435485813721871;0.00678276748272835;0.04435001725471894;0.00027798180498208984
Préparateur de potions;Alchimiste;0.0552870481348825;0.09488732388508306;8.293057220232376;A — activité attestée;SB138;"Torygg’s Magic Tower, seul établissement d’enseignement arcanique impérial, Imperial Wizards ; étude magique, sécurité et administration. Professions des résidents ; lieu de travail et commanditaires peuvent être extérieurs au quartier. Visiteurs exclus du stock. activité/institution locale Budget civil 14,00 % ; coefficient 1,000000 ; part de filière 0,874 %. Long apprentissage, frais, bourses, talent, licence ou secret ; titre ne donne pas maîtrise.";0.003032733011080936;0.0008435485813721871;0.00678276748272835;0.04435001725471894;0.00027798180498208984
Préparateur d’Estelindea;Alchimiste;0;0;0.0;A — activité attestée;SB153;"Torygg’s Magic Tower, seul établissement d’enseignement arcanique impérial, Imperial Wizards ; étude magique, sécurité et administration. Professions des résidents ; lieu de travail et commanditaires peuvent être extérieurs au quartier. Visiteurs exclus du stock. activité/institution locale Budget civil 14,00 % ; coefficient 0,000000 ; part de filière 0,000 %. Zéro proposé : Filière régionale non retenue dans ce scénario, sans interdiction universelle. Long apprentissage, frais, bourses, talent, licence ou secret ; titre ne donne pas maîtrise.";0;0;0;0;0
Charbonnier;Charbonnier;0.036260743315508034;0.06223310904388157;5.439111497326206;P — activité proposée;SB128;"Torygg’s Magic Tower, seul établissement d’enseignement arcanique impérial, Imperial Wizards ; étude magique, sécurité et administration. Professions des résidents ; lieu de travail et commanditaires peuvent être extérieurs au quartier. Visiteurs exclus du stock. activité/institution locale Budget civil 1,00 % ; coefficient 0,750000 ; part de filière 8,021 %. Savoir-faire de terrain et sécurité ; procédé spécialisé distinct du rang social.";2.271800146560354e-05;6.318966370564457e-06;0.00040647408406993015;0.03322230322652551;0.002602929037076426
Fondeur et affineur;Métallurgiste;0.06117156729762385;0.10498672861981918;9.175735094643578;D — activité déduite;"SB198; SB160";"Torygg’s Magic Tower, seul établissement d’enseignement arcanique impérial, Imperial Wizards ; étude magique, sécurité et administration. Professions des résidents ; lieu de travail et commanditaires peuvent être extérieurs au quartier. Visiteurs exclus du stock. activité/institution locale Budget civil 24,00 % ; coefficient 0,700000 ; part de filière 0,564 %. Apprentissage, atelier, combustible et outils ; titre noble ne remplace pas qualification.";7.323131963120896e-05;8.147657648887698e-05;0.0032756659534286616;0.05354593162937809;0.004195261818697015
Aciériste;Métallurgiste;0.06117156729762385;0.10498672861981918;9.175735094643578;D — activité déduite;SB198;"Torygg’s Magic Tower, seul établissement d’enseignement arcanique impérial, Imperial Wizards ; étude magique, sécurité et administration. Professions des résidents ; lieu de travail et commanditaires peuvent être extérieurs au quartier. Visiteurs exclus du stock. activité/institution locale Budget civil 24,00 % ; coefficient 0,700000 ; part de filière 0,564 %. Apprentissage, atelier, combustible et outils ; titre noble ne remplace pas qualification.";7.323131963120896e-05;8.147657648887698e-05;0.0032756659534286616;0.05354593162937809;0.004195261818697015
Forgeron;Forgeron;0.4369397664115989;0.7499052044272798;65.54096496173983;A — activité attestée;MJ128;"Torygg’s Magic Tower, seul établissement d’enseignement arcanique impérial, Imperial Wizards ; étude magique, sécurité et administration. Professions des résidents ; lieu de travail et commanditaires peuvent être extérieurs au quartier. Visiteurs exclus du stock. activité/institution locale Budget civil 24,00 % ; coefficient 5,000000 ; part de filière 4,027 %. Apprentissage, atelier, combustible et outils ; titre noble ne remplace pas qualification.";0.0005230808545086355;0.000581975546349121;0.02339761395306187;0.3824709402098434;0.029966155847835827
Armurier;Forgeron;0.17477590656463954;0.2999620817709119;26.21638598469593;A — activité attestée;MJ128;"Torygg’s Magic Tower, seul établissement d’enseignement arcanique impérial, Imperial Wizards ; étude magique, sécurité et administration. Professions des résidents ; lieu de travail et commanditaires peuvent être extérieurs au quartier. Visiteurs exclus du stock. activité/institution locale Budget civil 24,00 % ; coefficient 2,000000 ; part de filière 1,611 %. Apprentissage, atelier, combustible et outils ; titre noble ne remplace pas qualification.";0.00020923234180345433;0.00023279021853964856;0.009359045581224747;0.15298837608393737;0.011986462339134335
Coutelier;Forgeron;0.17477590656463954;0.2999620817709119;26.21638598469593;D — activité déduite;MJ128;"Torygg’s Magic Tower, seul établissement d’enseignement arcanique impérial, Imperial Wizards ; étude magique, sécurité et administration. Professions des résidents ; lieu de travail et commanditaires peuvent être extérieurs au quartier. Visiteurs exclus du stock. activité/institution locale Budget civil 24,00 % ; coefficient 2,000000 ; part de filière 1,611 %. Apprentissage, atelier, combustible et outils ; titre noble ne remplace pas qualification.";0.00020923234180345433;0.00023279021853964856;0.009359045581224747;0.15298837608393737;0.011986462339134335
Rémouleur;Forgeron;0.17477590656463954;0.2999620817709119;26.21638598469593;D — activité déduite;MJ128;"Torygg’s Magic Tower, seul établissement d’enseignement arcanique impérial, Imperial Wizards ; étude magique, sécurité et administration. Professions des résidents ; lieu de travail et commanditaires peuvent être extérieurs au quartier. Visiteurs exclus du stock. activité/institution locale Budget civil 24,00 % ; coefficient 2,000000 ; part de filière 1,611 %. Apprentissage, atelier, combustible et outils ; titre noble ne remplace pas qualification.";0.00020923234180345433;0.00023279021853964856;0.009359045581224747;0.15298837608393737;0.011986462339134335
Serrurier;Mécanicien et artisan du métal;0.10486554393878372;0.17997724906254714;15.72983159081756;A — activité attestée;"MJ128; SB174";"Torygg’s Magic Tower, seul établissement d’enseignement arcanique impérial, Imperial Wizards ; étude magique, sécurité et administration. Professions des résidents ; lieu de travail et commanditaires peuvent être extérieurs au quartier. Visiteurs exclus du stock. activité/institution locale Budget civil 24,00 % ; coefficient 1,200000 ; part de filière 0,967 %. Apprentissage, atelier, combustible et outils ; titre noble ne remplace pas qualification.";0.00012553940508207257;0.0001396741311237891;0.005615427348734848;0.09179302565036242;0.0071918774034806
Rétameur;Mécanicien et artisan du métal;0.10486554393878372;0.17997724906254714;15.72983159081756;A — activité attestée;"MJ128; SB174";"Torygg’s Magic Tower, seul établissement d’enseignement arcanique impérial, Imperial Wizards ; étude magique, sécurité et administration. Professions des résidents ; lieu de travail et commanditaires peuvent être extérieurs au quartier. Visiteurs exclus du stock. activité/institution locale Budget civil 24,00 % ; coefficient 1,200000 ; part de filière 0,967 %. Apprentissage, atelier, combustible et outils ; titre noble ne remplace pas qualification.";0.00012553940508207257;0.0001396741311237891;0.005615427348734848;0.09179302565036242;0.0071918774034806
Réparateur et bricoleur;Mécanicien et artisan du métal;0.10486554393878372;0.17997724906254714;15.72983159081756;A — activité attestée;"MJ128; SB174";"Torygg’s Magic Tower, seul établissement d’enseignement arcanique impérial, Imperial Wizards ; étude magique, sécurité et administration. Professions des résidents ; lieu de travail et commanditaires peuvent être extérieurs au quartier. Visiteurs exclus du stock. activité/institution locale Budget civil 24,00 % ; coefficient 1,200000 ; part de filière 0,967 %. Apprentissage, atelier, combustible et outils ; titre noble ne remplace pas qualification.";0.00012553940508207257;0.0001396741311237891;0.005615427348734848;0.09179302565036242;0.0071918774034806
Horloger;Mécanicien et artisan du métal;0;0;0.0;D — activité déduite;SB174;"Torygg’s Magic Tower, seul établissement d’enseignement arcanique impérial, Imperial Wizards ; étude magique, sécurité et administration. Professions des résidents ; lieu de travail et commanditaires peuvent être extérieurs au quartier. Visiteurs exclus du stock. activité/institution locale Budget civil 24,00 % ; coefficient 0,000000 ; part de filière 0,000 %. Zéro proposé : Climat, matière ou culture hors filière régionale retenue ; aucun établissement exceptionnel proposé. Apprentissage, atelier, combustible et outils ; titre noble ne remplace pas qualification.";0;0;0;0;0
Fabricant d’outils de précision;Mécanicien et artisan du métal;0;0;0.0;A — activité attestée;SB174;"Torygg’s Magic Tower, seul établissement d’enseignement arcanique impérial, Imperial Wizards ; étude magique, sécurité et administration. Professions des résidents ; lieu de travail et commanditaires peuvent être extérieurs au quartier. Visiteurs exclus du stock. activité/institution locale Budget civil 24,00 % ; coefficient 0,000000 ; part de filière 0,000 %. Zéro proposé : Climat, matière ou culture hors filière régionale retenue ; aucun établissement exceptionnel proposé. Apprentissage, atelier, combustible et outils ; titre noble ne remplace pas qualification.";0;0;0;0;0
Fabricant d’instruments de navigation;Mécanicien et artisan du métal;0;0;0.0;D — activité déduite;SB174;"Torygg’s Magic Tower, seul établissement d’enseignement arcanique impérial, Imperial Wizards ; étude magique, sécurité et administration. Professions des résidents ; lieu de travail et commanditaires peuvent être extérieurs au quartier. Visiteurs exclus du stock. activité/institution locale Budget civil 24,00 % ; coefficient 0,000000 ; part de filière 0,000 %. Zéro proposé : Climat, matière ou culture hors filière régionale retenue ; aucun établissement exceptionnel proposé. Apprentissage, atelier, combustible et outils ; titre noble ne remplace pas qualification.";0;0;0;0;0
Bijoutier;Bijoutier;0.17477590656463954;0.2999620817709119;26.21638598469593;A — activité attestée;MJ128;"Torygg’s Magic Tower, seul établissement d’enseignement arcanique impérial, Imperial Wizards ; étude magique, sécurité et administration. Professions des résidents ; lieu de travail et commanditaires peuvent être extérieurs au quartier. Visiteurs exclus du stock. activité/institution locale Budget civil 24,00 % ; coefficient 2,000000 ; part de filière 1,611 %. Apprentissage, atelier, combustible et outils ; titre noble ne remplace pas qualification.";0.00020923234180345433;0.00023279021853964856;0.009359045581224747;0.15298837608393737;0.011986462339134335
Orfèvre;Bijoutier;0.06991036262585583;0.11998483270836478;10.486554393878375;A — activité attestée;MJ128;"Torygg’s Magic Tower, seul établissement d’enseignement arcanique impérial, Imperial Wizards ; étude magique, sécurité et administration. Professions des résidents ; lieu de travail et commanditaires peuvent être extérieurs au quartier. Visiteurs exclus du stock. activité/institution locale Budget civil 24,00 % ; coefficient 0,800000 ; part de filière 0,644 %. Apprentissage, atelier, combustible et outils ; titre noble ne remplace pas qualification.";8.369293672138169e-05;9.311608741585939e-05;0.0037436182324898995;0.06119535043357496;0.004794584935653731
Lapidaire et tailleur de gemmes;Bijoutier;0.06991036262585583;0.11998483270836478;10.486554393878375;A — activité attestée;MJ128;"Torygg’s Magic Tower, seul établissement d’enseignement arcanique impérial, Imperial Wizards ; étude magique, sécurité et administration. Professions des résidents ; lieu de travail et commanditaires peuvent être extérieurs au quartier. Visiteurs exclus du stock. activité/institution locale Budget civil 24,00 % ; coefficient 0,800000 ; part de filière 0,644 %. Apprentissage, atelier, combustible et outils ; titre noble ne remplace pas qualification.";8.369293672138169e-05;9.311608741585939e-05;0.0037436182324898995;0.06119535043357496;0.004794584935653731
Tanneur;Tanneur;0.10923494160289972;0.18747630110681995;16.385241240434958;A — activité attestée;MJ128;"Torygg’s Magic Tower, seul établissement d’enseignement arcanique impérial, Imperial Wizards ; étude magique, sécurité et administration. Professions des résidents ; lieu de travail et commanditaires peuvent être extérieurs au quartier. Visiteurs exclus du stock. activité/institution locale Budget civil 24,00 % ; coefficient 1,250000 ; part de filière 1,007 %. Apprentissage, atelier, combustible et outils ; titre noble ne remplace pas qualification.";0.00013077021362715887;0.00014549388658728025;0.0058494034882654675;0.09561773505246085;0.007491538961958957
Fourreur;Tanneur;0.043693976641159885;0.07499052044272797;6.554096496173982;D — activité déduite;"SB120; SB133";"Torygg’s Magic Tower, seul établissement d’enseignement arcanique impérial, Imperial Wizards ; étude magique, sécurité et administration. Professions des résidents ; lieu de travail et commanditaires peuvent être extérieurs au quartier. Visiteurs exclus du stock. activité/institution locale Budget civil 24,00 % ; coefficient 0,500000 ; part de filière 0,403 %. Apprentissage, atelier, combustible et outils ; titre noble ne remplace pas qualification.";5.230808545086358e-05;5.819755463491214e-05;0.0023397613953061868;0.03824709402098434;0.0029966155847835838
Maroquinier;Artisan du cuir;0.13982072525171166;0.23996966541672957;20.97310878775675;A — activité attestée;MJ128;"Torygg’s Magic Tower, seul établissement d’enseignement arcanique impérial, Imperial Wizards ; étude magique, sécurité et administration. Professions des résidents ; lieu de travail et commanditaires peuvent être extérieurs au quartier. Visiteurs exclus du stock. activité/institution locale Budget civil 24,00 % ; coefficient 1,600000 ; part de filière 1,289 %. Apprentissage, atelier, combustible et outils ; titre noble ne remplace pas qualification.";0.00016738587344276339;0.00018623217483171878;0.007487236464979799;0.12239070086714993;0.009589169871307462
Bourrelier et sellier;Artisan du cuir;0.13982072525171166;0.23996966541672957;20.97310878775675;D — activité déduite;"MJ128; SB163";"Torygg’s Magic Tower, seul établissement d’enseignement arcanique impérial, Imperial Wizards ; étude magique, sécurité et administration. Professions des résidents ; lieu de travail et commanditaires peuvent être extérieurs au quartier. Visiteurs exclus du stock. activité/institution locale Budget civil 24,00 % ; coefficient 1,600000 ; part de filière 1,289 %. Apprentissage, atelier, combustible et outils ; titre noble ne remplace pas qualification.";0.00016738587344276339;0.00018623217483171878;0.007487236464979799;0.12239070086714993;0.009589169871307462
Boursier, fabricant de bourses;Artisan du cuir;0.13982072525171166;0.23996966541672957;20.97310878775675;D — activité déduite;MJ128;"Torygg’s Magic Tower, seul établissement d’enseignement arcanique impérial, Imperial Wizards ; étude magique, sécurité et administration. Professions des résidents ; lieu de travail et commanditaires peuvent être extérieurs au quartier. Visiteurs exclus du stock. activité/institution locale Budget civil 24,00 % ; coefficient 1,600000 ; part de filière 1,289 %. Apprentissage, atelier, combustible et outils ; titre noble ne remplace pas qualification.";0.00016738587344276339;0.00018623217483171878;0.007487236464979799;0.12239070086714993;0.009589169871307462
Gantier;Artisan du cuir;0.13982072525171166;0.23996966541672957;20.97310878775675;D — activité déduite;MJ128;"Torygg’s Magic Tower, seul établissement d’enseignement arcanique impérial, Imperial Wizards ; étude magique, sécurité et administration. Professions des résidents ; lieu de travail et commanditaires peuvent être extérieurs au quartier. Visiteurs exclus du stock. activité/institution locale Budget civil 24,00 % ; coefficient 1,600000 ; part de filière 1,289 %. Apprentissage, atelier, combustible et outils ; titre noble ne remplace pas qualification.";0.00016738587344276339;0.00018623217483171878;0.007487236464979799;0.12239070086714993;0.009589169871307462
Cordonnier;Artisan du cuir;0.13982072525171166;0.23996966541672957;20.97310878775675;A — activité attestée;MJ128;"Torygg’s Magic Tower, seul établissement d’enseignement arcanique impérial, Imperial Wizards ; étude magique, sécurité et administration. Professions des résidents ; lieu de travail et commanditaires peuvent être extérieurs au quartier. Visiteurs exclus du stock. activité/institution locale Budget civil 24,00 % ; coefficient 1,600000 ; part de filière 1,289 %. Apprentissage, atelier, combustible et outils ; titre noble ne remplace pas qualification.";0.00016738587344276339;0.00018623217483171878;0.007487236464979799;0.12239070086714993;0.009589169871307462
Fileur;Artisan textile;0.17477590656463954;0.2999620817709119;26.21638598469593;D — activité déduite;MJ128;"Torygg’s Magic Tower, seul établissement d’enseignement arcanique impérial, Imperial Wizards ; étude magique, sécurité et administration. Professions des résidents ; lieu de travail et commanditaires peuvent être extérieurs au quartier. Visiteurs exclus du stock. activité/institution locale Budget civil 24,00 % ; coefficient 2,000000 ; part de filière 1,611 %. Apprentissage, atelier, combustible et outils ; titre noble ne remplace pas qualification.";0.00020923234180345433;0.00023279021853964856;0.009359045581224747;0.15298837608393737;0.011986462339134335
Tisserand;Artisan textile;0.17477590656463954;0.2999620817709119;26.21638598469593;A — activité attestée;MJ128;"Torygg’s Magic Tower, seul établissement d’enseignement arcanique impérial, Imperial Wizards ; étude magique, sécurité et administration. Professions des résidents ; lieu de travail et commanditaires peuvent être extérieurs au quartier. Visiteurs exclus du stock. activité/institution locale Budget civil 24,00 % ; coefficient 2,000000 ; part de filière 1,611 %. Apprentissage, atelier, combustible et outils ; titre noble ne remplace pas qualification.";0.00020923234180345433;0.00023279021853964856;0.009359045581224747;0.15298837608393737;0.011986462339134335
Teinturier;Artisan textile;0.17477590656463954;0.2999620817709119;26.21638598469593;A — activité attestée;MJ128;"Torygg’s Magic Tower, seul établissement d’enseignement arcanique impérial, Imperial Wizards ; étude magique, sécurité et administration. Professions des résidents ; lieu de travail et commanditaires peuvent être extérieurs au quartier. Visiteurs exclus du stock. activité/institution locale Budget civil 24,00 % ; coefficient 2,000000 ; part de filière 1,611 %. Apprentissage, atelier, combustible et outils ; titre noble ne remplace pas qualification.";0.00020923234180345433;0.00023279021853964856;0.009359045581224747;0.15298837608393737;0.011986462339134335
Tailleur;Tailleur de vêtements;0.17477590656463954;0.2999620817709119;26.21638598469593;D — activité déduite;"MJ128; SB139";"Torygg’s Magic Tower, seul établissement d’enseignement arcanique impérial, Imperial Wizards ; étude magique, sécurité et administration. Professions des résidents ; lieu de travail et commanditaires peuvent être extérieurs au quartier. Visiteurs exclus du stock. activité/institution locale Budget civil 24,00 % ; coefficient 2,000000 ; part de filière 1,611 %. Apprentissage, atelier, combustible et outils ; titre noble ne remplace pas qualification.";0.00020923234180345433;0.00023279021853964856;0.009359045581224747;0.15298837608393737;0.011986462339134335
Modiste et fabricant de coiffes;Tailleur de vêtements;0.17477590656463954;0.2999620817709119;26.21638598469593;D — activité déduite;"SB139; SB120";"Torygg’s Magic Tower, seul établissement d’enseignement arcanique impérial, Imperial Wizards ; étude magique, sécurité et administration. Professions des résidents ; lieu de travail et commanditaires peuvent être extérieurs au quartier. Visiteurs exclus du stock. activité/institution locale Budget civil 24,00 % ; coefficient 2,000000 ; part de filière 1,611 %. Apprentissage, atelier, combustible et outils ; titre noble ne remplace pas qualification.";0.00020923234180345433;0.00023279021853964856;0.009359045581224747;0.15298837608393737;0.011986462339134335
Tapissier;Tapissier;0.08738795328231977;0.14998104088545594;13.108192992347965;D — activité déduite;SB200;"Torygg’s Magic Tower, seul établissement d’enseignement arcanique impérial, Imperial Wizards ; étude magique, sécurité et administration. Professions des résidents ; lieu de travail et commanditaires peuvent être extérieurs au quartier. Visiteurs exclus du stock. activité/institution locale Budget civil 24,00 % ; coefficient 1,000000 ; part de filière 0,805 %. Apprentissage, atelier, combustible et outils ; titre noble ne remplace pas qualification.";0.00010461617090172717;0.00011639510926982428;0.0046795227906123735;0.07649418804196868;0.0059932311695671675
Menuisier;Menuisier;0.4369397664115989;0.7499052044272798;65.54096496173983;D — activité déduite;"MJ128; SB152";"Torygg’s Magic Tower, seul établissement d’enseignement arcanique impérial, Imperial Wizards ; étude magique, sécurité et administration. Professions des résidents ; lieu de travail et commanditaires peuvent être extérieurs au quartier. Visiteurs exclus du stock. activité/institution locale Budget civil 24,00 % ; coefficient 5,000000 ; part de filière 4,027 %. Apprentissage, atelier, combustible et outils ; titre noble ne remplace pas qualification.";0.0005230808545086355;0.000581975546349121;0.02339761395306187;0.3824709402098434;0.029966155847835827
Ébéniste;Menuisier;0.17477590656463954;0.2999620817709119;26.21638598469593;D — activité déduite;MJ128;"Torygg’s Magic Tower, seul établissement d’enseignement arcanique impérial, Imperial Wizards ; étude magique, sécurité et administration. Professions des résidents ; lieu de travail et commanditaires peuvent être extérieurs au quartier. Visiteurs exclus du stock. activité/institution locale Budget civil 24,00 % ; coefficient 2,000000 ; part de filière 1,611 %. Apprentissage, atelier, combustible et outils ; titre noble ne remplace pas qualification.";0.00020923234180345433;0.00023279021853964856;0.009359045581224747;0.15298837608393737;0.011986462339134335
Sculpteur sur bois;Menuisier;0.17477590656463954;0.2999620817709119;26.21638598469593;A — activité attestée;MJ128;"Torygg’s Magic Tower, seul établissement d’enseignement arcanique impérial, Imperial Wizards ; étude magique, sécurité et administration. Professions des résidents ; lieu de travail et commanditaires peuvent être extérieurs au quartier. Visiteurs exclus du stock. activité/institution locale Budget civil 24,00 % ; coefficient 2,000000 ; part de filière 1,611 %. Apprentissage, atelier, combustible et outils ; titre noble ne remplace pas qualification.";0.00020923234180345433;0.00023279021853964856;0.009359045581224747;0.15298837608393737;0.011986462339134335
Tonnelier;Menuisier;0.17477590656463954;0.2999620817709119;26.21638598469593;A — activité attestée;MJ128;"Torygg’s Magic Tower, seul établissement d’enseignement arcanique impérial, Imperial Wizards ; étude magique, sécurité et administration. Professions des résidents ; lieu de travail et commanditaires peuvent être extérieurs au quartier. Visiteurs exclus du stock. activité/institution locale Budget civil 24,00 % ; coefficient 2,000000 ; part de filière 1,611 %. Apprentissage, atelier, combustible et outils ; titre noble ne remplace pas qualification.";0.00020923234180345433;0.00023279021853964856;0.009359045581224747;0.15298837608393737;0.011986462339134335
Charron;Menuisier;0.17477590656463954;0.2999620817709119;26.21638598469593;A — activité attestée;MJ128;"Torygg’s Magic Tower, seul établissement d’enseignement arcanique impérial, Imperial Wizards ; étude magique, sécurité et administration. Professions des résidents ; lieu de travail et commanditaires peuvent être extérieurs au quartier. Visiteurs exclus du stock. activité/institution locale Budget civil 24,00 % ; coefficient 2,000000 ; part de filière 1,611 %. Apprentissage, atelier, combustible et outils ; titre noble ne remplace pas qualification.";0.00020923234180345433;0.00023279021853964856;0.009359045581224747;0.15298837608393737;0.011986462339134335
Charpentier;Charpentier;0.2840108481675392;0.4874383828777317;42.601627225130876;A — activité attestée;MJ128;"Torygg’s Magic Tower, seul établissement d’enseignement arcanique impérial, Imperial Wizards ; étude magique, sécurité et administration. Professions des résidents ; lieu de travail et commanditaires peuvent être extérieurs au quartier. Visiteurs exclus du stock. activité/institution locale Budget civil 24,00 % ; coefficient 3,250000 ; part de filière 2,618 %. Apprentissage, atelier, combustible et outils ; titre noble ne remplace pas qualification.";0.00034000255543061323;0.00037828410512692886;0.015208449069490211;0.24860611113639816;0.019478001301093284
Couvreur;Charpentier;0.11360433926701571;0.19497535315109277;17.04065089005236;A — activité attestée;MJ128;"Torygg’s Magic Tower, seul établissement d’enseignement arcanique impérial, Imperial Wizards ; étude magique, sécurité et administration. Professions des résidents ; lieu de travail et commanditaires peuvent être extérieurs au quartier. Visiteurs exclus du stock. activité/institution locale Budget civil 24,00 % ; coefficient 1,300000 ; part de filière 1,047 %. Apprentissage, atelier, combustible et outils ; titre noble ne remplace pas qualification.";0.00013600102217224526;0.00015131364205077152;0.006083379627796087;0.0994424444545593;0.007791200520437316
Constructeur naval;Constructeur naval;0.13108192992347967;0.22497156132818397;19.66228948852195;A — activité attestée;"MJ128; SB148";"Torygg’s Magic Tower, seul établissement d’enseignement arcanique impérial, Imperial Wizards ; étude magique, sécurité et administration. Professions des résidents ; lieu de travail et commanditaires peuvent être extérieurs au quartier. Visiteurs exclus du stock. activité/institution locale Budget civil 24,00 % ; coefficient 1,500000 ; part de filière 1,208 %. Apprentissage, atelier, combustible et outils ; titre noble ne remplace pas qualification.";0.00015692425635259062;0.00017459266390473636;0.00701928418591856;0.11474128206295305;0.008989846754350739
Calfat;Constructeur naval;0.05243277196939186;0.08998862453127357;7.86491579540878;D — activité déduite;"MJ128; SB148";"Torygg’s Magic Tower, seul établissement d’enseignement arcanique impérial, Imperial Wizards ; étude magique, sécurité et administration. Professions des résidents ; lieu de travail et commanditaires peuvent être extérieurs au quartier. Visiteurs exclus du stock. activité/institution locale Budget civil 24,00 % ; coefficient 0,600000 ; part de filière 0,483 %. Apprentissage, atelier, combustible et outils ; titre noble ne remplace pas qualification.";6.276970254103629e-05;6.983706556189455e-05;0.002807713674367424;0.04589651282518121;0.0035959387017403
Constructeur de drakkars;Constructeur naval;0;0;0.0;A — activité attestée;SB130;"Torygg’s Magic Tower, seul établissement d’enseignement arcanique impérial, Imperial Wizards ; étude magique, sécurité et administration. Professions des résidents ; lieu de travail et commanditaires peuvent être extérieurs au quartier. Visiteurs exclus du stock. activité/institution locale Budget civil 24,00 % ; coefficient 0,000000 ; part de filière 0,000 %. Zéro proposé : Filière régionale non retenue dans ce scénario, sans interdiction universelle. Apprentissage, atelier, combustible et outils ; titre noble ne remplace pas qualification.";0;0;0;0;0
Cordier;Cordier;0.10923494160289972;0.18747630110681995;16.385241240434958;D — activité déduite;SB130;"Torygg’s Magic Tower, seul établissement d’enseignement arcanique impérial, Imperial Wizards ; étude magique, sécurité et administration. Professions des résidents ; lieu de travail et commanditaires peuvent être extérieurs au quartier. Visiteurs exclus du stock. activité/institution locale Budget civil 24,00 % ; coefficient 1,250000 ; part de filière 1,007 %. Apprentissage, atelier, combustible et outils ; titre noble ne remplace pas qualification.";0.00013077021362715887;0.00014549388658728025;0.0058494034882654675;0.09561773505246085;0.007491538961958957
Voilier;Cordier;0.043693976641159885;0.07499052044272797;6.554096496173982;A — activité attestée;MJ128;"Torygg’s Magic Tower, seul établissement d’enseignement arcanique impérial, Imperial Wizards ; étude magique, sécurité et administration. Professions des résidents ; lieu de travail et commanditaires peuvent être extérieurs au quartier. Visiteurs exclus du stock. activité/institution locale Budget civil 24,00 % ; coefficient 0,500000 ; part de filière 0,403 %. Apprentissage, atelier, combustible et outils ; titre noble ne remplace pas qualification.";5.230808545086358e-05;5.819755463491214e-05;0.0023397613953061868;0.03824709402098434;0.0029966155847835838
Facteur d’arcs;Facteur d’arcs;0.08738795328231977;0.14998104088545594;13.108192992347965;A — activité attestée;"MJ128; SB152";"Torygg’s Magic Tower, seul établissement d’enseignement arcanique impérial, Imperial Wizards ; étude magique, sécurité et administration. Professions des résidents ; lieu de travail et commanditaires peuvent être extérieurs au quartier. Visiteurs exclus du stock. activité/institution locale Budget civil 24,00 % ; coefficient 1,000000 ; part de filière 0,805 %. Apprentissage, atelier, combustible et outils ; titre noble ne remplace pas qualification.";0.00010461617090172717;0.00011639510926982428;0.0046795227906123735;0.07649418804196868;0.0059932311695671675
Fabricant de flèches;Facteur d’arcs;0.034955181312927915;0.05999241635418239;5.243277196939188;A — activité attestée;SB152;"Torygg’s Magic Tower, seul établissement d’enseignement arcanique impérial, Imperial Wizards ; étude magique, sécurité et administration. Professions des résidents ; lieu de travail et commanditaires peuvent être extérieurs au quartier. Visiteurs exclus du stock. activité/institution locale Budget civil 24,00 % ; coefficient 0,400000 ; part de filière 0,322 %. Apprentissage, atelier, combustible et outils ; titre noble ne remplace pas qualification.";4.1846468360690846e-05;4.6558043707929695e-05;0.0018718091162449497;0.03059767521678748;0.0023972924678268654
Luthier et facteur d’instruments;Luthier;0.06554096496173983;0.11248578066409198;9.831144744260975;D — activité déduite;BR55;"Torygg’s Magic Tower, seul établissement d’enseignement arcanique impérial, Imperial Wizards ; étude magique, sécurité et administration. Professions des résidents ; lieu de travail et commanditaires peuvent être extérieurs au quartier. Visiteurs exclus du stock. activité/institution locale Budget civil 24,00 % ; coefficient 0,750000 ; part de filière 0,604 %. Apprentissage, atelier, combustible et outils ; titre noble ne remplace pas qualification.";7.846212817629531e-05;8.729633195236818e-05;0.00350964209295928;0.05737064103147652;0.0044949233771753696
Tailleur de pierre;Tailleur de pierre;0.21846988320579944;0.3749526022136399;32.770482480869916;A — activité attestée;"MJ128; SB161";"Torygg’s Magic Tower, seul établissement d’enseignement arcanique impérial, Imperial Wizards ; étude magique, sécurité et administration. Professions des résidents ; lieu de travail et commanditaires peuvent être extérieurs au quartier. Visiteurs exclus du stock. activité/institution locale Budget civil 24,00 % ; coefficient 2,500000 ; part de filière 2,014 %. Apprentissage, atelier, combustible et outils ; titre noble ne remplace pas qualification.";0.00026154042725431775;0.0002909877731745605;0.011698806976530935;0.1912354701049217;0.014983077923917914
Sculpteur sur pierre;Tailleur de pierre;0.08738795328231977;0.14998104088545594;13.108192992347965;D — activité déduite;"MJ128; SB161";"Torygg’s Magic Tower, seul établissement d’enseignement arcanique impérial, Imperial Wizards ; étude magique, sécurité et administration. Professions des résidents ; lieu de travail et commanditaires peuvent être extérieurs au quartier. Visiteurs exclus du stock. activité/institution locale Budget civil 24,00 % ; coefficient 1,000000 ; part de filière 0,805 %. Apprentissage, atelier, combustible et outils ; titre noble ne remplace pas qualification.";0.00010461617090172717;0.00011639510926982428;0.0046795227906123735;0.07649418804196868;0.0059932311695671675
Sculpteur de statues de Stone Spirits;Tailleur de pierre;0;0;0.0;A — activité attestée;SB161;"Torygg’s Magic Tower, seul établissement d’enseignement arcanique impérial, Imperial Wizards ; étude magique, sécurité et administration. Professions des résidents ; lieu de travail et commanditaires peuvent être extérieurs au quartier. Visiteurs exclus du stock. activité/institution locale Budget civil 24,00 % ; coefficient 0,000000 ; part de filière 0,000 %. Zéro proposé : Filière régionale non retenue dans ce scénario, sans interdiction universelle. Apprentissage, atelier, combustible et outils ; titre noble ne remplace pas qualification.";0;0;0;0;0
Maçon;Maçon;1.2234313459524773;2.0997345723963843;183.51470189287159;A — activité attestée;"MJ128; SB90";"Torygg’s Magic Tower, seul établissement d’enseignement arcanique impérial, Imperial Wizards ; étude magique, sécurité et administration. Professions des résidents ; lieu de travail et commanditaires peuvent être extérieurs au quartier. Visiteurs exclus du stock. activité/institution locale Budget civil 24,00 % ; coefficient 14,000000 ; part de filière 11,277 %. Apprentissage, atelier, combustible et outils ; titre noble ne remplace pas qualification.";0.0014646263926241787;0.001629531529777539;0.06551331906857322;1.070918632587562;0.0839052363739403
Plâtrier;Maçon;0.4893725383809908;0.8398938289585535;73.40588075714862;A — activité attestée;"MJ128; SB90";"Torygg’s Magic Tower, seul établissement d’enseignement arcanique impérial, Imperial Wizards ; étude magique, sécurité et administration. Professions des résidents ; lieu de travail et commanditaires peuvent être extérieurs au quartier. Visiteurs exclus du stock. activité/institution locale Budget civil 24,00 % ; coefficient 5,600000 ; part de filière 4,511 %. Apprentissage, atelier, combustible et outils ; titre noble ne remplace pas qualification.";0.0005858505570496716;0.0006518126119110159;0.026205327627429293;0.4283674530350247;0.03356209454957612
Manœuvre de chantier;Maçon;0.48937253838099076;0.8398938289585535;73.40588075714862;A — activité attestée;SB90;"Torygg’s Magic Tower, seul établissement d’enseignement arcanique impérial, Imperial Wizards ; étude magique, sécurité et administration. Professions des résidents ; lieu de travail et commanditaires peuvent être extérieurs au quartier. Visiteurs exclus du stock. activité/institution locale Budget civil 24,00 % ; coefficient 5,600000 ; part de filière 4,511 %. Apprentissage, atelier, combustible et outils ; titre noble ne remplace pas qualification.";0.00030137553406530115;0.0003353079922198078;0.013480647093424357;0.4407249199685497;0.0345302877927316
Architecte;Architecte;0.17477590656463954;0.2999620817709119;26.21638598469593;A — activité attestée;SB174;"Torygg’s Magic Tower, seul établissement d’enseignement arcanique impérial, Imperial Wizards ; étude magique, sécurité et administration. Professions des résidents ; lieu de travail et commanditaires peuvent être extérieurs au quartier. Visiteurs exclus du stock. activité/institution locale Budget civil 24,00 % ; coefficient 2,000000 ; part de filière 1,611 %. Apprentissage, atelier, combustible et outils ; titre noble ne remplace pas qualification.";0.00020923234180345433;0.00023279021853964856;0.009359045581224747;0.15298837608393737;0.011986462339134335
Géomètre et arpenteur;Architecte;0.06991036262585583;0.11998483270836478;10.486554393878375;A — activité attestée;MJ128;"Torygg’s Magic Tower, seul établissement d’enseignement arcanique impérial, Imperial Wizards ; étude magique, sécurité et administration. Professions des résidents ; lieu de travail et commanditaires peuvent être extérieurs au quartier. Visiteurs exclus du stock. activité/institution locale Budget civil 24,00 % ; coefficient 0,800000 ; part de filière 0,644 %. Apprentissage, atelier, combustible et outils ; titre noble ne remplace pas qualification.";8.369293672138169e-05;9.311608741585939e-05;0.0037436182324898995;0.06119535043357496;0.004794584935653731
Potier;Potier;0.21846988320579944;0.3749526022136399;32.770482480869916;A — activité attestée;"MJ128; SB200";"Torygg’s Magic Tower, seul établissement d’enseignement arcanique impérial, Imperial Wizards ; étude magique, sécurité et administration. Professions des résidents ; lieu de travail et commanditaires peuvent être extérieurs au quartier. Visiteurs exclus du stock. activité/institution locale Budget civil 24,00 % ; coefficient 2,500000 ; part de filière 2,014 %. Apprentissage, atelier, combustible et outils ; titre noble ne remplace pas qualification.";0.00026154042725431775;0.0002909877731745605;0.011698806976530935;0.1912354701049217;0.014983077923917914
Tuilier;Potier;0.08738795328231977;0.14998104088545594;13.108192992347965;A — activité attestée;"MJ128; SB200";"Torygg’s Magic Tower, seul établissement d’enseignement arcanique impérial, Imperial Wizards ; étude magique, sécurité et administration. Professions des résidents ; lieu de travail et commanditaires peuvent être extérieurs au quartier. Visiteurs exclus du stock. activité/institution locale Budget civil 24,00 % ; coefficient 1,000000 ; part de filière 0,805 %. Apprentissage, atelier, combustible et outils ; titre noble ne remplace pas qualification.";0.00010461617090172717;0.00011639510926982428;0.0046795227906123735;0.07649418804196868;0.0059932311695671675
Porcelainier;Potier;0.08738795328231977;0.14998104088545594;13.108192992347965;D — activité déduite;SB200;"Torygg’s Magic Tower, seul établissement d’enseignement arcanique impérial, Imperial Wizards ; étude magique, sécurité et administration. Professions des résidents ; lieu de travail et commanditaires peuvent être extérieurs au quartier. Visiteurs exclus du stock. activité/institution locale Budget civil 24,00 % ; coefficient 1,000000 ; part de filière 0,805 %. Apprentissage, atelier, combustible et outils ; titre noble ne remplace pas qualification.";0.00010461617090172717;0.00011639510926982428;0.0046795227906123735;0.07649418804196868;0.0059932311695671675
Souffleur de verre;Verrier;0.06117156729762385;0.10498672861981918;9.175735094643578;A — activité attestée;"MJ128; SB174";"Torygg’s Magic Tower, seul établissement d’enseignement arcanique impérial, Imperial Wizards ; étude magique, sécurité et administration. Professions des résidents ; lieu de travail et commanditaires peuvent être extérieurs au quartier. Visiteurs exclus du stock. activité/institution locale Budget civil 24,00 % ; coefficient 0,700000 ; part de filière 0,564 %. Apprentissage, atelier, combustible et outils ; titre noble ne remplace pas qualification.";7.323131963120896e-05;8.147657648887698e-05;0.0032756659534286616;0.05354593162937809;0.004195261818697015
Vitrier;Verrier;0.06117156729762385;0.10498672861981918;9.175735094643578;A — activité attestée;"MJ128; SB174";"Torygg’s Magic Tower, seul établissement d’enseignement arcanique impérial, Imperial Wizards ; étude magique, sécurité et administration. Professions des résidents ; lieu de travail et commanditaires peuvent être extérieurs au quartier. Visiteurs exclus du stock. activité/institution locale Budget civil 24,00 % ; coefficient 0,700000 ; part de filière 0,564 %. Apprentissage, atelier, combustible et outils ; titre noble ne remplace pas qualification.";7.323131963120896e-05;8.147657648887698e-05;0.0032756659534286616;0.05354593162937809;0.004195261818697015
Opticien et fabricant de lentilles;Verrier;0;0;0.0;D — activité déduite;SB174;"Torygg’s Magic Tower, seul établissement d’enseignement arcanique impérial, Imperial Wizards ; étude magique, sécurité et administration. Professions des résidents ; lieu de travail et commanditaires peuvent être extérieurs au quartier. Visiteurs exclus du stock. activité/institution locale Budget civil 24,00 % ; coefficient 0,000000 ; part de filière 0,000 %. Zéro proposé : Climat, matière ou culture hors filière régionale retenue ; aucun établissement exceptionnel proposé. Apprentissage, atelier, combustible et outils ; titre noble ne remplace pas qualification.";0;0;0;0;0
Papetier;Papetier et artisan du livre;0.06991036262585583;0.11998483270836478;10.486554393878375;A — activité attestée;SB138;"Torygg’s Magic Tower, seul établissement d’enseignement arcanique impérial, Imperial Wizards ; étude magique, sécurité et administration. Professions des résidents ; lieu de travail et commanditaires peuvent être extérieurs au quartier. Visiteurs exclus du stock. activité/institution locale Budget civil 24,00 % ; coefficient 0,800000 ; part de filière 0,644 %. Apprentissage, atelier, combustible et outils ; titre noble ne remplace pas qualification.";8.369293672138169e-05;9.311608741585939e-05;0.0037436182324898995;0.06119535043357496;0.004794584935653731
Relieur;Papetier et artisan du livre;0.06991036262585583;0.11998483270836478;10.486554393878375;D — activité déduite;"SB138; MJ128";"Torygg’s Magic Tower, seul établissement d’enseignement arcanique impérial, Imperial Wizards ; étude magique, sécurité et administration. Professions des résidents ; lieu de travail et commanditaires peuvent être extérieurs au quartier. Visiteurs exclus du stock. activité/institution locale Budget civil 24,00 % ; coefficient 0,800000 ; part de filière 0,644 %. Apprentissage, atelier, combustible et outils ; titre noble ne remplace pas qualification.";8.369293672138169e-05;9.311608741585939e-05;0.0037436182324898995;0.06119535043357496;0.004794584935653731
Chandelier;Chandelier;0.10923494160289972;0.18747630110681995;16.385241240434958;P — activité proposée;SB98;"Torygg’s Magic Tower, seul établissement d’enseignement arcanique impérial, Imperial Wizards ; étude magique, sécurité et administration. Professions des résidents ; lieu de travail et commanditaires peuvent être extérieurs au quartier. Visiteurs exclus du stock. activité/institution locale Budget civil 24,00 % ; coefficient 1,250000 ; part de filière 1,007 %. Apprentissage, atelier, combustible et outils ; titre noble ne remplace pas qualification.";0.00013077021362715887;0.00014549388658728025;0.0058494034882654675;0.09561773505246085;0.007491538961958957
Peintre;Peintre;0.17477590656463954;0.2999620817709119;26.21638598469593;A — activité attestée;"MJ128; SB190";"Torygg’s Magic Tower, seul établissement d’enseignement arcanique impérial, Imperial Wizards ; étude magique, sécurité et administration. Professions des résidents ; lieu de travail et commanditaires peuvent être extérieurs au quartier. Visiteurs exclus du stock. activité/institution locale Budget civil 24,00 % ; coefficient 2,000000 ; part de filière 1,611 %. Apprentissage, atelier, combustible et outils ; titre noble ne remplace pas qualification.";0.00020923234180345433;0.00023279021853964856;0.009359045581224747;0.15298837608393737;0.011986462339134335
Fabricant d’enseignes;Peintre;0.06991036262585583;0.11998483270836478;10.486554393878375;A — activité attestée;"MJ128; SB190";"Torygg’s Magic Tower, seul établissement d’enseignement arcanique impérial, Imperial Wizards ; étude magique, sécurité et administration. Professions des résidents ; lieu de travail et commanditaires peuvent être extérieurs au quartier. Visiteurs exclus du stock. activité/institution locale Budget civil 24,00 % ; coefficient 0,800000 ; part de filière 0,644 %. Apprentissage, atelier, combustible et outils ; titre noble ne remplace pas qualification.";8.369293672138169e-05;9.311608741585939e-05;0.0037436182324898995;0.06119535043357496;0.004794584935653731
Enlumineur;Peintre;0.06991036262585583;0.11998483270836478;10.486554393878375;A — activité attestée;"MJ128; SB190";"Torygg’s Magic Tower, seul établissement d’enseignement arcanique impérial, Imperial Wizards ; étude magique, sécurité et administration. Professions des résidents ; lieu de travail et commanditaires peuvent être extérieurs au quartier. Visiteurs exclus du stock. activité/institution locale Budget civil 24,00 % ; coefficient 0,800000 ; part de filière 0,644 %. Apprentissage, atelier, combustible et outils ; titre noble ne remplace pas qualification.";8.369293672138169e-05;9.311608741585939e-05;0.0037436182324898995;0.06119535043357496;0.004794584935653731
Peintre de guerre spirituel;Peintre;0;0;0.0;A — activité attestée;SB193;"Torygg’s Magic Tower, seul établissement d’enseignement arcanique impérial, Imperial Wizards ; étude magique, sécurité et administration. Professions des résidents ; lieu de travail et commanditaires peuvent être extérieurs au quartier. Visiteurs exclus du stock. activité/institution locale Initiation de la Red Mother ou apprentissage autorisé; recette complète non librement disponible Budget civil 24,00 % ; coefficient 0,000000 ; part de filière 0,000 %. Zéro proposé : Filière régionale non retenue dans ce scénario, sans interdiction universelle. Apprentissage, atelier, combustible et outils ; titre noble ne remplace pas qualification.";0;0;0;0;0
Tatoueur rituel;Peintre;0;0;0.0;D — activité déduite;"SB200; SB204";"Torygg’s Magic Tower, seul établissement d’enseignement arcanique impérial, Imperial Wizards ; étude magique, sécurité et administration. Professions des résidents ; lieu de travail et commanditaires peuvent être extérieurs au quartier. Visiteurs exclus du stock. activité/institution locale Budget civil 24,00 % ; coefficient 0,000000 ; part de filière 0,000 %. Zéro proposé : Filière régionale non retenue dans ce scénario, sans interdiction universelle. Apprentissage, atelier, combustible et outils ; titre noble ne remplace pas qualification.";0;0;0;0;0
Portefaix;Transporteur terrestre;0.2278510294022617;0.39105315175619004;34.17765441033926;D — activité déduite;"MJ132; SB121";"Torygg’s Magic Tower, seul établissement d’enseignement arcanique impérial, Imperial Wizards ; étude magique, sécurité et administration. Professions des résidents ; lieu de travail et commanditaires peuvent être extérieurs au quartier. Visiteurs exclus du stock. activité/institution locale Budget civil 13,00 % ; coefficient 6,000000 ; part de filière 3,877 %. Réseau, itinéraires, confiance et capital ; manutention distincte de propriété du fret.";0.002230980461768119;0.002482170895647415;0.008981337630351202;0.19575219106892136;0.018404349345573615
Docker;Transporteur terrestre;0.2278510294022617;0.39105315175619004;34.17765441033926;D — activité déduite;"MJ132; SB121";"Torygg’s Magic Tower, seul établissement d’enseignement arcanique impérial, Imperial Wizards ; étude magique, sécurité et administration. Professions des résidents ; lieu de travail et commanditaires peuvent être extérieurs au quartier. Visiteurs exclus du stock. activité/institution locale Budget civil 13,00 % ; coefficient 6,000000 ; part de filière 3,877 %. Réseau, itinéraires, confiance et capital ; manutention distincte de propriété du fret.";0.002230980461768119;0.002482170895647415;0.008981337630351202;0.19575219106892136;0.018404349345573615
Magasinier;Transporteur terrestre;0.22785102940226176;0.39105315175619015;34.177654410339265;D — activité déduite;"MJ132; SB121";"Torygg’s Magic Tower, seul établissement d’enseignement arcanique impérial, Imperial Wizards ; étude magique, sécurité et administration. Professions des résidents ; lieu de travail et commanditaires peuvent être extérieurs au quartier. Visiteurs exclus du stock. activité/institution locale Budget civil 13,00 % ; coefficient 6,000000 ; part de filière 3,877 %. Réseau, itinéraires, confiance et capital ; manutention distincte de propriété du fret.";0.004208988833064466;0.004682887080623603;0.016944276491857046;0.18465396725258906;0.01736090974412758
Charretier et cocher;Transporteur terrestre;0.22785102940226176;0.39105315175619015;34.177654410339265;D — activité déduite;"MJ132; SB121";"Torygg’s Magic Tower, seul établissement d’enseignement arcanique impérial, Imperial Wizards ; étude magique, sécurité et administration. Professions des résidents ; lieu de travail et commanditaires peuvent être extérieurs au quartier. Visiteurs exclus du stock. activité/institution locale Budget civil 13,00 % ; coefficient 6,000000 ; part de filière 3,877 %. Réseau, itinéraires, confiance et capital ; manutention distincte de propriété du fret.";0.004208988833064466;0.004682887080623603;0.016944276491857046;0.18465396725258906;0.01736090974412758
Chef de caravane;Transporteur terrestre;0.22785102940226176;0.39105315175619015;34.177654410339265;A — activité attestée;MJ132;"Torygg’s Magic Tower, seul établissement d’enseignement arcanique impérial, Imperial Wizards ; étude magique, sécurité et administration. Professions des résidents ; lieu de travail et commanditaires peuvent être extérieurs au quartier. Visiteurs exclus du stock. activité/institution locale Budget civil 13,00 % ; coefficient 6,000000 ; part de filière 3,877 %. Réseau, itinéraires, confiance et capital ; manutention distincte de propriété du fret.";0.004208988833064466;0.004682887080623603;0.016944276491857046;0.18465396725258906;0.01736090974412758
Coursier et messager;Transporteur terrestre;0.22785102940226176;0.39105315175619015;34.177654410339265;D — activité déduite;"MJ132; SB121";"Torygg’s Magic Tower, seul établissement d’enseignement arcanique impérial, Imperial Wizards ; étude magique, sécurité et administration. Professions des résidents ; lieu de travail et commanditaires peuvent être extérieurs au quartier. Visiteurs exclus du stock. activité/institution locale Budget civil 13,00 % ; coefficient 6,000000 ; part de filière 3,877 %. Réseau, itinéraires, confiance et capital ; manutention distincte de propriété du fret.";0.004208988833064466;0.004682887080623603;0.016944276491857046;0.18465396725258906;0.01736090974412758
Porteur d’eau;Transporteur terrestre;0.22785102940226176;0.39105315175619015;34.177654410339265;P — activité proposée;"MJ132; SB121";"Torygg’s Magic Tower, seul établissement d’enseignement arcanique impérial, Imperial Wizards ; étude magique, sécurité et administration. Professions des résidents ; lieu de travail et commanditaires peuvent être extérieurs au quartier. Visiteurs exclus du stock. activité/institution locale Budget civil 13,00 % ; coefficient 6,000000 ; part de filière 3,877 %. Réseau, itinéraires, confiance et capital ; manutention distincte de propriété du fret.";0.004208988833064466;0.004682887080623603;0.016944276491857046;0.18465396725258906;0.01736090974412758
Transporteur de canopée;Transporteur terrestre;0;0;0.0;D — activité déduite;SB154;"Torygg’s Magic Tower, seul établissement d’enseignement arcanique impérial, Imperial Wizards ; étude magique, sécurité et administration. Professions des résidents ; lieu de travail et commanditaires peuvent être extérieurs au quartier. Visiteurs exclus du stock. activité/institution locale Budget civil 13,00 % ; coefficient 0,000000 ; part de filière 0,000 %. Zéro proposé : Filière régionale non retenue dans ce scénario, sans interdiction universelle. Réseau, itinéraires, confiance et capital ; manutention distincte de propriété du fret.";0;0;0;0;0
Opérateur de Stone Disks;Transporteur terrestre;0;0;0.0;A — activité attestée;PG13;"Torygg’s Magic Tower, seul établissement d’enseignement arcanique impérial, Imperial Wizards ; étude magique, sécurité et administration. Professions des résidents ; lieu de travail et commanditaires peuvent être extérieurs au quartier. Visiteurs exclus du stock. activité/institution locale Prêtre nain de Dorsi; Formation spécialisée Budget civil 13,00 % ; coefficient 0,000000 ; part de filière 0,000 %. Zéro proposé : Filière régionale non retenue dans ce scénario, sans interdiction universelle. Réseau, itinéraires, confiance et capital ; manutention distincte de propriété du fret.";0;0;0;0;0
Palefrenier et soigneur d’écurie;Transporteur terrestre;0.22785102940226176;0.39105315175619015;34.177654410339265;D — activité déduite;SB123;"Torygg’s Magic Tower, seul établissement d’enseignement arcanique impérial, Imperial Wizards ; étude magique, sécurité et administration. Professions des résidents ; lieu de travail et commanditaires peuvent être extérieurs au quartier. Visiteurs exclus du stock. activité/institution locale Budget civil 13,00 % ; coefficient 6,000000 ; part de filière 3,877 %. Réseau, itinéraires, confiance et capital ; manutention distincte de propriété du fret.";0.004208988833064466;0.004682887080623603;0.016944276491857046;0.18465396725258906;0.01736090974412758
Marin;Marin;0.09493792891760904;0.16293881323174583;14.240689337641356;A — activité attestée;MJ136;"Torygg’s Magic Tower, seul établissement d’enseignement arcanique impérial, Imperial Wizards ; étude magique, sécurité et administration. Professions des résidents ; lieu de travail et commanditaires peuvent être extérieurs au quartier. Visiteurs exclus du stock. activité/institution locale Budget civil 13,00 % ; coefficient 2,500000 ; part de filière 1,616 %. Réseau, itinéraires, confiance et capital ; manutention distincte de propriété du fret.";0.0017537453471101945;0.0019512029502598343;0.007060115204940434;0.07693915302191208;0.007233712393386492
Navigateur;Marin;0.03797517156704362;0.06517552529269835;5.696275735056544;A — activité attestée;MJ136;"Torygg’s Magic Tower, seul établissement d’enseignement arcanique impérial, Imperial Wizards ; étude magique, sécurité et administration. Professions des résidents ; lieu de travail et commanditaires peuvent être extérieurs au quartier. Visiteurs exclus du stock. activité/institution locale Budget civil 13,00 % ; coefficient 1,000000 ; part de filière 0,646 %. Réseau, itinéraires, confiance et capital ; manutention distincte de propriété du fret.";0.0007014981388440775;0.0007804811801039334;0.002824046081976174;0.030775661208764838;0.002893484957354597
Pilote de port;Marin;0.03797517156704362;0.06517552529269835;5.696275735056544;D — activité déduite;MJ136;"Torygg’s Magic Tower, seul établissement d’enseignement arcanique impérial, Imperial Wizards ; étude magique, sécurité et administration. Professions des résidents ; lieu de travail et commanditaires peuvent être extérieurs au quartier. Visiteurs exclus du stock. activité/institution locale Budget civil 13,00 % ; coefficient 1,000000 ; part de filière 0,646 %. Réseau, itinéraires, confiance et capital ; manutention distincte de propriété du fret.";0.0007014981388440775;0.0007804811801039334;0.002824046081976174;0.030775661208764838;0.002893484957354597
Capitaine de navire;Marin;0.03797517156704362;0.06517552529269835;5.696275735056544;A — activité attestée;MJ136;"Torygg’s Magic Tower, seul établissement d’enseignement arcanique impérial, Imperial Wizards ; étude magique, sécurité et administration. Professions des résidents ; lieu de travail et commanditaires peuvent être extérieurs au quartier. Visiteurs exclus du stock. activité/institution locale Budget civil 13,00 % ; coefficient 1,000000 ; part de filière 0,646 %. Réseau, itinéraires, confiance et capital ; manutention distincte de propriété du fret.";0.0007014981388440775;0.0007804811801039334;0.002824046081976174;0.030775661208764838;0.002893484957354597
Pilote de véhicule volant;Marin;0;0;0.0;D — activité déduite;"SB142; SB174";"Torygg’s Magic Tower, seul établissement d’enseignement arcanique impérial, Imperial Wizards ; étude magique, sécurité et administration. Professions des résidents ; lieu de travail et commanditaires peuvent être extérieurs au quartier. Visiteurs exclus du stock. activité/institution locale Budget civil 13,00 % ; coefficient 0,000000 ; part de filière 0,000 %. Zéro proposé : Climat, matière ou culture hors filière régionale retenue ; aucun établissement exceptionnel proposé. Réseau, itinéraires, confiance et capital ; manutention distincte de propriété du fret.";0;0;0;0;0
Aubergiste;Hôte professionnel;0.4663921588857364;0.8004533671193085;69.95882383286045;D — activité déduite;"SB110; SB123";"Torygg’s Magic Tower, seul établissement d’enseignement arcanique impérial, Imperial Wizards ; étude magique, sécurité et administration. Professions des résidents ; lieu de travail et commanditaires peuvent être extérieurs au quartier. Visiteurs exclus du stock. activité/institution locale Budget civil 20,00 % ; coefficient 3,000000 ; part de filière 5,159 %. Apprentissage et qualification variable ; soins avancés et thérapie magique exigent formation.";0.0002952709938194678;8.212903247555968e-05;0.0026415177177205504;0.43179777523653323;0.03157546590518758
Tavernier;Hôte professionnel;0.4663921588857364;0.8004533671193085;69.95882383286045;A — activité attestée;"SB108; SB149";"Torygg’s Magic Tower, seul établissement d’enseignement arcanique impérial, Imperial Wizards ; étude magique, sécurité et administration. Professions des résidents ; lieu de travail et commanditaires peuvent être extérieurs au quartier. Visiteurs exclus du stock. activité/institution locale Budget civil 20,00 % ; coefficient 3,000000 ; part de filière 5,159 %. Apprentissage et qualification variable ; soins avancés et thérapie magique exigent formation.";0.0002952709938194678;8.212903247555968e-05;0.0026415177177205504;0.43179777523653323;0.03157546590518758
Barbier;Barbier;1.1659803972143412;2.001133417798272;174.8970595821512;P — activité proposée;"MJ135; PG40";"Torygg’s Magic Tower, seul établissement d’enseignement arcanique impérial, Imperial Wizards ; étude magique, sécurité et administration. Professions des résidents ; lieu de travail et commanditaires peuvent être extérieurs au quartier. Visiteurs exclus du stock. activité/institution locale Budget civil 20,00 % ; coefficient 7,500000 ; part de filière 12,897 %. Apprentissage et qualification variable ; soins avancés et thérapie magique exigent formation.";0.00073817748454867;0.0002053225811888991;0.006603794294301376;1.0794944380913332;0.07893866476296901
Domestique;Employé domestique et aide familiale;3.109281059238243;5.336355780795391;466.3921588857364;A — activité attestée;"MJ135; PG40";"Torygg’s Magic Tower, seul établissement d’enseignement arcanique impérial, Imperial Wizards ; étude magique, sécurité et administration. Professions des résidents ; lieu de travail et commanditaires peuvent être extérieurs au quartier. Visiteurs exclus du stock. activité/institution locale Budget civil 20,00 % ; coefficient 20,000000 ; part de filière 34,391 %. Apprentissage et qualification variable ; soins avancés et thérapie magique exigent formation.";0.0019684732921297853;0.0005475268831703975;0.017610118118137005;2.878651834910222;0.21050310603458405
Gardien d’enfants;Employé domestique et aide familiale;1.5546405296191215;2.6681778903976956;233.1960794428682;A — activité attestée;PG40;"Torygg’s Magic Tower, seul établissement d’enseignement arcanique impérial, Imperial Wizards ; étude magique, sécurité et administration. Professions des résidents ; lieu de travail et commanditaires peuvent être extérieurs au quartier. Visiteurs exclus du stock. activité/institution locale Budget civil 20,00 % ; coefficient 10,000000 ; part de filière 17,195 %. Apprentissage et qualification variable ; soins avancés et thérapie magique exigent formation.";0.0009842366460648927;0.00027376344158519875;0.008805059059068502;1.439325917455111;0.10525155301729203
Terrassier d’hygiène urbaine;Agent d’entretien;0.31092810592382425;0.533635578079539;46.63921588857364;P — activité proposée;SB90;"Torygg’s Magic Tower, seul établissement d’enseignement arcanique impérial, Imperial Wizards ; étude magique, sécurité et administration. Professions des résidents ; lieu de travail et commanditaires peuvent être extérieurs au quartier. Visiteurs exclus du stock. activité/institution locale Budget civil 20,00 % ; coefficient 2,000000 ; part de filière 3,439 %. Apprentissage et qualification variable ; soins avancés et thérapie magique exigent formation.";9.874324301573405e-05;2.746523424965899e-05;0.0008833648796898857;0.2887998722956385;0.021118660271230445
Ramoneur;Agent d’entretien;0.31092810592382425;0.533635578079539;46.63921588857364;P — activité proposée;SB90;"Torygg’s Magic Tower, seul établissement d’enseignement arcanique impérial, Imperial Wizards ; étude magique, sécurité et administration. Professions des résidents ; lieu de travail et commanditaires peuvent être extérieurs au quartier. Visiteurs exclus du stock. activité/institution locale Budget civil 20,00 % ; coefficient 2,000000 ; part de filière 3,439 %. Apprentissage et qualification variable ; soins avancés et thérapie magique exigent formation.";0.00019684732921297876;5.475268831703979e-05;0.0017610118118137005;0.28786518349102214;0.021050310603458414
Fossoyeur;Agent funéraire;0.09327843177714727;0.16009067342386168;13.991764766572091;A — activité attestée;"MJ135; SB99; SB182";"Torygg’s Magic Tower, seul établissement d’enseignement arcanique impérial, Imperial Wizards ; étude magique, sécurité et administration. Professions des résidents ; lieu de travail et commanditaires peuvent être extérieurs au quartier. Visiteurs exclus du stock. activité/institution locale Budget civil 20,00 % ; coefficient 0,600000 ; part de filière 1,032 %. Apprentissage et qualification variable ; soins avancés et thérapie magique exigent formation.";5.905419876389357e-05;1.642580649511192e-05;0.0005283035435441097;0.08635955504730664;0.006315093181037518
Gardien de cimetière;Agent funéraire;0.09327843177714727;0.16009067342386168;13.991764766572091;A — activité attestée;"MJ135; SB99; SB182";"Torygg’s Magic Tower, seul établissement d’enseignement arcanique impérial, Imperial Wizards ; étude magique, sécurité et administration. Professions des résidents ; lieu de travail et commanditaires peuvent être extérieurs au quartier. Visiteurs exclus du stock. activité/institution locale Budget civil 20,00 % ; coefficient 0,600000 ; part de filière 1,032 %. Apprentissage et qualification variable ; soins avancés et thérapie magique exigent formation.";5.905419876389357e-05;1.642580649511192e-05;0.0005283035435441097;0.08635955504730664;0.006315093181037518
Momificateur;Agent funéraire;0;0;0.0;A — activité attestée;SB182;"Torygg’s Magic Tower, seul établissement d’enseignement arcanique impérial, Imperial Wizards ; étude magique, sécurité et administration. Professions des résidents ; lieu de travail et commanditaires peuvent être extérieurs au quartier. Visiteurs exclus du stock. activité/institution locale Budget civil 20,00 % ; coefficient 0,000000 ; part de filière 0,000 %. Zéro proposé : Filière régionale non retenue dans ce scénario, sans interdiction universelle. Apprentissage et qualification variable ; soins avancés et thérapie magique exigent formation.";0;0;0;0;0
Gardien d’arbres funéraires;Agent funéraire;0;0;0.0;D — activité déduite;SB155;"Torygg’s Magic Tower, seul établissement d’enseignement arcanique impérial, Imperial Wizards ; étude magique, sécurité et administration. Professions des résidents ; lieu de travail et commanditaires peuvent être extérieurs au quartier. Visiteurs exclus du stock. activité/institution locale Budget civil 20,00 % ; coefficient 0,000000 ; part de filière 0,000 %. Zéro proposé : Filière régionale non retenue dans ce scénario, sans interdiction universelle. Apprentissage et qualification variable ; soins avancés et thérapie magique exigent formation.";0;0;0;0;0
Marchand;Marchand;1.0680517003231016;1.8330616488571407;160.20775504846523;A — activité attestée;"MJ128; SB139";"Torygg’s Magic Tower, seul établissement d’enseignement arcanique impérial, Imperial Wizards ; étude magique, sécurité et administration. Professions des résidents ; lieu de travail et commanditaires peuvent être extérieurs au quartier. Visiteurs exclus du stock. activité/institution locale Budget civil 13,00 % ; coefficient 28,125000 ; part de filière 18,174 %. Réseau, itinéraires, confiance et capital ; manutention distincte de propriété du fret.";0.019729635154989676;0.021951033190423123;0.07942629605557988;0.865565471496511;0.08137926442559802
Colporteur;Marchand;0.42722068012924075;0.7332246595428564;64.08310201938612;A — activité attestée;SB121;"Torygg’s Magic Tower, seul établissement d’enseignement arcanique impérial, Imperial Wizards ; étude magique, sécurité et administration. Professions des résidents ; lieu de travail et commanditaires peuvent être extérieurs au quartier. Visiteurs exclus du stock. activité/institution locale Budget civil 13,00 % ; coefficient 11,250000 ; part de filière 7,270 %. Réseau, itinéraires, confiance et capital ; manutention distincte de propriété du fret.";0.007891854061995872;0.008780413276169255;0.03177051842223195;0.34622618859860443;0.032551705770239234
Courtier;Marchand;0.42722068012924075;0.7332246595428564;64.08310201938612;A — activité attestée;SB149;"Torygg’s Magic Tower, seul établissement d’enseignement arcanique impérial, Imperial Wizards ; étude magique, sécurité et administration. Professions des résidents ; lieu de travail et commanditaires peuvent être extérieurs au quartier. Visiteurs exclus du stock. activité/institution locale Budget civil 13,00 % ; coefficient 11,250000 ; part de filière 7,270 %. Réseau, itinéraires, confiance et capital ; manutention distincte de propriété du fret.";0.007891854061995872;0.008780413276169255;0.03177051842223195;0.34622618859860443;0.032551705770239234
Commissaire-priseur d’objets magiques;Marchand;0;0;0.0;A — activité attestée;SB139;"Torygg’s Magic Tower, seul établissement d’enseignement arcanique impérial, Imperial Wizards ; étude magique, sécurité et administration. Professions des résidents ; lieu de travail et commanditaires peuvent être extérieurs au quartier. Visiteurs exclus du stock. activité/institution locale Budget civil 13,00 % ; coefficient 0,000000 ; part de filière 0,000 %. Zéro proposé : Filière régionale non retenue dans ce scénario, sans interdiction universelle. Réseau, itinéraires, confiance et capital ; manutention distincte de propriété du fret.";0;0;0;0;0
Comptable;Professionnel de finance;0.11867241114701134;0.20367351653968238;17.800861672051703;D — activité déduite;"SB212; SB213";"Torygg’s Magic Tower, seul établissement d’enseignement arcanique impérial, Imperial Wizards ; étude magique, sécurité et administration. Professions des résidents ; lieu de travail et commanditaires peuvent être extérieurs au quartier. Visiteurs exclus du stock. activité/institution locale Budget civil 13,00 % ; coefficient 3,125000 ; part de filière 2,019 %. Réseau, itinéraires, confiance et capital ; manutention distincte de propriété du fret.";0.002192181683887742;0.002439003687824792;0.008825144006175541;0.09617394127739014;0.00904214049173312
Banquier et employé de banque;Professionnel de finance;0.009493792891760906;0.016293881323174587;1.424068933764136;A — activité attestée;"SB212; SB213";"Torygg’s Magic Tower, seul établissement d’enseignement arcanique impérial, Imperial Wizards ; étude magique, sécurité et administration. Professions des résidents ; lieu de travail et commanditaires peuvent être extérieurs au quartier. Visiteurs exclus du stock. activité/institution locale Budget civil 13,00 % ; coefficient 0,250000 ; part de filière 0,162 %. Réseau, itinéraires, confiance et capital ; manutention distincte de propriété du fret.";0.0004880326971385805;0.0005429812487024829;0.000654896879461198;0.0071368822972149954;0.0006709997692436483
Usurier et prêteur sur gages;Professionnel de finance;0.11867241114701134;0.20367351653968238;17.800861672051703;D — activité déduite;"SB212; SB213";"Torygg’s Magic Tower, seul établissement d’enseignement arcanique impérial, Imperial Wizards ; étude magique, sécurité et administration. Professions des résidents ; lieu de travail et commanditaires peuvent être extérieurs au quartier. Visiteurs exclus du stock. activité/institution locale Budget civil 13,00 % ; coefficient 3,125000 ; part de filière 2,019 %. Réseau, itinéraires, confiance et capital ; manutention distincte de propriété du fret.";0.002192181683887742;0.002439003687824792;0.008825144006175541;0.09617394127739014;0.00904214049173312
Changeur;Professionnel de finance;0.11867241114701134;0.20367351653968238;17.800861672051703;D — activité déduite;"SB212; SB213";"Torygg’s Magic Tower, seul établissement d’enseignement arcanique impérial, Imperial Wizards ; étude magique, sécurité et administration. Professions des résidents ; lieu de travail et commanditaires peuvent être extérieurs au quartier. Visiteurs exclus du stock. activité/institution locale Budget civil 13,00 % ; coefficient 3,125000 ; part de filière 2,019 %. Réseau, itinéraires, confiance et capital ; manutention distincte de propriété du fret.";0.002192181683887742;0.002439003687824792;0.008825144006175541;0.09617394127739014;0.00904214049173312
Assureur;Professionnel de finance;0.009493792891760906;0.016293881323174587;1.424068933764136;D — activité déduite;"SB212; SB213";"Torygg’s Magic Tower, seul établissement d’enseignement arcanique impérial, Imperial Wizards ; étude magique, sécurité et administration. Professions des résidents ; lieu de travail et commanditaires peuvent être extérieurs au quartier. Visiteurs exclus du stock. activité/institution locale Budget civil 13,00 % ; coefficient 0,250000 ; part de filière 0,162 %. Réseau, itinéraires, confiance et capital ; manutention distincte de propriété du fret.";0.00017537453471101936;0.00019512029502598334;0.0007060115204940435;0.0076939153021912095;0.0007233712393386493
Estimateur;Professionnel de finance;0.009493792891760906;0.016293881323174587;1.424068933764136;A — activité attestée;"SB212; SB213";"Torygg’s Magic Tower, seul établissement d’enseignement arcanique impérial, Imperial Wizards ; étude magique, sécurité et administration. Professions des résidents ; lieu de travail et commanditaires peuvent être extérieurs au quartier. Visiteurs exclus du stock. activité/institution locale Budget civil 13,00 % ; coefficient 0,250000 ; part de filière 0,162 %. Réseau, itinéraires, confiance et capital ; manutention distincte de propriété du fret.";0.00017537453471101936;0.00019512029502598334;0.0007060115204940435;0.0076939153021912095;0.0007233712393386493
Négociateur;Professionnel de finance;0.009493792891760906;0.016293881323174587;1.424068933764136;A — activité attestée;"SB212; SB213";"Torygg’s Magic Tower, seul établissement d’enseignement arcanique impérial, Imperial Wizards ; étude magique, sécurité et administration. Professions des résidents ; lieu de travail et commanditaires peuvent être extérieurs au quartier. Visiteurs exclus du stock. activité/institution locale Budget civil 13,00 % ; coefficient 0,250000 ; part de filière 0,162 %. Réseau, itinéraires, confiance et capital ; manutention distincte de propriété du fret.";0.00017537453471101936;0.00019512029502598334;0.0007060115204940435;0.0076939153021912095;0.0007233712393386493
Scribe;Scribe et auteur;0.1569620138888889;0.2693886896112465;23.54430208333333;A — activité attestée;"MJ128; SB32";"Torygg’s Magic Tower, seul établissement d’enseignement arcanique impérial, Imperial Wizards ; étude magique, sécurité et administration. Professions des résidents ; lieu de travail et commanditaires peuvent être extérieurs au quartier. Visiteurs exclus du stock. activité/institution locale Budget civil 15,00 % ; coefficient 2,000000 ; part de filière 2,315 %. Instruction, autorisation ou initiation ; clergé, caste et office ne rendent pas noble.";0.021393529803322677;0.005950567244198086;0.010765587012152899;0.11732034427981125;0.0015319855494039696
Calligraphe;Scribe et auteur;0.1569620138888889;0.2693886896112465;23.54430208333333;A — activité attestée;"MJ128; SB32";"Torygg’s Magic Tower, seul établissement d’enseignement arcanique impérial, Imperial Wizards ; étude magique, sécurité et administration. Professions des résidents ; lieu de travail et commanditaires peuvent être extérieurs au quartier. Visiteurs exclus du stock. activité/institution locale Budget civil 15,00 % ; coefficient 2,000000 ; part de filière 2,315 %. Instruction, autorisation ou initiation ; clergé, caste et office ne rendent pas noble.";0.021393529803322677;0.005950567244198086;0.010765587012152899;0.11732034427981125;0.0015319855494039696
Écrivain;Scribe et auteur;0.110574096269765;0.18977464777016612;16.58611444046475;A — activité attestée;"MJ128; SB32";"Torygg’s Magic Tower, seul établissement d’enseignement arcanique impérial, Imperial Wizards ; étude magique, sécurité et administration. Professions des résidents ; lieu de travail et commanditaires peuvent être extérieurs au quartier. Visiteurs exclus du stock. activité/institution locale Budget civil 14,00 % ; coefficient 2,000000 ; part de filière 1,747 %. Long apprentissage, frais, bourses, talent, licence ou secret ; titre ne donne pas maîtrise.";0.006065466022161872;0.0016870971627443742;0.0135655349654567;0.08870003450943788;0.0005559636099641797
Journaliste et rédacteur;Scribe et auteur;0.110574096269765;0.18977464777016612;16.58611444046475;A — activité attestée;CC9;"Torygg’s Magic Tower, seul établissement d’enseignement arcanique impérial, Imperial Wizards ; étude magique, sécurité et administration. Professions des résidents ; lieu de travail et commanditaires peuvent être extérieurs au quartier. Visiteurs exclus du stock. activité/institution locale Budget civil 14,00 % ; coefficient 2,000000 ; part de filière 1,747 %. Long apprentissage, frais, bourses, talent, licence ou secret ; titre ne donne pas maîtrise.";0.006065466022161872;0.0016870971627443742;0.0135655349654567;0.08870003450943788;0.0005559636099641797
Traducteur;Scribe et auteur;0.1569620138888889;0.2693886896112465;23.54430208333333;D — activité déduite;SB198;"Torygg’s Magic Tower, seul établissement d’enseignement arcanique impérial, Imperial Wizards ; étude magique, sécurité et administration. Professions des résidents ; lieu de travail et commanditaires peuvent être extérieurs au quartier. Visiteurs exclus du stock. activité/institution locale Budget civil 15,00 % ; coefficient 2,000000 ; part de filière 2,315 %. Instruction, autorisation ou initiation ; clergé, caste et office ne rendent pas noble.";0.021393529803322677;0.005950567244198086;0.010765587012152899;0.11732034427981125;0.0015319855494039696
Bibliothécaire;Érudit;0.10202530902777777;0.1751026482473102;15.303796354166666;A — activité attestée;MJ138;"Torygg’s Magic Tower, seul établissement d’enseignement arcanique impérial, Imperial Wizards ; étude magique, sécurité et administration. Professions des résidents ; lieu de travail et commanditaires peuvent être extérieurs au quartier. Visiteurs exclus du stock. activité/institution locale Budget civil 15,00 % ; coefficient 1,300000 ; part de filière 1,505 %. Instruction, autorisation ou initiation ; clergé, caste et office ne rendent pas noble.";0.01390579437215974;0.0038678687087287554;0.006997631557899389;0.07625822378187731;0.0009957906071125801
Conservateur de musée;Érudit;0.10202530902777777;0.1751026482473102;15.303796354166666;A — activité attestée;PG48;"Torygg’s Magic Tower, seul établissement d’enseignement arcanique impérial, Imperial Wizards ; étude magique, sécurité et administration. Professions des résidents ; lieu de travail et commanditaires peuvent être extérieurs au quartier. Visiteurs exclus du stock. activité/institution locale Budget civil 15,00 % ; coefficient 1,300000 ; part de filière 1,505 %. Instruction, autorisation ou initiation ; clergé, caste et office ne rendent pas noble.";0.01390579437215974;0.0038678687087287554;0.006997631557899389;0.07625822378187731;0.0009957906071125801
Historien;Érudit;0.07187316257534726;0.123353521050608;10.78097438630209;A — activité attestée;PG46;"Torygg’s Magic Tower, seul établissement d’enseignement arcanique impérial, Imperial Wizards ; étude magique, sécurité et administration. Professions des résidents ; lieu de travail et commanditaires peuvent être extérieurs au quartier. Visiteurs exclus du stock. activité/institution locale Budget civil 14,00 % ; coefficient 1,300000 ; part de filière 1,136 %. Long apprentissage, frais, bourses, talent, licence ou secret ; titre ne donne pas maîtrise.";0.0103731023172387;0.0028852575258566777;0.007733216303062502;0.05056465186940737;0.00031693455978200937
Astronome;Érudit;0.07187316257534727;0.12335352105060803;10.780974386302091;A — activité attestée;MJ138;"Torygg’s Magic Tower, seul établissement d’enseignement arcanique impérial, Imperial Wizards ; étude magique, sécurité et administration. Professions des résidents ; lieu de travail et commanditaires peuvent être extérieurs au quartier. Visiteurs exclus du stock. activité/institution locale Budget civil 14,00 % ; coefficient 1,300000 ; part de filière 1,136 %. Long apprentissage, frais, bourses, talent, licence ou secret ; titre ne donne pas maîtrise.";0.003942552914405216;0.0010966131557838437;0.008817597727546858;0.057655022431134635;0.0003613763464767169
Chercheur non arcanique;Érudit;0.07187316257534726;0.123353521050608;10.78097438630209;A — activité attestée;"MJ138; PG46";"Torygg’s Magic Tower, seul établissement d’enseignement arcanique impérial, Imperial Wizards ; étude magique, sécurité et administration. Professions des résidents ; lieu de travail et commanditaires peuvent être extérieurs au quartier. Visiteurs exclus du stock. activité/institution locale Budget civil 14,00 % ; coefficient 1,300000 ; part de filière 1,136 %. Long apprentissage, frais, bourses, talent, licence ou secret ; titre ne donne pas maîtrise.";0.0103731023172387;0.0028852575258566777;0.007733216303062502;0.05056465186940737;0.00031693455978200937
Mathématicien;Érudit;0.05031121380274308;0.0863474647354256;7.546682070411461;A — activité attestée;SB174;"Torygg’s Magic Tower, seul établissement d’enseignement arcanique impérial, Imperial Wizards ; étude magique, sécurité et administration. Professions des résidents ; lieu de travail et commanditaires peuvent être extérieurs au quartier. Visiteurs exclus du stock. activité/institution locale Budget civil 14,00 % ; coefficient 0,910000 ; part de filière 0,795 %. Long apprentissage, frais, bourses, talent, licence ou secret ; titre ne donne pas maîtrise.";0.002759787040083653;0.0007676292090486906;0.0061723184092828025;0.04035851570179423;0.00025296344253370167
Philosophe;Érudit;0.05031121380274308;0.0863474647354256;7.546682070411461;A — activité attestée;SB178;"Torygg’s Magic Tower, seul établissement d’enseignement arcanique impérial, Imperial Wizards ; étude magique, sécurité et administration. Professions des résidents ; lieu de travail et commanditaires peuvent être extérieurs au quartier. Visiteurs exclus du stock. activité/institution locale Budget civil 14,00 % ; coefficient 0,910000 ; part de filière 0,795 %. Long apprentissage, frais, bourses, talent, licence ou secret ; titre ne donne pas maîtrise.";0.002759787040083653;0.0007676292090486906;0.0061723184092828025;0.04035851570179423;0.00025296344253370167
Archéologue;Érudit;0.07187316257534727;0.12335352105060803;10.780974386302091;D — activité déduite;PG48;"Torygg’s Magic Tower, seul établissement d’enseignement arcanique impérial, Imperial Wizards ; étude magique, sécurité et administration. Professions des résidents ; lieu de travail et commanditaires peuvent être extérieurs au quartier. Visiteurs exclus du stock. activité/institution locale Budget civil 14,00 % ; coefficient 1,300000 ; part de filière 1,136 %. Long apprentissage, frais, bourses, talent, licence ou secret ; titre ne donne pas maîtrise.";0.003942552914405216;0.0010966131557838437;0.008817597727546858;0.057655022431134635;0.0003613763464767169
Professeur;Enseignant;0.5336708472222222;0.915921544678238;80.05062708333334;A — activité attestée;"MJ138; SB141";"Torygg’s Magic Tower, seul établissement d’enseignement arcanique impérial, Imperial Wizards ; étude magique, sécurité et administration. Professions des résidents ; lieu de travail et commanditaires peuvent être extérieurs au quartier. Visiteurs exclus du stock. activité/institution locale Budget civil 15,00 % ; coefficient 6,800000 ; part de filière 7,870 %. Instruction, autorisation ou initiation ; clergé, caste et office ne rendent pas noble.";0.0727380013312971;0.02023192863027349;0.036602995841319874;0.3988891705513583;0.005208750867973497
Enseignant de magie arcanique;Enseignant;0.375951927317201;0.6452338024185649;56.392789097580156;A — activité attestée;SB141;"Torygg’s Magic Tower, seul établissement d’enseignement arcanique impérial, Imperial Wizards ; étude magique, sécurité et administration. Professions des résidents ; lieu de travail et commanditaires peuvent être extérieurs au quartier. Visiteurs exclus du stock. activité/institution locale Budget civil 14,00 % ; coefficient 6,800000 ; part de filière 5,940 %. Long apprentissage, frais, bourses, talent, licence ou secret ; titre ne donne pas maîtrise.";0.02062258447535039;0.005736130353330875;0.0461228188825528;0.3015801173320887;0.0018902762738782118
Instructeur martial;Enseignant;0;0;0.0;A — activité attestée;SB94;"Torygg’s Magic Tower, seul établissement d’enseignement arcanique impérial, Imperial Wizards ; étude magique, sécurité et administration. Professions des résidents ; lieu de travail et commanditaires peuvent être extérieurs au quartier. Visiteurs exclus du stock. activité/institution locale Budget civil 15,00 % ; coefficient 0,000000 ; part de filière 0,000 %. Zéro proposé : Technique de site, institution, secret ou habilitation concentrée dans les implantations autorisées du scénario. Instruction, autorisation ou initiation ; clergé, caste et office ne rendent pas noble.";0;0;0;0;0
Formateur de tir à l’arc;Enseignant;0;0;0.0;A — activité attestée;SB155;"Torygg’s Magic Tower, seul établissement d’enseignement arcanique impérial, Imperial Wizards ; étude magique, sécurité et administration. Professions des résidents ; lieu de travail et commanditaires peuvent être extérieurs au quartier. Visiteurs exclus du stock. activité/institution locale Budget civil 15,00 % ; coefficient 0,000000 ; part de filière 0,000 %. Zéro proposé : Technique de site, institution, secret ou habilitation concentrée dans les implantations autorisées du scénario. Instruction, autorisation ou initiation ; clergé, caste et office ne rendent pas noble.";0;0;0;0;0
Ingénieur;Ingénieur;0.13821762033720628;0.23721830971270766;20.73264305058094;A — activité attestée;SB174;"Torygg’s Magic Tower, seul établissement d’enseignement arcanique impérial, Imperial Wizards ; étude magique, sécurité et administration. Professions des résidents ; lieu de travail et commanditaires peuvent être extérieurs au quartier. Visiteurs exclus du stock. activité/institution locale Budget civil 14,00 % ; coefficient 2,500000 ; part de filière 2,184 %. Long apprentissage, frais, bourses, talent, licence ou secret ; titre ne donne pas maîtrise.";0.019948273686997506;0.005548572165108997;0.014871569813581734;0.09723971513347571;0.0006094895380423256
Inventeur;Ingénieur;0.0331722288809295;0.05693239433104984;4.975834332139425;A — activité attestée;SB178;"Torygg’s Magic Tower, seul établissement d’enseignement arcanique impérial, Imperial Wizards ; étude magique, sécurité et administration. Professions des résidents ; lieu de travail et commanditaires peuvent être extérieurs au quartier. Visiteurs exclus du stock. activité/institution locale Budget civil 14,00 % ; coefficient 0,600000 ; part de filière 0,524 %. Long apprentissage, frais, bourses, talent, licence ou secret ; titre ne donne pas maîtrise.";0.001819639806648563;0.0005061291488233125;0.00406966048963701;0.026610010352831365;0.00016678908298925385
Ingénieur mystique;Ingénieur;0.0552870481348825;0.09488732388508306;8.293057220232376;A — activité attestée;SB174;"Torygg’s Magic Tower, seul établissement d’enseignement arcanique impérial, Imperial Wizards ; étude magique, sécurité et administration. Professions des résidents ; lieu de travail et commanditaires peuvent être extérieurs au quartier. Visiteurs exclus du stock. activité/institution locale Budget civil 14,00 % ; coefficient 1,000000 ; part de filière 0,874 %. Long apprentissage, frais, bourses, talent, licence ou secret ; titre ne donne pas maîtrise.";0.003032733011080936;0.0008435485813721871;0.00678276748272835;0.04435001725471894;0.00027798180498208984
Créateur et mainteneur de golems;Ingénieur;0.0552870481348825;0.09488732388508306;8.293057220232376;D — activité déduite;SB174;"Torygg’s Magic Tower, seul établissement d’enseignement arcanique impérial, Imperial Wizards ; étude magique, sécurité et administration. Professions des résidents ; lieu de travail et commanditaires peuvent être extérieurs au quartier. Visiteurs exclus du stock. activité/institution locale Budget civil 14,00 % ; coefficient 1,000000 ; part de filière 0,874 %. Long apprentissage, frais, bourses, talent, licence ou secret ; titre ne donne pas maîtrise.";0.003032733011080936;0.0008435485813721871;0.00678276748272835;0.04435001725471894;0.00027798180498208984
Chercheur en golems;Ingénieur;0.044229638507906004;0.07590985910806645;6.634445776185901;A — activité attestée;SB178;"Torygg’s Magic Tower, seul établissement d’enseignement arcanique impérial, Imperial Wizards ; étude magique, sécurité et administration. Professions des résidents ; lieu de travail et commanditaires peuvent être extérieurs au quartier. Visiteurs exclus du stock. activité/institution locale Budget civil 14,00 % ; coefficient 0,800000 ; part de filière 0,699 %. Long apprentissage, frais, bourses, talent, licence ou secret ; titre ne donne pas maîtrise.";0.0024261864088647505;0.00067483886509775;0.005426213986182684;0.03548001380377515;0.00022238544398567195
Ingénieur de réacteurs de bauronite;Ingénieur;0;0;0.0;D — activité déduite;SB174;"Torygg’s Magic Tower, seul établissement d’enseignement arcanique impérial, Imperial Wizards ; étude magique, sécurité et administration. Professions des résidents ; lieu de travail et commanditaires peuvent être extérieurs au quartier. Visiteurs exclus du stock. activité/institution locale Accès aux secrets des réacteurs; savoir détenu par un petit nombre Budget civil 14,00 % ; coefficient 0,000000 ; part de filière 0,000 %. Zéro proposé : Filière régionale non retenue dans ce scénario, sans interdiction universelle. Long apprentissage, frais, bourses, talent, licence ou secret ; titre ne donne pas maîtrise.";0;0;0;0;0
Technicien de communication runique;Ingénieur;0;0;0.0;D — activité déduite;SB174;"Torygg’s Magic Tower, seul établissement d’enseignement arcanique impérial, Imperial Wizards ; étude magique, sécurité et administration. Professions des résidents ; lieu de travail et commanditaires peuvent être extérieurs au quartier. Visiteurs exclus du stock. activité/institution locale Budget civil 14,00 % ; coefficient 0,000000 ; part de filière 0,000 %. Zéro proposé : Filière régionale non retenue dans ce scénario, sans interdiction universelle. Long apprentissage, frais, bourses, talent, licence ou secret ; titre ne donne pas maîtrise.";0;0;0;0;0
Chercheur en magie;Praticien des services arcaniques;0.7740186738883551;1.328422534391163;116.10280108325327;A — activité attestée;"SB138; SB139";"Torygg’s Magic Tower, seul établissement d’enseignement arcanique impérial, Imperial Wizards ; étude magique, sécurité et administration. Professions des résidents ; lieu de travail et commanditaires peuvent être extérieurs au quartier. Visiteurs exclus du stock. activité/institution locale Budget civil 14,00 % ; coefficient 14,000000 ; part de filière 12,230 %. Long apprentissage, frais, bourses, talent, licence ou secret ; titre ne donne pas maîtrise.";0.04245826215513313;0.011809680139210623;0.09495874475819696;0.6209002415660652;0.003891745269749259
Fabricant d’objets magiques;Praticien des services arcaniques;0.7740186738883551;1.328422534391163;116.10280108325327;A — activité attestée;SB138;"Torygg’s Magic Tower, seul établissement d’enseignement arcanique impérial, Imperial Wizards ; étude magique, sécurité et administration. Professions des résidents ; lieu de travail et commanditaires peuvent être extérieurs au quartier. Visiteurs exclus du stock. activité/institution locale Budget civil 14,00 % ; coefficient 14,000000 ; part de filière 12,230 %. Long apprentissage, frais, bourses, talent, licence ou secret ; titre ne donne pas maîtrise.";0.04245826215513313;0.011809680139210623;0.09495874475819696;0.6209002415660652;0.003891745269749259
Fabricant de parchemins magiques;Praticien des services arcaniques;0.7740186738883551;1.328422534391163;116.10280108325327;A — activité attestée;SB138;"Torygg’s Magic Tower, seul établissement d’enseignement arcanique impérial, Imperial Wizards ; étude magique, sécurité et administration. Professions des résidents ; lieu de travail et commanditaires peuvent être extérieurs au quartier. Visiteurs exclus du stock. activité/institution locale Budget civil 14,00 % ; coefficient 14,000000 ; part de filière 12,230 %. Long apprentissage, frais, bourses, talent, licence ou secret ; titre ne donne pas maîtrise.";0.04245826215513313;0.011809680139210623;0.09495874475819696;0.6209002415660652;0.003891745269749259
Nécromancien de service;Praticien des services arcaniques;0.7740186738883551;1.328422534391163;116.10280108325327;D — activité déduite;"SB108; SB170";"Torygg’s Magic Tower, seul établissement d’enseignement arcanique impérial, Imperial Wizards ; étude magique, sécurité et administration. Professions des résidents ; lieu de travail et commanditaires peuvent être extérieurs au quartier. Visiteurs exclus du stock. activité/institution locale Budget civil 14,00 % ; coefficient 14,000000 ; part de filière 12,230 %. Long apprentissage, frais, bourses, talent, licence ou secret ; titre ne donne pas maîtrise.";0.04245826215513313;0.011809680139210623;0.09495874475819696;0.6209002415660652;0.003891745269749259
Illusionniste de service;Praticien des services arcaniques;0.7740186738883551;1.328422534391163;116.10280108325327;D — activité déduite;"SB107; SB142";"Torygg’s Magic Tower, seul établissement d’enseignement arcanique impérial, Imperial Wizards ; étude magique, sécurité et administration. Professions des résidents ; lieu de travail et commanditaires peuvent être extérieurs au quartier. Visiteurs exclus du stock. activité/institution locale Budget civil 14,00 % ; coefficient 14,000000 ; part de filière 12,230 %. Long apprentissage, frais, bourses, talent, licence ou secret ; titre ne donne pas maîtrise.";0.04245826215513313;0.011809680139210623;0.09495874475819696;0.6209002415660652;0.003891745269749259
Chercheur en aethermancy;Praticien des services arcaniques;0;0;0.0;A — activité attestée;SB140;"Torygg’s Magic Tower, seul établissement d’enseignement arcanique impérial, Imperial Wizards ; étude magique, sécurité et administration. Professions des résidents ; lieu de travail et commanditaires peuvent être extérieurs au quartier. Visiteurs exclus du stock. activité/institution locale Budget civil 14,00 % ; coefficient 0,000000 ; part de filière 0,000 %. Zéro proposé : Filière régionale non retenue dans ce scénario, sans interdiction universelle. Long apprentissage, frais, bourses, talent, licence ou secret ; titre ne donne pas maîtrise.";0;0;0;0;0
Chercheur en biomancy;Praticien des services arcaniques;0;0;0.0;A — activité attestée;SB140;"Torygg’s Magic Tower, seul établissement d’enseignement arcanique impérial, Imperial Wizards ; étude magique, sécurité et administration. Professions des résidents ; lieu de travail et commanditaires peuvent être extérieurs au quartier. Visiteurs exclus du stock. activité/institution locale Budget civil 14,00 % ; coefficient 0,000000 ; part de filière 0,000 %. Zéro proposé : Filière régionale non retenue dans ce scénario, sans interdiction universelle. Long apprentissage, frais, bourses, talent, licence ou secret ; titre ne donne pas maîtrise.";0;0;0;0;0
Désenchanteur et récupérateur arcanique;Praticien des services arcaniques;0;0;0.0;A — activité attestée;SB139;"Torygg’s Magic Tower, seul établissement d’enseignement arcanique impérial, Imperial Wizards ; étude magique, sécurité et administration. Professions des résidents ; lieu de travail et commanditaires peuvent être extérieurs au quartier. Visiteurs exclus du stock. activité/institution locale Budget civil 14,00 % ; coefficient 0,000000 ; part de filière 0,000 %. Zéro proposé : Filière régionale non retenue dans ce scénario, sans interdiction universelle. Long apprentissage, frais, bourses, talent, licence ou secret ; titre ne donne pas maîtrise.";0;0;0;0;0
Extracteur de mémoire;Praticien des services arcaniques;0;0;0.0;A — activité attestée;SB140;"Torygg’s Magic Tower, seul établissement d’enseignement arcanique impérial, Imperial Wizards ; étude magique, sécurité et administration. Professions des résidents ; lieu de travail et commanditaires peuvent être extérieurs au quartier. Visiteurs exclus du stock. activité/institution locale Budget civil 14,00 % ; coefficient 0,000000 ; part de filière 0,000 %. Zéro proposé : Filière régionale non retenue dans ce scénario, sans interdiction universelle. Long apprentissage, frais, bourses, talent, licence ou secret ; titre ne donne pas maîtrise.";0;0;0;0;0
Certificateur et inspecteur arcanique;Praticien des services arcaniques;0;0;0.0;A — activité attestée;SB139;"Torygg’s Magic Tower, seul établissement d’enseignement arcanique impérial, Imperial Wizards ; étude magique, sécurité et administration. Professions des résidents ; lieu de travail et commanditaires peuvent être extérieurs au quartier. Visiteurs exclus du stock. activité/institution locale Budget civil 14,00 % ; coefficient 0,000000 ; part de filière 0,000 %. Zéro proposé : Filière régionale non retenue dans ce scénario, sans interdiction universelle. Long apprentissage, frais, bourses, talent, licence ou secret ; titre ne donne pas maîtrise.";0;0;0;0;0
Opérateur de transport magique;Praticien des services arcaniques;0.7740186738883551;1.328422534391163;116.10280108325327;D — activité déduite;SB142;"Torygg’s Magic Tower, seul établissement d’enseignement arcanique impérial, Imperial Wizards ; étude magique, sécurité et administration. Professions des résidents ; lieu de travail et commanditaires peuvent être extérieurs au quartier. Visiteurs exclus du stock. activité/institution locale Budget civil 14,00 % ; coefficient 14,000000 ; part de filière 12,230 %. Long apprentissage, frais, bourses, talent, licence ou secret ; titre ne donne pas maîtrise.";0.04245826215513313;0.011809680139210623;0.09495874475819696;0.6209002415660652;0.003891745269749259
Restaurateur de runes de tunnels;Praticien des services arcaniques;0;0;0.0;A — activité attestée;SB161;"Torygg’s Magic Tower, seul établissement d’enseignement arcanique impérial, Imperial Wizards ; étude magique, sécurité et administration. Professions des résidents ; lieu de travail et commanditaires peuvent être extérieurs au quartier. Visiteurs exclus du stock. activité/institution locale Budget civil 14,00 % ; coefficient 0,000000 ; part de filière 0,000 %. Zéro proposé : Filière régionale non retenue dans ce scénario, sans interdiction universelle. Long apprentissage, frais, bourses, talent, licence ou secret ; titre ne donne pas maîtrise.";0;0;0;0;0
Artificier psychique;Praticien des services arcaniques;0;0;0.0;A — activité attestée;PG8;"Torygg’s Magic Tower, seul établissement d’enseignement arcanique impérial, Imperial Wizards ; étude magique, sécurité et administration. Professions des résidents ; lieu de travail et commanditaires peuvent être extérieurs au quartier. Visiteurs exclus du stock. activité/institution locale Budget civil 14,00 % ; coefficient 0,000000 ; part de filière 0,000 %. Zéro proposé : Filière régionale non retenue dans ce scénario, sans interdiction universelle. Long apprentissage, frais, bourses, talent, licence ou secret ; titre ne donne pas maîtrise.";0;0;0;0;0
Guérisseur;Soigneur;0.26428889003525063;0.4535902413676083;39.64333350528759;A — activité attestée;"MJ141; PG36";"Torygg’s Magic Tower, seul établissement d’enseignement arcanique impérial, Imperial Wizards ; étude magique, sécurité et administration. Professions des résidents ; lieu de travail et commanditaires peuvent être extérieurs au quartier. Visiteurs exclus du stock. activité/institution locale Budget civil 20,00 % ; coefficient 1,700000 ; part de filière 2,923 %. Apprentissage et qualification variable ; soins avancés et thérapie magique exigent formation.";0.00016732022983103183;4.653978506948381e-05;0.0014968600400416447;0.24468540596736885;0.017892764012939637
Chirurgien;Soigneur;0.03964333350528759;0.06803853620514123;5.946500025793139;P — activité proposée;"MJ141; PG36";"Torygg’s Magic Tower, seul établissement d’enseignement arcanique impérial, Imperial Wizards ; étude magique, sécurité et administration. Professions des résidents ; lieu de travail et commanditaires peuvent être extérieurs au quartier. Visiteurs exclus du stock. activité/institution locale Budget civil 20,00 % ; coefficient 0,255000 ; part de filière 0,438 %. Apprentissage et qualification variable ; soins avancés et thérapie magique exigent formation.";2.5098034474654782e-05;6.980967760422571e-06;0.00022452900600624672;0.036702810895105326;0.0026839146019409454
Praticien de psychosurgery;Soigneur;0;0;0.0;D — activité déduite;SB94;"Torygg’s Magic Tower, seul établissement d’enseignement arcanique impérial, Imperial Wizards ; étude magique, sécurité et administration. Professions des résidents ; lieu de travail et commanditaires peuvent être extérieurs au quartier. Visiteurs exclus du stock. activité/institution locale Budget civil 20,00 % ; coefficient 0,000000 ; part de filière 0,000 %. Zéro proposé : Technique de site, institution, secret ou habilitation concentrée dans les implantations autorisées du scénario. Apprentissage et qualification variable ; soins avancés et thérapie magique exigent formation.";0;0;0;0;0
Opérateur de thérapie onirique;Soigneur;0;0;0.0;D — activité déduite;"SB141; SB228";"Torygg’s Magic Tower, seul établissement d’enseignement arcanique impérial, Imperial Wizards ; étude magique, sécurité et administration. Professions des résidents ; lieu de travail et commanditaires peuvent être extérieurs au quartier. Visiteurs exclus du stock. activité/institution locale Budget civil 20,00 % ; coefficient 0,000000 ; part de filière 0,000 %. Zéro proposé : Technique de site, institution, secret ou habilitation concentrée dans les implantations autorisées du scénario. Apprentissage et qualification variable ; soins avancés et thérapie magique exigent formation.";0;0;0;0;0
Prêtre et officiant;Officiant religieux;0.1569620138888889;0.2693886896112465;23.54430208333333;A — activité attestée;"MJ127; SB182";"Torygg’s Magic Tower, seul établissement d’enseignement arcanique impérial, Imperial Wizards ; étude magique, sécurité et administration. Professions des résidents ; lieu de travail et commanditaires peuvent être extérieurs au quartier. Visiteurs exclus du stock. activité/institution locale Budget civil 15,00 % ; coefficient 2,000000 ; part de filière 2,315 %. Instruction, autorisation ou initiation ; clergé, caste et office ne rendent pas noble.";0.021393529803322677;0.005950567244198086;0.010765587012152899;0.11732034427981125;0.0015319855494039696
Acolyte;Officiant religieux;0.1569620138888889;0.2693886896112465;23.54430208333333;A — activité attestée;"MJ127; SB182";"Torygg’s Magic Tower, seul établissement d’enseignement arcanique impérial, Imperial Wizards ; étude magique, sécurité et administration. Professions des résidents ; lieu de travail et commanditaires peuvent être extérieurs au quartier. Visiteurs exclus du stock. activité/institution locale Budget civil 15,00 % ; coefficient 2,000000 ; part de filière 2,315 %. Instruction, autorisation ou initiation ; clergé, caste et office ne rendent pas noble.";0.021393529803322677;0.005950567244198086;0.010765587012152899;0.11732034427981125;0.0015319855494039696
Shaman;Officiant religieux;0.1569620138888889;0.2693886896112465;23.54430208333333;A — activité attestée;"SB129; SB191";"Torygg’s Magic Tower, seul établissement d’enseignement arcanique impérial, Imperial Wizards ; étude magique, sécurité et administration. Professions des résidents ; lieu de travail et commanditaires peuvent être extérieurs au quartier. Visiteurs exclus du stock. activité/institution locale Budget civil 15,00 % ; coefficient 2,000000 ; part de filière 2,315 %. Instruction, autorisation ou initiation ; clergé, caste et office ne rendent pas noble.";0.021393529803322677;0.005950567244198086;0.010765587012152899;0.11732034427981125;0.0015319855494039696
Sugenja;Officiant religieux;0;0;0.0;A — activité attestée;SB198;"Torygg’s Magic Tower, seul établissement d’enseignement arcanique impérial, Imperial Wizards ; étude magique, sécurité et administration. Professions des résidents ; lieu de travail et commanditaires peuvent être extérieurs au quartier. Visiteurs exclus du stock. activité/institution locale Budget civil 15,00 % ; coefficient 0,000000 ; part de filière 0,000 %. Zéro proposé : Filière régionale non retenue dans ce scénario, sans interdiction universelle. Instruction, autorisation ou initiation ; clergé, caste et office ne rendent pas noble.";0;0;0;0;0
Gardien et officiant druidique;Officiant religieux;0.1569620138888889;0.2693886896112465;23.54430208333333;A — activité attestée;SB153;"Torygg’s Magic Tower, seul établissement d’enseignement arcanique impérial, Imperial Wizards ; étude magique, sécurité et administration. Professions des résidents ; lieu de travail et commanditaires peuvent être extérieurs au quartier. Visiteurs exclus du stock. activité/institution locale Budget civil 15,00 % ; coefficient 2,000000 ; part de filière 2,315 %. Instruction, autorisation ou initiation ; clergé, caste et office ne rendent pas noble.";0.021393529803322677;0.005950567244198086;0.010765587012152899;0.11732034427981125;0.0015319855494039696
Gardien-purificateur de Mother Tree;Officiant religieux;0;0;0.0;A — activité attestée;SB153;"Torygg’s Magic Tower, seul établissement d’enseignement arcanique impérial, Imperial Wizards ; étude magique, sécurité et administration. Professions des résidents ; lieu de travail et commanditaires peuvent être extérieurs au quartier. Visiteurs exclus du stock. activité/institution locale Budget civil 15,00 % ; coefficient 0,000000 ; part de filière 0,000 %. Zéro proposé : Filière régionale non retenue dans ce scénario, sans interdiction universelle. Instruction, autorisation ou initiation ; clergé, caste et office ne rendent pas noble.";0;0;0;0;0
Officiant des rites Ba-Akhu;Officiant religieux;0;0;0.0;A — activité attestée;SB184;"Torygg’s Magic Tower, seul établissement d’enseignement arcanique impérial, Imperial Wizards ; étude magique, sécurité et administration. Professions des résidents ; lieu de travail et commanditaires peuvent être extérieurs au quartier. Visiteurs exclus du stock. activité/institution locale Budget civil 15,00 % ; coefficient 0,000000 ; part de filière 0,000 %. Zéro proposé : Filière régionale non retenue dans ce scénario, sans interdiction universelle. Instruction, autorisation ou initiation ; clergé, caste et office ne rendent pas noble.";0;0;0;0;0
Garde et sentinelle;Garde et surveillant;0.25027560729023385;0.42953970976252676;37.54134109353508;A — activité attestée;"MJ140; SB90";"Torygg’s Magic Tower, seul établissement d’enseignement arcanique impérial, Imperial Wizards ; étude magique, sécurité et administration. Professions des résidents ; lieu de travail et commanditaires peuvent être extérieurs au quartier. Visiteurs exclus du stock. activité/institution locale Budget civil 10,00 % ; coefficient 16,100000 ; part de filière 5,536 %. Entraînement, loyauté, armes et habilitations ; aucun métier verrouillé par naissance sauf source explicite.";0.010075260736268245;0.002802413489740314;0.009464078530472859;0.22100757923627384;0.006926275297478575
Garde du corps;Garde et surveillant;0.25027560729023385;0.42953970976252676;37.54134109353508;A — activité attestée;"MJ140; SB90";"Torygg’s Magic Tower, seul établissement d’enseignement arcanique impérial, Imperial Wizards ; étude magique, sécurité et administration. Professions des résidents ; lieu de travail et commanditaires peuvent être extérieurs au quartier. Visiteurs exclus du stock. activité/institution locale Budget civil 10,00 % ; coefficient 16,100000 ; part de filière 5,536 %. Entraînement, loyauté, armes et habilitations ; aucun métier verrouillé par naissance sauf source explicite.";0.010075260736268245;0.002802413489740314;0.009464078530472859;0.22100757923627384;0.006926275297478575
Soldat;Combattant professionnel;10.0;17.1626677650774;1500.0;A — activité attestée;"MJ140; SB90";"Torygg’s Magic Tower, seul établissement d’enseignement arcanique impérial, Imperial Wizards ; étude magique, sécurité et administration. Professions des résidents ; lieu de travail et commanditaires peuvent être extérieurs au quartier. Visiteurs exclus du stock. activité/institution locale Garnison incluse dans les résidents par convention proposée, comptée une seule fois. Entraînement, loyauté, armes et habilitations ; aucun métier verrouillé par naissance sauf source explicite.";0.10468136097006585;0.029116909803720357;0.3933248565294904;9.1850225159421;0.2878543567546241
Mercenaire;Combattant professionnel;0.25027560729023385;0.42953970976252676;37.54134109353508;A — activité attestée;"MJ140; SB90";"Torygg’s Magic Tower, seul établissement d’enseignement arcanique impérial, Imperial Wizards ; étude magique, sécurité et administration. Professions des résidents ; lieu de travail et commanditaires peuvent être extérieurs au quartier. Visiteurs exclus du stock. activité/institution locale Budget civil 10,00 % ; coefficient 16,100000 ; part de filière 5,536 %. Entraînement, loyauté, armes et habilitations ; aucun métier verrouillé par naissance sauf source explicite.";0.010075260736268245;0.002802413489740314;0.009464078530472859;0.22100757923627384;0.006926275297478575
Éclaireur;Combattant professionnel;0.25027560729023385;0.42953970976252676;37.54134109353508;A — activité attestée;"MJ140; SB90";"Torygg’s Magic Tower, seul établissement d’enseignement arcanique impérial, Imperial Wizards ; étude magique, sécurité et administration. Professions des résidents ; lieu de travail et commanditaires peuvent être extérieurs au quartier. Visiteurs exclus du stock. activité/institution locale Budget civil 10,00 % ; coefficient 16,100000 ; part de filière 5,536 %. Entraînement, loyauté, armes et habilitations ; aucun métier verrouillé par naissance sauf source explicite.";0.010075260736268245;0.002802413489740314;0.009464078530472859;0.22100757923627384;0.006926275297478575
Chasseur de primes;Combattant professionnel;0.25027560729023385;0.42953970976252676;37.54134109353508;A — activité attestée;MJ140;"Torygg’s Magic Tower, seul établissement d’enseignement arcanique impérial, Imperial Wizards ; étude magique, sécurité et administration. Professions des résidents ; lieu de travail et commanditaires peuvent être extérieurs au quartier. Visiteurs exclus du stock. activité/institution locale Budget civil 10,00 % ; coefficient 16,100000 ; part de filière 5,536 %. Entraînement, loyauté, armes et habilitations ; aucun métier verrouillé par naissance sauf source explicite.";0.010075260736268245;0.002802413489740314;0.009464078530472859;0.22100757923627384;0.006926275297478575
Gladiateur;Combattant professionnel;0.25027560729023385;0.42953970976252676;37.54134109353508;A — activité attestée;MJ130;"Torygg’s Magic Tower, seul établissement d’enseignement arcanique impérial, Imperial Wizards ; étude magique, sécurité et administration. Professions des résidents ; lieu de travail et commanditaires peuvent être extérieurs au quartier. Visiteurs exclus du stock. activité/institution locale Budget civil 10,00 % ; coefficient 16,100000 ; part de filière 5,536 %. Entraînement, loyauté, armes et habilitations ; aucun métier verrouillé par naissance sauf source explicite.";0.010075260736268245;0.002802413489740314;0.009464078530472859;0.22100757923627384;0.006926275297478575
Champion d’arène;Combattant professionnel;0.25027560729023385;0.42953970976252676;37.54134109353508;A — activité attestée;SB90;"Torygg’s Magic Tower, seul établissement d’enseignement arcanique impérial, Imperial Wizards ; étude magique, sécurité et administration. Professions des résidents ; lieu de travail et commanditaires peuvent être extérieurs au quartier. Visiteurs exclus du stock. activité/institution locale Budget civil 10,00 % ; coefficient 16,100000 ; part de filière 5,536 %. Entraînement, loyauté, armes et habilitations ; aucun métier verrouillé par naissance sauf source explicite.";0.010075260736268245;0.002802413489740314;0.009464078530472859;0.22100757923627384;0.006926275297478575
Veilleur de nuit;Garde et surveillant;0.25027560729023385;0.42953970976252676;37.54134109353508;P — activité proposée;"MJ140; SB90";"Torygg’s Magic Tower, seul établissement d’enseignement arcanique impérial, Imperial Wizards ; étude magique, sécurité et administration. Professions des résidents ; lieu de travail et commanditaires peuvent être extérieurs au quartier. Visiteurs exclus du stock. activité/institution locale Budget civil 10,00 % ; coefficient 16,100000 ; part de filière 5,536 %. Entraînement, loyauté, armes et habilitations ; aucun métier verrouillé par naissance sauf source explicite.";0.010075260736268245;0.002802413489740314;0.009464078530472859;0.22100757923627384;0.006926275297478575
Guide;Guide;1.5285006555735055;2.623314893031108;229.2750983360258;A — activité attestée;MJ140;"Torygg’s Magic Tower, seul établissement d’enseignement arcanique impérial, Imperial Wizards ; étude magique, sécurité et administration. Professions des résidents ; lieu de travail et commanditaires peuvent être extérieurs au quartier. Visiteurs exclus du stock. activité/institution locale Budget civil 13,00 % ; coefficient 40,250000 ; part de filière 26,010 %. Réseau, itinéraires, confiance et capital ; manutention distincte de propriété du fret.";0.028235300088474115;0.0314143674991833;0.11366785479954093;1.2387203636527846;0.11646276953352248
Gardien de domaine;Garde et surveillant;0.25027560729023385;0.42953970976252676;37.54134109353508;A — activité attestée;MJ140;"Torygg’s Magic Tower, seul établissement d’enseignement arcanique impérial, Imperial Wizards ; étude magique, sécurité et administration. Professions des résidents ; lieu de travail et commanditaires peuvent être extérieurs au quartier. Visiteurs exclus du stock. activité/institution locale Budget civil 10,00 % ; coefficient 16,100000 ; part de filière 5,536 %. Entraînement, loyauté, armes et habilitations ; aucun métier verrouillé par naissance sauf source explicite.";0.010075260736268245;0.002802413489740314;0.009464078530472859;0.22100757923627384;0.006926275297478575
Spellshield;Protecteur et contrôleur arcanique;0;0;0.0;A — activité attestée;SB140;"Torygg’s Magic Tower, seul établissement d’enseignement arcanique impérial, Imperial Wizards ; étude magique, sécurité et administration. Professions des résidents ; lieu de travail et commanditaires peuvent être extérieurs au quartier. Visiteurs exclus du stock. activité/institution locale Budget civil 10,00 % ; coefficient 0,000000 ; part de filière 0,000 %. Zéro proposé : Filière régionale non retenue dans ce scénario, sans interdiction universelle. Entraînement, loyauté, armes et habilitations ; aucun métier verrouillé par naissance sauf source explicite.";0;0;0;0;0
Warden des Arcane Enforcers;Protecteur et contrôleur arcanique;0;0;0.0;A — activité attestée;SB140;"Torygg’s Magic Tower, seul établissement d’enseignement arcanique impérial, Imperial Wizards ; étude magique, sécurité et administration. Professions des résidents ; lieu de travail et commanditaires peuvent être extérieurs au quartier. Visiteurs exclus du stock. activité/institution locale Budget civil 10,00 % ; coefficient 0,000000 ; part de filière 0,000 %. Zéro proposé : Filière régionale non retenue dans ce scénario, sans interdiction universelle. Entraînement, loyauté, armes et habilitations ; aucun métier verrouillé par naissance sauf source explicite.";0;0;0;0;0
Inquisiteur;Garde et surveillant;0;0;0.0;A — activité attestée;SB29;"Torygg’s Magic Tower, seul établissement d’enseignement arcanique impérial, Imperial Wizards ; étude magique, sécurité et administration. Professions des résidents ; lieu de travail et commanditaires peuvent être extérieurs au quartier. Visiteurs exclus du stock. activité/institution locale Budget civil 10,00 % ; coefficient 0,000000 ; part de filière 0,000 %. Zéro proposé : Inquisiteur bauronien : aucun établissement de son Église habilité dans ce profil, notamment les ordres cirrus indépendants. Entraînement, loyauté, armes et habilitations ; aucun métier verrouillé par naissance sauf source explicite.";0;0;0;0;0
Mage impérial chargé du contrôle;Protecteur et contrôleur arcanique;2.002204858321871;3.436317678100214;300.33072874828065;A — activité attestée;SB98;"Torygg’s Magic Tower, seul établissement d’enseignement arcanique impérial, Imperial Wizards ; étude magique, sécurité et administration. Professions des résidents ; lieu de travail et commanditaires peuvent être extérieurs au quartier. Visiteurs exclus du stock. activité/institution locale Budget civil 10,00 % ; coefficient 128,800000 ; part de filière 44,292 %. Entraînement, loyauté, armes et habilitations ; aucun métier verrouillé par naissance sauf source explicite.";0.08060208589014596;0.022419307917922512;0.07571262824378287;1.7680606338901907;0.0554102023798286
Chasseur de morts-vivants;Combattant professionnel;0.25027560729023385;0.42953970976252676;37.54134109353508;A — activité attestée;SB210;"Torygg’s Magic Tower, seul établissement d’enseignement arcanique impérial, Imperial Wizards ; étude magique, sécurité et administration. Professions des résidents ; lieu de travail et commanditaires peuvent être extérieurs au quartier. Visiteurs exclus du stock. activité/institution locale Budget civil 10,00 % ; coefficient 16,100000 ; part de filière 5,536 %. Entraînement, loyauté, armes et habilitations ; aucun métier verrouillé par naissance sauf source explicite.";0.010075260736268245;0.002802413489740314;0.009464078530472859;0.22100757923627384;0.006926275297478575
Détective;Enquêteur et agent de renseignement;0.007772534387895463;0.013339742539208908;1.1658801581843194;A — activité attestée;"PG9; BR42";"Torygg’s Magic Tower, seul établissement d’enseignement arcanique impérial, Imperial Wizards ; étude magique, sécurité et administration. Professions des résidents ; lieu de travail et commanditaires peuvent être extérieurs au quartier. Visiteurs exclus du stock. activité/institution locale Budget civil 10,00 % ; coefficient 0,500000 ; part de filière 0,172 %. Entraînement, loyauté, armes et habilitations ; aucun métier verrouillé par naissance sauf source explicite.";0.00031289629615739907;8.703147483665573e-05;0.0002939154823128218;0.006863589417275587;0.00021510171731299927
Espion;Enquêteur et agent de renseignement;0.007772534387895463;0.013339742539208908;1.1658801581843194;A — activité attestée;"PG9; BR42";"Torygg’s Magic Tower, seul établissement d’enseignement arcanique impérial, Imperial Wizards ; étude magique, sécurité et administration. Professions des résidents ; lieu de travail et commanditaires peuvent être extérieurs au quartier. Visiteurs exclus du stock. activité/institution locale Budget civil 10,00 % ; coefficient 0,500000 ; part de filière 0,172 %. Entraînement, loyauté, armes et habilitations ; aucun métier verrouillé par naissance sauf source explicite.";0.00031289629615739907;8.703147483665573e-05;0.0002939154823128218;0.006863589417275587;0.00021510171731299927
Détective arcanique;Enquêteur et agent de renseignement;0;0;0.0;A — activité attestée;SB140;"Torygg’s Magic Tower, seul établissement d’enseignement arcanique impérial, Imperial Wizards ; étude magique, sécurité et administration. Professions des résidents ; lieu de travail et commanditaires peuvent être extérieurs au quartier. Visiteurs exclus du stock. activité/institution locale Budget civil 10,00 % ; coefficient 0,000000 ; part de filière 0,000 %. Zéro proposé : Filière régionale non retenue dans ce scénario, sans interdiction universelle. Entraînement, loyauté, armes et habilitations ; aucun métier verrouillé par naissance sauf source explicite.";0;0;0;0;0
Fonctionnaire;Administrateur et juriste;0.7063290625000002;1.2122491032506093;105.94935937500003;A — activité attestée;"SB90; SB213";"Torygg’s Magic Tower, seul établissement d’enseignement arcanique impérial, Imperial Wizards ; étude magique, sécurité et administration. Professions des résidents ; lieu de travail et commanditaires peuvent être extérieurs au quartier. Visiteurs exclus du stock. activité/institution locale Budget civil 15,00 % ; coefficient 9,000000 ; part de filière 10,417 %. Instruction, autorisation ou initiation ; clergé, caste et office ne rendent pas noble.";0.21418649185585512;0.05957554149802812;0.035927425037699356;0.39152698963389637;0.005112614474521146
Percepteur;Administrateur et juriste;0.7063290625;1.2122491032506093;105.949359375;A — activité attestée;SB132;"Torygg’s Magic Tower, seul établissement d’enseignement arcanique impérial, Imperial Wizards ; étude magique, sécurité et administration. Professions des résidents ; lieu de travail et commanditaires peuvent être extérieurs au quartier. Visiteurs exclus du stock. activité/institution locale Budget civil 15,00 % ; coefficient 9,000000 ; part de filière 10,417 %. Instruction, autorisation ou initiation ; clergé, caste et office ne rendent pas noble.";0.09627088411495209;0.02677755259889138;0.04844514155468808;0.5279415492591506;0.006893934972317864
Juge;Administrateur et juriste;0.7063290625000002;1.2122491032506093;105.94935937500003;A — activité attestée;"SB90; SB213";"Torygg’s Magic Tower, seul établissement d’enseignement arcanique impérial, Imperial Wizards ; étude magique, sécurité et administration. Professions des résidents ; lieu de travail et commanditaires peuvent être extérieurs au quartier. Visiteurs exclus du stock. activité/institution locale Budget civil 15,00 % ; coefficient 9,000000 ; part de filière 10,417 %. Instruction, autorisation ou initiation ; clergé, caste et office ne rendent pas noble.";0.21418649185585512;0.05957554149802812;0.035927425037699356;0.39152698963389637;0.005112614474521146
Avocat;Administrateur et juriste;0.7063290625;1.2122491032506093;105.949359375;A — activité attestée;"SB90; SB213";"Torygg’s Magic Tower, seul établissement d’enseignement arcanique impérial, Imperial Wizards ; étude magique, sécurité et administration. Professions des résidents ; lieu de travail et commanditaires peuvent être extérieurs au quartier. Visiteurs exclus du stock. activité/institution locale Budget civil 15,00 % ; coefficient 9,000000 ; part de filière 10,417 %. Instruction, autorisation ou initiation ; clergé, caste et office ne rendent pas noble.";0.09627088411495209;0.02677755259889138;0.04844514155468808;0.5279415492591506;0.006893934972317864
Diplomate et émissaire;Administrateur et juriste;0.7063290625000002;1.2122491032506093;105.94935937500003;A — activité attestée;PG46;"Torygg’s Magic Tower, seul établissement d’enseignement arcanique impérial, Imperial Wizards ; étude magique, sécurité et administration. Professions des résidents ; lieu de travail et commanditaires peuvent être extérieurs au quartier. Visiteurs exclus du stock. activité/institution locale Budget civil 15,00 % ; coefficient 9,000000 ; part de filière 10,417 %. Instruction, autorisation ou initiation ; clergé, caste et office ne rendent pas noble.";0.21418649185585512;0.05957554149802812;0.035927425037699356;0.39152698963389637;0.005112614474521146
Recruteur et agent de missions;Administrateur et juriste;0.7063290625;1.2122491032506093;105.949359375;D — activité déduite;SB105;"Torygg’s Magic Tower, seul établissement d’enseignement arcanique impérial, Imperial Wizards ; étude magique, sécurité et administration. Professions des résidents ; lieu de travail et commanditaires peuvent être extérieurs au quartier. Visiteurs exclus du stock. activité/institution locale Budget civil 15,00 % ; coefficient 9,000000 ; part de filière 10,417 %. Instruction, autorisation ou initiation ; clergé, caste et office ne rendent pas noble.";0.09627088411495209;0.02677755259889138;0.04844514155468808;0.5279415492591506;0.006893934972317864
Bourreau;Administrateur et juriste;0.7063290625;1.2122491032506093;105.949359375;A — activité attestée;SB148;"Torygg’s Magic Tower, seul établissement d’enseignement arcanique impérial, Imperial Wizards ; étude magique, sécurité et administration. Professions des résidents ; lieu de travail et commanditaires peuvent être extérieurs au quartier. Visiteurs exclus du stock. activité/institution locale Budget civil 15,00 % ; coefficient 9,000000 ; part de filière 10,417 %. Instruction, autorisation ou initiation ; clergé, caste et office ne rendent pas noble.";0.09627088411495209;0.02677755259889138;0.04844514155468808;0.5279415492591506;0.006893934972317864
Acteur et comédien;Artiste du spectacle;0.035316453125000015;0.060612455162530485;5.297467968750002;A — activité attestée;MJ129;"Torygg’s Magic Tower, seul établissement d’enseignement arcanique impérial, Imperial Wizards ; étude magique, sécurité et administration. Professions des résidents ; lieu de travail et commanditaires peuvent être extérieurs au quartier. Visiteurs exclus du stock. activité/institution locale Budget civil 1,00 % ; coefficient 1,500000 ; part de filière 7,812 %. Apprentissage, audition et réseau ; accès au mérite notamment Mustardseed.";0.0005826080961356891;0.00016205126900242493;0.0019545218299161855;0.03194974510855544;0.0006675268213902771
Danseur;Artiste du spectacle;0.035316453125000015;0.060612455162530485;5.297467968750002;A — activité attestée;MJ129;"Torygg’s Magic Tower, seul établissement d’enseignement arcanique impérial, Imperial Wizards ; étude magique, sécurité et administration. Professions des résidents ; lieu de travail et commanditaires peuvent être extérieurs au quartier. Visiteurs exclus du stock. activité/institution locale Budget civil 1,00 % ; coefficient 1,500000 ; part de filière 7,812 %. Apprentissage, audition et réseau ; accès au mérite notamment Mustardseed.";0.0005826080961356891;0.00016205126900242493;0.0019545218299161855;0.03194974510855544;0.0006675268213902771
Musicien;Artiste du spectacle;0.035316453125000015;0.060612455162530485;5.297467968750002;A — activité attestée;MJ129;"Torygg’s Magic Tower, seul établissement d’enseignement arcanique impérial, Imperial Wizards ; étude magique, sécurité et administration. Professions des résidents ; lieu de travail et commanditaires peuvent être extérieurs au quartier. Visiteurs exclus du stock. activité/institution locale Budget civil 1,00 % ; coefficient 1,500000 ; part de filière 7,812 %. Apprentissage, audition et réseau ; accès au mérite notamment Mustardseed.";0.0005826080961356891;0.00016205126900242493;0.0019545218299161855;0.03194974510855544;0.0006675268213902771
Chanteur;Artiste du spectacle;0.035316453125000015;0.060612455162530485;5.297467968750002;A — activité attestée;MJ129;"Torygg’s Magic Tower, seul établissement d’enseignement arcanique impérial, Imperial Wizards ; étude magique, sécurité et administration. Professions des résidents ; lieu de travail et commanditaires peuvent être extérieurs au quartier. Visiteurs exclus du stock. activité/institution locale Budget civil 1,00 % ; coefficient 1,500000 ; part de filière 7,812 %. Apprentissage, audition et réseau ; accès au mérite notamment Mustardseed.";0.0005826080961356891;0.00016205126900242493;0.0019545218299161855;0.03194974510855544;0.0006675268213902771
Poète;Artiste du spectacle;0.035316453125000015;0.060612455162530485;5.297467968750002;A — activité attestée;MJ129;"Torygg’s Magic Tower, seul établissement d’enseignement arcanique impérial, Imperial Wizards ; étude magique, sécurité et administration. Professions des résidents ; lieu de travail et commanditaires peuvent être extérieurs au quartier. Visiteurs exclus du stock. activité/institution locale Budget civil 1,00 % ; coefficient 1,500000 ; part de filière 7,812 %. Apprentissage, audition et réseau ; accès au mérite notamment Mustardseed.";0.0005826080961356891;0.00016205126900242493;0.0019545218299161855;0.03194974510855544;0.0006675268213902771
Conteur;Artiste du spectacle;0.035316453125000015;0.060612455162530485;5.297467968750002;A — activité attestée;MJ129;"Torygg’s Magic Tower, seul établissement d’enseignement arcanique impérial, Imperial Wizards ; étude magique, sécurité et administration. Professions des résidents ; lieu de travail et commanditaires peuvent être extérieurs au quartier. Visiteurs exclus du stock. activité/institution locale Budget civil 1,00 % ; coefficient 1,500000 ; part de filière 7,812 %. Apprentissage, audition et réseau ; accès au mérite notamment Mustardseed.";0.0005826080961356891;0.00016205126900242493;0.0019545218299161855;0.03194974510855544;0.0006675268213902771
Bouffon;Artiste du spectacle;0.035316453125000015;0.060612455162530485;5.297467968750002;A — activité attestée;MJ129;"Torygg’s Magic Tower, seul établissement d’enseignement arcanique impérial, Imperial Wizards ; étude magique, sécurité et administration. Professions des résidents ; lieu de travail et commanditaires peuvent être extérieurs au quartier. Visiteurs exclus du stock. activité/institution locale Budget civil 1,00 % ; coefficient 1,500000 ; part de filière 7,812 %. Apprentissage, audition et réseau ; accès au mérite notamment Mustardseed.";0.0005826080961356891;0.00016205126900242493;0.0019545218299161855;0.03194974510855544;0.0006675268213902771
Jongleur;Artiste du spectacle;0.035316453125000015;0.060612455162530485;5.297467968750002;A — activité attestée;MJ129;"Torygg’s Magic Tower, seul établissement d’enseignement arcanique impérial, Imperial Wizards ; étude magique, sécurité et administration. Professions des résidents ; lieu de travail et commanditaires peuvent être extérieurs au quartier. Visiteurs exclus du stock. activité/institution locale Budget civil 1,00 % ; coefficient 1,500000 ; part de filière 7,812 %. Apprentissage, audition et réseau ; accès au mérite notamment Mustardseed.";0.0005826080961356891;0.00016205126900242493;0.0019545218299161855;0.03194974510855544;0.0006675268213902771
Acrobate;Artiste du spectacle;0.035316453125000015;0.060612455162530485;5.297467968750002;A — activité attestée;MJ129;"Torygg’s Magic Tower, seul établissement d’enseignement arcanique impérial, Imperial Wizards ; étude magique, sécurité et administration. Professions des résidents ; lieu de travail et commanditaires peuvent être extérieurs au quartier. Visiteurs exclus du stock. activité/institution locale Budget civil 1,00 % ; coefficient 1,500000 ; part de filière 7,812 %. Apprentissage, audition et réseau ; accès au mérite notamment Mustardseed.";0.0005826080961356891;0.00016205126900242493;0.0019545218299161855;0.03194974510855544;0.0006675268213902771
Cracheur de feu;Artiste du spectacle;0.035316453125000015;0.060612455162530485;5.297467968750002;A — activité attestée;MJ129;"Torygg’s Magic Tower, seul établissement d’enseignement arcanique impérial, Imperial Wizards ; étude magique, sécurité et administration. Professions des résidents ; lieu de travail et commanditaires peuvent être extérieurs au quartier. Visiteurs exclus du stock. activité/institution locale Budget civil 1,00 % ; coefficient 1,500000 ; part de filière 7,812 %. Apprentissage, audition et réseau ; accès au mérite notamment Mustardseed.";0.0005826080961356891;0.00016205126900242493;0.0019545218299161855;0.03194974510855544;0.0006675268213902771
Compositeur;Artiste du spectacle;0.035316453125000015;0.060612455162530485;5.297467968750002;A — activité attestée;PG28;"Torygg’s Magic Tower, seul établissement d’enseignement arcanique impérial, Imperial Wizards ; étude magique, sécurité et administration. Professions des résidents ; lieu de travail et commanditaires peuvent être extérieurs au quartier. Visiteurs exclus du stock. activité/institution locale Budget civil 1,00 % ; coefficient 1,500000 ; part de filière 7,812 %. Apprentissage, audition et réseau ; accès au mérite notamment Mustardseed.";0.0005826080961356891;0.00016205126900242493;0.0019545218299161855;0.03194974510855544;0.0006675268213902771
Crieur public;Artiste du spectacle;0.035316453125000015;0.060612455162530485;5.297467968750002;P — activité proposée;MJ129;"Torygg’s Magic Tower, seul établissement d’enseignement arcanique impérial, Imperial Wizards ; étude magique, sécurité et administration. Professions des résidents ; lieu de travail et commanditaires peuvent être extérieurs au quartier. Visiteurs exclus du stock. activité/institution locale Budget civil 1,00 % ; coefficient 1,500000 ; part de filière 7,812 %. Apprentissage, audition et réseau ; accès au mérite notamment Mustardseed.";0.0005826080961356891;0.00016205126900242493;0.0019545218299161855;0.03194974510855544;0.0006675268213902771
Joueur professionnel;Professionnel du jeu;0.009417720833333336;0.016163321376674793;1.4126581250000003;P — activité proposée;SB99;"Torygg’s Magic Tower, seul établissement d’enseignement arcanique impérial, Imperial Wizards ; étude magique, sécurité et administration. Professions des résidents ; lieu de travail et commanditaires peuvent être extérieurs au quartier. Visiteurs exclus du stock. activité/institution locale Budget civil 1,00 % ; coefficient 0,400000 ; part de filière 2,083 %. Apprentissage, audition et réseau ; accès au mérite notamment Mustardseed.";0.00015536215896951708;4.321367173398001e-05;0.0005212058213109826;0.008519932028948116;0.0001780071523707405
Croupier;Professionnel du jeu;0.009417720833333336;0.016163321376674793;1.4126581250000003;D — activité déduite;SB99;"Torygg’s Magic Tower, seul établissement d’enseignement arcanique impérial, Imperial Wizards ; étude magique, sécurité et administration. Professions des résidents ; lieu de travail et commanditaires peuvent être extérieurs au quartier. Visiteurs exclus du stock. activité/institution locale Budget civil 1,00 % ; coefficient 0,400000 ; part de filière 2,083 %. Apprentissage, audition et réseau ; accès au mérite notamment Mustardseed.";0.00015536215896951708;4.321367173398001e-05;0.0005212058213109826;0.008519932028948116;0.0001780071523707405
Preneur de paris;Professionnel du jeu;0.009417720833333336;0.016163321376674793;1.4126581250000003;D — activité déduite;SB99;"Torygg’s Magic Tower, seul établissement d’enseignement arcanique impérial, Imperial Wizards ; étude magique, sécurité et administration. Professions des résidents ; lieu de travail et commanditaires peuvent être extérieurs au quartier. Visiteurs exclus du stock. activité/institution locale Budget civil 1,00 % ; coefficient 0,400000 ; part de filière 2,083 %. Apprentissage, audition et réseau ; accès au mérite notamment Mustardseed.";0.00015536215896951708;4.321367173398001e-05;0.0005212058213109826;0.008519932028948116;0.0001780071523707405
Maître-chanteur;Opérateur d’activités illicites;0.05022784444444445;0.08620438067559888;7.534176666666667;A — activité attestée;BR42;"Torygg’s Magic Tower, seul établissement d’enseignement arcanique impérial, Imperial Wizards ; étude magique, sécurité et administration. Professions des résidents ; lieu de travail et commanditaires peuvent être extérieurs au quartier. Visiteurs exclus du stock. activité/institution locale Budget civil 1,00 % ; coefficient 1,000000 ; part de filière 11,111 %. Réseaux, exclusion, dettes et compétences ; statut légal distinct de noblesse.";0.00014543420826125926;4.045223223195837e-05;0.001951598934162463;0.042535954350391716;0.005554404719397047
Cambrioleur;Opérateur d’activités illicites;0.05022784444444445;0.08620438067559888;7.534176666666667;A — activité attestée;BR42;"Torygg’s Magic Tower, seul établissement d’enseignement arcanique impérial, Imperial Wizards ; étude magique, sécurité et administration. Professions des résidents ; lieu de travail et commanditaires peuvent être extérieurs au quartier. Visiteurs exclus du stock. activité/institution locale Budget civil 1,00 % ; coefficient 1,000000 ; part de filière 11,111 %. Réseaux, exclusion, dettes et compétences ; statut légal distinct de noblesse.";0.00014543420826125926;4.045223223195837e-05;0.001951598934162463;0.042535954350391716;0.005554404719397047
Homme de main;Opérateur d’activités illicites;0.05022784444444445;0.08620438067559888;7.534176666666667;A — activité attestée;BR42;"Torygg’s Magic Tower, seul établissement d’enseignement arcanique impérial, Imperial Wizards ; étude magique, sécurité et administration. Professions des résidents ; lieu de travail et commanditaires peuvent être extérieurs au quartier. Visiteurs exclus du stock. activité/institution locale Budget civil 1,00 % ; coefficient 1,000000 ; part de filière 11,111 %. Réseaux, exclusion, dettes et compétences ; statut légal distinct de noblesse.";0.00014543420826125926;4.045223223195837e-05;0.001951598934162463;0.042535954350391716;0.005554404719397047
Receleur;Opérateur d’activités illicites;0.05022784444444445;0.08620438067559888;7.534176666666667;A — activité attestée;BR42;"Torygg’s Magic Tower, seul établissement d’enseignement arcanique impérial, Imperial Wizards ; étude magique, sécurité et administration. Professions des résidents ; lieu de travail et commanditaires peuvent être extérieurs au quartier. Visiteurs exclus du stock. activité/institution locale Budget civil 1,00 % ; coefficient 1,000000 ; part de filière 11,111 %. Réseaux, exclusion, dettes et compétences ; statut légal distinct de noblesse.";0.00014543420826125926;4.045223223195837e-05;0.001951598934162463;0.042535954350391716;0.005554404719397047
Voleur de grand chemin;Opérateur d’activités illicites;0.05022784444444445;0.08620438067559888;7.534176666666667;A — activité attestée;BR42;"Torygg’s Magic Tower, seul établissement d’enseignement arcanique impérial, Imperial Wizards ; étude magique, sécurité et administration. Professions des résidents ; lieu de travail et commanditaires peuvent être extérieurs au quartier. Visiteurs exclus du stock. activité/institution locale Budget civil 1,00 % ; coefficient 1,000000 ; part de filière 11,111 %. Réseaux, exclusion, dettes et compétences ; statut légal distinct de noblesse.";0.00014543420826125926;4.045223223195837e-05;0.001951598934162463;0.042535954350391716;0.005554404719397047
Tueur à gages;Opérateur d’activités illicites;0.05022784444444445;0.08620438067559888;7.534176666666667;A — activité attestée;BR42;"Torygg’s Magic Tower, seul établissement d’enseignement arcanique impérial, Imperial Wizards ; étude magique, sécurité et administration. Professions des résidents ; lieu de travail et commanditaires peuvent être extérieurs au quartier. Visiteurs exclus du stock. activité/institution locale Budget civil 1,00 % ; coefficient 1,000000 ; part de filière 11,111 %. Réseaux, exclusion, dettes et compétences ; statut légal distinct de noblesse.";0.00014543420826125926;4.045223223195837e-05;0.001951598934162463;0.042535954350391716;0.005554404719397047
Pickpocket;Opérateur d’activités illicites;0.05022784444444445;0.08620438067559888;7.534176666666667;A — activité attestée;BR42;"Torygg’s Magic Tower, seul établissement d’enseignement arcanique impérial, Imperial Wizards ; étude magique, sécurité et administration. Professions des résidents ; lieu de travail et commanditaires peuvent être extérieurs au quartier. Visiteurs exclus du stock. activité/institution locale Budget civil 1,00 % ; coefficient 1,000000 ; part de filière 11,111 %. Réseaux, exclusion, dettes et compétences ; statut légal distinct de noblesse.";0.00014543420826125926;4.045223223195837e-05;0.001951598934162463;0.042535954350391716;0.005554404719397047
Contrebandier;Opérateur d’activités illicites;0.05022784444444445;0.08620438067559888;7.534176666666667;A — activité attestée;BR42;"Torygg’s Magic Tower, seul établissement d’enseignement arcanique impérial, Imperial Wizards ; étude magique, sécurité et administration. Professions des résidents ; lieu de travail et commanditaires peuvent être extérieurs au quartier. Visiteurs exclus du stock. activité/institution locale Budget civil 1,00 % ; coefficient 1,000000 ; part de filière 11,111 %. Réseaux, exclusion, dettes et compétences ; statut légal distinct de noblesse.";0.00014543420826125926;4.045223223195837e-05;0.001951598934162463;0.042535954350391716;0.005554404719397047
Pirate;Opérateur d’activités illicites;0.05022784444444445;0.08620438067559888;7.534176666666667;A — activité attestée;MJ136;"Torygg’s Magic Tower, seul établissement d’enseignement arcanique impérial, Imperial Wizards ; étude magique, sécurité et administration. Professions des résidents ; lieu de travail et commanditaires peuvent être extérieurs au quartier. Visiteurs exclus du stock. activité/institution locale Budget civil 1,00 % ; coefficient 1,000000 ; part de filière 11,111 %. Réseaux, exclusion, dettes et compétences ; statut légal distinct de noblesse.";0.00014543420826125926;4.045223223195837e-05;0.001951598934162463;0.042535954350391716;0.005554404719397047
Cultivateur de tubercules;Agriculteur;0;0;0.0;A — activité attestée;"SB120; SB168";"Torygg’s Magic Tower, seul établissement d’enseignement arcanique impérial, Imperial Wizards ; étude magique, sécurité et administration. Professions des résidents ; lieu de travail et commanditaires peuvent être extérieurs au quartier. Visiteurs exclus du stock. activité/institution locale Budget civil 1,00 % ; coefficient 0,000000 ; part de filière 0,000 %. Zéro proposé : Climat, matière ou culture hors filière régionale retenue ; aucun établissement exceptionnel proposé. Transmission familiale, terre/eau, droits d’usage et outils ; les tâches saisonnières restent secondaires.";0;0;0;0;0
Cartographe;Cartographe;0.041465286101161875;0.07116549291381229;6.219792915174281;A — activité attestée;MJ128;"Torygg’s Magic Tower, seul établissement d’enseignement arcanique impérial, Imperial Wizards ; étude magique, sécurité et administration. Professions des résidents ; lieu de travail et commanditaires peuvent être extérieurs au quartier. Visiteurs exclus du stock. activité/institution locale Budget civil 14,00 % ; coefficient 0,750000 ; part de filière 0,655 %. Long apprentissage, frais, bourses, talent, licence ou secret ; titre ne donne pas maîtrise.";0.0022745497583107036;0.0006326614360291406;0.005087075612046264;0.0332625129410392;0.0002084863537365674
Sans métier actif;Statut;3.06094;5.253389626883602;459.14099999999996;P;;Personnes productives occupées + personnes sans emploi disponibles recherchant une activité. Inclut aide familiale, subsistance, apprentissage productif et travail partiel.;0.04224;0.013759999999999996;0.05824;2.4827;0.46399999999999997
Hors activité;Statut;41.734;0;6260.1;P;;"Tous habitants recensés dans les catégories sources; enfants, étudiants et retraités ne sont exclus de l’activité que sans contribution productive. Pas de seuil humain de 18 ans imposé.";4.287999999999999;0.9119999999999999;2.6879999999999997;31.746000000000002;2.1
