Métier;Base;% habitants;% actifs;Effectif attendu;Appui activité;Références;Justification proposée;Nobles de milieu privilégié / % de tous habitants;Autres nobles, dont maisons modestes / % de tous habitants;Peuple de milieu privilégié / % de tous habitants;Peuple ordinaire / % de tous habitants;Peuple précaire / % de tous habitants
Agriculteur généraliste;Agriculteur;0.3635547072022438;0.6015771147213533;243.58165382550334;A — activité attestée;"SB90; SB198";"Marché, vie nocturne, arène Illu Die avec ingénierie taii’maku ; marchands, restauration, loisirs, gardes, contrebande. Professions des résidents ; lieu de travail et commanditaires peuvent être extérieurs au quartier. Visiteurs exclus du stock. activité/institution locale Budget civil 5,00 % ; coefficient 5,000000 ; part de filière 13,423 %. Transmission familiale, terre/eau, droits d’usage et outils ; les tâches saisonnières restent secondaires.";1.9398891624016244e-05;1.5894234608071215e-05;0.00143307054842165;0.3445200291589509;0.01756631436863916
Céréalier;Agriculteur;1.0179531801662827;1.6844159212197896;682.0286307114094;D — activité déduite;"SB90; SB198";"Marché, vie nocturne, arène Illu Die avec ingénierie taii’maku ; marchands, restauration, loisirs, gardes, contrebande. Professions des résidents ; lieu de travail et commanditaires peuvent être extérieurs au quartier. Visiteurs exclus du stock. activité/institution locale Budget civil 5,00 % ; coefficient 14,000000 ; part de filière 37,584 %. Transmission familiale, terre/eau, droits d’usage et outils ; les tâches saisonnières restent secondaires.";5.4316896547245453e-05;4.450385690259939e-05;0.004012597535580621;0.9646560816450624;0.049185680232189645
Riziculteur;Agriculteur;0;0;0.0;A — activité attestée;SB198;"Marché, vie nocturne, arène Illu Die avec ingénierie taii’maku ; marchands, restauration, loisirs, gardes, contrebande. Professions des résidents ; lieu de travail et commanditaires peuvent être extérieurs au quartier. Visiteurs exclus du stock. activité/institution locale Budget civil 5,00 % ; coefficient 0,000000 ; part de filière 0,000 %. Zéro proposé : Climat, matière ou culture hors filière régionale retenue ; aucun établissement exceptionnel proposé. Transmission familiale, terre/eau, droits d’usage et outils ; les tâches saisonnières restent secondaires.";0;0;0;0;0
Vigneron;Agriculteur;0.05793545601404741;0.09586629956522102;38.816755529411765;A — activité attestée;MJ128;"Marché, vie nocturne, arène Illu Die avec ingénierie taii’maku ; marchands, restauration, loisirs, gardes, contrebande. Professions des résidents ; lieu de travail et commanditaires peuvent être extérieurs au quartier. Visiteurs exclus du stock. activité/institution locale Budget civil 1,00 % ; coefficient 1,000000 ; part de filière 10,695 %. Savoir-faire de terrain et sécurité ; procédé spécialisé distinct du rang social.";1.8476494814913085e-06;3.784620134681697e-07;0.00045497651911440153;0.054689744271337735;0.002788509112100316
Cultivateur d’épices;Agriculteur;0;0;0.0;A — activité attestée;SB182;"Marché, vie nocturne, arène Illu Die avec ingénierie taii’maku ; marchands, restauration, loisirs, gardes, contrebande. Professions des résidents ; lieu de travail et commanditaires peuvent être extérieurs au quartier. Visiteurs exclus du stock. activité/institution locale Budget civil 1,00 % ; coefficient 0,000000 ; part de filière 0,000 %. Zéro proposé : Climat, matière ou culture hors filière régionale retenue ; aucun établissement exceptionnel proposé. Savoir-faire de terrain et sécurité ; procédé spécialisé distinct du rang social.";0;0;0;0;0
Cultivateur d’herbes pour thé;Agriculteur;0;0;0.0;D — activité déduite;SB198;"Marché, vie nocturne, arène Illu Die avec ingénierie taii’maku ; marchands, restauration, loisirs, gardes, contrebande. Professions des résidents ; lieu de travail et commanditaires peuvent être extérieurs au quartier. Visiteurs exclus du stock. activité/institution locale Budget civil 1,00 % ; coefficient 0,000000 ; part de filière 0,000 %. Zéro proposé : Climat, matière ou culture hors filière régionale retenue ; aucun établissement exceptionnel proposé. Savoir-faire de terrain et sécurité ; procédé spécialisé distinct du rang social.";0;0;0;0;0
Maraîcher;Agriculteur;0.43626564864269257;0.721892537665624;292.297984590604;D — activité déduite;"SB90; SB198";"Marché, vie nocturne, arène Illu Die avec ingénierie taii’maku ; marchands, restauration, loisirs, gardes, contrebande. Professions des résidents ; lieu de travail et commanditaires peuvent être extérieurs au quartier. Visiteurs exclus du stock. activité/institution locale Budget civil 5,00 % ; coefficient 6,000000 ; part de filière 16,107 %. Transmission familiale, terre/eau, droits d’usage et outils ; les tâches saisonnières restent secondaires.";2.327866994881948e-05;1.9073081529685447e-05;0.0017196846581059798;0.4134240349907411;0.021079577242366983
Jardinier;Horticulteur;0.05793545601404741;0.09586629956522102;38.816755529411765;A — activité attestée;"SB29; SB161";"Marché, vie nocturne, arène Illu Die avec ingénierie taii’maku ; marchands, restauration, loisirs, gardes, contrebande. Professions des résidents ; lieu de travail et commanditaires peuvent être extérieurs au quartier. Visiteurs exclus du stock. activité/institution locale Budget civil 1,00 % ; coefficient 1,000000 ; part de filière 10,695 %. Savoir-faire de terrain et sécurité ; procédé spécialisé distinct du rang social.";1.8476494814913085e-06;3.784620134681697e-07;0.00045497651911440153;0.054689744271337735;0.002788509112100316
Fleuriste;Horticulteur;0.05793545601404741;0.09586629956522102;38.816755529411765;A — activité attestée;"SB29; SB161";"Marché, vie nocturne, arène Illu Die avec ingénierie taii’maku ; marchands, restauration, loisirs, gardes, contrebande. Professions des résidents ; lieu de travail et commanditaires peuvent être extérieurs au quartier. Visiteurs exclus du stock. activité/institution locale Budget civil 1,00 % ; coefficient 1,000000 ; part de filière 10,695 %. Savoir-faire de terrain et sécurité ; procédé spécialisé distinct du rang social.";1.8476494814913085e-06;3.784620134681697e-07;0.00045497651911440153;0.054689744271337735;0.002788509112100316
Arboriculteur de verger;Horticulteur;0.07271094144044876;0.12031542294427067;48.71633076510067;D — activité déduite;"SB29; SB161";"Marché, vie nocturne, arène Illu Die avec ingénierie taii’maku ; marchands, restauration, loisirs, gardes, contrebande. Professions des résidents ; lieu de travail et commanditaires peuvent être extérieurs au quartier. Visiteurs exclus du stock. activité/institution locale Budget civil 5,00 % ; coefficient 1,000000 ; part de filière 2,685 %. Transmission familiale, terre/eau, droits d’usage et outils ; les tâches saisonnières restent secondaires.";3.8797783248032475e-06;3.1788469216142406e-06;0.00028661410968432995;0.06890400583179018;0.003513262873727829
Jardinier de roses magiques;Horticulteur;0;0;0.0;A — activité attestée;SB157;"Marché, vie nocturne, arène Illu Die avec ingénierie taii’maku ; marchands, restauration, loisirs, gardes, contrebande. Professions des résidents ; lieu de travail et commanditaires peuvent être extérieurs au quartier. Visiteurs exclus du stock. activité/institution locale Budget civil 1,00 % ; coefficient 0,000000 ; part de filière 0,000 %. Zéro proposé : Filière régionale non retenue dans ce scénario, sans interdiction universelle. Savoir-faire de terrain et sécurité ; procédé spécialisé distinct du rang social.";0;0;0;0;0
Arboriculteur de breithwood;Horticulteur;0;0;0.0;D — activité déduite;SB152;"Marché, vie nocturne, arène Illu Die avec ingénierie taii’maku ; marchands, restauration, loisirs, gardes, contrebande. Professions des résidents ; lieu de travail et commanditaires peuvent être extérieurs au quartier. Visiteurs exclus du stock. activité/institution locale Budget civil 1,00 % ; coefficient 0,000000 ; part de filière 0,000 %. Zéro proposé : Filière régionale non retenue dans ce scénario, sans interdiction universelle. Savoir-faire de terrain et sécurité ; procédé spécialisé distinct du rang social.";0;0;0;0;0
Éleveur généraliste;Éleveur;0.1817773536011219;0.30078855736067667;121.79082691275167;A — activité attestée;"SB120; SB182";"Marché, vie nocturne, arène Illu Die avec ingénierie taii’maku ; marchands, restauration, loisirs, gardes, contrebande. Professions des résidents ; lieu de travail et commanditaires peuvent être extérieurs au quartier. Visiteurs exclus du stock. activité/institution locale Budget civil 5,00 % ; coefficient 2,500000 ; part de filière 6,711 %. Transmission familiale, terre/eau, droits d’usage et outils ; les tâches saisonnières restent secondaires.";9.699445812008122e-06;7.947117304035607e-06;0.000716535274210825;0.17226001457947546;0.00878315718431958
Berger;Éleveur;0.07271094144044876;0.12031542294427067;48.71633076510067;A — activité attestée;MJ135;"Marché, vie nocturne, arène Illu Die avec ingénierie taii’maku ; marchands, restauration, loisirs, gardes, contrebande. Professions des résidents ; lieu de travail et commanditaires peuvent être extérieurs au quartier. Visiteurs exclus du stock. activité/institution locale Budget civil 5,00 % ; coefficient 1,000000 ; part de filière 2,685 %. Transmission familiale, terre/eau, droits d’usage et outils ; les tâches saisonnières restent secondaires.";3.8797783248032475e-06;3.1788469216142406e-06;0.00028661410968432995;0.06890400583179018;0.003513262873727829
Éleveur de yaks;Éleveur;0;0;0.0;A — activité attestée;SB120;"Marché, vie nocturne, arène Illu Die avec ingénierie taii’maku ; marchands, restauration, loisirs, gardes, contrebande. Professions des résidents ; lieu de travail et commanditaires peuvent être extérieurs au quartier. Visiteurs exclus du stock. activité/institution locale Budget civil 5,00 % ; coefficient 0,000000 ; part de filière 0,000 %. Zéro proposé : Climat, matière ou culture hors filière régionale retenue ; aucun établissement exceptionnel proposé. Transmission familiale, terre/eau, droits d’usage et outils ; les tâches saisonnières restent secondaires.";0;0;0;0;0
Éleveur de chevaux;Éleveur;0.05793545601404741;0.09586629956522102;38.816755529411765;A — activité attestée;SB182;"Marché, vie nocturne, arène Illu Die avec ingénierie taii’maku ; marchands, restauration, loisirs, gardes, contrebande. Professions des résidents ; lieu de travail et commanditaires peuvent être extérieurs au quartier. Visiteurs exclus du stock. activité/institution locale Budget civil 1,00 % ; coefficient 1,000000 ; part de filière 10,695 %. Savoir-faire de terrain et sécurité ; procédé spécialisé distinct du rang social.";1.8476494814913085e-06;3.784620134681697e-07;0.00045497651911440153;0.054689744271337735;0.002788509112100316
Éleveur de chameaux;Éleveur;0;0;0.0;A — activité attestée;SB182;"Marché, vie nocturne, arène Illu Die avec ingénierie taii’maku ; marchands, restauration, loisirs, gardes, contrebande. Professions des résidents ; lieu de travail et commanditaires peuvent être extérieurs au quartier. Visiteurs exclus du stock. activité/institution locale Budget civil 1,00 % ; coefficient 0,000000 ; part de filière 0,000 %. Zéro proposé : Climat, matière ou culture hors filière régionale retenue ; aucun établissement exceptionnel proposé. Savoir-faire de terrain et sécurité ; procédé spécialisé distinct du rang social.";0;0;0;0;0
Éleveur de vers à soie;Éleveur;0;0;0.0;A — activité attestée;SB198;"Marché, vie nocturne, arène Illu Die avec ingénierie taii’maku ; marchands, restauration, loisirs, gardes, contrebande. Professions des résidents ; lieu de travail et commanditaires peuvent être extérieurs au quartier. Visiteurs exclus du stock. activité/institution locale Budget civil 1,00 % ; coefficient 0,000000 ; part de filière 0,000 %. Zéro proposé : Climat, matière ou culture hors filière régionale retenue ; aucun établissement exceptionnel proposé. Savoir-faire de terrain et sécurité ; procédé spécialisé distinct du rang social.";0;0;0;0;0
Éleveur de loups géants;Éleveur;0;0;0.0;A — activité attestée;SB191;"Marché, vie nocturne, arène Illu Die avec ingénierie taii’maku ; marchands, restauration, loisirs, gardes, contrebande. Professions des résidents ; lieu de travail et commanditaires peuvent être extérieurs au quartier. Visiteurs exclus du stock. activité/institution locale Budget civil 1,00 % ; coefficient 0,000000 ; part de filière 0,000 %. Zéro proposé : Filière régionale non retenue dans ce scénario, sans interdiction universelle. Savoir-faire de terrain et sécurité ; procédé spécialisé distinct du rang social.";0;0;0;0;0
Éleveur de montures volantes;Éleveur;0;0;0.0;A — activité attestée;"SB124; SB107";"Marché, vie nocturne, arène Illu Die avec ingénierie taii’maku ; marchands, restauration, loisirs, gardes, contrebande. Professions des résidents ; lieu de travail et commanditaires peuvent être extérieurs au quartier. Visiteurs exclus du stock. activité/institution locale Budget civil 1,00 % ; coefficient 0,000000 ; part de filière 0,000 %. Zéro proposé : Climat, matière ou culture hors filière régionale retenue ; aucun établissement exceptionnel proposé. Savoir-faire de terrain et sécurité ; procédé spécialisé distinct du rang social.";0;0;0;0;0
Apiculteur;Éleveur;0.07271094144044876;0.12031542294427067;48.71633076510067;P — activité proposée;SB152;"Marché, vie nocturne, arène Illu Die avec ingénierie taii’maku ; marchands, restauration, loisirs, gardes, contrebande. Professions des résidents ; lieu de travail et commanditaires peuvent être extérieurs au quartier. Visiteurs exclus du stock. activité/institution locale Budget civil 5,00 % ; coefficient 1,000000 ; part de filière 2,685 %. Transmission familiale, terre/eau, droits d’usage et outils ; les tâches saisonnières restent secondaires.";3.8797783248032475e-06;3.1788469216142406e-06;0.00028661410968432995;0.06890400583179018;0.003513262873727829
Chasseur de gibier;Chasseur;0.09088867680056095;0.15039427868033833;60.895413456375834;A — activité attestée;"MJ139; PG20";"Marché, vie nocturne, arène Illu Die avec ingénierie taii’maku ; marchands, restauration, loisirs, gardes, contrebande. Professions des résidents ; lieu de travail et commanditaires peuvent être extérieurs au quartier. Visiteurs exclus du stock. activité/institution locale Budget civil 5,00 % ; coefficient 1,250000 ; part de filière 3,356 %. Transmission familiale, terre/eau, droits d’usage et outils ; les tâches saisonnières restent secondaires.";4.849722906004061e-06;3.973558652017804e-06;0.0003582676371054125;0.08613000728973773;0.00439157859215979
Trappeur;Chasseur;0.03635547072022438;0.06015771147213533;24.358165382550336;A — activité attestée;MJ140;"Marché, vie nocturne, arène Illu Die avec ingénierie taii’maku ; marchands, restauration, loisirs, gardes, contrebande. Professions des résidents ; lieu de travail et commanditaires peuvent être extérieurs au quartier. Visiteurs exclus du stock. activité/institution locale Budget civil 5,00 % ; coefficient 0,500000 ; part de filière 1,342 %. Transmission familiale, terre/eau, droits d’usage et outils ; les tâches saisonnières restent secondaires.";1.9398891624016238e-06;1.5894234608071203e-06;0.00014330705484216498;0.03445200291589509;0.0017566314368639144
Chasseur de monstres;Chasseur;0.00942048126554456;0.015588151732719149;6.311722447914855;A — activité attestée;PG58;"Marché, vie nocturne, arène Illu Die avec ingénierie taii’maku ; marchands, restauration, loisirs, gardes, contrebande. Professions des résidents ; lieu de travail et commanditaires peuvent être extérieurs au quartier. Visiteurs exclus du stock. activité/institution locale Budget civil 1,00 % ; coefficient 0,500000 ; part de filière 1,739 %. Long apprentissage, frais, bourses, talent, licence ou secret ; titre ne donne pas maîtrise.";2.8617216501208136e-05;5.861787901545061e-06;0.0008808598222289583;0.008470590703954048;3.455173495880064e-05
Chasseur de monstres marins;Chasseur;0;0;0.0;A — activité attestée;SB148;"Marché, vie nocturne, arène Illu Die avec ingénierie taii’maku ; marchands, restauration, loisirs, gardes, contrebande. Professions des résidents ; lieu de travail et commanditaires peuvent être extérieurs au quartier. Visiteurs exclus du stock. activité/institution locale Budget civil 1,00 % ; coefficient 0,000000 ; part de filière 0,000 %. Zéro proposé : Filière régionale non retenue dans ce scénario, sans interdiction universelle. Long apprentissage, frais, bourses, talent, licence ou secret ; titre ne donne pas maîtrise.";0;0;0;0;0
Chasseur de dragons;Chasseur;0;0;0.0;A — activité attestée;SB220;"Marché, vie nocturne, arène Illu Die avec ingénierie taii’maku ; marchands, restauration, loisirs, gardes, contrebande. Professions des résidents ; lieu de travail et commanditaires peuvent être extérieurs au quartier. Visiteurs exclus du stock. activité/institution locale Budget civil 1,00 % ; coefficient 0,000000 ; part de filière 0,000 %. Zéro proposé : Technique de site, institution, secret ou habilitation concentrée dans les implantations autorisées du scénario. Long apprentissage, frais, bourses, talent, licence ou secret ; titre ne donne pas maîtrise.";0;0;0;0;0
Cueilleur;Collecteur de ressources;0.05816875315235901;0.09625233835541655;38.97306461208054;A — activité attestée;"MJ139; SB153";"Marché, vie nocturne, arène Illu Die avec ingénierie taii’maku ; marchands, restauration, loisirs, gardes, contrebande. Professions des résidents ; lieu de travail et commanditaires peuvent être extérieurs au quartier. Visiteurs exclus du stock. activité/institution locale Budget civil 5,00 % ; coefficient 0,800000 ; part de filière 2,148 %. Transmission familiale, terre/eau, droits d’usage et outils ; les tâches saisonnières restent secondaires.";3.103822659842597e-06;2.543077537291394e-06;0.000229291287747464;0.05512320466543215;0.0028106102989822646
Herboriste de collecte;Collecteur de ressources;0.046348364811237934;0.07669303965217683;31.053404423529415;D — activité déduite;BR55;"Marché, vie nocturne, arène Illu Die avec ingénierie taii’maku ; marchands, restauration, loisirs, gardes, contrebande. Professions des résidents ; lieu de travail et commanditaires peuvent être extérieurs au quartier. Visiteurs exclus du stock. activité/institution locale Budget civil 1,00 % ; coefficient 0,800000 ; part de filière 8,556 %. Savoir-faire de terrain et sécurité ; procédé spécialisé distinct du rang social.";1.478119585193047e-06;3.0276961077453573e-07;0.0003639812152915212;0.043751795417070194;0.002230807289680253
Collecteur de composants de créatures;Collecteur de ressources;0.046348364811237934;0.07669303965217683;31.053404423529415;A — activité attestée;"SB104; SB139";"Marché, vie nocturne, arène Illu Die avec ingénierie taii’maku ; marchands, restauration, loisirs, gardes, contrebande. Professions des résidents ; lieu de travail et commanditaires peuvent être extérieurs au quartier. Visiteurs exclus du stock. activité/institution locale Budget civil 1,00 % ; coefficient 0,800000 ; part de filière 8,556 %. Savoir-faire de terrain et sécurité ; procédé spécialisé distinct du rang social.";1.478119585193047e-06;3.0276961077453573e-07;0.0003639812152915212;0.043751795417070194;0.002230807289680253
Collecteur de perles;Collecteur de ressources;0;0;0.0;D — activité déduite;SB149;"Marché, vie nocturne, arène Illu Die avec ingénierie taii’maku ; marchands, restauration, loisirs, gardes, contrebande. Professions des résidents ; lieu de travail et commanditaires peuvent être extérieurs au quartier. Visiteurs exclus du stock. activité/institution locale Budget civil 1,00 % ; coefficient 0,000000 ; part de filière 0,000 %. Zéro proposé : Filière régionale non retenue dans ce scénario, sans interdiction universelle. Savoir-faire de terrain et sécurité ; procédé spécialisé distinct du rang social.";0;0;0;0;0
Récupérateur de reliques penumbrales;Collecteur de ressources;0;0;0.0;A — activité attestée;PG8;"Marché, vie nocturne, arène Illu Die avec ingénierie taii’maku ; marchands, restauration, loisirs, gardes, contrebande. Professions des résidents ; lieu de travail et commanditaires peuvent être extérieurs au quartier. Visiteurs exclus du stock. activité/institution locale Budget civil 1,00 % ; coefficient 0,000000 ; part de filière 0,000 %. Zéro proposé : Filière régionale non retenue dans ce scénario, sans interdiction universelle. Savoir-faire de terrain et sécurité ; procédé spécialisé distinct du rang social.";0;0;0;0;0
Bûcheron;Travailleur forestier;0.028967728007023706;0.04793314978261051;19.408377764705882;A — activité attestée;"MJ135; SB107";"Marché, vie nocturne, arène Illu Die avec ingénierie taii’maku ; marchands, restauration, loisirs, gardes, contrebande. Professions des résidents ; lieu de travail et commanditaires peuvent être extérieurs au quartier. Visiteurs exclus du stock. activité/institution locale Budget civil 1,00 % ; coefficient 0,500000 ; part de filière 5,348 %. Savoir-faire de terrain et sécurité ; procédé spécialisé distinct du rang social.";9.238247407456542e-07;1.8923100673408484e-07;0.00022748825955720077;0.027344872135668868;0.001394254556050158
Forestier;Travailleur forestier;0.028967728007023706;0.04793314978261051;19.408377764705882;A — activité attestée;MJ140;"Marché, vie nocturne, arène Illu Die avec ingénierie taii’maku ; marchands, restauration, loisirs, gardes, contrebande. Professions des résidents ; lieu de travail et commanditaires peuvent être extérieurs au quartier. Visiteurs exclus du stock. activité/institution locale Budget civil 1,00 % ; coefficient 0,500000 ; part de filière 5,348 %. Savoir-faire de terrain et sécurité ; procédé spécialisé distinct du rang social.";9.238247407456542e-07;1.8923100673408484e-07;0.00022748825955720077;0.027344872135668868;0.001394254556050158
Scieur;Travailleur forestier;0.028967728007023706;0.04793314978261051;19.408377764705882;D — activité déduite;SB99;"Marché, vie nocturne, arène Illu Die avec ingénierie taii’maku ; marchands, restauration, loisirs, gardes, contrebande. Professions des résidents ; lieu de travail et commanditaires peuvent être extérieurs au quartier. Visiteurs exclus du stock. activité/institution locale Budget civil 1,00 % ; coefficient 0,500000 ; part de filière 5,348 %. Savoir-faire de terrain et sécurité ; procédé spécialisé distinct du rang social.";9.238247407456542e-07;1.8923100673408484e-07;0.00022748825955720077;0.027344872135668868;0.001394254556050158
Pêcheur maritime;Pêcheur;0.014542188288089756;0.024063084588854144;9.743266153020137;A — activité attestée;"SB110; SB168";"Marché, vie nocturne, arène Illu Die avec ingénierie taii’maku ; marchands, restauration, loisirs, gardes, contrebande. Professions des résidents ; lieu de travail et commanditaires peuvent être extérieurs au quartier. Visiteurs exclus du stock. activité/institution locale Budget civil 5,00 % ; coefficient 0,200000 ; part de filière 0,537 %. Transmission familiale, terre/eau, droits d’usage et outils ; les tâches saisonnières restent secondaires.";7.759556649606494e-07;6.357693843228485e-07;5.7322821936866006e-05;0.01378080116635804;0.0007026525747455663
Pêcheur d’eau douce;Pêcheur;0.29084376576179505;0.48126169177708267;194.8653230604027;A — activité attestée;SB138;"Marché, vie nocturne, arène Illu Die avec ingénierie taii’maku ; marchands, restauration, loisirs, gardes, contrebande. Professions des résidents ; lieu de travail et commanditaires peuvent être extérieurs au quartier. Visiteurs exclus du stock. activité/institution locale Budget civil 5,00 % ; coefficient 4,000000 ; part de filière 10,738 %. Transmission familiale, terre/eau, droits d’usage et outils ; les tâches saisonnières restent secondaires.";1.551911329921299e-05;1.2715387686456962e-05;0.0011464564387373198;0.27561602332716073;0.014053051494911315
Cultivateur marin;Pêcheur;0;0;0.0;P — activité proposée;SB149;"Marché, vie nocturne, arène Illu Die avec ingénierie taii’maku ; marchands, restauration, loisirs, gardes, contrebande. Professions des résidents ; lieu de travail et commanditaires peuvent être extérieurs au quartier. Visiteurs exclus du stock. activité/institution locale Budget civil 5,00 % ; coefficient 0,000000 ; part de filière 0,000 %. Zéro proposé : Filière régionale non retenue dans ce scénario, sans interdiction universelle. Transmission familiale, terre/eau, droits d’usage et outils ; les tâches saisonnières restent secondaires.";0;0;0;0;0
Mineur;Extracteur de ressources minérales;0.028967728007023706;0.04793314978261051;19.408377764705882;A — activité attestée;"MJ135; SB160";"Marché, vie nocturne, arène Illu Die avec ingénierie taii’maku ; marchands, restauration, loisirs, gardes, contrebande. Professions des résidents ; lieu de travail et commanditaires peuvent être extérieurs au quartier. Visiteurs exclus du stock. activité/institution locale Budget civil 1,00 % ; coefficient 0,500000 ; part de filière 5,348 %. Savoir-faire de terrain et sécurité ; procédé spécialisé distinct du rang social.";9.238247407456542e-07;1.8923100673408484e-07;0.00022748825955720077;0.027344872135668868;0.001394254556050158
Carrier;Extracteur de ressources minérales;0.028967728007023706;0.04793314978261051;19.408377764705882;D — activité déduite;"MJ135; SB160";"Marché, vie nocturne, arène Illu Die avec ingénierie taii’maku ; marchands, restauration, loisirs, gardes, contrebande. Professions des résidents ; lieu de travail et commanditaires peuvent être extérieurs au quartier. Visiteurs exclus du stock. activité/institution locale Budget civil 1,00 % ; coefficient 0,500000 ; part de filière 5,348 %. Savoir-faire de terrain et sécurité ; procédé spécialisé distinct du rang social.";9.238247407456542e-07;1.8923100673408484e-07;0.00022748825955720077;0.027344872135668868;0.001394254556050158
Salinier;Extracteur de ressources minérales;0;0;0.0;P — activité proposée;SB120;"Marché, vie nocturne, arène Illu Die avec ingénierie taii’maku ; marchands, restauration, loisirs, gardes, contrebande. Professions des résidents ; lieu de travail et commanditaires peuvent être extérieurs au quartier. Visiteurs exclus du stock. activité/institution locale Budget civil 1,00 % ; coefficient 0,000000 ; part de filière 0,000 %. Zéro proposé : Climat, matière ou culture hors filière régionale retenue ; aucun établissement exceptionnel proposé. Savoir-faire de terrain et sécurité ; procédé spécialisé distinct du rang social.";0;0;0;0;0
Mineur de bauronite;Extracteur de ressources minérales;0;0;0.0;A — activité attestée;"SB174; SB182";"Marché, vie nocturne, arène Illu Die avec ingénierie taii’maku ; marchands, restauration, loisirs, gardes, contrebande. Professions des résidents ; lieu de travail et commanditaires peuvent être extérieurs au quartier. Visiteurs exclus du stock. activité/institution locale Budget civil 1,00 % ; coefficient 0,000000 ; part de filière 0,000 %. Zéro proposé : Climat, matière ou culture hors filière régionale retenue ; aucun établissement exceptionnel proposé. Savoir-faire de terrain et sécurité ; procédé spécialisé distinct du rang social.";0;0;0;0;0
Mineur de tameranium;Extracteur de ressources minérales;0;0;0.0;A — activité attestée;"SB168; SB198";"Marché, vie nocturne, arène Illu Die avec ingénierie taii’maku ; marchands, restauration, loisirs, gardes, contrebande. Professions des résidents ; lieu de travail et commanditaires peuvent être extérieurs au quartier. Visiteurs exclus du stock. activité/institution locale Budget civil 1,00 % ; coefficient 0,000000 ; part de filière 0,000 %. Zéro proposé : Climat, matière ou culture hors filière régionale retenue ; aucun établissement exceptionnel proposé. Savoir-faire de terrain et sécurité ; procédé spécialisé distinct du rang social.";0;0;0;0;0
Extracteur d’obsidienne;Extracteur de ressources minérales;0;0;0.0;A — activité attestée;SB190;"Marché, vie nocturne, arène Illu Die avec ingénierie taii’maku ; marchands, restauration, loisirs, gardes, contrebande. Professions des résidents ; lieu de travail et commanditaires peuvent être extérieurs au quartier. Visiteurs exclus du stock. activité/institution locale Budget civil 1,00 % ; coefficient 0,000000 ; part de filière 0,000 %. Zéro proposé : Filière régionale non retenue dans ce scénario, sans interdiction universelle. Savoir-faire de terrain et sécurité ; procédé spécialisé distinct du rang social.";0;0;0;0;0
Extracteur de soufre;Extracteur de ressources minérales;0;0;0.0;A — activité attestée;SB190;"Marché, vie nocturne, arène Illu Die avec ingénierie taii’maku ; marchands, restauration, loisirs, gardes, contrebande. Professions des résidents ; lieu de travail et commanditaires peuvent être extérieurs au quartier. Visiteurs exclus du stock. activité/institution locale Budget civil 1,00 % ; coefficient 0,000000 ; part de filière 0,000 %. Zéro proposé : Filière régionale non retenue dans ce scénario, sans interdiction universelle. Savoir-faire de terrain et sécurité ; procédé spécialisé distinct du rang social.";0;0;0;0;0
Prospecteur;Extracteur de ressources minérales;0.028967728007023706;0.04793314978261051;19.408377764705882;D — activité déduite;SB104;"Marché, vie nocturne, arène Illu Die avec ingénierie taii’maku ; marchands, restauration, loisirs, gardes, contrebande. Professions des résidents ; lieu de travail et commanditaires peuvent être extérieurs au quartier. Visiteurs exclus du stock. activité/institution locale Budget civil 1,00 % ; coefficient 0,500000 ; part de filière 5,348 %. Savoir-faire de terrain et sécurité ; procédé spécialisé distinct du rang social.";9.238247407456542e-07;1.8923100673408484e-07;0.00022748825955720077;0.027344872135668868;0.001394254556050158
Meunier;Meunier;0.21379886566923736;0.35377483001051957;143.24523999838905;D — activité déduite;SB121;"Marché, vie nocturne, arène Illu Die avec ingénierie taii’maku ; marchands, restauration, loisirs, gardes, contrebande. Professions des résidents ; lieu de travail et commanditaires peuvent être extérieurs au quartier. Visiteurs exclus du stock. activité/institution locale Budget civil 28,00 % ; coefficient 1,750000 ; part de filière 1,410 %. Apprentissage, atelier, combustible et outils ; titre noble ne remplace pas qualification.";1.3220424883148669e-05;1.0831986630153848e-05;0.008138695887400509;0.1956598541175278;0.00997626325279577
Boucher;Boucher;0.2443415607648427;0.40431409144059377;163.70884571244463;D — activité déduite;SB99;"Marché, vie nocturne, arène Illu Die avec ingénierie taii’maku ; marchands, restauration, loisirs, gardes, contrebande. Professions des résidents ; lieu de travail et commanditaires peuvent être extérieurs au quartier. Visiteurs exclus du stock. activité/institution locale Budget civil 28,00 % ; coefficient 2,000000 ; part de filière 1,611 %. Apprentissage, atelier, combustible et outils ; titre noble ne remplace pas qualification.";1.510905700931276e-05;1.2379413291604395e-05;0.009301366728457723;0.2236112618486032;0.011401443717480881
Écorcheur;Boucher;0.09773662430593709;0.16172563657623754;65.48353828497785;A — activité attestée;MJ128;"Marché, vie nocturne, arène Illu Die avec ingénierie taii’maku ; marchands, restauration, loisirs, gardes, contrebande. Professions des résidents ; lieu de travail et commanditaires peuvent être extérieurs au quartier. Visiteurs exclus du stock. activité/institution locale Budget civil 28,00 % ; coefficient 0,800000 ; part de filière 0,644 %. Apprentissage, atelier, combustible et outils ; titre noble ne remplace pas qualification.";6.043622803725105e-06;4.9517653166417585e-06;0.0037205466913830874;0.08944450473944128;0.0045605774869923515
Boulanger;Boulanger;0.5192258166252907;0.8591674443112617;347.8812971389447;A — activité attestée;MJ128;"Marché, vie nocturne, arène Illu Die avec ingénierie taii’maku ; marchands, restauration, loisirs, gardes, contrebande. Professions des résidents ; lieu de travail et commanditaires peuvent être extérieurs au quartier. Visiteurs exclus du stock. activité/institution locale Budget civil 28,00 % ; coefficient 4,250000 ; part de filière 3,423 %. Apprentissage, atelier, combustible et outils ; titre noble ne remplace pas qualification.";3.2106746144789604e-05;2.630625324465933e-05;0.019765404297972647;0.4751739314282817;0.024228067899646863
Cuisinier;Cuisinier;1.2740349906018336;2.1081567052133807;853.6034437032285;A — activité attestée;MJ128;"Marché, vie nocturne, arène Illu Die avec ingénierie taii’maku ; marchands, restauration, loisirs, gardes, contrebande. Professions des résidents ; lieu de travail et commanditaires peuvent être extérieurs au quartier. Visiteurs exclus du stock. activité/institution locale Budget civil 22,00 % ; coefficient 7,500000 ; part de filière 10,691 %. Apprentissage et qualification variable ; soins avancés et thérapie magique exigent formation.";4.092290500914902e-05;8.382415161466893e-06;0.00503855332400057;1.211302918768001;0.05764421318966148
Cuisinier de haute cuisine;Cuisinier;0;0;0.0;A — activité attestée;"PG28; CC52";"Marché, vie nocturne, arène Illu Die avec ingénierie taii’maku ; marchands, restauration, loisirs, gardes, contrebande. Professions des résidents ; lieu de travail et commanditaires peuvent être extérieurs au quartier. Visiteurs exclus du stock. activité/institution locale Budget civil 22,00 % ; coefficient 0,000000 ; part de filière 0,000 %. Zéro proposé : Haute cuisine concentrée auprès de clientèle et maîtres attestés/proposés ; cuisine ordinaire conservée. Apprentissage et qualification variable ; soins avancés et thérapie magique exigent formation.";0;0;0;0;0
Poissonnier;Transformateur alimentaire;0.15882201449714778;0.262804159436386;106.410749713089;D — activité déduite;"SB120; SB149";"Marché, vie nocturne, arène Illu Die avec ingénierie taii’maku ; marchands, restauration, loisirs, gardes, contrebande. Professions des résidents ; lieu de travail et commanditaires peuvent être extérieurs au quartier. Visiteurs exclus du stock. activité/institution locale Budget civil 28,00 % ; coefficient 1,300000 ; part de filière 1,047 %. Apprentissage, atelier, combustible et outils ; titre noble ne remplace pas qualification.";9.820887056053295e-06;8.046618639542858e-06;0.0060458883734975195;0.14534732020159208;0.007410938416362574
Saleur et sécheur alimentaire;Transformateur alimentaire;0.15882201449714778;0.262804159436386;106.410749713089;D — activité déduite;"SB120; SB149";"Marché, vie nocturne, arène Illu Die avec ingénierie taii’maku ; marchands, restauration, loisirs, gardes, contrebande. Professions des résidents ; lieu de travail et commanditaires peuvent être extérieurs au quartier. Visiteurs exclus du stock. activité/institution locale Budget civil 28,00 % ; coefficient 1,300000 ; part de filière 1,047 %. Apprentissage, atelier, combustible et outils ; titre noble ne remplace pas qualification.";9.820887056053295e-06;8.046618639542858e-06;0.0060458883734975195;0.14534732020159208;0.007410938416362574
Fromager;Transformateur alimentaire;0.15882201449714778;0.262804159436386;106.410749713089;A — activité attestée;"SB120; SB149";"Marché, vie nocturne, arène Illu Die avec ingénierie taii’maku ; marchands, restauration, loisirs, gardes, contrebande. Professions des résidents ; lieu de travail et commanditaires peuvent être extérieurs au quartier. Visiteurs exclus du stock. activité/institution locale Budget civil 28,00 % ; coefficient 1,300000 ; part de filière 1,047 %. Apprentissage, atelier, combustible et outils ; titre noble ne remplace pas qualification.";9.820887056053295e-06;8.046618639542858e-06;0.0060458883734975195;0.14534732020159208;0.007410938416362574
Huilier;Transformateur alimentaire;0.15882201449714778;0.262804159436386;106.410749713089;P — activité proposée;"SB120; SB149";"Marché, vie nocturne, arène Illu Die avec ingénierie taii’maku ; marchands, restauration, loisirs, gardes, contrebande. Professions des résidents ; lieu de travail et commanditaires peuvent être extérieurs au quartier. Visiteurs exclus du stock. activité/institution locale Budget civil 28,00 % ; coefficient 1,300000 ; part de filière 1,047 %. Apprentissage, atelier, combustible et outils ; titre noble ne remplace pas qualification.";9.820887056053295e-06;8.046618639542858e-06;0.0060458883734975195;0.14534732020159208;0.007410938416362574
Brasseur;Fabricant de boissons;0.1466049364589056;0.24258845486435626;98.22530742746676;A — activité attestée;"MJ128; SB120";"Marché, vie nocturne, arène Illu Die avec ingénierie taii’maku ; marchands, restauration, loisirs, gardes, contrebande. Professions des résidents ; lieu de travail et commanditaires peuvent être extérieurs au quartier. Visiteurs exclus du stock. activité/institution locale Budget civil 28,00 % ; coefficient 1,200000 ; part de filière 0,967 %. Apprentissage, atelier, combustible et outils ; titre noble ne remplace pas qualification.";9.065434205587654e-06;7.427647974962635e-06;0.005580820037074631;0.1341667571091619;0.0068408662304885294
Distillateur;Fabricant de boissons;0.1466049364589056;0.24258845486435626;98.22530742746676;A — activité attestée;"MJ128; SB120";"Marché, vie nocturne, arène Illu Die avec ingénierie taii’maku ; marchands, restauration, loisirs, gardes, contrebande. Professions des résidents ; lieu de travail et commanditaires peuvent être extérieurs au quartier. Visiteurs exclus du stock. activité/institution locale Budget civil 28,00 % ; coefficient 1,200000 ; part de filière 0,967 %. Apprentissage, atelier, combustible et outils ; titre noble ne remplace pas qualification.";9.065434205587654e-06;7.427647974962635e-06;0.005580820037074631;0.1341667571091619;0.0068408662304885294
Distillateur de Highlandtuber;Fabricant de boissons;0;0;0.0;A — activité attestée;"SB120; SB121";"Marché, vie nocturne, arène Illu Die avec ingénierie taii’maku ; marchands, restauration, loisirs, gardes, contrebande. Professions des résidents ; lieu de travail et commanditaires peuvent être extérieurs au quartier. Visiteurs exclus du stock. activité/institution locale Budget civil 28,00 % ; coefficient 0,000000 ; part de filière 0,000 %. Zéro proposé : Filière régionale non retenue dans ce scénario, sans interdiction universelle. Apprentissage, atelier, combustible et outils ; titre noble ne remplace pas qualification.";0;0;0;0;0
Maître de cérémonie du thé;Maître de cérémonie du thé;0;0;0.0;A — activité attestée;SB201;"Marché, vie nocturne, arène Illu Die avec ingénierie taii’maku ; marchands, restauration, loisirs, gardes, contrebande. Professions des résidents ; lieu de travail et commanditaires peuvent être extérieurs au quartier. Visiteurs exclus du stock. activité/institution locale Budget civil 3,00 % ; coefficient 0,000000 ; part de filière 0,000 %. Zéro proposé : Filière régionale non retenue dans ce scénario, sans interdiction universelle. Apprentissage, audition et réseau ; accès au mérite notamment Mustardseed.";0;0;0;0;0
Alchimiste;Alchimiste;0.0471024063277228;0.07794075866359575;31.558612239574277;A — activité attestée;"MJ128; BR55";"Marché, vie nocturne, arène Illu Die avec ingénierie taii’maku ; marchands, restauration, loisirs, gardes, contrebande. Professions des résidents ; lieu de travail et commanditaires peuvent être extérieurs au quartier. Visiteurs exclus du stock. activité/institution locale Budget civil 1,00 % ; coefficient 2,500000 ; part de filière 8,695 %. Long apprentissage, frais, bourses, talent, licence ou secret ; titre ne donne pas maîtrise.";0.00014308608250604066;2.9308939507725308e-05;0.004404299111144791;0.04235295351977024;0.00017275867479400313
Apothicaire;Alchimiste;0.01884096253108912;0.031176303465438298;12.62344489582971;A — activité attestée;"MJ128; BR55";"Marché, vie nocturne, arène Illu Die avec ingénierie taii’maku ; marchands, restauration, loisirs, gardes, contrebande. Professions des résidents ; lieu de travail et commanditaires peuvent être extérieurs au quartier. Visiteurs exclus du stock. activité/institution locale Budget civil 1,00 % ; coefficient 1,000000 ; part de filière 3,478 %. Long apprentissage, frais, bourses, talent, licence ou secret ; titre ne donne pas maîtrise.";5.723443300241627e-05;1.1723575803090122e-05;0.0017617196444579166;0.016941181407908096;6.910346991760128e-05
Préparateur de poisons;Alchimiste;0.01884096253108912;0.031176303465438298;12.62344489582971;D — activité déduite;"BR55; SB193";"Marché, vie nocturne, arène Illu Die avec ingénierie taii’maku ; marchands, restauration, loisirs, gardes, contrebande. Professions des résidents ; lieu de travail et commanditaires peuvent être extérieurs au quartier. Visiteurs exclus du stock. activité/institution locale Budget civil 1,00 % ; coefficient 1,000000 ; part de filière 3,478 %. Long apprentissage, frais, bourses, talent, licence ou secret ; titre ne donne pas maîtrise.";5.723443300241627e-05;1.1723575803090122e-05;0.0017617196444579166;0.016941181407908096;6.910346991760128e-05
Préparateur de potions;Alchimiste;0.01884096253108912;0.031176303465438298;12.62344489582971;A — activité attestée;SB138;"Marché, vie nocturne, arène Illu Die avec ingénierie taii’maku ; marchands, restauration, loisirs, gardes, contrebande. Professions des résidents ; lieu de travail et commanditaires peuvent être extérieurs au quartier. Visiteurs exclus du stock. activité/institution locale Budget civil 1,00 % ; coefficient 1,000000 ; part de filière 3,478 %. Long apprentissage, frais, bourses, talent, licence ou secret ; titre ne donne pas maîtrise.";5.723443300241627e-05;1.1723575803090122e-05;0.0017617196444579166;0.016941181407908096;6.910346991760128e-05
Préparateur d’Estelindea;Alchimiste;0;0;0.0;A — activité attestée;SB153;"Marché, vie nocturne, arène Illu Die avec ingénierie taii’maku ; marchands, restauration, loisirs, gardes, contrebande. Professions des résidents ; lieu de travail et commanditaires peuvent être extérieurs au quartier. Visiteurs exclus du stock. activité/institution locale Budget civil 1,00 % ; coefficient 0,000000 ; part de filière 0,000 %. Zéro proposé : Filière régionale non retenue dans ce scénario, sans interdiction universelle. Long apprentissage, frais, bourses, talent, licence ou secret ; titre ne donne pas maîtrise.";0;0;0;0;0
Charbonnier;Charbonnier;0.04345159201053556;0.07189972467391577;29.112566647058824;P — activité proposée;SB128;"Marché, vie nocturne, arène Illu Die avec ingénierie taii’maku ; marchands, restauration, loisirs, gardes, contrebande. Professions des résidents ; lieu de travail et commanditaires peuvent être extérieurs au quartier. Visiteurs exclus du stock. activité/institution locale Budget civil 1,00 % ; coefficient 0,750000 ; part de filière 8,021 %. Savoir-faire de terrain et sécurité ; procédé spécialisé distinct du rang social.";1.3857371111184815e-06;2.8384651010112725e-07;0.000341232389335801;0.04101730820350331;0.0020913818340752366
Fondeur et affineur;Métallurgiste;0.08551954626769495;0.14150993200420786;57.29809599935562;D — activité déduite;"SB198; SB160";"Marché, vie nocturne, arène Illu Die avec ingénierie taii’maku ; marchands, restauration, loisirs, gardes, contrebande. Professions des résidents ; lieu de travail et commanditaires peuvent être extérieurs au quartier. Visiteurs exclus du stock. activité/institution locale Budget civil 28,00 % ; coefficient 0,700000 ; part de filière 0,564 %. Apprentissage, atelier, combustible et outils ; titre noble ne remplace pas qualification.";5.288169953259468e-06;4.33279465206154e-06;0.003255478354960204;0.07826394164701111;0.00399050530111831
Aciériste;Métallurgiste;0.08551954626769495;0.14150993200420786;57.29809599935562;D — activité déduite;SB198;"Marché, vie nocturne, arène Illu Die avec ingénierie taii’maku ; marchands, restauration, loisirs, gardes, contrebande. Professions des résidents ; lieu de travail et commanditaires peuvent être extérieurs au quartier. Visiteurs exclus du stock. activité/institution locale Budget civil 28,00 % ; coefficient 0,700000 ; part de filière 0,564 %. Apprentissage, atelier, combustible et outils ; titre noble ne remplace pas qualification.";5.288169953259468e-06;4.33279465206154e-06;0.003255478354960204;0.07826394164701111;0.00399050530111831
Forgeron;Forgeron;0.6108539019121068;1.0107852286014847;409.2721142811115;A — activité attestée;MJ128;"Marché, vie nocturne, arène Illu Die avec ingénierie taii’maku ; marchands, restauration, loisirs, gardes, contrebande. Professions des résidents ; lieu de travail et commanditaires peuvent être extérieurs au quartier. Visiteurs exclus du stock. activité/institution locale Budget civil 28,00 % ; coefficient 5,000000 ; part de filière 4,027 %. Apprentissage, atelier, combustible et outils ; titre noble ne remplace pas qualification.";3.777264252328189e-05;3.0948533229011e-05;0.023253416821144297;0.559028154621508;0.028503609293702204
Armurier;Forgeron;0.2443415607648427;0.40431409144059377;163.70884571244463;A — activité attestée;MJ128;"Marché, vie nocturne, arène Illu Die avec ingénierie taii’maku ; marchands, restauration, loisirs, gardes, contrebande. Professions des résidents ; lieu de travail et commanditaires peuvent être extérieurs au quartier. Visiteurs exclus du stock. activité/institution locale Budget civil 28,00 % ; coefficient 2,000000 ; part de filière 1,611 %. Apprentissage, atelier, combustible et outils ; titre noble ne remplace pas qualification.";1.510905700931276e-05;1.2379413291604395e-05;0.009301366728457723;0.2236112618486032;0.011401443717480881
Coutelier;Forgeron;0.2443415607648427;0.40431409144059377;163.70884571244463;D — activité déduite;MJ128;"Marché, vie nocturne, arène Illu Die avec ingénierie taii’maku ; marchands, restauration, loisirs, gardes, contrebande. Professions des résidents ; lieu de travail et commanditaires peuvent être extérieurs au quartier. Visiteurs exclus du stock. activité/institution locale Budget civil 28,00 % ; coefficient 2,000000 ; part de filière 1,611 %. Apprentissage, atelier, combustible et outils ; titre noble ne remplace pas qualification.";1.510905700931276e-05;1.2379413291604395e-05;0.009301366728457723;0.2236112618486032;0.011401443717480881
Rémouleur;Forgeron;0.2443415607648427;0.40431409144059377;163.70884571244463;D — activité déduite;MJ128;"Marché, vie nocturne, arène Illu Die avec ingénierie taii’maku ; marchands, restauration, loisirs, gardes, contrebande. Professions des résidents ; lieu de travail et commanditaires peuvent être extérieurs au quartier. Visiteurs exclus du stock. activité/institution locale Budget civil 28,00 % ; coefficient 2,000000 ; part de filière 1,611 %. Apprentissage, atelier, combustible et outils ; titre noble ne remplace pas qualification.";1.510905700931276e-05;1.2379413291604395e-05;0.009301366728457723;0.2236112618486032;0.011401443717480881
Serrurier;Mécanicien et artisan du métal;0.1466049364589056;0.24258845486435626;98.22530742746676;A — activité attestée;"MJ128; SB174";"Marché, vie nocturne, arène Illu Die avec ingénierie taii’maku ; marchands, restauration, loisirs, gardes, contrebande. Professions des résidents ; lieu de travail et commanditaires peuvent être extérieurs au quartier. Visiteurs exclus du stock. activité/institution locale Budget civil 28,00 % ; coefficient 1,200000 ; part de filière 0,967 %. Apprentissage, atelier, combustible et outils ; titre noble ne remplace pas qualification.";9.065434205587654e-06;7.427647974962635e-06;0.005580820037074631;0.1341667571091619;0.0068408662304885294
Rétameur;Mécanicien et artisan du métal;0.1466049364589056;0.24258845486435626;98.22530742746676;A — activité attestée;"MJ128; SB174";"Marché, vie nocturne, arène Illu Die avec ingénierie taii’maku ; marchands, restauration, loisirs, gardes, contrebande. Professions des résidents ; lieu de travail et commanditaires peuvent être extérieurs au quartier. Visiteurs exclus du stock. activité/institution locale Budget civil 28,00 % ; coefficient 1,200000 ; part de filière 0,967 %. Apprentissage, atelier, combustible et outils ; titre noble ne remplace pas qualification.";9.065434205587654e-06;7.427647974962635e-06;0.005580820037074631;0.1341667571091619;0.0068408662304885294
Réparateur et bricoleur;Mécanicien et artisan du métal;0.1466049364589056;0.24258845486435626;98.22530742746676;A — activité attestée;"MJ128; SB174";"Marché, vie nocturne, arène Illu Die avec ingénierie taii’maku ; marchands, restauration, loisirs, gardes, contrebande. Professions des résidents ; lieu de travail et commanditaires peuvent être extérieurs au quartier. Visiteurs exclus du stock. activité/institution locale Budget civil 28,00 % ; coefficient 1,200000 ; part de filière 0,967 %. Apprentissage, atelier, combustible et outils ; titre noble ne remplace pas qualification.";9.065434205587654e-06;7.427647974962635e-06;0.005580820037074631;0.1341667571091619;0.0068408662304885294
Horloger;Mécanicien et artisan du métal;0;0;0.0;D — activité déduite;SB174;"Marché, vie nocturne, arène Illu Die avec ingénierie taii’maku ; marchands, restauration, loisirs, gardes, contrebande. Professions des résidents ; lieu de travail et commanditaires peuvent être extérieurs au quartier. Visiteurs exclus du stock. activité/institution locale Budget civil 28,00 % ; coefficient 0,000000 ; part de filière 0,000 %. Zéro proposé : Climat, matière ou culture hors filière régionale retenue ; aucun établissement exceptionnel proposé. Apprentissage, atelier, combustible et outils ; titre noble ne remplace pas qualification.";0;0;0;0;0
Fabricant d’outils de précision;Mécanicien et artisan du métal;0;0;0.0;A — activité attestée;SB174;"Marché, vie nocturne, arène Illu Die avec ingénierie taii’maku ; marchands, restauration, loisirs, gardes, contrebande. Professions des résidents ; lieu de travail et commanditaires peuvent être extérieurs au quartier. Visiteurs exclus du stock. activité/institution locale Budget civil 28,00 % ; coefficient 0,000000 ; part de filière 0,000 %. Zéro proposé : Climat, matière ou culture hors filière régionale retenue ; aucun établissement exceptionnel proposé. Apprentissage, atelier, combustible et outils ; titre noble ne remplace pas qualification.";0;0;0;0;0
Fabricant d’instruments de navigation;Mécanicien et artisan du métal;0;0;0.0;D — activité déduite;SB174;"Marché, vie nocturne, arène Illu Die avec ingénierie taii’maku ; marchands, restauration, loisirs, gardes, contrebande. Professions des résidents ; lieu de travail et commanditaires peuvent être extérieurs au quartier. Visiteurs exclus du stock. activité/institution locale Budget civil 28,00 % ; coefficient 0,000000 ; part de filière 0,000 %. Zéro proposé : Climat, matière ou culture hors filière régionale retenue ; aucun établissement exceptionnel proposé. Apprentissage, atelier, combustible et outils ; titre noble ne remplace pas qualification.";0;0;0;0;0
Bijoutier;Bijoutier;0.2443415607648427;0.40431409144059377;163.70884571244463;A — activité attestée;MJ128;"Marché, vie nocturne, arène Illu Die avec ingénierie taii’maku ; marchands, restauration, loisirs, gardes, contrebande. Professions des résidents ; lieu de travail et commanditaires peuvent être extérieurs au quartier. Visiteurs exclus du stock. activité/institution locale Budget civil 28,00 % ; coefficient 2,000000 ; part de filière 1,611 %. Apprentissage, atelier, combustible et outils ; titre noble ne remplace pas qualification.";1.510905700931276e-05;1.2379413291604395e-05;0.009301366728457723;0.2236112618486032;0.011401443717480881
Orfèvre;Bijoutier;0.09773662430593709;0.16172563657623754;65.48353828497785;A — activité attestée;MJ128;"Marché, vie nocturne, arène Illu Die avec ingénierie taii’maku ; marchands, restauration, loisirs, gardes, contrebande. Professions des résidents ; lieu de travail et commanditaires peuvent être extérieurs au quartier. Visiteurs exclus du stock. activité/institution locale Budget civil 28,00 % ; coefficient 0,800000 ; part de filière 0,644 %. Apprentissage, atelier, combustible et outils ; titre noble ne remplace pas qualification.";6.043622803725105e-06;4.9517653166417585e-06;0.0037205466913830874;0.08944450473944128;0.0045605774869923515
Lapidaire et tailleur de gemmes;Bijoutier;0.09773662430593709;0.16172563657623754;65.48353828497785;A — activité attestée;MJ128;"Marché, vie nocturne, arène Illu Die avec ingénierie taii’maku ; marchands, restauration, loisirs, gardes, contrebande. Professions des résidents ; lieu de travail et commanditaires peuvent être extérieurs au quartier. Visiteurs exclus du stock. activité/institution locale Budget civil 28,00 % ; coefficient 0,800000 ; part de filière 0,644 %. Apprentissage, atelier, combustible et outils ; titre noble ne remplace pas qualification.";6.043622803725105e-06;4.9517653166417585e-06;0.0037205466913830874;0.08944450473944128;0.0045605774869923515
Tanneur;Tanneur;0.1527134754780267;0.25269630715037117;102.31802857027787;A — activité attestée;MJ128;"Marché, vie nocturne, arène Illu Die avec ingénierie taii’maku ; marchands, restauration, loisirs, gardes, contrebande. Professions des résidents ; lieu de travail et commanditaires peuvent être extérieurs au quartier. Visiteurs exclus du stock. activité/institution locale Budget civil 28,00 % ; coefficient 1,250000 ; part de filière 1,007 %. Apprentissage, atelier, combustible et outils ; titre noble ne remplace pas qualification.";9.443160630820473e-06;7.73713330725275e-06;0.005813354205286074;0.139757038655377;0.007125902323425551
Fourreur;Tanneur;0.061085390191210676;0.10107852286014844;40.92721142811116;D — activité déduite;"SB120; SB133";"Marché, vie nocturne, arène Illu Die avec ingénierie taii’maku ; marchands, restauration, loisirs, gardes, contrebande. Professions des résidents ; lieu de travail et commanditaires peuvent être extérieurs au quartier. Visiteurs exclus du stock. activité/institution locale Budget civil 28,00 % ; coefficient 0,500000 ; part de filière 0,403 %. Apprentissage, atelier, combustible et outils ; titre noble ne remplace pas qualification.";3.77726425232819e-06;3.0948533229010987e-06;0.0023253416821144308;0.0559028154621508;0.0028503609293702202
Maroquinier;Artisan du cuir;0.19547324861187418;0.32345127315247507;130.9670765699557;A — activité attestée;MJ128;"Marché, vie nocturne, arène Illu Die avec ingénierie taii’maku ; marchands, restauration, loisirs, gardes, contrebande. Professions des résidents ; lieu de travail et commanditaires peuvent être extérieurs au quartier. Visiteurs exclus du stock. activité/institution locale Budget civil 28,00 % ; coefficient 1,600000 ; part de filière 1,289 %. Apprentissage, atelier, combustible et outils ; titre noble ne remplace pas qualification.";1.208724560745021e-05;9.903530633283517e-06;0.007441093382766175;0.17888900947888256;0.009121154973984703
Bourrelier et sellier;Artisan du cuir;0.19547324861187418;0.32345127315247507;130.9670765699557;D — activité déduite;"MJ128; SB163";"Marché, vie nocturne, arène Illu Die avec ingénierie taii’maku ; marchands, restauration, loisirs, gardes, contrebande. Professions des résidents ; lieu de travail et commanditaires peuvent être extérieurs au quartier. Visiteurs exclus du stock. activité/institution locale Budget civil 28,00 % ; coefficient 1,600000 ; part de filière 1,289 %. Apprentissage, atelier, combustible et outils ; titre noble ne remplace pas qualification.";1.208724560745021e-05;9.903530633283517e-06;0.007441093382766175;0.17888900947888256;0.009121154973984703
Boursier, fabricant de bourses;Artisan du cuir;0.19547324861187418;0.32345127315247507;130.9670765699557;D — activité déduite;MJ128;"Marché, vie nocturne, arène Illu Die avec ingénierie taii’maku ; marchands, restauration, loisirs, gardes, contrebande. Professions des résidents ; lieu de travail et commanditaires peuvent être extérieurs au quartier. Visiteurs exclus du stock. activité/institution locale Budget civil 28,00 % ; coefficient 1,600000 ; part de filière 1,289 %. Apprentissage, atelier, combustible et outils ; titre noble ne remplace pas qualification.";1.208724560745021e-05;9.903530633283517e-06;0.007441093382766175;0.17888900947888256;0.009121154973984703
Gantier;Artisan du cuir;0.19547324861187418;0.32345127315247507;130.9670765699557;D — activité déduite;MJ128;"Marché, vie nocturne, arène Illu Die avec ingénierie taii’maku ; marchands, restauration, loisirs, gardes, contrebande. Professions des résidents ; lieu de travail et commanditaires peuvent être extérieurs au quartier. Visiteurs exclus du stock. activité/institution locale Budget civil 28,00 % ; coefficient 1,600000 ; part de filière 1,289 %. Apprentissage, atelier, combustible et outils ; titre noble ne remplace pas qualification.";1.208724560745021e-05;9.903530633283517e-06;0.007441093382766175;0.17888900947888256;0.009121154973984703
Cordonnier;Artisan du cuir;0.19547324861187418;0.32345127315247507;130.9670765699557;A — activité attestée;MJ128;"Marché, vie nocturne, arène Illu Die avec ingénierie taii’maku ; marchands, restauration, loisirs, gardes, contrebande. Professions des résidents ; lieu de travail et commanditaires peuvent être extérieurs au quartier. Visiteurs exclus du stock. activité/institution locale Budget civil 28,00 % ; coefficient 1,600000 ; part de filière 1,289 %. Apprentissage, atelier, combustible et outils ; titre noble ne remplace pas qualification.";1.208724560745021e-05;9.903530633283517e-06;0.007441093382766175;0.17888900947888256;0.009121154973984703
Fileur;Artisan textile;0.2443415607648427;0.40431409144059377;163.70884571244463;D — activité déduite;MJ128;"Marché, vie nocturne, arène Illu Die avec ingénierie taii’maku ; marchands, restauration, loisirs, gardes, contrebande. Professions des résidents ; lieu de travail et commanditaires peuvent être extérieurs au quartier. Visiteurs exclus du stock. activité/institution locale Budget civil 28,00 % ; coefficient 2,000000 ; part de filière 1,611 %. Apprentissage, atelier, combustible et outils ; titre noble ne remplace pas qualification.";1.510905700931276e-05;1.2379413291604395e-05;0.009301366728457723;0.2236112618486032;0.011401443717480881
Tisserand;Artisan textile;0.2443415607648427;0.40431409144059377;163.70884571244463;A — activité attestée;MJ128;"Marché, vie nocturne, arène Illu Die avec ingénierie taii’maku ; marchands, restauration, loisirs, gardes, contrebande. Professions des résidents ; lieu de travail et commanditaires peuvent être extérieurs au quartier. Visiteurs exclus du stock. activité/institution locale Budget civil 28,00 % ; coefficient 2,000000 ; part de filière 1,611 %. Apprentissage, atelier, combustible et outils ; titre noble ne remplace pas qualification.";1.510905700931276e-05;1.2379413291604395e-05;0.009301366728457723;0.2236112618486032;0.011401443717480881
Teinturier;Artisan textile;0.2443415607648427;0.40431409144059377;163.70884571244463;A — activité attestée;MJ128;"Marché, vie nocturne, arène Illu Die avec ingénierie taii’maku ; marchands, restauration, loisirs, gardes, contrebande. Professions des résidents ; lieu de travail et commanditaires peuvent être extérieurs au quartier. Visiteurs exclus du stock. activité/institution locale Budget civil 28,00 % ; coefficient 2,000000 ; part de filière 1,611 %. Apprentissage, atelier, combustible et outils ; titre noble ne remplace pas qualification.";1.510905700931276e-05;1.2379413291604395e-05;0.009301366728457723;0.2236112618486032;0.011401443717480881
Tailleur;Tailleur de vêtements;0.2443415607648427;0.40431409144059377;163.70884571244463;D — activité déduite;"MJ128; SB139";"Marché, vie nocturne, arène Illu Die avec ingénierie taii’maku ; marchands, restauration, loisirs, gardes, contrebande. Professions des résidents ; lieu de travail et commanditaires peuvent être extérieurs au quartier. Visiteurs exclus du stock. activité/institution locale Budget civil 28,00 % ; coefficient 2,000000 ; part de filière 1,611 %. Apprentissage, atelier, combustible et outils ; titre noble ne remplace pas qualification.";1.510905700931276e-05;1.2379413291604395e-05;0.009301366728457723;0.2236112618486032;0.011401443717480881
Modiste et fabricant de coiffes;Tailleur de vêtements;0.2443415607648427;0.40431409144059377;163.70884571244463;D — activité déduite;"SB139; SB120";"Marché, vie nocturne, arène Illu Die avec ingénierie taii’maku ; marchands, restauration, loisirs, gardes, contrebande. Professions des résidents ; lieu de travail et commanditaires peuvent être extérieurs au quartier. Visiteurs exclus du stock. activité/institution locale Budget civil 28,00 % ; coefficient 2,000000 ; part de filière 1,611 %. Apprentissage, atelier, combustible et outils ; titre noble ne remplace pas qualification.";1.510905700931276e-05;1.2379413291604395e-05;0.009301366728457723;0.2236112618486032;0.011401443717480881
Tapissier;Tapissier;0.12217078038242135;0.20215704572029689;81.85442285622231;D — activité déduite;SB200;"Marché, vie nocturne, arène Illu Die avec ingénierie taii’maku ; marchands, restauration, loisirs, gardes, contrebande. Professions des résidents ; lieu de travail et commanditaires peuvent être extérieurs au quartier. Visiteurs exclus du stock. activité/institution locale Budget civil 28,00 % ; coefficient 1,000000 ; part de filière 0,805 %. Apprentissage, atelier, combustible et outils ; titre noble ne remplace pas qualification.";7.55452850465638e-06;6.1897066458021975e-06;0.0046506833642288616;0.1118056309243016;0.0057007218587404405
Menuisier;Menuisier;0.6108539019121068;1.0107852286014847;409.2721142811115;D — activité déduite;"MJ128; SB152";"Marché, vie nocturne, arène Illu Die avec ingénierie taii’maku ; marchands, restauration, loisirs, gardes, contrebande. Professions des résidents ; lieu de travail et commanditaires peuvent être extérieurs au quartier. Visiteurs exclus du stock. activité/institution locale Budget civil 28,00 % ; coefficient 5,000000 ; part de filière 4,027 %. Apprentissage, atelier, combustible et outils ; titre noble ne remplace pas qualification.";3.777264252328189e-05;3.0948533229011e-05;0.023253416821144297;0.559028154621508;0.028503609293702204
Ébéniste;Menuisier;0.2443415607648427;0.40431409144059377;163.70884571244463;D — activité déduite;MJ128;"Marché, vie nocturne, arène Illu Die avec ingénierie taii’maku ; marchands, restauration, loisirs, gardes, contrebande. Professions des résidents ; lieu de travail et commanditaires peuvent être extérieurs au quartier. Visiteurs exclus du stock. activité/institution locale Budget civil 28,00 % ; coefficient 2,000000 ; part de filière 1,611 %. Apprentissage, atelier, combustible et outils ; titre noble ne remplace pas qualification.";1.510905700931276e-05;1.2379413291604395e-05;0.009301366728457723;0.2236112618486032;0.011401443717480881
Sculpteur sur bois;Menuisier;0.2443415607648427;0.40431409144059377;163.70884571244463;A — activité attestée;MJ128;"Marché, vie nocturne, arène Illu Die avec ingénierie taii’maku ; marchands, restauration, loisirs, gardes, contrebande. Professions des résidents ; lieu de travail et commanditaires peuvent être extérieurs au quartier. Visiteurs exclus du stock. activité/institution locale Budget civil 28,00 % ; coefficient 2,000000 ; part de filière 1,611 %. Apprentissage, atelier, combustible et outils ; titre noble ne remplace pas qualification.";1.510905700931276e-05;1.2379413291604395e-05;0.009301366728457723;0.2236112618486032;0.011401443717480881
Tonnelier;Menuisier;0.2443415607648427;0.40431409144059377;163.70884571244463;A — activité attestée;MJ128;"Marché, vie nocturne, arène Illu Die avec ingénierie taii’maku ; marchands, restauration, loisirs, gardes, contrebande. Professions des résidents ; lieu de travail et commanditaires peuvent être extérieurs au quartier. Visiteurs exclus du stock. activité/institution locale Budget civil 28,00 % ; coefficient 2,000000 ; part de filière 1,611 %. Apprentissage, atelier, combustible et outils ; titre noble ne remplace pas qualification.";1.510905700931276e-05;1.2379413291604395e-05;0.009301366728457723;0.2236112618486032;0.011401443717480881
Charron;Menuisier;0.2443415607648427;0.40431409144059377;163.70884571244463;A — activité attestée;MJ128;"Marché, vie nocturne, arène Illu Die avec ingénierie taii’maku ; marchands, restauration, loisirs, gardes, contrebande. Professions des résidents ; lieu de travail et commanditaires peuvent être extérieurs au quartier. Visiteurs exclus du stock. activité/institution locale Budget civil 28,00 % ; coefficient 2,000000 ; part de filière 1,611 %. Apprentissage, atelier, combustible et outils ; titre noble ne remplace pas qualification.";1.510905700931276e-05;1.2379413291604395e-05;0.009301366728457723;0.2236112618486032;0.011401443717480881
Charpentier;Charpentier;0.3970550362428693;0.6570103985909648;266.0268742827224;A — activité attestée;MJ128;"Marché, vie nocturne, arène Illu Die avec ingénierie taii’maku ; marchands, restauration, loisirs, gardes, contrebande. Professions des résidents ; lieu de travail et commanditaires peuvent être extérieurs au quartier. Visiteurs exclus du stock. activité/institution locale Budget civil 28,00 % ; coefficient 3,250000 ; part de filière 2,618 %. Apprentissage, atelier, combustible et outils ; titre noble ne remplace pas qualification.";2.4552217640133232e-05;2.0116546598857148e-05;0.015114720933743797;0.3633683005039801;0.018527346040906424
Couvreur;Charpentier;0.15882201449714778;0.262804159436386;106.410749713089;A — activité attestée;MJ128;"Marché, vie nocturne, arène Illu Die avec ingénierie taii’maku ; marchands, restauration, loisirs, gardes, contrebande. Professions des résidents ; lieu de travail et commanditaires peuvent être extérieurs au quartier. Visiteurs exclus du stock. activité/institution locale Budget civil 28,00 % ; coefficient 1,300000 ; part de filière 1,047 %. Apprentissage, atelier, combustible et outils ; titre noble ne remplace pas qualification.";9.820887056053295e-06;8.046618639542858e-06;0.0060458883734975195;0.14534732020159208;0.007410938416362574
Constructeur naval;Constructeur naval;0.18325617057363203;0.30323556858044537;122.78163428433345;A — activité attestée;"MJ128; SB148";"Marché, vie nocturne, arène Illu Die avec ingénierie taii’maku ; marchands, restauration, loisirs, gardes, contrebande. Professions des résidents ; lieu de travail et commanditaires peuvent être extérieurs au quartier. Visiteurs exclus du stock. activité/institution locale Budget civil 28,00 % ; coefficient 1,500000 ; part de filière 1,208 %. Apprentissage, atelier, combustible et outils ; titre noble ne remplace pas qualification.";1.1331792756984567e-05;9.284559968703293e-06;0.006976025046343289;0.16770844638645238;0.008551082788110658
Calfat;Constructeur naval;0.0733024682294528;0.12129422743217813;49.11265371373338;D — activité déduite;"MJ128; SB148";"Marché, vie nocturne, arène Illu Die avec ingénierie taii’maku ; marchands, restauration, loisirs, gardes, contrebande. Professions des résidents ; lieu de travail et commanditaires peuvent être extérieurs au quartier. Visiteurs exclus du stock. activité/institution locale Budget civil 28,00 % ; coefficient 0,600000 ; part de filière 0,483 %. Apprentissage, atelier, combustible et outils ; titre noble ne remplace pas qualification.";4.532717102793827e-06;3.7138239874813174e-06;0.0027904100185373155;0.06708337855458095;0.0034204331152442647
Constructeur de drakkars;Constructeur naval;0;0;0.0;A — activité attestée;SB130;"Marché, vie nocturne, arène Illu Die avec ingénierie taii’maku ; marchands, restauration, loisirs, gardes, contrebande. Professions des résidents ; lieu de travail et commanditaires peuvent être extérieurs au quartier. Visiteurs exclus du stock. activité/institution locale Budget civil 28,00 % ; coefficient 0,000000 ; part de filière 0,000 %. Zéro proposé : Filière régionale non retenue dans ce scénario, sans interdiction universelle. Apprentissage, atelier, combustible et outils ; titre noble ne remplace pas qualification.";0;0;0;0;0
Cordier;Cordier;0.1527134754780267;0.25269630715037117;102.31802857027787;D — activité déduite;SB130;"Marché, vie nocturne, arène Illu Die avec ingénierie taii’maku ; marchands, restauration, loisirs, gardes, contrebande. Professions des résidents ; lieu de travail et commanditaires peuvent être extérieurs au quartier. Visiteurs exclus du stock. activité/institution locale Budget civil 28,00 % ; coefficient 1,250000 ; part de filière 1,007 %. Apprentissage, atelier, combustible et outils ; titre noble ne remplace pas qualification.";9.443160630820473e-06;7.73713330725275e-06;0.005813354205286074;0.139757038655377;0.007125902323425551
Voilier;Cordier;0.061085390191210676;0.10107852286014844;40.92721142811116;A — activité attestée;MJ128;"Marché, vie nocturne, arène Illu Die avec ingénierie taii’maku ; marchands, restauration, loisirs, gardes, contrebande. Professions des résidents ; lieu de travail et commanditaires peuvent être extérieurs au quartier. Visiteurs exclus du stock. activité/institution locale Budget civil 28,00 % ; coefficient 0,500000 ; part de filière 0,403 %. Apprentissage, atelier, combustible et outils ; titre noble ne remplace pas qualification.";3.77726425232819e-06;3.0948533229010987e-06;0.0023253416821144308;0.0559028154621508;0.0028503609293702202
Facteur d’arcs;Facteur d’arcs;0.12217078038242135;0.20215704572029689;81.85442285622231;A — activité attestée;"MJ128; SB152";"Marché, vie nocturne, arène Illu Die avec ingénierie taii’maku ; marchands, restauration, loisirs, gardes, contrebande. Professions des résidents ; lieu de travail et commanditaires peuvent être extérieurs au quartier. Visiteurs exclus du stock. activité/institution locale Budget civil 28,00 % ; coefficient 1,000000 ; part de filière 0,805 %. Apprentissage, atelier, combustible et outils ; titre noble ne remplace pas qualification.";7.55452850465638e-06;6.1897066458021975e-06;0.0046506833642288616;0.1118056309243016;0.0057007218587404405
Fabricant de flèches;Facteur d’arcs;0.048868312152968545;0.08086281828811877;32.74176914248893;A — activité attestée;SB152;"Marché, vie nocturne, arène Illu Die avec ingénierie taii’maku ; marchands, restauration, loisirs, gardes, contrebande. Professions des résidents ; lieu de travail et commanditaires peuvent être extérieurs au quartier. Visiteurs exclus du stock. activité/institution locale Budget civil 28,00 % ; coefficient 0,400000 ; part de filière 0,322 %. Apprentissage, atelier, combustible et outils ; titre noble ne remplace pas qualification.";3.0218114018625525e-06;2.4758826583208792e-06;0.0018602733456915437;0.04472225236972064;0.0022802887434961758
Luthier et facteur d’instruments;Luthier;0.09162808528681601;0.15161778429022268;61.390817142166725;D — activité déduite;BR55;"Marché, vie nocturne, arène Illu Die avec ingénierie taii’maku ; marchands, restauration, loisirs, gardes, contrebande. Professions des résidents ; lieu de travail et commanditaires peuvent être extérieurs au quartier. Visiteurs exclus du stock. activité/institution locale Budget civil 28,00 % ; coefficient 0,750000 ; part de filière 0,604 %. Apprentissage, atelier, combustible et outils ; titre noble ne remplace pas qualification.";5.665896378492283e-06;4.642279984351646e-06;0.0034880125231716444;0.08385422319322619;0.004275541394055329
Tailleur de pierre;Tailleur de pierre;0.3054269509560534;0.5053926143007423;204.63605714055575;A — activité attestée;"MJ128; SB161";"Marché, vie nocturne, arène Illu Die avec ingénierie taii’maku ; marchands, restauration, loisirs, gardes, contrebande. Professions des résidents ; lieu de travail et commanditaires peuvent être extérieurs au quartier. Visiteurs exclus du stock. activité/institution locale Budget civil 28,00 % ; coefficient 2,500000 ; part de filière 2,014 %. Apprentissage, atelier, combustible et outils ; titre noble ne remplace pas qualification.";1.8886321261640945e-05;1.54742666145055e-05;0.011626708410572149;0.279514077310754;0.014251804646851102
Sculpteur sur pierre;Tailleur de pierre;0.12217078038242135;0.20215704572029689;81.85442285622231;D — activité déduite;"MJ128; SB161";"Marché, vie nocturne, arène Illu Die avec ingénierie taii’maku ; marchands, restauration, loisirs, gardes, contrebande. Professions des résidents ; lieu de travail et commanditaires peuvent être extérieurs au quartier. Visiteurs exclus du stock. activité/institution locale Budget civil 28,00 % ; coefficient 1,000000 ; part de filière 0,805 %. Apprentissage, atelier, combustible et outils ; titre noble ne remplace pas qualification.";7.55452850465638e-06;6.1897066458021975e-06;0.0046506833642288616;0.1118056309243016;0.0057007218587404405
Sculpteur de statues de Stone Spirits;Tailleur de pierre;0;0;0.0;A — activité attestée;SB161;"Marché, vie nocturne, arène Illu Die avec ingénierie taii’maku ; marchands, restauration, loisirs, gardes, contrebande. Professions des résidents ; lieu de travail et commanditaires peuvent être extérieurs au quartier. Visiteurs exclus du stock. activité/institution locale Budget civil 28,00 % ; coefficient 0,000000 ; part de filière 0,000 %. Zéro proposé : Filière régionale non retenue dans ce scénario, sans interdiction universelle. Apprentissage, atelier, combustible et outils ; titre noble ne remplace pas qualification.";0;0;0;0;0
Maçon;Maçon;1.710390925353899;2.8301986400841566;1145.9619199871124;A — activité attestée;"MJ128; SB90";"Marché, vie nocturne, arène Illu Die avec ingénierie taii’maku ; marchands, restauration, loisirs, gardes, contrebande. Professions des résidents ; lieu de travail et commanditaires peuvent être extérieurs au quartier. Visiteurs exclus du stock. activité/institution locale Budget civil 28,00 % ; coefficient 14,000000 ; part de filière 11,277 %. Apprentissage, atelier, combustible et outils ; titre noble ne remplace pas qualification.";0.00010576339906518935;8.665589304123078e-05;0.06510956709920407;1.5652788329402223;0.07981010602236616
Plâtrier;Maçon;0.6841563701415596;1.132079456033663;458.38476799484494;A — activité attestée;"MJ128; SB90";"Marché, vie nocturne, arène Illu Die avec ingénierie taii’maku ; marchands, restauration, loisirs, gardes, contrebande. Professions des résidents ; lieu de travail et commanditaires peuvent être extérieurs au quartier. Visiteurs exclus du stock. activité/institution locale Budget civil 28,00 % ; coefficient 5,600000 ; part de filière 4,511 %. Apprentissage, atelier, combustible et outils ; titre noble ne remplace pas qualification.";4.230535962607575e-05;3.466235721649232e-05;0.026043826839681632;0.6261115331760889;0.03192404240894648
Manœuvre de chantier;Maçon;0.6841563701415595;1.1320794560336627;458.3847679948449;A — activité attestée;SB90;"Marché, vie nocturne, arène Illu Die avec ingénierie taii’maku ; marchands, restauration, loisirs, gardes, contrebande. Professions des résidents ; lieu de travail et commanditaires peuvent être extérieurs au quartier. Visiteurs exclus du stock. activité/institution locale Budget civil 28,00 % ; coefficient 5,600000 ; part de filière 4,511 %. Apprentissage, atelier, combustible et outils ; titre noble ne remplace pas qualification.";2.1564338373108564e-05;1.766846580274154e-05;0.013275336729565986;0.6382964749645076;0.032545325643310107
Architecte;Architecte;0.2443415607648427;0.40431409144059377;163.70884571244463;A — activité attestée;SB174;"Marché, vie nocturne, arène Illu Die avec ingénierie taii’maku ; marchands, restauration, loisirs, gardes, contrebande. Professions des résidents ; lieu de travail et commanditaires peuvent être extérieurs au quartier. Visiteurs exclus du stock. activité/institution locale Budget civil 28,00 % ; coefficient 2,000000 ; part de filière 1,611 %. Apprentissage, atelier, combustible et outils ; titre noble ne remplace pas qualification.";1.510905700931276e-05;1.2379413291604395e-05;0.009301366728457723;0.2236112618486032;0.011401443717480881
Géomètre et arpenteur;Architecte;0.09773662430593709;0.16172563657623754;65.48353828497785;A — activité attestée;MJ128;"Marché, vie nocturne, arène Illu Die avec ingénierie taii’maku ; marchands, restauration, loisirs, gardes, contrebande. Professions des résidents ; lieu de travail et commanditaires peuvent être extérieurs au quartier. Visiteurs exclus du stock. activité/institution locale Budget civil 28,00 % ; coefficient 0,800000 ; part de filière 0,644 %. Apprentissage, atelier, combustible et outils ; titre noble ne remplace pas qualification.";6.043622803725105e-06;4.9517653166417585e-06;0.0037205466913830874;0.08944450473944128;0.0045605774869923515
Potier;Potier;0.3054269509560534;0.5053926143007423;204.63605714055575;A — activité attestée;"MJ128; SB200";"Marché, vie nocturne, arène Illu Die avec ingénierie taii’maku ; marchands, restauration, loisirs, gardes, contrebande. Professions des résidents ; lieu de travail et commanditaires peuvent être extérieurs au quartier. Visiteurs exclus du stock. activité/institution locale Budget civil 28,00 % ; coefficient 2,500000 ; part de filière 2,014 %. Apprentissage, atelier, combustible et outils ; titre noble ne remplace pas qualification.";1.8886321261640945e-05;1.54742666145055e-05;0.011626708410572149;0.279514077310754;0.014251804646851102
Tuilier;Potier;0.12217078038242135;0.20215704572029689;81.85442285622231;A — activité attestée;"MJ128; SB200";"Marché, vie nocturne, arène Illu Die avec ingénierie taii’maku ; marchands, restauration, loisirs, gardes, contrebande. Professions des résidents ; lieu de travail et commanditaires peuvent être extérieurs au quartier. Visiteurs exclus du stock. activité/institution locale Budget civil 28,00 % ; coefficient 1,000000 ; part de filière 0,805 %. Apprentissage, atelier, combustible et outils ; titre noble ne remplace pas qualification.";7.55452850465638e-06;6.1897066458021975e-06;0.0046506833642288616;0.1118056309243016;0.0057007218587404405
Porcelainier;Potier;0.12217078038242135;0.20215704572029689;81.85442285622231;D — activité déduite;SB200;"Marché, vie nocturne, arène Illu Die avec ingénierie taii’maku ; marchands, restauration, loisirs, gardes, contrebande. Professions des résidents ; lieu de travail et commanditaires peuvent être extérieurs au quartier. Visiteurs exclus du stock. activité/institution locale Budget civil 28,00 % ; coefficient 1,000000 ; part de filière 0,805 %. Apprentissage, atelier, combustible et outils ; titre noble ne remplace pas qualification.";7.55452850465638e-06;6.1897066458021975e-06;0.0046506833642288616;0.1118056309243016;0.0057007218587404405
Souffleur de verre;Verrier;0.08551954626769495;0.14150993200420786;57.29809599935562;A — activité attestée;"MJ128; SB174";"Marché, vie nocturne, arène Illu Die avec ingénierie taii’maku ; marchands, restauration, loisirs, gardes, contrebande. Professions des résidents ; lieu de travail et commanditaires peuvent être extérieurs au quartier. Visiteurs exclus du stock. activité/institution locale Budget civil 28,00 % ; coefficient 0,700000 ; part de filière 0,564 %. Apprentissage, atelier, combustible et outils ; titre noble ne remplace pas qualification.";5.288169953259468e-06;4.33279465206154e-06;0.003255478354960204;0.07826394164701111;0.00399050530111831
Vitrier;Verrier;0.08551954626769495;0.14150993200420786;57.29809599935562;A — activité attestée;"MJ128; SB174";"Marché, vie nocturne, arène Illu Die avec ingénierie taii’maku ; marchands, restauration, loisirs, gardes, contrebande. Professions des résidents ; lieu de travail et commanditaires peuvent être extérieurs au quartier. Visiteurs exclus du stock. activité/institution locale Budget civil 28,00 % ; coefficient 0,700000 ; part de filière 0,564 %. Apprentissage, atelier, combustible et outils ; titre noble ne remplace pas qualification.";5.288169953259468e-06;4.33279465206154e-06;0.003255478354960204;0.07826394164701111;0.00399050530111831
Opticien et fabricant de lentilles;Verrier;0;0;0.0;D — activité déduite;SB174;"Marché, vie nocturne, arène Illu Die avec ingénierie taii’maku ; marchands, restauration, loisirs, gardes, contrebande. Professions des résidents ; lieu de travail et commanditaires peuvent être extérieurs au quartier. Visiteurs exclus du stock. activité/institution locale Budget civil 28,00 % ; coefficient 0,000000 ; part de filière 0,000 %. Zéro proposé : Climat, matière ou culture hors filière régionale retenue ; aucun établissement exceptionnel proposé. Apprentissage, atelier, combustible et outils ; titre noble ne remplace pas qualification.";0;0;0;0;0
Papetier;Papetier et artisan du livre;0.09773662430593709;0.16172563657623754;65.48353828497785;A — activité attestée;SB138;"Marché, vie nocturne, arène Illu Die avec ingénierie taii’maku ; marchands, restauration, loisirs, gardes, contrebande. Professions des résidents ; lieu de travail et commanditaires peuvent être extérieurs au quartier. Visiteurs exclus du stock. activité/institution locale Budget civil 28,00 % ; coefficient 0,800000 ; part de filière 0,644 %. Apprentissage, atelier, combustible et outils ; titre noble ne remplace pas qualification.";6.043622803725105e-06;4.9517653166417585e-06;0.0037205466913830874;0.08944450473944128;0.0045605774869923515
Relieur;Papetier et artisan du livre;0.09773662430593709;0.16172563657623754;65.48353828497785;D — activité déduite;"SB138; MJ128";"Marché, vie nocturne, arène Illu Die avec ingénierie taii’maku ; marchands, restauration, loisirs, gardes, contrebande. Professions des résidents ; lieu de travail et commanditaires peuvent être extérieurs au quartier. Visiteurs exclus du stock. activité/institution locale Budget civil 28,00 % ; coefficient 0,800000 ; part de filière 0,644 %. Apprentissage, atelier, combustible et outils ; titre noble ne remplace pas qualification.";6.043622803725105e-06;4.9517653166417585e-06;0.0037205466913830874;0.08944450473944128;0.0045605774869923515
Chandelier;Chandelier;0.1527134754780267;0.25269630715037117;102.31802857027787;P — activité proposée;SB98;"Marché, vie nocturne, arène Illu Die avec ingénierie taii’maku ; marchands, restauration, loisirs, gardes, contrebande. Professions des résidents ; lieu de travail et commanditaires peuvent être extérieurs au quartier. Visiteurs exclus du stock. activité/institution locale Budget civil 28,00 % ; coefficient 1,250000 ; part de filière 1,007 %. Apprentissage, atelier, combustible et outils ; titre noble ne remplace pas qualification.";9.443160630820473e-06;7.73713330725275e-06;0.005813354205286074;0.139757038655377;0.007125902323425551
Peintre;Peintre;0.2443415607648427;0.40431409144059377;163.70884571244463;A — activité attestée;"MJ128; SB190";"Marché, vie nocturne, arène Illu Die avec ingénierie taii’maku ; marchands, restauration, loisirs, gardes, contrebande. Professions des résidents ; lieu de travail et commanditaires peuvent être extérieurs au quartier. Visiteurs exclus du stock. activité/institution locale Budget civil 28,00 % ; coefficient 2,000000 ; part de filière 1,611 %. Apprentissage, atelier, combustible et outils ; titre noble ne remplace pas qualification.";1.510905700931276e-05;1.2379413291604395e-05;0.009301366728457723;0.2236112618486032;0.011401443717480881
Fabricant d’enseignes;Peintre;0.09773662430593709;0.16172563657623754;65.48353828497785;A — activité attestée;"MJ128; SB190";"Marché, vie nocturne, arène Illu Die avec ingénierie taii’maku ; marchands, restauration, loisirs, gardes, contrebande. Professions des résidents ; lieu de travail et commanditaires peuvent être extérieurs au quartier. Visiteurs exclus du stock. activité/institution locale Budget civil 28,00 % ; coefficient 0,800000 ; part de filière 0,644 %. Apprentissage, atelier, combustible et outils ; titre noble ne remplace pas qualification.";6.043622803725105e-06;4.9517653166417585e-06;0.0037205466913830874;0.08944450473944128;0.0045605774869923515
Enlumineur;Peintre;0.09773662430593709;0.16172563657623754;65.48353828497785;A — activité attestée;"MJ128; SB190";"Marché, vie nocturne, arène Illu Die avec ingénierie taii’maku ; marchands, restauration, loisirs, gardes, contrebande. Professions des résidents ; lieu de travail et commanditaires peuvent être extérieurs au quartier. Visiteurs exclus du stock. activité/institution locale Budget civil 28,00 % ; coefficient 0,800000 ; part de filière 0,644 %. Apprentissage, atelier, combustible et outils ; titre noble ne remplace pas qualification.";6.043622803725105e-06;4.9517653166417585e-06;0.0037205466913830874;0.08944450473944128;0.0045605774869923515
Peintre de guerre spirituel;Peintre;0;0;0.0;A — activité attestée;SB193;"Marché, vie nocturne, arène Illu Die avec ingénierie taii’maku ; marchands, restauration, loisirs, gardes, contrebande. Professions des résidents ; lieu de travail et commanditaires peuvent être extérieurs au quartier. Visiteurs exclus du stock. activité/institution locale Initiation de la Red Mother ou apprentissage autorisé; recette complète non librement disponible Budget civil 28,00 % ; coefficient 0,000000 ; part de filière 0,000 %. Zéro proposé : Filière régionale non retenue dans ce scénario, sans interdiction universelle. Apprentissage, atelier, combustible et outils ; titre noble ne remplace pas qualification.";0;0;0;0;0
Tatoueur rituel;Peintre;0;0;0.0;D — activité déduite;"SB200; SB204";"Marché, vie nocturne, arène Illu Die avec ingénierie taii’maku ; marchands, restauration, loisirs, gardes, contrebande. Professions des résidents ; lieu de travail et commanditaires peuvent être extérieurs au quartier. Visiteurs exclus du stock. activité/institution locale Budget civil 28,00 % ; coefficient 0,000000 ; part de filière 0,000 %. Zéro proposé : Filière régionale non retenue dans ce scénario, sans interdiction universelle. Apprentissage, atelier, combustible et outils ; titre noble ne remplace pas qualification.";0;0;0;0;0
Portefaix;Transporteur terrestre;0.473710311603118;0.7838525449470459;317.38590877408905;D — activité déduite;"MJ132; SB121";"Marché, vie nocturne, arène Illu Die avec ingénierie taii’maku ; marchands, restauration, loisirs, gardes, contrebande. Professions des résidents ; lieu de travail et commanditaires peuvent être extérieurs au quartier. Visiteurs exclus du stock. activité/institution locale Budget civil 27,00 % ; coefficient 6,000000 ; part de filière 3,239 %. Réseau, itinéraires, confiance et capital ; manutention distincte de propriété du fret.";0.0002439458765511413;0.00019987394479668096;0.013515913352294658;0.43324248689835704;0.0265080915311185
Docker;Transporteur terrestre;0.473710311603118;0.7838525449470459;317.38590877408905;D — activité déduite;"MJ132; SB121";"Marché, vie nocturne, arène Illu Die avec ingénierie taii’maku ; marchands, restauration, loisirs, gardes, contrebande. Professions des résidents ; lieu de travail et commanditaires peuvent être extérieurs au quartier. Visiteurs exclus du stock. activité/institution locale Budget civil 27,00 % ; coefficient 6,000000 ; part de filière 3,239 %. Réseau, itinéraires, confiance et capital ; manutention distincte de propriété du fret.";0.0002439458765511413;0.00019987394479668096;0.013515913352294658;0.43324248689835704;0.0265080915311185
Magasinier;Transporteur terrestre;0.4737103116031181;0.7838525449470461;317.38590877408916;D — activité déduite;"MJ132; SB121";"Marché, vie nocturne, arène Illu Die avec ingénierie taii’maku ; marchands, restauration, loisirs, gardes, contrebande. Professions des résidents ; lieu de travail et commanditaires peuvent être extérieurs au quartier. Visiteurs exclus du stock. activité/institution locale Budget civil 27,00 % ; coefficient 6,000000 ; part de filière 3,239 %. Réseau, itinéraires, confiance et capital ; manutention distincte de propriété du fret.";0.0004739256734468338;0.0003883049602290935;0.026258030790663644;0.4208407624509289;0.025749287727849637
Charretier et cocher;Transporteur terrestre;0.4737103116031181;0.7838525449470461;317.38590877408916;D — activité déduite;"MJ132; SB121";"Marché, vie nocturne, arène Illu Die avec ingénierie taii’maku ; marchands, restauration, loisirs, gardes, contrebande. Professions des résidents ; lieu de travail et commanditaires peuvent être extérieurs au quartier. Visiteurs exclus du stock. activité/institution locale Budget civil 27,00 % ; coefficient 6,000000 ; part de filière 3,239 %. Réseau, itinéraires, confiance et capital ; manutention distincte de propriété du fret.";0.0004739256734468338;0.0003883049602290935;0.026258030790663644;0.4208407624509289;0.025749287727849637
Chef de caravane;Transporteur terrestre;0.4737103116031181;0.7838525449470461;317.38590877408916;A — activité attestée;MJ132;"Marché, vie nocturne, arène Illu Die avec ingénierie taii’maku ; marchands, restauration, loisirs, gardes, contrebande. Professions des résidents ; lieu de travail et commanditaires peuvent être extérieurs au quartier. Visiteurs exclus du stock. activité/institution locale Budget civil 27,00 % ; coefficient 6,000000 ; part de filière 3,239 %. Réseau, itinéraires, confiance et capital ; manutention distincte de propriété du fret.";0.0004739256734468338;0.0003883049602290935;0.026258030790663644;0.4208407624509289;0.025749287727849637
Coursier et messager;Transporteur terrestre;0.4737103116031181;0.7838525449470461;317.38590877408916;D — activité déduite;"MJ132; SB121";"Marché, vie nocturne, arène Illu Die avec ingénierie taii’maku ; marchands, restauration, loisirs, gardes, contrebande. Professions des résidents ; lieu de travail et commanditaires peuvent être extérieurs au quartier. Visiteurs exclus du stock. activité/institution locale Budget civil 27,00 % ; coefficient 6,000000 ; part de filière 3,239 %. Réseau, itinéraires, confiance et capital ; manutention distincte de propriété du fret.";0.0004739256734468338;0.0003883049602290935;0.026258030790663644;0.4208407624509289;0.025749287727849637
Porteur d’eau;Transporteur terrestre;0.4737103116031181;0.7838525449470461;317.38590877408916;P — activité proposée;"MJ132; SB121";"Marché, vie nocturne, arène Illu Die avec ingénierie taii’maku ; marchands, restauration, loisirs, gardes, contrebande. Professions des résidents ; lieu de travail et commanditaires peuvent être extérieurs au quartier. Visiteurs exclus du stock. activité/institution locale Budget civil 27,00 % ; coefficient 6,000000 ; part de filière 3,239 %. Réseau, itinéraires, confiance et capital ; manutention distincte de propriété du fret.";0.0004739256734468338;0.0003883049602290935;0.026258030790663644;0.4208407624509289;0.025749287727849637
Transporteur de canopée;Transporteur terrestre;0;0;0.0;D — activité déduite;SB154;"Marché, vie nocturne, arène Illu Die avec ingénierie taii’maku ; marchands, restauration, loisirs, gardes, contrebande. Professions des résidents ; lieu de travail et commanditaires peuvent être extérieurs au quartier. Visiteurs exclus du stock. activité/institution locale Budget civil 27,00 % ; coefficient 0,000000 ; part de filière 0,000 %. Zéro proposé : Filière régionale non retenue dans ce scénario, sans interdiction universelle. Réseau, itinéraires, confiance et capital ; manutention distincte de propriété du fret.";0;0;0;0;0
Opérateur de Stone Disks;Transporteur terrestre;0;0;0.0;A — activité attestée;PG13;"Marché, vie nocturne, arène Illu Die avec ingénierie taii’maku ; marchands, restauration, loisirs, gardes, contrebande. Professions des résidents ; lieu de travail et commanditaires peuvent être extérieurs au quartier. Visiteurs exclus du stock. activité/institution locale Prêtre nain de Dorsi; Formation spécialisée Budget civil 27,00 % ; coefficient 0,000000 ; part de filière 0,000 %. Zéro proposé : Filière régionale non retenue dans ce scénario, sans interdiction universelle. Réseau, itinéraires, confiance et capital ; manutention distincte de propriété du fret.";0;0;0;0;0
Palefrenier et soigneur d’écurie;Transporteur terrestre;0.4737103116031181;0.7838525449470461;317.38590877408916;D — activité déduite;SB123;"Marché, vie nocturne, arène Illu Die avec ingénierie taii’maku ; marchands, restauration, loisirs, gardes, contrebande. Professions des résidents ; lieu de travail et commanditaires peuvent être extérieurs au quartier. Visiteurs exclus du stock. activité/institution locale Budget civil 27,00 % ; coefficient 6,000000 ; part de filière 3,239 %. Réseau, itinéraires, confiance et capital ; manutention distincte de propriété du fret.";0.0004739256734468338;0.0003883049602290935;0.026258030790663644;0.4208407624509289;0.025749287727849637
Marin;Marin;0.19737929650129918;0.3266052270612692;132.24412865587044;A — activité attestée;MJ136;"Marché, vie nocturne, arène Illu Die avec ingénierie taii’maku ; marchands, restauration, loisirs, gardes, contrebande. Professions des résidents ; lieu de travail et commanditaires peuvent être extérieurs au quartier. Visiteurs exclus du stock. activité/institution locale Budget civil 27,00 % ; coefficient 2,500000 ; part de filière 1,350 %. Réseau, itinéraires, confiance et capital ; manutention distincte de propriété du fret.";0.0001974690306028474;0.0001617937334287889;0.010940846162776517;0.175350317687887;0.010728869886604011
Navigateur;Marin;0.0789517186005197;0.13064209082450773;52.89765146234819;A — activité attestée;MJ136;"Marché, vie nocturne, arène Illu Die avec ingénierie taii’maku ; marchands, restauration, loisirs, gardes, contrebande. Professions des résidents ; lieu de travail et commanditaires peuvent être extérieurs au quartier. Visiteurs exclus du stock. activité/institution locale Budget civil 27,00 % ; coefficient 1,000000 ; part de filière 0,540 %. Réseau, itinéraires, confiance et capital ; manutention distincte de propriété du fret.";7.898761224113898e-05;6.471749337151557e-05;0.004376338465110608;0.07014012707515482;0.004291547954641605
Pilote de port;Marin;0.0789517186005197;0.13064209082450773;52.89765146234819;D — activité déduite;MJ136;"Marché, vie nocturne, arène Illu Die avec ingénierie taii’maku ; marchands, restauration, loisirs, gardes, contrebande. Professions des résidents ; lieu de travail et commanditaires peuvent être extérieurs au quartier. Visiteurs exclus du stock. activité/institution locale Budget civil 27,00 % ; coefficient 1,000000 ; part de filière 0,540 %. Réseau, itinéraires, confiance et capital ; manutention distincte de propriété du fret.";7.898761224113898e-05;6.471749337151557e-05;0.004376338465110608;0.07014012707515482;0.004291547954641605
Capitaine de navire;Marin;0.0789517186005197;0.13064209082450773;52.89765146234819;A — activité attestée;MJ136;"Marché, vie nocturne, arène Illu Die avec ingénierie taii’maku ; marchands, restauration, loisirs, gardes, contrebande. Professions des résidents ; lieu de travail et commanditaires peuvent être extérieurs au quartier. Visiteurs exclus du stock. activité/institution locale Budget civil 27,00 % ; coefficient 1,000000 ; part de filière 0,540 %. Réseau, itinéraires, confiance et capital ; manutention distincte de propriété du fret.";7.898761224113898e-05;6.471749337151557e-05;0.004376338465110608;0.07014012707515482;0.004291547954641605
Pilote de véhicule volant;Marin;0;0;0.0;D — activité déduite;"SB142; SB174";"Marché, vie nocturne, arène Illu Die avec ingénierie taii’maku ; marchands, restauration, loisirs, gardes, contrebande. Professions des résidents ; lieu de travail et commanditaires peuvent être extérieurs au quartier. Visiteurs exclus du stock. activité/institution locale Budget civil 27,00 % ; coefficient 0,000000 ; part de filière 0,000 %. Zéro proposé : Climat, matière ou culture hors filière régionale retenue ; aucun établissement exceptionnel proposé. Réseau, itinéraires, confiance et capital ; manutention distincte de propriété du fret.";0;0;0;0;0
Aubergiste;Hôte professionnel;1.5288419887222002;2.5297880462560567;1024.324132443874;D — activité déduite;"SB110; SB123";"Marché, vie nocturne, arène Illu Die avec ingénierie taii’maku ; marchands, restauration, loisirs, gardes, contrebande. Professions des résidents ; lieu de travail et commanditaires peuvent être extérieurs au quartier. Visiteurs exclus du stock. activité/institution locale Budget civil 22,00 % ; coefficient 9,000000 ; part de filière 12,829 %. Apprentissage et qualification variable ; soins avancés et thérapie magique exigent formation.";4.91074860109788e-05;1.0058898193760261e-05;0.00604626398880068;1.4535635025216012;0.06917305582759375
Tavernier;Hôte professionnel;1.5288419887222002;2.5297880462560567;1024.324132443874;A — activité attestée;"SB108; SB149";"Marché, vie nocturne, arène Illu Die avec ingénierie taii’maku ; marchands, restauration, loisirs, gardes, contrebande. Professions des résidents ; lieu de travail et commanditaires peuvent être extérieurs au quartier. Visiteurs exclus du stock. activité/institution locale Budget civil 22,00 % ; coefficient 9,000000 ; part de filière 12,829 %. Apprentissage et qualification variable ; soins avancés et thérapie magique exigent formation.";4.91074860109788e-05;1.0058898193760261e-05;0.00604626398880068;1.4535635025216012;0.06917305582759375
Barbier;Barbier;1.2740349906018336;2.1081567052133807;853.6034437032285;P — activité proposée;"MJ135; PG40";"Marché, vie nocturne, arène Illu Die avec ingénierie taii’maku ; marchands, restauration, loisirs, gardes, contrebande. Professions des résidents ; lieu de travail et commanditaires peuvent être extérieurs au quartier. Visiteurs exclus du stock. activité/institution locale Budget civil 22,00 % ; coefficient 7,500000 ; part de filière 10,691 %. Apprentissage et qualification variable ; soins avancés et thérapie magique exigent formation.";4.092290500914902e-05;8.382415161466893e-06;0.00503855332400057;1.211302918768001;0.05764421318966148
Domestique;Employé domestique et aide familiale;3.3974266416048904;5.62175121390235;2276.2758498752764;A — activité attestée;"MJ135; PG40";"Marché, vie nocturne, arène Illu Die avec ingénierie taii’maku ; marchands, restauration, loisirs, gardes, contrebande. Professions des résidents ; lieu de travail et commanditaires peuvent être extérieurs au quartier. Visiteurs exclus du stock. activité/institution locale Budget civil 22,00 % ; coefficient 20,000000 ; part de filière 28,508 %. Apprentissage et qualification variable ; soins avancés et thérapie magique exigent formation.";0.00010912774669106404;2.2353107097245034e-05;0.013436142197334855;3.23014111671467;0.1537179018390973
Gardien d’enfants;Employé domestique et aide familiale;1.6987133208024452;2.810875606951175;1138.1379249376382;A — activité attestée;PG40;"Marché, vie nocturne, arène Illu Die avec ingénierie taii’maku ; marchands, restauration, loisirs, gardes, contrebande. Professions des résidents ; lieu de travail et commanditaires peuvent être extérieurs au quartier. Visiteurs exclus du stock. activité/institution locale Budget civil 22,00 % ; coefficient 10,000000 ; part de filière 14,254 %. Apprentissage et qualification variable ; soins avancés et thérapie magique exigent formation.";5.456387334553202e-05;1.1176553548622517e-05;0.0067180710986674275;1.615070558357335;0.07685895091954865
Terrassier d’hygiène urbaine;Agent d’entretien;0.339742664160489;0.562175121390235;227.62758498752763;P — activité proposée;SB90;"Marché, vie nocturne, arène Illu Die avec ingénierie taii’maku ; marchands, restauration, loisirs, gardes, contrebande. Professions des résidents ; lieu de travail et commanditaires peuvent être extérieurs au quartier. Visiteurs exclus du stock. activité/institution locale Budget civil 22,00 % ; coefficient 2,000000 ; part de filière 2,851 %. Apprentissage et qualification variable ; soins avancés et thérapie magique exigent formation.";5.467304173967752e-06;1.1198914981713191e-06;0.0006731512245503765;0.3236603805247465;0.015402545215519965
Ramoneur;Agent d’entretien;0.339742664160489;0.562175121390235;227.62758498752763;P — activité proposée;SB90;"Marché, vie nocturne, arène Illu Die avec ingénierie taii’maku ; marchands, restauration, loisirs, gardes, contrebande. Professions des résidents ; lieu de travail et commanditaires peuvent être extérieurs au quartier. Visiteurs exclus du stock. activité/institution locale Budget civil 22,00 % ; coefficient 2,000000 ; part de filière 2,851 %. Apprentissage et qualification variable ; soins avancés et thérapie magique exigent formation.";1.0912774669106406e-05;2.235310709724504e-06;0.001343614219733485;0.32301411167146693;0.015371790183909727
Fossoyeur;Agent funéraire;0.1019227992481467;0.16865253641707048;68.2882754962583;A — activité attestée;"MJ135; SB99; SB182";"Marché, vie nocturne, arène Illu Die avec ingénierie taii’maku ; marchands, restauration, loisirs, gardes, contrebande. Professions des résidents ; lieu de travail et commanditaires peuvent être extérieurs au quartier. Visiteurs exclus du stock. activité/institution locale Budget civil 22,00 % ; coefficient 0,600000 ; part de filière 0,855 %. Apprentissage et qualification variable ; soins avancés et thérapie magique exigent formation.";3.2738324007319213e-06;6.705932129173511e-07;0.00040308426592004543;0.09690423350144009;0.004611537055172919
Gardien de cimetière;Agent funéraire;0.1019227992481467;0.16865253641707048;68.2882754962583;A — activité attestée;"MJ135; SB99; SB182";"Marché, vie nocturne, arène Illu Die avec ingénierie taii’maku ; marchands, restauration, loisirs, gardes, contrebande. Professions des résidents ; lieu de travail et commanditaires peuvent être extérieurs au quartier. Visiteurs exclus du stock. activité/institution locale Budget civil 22,00 % ; coefficient 0,600000 ; part de filière 0,855 %. Apprentissage et qualification variable ; soins avancés et thérapie magique exigent formation.";3.2738324007319213e-06;6.705932129173511e-07;0.00040308426592004543;0.09690423350144009;0.004611537055172919
Momificateur;Agent funéraire;0;0;0.0;A — activité attestée;SB182;"Marché, vie nocturne, arène Illu Die avec ingénierie taii’maku ; marchands, restauration, loisirs, gardes, contrebande. Professions des résidents ; lieu de travail et commanditaires peuvent être extérieurs au quartier. Visiteurs exclus du stock. activité/institution locale Budget civil 22,00 % ; coefficient 0,000000 ; part de filière 0,000 %. Zéro proposé : Filière régionale non retenue dans ce scénario, sans interdiction universelle. Apprentissage et qualification variable ; soins avancés et thérapie magique exigent formation.";0;0;0;0;0
Gardien d’arbres funéraires;Agent funéraire;0;0;0.0;D — activité déduite;SB155;"Marché, vie nocturne, arène Illu Die avec ingénierie taii’maku ; marchands, restauration, loisirs, gardes, contrebande. Professions des résidents ; lieu de travail et commanditaires peuvent être extérieurs au quartier. Visiteurs exclus du stock. activité/institution locale Budget civil 22,00 % ; coefficient 0,000000 ; part de filière 0,000 %. Zéro proposé : Filière régionale non retenue dans ce scénario, sans interdiction universelle. Apprentissage et qualification variable ; soins avancés et thérapie magique exigent formation.";0;0;0;0;0
Marchand;Marchand;4.441034171279232;7.348617608878557;2975.4928947570857;A — activité attestée;"MJ128; SB139";"Marché, vie nocturne, arène Illu Die avec ingénierie taii’maku ; marchands, restauration, loisirs, gardes, contrebande. Professions des résidents ; lieu de travail et commanditaires peuvent être extérieurs au quartier. Visiteurs exclus du stock. activité/institution locale Budget civil 27,00 % ; coefficient 56,250000 ; part de filière 30,364 %. Réseau, itinéraires, confiance et capital ; manutention distincte de propriété du fret.";0.004443053188564068;0.0036403590021477517;0.24616903866247167;3.945382147977458;0.2413995724485903
Colporteur;Marchand;1.776413668511693;2.9394470435514233;1190.1971579028343;A — activité attestée;SB121;"Marché, vie nocturne, arène Illu Die avec ingénierie taii’maku ; marchands, restauration, loisirs, gardes, contrebande. Professions des résidents ; lieu de travail et commanditaires peuvent être extérieurs au quartier. Visiteurs exclus du stock. activité/institution locale Budget civil 27,00 % ; coefficient 22,500000 ; part de filière 12,146 %. Réseau, itinéraires, confiance et capital ; manutention distincte de propriété du fret.";0.0017772212754256268;0.0014561436008591012;0.09846761546498871;1.5781528591909832;0.09655982897943612
Courtier;Marchand;1.776413668511693;2.9394470435514233;1190.1971579028343;A — activité attestée;SB149;"Marché, vie nocturne, arène Illu Die avec ingénierie taii’maku ; marchands, restauration, loisirs, gardes, contrebande. Professions des résidents ; lieu de travail et commanditaires peuvent être extérieurs au quartier. Visiteurs exclus du stock. activité/institution locale Budget civil 27,00 % ; coefficient 22,500000 ; part de filière 12,146 %. Réseau, itinéraires, confiance et capital ; manutention distincte de propriété du fret.";0.0017772212754256268;0.0014561436008591012;0.09846761546498871;1.5781528591909832;0.09655982897943612
Commissaire-priseur d’objets magiques;Marchand;0;0;0.0;A — activité attestée;SB139;"Marché, vie nocturne, arène Illu Die avec ingénierie taii’maku ; marchands, restauration, loisirs, gardes, contrebande. Professions des résidents ; lieu de travail et commanditaires peuvent être extérieurs au quartier. Visiteurs exclus du stock. activité/institution locale Budget civil 27,00 % ; coefficient 0,000000 ; part de filière 0,000 %. Zéro proposé : Filière régionale non retenue dans ce scénario, sans interdiction universelle. Réseau, itinéraires, confiance et capital ; manutention distincte de propriété du fret.";0;0;0;0;0
Comptable;Professionnel de finance;0.24672412062662397;0.4082565338265865;165.30516081983805;D — activité déduite;"SB212; SB213";"Marché, vie nocturne, arène Illu Die avec ingénierie taii’maku ; marchands, restauration, loisirs, gardes, contrebande. Professions des résidents ; lieu de travail et commanditaires peuvent être extérieurs au quartier. Visiteurs exclus du stock. activité/institution locale Budget civil 27,00 % ; coefficient 3,125000 ; part de filière 1,687 %. Réseau, itinéraires, confiance et capital ; manutention distincte de propriété du fret.";0.00024683628825355905;0.0002022421667859862;0.013676057703470646;0.21918789710985875;0.013411087358255016
Banquier et employé de banque;Professionnel de finance;0.019737929650129916;0.03266052270612692;13.224412865587045;A — activité attestée;"SB212; SB213";"Marché, vie nocturne, arène Illu Die avec ingénierie taii’maku ; marchands, restauration, loisirs, gardes, contrebande. Professions des résidents ; lieu de travail et commanditaires peuvent être extérieurs au quartier. Visiteurs exclus du stock. activité/institution locale Budget civil 27,00 % ; coefficient 0,250000 ; part de filière 0,135 %. Réseau, itinéraires, confiance et capital ; manutention distincte de propriété du fret.";5.902583573393309e-05;4.836206620852145e-05;0.0010901162348052886;0.017471430019752775;0.0010689954936293996
Usurier et prêteur sur gages;Professionnel de finance;0.24672412062662397;0.4082565338265865;165.30516081983805;D — activité déduite;"SB212; SB213";"Marché, vie nocturne, arène Illu Die avec ingénierie taii’maku ; marchands, restauration, loisirs, gardes, contrebande. Professions des résidents ; lieu de travail et commanditaires peuvent être extérieurs au quartier. Visiteurs exclus du stock. activité/institution locale Budget civil 27,00 % ; coefficient 3,125000 ; part de filière 1,687 %. Réseau, itinéraires, confiance et capital ; manutention distincte de propriété du fret.";0.00024683628825355905;0.0002022421667859862;0.013676057703470646;0.21918789710985875;0.013411087358255016
Changeur;Professionnel de finance;0.24672412062662397;0.4082565338265865;165.30516081983805;D — activité déduite;"SB212; SB213";"Marché, vie nocturne, arène Illu Die avec ingénierie taii’maku ; marchands, restauration, loisirs, gardes, contrebande. Professions des résidents ; lieu de travail et commanditaires peuvent être extérieurs au quartier. Visiteurs exclus du stock. activité/institution locale Budget civil 27,00 % ; coefficient 3,125000 ; part de filière 1,687 %. Réseau, itinéraires, confiance et capital ; manutention distincte de propriété du fret.";0.00024683628825355905;0.0002022421667859862;0.013676057703470646;0.21918789710985875;0.013411087358255016
Assureur;Professionnel de finance;0.019737929650129923;0.03266052270612693;13.224412865587048;D — activité déduite;"SB212; SB213";"Marché, vie nocturne, arène Illu Die avec ingénierie taii’maku ; marchands, restauration, loisirs, gardes, contrebande. Professions des résidents ; lieu de travail et commanditaires peuvent être extérieurs au quartier. Visiteurs exclus du stock. activité/institution locale Budget civil 27,00 % ; coefficient 0,250000 ; part de filière 0,135 %. Réseau, itinéraires, confiance et capital ; manutention distincte de propriété du fret.";1.9746903060284745e-05;1.6179373342878892e-05;0.001094084616277652;0.017535031768788706;0.0010728869886604013
Estimateur;Professionnel de finance;0.019737929650129923;0.03266052270612693;13.224412865587048;A — activité attestée;"SB212; SB213";"Marché, vie nocturne, arène Illu Die avec ingénierie taii’maku ; marchands, restauration, loisirs, gardes, contrebande. Professions des résidents ; lieu de travail et commanditaires peuvent être extérieurs au quartier. Visiteurs exclus du stock. activité/institution locale Budget civil 27,00 % ; coefficient 0,250000 ; part de filière 0,135 %. Réseau, itinéraires, confiance et capital ; manutention distincte de propriété du fret.";1.9746903060284745e-05;1.6179373342878892e-05;0.001094084616277652;0.017535031768788706;0.0010728869886604013
Négociateur;Professionnel de finance;0.019737929650129923;0.03266052270612693;13.224412865587048;A — activité attestée;"SB212; SB213";"Marché, vie nocturne, arène Illu Die avec ingénierie taii’maku ; marchands, restauration, loisirs, gardes, contrebande. Professions des résidents ; lieu de travail et commanditaires peuvent être extérieurs au quartier. Visiteurs exclus du stock. activité/institution locale Budget civil 27,00 % ; coefficient 0,250000 ; part de filière 0,135 %. Réseau, itinéraires, confiance et capital ; manutention distincte de propriété du fret.";1.9746903060284745e-05;1.6179373342878892e-05;0.001094084616277652;0.017535031768788706;0.0010728869886604013
Scribe;Scribe et auteur;0.09328107247526206;0.15435299647094008;62.49831855842558;A — activité attestée;"MJ128; SB32";"Marché, vie nocturne, arène Illu Die avec ingénierie taii’maku ; marchands, restauration, loisirs, gardes, contrebande. Professions des résidents ; lieu de travail et commanditaires peuvent être extérieurs au quartier. Visiteurs exclus du stock. activité/institution locale Budget civil 7,00 % ; coefficient 2,000000 ; part de filière 2,460 %. Instruction, autorisation ou initiation ; clergé, caste et office ne rendent pas noble.";0.0007768736349822204;0.00015913037784006222;0.005380372116015564;0.0862319006945029;0.0007327956519213189
Calligraphe;Scribe et auteur;0.09328107247526206;0.15435299647094008;62.49831855842558;A — activité attestée;"MJ128; SB32";"Marché, vie nocturne, arène Illu Die avec ingénierie taii’maku ; marchands, restauration, loisirs, gardes, contrebande. Professions des résidents ; lieu de travail et commanditaires peuvent être extérieurs au quartier. Visiteurs exclus du stock. activité/institution locale Budget civil 7,00 % ; coefficient 2,000000 ; part de filière 2,460 %. Instruction, autorisation ou initiation ; clergé, caste et office ne rendent pas noble.";0.0007768736349822204;0.00015913037784006222;0.005380372116015564;0.0862319006945029;0.0007327956519213189
Écrivain;Scribe et auteur;0.03768192506217824;0.062352606930876596;25.24688979165942;A — activité attestée;"MJ128; SB32";"Marché, vie nocturne, arène Illu Die avec ingénierie taii’maku ; marchands, restauration, loisirs, gardes, contrebande. Professions des résidents ; lieu de travail et commanditaires peuvent être extérieurs au quartier. Visiteurs exclus du stock. activité/institution locale Budget civil 1,00 % ; coefficient 2,000000 ; part de filière 6,956 %. Long apprentissage, frais, bourses, talent, licence ou secret ; titre ne donne pas maîtrise.";0.00011446886600483254;2.3447151606180244e-05;0.0035234392889158333;0.03388236281581619;0.00013820693983520257
Journaliste et rédacteur;Scribe et auteur;0.03768192506217824;0.062352606930876596;25.24688979165942;A — activité attestée;CC9;"Marché, vie nocturne, arène Illu Die avec ingénierie taii’maku ; marchands, restauration, loisirs, gardes, contrebande. Professions des résidents ; lieu de travail et commanditaires peuvent être extérieurs au quartier. Visiteurs exclus du stock. activité/institution locale Budget civil 1,00 % ; coefficient 2,000000 ; part de filière 6,956 %. Long apprentissage, frais, bourses, talent, licence ou secret ; titre ne donne pas maîtrise.";0.00011446886600483254;2.3447151606180244e-05;0.0035234392889158333;0.03388236281581619;0.00013820693983520257
Traducteur;Scribe et auteur;0.09328107247526206;0.15435299647094008;62.49831855842558;D — activité déduite;SB198;"Marché, vie nocturne, arène Illu Die avec ingénierie taii’maku ; marchands, restauration, loisirs, gardes, contrebande. Professions des résidents ; lieu de travail et commanditaires peuvent être extérieurs au quartier. Visiteurs exclus du stock. activité/institution locale Budget civil 7,00 % ; coefficient 2,000000 ; part de filière 2,460 %. Instruction, autorisation ou initiation ; clergé, caste et office ne rendent pas noble.";0.0007768736349822204;0.00015913037784006222;0.005380372116015564;0.0862319006945029;0.0007327956519213189
Bibliothécaire;Érudit;0.06063269710892035;0.10032944770611109;40.623907062976635;A — activité attestée;MJ138;"Marché, vie nocturne, arène Illu Die avec ingénierie taii’maku ; marchands, restauration, loisirs, gardes, contrebande. Professions des résidents ; lieu de travail et commanditaires peuvent être extérieurs au quartier. Visiteurs exclus du stock. activité/institution locale Budget civil 7,00 % ; coefficient 1,300000 ; part de filière 1,599 %. Instruction, autorisation ou initiation ; clergé, caste et office ne rendent pas noble.";0.0005049678627384432;0.00010343474559604047;0.0034972418754101162;0.05605073545142689;0.00047631717374885734
Conservateur de musée;Érudit;0.06063269710892035;0.10032944770611109;40.623907062976635;A — activité attestée;PG48;"Marché, vie nocturne, arène Illu Die avec ingénierie taii’maku ; marchands, restauration, loisirs, gardes, contrebande. Professions des résidents ; lieu de travail et commanditaires peuvent être extérieurs au quartier. Visiteurs exclus du stock. activité/institution locale Budget civil 7,00 % ; coefficient 1,300000 ; part de filière 1,599 %. Instruction, autorisation ou initiation ; clergé, caste et office ne rendent pas noble.";0.0005049678627384432;0.00010343474559604047;0.0034972418754101162;0.05605073545142689;0.00047631717374885734
Historien;Érudit;0.024493251290415855;0.04052919450506979;16.410478364578623;A — activité attestée;PG46;"Marché, vie nocturne, arène Illu Die avec ingénierie taii’maku ; marchands, restauration, loisirs, gardes, contrebande. Professions des résidents ; lieu de travail et commanditaires peuvent être extérieurs au quartier. Visiteurs exclus du stock. activité/institution locale Budget civil 1,00 % ; coefficient 1,300000 ; part de filière 4,522 %. Long apprentissage, frais, bourses, talent, licence ou secret ; titre ne donne pas maîtrise.";0.00022159223155290156;4.538969266764061e-05;0.0022735928176285834;0.021863494848531697;8.918170003503315e-05
Astronome;Érudit;0.02449325129041586;0.040529194505069796;16.410478364578626;A — activité attestée;MJ138;"Marché, vie nocturne, arène Illu Die avec ingénierie taii’maku ; marchands, restauration, loisirs, gardes, contrebande. Professions des résidents ; lieu de travail et commanditaires peuvent être extérieurs au quartier. Visiteurs exclus du stock. activité/institution locale Budget civil 1,00 % ; coefficient 1,300000 ; part de filière 4,522 %. Long apprentissage, frais, bourses, talent, licence ou secret ; titre ne donne pas maîtrise.";7.440476290314117e-05;1.5240648544017164e-05;0.002290235537795291;0.02202353583028053;8.983451089288166e-05
Chercheur non arcanique;Érudit;0.024493251290415855;0.04052919450506979;16.410478364578623;A — activité attestée;"MJ138; PG46";"Marché, vie nocturne, arène Illu Die avec ingénierie taii’maku ; marchands, restauration, loisirs, gardes, contrebande. Professions des résidents ; lieu de travail et commanditaires peuvent être extérieurs au quartier. Visiteurs exclus du stock. activité/institution locale Budget civil 1,00 % ; coefficient 1,300000 ; part de filière 4,522 %. Long apprentissage, frais, bourses, talent, licence ou secret ; titre ne donne pas maîtrise.";0.00022159223155290156;4.538969266764061e-05;0.0022735928176285834;0.021863494848531697;8.918170003503315e-05
Mathématicien;Érudit;0.017145275903291096;0.028370436153548846;11.487334855205033;A — activité attestée;SB174;"Marché, vie nocturne, arène Illu Die avec ingénierie taii’maku ; marchands, restauration, loisirs, gardes, contrebande. Professions des résidents ; lieu de travail et commanditaires peuvent être extérieurs au quartier. Visiteurs exclus du stock. activité/institution locale Budget civil 1,00 % ; coefficient 0,910000 ; part de filière 3,165 %. Long apprentissage, frais, bourses, talent, licence ou secret ; titre ne donne pas maîtrise.";5.208333403219881e-05;1.0668453980812012e-05;0.0016031648764567035;0.015416475081196365;6.288415762501715e-05
Philosophe;Érudit;0.017145275903291096;0.028370436153548846;11.487334855205033;A — activité attestée;SB178;"Marché, vie nocturne, arène Illu Die avec ingénierie taii’maku ; marchands, restauration, loisirs, gardes, contrebande. Professions des résidents ; lieu de travail et commanditaires peuvent être extérieurs au quartier. Visiteurs exclus du stock. activité/institution locale Budget civil 1,00 % ; coefficient 0,910000 ; part de filière 3,165 %. Long apprentissage, frais, bourses, talent, licence ou secret ; titre ne donne pas maîtrise.";5.208333403219881e-05;1.0668453980812012e-05;0.0016031648764567035;0.015416475081196365;6.288415762501715e-05
Archéologue;Érudit;0.02449325129041586;0.040529194505069796;16.410478364578626;D — activité déduite;PG48;"Marché, vie nocturne, arène Illu Die avec ingénierie taii’maku ; marchands, restauration, loisirs, gardes, contrebande. Professions des résidents ; lieu de travail et commanditaires peuvent être extérieurs au quartier. Visiteurs exclus du stock. activité/institution locale Budget civil 1,00 % ; coefficient 1,300000 ; part de filière 4,522 %. Long apprentissage, frais, bourses, talent, licence ou secret ; titre ne donne pas maîtrise.";7.440476290314117e-05;1.5240648544017164e-05;0.002290235537795291;0.02202353583028053;8.983451089288166e-05
Professeur;Enseignant;0.07928891160397274;0.13120004700029908;53.12357077466173;A — activité attestée;"MJ138; SB141";"Marché, vie nocturne, arène Illu Die avec ingénierie taii’maku ; marchands, restauration, loisirs, gardes, contrebande. Professions des résidents ; lieu de travail et commanditaires peuvent être extérieurs au quartier. Visiteurs exclus du stock. activité/institution locale Budget civil 7,00 % ; coefficient 1,700000 ; part de filière 2,091 %. Instruction, autorisation ou initiation ; clergé, caste et office ne rendent pas noble.";0.0006603425897348873;0.0001352608211640528;0.004573316298613228;0.07329711559032745;0.0006228763041331208
Enseignant de magie arcanique;Enseignant;0.0009608890890855451;0.0015899914767373532;0.6437956896873152;A — activité attestée;SB141;"Marché, vie nocturne, arène Illu Die avec ingénierie taii’maku ; marchands, restauration, loisirs, gardes, contrebande. Professions des résidents ; lieu de travail et commanditaires peuvent être extérieurs au quartier. Visiteurs exclus du stock. activité/institution locale Budget civil 1,00 % ; coefficient 0,051000 ; part de filière 0,177 %. Long apprentissage, frais, bourses, talent, licence ou secret ; titre ne donne pas maîtrise.";2.918956083123229e-06;5.979023659575962e-07;8.984770186735369e-05;0.0008640002518033129;3.5242769657976645e-06
Instructeur martial;Enseignant;0;0;0.0;A — activité attestée;SB94;"Marché, vie nocturne, arène Illu Die avec ingénierie taii’maku ; marchands, restauration, loisirs, gardes, contrebande. Professions des résidents ; lieu de travail et commanditaires peuvent être extérieurs au quartier. Visiteurs exclus du stock. activité/institution locale Budget civil 7,00 % ; coefficient 0,000000 ; part de filière 0,000 %. Zéro proposé : Technique de site, institution, secret ou habilitation concentrée dans les implantations autorisées du scénario. Instruction, autorisation ou initiation ; clergé, caste et office ne rendent pas noble.";0;0;0;0;0
Formateur de tir à l’arc;Enseignant;0;0;0.0;A — activité attestée;SB155;"Marché, vie nocturne, arène Illu Die avec ingénierie taii’maku ; marchands, restauration, loisirs, gardes, contrebande. Professions des résidents ; lieu de travail et commanditaires peuvent être extérieurs au quartier. Visiteurs exclus du stock. activité/institution locale Budget civil 7,00 % ; coefficient 0,000000 ; part de filière 0,000 %. Zéro proposé : Technique de site, institution, secret ou habilitation concentrée dans les implantations autorisées du scénario. Instruction, autorisation ou initiation ; clergé, caste et office ne rendent pas noble.";0;0;0;0;0
Ingénieur;Ingénieur;0.0471024063277228;0.07794075866359575;31.558612239574277;A — activité attestée;SB174;"Marché, vie nocturne, arène Illu Die avec ingénierie taii’maku ; marchands, restauration, loisirs, gardes, contrebande. Professions des résidents ; lieu de travail et commanditaires peuvent être extérieurs au quartier. Visiteurs exclus du stock. activité/institution locale Budget civil 1,00 % ; coefficient 2,500000 ; part de filière 8,695 %. Long apprentissage, frais, bourses, talent, licence ou secret ; titre ne donne pas maîtrise.";0.00042613890683250287;8.728787051469342e-05;0.0043722938800549675;0.04204518240102249;0.00017150326929814063
Inventeur;Ingénieur;0.011304577518653474;0.018705782079262982;7.574066937497828;A — activité attestée;SB178;"Marché, vie nocturne, arène Illu Die avec ingénierie taii’maku ; marchands, restauration, loisirs, gardes, contrebande. Professions des résidents ; lieu de travail et commanditaires peuvent être extérieurs au quartier. Visiteurs exclus du stock. activité/institution locale Budget civil 1,00 % ; coefficient 0,600000 ; part de filière 2,087 %. Long apprentissage, frais, bourses, talent, licence ou secret ; titre ne donne pas maîtrise.";3.434065980144977e-05;7.034145481854074e-06;0.0010570317866747498;0.010164708844744859;4.146208195056076e-05
Ingénieur mystique;Ingénieur;0.01884096253108912;0.031176303465438298;12.62344489582971;A — activité attestée;SB174;"Marché, vie nocturne, arène Illu Die avec ingénierie taii’maku ; marchands, restauration, loisirs, gardes, contrebande. Professions des résidents ; lieu de travail et commanditaires peuvent être extérieurs au quartier. Visiteurs exclus du stock. activité/institution locale Budget civil 1,00 % ; coefficient 1,000000 ; part de filière 3,478 %. Long apprentissage, frais, bourses, talent, licence ou secret ; titre ne donne pas maîtrise.";5.723443300241627e-05;1.1723575803090122e-05;0.0017617196444579166;0.016941181407908096;6.910346991760128e-05
Créateur et mainteneur de golems;Ingénieur;0.01884096253108912;0.031176303465438298;12.62344489582971;D — activité déduite;SB174;"Marché, vie nocturne, arène Illu Die avec ingénierie taii’maku ; marchands, restauration, loisirs, gardes, contrebande. Professions des résidents ; lieu de travail et commanditaires peuvent être extérieurs au quartier. Visiteurs exclus du stock. activité/institution locale Budget civil 1,00 % ; coefficient 1,000000 ; part de filière 3,478 %. Long apprentissage, frais, bourses, talent, licence ou secret ; titre ne donne pas maîtrise.";5.723443300241627e-05;1.1723575803090122e-05;0.0017617196444579166;0.016941181407908096;6.910346991760128e-05
Chercheur en golems;Ingénieur;0.015072770024871297;0.02494104277235064;10.09875591666377;A — activité attestée;SB178;"Marché, vie nocturne, arène Illu Die avec ingénierie taii’maku ; marchands, restauration, loisirs, gardes, contrebande. Professions des résidents ; lieu de travail et commanditaires peuvent être extérieurs au quartier. Visiteurs exclus du stock. activité/institution locale Budget civil 1,00 % ; coefficient 0,800000 ; part de filière 2,783 %. Long apprentissage, frais, bourses, talent, licence ou secret ; titre ne donne pas maîtrise.";4.5787546401933025e-05;9.3788606424721e-06;0.001409375715566333;0.013552945126326477;5.528277593408103e-05
Ingénieur de réacteurs de bauronite;Ingénieur;0;0;0.0;D — activité déduite;SB174;"Marché, vie nocturne, arène Illu Die avec ingénierie taii’maku ; marchands, restauration, loisirs, gardes, contrebande. Professions des résidents ; lieu de travail et commanditaires peuvent être extérieurs au quartier. Visiteurs exclus du stock. activité/institution locale Accès aux secrets des réacteurs; savoir détenu par un petit nombre Budget civil 1,00 % ; coefficient 0,000000 ; part de filière 0,000 %. Zéro proposé : Filière régionale non retenue dans ce scénario, sans interdiction universelle. Long apprentissage, frais, bourses, talent, licence ou secret ; titre ne donne pas maîtrise.";0;0;0;0;0
Technicien de communication runique;Ingénieur;0;0;0.0;D — activité déduite;SB174;"Marché, vie nocturne, arène Illu Die avec ingénierie taii’maku ; marchands, restauration, loisirs, gardes, contrebande. Professions des résidents ; lieu de travail et commanditaires peuvent être extérieurs au quartier. Visiteurs exclus du stock. activité/institution locale Budget civil 1,00 % ; coefficient 0,000000 ; part de filière 0,000 %. Zéro proposé : Filière régionale non retenue dans ce scénario, sans interdiction universelle. Long apprentissage, frais, bourses, talent, licence ou secret ; titre ne donne pas maîtrise.";0;0;0;0;0
Chercheur en magie;Praticien des services arcaniques;0.0005652288759326737;0.0009352891039631491;0.37870334687489143;A — activité attestée;"SB138; SB139";"Marché, vie nocturne, arène Illu Die avec ingénierie taii’maku ; marchands, restauration, loisirs, gardes, contrebande. Professions des résidents ; lieu de travail et commanditaires peuvent être extérieurs au quartier. Visiteurs exclus du stock. activité/institution locale Budget civil 1,00 % ; coefficient 0,030000 ; part de filière 0,104 %. Long apprentissage, frais, bourses, talent, licence ou secret ; titre ne donne pas maîtrise.";1.717032990072488e-06;3.517072740927038e-07;5.28515893337375e-05;0.0005082354422372429;2.0731040975280387e-06
Fabricant d’objets magiques;Praticien des services arcaniques;0.01884096253108912;0.031176303465438298;12.62344489582971;A — activité attestée;SB138;"Marché, vie nocturne, arène Illu Die avec ingénierie taii’maku ; marchands, restauration, loisirs, gardes, contrebande. Professions des résidents ; lieu de travail et commanditaires peuvent être extérieurs au quartier. Visiteurs exclus du stock. activité/institution locale Budget civil 1,00 % ; coefficient 1,000000 ; part de filière 3,478 %. Long apprentissage, frais, bourses, talent, licence ou secret ; titre ne donne pas maîtrise.";5.723443300241627e-05;1.1723575803090122e-05;0.0017617196444579166;0.016941181407908096;6.910346991760128e-05
Fabricant de parchemins magiques;Praticien des services arcaniques;0.01884096253108912;0.031176303465438298;12.62344489582971;A — activité attestée;SB138;"Marché, vie nocturne, arène Illu Die avec ingénierie taii’maku ; marchands, restauration, loisirs, gardes, contrebande. Professions des résidents ; lieu de travail et commanditaires peuvent être extérieurs au quartier. Visiteurs exclus du stock. activité/institution locale Budget civil 1,00 % ; coefficient 1,000000 ; part de filière 3,478 %. Long apprentissage, frais, bourses, talent, licence ou secret ; titre ne donne pas maîtrise.";5.723443300241627e-05;1.1723575803090122e-05;0.0017617196444579166;0.016941181407908096;6.910346991760128e-05
Nécromancien de service;Praticien des services arcaniques;0.01884096253108912;0.031176303465438298;12.62344489582971;D — activité déduite;"SB108; SB170";"Marché, vie nocturne, arène Illu Die avec ingénierie taii’maku ; marchands, restauration, loisirs, gardes, contrebande. Professions des résidents ; lieu de travail et commanditaires peuvent être extérieurs au quartier. Visiteurs exclus du stock. activité/institution locale Budget civil 1,00 % ; coefficient 1,000000 ; part de filière 3,478 %. Long apprentissage, frais, bourses, talent, licence ou secret ; titre ne donne pas maîtrise.";5.723443300241627e-05;1.1723575803090122e-05;0.0017617196444579166;0.016941181407908096;6.910346991760128e-05
Illusionniste de service;Praticien des services arcaniques;0.01884096253108912;0.031176303465438298;12.62344489582971;D — activité déduite;"SB107; SB142";"Marché, vie nocturne, arène Illu Die avec ingénierie taii’maku ; marchands, restauration, loisirs, gardes, contrebande. Professions des résidents ; lieu de travail et commanditaires peuvent être extérieurs au quartier. Visiteurs exclus du stock. activité/institution locale Budget civil 1,00 % ; coefficient 1,000000 ; part de filière 3,478 %. Long apprentissage, frais, bourses, talent, licence ou secret ; titre ne donne pas maîtrise.";5.723443300241627e-05;1.1723575803090122e-05;0.0017617196444579166;0.016941181407908096;6.910346991760128e-05
Chercheur en aethermancy;Praticien des services arcaniques;0;0;0.0;A — activité attestée;SB140;"Marché, vie nocturne, arène Illu Die avec ingénierie taii’maku ; marchands, restauration, loisirs, gardes, contrebande. Professions des résidents ; lieu de travail et commanditaires peuvent être extérieurs au quartier. Visiteurs exclus du stock. activité/institution locale Budget civil 1,00 % ; coefficient 0,000000 ; part de filière 0,000 %. Zéro proposé : Filière régionale non retenue dans ce scénario, sans interdiction universelle. Long apprentissage, frais, bourses, talent, licence ou secret ; titre ne donne pas maîtrise.";0;0;0;0;0
Chercheur en biomancy;Praticien des services arcaniques;0;0;0.0;A — activité attestée;SB140;"Marché, vie nocturne, arène Illu Die avec ingénierie taii’maku ; marchands, restauration, loisirs, gardes, contrebande. Professions des résidents ; lieu de travail et commanditaires peuvent être extérieurs au quartier. Visiteurs exclus du stock. activité/institution locale Budget civil 1,00 % ; coefficient 0,000000 ; part de filière 0,000 %. Zéro proposé : Filière régionale non retenue dans ce scénario, sans interdiction universelle. Long apprentissage, frais, bourses, talent, licence ou secret ; titre ne donne pas maîtrise.";0;0;0;0;0
Désenchanteur et récupérateur arcanique;Praticien des services arcaniques;0;0;0.0;A — activité attestée;SB139;"Marché, vie nocturne, arène Illu Die avec ingénierie taii’maku ; marchands, restauration, loisirs, gardes, contrebande. Professions des résidents ; lieu de travail et commanditaires peuvent être extérieurs au quartier. Visiteurs exclus du stock. activité/institution locale Budget civil 1,00 % ; coefficient 0,000000 ; part de filière 0,000 %. Zéro proposé : Filière régionale non retenue dans ce scénario, sans interdiction universelle. Long apprentissage, frais, bourses, talent, licence ou secret ; titre ne donne pas maîtrise.";0;0;0;0;0
Extracteur de mémoire;Praticien des services arcaniques;0;0;0.0;A — activité attestée;SB140;"Marché, vie nocturne, arène Illu Die avec ingénierie taii’maku ; marchands, restauration, loisirs, gardes, contrebande. Professions des résidents ; lieu de travail et commanditaires peuvent être extérieurs au quartier. Visiteurs exclus du stock. activité/institution locale Budget civil 1,00 % ; coefficient 0,000000 ; part de filière 0,000 %. Zéro proposé : Filière régionale non retenue dans ce scénario, sans interdiction universelle. Long apprentissage, frais, bourses, talent, licence ou secret ; titre ne donne pas maîtrise.";0;0;0;0;0
Certificateur et inspecteur arcanique;Praticien des services arcaniques;0;0;0.0;A — activité attestée;SB139;"Marché, vie nocturne, arène Illu Die avec ingénierie taii’maku ; marchands, restauration, loisirs, gardes, contrebande. Professions des résidents ; lieu de travail et commanditaires peuvent être extérieurs au quartier. Visiteurs exclus du stock. activité/institution locale Budget civil 1,00 % ; coefficient 0,000000 ; part de filière 0,000 %. Zéro proposé : Filière régionale non retenue dans ce scénario, sans interdiction universelle. Long apprentissage, frais, bourses, talent, licence ou secret ; titre ne donne pas maîtrise.";0;0;0;0;0
Opérateur de transport magique;Praticien des services arcaniques;0.01884096253108912;0.031176303465438298;12.62344489582971;D — activité déduite;SB142;"Marché, vie nocturne, arène Illu Die avec ingénierie taii’maku ; marchands, restauration, loisirs, gardes, contrebande. Professions des résidents ; lieu de travail et commanditaires peuvent être extérieurs au quartier. Visiteurs exclus du stock. activité/institution locale Budget civil 1,00 % ; coefficient 1,000000 ; part de filière 3,478 %. Long apprentissage, frais, bourses, talent, licence ou secret ; titre ne donne pas maîtrise.";5.723443300241627e-05;1.1723575803090122e-05;0.0017617196444579166;0.016941181407908096;6.910346991760128e-05
Restaurateur de runes de tunnels;Praticien des services arcaniques;0;0;0.0;A — activité attestée;SB161;"Marché, vie nocturne, arène Illu Die avec ingénierie taii’maku ; marchands, restauration, loisirs, gardes, contrebande. Professions des résidents ; lieu de travail et commanditaires peuvent être extérieurs au quartier. Visiteurs exclus du stock. activité/institution locale Budget civil 1,00 % ; coefficient 0,000000 ; part de filière 0,000 %. Zéro proposé : Filière régionale non retenue dans ce scénario, sans interdiction universelle. Long apprentissage, frais, bourses, talent, licence ou secret ; titre ne donne pas maîtrise.";0;0;0;0;0
Artificier psychique;Praticien des services arcaniques;0;0;0.0;A — activité attestée;PG8;"Marché, vie nocturne, arène Illu Die avec ingénierie taii’maku ; marchands, restauration, loisirs, gardes, contrebande. Professions des résidents ; lieu de travail et commanditaires peuvent être extérieurs au quartier. Visiteurs exclus du stock. activité/institution locale Budget civil 1,00 % ; coefficient 0,000000 ; part de filière 0,000 %. Zéro proposé : Filière régionale non retenue dans ce scénario, sans interdiction universelle. Long apprentissage, frais, bourses, talent, licence ou secret ; titre ne donne pas maîtrise.";0;0;0;0;0
Guérisseur;Soigneur;0.28878126453641567;0.4778488531816998;193.4834472393985;A — activité attestée;"MJ141; PG36";"Marché, vie nocturne, arène Illu Die avec ingénierie taii’maku ; marchands, restauration, loisirs, gardes, contrebande. Professions des résidents ; lieu de travail et commanditaires peuvent être extérieurs au quartier. Visiteurs exclus du stock. activité/institution locale Budget civil 22,00 % ; coefficient 1,700000 ; part de filière 2,423 %. Apprentissage et qualification variable ; soins avancés et thérapie magique exigent formation.";9.275858468740444e-06;1.9000141032658288e-06;0.0011420720867734628;0.2745619949207469;0.013066021656323278
Chirurgien;Soigneur;0.04331718968046235;0.07167732797725496;29.022517085909776;P — activité proposée;"MJ141; PG36";"Marché, vie nocturne, arène Illu Die avec ingénierie taii’maku ; marchands, restauration, loisirs, gardes, contrebande. Professions des résidents ; lieu de travail et commanditaires peuvent être extérieurs au quartier. Visiteurs exclus du stock. activité/institution locale Budget civil 22,00 % ; coefficient 0,255000 ; part de filière 0,363 %. Apprentissage et qualification variable ; soins avancés et thérapie magique exigent formation.";1.3913787703110667e-06;2.8500211548987427e-07;0.00017131081301601935;0.041184299238112045;0.0019599032484484903
Praticien de psychosurgery;Soigneur;0;0;0.0;D — activité déduite;SB94;"Marché, vie nocturne, arène Illu Die avec ingénierie taii’maku ; marchands, restauration, loisirs, gardes, contrebande. Professions des résidents ; lieu de travail et commanditaires peuvent être extérieurs au quartier. Visiteurs exclus du stock. activité/institution locale Budget civil 22,00 % ; coefficient 0,000000 ; part de filière 0,000 %. Zéro proposé : Technique de site, institution, secret ou habilitation concentrée dans les implantations autorisées du scénario. Apprentissage et qualification variable ; soins avancés et thérapie magique exigent formation.";0;0;0;0;0
Opérateur de thérapie onirique;Soigneur;0;0;0.0;D — activité déduite;"SB141; SB228";"Marché, vie nocturne, arène Illu Die avec ingénierie taii’maku ; marchands, restauration, loisirs, gardes, contrebande. Professions des résidents ; lieu de travail et commanditaires peuvent être extérieurs au quartier. Visiteurs exclus du stock. activité/institution locale Budget civil 22,00 % ; coefficient 0,000000 ; part de filière 0,000 %. Zéro proposé : Technique de site, institution, secret ou habilitation concentrée dans les implantations autorisées du scénario. Apprentissage et qualification variable ; soins avancés et thérapie magique exigent formation.";0;0;0;0;0
Prêtre et officiant;Officiant religieux;0.09328107247526206;0.15435299647094008;62.49831855842558;A — activité attestée;"MJ127; SB182";"Marché, vie nocturne, arène Illu Die avec ingénierie taii’maku ; marchands, restauration, loisirs, gardes, contrebande. Professions des résidents ; lieu de travail et commanditaires peuvent être extérieurs au quartier. Visiteurs exclus du stock. activité/institution locale Budget civil 7,00 % ; coefficient 2,000000 ; part de filière 2,460 %. Instruction, autorisation ou initiation ; clergé, caste et office ne rendent pas noble.";0.0007768736349822204;0.00015913037784006222;0.005380372116015564;0.0862319006945029;0.0007327956519213189
Acolyte;Officiant religieux;0.09328107247526206;0.15435299647094008;62.49831855842558;A — activité attestée;"MJ127; SB182";"Marché, vie nocturne, arène Illu Die avec ingénierie taii’maku ; marchands, restauration, loisirs, gardes, contrebande. Professions des résidents ; lieu de travail et commanditaires peuvent être extérieurs au quartier. Visiteurs exclus du stock. activité/institution locale Budget civil 7,00 % ; coefficient 2,000000 ; part de filière 2,460 %. Instruction, autorisation ou initiation ; clergé, caste et office ne rendent pas noble.";0.0007768736349822204;0.00015913037784006222;0.005380372116015564;0.0862319006945029;0.0007327956519213189
Shaman;Officiant religieux;0.09328107247526206;0.15435299647094008;62.49831855842558;A — activité attestée;"SB129; SB191";"Marché, vie nocturne, arène Illu Die avec ingénierie taii’maku ; marchands, restauration, loisirs, gardes, contrebande. Professions des résidents ; lieu de travail et commanditaires peuvent être extérieurs au quartier. Visiteurs exclus du stock. activité/institution locale Budget civil 7,00 % ; coefficient 2,000000 ; part de filière 2,460 %. Instruction, autorisation ou initiation ; clergé, caste et office ne rendent pas noble.";0.0007768736349822204;0.00015913037784006222;0.005380372116015564;0.0862319006945029;0.0007327956519213189
Sugenja;Officiant religieux;0;0;0.0;A — activité attestée;SB198;"Marché, vie nocturne, arène Illu Die avec ingénierie taii’maku ; marchands, restauration, loisirs, gardes, contrebande. Professions des résidents ; lieu de travail et commanditaires peuvent être extérieurs au quartier. Visiteurs exclus du stock. activité/institution locale Budget civil 7,00 % ; coefficient 0,000000 ; part de filière 0,000 %. Zéro proposé : Filière régionale non retenue dans ce scénario, sans interdiction universelle. Instruction, autorisation ou initiation ; clergé, caste et office ne rendent pas noble.";0;0;0;0;0
Gardien et officiant druidique;Officiant religieux;0.09328107247526206;0.15435299647094008;62.49831855842558;A — activité attestée;SB153;"Marché, vie nocturne, arène Illu Die avec ingénierie taii’maku ; marchands, restauration, loisirs, gardes, contrebande. Professions des résidents ; lieu de travail et commanditaires peuvent être extérieurs au quartier. Visiteurs exclus du stock. activité/institution locale Budget civil 7,00 % ; coefficient 2,000000 ; part de filière 2,460 %. Instruction, autorisation ou initiation ; clergé, caste et office ne rendent pas noble.";0.0007768736349822204;0.00015913037784006222;0.005380372116015564;0.0862319006945029;0.0007327956519213189
Gardien-purificateur de Mother Tree;Officiant religieux;0;0;0.0;A — activité attestée;SB153;"Marché, vie nocturne, arène Illu Die avec ingénierie taii’maku ; marchands, restauration, loisirs, gardes, contrebande. Professions des résidents ; lieu de travail et commanditaires peuvent être extérieurs au quartier. Visiteurs exclus du stock. activité/institution locale Budget civil 7,00 % ; coefficient 0,000000 ; part de filière 0,000 %. Zéro proposé : Filière régionale non retenue dans ce scénario, sans interdiction universelle. Instruction, autorisation ou initiation ; clergé, caste et office ne rendent pas noble.";0;0;0;0;0
Officiant des rites Ba-Akhu;Officiant religieux;0;0;0.0;A — activité attestée;SB184;"Marché, vie nocturne, arène Illu Die avec ingénierie taii’maku ; marchands, restauration, loisirs, gardes, contrebande. Professions des résidents ; lieu de travail et commanditaires peuvent être extérieurs au quartier. Visiteurs exclus du stock. activité/institution locale Budget civil 7,00 % ; coefficient 0,000000 ; part de filière 0,000 %. Zéro proposé : Filière régionale non retenue dans ce scénario, sans interdiction universelle. Instruction, autorisation ou initiation ; clergé, caste et office ne rendent pas noble.";0;0;0;0;0
Garde et sentinelle;Garde et surveillant;0.19478087930931612;0.3223056036862211;130.5031891372418;A — activité attestée;"MJ140; SB90";"Marché, vie nocturne, arène Illu Die avec ingénierie taii’maku ; marchands, restauration, loisirs, gardes, contrebande. Professions des résidents ; lieu de travail et commanditaires peuvent être extérieurs au quartier. Visiteurs exclus du stock. activité/institution locale Budget civil 4,00 % ; coefficient 8,050000 ; part de filière 8,989 %. Entraînement, loyauté, armes et habilitations ; aucun métier verrouillé par naissance sauf source explicite.";0.00041692670035215027;8.540089452278362e-05;0.005389995607660257;0.1851131520120448;0.0037754040947361074
Garde du corps;Garde et surveillant;0.19478087930931612;0.3223056036862211;130.5031891372418;A — activité attestée;"MJ140; SB90";"Marché, vie nocturne, arène Illu Die avec ingénierie taii’maku ; marchands, restauration, loisirs, gardes, contrebande. Professions des résidents ; lieu de travail et commanditaires peuvent être extérieurs au quartier. Visiteurs exclus du stock. activité/institution locale Budget civil 4,00 % ; coefficient 8,050000 ; part de filière 8,989 %. Entraînement, loyauté, armes et habilitations ; aucun métier verrouillé par naissance sauf source explicite.";0.00041692670035215027;8.540089452278362e-05;0.005389995607660257;0.1851131520120448;0.0037754040947361074
Soldat;Combattant professionnel;2.9850746268656714;4.939428772844364;1999.9999999999998;A — activité attestée;"MJ140; SB90";"Marché, vie nocturne, arène Illu Die avec ingénierie taii’maku ; marchands, restauration, loisirs, gardes, contrebande. Professions des résidents ; lieu de travail et commanditaires peuvent être extérieurs au quartier. Visiteurs exclus du stock. activité/institution locale Garnison incluse dans les résidents par convention proposée, comptée une seule fois. Entraînement, loyauté, armes et habilitations ; aucun métier verrouillé par naissance sauf source explicite.";0.0016004769180481332;0.00032783259107399944;0.08276335913391757;2.842411644753613;0.05797131346901884
Mercenaire;Combattant professionnel;0.19478087930931612;0.3223056036862211;130.5031891372418;A — activité attestée;"MJ140; SB90";"Marché, vie nocturne, arène Illu Die avec ingénierie taii’maku ; marchands, restauration, loisirs, gardes, contrebande. Professions des résidents ; lieu de travail et commanditaires peuvent être extérieurs au quartier. Visiteurs exclus du stock. activité/institution locale Budget civil 4,00 % ; coefficient 8,050000 ; part de filière 8,989 %. Entraînement, loyauté, armes et habilitations ; aucun métier verrouillé par naissance sauf source explicite.";0.00041692670035215027;8.540089452278362e-05;0.005389995607660257;0.1851131520120448;0.0037754040947361074
Éclaireur;Combattant professionnel;0.19478087930931612;0.3223056036862211;130.5031891372418;A — activité attestée;"MJ140; SB90";"Marché, vie nocturne, arène Illu Die avec ingénierie taii’maku ; marchands, restauration, loisirs, gardes, contrebande. Professions des résidents ; lieu de travail et commanditaires peuvent être extérieurs au quartier. Visiteurs exclus du stock. activité/institution locale Budget civil 4,00 % ; coefficient 8,050000 ; part de filière 8,989 %. Entraînement, loyauté, armes et habilitations ; aucun métier verrouillé par naissance sauf source explicite.";0.00041692670035215027;8.540089452278362e-05;0.005389995607660257;0.1851131520120448;0.0037754040947361074
Chasseur de primes;Combattant professionnel;0.19478087930931612;0.3223056036862211;130.5031891372418;A — activité attestée;MJ140;"Marché, vie nocturne, arène Illu Die avec ingénierie taii’maku ; marchands, restauration, loisirs, gardes, contrebande. Professions des résidents ; lieu de travail et commanditaires peuvent être extérieurs au quartier. Visiteurs exclus du stock. activité/institution locale Budget civil 4,00 % ; coefficient 8,050000 ; part de filière 8,989 %. Entraînement, loyauté, armes et habilitations ; aucun métier verrouillé par naissance sauf source explicite.";0.00041692670035215027;8.540089452278362e-05;0.005389995607660257;0.1851131520120448;0.0037754040947361074
Gladiateur;Combattant professionnel;0.19478087930931612;0.3223056036862211;130.5031891372418;A — activité attestée;MJ130;"Marché, vie nocturne, arène Illu Die avec ingénierie taii’maku ; marchands, restauration, loisirs, gardes, contrebande. Professions des résidents ; lieu de travail et commanditaires peuvent être extérieurs au quartier. Visiteurs exclus du stock. activité/institution locale Budget civil 4,00 % ; coefficient 8,050000 ; part de filière 8,989 %. Entraînement, loyauté, armes et habilitations ; aucun métier verrouillé par naissance sauf source explicite.";0.00041692670035215027;8.540089452278362e-05;0.005389995607660257;0.1851131520120448;0.0037754040947361074
Champion d’arène;Combattant professionnel;0.19478087930931612;0.3223056036862211;130.5031891372418;A — activité attestée;SB90;"Marché, vie nocturne, arène Illu Die avec ingénierie taii’maku ; marchands, restauration, loisirs, gardes, contrebande. Professions des résidents ; lieu de travail et commanditaires peuvent être extérieurs au quartier. Visiteurs exclus du stock. activité/institution locale Budget civil 4,00 % ; coefficient 8,050000 ; part de filière 8,989 %. Entraînement, loyauté, armes et habilitations ; aucun métier verrouillé par naissance sauf source explicite.";0.00041692670035215027;8.540089452278362e-05;0.005389995607660257;0.1851131520120448;0.0037754040947361074
Veilleur de nuit;Garde et surveillant;0.19478087930931612;0.3223056036862211;130.5031891372418;P — activité proposée;"MJ140; SB90";"Marché, vie nocturne, arène Illu Die avec ingénierie taii’maku ; marchands, restauration, loisirs, gardes, contrebande. Professions des résidents ; lieu de travail et commanditaires peuvent être extérieurs au quartier. Visiteurs exclus du stock. activité/institution locale Budget civil 4,00 % ; coefficient 8,050000 ; part de filière 8,989 %. Entraînement, loyauté, armes et habilitations ; aucun métier verrouillé par naissance sauf source explicite.";0.00041692670035215027;8.540089452278362e-05;0.005389995607660257;0.1851131520120448;0.0037754040947361074
Guide;Guide;1.5889033368354584;2.629172077843217;1064.5652356797573;A — activité attestée;MJ140;"Marché, vie nocturne, arène Illu Die avec ingénierie taii’maku ; marchands, restauration, loisirs, gardes, contrebande. Professions des résidents ; lieu de travail et commanditaires peuvent être extérieurs au quartier. Visiteurs exclus du stock. activité/institution locale Budget civil 27,00 % ; coefficient 20,125000 ; part de filière 10,864 %. Réseau, itinéraires, confiance et capital ; manutention distincte de propriété du fret.";0.0015896256963529214;0.001302439554101751;0.08807381161035097;1.4115700573874905;0.08636740258716227
Gardien de domaine;Garde et surveillant;0.19478087930931612;0.3223056036862211;130.5031891372418;A — activité attestée;MJ140;"Marché, vie nocturne, arène Illu Die avec ingénierie taii’maku ; marchands, restauration, loisirs, gardes, contrebande. Professions des résidents ; lieu de travail et commanditaires peuvent être extérieurs au quartier. Visiteurs exclus du stock. activité/institution locale Budget civil 4,00 % ; coefficient 8,050000 ; part de filière 8,989 %. Entraînement, loyauté, armes et habilitations ; aucun métier verrouillé par naissance sauf source explicite.";0.00041692670035215027;8.540089452278362e-05;0.005389995607660257;0.1851131520120448;0.0037754040947361074
Spellshield;Protecteur et contrôleur arcanique;0;0;0.0;A — activité attestée;SB140;"Marché, vie nocturne, arène Illu Die avec ingénierie taii’maku ; marchands, restauration, loisirs, gardes, contrebande. Professions des résidents ; lieu de travail et commanditaires peuvent être extérieurs au quartier. Visiteurs exclus du stock. activité/institution locale Budget civil 4,00 % ; coefficient 0,000000 ; part de filière 0,000 %. Zéro proposé : Filière régionale non retenue dans ce scénario, sans interdiction universelle. Entraînement, loyauté, armes et habilitations ; aucun métier verrouillé par naissance sauf source explicite.";0;0;0;0;0
Warden des Arcane Enforcers;Protecteur et contrôleur arcanique;0;0;0.0;A — activité attestée;SB140;"Marché, vie nocturne, arène Illu Die avec ingénierie taii’maku ; marchands, restauration, loisirs, gardes, contrebande. Professions des résidents ; lieu de travail et commanditaires peuvent être extérieurs au quartier. Visiteurs exclus du stock. activité/institution locale Budget civil 4,00 % ; coefficient 0,000000 ; part de filière 0,000 %. Zéro proposé : Filière régionale non retenue dans ce scénario, sans interdiction universelle. Entraînement, loyauté, armes et habilitations ; aucun métier verrouillé par naissance sauf source explicite.";0;0;0;0;0
Inquisiteur;Garde et surveillant;0;0;0.0;A — activité attestée;SB29;"Marché, vie nocturne, arène Illu Die avec ingénierie taii’maku ; marchands, restauration, loisirs, gardes, contrebande. Professions des résidents ; lieu de travail et commanditaires peuvent être extérieurs au quartier. Visiteurs exclus du stock. activité/institution locale Budget civil 4,00 % ; coefficient 0,000000 ; part de filière 0,000 %. Zéro proposé : Inquisiteur bauronien : aucun établissement de son Église habilité dans ce profil, notamment les ordres cirrus indépendants. Entraînement, loyauté, armes et habilitations ; aucun métier verrouillé par naissance sauf source explicite.";0;0;0;0;0
Mage impérial chargé du contrôle;Protecteur et contrôleur arcanique;0.19478087930931612;0.3223056036862211;130.5031891372418;A — activité attestée;SB98;"Marché, vie nocturne, arène Illu Die avec ingénierie taii’maku ; marchands, restauration, loisirs, gardes, contrebande. Professions des résidents ; lieu de travail et commanditaires peuvent être extérieurs au quartier. Visiteurs exclus du stock. activité/institution locale Budget civil 4,00 % ; coefficient 8,050000 ; part de filière 8,989 %. Entraînement, loyauté, armes et habilitations ; aucun métier verrouillé par naissance sauf source explicite.";0.00041692670035215027;8.540089452278362e-05;0.005389995607660257;0.1851131520120448;0.0037754040947361074
Chasseur de morts-vivants;Combattant professionnel;0.19478087930931612;0.3223056036862211;130.5031891372418;A — activité attestée;SB210;"Marché, vie nocturne, arène Illu Die avec ingénierie taii’maku ; marchands, restauration, loisirs, gardes, contrebande. Professions des résidents ; lieu de travail et commanditaires peuvent être extérieurs au quartier. Visiteurs exclus du stock. activité/institution locale Budget civil 4,00 % ; coefficient 8,050000 ; part de filière 8,989 %. Entraînement, loyauté, armes et habilitations ; aucun métier verrouillé par naissance sauf source explicite.";0.00041692670035215027;8.540089452278362e-05;0.005389995607660257;0.1851131520120448;0.0037754040947361074
Détective;Enquêteur et agent de renseignement;0.012098191261448206;0.020018981595417464;8.1057881451703;A — activité attestée;"PG9; BR42";"Marché, vie nocturne, arène Illu Die avec ingénierie taii’maku ; marchands, restauration, loisirs, gardes, contrebande. Professions des résidents ; lieu de travail et commanditaires peuvent être extérieurs au quartier. Visiteurs exclus du stock. activité/institution locale Budget civil 4,00 % ; coefficient 0,500000 ; part de filière 0,558 %. Entraînement, loyauté, armes et habilitations ; aucun métier verrouillé par naissance sauf source explicite.";2.5896068344854052e-05;5.304403386508299e-06;0.0003347823358795192;0.011497711305095951;0.00023449714874137316
Espion;Enquêteur et agent de renseignement;0.012098191261448206;0.020018981595417464;8.1057881451703;A — activité attestée;"PG9; BR42";"Marché, vie nocturne, arène Illu Die avec ingénierie taii’maku ; marchands, restauration, loisirs, gardes, contrebande. Professions des résidents ; lieu de travail et commanditaires peuvent être extérieurs au quartier. Visiteurs exclus du stock. activité/institution locale Budget civil 4,00 % ; coefficient 0,500000 ; part de filière 0,558 %. Entraînement, loyauté, armes et habilitations ; aucun métier verrouillé par naissance sauf source explicite.";2.5896068344854052e-05;5.304403386508299e-06;0.0003347823358795192;0.011497711305095951;0.00023449714874137316
Détective arcanique;Enquêteur et agent de renseignement;0;0;0.0;A — activité attestée;SB140;"Marché, vie nocturne, arène Illu Die avec ingénierie taii’maku ; marchands, restauration, loisirs, gardes, contrebande. Professions des résidents ; lieu de travail et commanditaires peuvent être extérieurs au quartier. Visiteurs exclus du stock. activité/institution locale Budget civil 4,00 % ; coefficient 0,000000 ; part de filière 0,000 %. Zéro proposé : Filière régionale non retenue dans ce scénario, sans interdiction universelle. Entraînement, loyauté, armes et habilitations ; aucun métier verrouillé par naissance sauf source explicite.";0;0;0;0;0
Fonctionnaire;Administrateur et juriste;0.4197648261386793;0.6945884841192306;281.24243351291517;A — activité attestée;"SB90; SB213";"Marché, vie nocturne, arène Illu Die avec ingénierie taii’maku ; marchands, restauration, loisirs, gardes, contrebande. Professions des résidents ; lieu de travail et commanditaires peuvent être extérieurs au quartier. Visiteurs exclus du stock. activité/institution locale Budget civil 7,00 % ; coefficient 9,000000 ; part de filière 11,070 %. Instruction, autorisation ou initiation ; clergé, caste et office ne rendent pas noble.";0.010281460923913913;0.0021059959920093057;0.023735342607422487;0.38040932161193647;0.003232705003397149
Percepteur;Administrateur et juriste;0.41976482613867927;0.6945884841192306;281.2424335129151;A — activité attestée;SB132;"Marché, vie nocturne, arène Illu Die avec ingénierie taii’maku ; marchands, restauration, loisirs, gardes, contrebande. Professions des résidents ; lieu de travail et commanditaires peuvent être extérieurs au quartier. Visiteurs exclus du stock. activité/institution locale Budget civil 7,00 % ; coefficient 9,000000 ; part de filière 11,070 %. Instruction, autorisation ou initiation ; clergé, caste et office ne rendent pas noble.";0.0034959313574199915;0.0007160867002802796;0.02421167452207003;0.38804355312526306;0.003297580433645934
Juge;Administrateur et juriste;0.4197648261386793;0.6945884841192306;281.24243351291517;A — activité attestée;"SB90; SB213";"Marché, vie nocturne, arène Illu Die avec ingénierie taii’maku ; marchands, restauration, loisirs, gardes, contrebande. Professions des résidents ; lieu de travail et commanditaires peuvent être extérieurs au quartier. Visiteurs exclus du stock. activité/institution locale Budget civil 7,00 % ; coefficient 9,000000 ; part de filière 11,070 %. Instruction, autorisation ou initiation ; clergé, caste et office ne rendent pas noble.";0.010281460923913913;0.0021059959920093057;0.023735342607422487;0.38040932161193647;0.003232705003397149
Avocat;Administrateur et juriste;0.41976482613867927;0.6945884841192306;281.2424335129151;A — activité attestée;"SB90; SB213";"Marché, vie nocturne, arène Illu Die avec ingénierie taii’maku ; marchands, restauration, loisirs, gardes, contrebande. Professions des résidents ; lieu de travail et commanditaires peuvent être extérieurs au quartier. Visiteurs exclus du stock. activité/institution locale Budget civil 7,00 % ; coefficient 9,000000 ; part de filière 11,070 %. Instruction, autorisation ou initiation ; clergé, caste et office ne rendent pas noble.";0.0034959313574199915;0.0007160867002802796;0.02421167452207003;0.38804355312526306;0.003297580433645934
Diplomate et émissaire;Administrateur et juriste;0.4197648261386793;0.6945884841192306;281.24243351291517;A — activité attestée;PG46;"Marché, vie nocturne, arène Illu Die avec ingénierie taii’maku ; marchands, restauration, loisirs, gardes, contrebande. Professions des résidents ; lieu de travail et commanditaires peuvent être extérieurs au quartier. Visiteurs exclus du stock. activité/institution locale Budget civil 7,00 % ; coefficient 9,000000 ; part de filière 11,070 %. Instruction, autorisation ou initiation ; clergé, caste et office ne rendent pas noble.";0.010281460923913913;0.0021059959920093057;0.023735342607422487;0.38040932161193647;0.003232705003397149
Recruteur et agent de missions;Administrateur et juriste;0.41976482613867927;0.6945884841192306;281.2424335129151;D — activité déduite;SB105;"Marché, vie nocturne, arène Illu Die avec ingénierie taii’maku ; marchands, restauration, loisirs, gardes, contrebande. Professions des résidents ; lieu de travail et commanditaires peuvent être extérieurs au quartier. Visiteurs exclus du stock. activité/institution locale Budget civil 7,00 % ; coefficient 9,000000 ; part de filière 11,070 %. Instruction, autorisation ou initiation ; clergé, caste et office ne rendent pas noble.";0.0034959313574199915;0.0007160867002802796;0.02421167452207003;0.38804355312526306;0.003297580433645934
Bourreau;Administrateur et juriste;0.41976482613867927;0.6945884841192306;281.2424335129151;A — activité attestée;SB148;"Marché, vie nocturne, arène Illu Die avec ingénierie taii’maku ; marchands, restauration, loisirs, gardes, contrebande. Professions des résidents ; lieu de travail et commanditaires peuvent être extérieurs au quartier. Visiteurs exclus du stock. activité/institution locale Budget civil 7,00 % ; coefficient 9,000000 ; part de filière 11,070 %. Instruction, autorisation ou initiation ; clergé, caste et office ne rendent pas noble.";0.0034959313574199915;0.0007160867002802796;0.02421167452207003;0.38804355312526306;0.003297580433645934
Acteur et comédien;Artiste du spectacle;0.12311284402985073;0.20371588657609463;82.48560549999998;A — activité attestée;MJ129;"Marché, vie nocturne, arène Illu Die avec ingénierie taii’maku ; marchands, restauration, loisirs, gardes, contrebande. Professions des résidents ; lieu de travail et commanditaires peuvent être extérieurs au quartier. Visiteurs exclus du stock. activité/institution locale Budget civil 3,00 % ; coefficient 3,000000 ; part de filière 7,576 %. Apprentissage, audition et réseau ; accès au mérite notamment Mustardseed.";0.00010500437979066026;2.1508500068137305e-05;0.004848172741315959;0.11655341155712293;0.0015847468515530541
Danseur;Artiste du spectacle;0.12311284402985073;0.20371588657609463;82.48560549999998;A — activité attestée;MJ129;"Marché, vie nocturne, arène Illu Die avec ingénierie taii’maku ; marchands, restauration, loisirs, gardes, contrebande. Professions des résidents ; lieu de travail et commanditaires peuvent être extérieurs au quartier. Visiteurs exclus du stock. activité/institution locale Budget civil 3,00 % ; coefficient 3,000000 ; part de filière 7,576 %. Apprentissage, audition et réseau ; accès au mérite notamment Mustardseed.";0.00010500437979066026;2.1508500068137305e-05;0.004848172741315959;0.11655341155712293;0.0015847468515530541
Musicien;Artiste du spectacle;0.12311284402985073;0.20371588657609463;82.48560549999998;A — activité attestée;MJ129;"Marché, vie nocturne, arène Illu Die avec ingénierie taii’maku ; marchands, restauration, loisirs, gardes, contrebande. Professions des résidents ; lieu de travail et commanditaires peuvent être extérieurs au quartier. Visiteurs exclus du stock. activité/institution locale Budget civil 3,00 % ; coefficient 3,000000 ; part de filière 7,576 %. Apprentissage, audition et réseau ; accès au mérite notamment Mustardseed.";0.00010500437979066026;2.1508500068137305e-05;0.004848172741315959;0.11655341155712293;0.0015847468515530541
Chanteur;Artiste du spectacle;0.12311284402985073;0.20371588657609463;82.48560549999998;A — activité attestée;MJ129;"Marché, vie nocturne, arène Illu Die avec ingénierie taii’maku ; marchands, restauration, loisirs, gardes, contrebande. Professions des résidents ; lieu de travail et commanditaires peuvent être extérieurs au quartier. Visiteurs exclus du stock. activité/institution locale Budget civil 3,00 % ; coefficient 3,000000 ; part de filière 7,576 %. Apprentissage, audition et réseau ; accès au mérite notamment Mustardseed.";0.00010500437979066026;2.1508500068137305e-05;0.004848172741315959;0.11655341155712293;0.0015847468515530541
Poète;Artiste du spectacle;0.12311284402985073;0.20371588657609463;82.48560549999998;A — activité attestée;MJ129;"Marché, vie nocturne, arène Illu Die avec ingénierie taii’maku ; marchands, restauration, loisirs, gardes, contrebande. Professions des résidents ; lieu de travail et commanditaires peuvent être extérieurs au quartier. Visiteurs exclus du stock. activité/institution locale Budget civil 3,00 % ; coefficient 3,000000 ; part de filière 7,576 %. Apprentissage, audition et réseau ; accès au mérite notamment Mustardseed.";0.00010500437979066026;2.1508500068137305e-05;0.004848172741315959;0.11655341155712293;0.0015847468515530541
Conteur;Artiste du spectacle;0.12311284402985073;0.20371588657609463;82.48560549999998;A — activité attestée;MJ129;"Marché, vie nocturne, arène Illu Die avec ingénierie taii’maku ; marchands, restauration, loisirs, gardes, contrebande. Professions des résidents ; lieu de travail et commanditaires peuvent être extérieurs au quartier. Visiteurs exclus du stock. activité/institution locale Budget civil 3,00 % ; coefficient 3,000000 ; part de filière 7,576 %. Apprentissage, audition et réseau ; accès au mérite notamment Mustardseed.";0.00010500437979066026;2.1508500068137305e-05;0.004848172741315959;0.11655341155712293;0.0015847468515530541
Bouffon;Artiste du spectacle;0.12311284402985073;0.20371588657609463;82.48560549999998;A — activité attestée;MJ129;"Marché, vie nocturne, arène Illu Die avec ingénierie taii’maku ; marchands, restauration, loisirs, gardes, contrebande. Professions des résidents ; lieu de travail et commanditaires peuvent être extérieurs au quartier. Visiteurs exclus du stock. activité/institution locale Budget civil 3,00 % ; coefficient 3,000000 ; part de filière 7,576 %. Apprentissage, audition et réseau ; accès au mérite notamment Mustardseed.";0.00010500437979066026;2.1508500068137305e-05;0.004848172741315959;0.11655341155712293;0.0015847468515530541
Jongleur;Artiste du spectacle;0.12311284402985073;0.20371588657609463;82.48560549999998;A — activité attestée;MJ129;"Marché, vie nocturne, arène Illu Die avec ingénierie taii’maku ; marchands, restauration, loisirs, gardes, contrebande. Professions des résidents ; lieu de travail et commanditaires peuvent être extérieurs au quartier. Visiteurs exclus du stock. activité/institution locale Budget civil 3,00 % ; coefficient 3,000000 ; part de filière 7,576 %. Apprentissage, audition et réseau ; accès au mérite notamment Mustardseed.";0.00010500437979066026;2.1508500068137305e-05;0.004848172741315959;0.11655341155712293;0.0015847468515530541
Acrobate;Artiste du spectacle;0.12311284402985073;0.20371588657609463;82.48560549999998;A — activité attestée;MJ129;"Marché, vie nocturne, arène Illu Die avec ingénierie taii’maku ; marchands, restauration, loisirs, gardes, contrebande. Professions des résidents ; lieu de travail et commanditaires peuvent être extérieurs au quartier. Visiteurs exclus du stock. activité/institution locale Budget civil 3,00 % ; coefficient 3,000000 ; part de filière 7,576 %. Apprentissage, audition et réseau ; accès au mérite notamment Mustardseed.";0.00010500437979066026;2.1508500068137305e-05;0.004848172741315959;0.11655341155712293;0.0015847468515530541
Cracheur de feu;Artiste du spectacle;0.12311284402985073;0.20371588657609463;82.48560549999998;A — activité attestée;MJ129;"Marché, vie nocturne, arène Illu Die avec ingénierie taii’maku ; marchands, restauration, loisirs, gardes, contrebande. Professions des résidents ; lieu de travail et commanditaires peuvent être extérieurs au quartier. Visiteurs exclus du stock. activité/institution locale Budget civil 3,00 % ; coefficient 3,000000 ; part de filière 7,576 %. Apprentissage, audition et réseau ; accès au mérite notamment Mustardseed.";0.00010500437979066026;2.1508500068137305e-05;0.004848172741315959;0.11655341155712293;0.0015847468515530541
Compositeur;Artiste du spectacle;0.12311284402985073;0.20371588657609463;82.48560549999998;A — activité attestée;PG28;"Marché, vie nocturne, arène Illu Die avec ingénierie taii’maku ; marchands, restauration, loisirs, gardes, contrebande. Professions des résidents ; lieu de travail et commanditaires peuvent être extérieurs au quartier. Visiteurs exclus du stock. activité/institution locale Budget civil 3,00 % ; coefficient 3,000000 ; part de filière 7,576 %. Apprentissage, audition et réseau ; accès au mérite notamment Mustardseed.";0.00010500437979066026;2.1508500068137305e-05;0.004848172741315959;0.11655341155712293;0.0015847468515530541
Crieur public;Artiste du spectacle;0.12311284402985073;0.20371588657609463;82.48560549999998;P — activité proposée;MJ129;"Marché, vie nocturne, arène Illu Die avec ingénierie taii’maku ; marchands, restauration, loisirs, gardes, contrebande. Professions des résidents ; lieu de travail et commanditaires peuvent être extérieurs au quartier. Visiteurs exclus du stock. activité/institution locale Budget civil 3,00 % ; coefficient 3,000000 ; part de filière 7,576 %. Apprentissage, audition et réseau ; accès au mérite notamment Mustardseed.";0.00010500437979066026;2.1508500068137305e-05;0.004848172741315959;0.11655341155712293;0.0015847468515530541
Joueur professionnel;Professionnel du jeu;0.04924513761194031;0.0814863546304379;32.99424220000001;P — activité proposée;SB99;"Marché, vie nocturne, arène Illu Die avec ingénierie taii’maku ; marchands, restauration, loisirs, gardes, contrebande. Professions des résidents ; lieu de travail et commanditaires peuvent être extérieurs au quartier. Visiteurs exclus du stock. activité/institution locale Budget civil 3,00 % ; coefficient 1,200000 ; part de filière 3,030 %. Apprentissage, audition et réseau ; accès au mérite notamment Mustardseed.";4.2001751916264115e-05;8.603400027254921e-06;0.0019392690965263834;0.04662136462284919;0.0006338987406212217
Croupier;Professionnel du jeu;0.04924513761194031;0.0814863546304379;32.99424220000001;D — activité déduite;SB99;"Marché, vie nocturne, arène Illu Die avec ingénierie taii’maku ; marchands, restauration, loisirs, gardes, contrebande. Professions des résidents ; lieu de travail et commanditaires peuvent être extérieurs au quartier. Visiteurs exclus du stock. activité/institution locale Budget civil 3,00 % ; coefficient 1,200000 ; part de filière 3,030 %. Apprentissage, audition et réseau ; accès au mérite notamment Mustardseed.";4.2001751916264115e-05;8.603400027254921e-06;0.0019392690965263834;0.04662136462284919;0.0006338987406212217
Preneur de paris;Professionnel du jeu;0.04924513761194031;0.0814863546304379;32.99424220000001;D — activité déduite;SB99;"Marché, vie nocturne, arène Illu Die avec ingénierie taii’maku ; marchands, restauration, loisirs, gardes, contrebande. Professions des résidents ; lieu de travail et commanditaires peuvent être extérieurs au quartier. Visiteurs exclus du stock. activité/institution locale Budget civil 3,00 % ; coefficient 1,200000 ; part de filière 3,030 %. Apprentissage, audition et réseau ; accès au mérite notamment Mustardseed.";4.2001751916264115e-05;8.603400027254921e-06;0.0019392690965263834;0.04662136462284919;0.0006338987406212217
Maître-chanteur;Opérateur d’activités illicites;0.12037700305140964;0.1991888668744037;80.65259204444446;A — activité attestée;BR42;"Marché, vie nocturne, arène Illu Die avec ingénierie taii’maku ; marchands, restauration, loisirs, gardes, contrebande. Professions des résidents ; lieu de travail et commanditaires peuvent être extérieurs au quartier. Visiteurs exclus du stock. activité/institution locale Budget civil 2,00 % ; coefficient 1,000000 ; part de filière 11,111 %. Réseaux, exclusion, dettes et compétences ; statut légal distinct de noblesse.";1.821440827283925e-05;3.7309358177104293e-06;0.003363920547452578;0.10782795551581495;0.009163181644051553
Cambrioleur;Opérateur d’activités illicites;0.12037700305140964;0.1991888668744037;80.65259204444446;A — activité attestée;BR42;"Marché, vie nocturne, arène Illu Die avec ingénierie taii’maku ; marchands, restauration, loisirs, gardes, contrebande. Professions des résidents ; lieu de travail et commanditaires peuvent être extérieurs au quartier. Visiteurs exclus du stock. activité/institution locale Budget civil 2,00 % ; coefficient 1,000000 ; part de filière 11,111 %. Réseaux, exclusion, dettes et compétences ; statut légal distinct de noblesse.";1.821440827283925e-05;3.7309358177104293e-06;0.003363920547452578;0.10782795551581495;0.009163181644051553
Homme de main;Opérateur d’activités illicites;0.12037700305140964;0.1991888668744037;80.65259204444446;A — activité attestée;BR42;"Marché, vie nocturne, arène Illu Die avec ingénierie taii’maku ; marchands, restauration, loisirs, gardes, contrebande. Professions des résidents ; lieu de travail et commanditaires peuvent être extérieurs au quartier. Visiteurs exclus du stock. activité/institution locale Budget civil 2,00 % ; coefficient 1,000000 ; part de filière 11,111 %. Réseaux, exclusion, dettes et compétences ; statut légal distinct de noblesse.";1.821440827283925e-05;3.7309358177104293e-06;0.003363920547452578;0.10782795551581495;0.009163181644051553
Receleur;Opérateur d’activités illicites;0.12037700305140964;0.1991888668744037;80.65259204444446;A — activité attestée;BR42;"Marché, vie nocturne, arène Illu Die avec ingénierie taii’maku ; marchands, restauration, loisirs, gardes, contrebande. Professions des résidents ; lieu de travail et commanditaires peuvent être extérieurs au quartier. Visiteurs exclus du stock. activité/institution locale Budget civil 2,00 % ; coefficient 1,000000 ; part de filière 11,111 %. Réseaux, exclusion, dettes et compétences ; statut légal distinct de noblesse.";1.821440827283925e-05;3.7309358177104293e-06;0.003363920547452578;0.10782795551581495;0.009163181644051553
Voleur de grand chemin;Opérateur d’activités illicites;0.12037700305140964;0.1991888668744037;80.65259204444446;A — activité attestée;BR42;"Marché, vie nocturne, arène Illu Die avec ingénierie taii’maku ; marchands, restauration, loisirs, gardes, contrebande. Professions des résidents ; lieu de travail et commanditaires peuvent être extérieurs au quartier. Visiteurs exclus du stock. activité/institution locale Budget civil 2,00 % ; coefficient 1,000000 ; part de filière 11,111 %. Réseaux, exclusion, dettes et compétences ; statut légal distinct de noblesse.";1.821440827283925e-05;3.7309358177104293e-06;0.003363920547452578;0.10782795551581495;0.009163181644051553
Tueur à gages;Opérateur d’activités illicites;0.12037700305140964;0.1991888668744037;80.65259204444446;A — activité attestée;BR42;"Marché, vie nocturne, arène Illu Die avec ingénierie taii’maku ; marchands, restauration, loisirs, gardes, contrebande. Professions des résidents ; lieu de travail et commanditaires peuvent être extérieurs au quartier. Visiteurs exclus du stock. activité/institution locale Budget civil 2,00 % ; coefficient 1,000000 ; part de filière 11,111 %. Réseaux, exclusion, dettes et compétences ; statut légal distinct de noblesse.";1.821440827283925e-05;3.7309358177104293e-06;0.003363920547452578;0.10782795551581495;0.009163181644051553
Pickpocket;Opérateur d’activités illicites;0.12037700305140964;0.1991888668744037;80.65259204444446;A — activité attestée;BR42;"Marché, vie nocturne, arène Illu Die avec ingénierie taii’maku ; marchands, restauration, loisirs, gardes, contrebande. Professions des résidents ; lieu de travail et commanditaires peuvent être extérieurs au quartier. Visiteurs exclus du stock. activité/institution locale Budget civil 2,00 % ; coefficient 1,000000 ; part de filière 11,111 %. Réseaux, exclusion, dettes et compétences ; statut légal distinct de noblesse.";1.821440827283925e-05;3.7309358177104293e-06;0.003363920547452578;0.10782795551581495;0.009163181644051553
Contrebandier;Opérateur d’activités illicites;0.12037700305140964;0.1991888668744037;80.65259204444446;A — activité attestée;BR42;"Marché, vie nocturne, arène Illu Die avec ingénierie taii’maku ; marchands, restauration, loisirs, gardes, contrebande. Professions des résidents ; lieu de travail et commanditaires peuvent être extérieurs au quartier. Visiteurs exclus du stock. activité/institution locale Budget civil 2,00 % ; coefficient 1,000000 ; part de filière 11,111 %. Réseaux, exclusion, dettes et compétences ; statut légal distinct de noblesse.";1.821440827283925e-05;3.7309358177104293e-06;0.003363920547452578;0.10782795551581495;0.009163181644051553
Pirate;Opérateur d’activités illicites;0.12037700305140964;0.1991888668744037;80.65259204444446;A — activité attestée;MJ136;"Marché, vie nocturne, arène Illu Die avec ingénierie taii’maku ; marchands, restauration, loisirs, gardes, contrebande. Professions des résidents ; lieu de travail et commanditaires peuvent être extérieurs au quartier. Visiteurs exclus du stock. activité/institution locale Budget civil 2,00 % ; coefficient 1,000000 ; part de filière 11,111 %. Réseaux, exclusion, dettes et compétences ; statut légal distinct de noblesse.";1.821440827283925e-05;3.7309358177104293e-06;0.003363920547452578;0.10782795551581495;0.009163181644051553
Cultivateur de tubercules;Agriculteur;0;0;0.0;A — activité attestée;"SB120; SB168";"Marché, vie nocturne, arène Illu Die avec ingénierie taii’maku ; marchands, restauration, loisirs, gardes, contrebande. Professions des résidents ; lieu de travail et commanditaires peuvent être extérieurs au quartier. Visiteurs exclus du stock. activité/institution locale Budget civil 5,00 % ; coefficient 0,000000 ; part de filière 0,000 %. Zéro proposé : Climat, matière ou culture hors filière régionale retenue ; aucun établissement exceptionnel proposé. Transmission familiale, terre/eau, droits d’usage et outils ; les tâches saisonnières restent secondaires.";0;0;0;0;0
Cartographe;Cartographe;0.014130721898316842;0.02338222759907873;9.467583671872283;A — activité attestée;MJ128;"Marché, vie nocturne, arène Illu Die avec ingénierie taii’maku ; marchands, restauration, loisirs, gardes, contrebande. Professions des résidents ; lieu de travail et commanditaires peuvent être extérieurs au quartier. Visiteurs exclus du stock. activité/institution locale Budget civil 1,00 % ; coefficient 0,750000 ; part de filière 2,609 %. Long apprentissage, frais, bourses, talent, licence ou secret ; titre ne donne pas maîtrise.";4.2925824751812214e-05;8.792681852317594e-06;0.0013212897333434368;0.012705886055931074;5.182760243820096e-05
Sans métier actif;Statut;3.2788739999999996;5.425581133673982;2196.8455799999997;P;;Personnes productives occupées + personnes sans emploi disponibles recherchant une activité. Inclut aide familiale, subsistance, apprentissage productif et travail partiel.;0.001584;0.000516;0.039104;2.7736699999999996;0.46399999999999997
Hors activité;Statut;39.5664;0;26509.488;P;;"Tous habitants recensés dans les catégories sources; enfants, étudiants et retraités ne sont exclus de l’activité que sans contribution productive. Pas de seuil humain de 18 ans imposé.";0.16079999999999997;0.0342;1.8047999999999997;35.4666;2.1
