Métier;Base;% habitants;% actifs;Effectif attendu;Appui activité;Références;Justification proposée;Nobles de milieu privilégié / % de tous habitants;Autres nobles, dont maisons modestes / % de tous habitants;Peuple de milieu privilégié / % de tous habitants;Peuple ordinaire / % de tous habitants;Peuple précaire / % de tous habitants
Agriculteur généraliste;Agriculteur;1.2981866789582852;2.1528086613350887;1298.1866789582853;A — activité attestée;"SB90; SB198";"Winter elves, défiance civique ; pauvreté % non connue ; ne pas appliquer automatiquement Winterhold undead à ce district. Professions des résidents ; lieu de travail et commanditaires peuvent être extérieurs au quartier. Visiteurs exclus du stock. activité/institution locale Budget civil 20,00 % ; coefficient 5,000000 ; part de filière 11,523 %. Transmission familiale, terre/eau, droits d’usage et outils ; les tâches saisonnières restent secondaires.";0.0003034678563040578;0.00024244221509986554;0.005130757262444664;1.2324210947954097;0.06008891682902679
Céréalier;Agriculteur;1.5578240147499425;2.5833703936021064;1557.8240147499425;D — activité déduite;"SB90; SB198";"Winter elves, défiance civique ; pauvreté % non connue ; ne pas appliquer automatiquement Winterhold undead à ce district. Professions des résidents ; lieu de travail et commanditaires peuvent être extérieurs au quartier. Visiteurs exclus du stock. activité/institution locale Budget civil 20,00 % ; coefficient 6,000000 ; part de filière 13,828 %. Transmission familiale, terre/eau, droits d’usage et outils ; les tâches saisonnières restent secondaires.";0.00036416142756486925;0.0002909306581198385;0.006156908714933592;1.478905313754492;0.07210670019483213
Riziculteur;Agriculteur;0;0;0.0;A — activité attestée;SB198;"Winter elves, défiance civique ; pauvreté % non connue ; ne pas appliquer automatiquement Winterhold undead à ce district. Professions des résidents ; lieu de travail et commanditaires peuvent être extérieurs au quartier. Visiteurs exclus du stock. activité/institution locale Budget civil 20,00 % ; coefficient 0,000000 ; part de filière 0,000 %. Zéro proposé : Climat, matière ou culture hors filière régionale retenue ; aucun établissement exceptionnel proposé. Transmission familiale, terre/eau, droits d’usage et outils ; les tâches saisonnières restent secondaires.";0;0;0;0;0
Vigneron;Agriculteur;0.056328319999999994;0.09341036781532948;56.32831999999999;A — activité attestée;MJ128;"Winter elves, défiance civique ; pauvreté % non connue ; ne pas appliquer automatiquement Winterhold undead à ce district. Professions des résidents ; lieu de travail et commanditaires peuvent être extérieurs au quartier. Visiteurs exclus du stock. activité/institution locale Budget civil 2,00 % ; coefficient 0,600000 ; part de filière 5,000 %. Savoir-faire de terrain et sécurité ; procédé spécialisé distinct du rang social.";7.871358124585916e-06;1.57211831494344e-06;0.0004436057726715484;0.053277623949894465;0.0025976468009944504
Cultivateur d’épices;Agriculteur;0;0;0.0;A — activité attestée;SB182;"Winter elves, défiance civique ; pauvreté % non connue ; ne pas appliquer automatiquement Winterhold undead à ce district. Professions des résidents ; lieu de travail et commanditaires peuvent être extérieurs au quartier. Visiteurs exclus du stock. activité/institution locale Budget civil 2,00 % ; coefficient 0,000000 ; part de filière 0,000 %. Zéro proposé : Climat, matière ou culture hors filière régionale retenue ; aucun établissement exceptionnel proposé. Savoir-faire de terrain et sécurité ; procédé spécialisé distinct du rang social.";0;0;0;0;0
Cultivateur d’herbes pour thé;Agriculteur;0;0;0.0;D — activité déduite;SB198;"Winter elves, défiance civique ; pauvreté % non connue ; ne pas appliquer automatiquement Winterhold undead à ce district. Professions des résidents ; lieu de travail et commanditaires peuvent être extérieurs au quartier. Visiteurs exclus du stock. activité/institution locale Budget civil 2,00 % ; coefficient 0,000000 ; part de filière 0,000 %. Zéro proposé : Climat, matière ou culture hors filière régionale retenue ; aucun établissement exceptionnel proposé. Savoir-faire de terrain et sécurité ; procédé spécialisé distinct du rang social.";0;0;0;0;0
Maraîcher;Agriculteur;1.5578240147499425;2.5833703936021064;1557.8240147499425;D — activité déduite;"SB90; SB198";"Winter elves, défiance civique ; pauvreté % non connue ; ne pas appliquer automatiquement Winterhold undead à ce district. Professions des résidents ; lieu de travail et commanditaires peuvent être extérieurs au quartier. Visiteurs exclus du stock. activité/institution locale Budget civil 20,00 % ; coefficient 6,000000 ; part de filière 13,828 %. Transmission familiale, terre/eau, droits d’usage et outils ; les tâches saisonnières restent secondaires.";0.00036416142756486925;0.0002909306581198385;0.006156908714933592;1.478905313754492;0.07210670019483213
Jardinier;Horticulteur;0.09388053333333334;0.1556839463588825;93.88053333333333;A — activité attestée;"SB29; SB161";"Winter elves, défiance civique ; pauvreté % non connue ; ne pas appliquer automatiquement Winterhold undead à ce district. Professions des résidents ; lieu de travail et commanditaires peuvent être extérieurs au quartier. Visiteurs exclus du stock. activité/institution locale Budget civil 2,00 % ; coefficient 1,000000 ; part de filière 8,333 %. Savoir-faire de terrain et sécurité ; procédé spécialisé distinct du rang social.";1.3118930207643203e-05;2.6201971915724e-06;0.0007393429544525807;0.0887960399164908;0.0043294113349907504
Fleuriste;Horticulteur;0.09388053333333334;0.1556839463588825;93.88053333333333;A — activité attestée;"SB29; SB161";"Winter elves, défiance civique ; pauvreté % non connue ; ne pas appliquer automatiquement Winterhold undead à ce district. Professions des résidents ; lieu de travail et commanditaires peuvent être extérieurs au quartier. Visiteurs exclus du stock. activité/institution locale Budget civil 2,00 % ; coefficient 1,000000 ; part de filière 8,333 %. Savoir-faire de terrain et sécurité ; procédé spécialisé distinct du rang social.";1.3118930207643203e-05;2.6201971915724e-06;0.0007393429544525807;0.0887960399164908;0.0043294113349907504
Arboriculteur de verger;Horticulteur;0.25963733579165704;0.4305617322670177;259.63733579165705;D — activité déduite;"SB29; SB161";"Winter elves, défiance civique ; pauvreté % non connue ; ne pas appliquer automatiquement Winterhold undead à ce district. Professions des résidents ; lieu de travail et commanditaires peuvent être extérieurs au quartier. Visiteurs exclus du stock. activité/institution locale Budget civil 20,00 % ; coefficient 1,000000 ; part de filière 2,305 %. Transmission familiale, terre/eau, droits d’usage et outils ; les tâches saisonnières restent secondaires.";6.069357126081157e-05;4.84884430199731e-05;0.001026151452488932;0.24648421895908196;0.012017783365805355
Jardinier de roses magiques;Horticulteur;0;0;0.0;A — activité attestée;SB157;"Winter elves, défiance civique ; pauvreté % non connue ; ne pas appliquer automatiquement Winterhold undead à ce district. Professions des résidents ; lieu de travail et commanditaires peuvent être extérieurs au quartier. Visiteurs exclus du stock. activité/institution locale Budget civil 2,00 % ; coefficient 0,000000 ; part de filière 0,000 %. Zéro proposé : Filière régionale non retenue dans ce scénario, sans interdiction universelle. Savoir-faire de terrain et sécurité ; procédé spécialisé distinct du rang social.";0;0;0;0;0
Arboriculteur de breithwood;Horticulteur;0;0;0.0;D — activité déduite;SB152;"Winter elves, défiance civique ; pauvreté % non connue ; ne pas appliquer automatiquement Winterhold undead à ce district. Professions des résidents ; lieu de travail et commanditaires peuvent être extérieurs au quartier. Visiteurs exclus du stock. activité/institution locale Budget civil 2,00 % ; coefficient 0,000000 ; part de filière 0,000 %. Zéro proposé : Filière régionale non retenue dans ce scénario, sans interdiction universelle. Savoir-faire de terrain et sécurité ; procédé spécialisé distinct du rang social.";0;0;0;0;0
Éleveur généraliste;Éleveur;0.6490933394791426;1.0764043306675444;649.0933394791426;A — activité attestée;"SB120; SB182";"Winter elves, défiance civique ; pauvreté % non connue ; ne pas appliquer automatiquement Winterhold undead à ce district. Professions des résidents ; lieu de travail et commanditaires peuvent être extérieurs au quartier. Visiteurs exclus du stock. activité/institution locale Budget civil 20,00 % ; coefficient 2,500000 ; part de filière 5,762 %. Transmission familiale, terre/eau, droits d’usage et outils ; les tâches saisonnières restent secondaires.";0.0001517339281520289;0.00012122110754993277;0.002565378631222332;0.6162105473977049;0.030044458414513395
Berger;Éleveur;0.25963733579165704;0.4305617322670177;259.63733579165705;A — activité attestée;MJ135;"Winter elves, défiance civique ; pauvreté % non connue ; ne pas appliquer automatiquement Winterhold undead à ce district. Professions des résidents ; lieu de travail et commanditaires peuvent être extérieurs au quartier. Visiteurs exclus du stock. activité/institution locale Budget civil 20,00 % ; coefficient 1,000000 ; part de filière 2,305 %. Transmission familiale, terre/eau, droits d’usage et outils ; les tâches saisonnières restent secondaires.";6.069357126081157e-05;4.84884430199731e-05;0.001026151452488932;0.24648421895908196;0.012017783365805355
Éleveur de yaks;Éleveur;0;0;0.0;A — activité attestée;SB120;"Winter elves, défiance civique ; pauvreté % non connue ; ne pas appliquer automatiquement Winterhold undead à ce district. Professions des résidents ; lieu de travail et commanditaires peuvent être extérieurs au quartier. Visiteurs exclus du stock. activité/institution locale Budget civil 20,00 % ; coefficient 0,000000 ; part de filière 0,000 %. Zéro proposé : Climat, matière ou culture hors filière régionale retenue ; aucun établissement exceptionnel proposé. Transmission familiale, terre/eau, droits d’usage et outils ; les tâches saisonnières restent secondaires.";0;0;0;0;0
Éleveur de chevaux;Éleveur;0.09388053333333334;0.1556839463588825;93.88053333333333;A — activité attestée;SB182;"Winter elves, défiance civique ; pauvreté % non connue ; ne pas appliquer automatiquement Winterhold undead à ce district. Professions des résidents ; lieu de travail et commanditaires peuvent être extérieurs au quartier. Visiteurs exclus du stock. activité/institution locale Budget civil 2,00 % ; coefficient 1,000000 ; part de filière 8,333 %. Savoir-faire de terrain et sécurité ; procédé spécialisé distinct du rang social.";1.3118930207643203e-05;2.6201971915724e-06;0.0007393429544525807;0.0887960399164908;0.0043294113349907504
Éleveur de chameaux;Éleveur;0;0;0.0;A — activité attestée;SB182;"Winter elves, défiance civique ; pauvreté % non connue ; ne pas appliquer automatiquement Winterhold undead à ce district. Professions des résidents ; lieu de travail et commanditaires peuvent être extérieurs au quartier. Visiteurs exclus du stock. activité/institution locale Budget civil 2,00 % ; coefficient 0,000000 ; part de filière 0,000 %. Zéro proposé : Climat, matière ou culture hors filière régionale retenue ; aucun établissement exceptionnel proposé. Savoir-faire de terrain et sécurité ; procédé spécialisé distinct du rang social.";0;0;0;0;0
Éleveur de vers à soie;Éleveur;0;0;0.0;A — activité attestée;SB198;"Winter elves, défiance civique ; pauvreté % non connue ; ne pas appliquer automatiquement Winterhold undead à ce district. Professions des résidents ; lieu de travail et commanditaires peuvent être extérieurs au quartier. Visiteurs exclus du stock. activité/institution locale Budget civil 2,00 % ; coefficient 0,000000 ; part de filière 0,000 %. Zéro proposé : Climat, matière ou culture hors filière régionale retenue ; aucun établissement exceptionnel proposé. Savoir-faire de terrain et sécurité ; procédé spécialisé distinct du rang social.";0;0;0;0;0
Éleveur de loups géants;Éleveur;0;0;0.0;A — activité attestée;SB191;"Winter elves, défiance civique ; pauvreté % non connue ; ne pas appliquer automatiquement Winterhold undead à ce district. Professions des résidents ; lieu de travail et commanditaires peuvent être extérieurs au quartier. Visiteurs exclus du stock. activité/institution locale Budget civil 2,00 % ; coefficient 0,000000 ; part de filière 0,000 %. Zéro proposé : Filière régionale non retenue dans ce scénario, sans interdiction universelle. Savoir-faire de terrain et sécurité ; procédé spécialisé distinct du rang social.";0;0;0;0;0
Éleveur de montures volantes;Éleveur;0.09388053333333334;0.1556839463588825;93.88053333333333;A — activité attestée;"SB124; SB107";"Winter elves, défiance civique ; pauvreté % non connue ; ne pas appliquer automatiquement Winterhold undead à ce district. Professions des résidents ; lieu de travail et commanditaires peuvent être extérieurs au quartier. Visiteurs exclus du stock. activité/institution locale Budget civil 2,00 % ; coefficient 1,000000 ; part de filière 8,333 %. Savoir-faire de terrain et sécurité ; procédé spécialisé distinct du rang social.";1.3118930207643203e-05;2.6201971915724e-06;0.0007393429544525807;0.0887960399164908;0.0043294113349907504
Apiculteur;Éleveur;0.25963733579165704;0.4305617322670177;259.63733579165705;P — activité proposée;SB152;"Winter elves, défiance civique ; pauvreté % non connue ; ne pas appliquer automatiquement Winterhold undead à ce district. Professions des résidents ; lieu de travail et commanditaires peuvent être extérieurs au quartier. Visiteurs exclus du stock. activité/institution locale Budget civil 20,00 % ; coefficient 1,000000 ; part de filière 2,305 %. Transmission familiale, terre/eau, droits d’usage et outils ; les tâches saisonnières restent secondaires.";6.069357126081157e-05;4.84884430199731e-05;0.001026151452488932;0.24648421895908196;0.012017783365805355
Chasseur de gibier;Chasseur;0.7140026734270568;1.1840447637342986;714.0026734270568;A — activité attestée;"MJ139; PG20";"Winter elves, défiance civique ; pauvreté % non connue ; ne pas appliquer automatiquement Winterhold undead à ce district. Professions des résidents ; lieu de travail et commanditaires peuvent être extérieurs au quartier. Visiteurs exclus du stock. activité/institution locale Budget civil 20,00 % ; coefficient 2,750000 ; part de filière 6,338 %. Transmission familiale, terre/eau, droits d’usage et outils ; les tâches saisonnières restent secondaires.";0.00016690732096723187;0.0001333432183049261;0.002821916494344564;0.6778316021374754;0.03304890425596474
Trappeur;Chasseur;0.2856010693708228;0.47361790549371957;285.6010693708228;A — activité attestée;MJ140;"Winter elves, défiance civique ; pauvreté % non connue ; ne pas appliquer automatiquement Winterhold undead à ce district. Professions des résidents ; lieu de travail et commanditaires peuvent être extérieurs au quartier. Visiteurs exclus du stock. activité/institution locale Budget civil 20,00 % ; coefficient 1,100000 ; part de filière 2,535 %. Transmission familiale, terre/eau, droits d’usage et outils ; les tâches saisonnières restent secondaires.";6.676292838689273e-05;5.333728732197042e-05;0.0011287665977378267;0.2711326408549902;0.013219561702385892
Chasseur de monstres;Chasseur;0.02111040577833805;0.035007803685347165;21.11040577833805;A — activité attestée;PG58;"Winter elves, défiance civique ; pauvreté % non connue ; ne pas appliquer automatiquement Winterhold undead à ce district. Professions des résidents ; lieu de travail et commanditaires peuvent être extérieurs au quartier. Visiteurs exclus du stock. activité/institution locale Budget civil 1,00 % ; coefficient 1,100000 ; part de filière 3,748 %. Long apprentissage, frais, bourses, talent, licence ou secret ; titre ne donne pas maîtrise.";0.00027706204985657537;5.533661612915222e-05;0.001951796671540954;0.018753063282611167;7.314715820020028e-05
Chasseur de monstres marins;Chasseur;0;0;0.0;A — activité attestée;SB148;"Winter elves, défiance civique ; pauvreté % non connue ; ne pas appliquer automatiquement Winterhold undead à ce district. Professions des résidents ; lieu de travail et commanditaires peuvent être extérieurs au quartier. Visiteurs exclus du stock. activité/institution locale Budget civil 1,00 % ; coefficient 0,000000 ; part de filière 0,000 %. Zéro proposé : Filière régionale non retenue dans ce scénario, sans interdiction universelle. Long apprentissage, frais, bourses, talent, licence ou secret ; titre ne donne pas maîtrise.";0;0;0;0;0
Chasseur de dragons;Chasseur;0;0;0.0;A — activité attestée;SB220;"Winter elves, défiance civique ; pauvreté % non connue ; ne pas appliquer automatiquement Winterhold undead à ce district. Professions des résidents ; lieu de travail et commanditaires peuvent être extérieurs au quartier. Visiteurs exclus du stock. activité/institution locale Budget civil 1,00 % ; coefficient 0,000000 ; part de filière 0,000 %. Zéro proposé : Technique de site, institution, secret ou habilitation concentrée dans les implantations autorisées du scénario. Long apprentissage, frais, bourses, talent, licence ou secret ; titre ne donne pas maîtrise.";0;0;0;0;0
Cueilleur;Collecteur de ressources;0.31156480294998845;0.5166740787204213;311.56480294998846;A — activité attestée;"MJ139; SB153";"Winter elves, défiance civique ; pauvreté % non connue ; ne pas appliquer automatiquement Winterhold undead à ce district. Professions des résidents ; lieu de travail et commanditaires peuvent être extérieurs au quartier. Visiteurs exclus du stock. activité/institution locale Budget civil 20,00 % ; coefficient 1,200000 ; part de filière 2,766 %. Transmission familiale, terre/eau, droits d’usage et outils ; les tâches saisonnières restent secondaires.";7.28322855129739e-05;5.818613162396775e-05;0.0012313817429867192;0.2957810627508984;0.014421340038966434
Herboriste de collecte;Collecteur de ressources;0.11265664000000002;0.186820735630659;112.65664000000002;D — activité déduite;BR55;"Winter elves, défiance civique ; pauvreté % non connue ; ne pas appliquer automatiquement Winterhold undead à ce district. Professions des résidents ; lieu de travail et commanditaires peuvent être extérieurs au quartier. Visiteurs exclus du stock. activité/institution locale Budget civil 2,00 % ; coefficient 1,200000 ; part de filière 10,000 %. Savoir-faire de terrain et sécurité ; procédé spécialisé distinct du rang social.";1.5742716249171836e-05;3.144236629886881e-06;0.0008872115453430969;0.10655524789978896;0.005195293601988901
Collecteur de composants de créatures;Collecteur de ressources;0.11265664000000002;0.186820735630659;112.65664000000002;A — activité attestée;"SB104; SB139";"Winter elves, défiance civique ; pauvreté % non connue ; ne pas appliquer automatiquement Winterhold undead à ce district. Professions des résidents ; lieu de travail et commanditaires peuvent être extérieurs au quartier. Visiteurs exclus du stock. activité/institution locale Budget civil 2,00 % ; coefficient 1,200000 ; part de filière 10,000 %. Savoir-faire de terrain et sécurité ; procédé spécialisé distinct du rang social.";1.5742716249171836e-05;3.144236629886881e-06;0.0008872115453430969;0.10655524789978896;0.005195293601988901
Collecteur de perles;Collecteur de ressources;0;0;0.0;D — activité déduite;SB149;"Winter elves, défiance civique ; pauvreté % non connue ; ne pas appliquer automatiquement Winterhold undead à ce district. Professions des résidents ; lieu de travail et commanditaires peuvent être extérieurs au quartier. Visiteurs exclus du stock. activité/institution locale Budget civil 2,00 % ; coefficient 0,000000 ; part de filière 0,000 %. Zéro proposé : Filière régionale non retenue dans ce scénario, sans interdiction universelle. Savoir-faire de terrain et sécurité ; procédé spécialisé distinct du rang social.";0;0;0;0;0
Récupérateur de reliques penumbrales;Collecteur de ressources;0;0;0.0;A — activité attestée;PG8;"Winter elves, défiance civique ; pauvreté % non connue ; ne pas appliquer automatiquement Winterhold undead à ce district. Professions des résidents ; lieu de travail et commanditaires peuvent être extérieurs au quartier. Visiteurs exclus du stock. activité/institution locale Budget civil 2,00 % ; coefficient 0,000000 ; part de filière 0,000 %. Zéro proposé : Filière régionale non retenue dans ce scénario, sans interdiction universelle. Savoir-faire de terrain et sécurité ; procédé spécialisé distinct du rang social.";0;0;0;0;0
Bûcheron;Travailleur forestier;0.0704104;0.11676295976916187;70.4104;A — activité attestée;"MJ135; SB107";"Winter elves, défiance civique ; pauvreté % non connue ; ne pas appliquer automatiquement Winterhold undead à ce district. Professions des résidents ; lieu de travail et commanditaires peuvent être extérieurs au quartier. Visiteurs exclus du stock. activité/institution locale Budget civil 2,00 % ; coefficient 0,750000 ; part de filière 6,250 %. Savoir-faire de terrain et sécurité ; procédé spécialisé distinct du rang social.";9.839197655732397e-06;1.9651478936792997e-06;0.0005545072158394356;0.06659702993736809;0.0032470585012430624
Forestier;Travailleur forestier;0.0704104;0.11676295976916187;70.4104;A — activité attestée;MJ140;"Winter elves, défiance civique ; pauvreté % non connue ; ne pas appliquer automatiquement Winterhold undead à ce district. Professions des résidents ; lieu de travail et commanditaires peuvent être extérieurs au quartier. Visiteurs exclus du stock. activité/institution locale Budget civil 2,00 % ; coefficient 0,750000 ; part de filière 6,250 %. Savoir-faire de terrain et sécurité ; procédé spécialisé distinct du rang social.";9.839197655732397e-06;1.9651478936792997e-06;0.0005545072158394356;0.06659702993736809;0.0032470585012430624
Scieur;Travailleur forestier;0.0704104;0.11676295976916187;70.4104;D — activité déduite;SB99;"Winter elves, défiance civique ; pauvreté % non connue ; ne pas appliquer automatiquement Winterhold undead à ce district. Professions des résidents ; lieu de travail et commanditaires peuvent être extérieurs au quartier. Visiteurs exclus du stock. activité/institution locale Budget civil 2,00 % ; coefficient 0,750000 ; part de filière 6,250 %. Savoir-faire de terrain et sécurité ; procédé spécialisé distinct du rang social.";9.839197655732397e-06;1.9651478936792997e-06;0.0005545072158394356;0.06659702993736809;0.0032470585012430624
Pêcheur maritime;Pêcheur;3.7387776353998623;6.200088944645056;3738.777635399862;A — activité attestée;"SB110; SB168";"Winter elves, défiance civique ; pauvreté % non connue ; ne pas appliquer automatiquement Winterhold undead à ce district. Professions des résidents ; lieu de travail et commanditaires peuvent être extérieurs au quartier. Visiteurs exclus du stock. activité/institution locale Budget civil 20,00 % ; coefficient 14,400000 ; part de filière 33,187 %. Transmission familiale, terre/eau, droits d’usage et outils ; les tâches saisonnières restent secondaires.";0.0008739874261556867;0.0006982335794876127;0.014776580915840632;3.5493727530107813;0.1730560804675971
Pêcheur d’eau douce;Pêcheur;0.3738777635399861;0.6200088944645055;373.8777635399861;A — activité attestée;SB138;"Winter elves, défiance civique ; pauvreté % non connue ; ne pas appliquer automatiquement Winterhold undead à ce district. Professions des résidents ; lieu de travail et commanditaires peuvent être extérieurs au quartier. Visiteurs exclus du stock. activité/institution locale Budget civil 20,00 % ; coefficient 1,440000 ; part de filière 3,319 %. Transmission familiale, terre/eau, droits d’usage et outils ; les tâches saisonnières restent secondaires.";8.739874261556864e-05;6.982335794876125e-05;0.0014776580915840626;0.354937275301078;0.017305608046759718
Cultivateur marin;Pêcheur;0;0;0.0;P — activité proposée;SB149;"Winter elves, défiance civique ; pauvreté % non connue ; ne pas appliquer automatiquement Winterhold undead à ce district. Professions des résidents ; lieu de travail et commanditaires peuvent être extérieurs au quartier. Visiteurs exclus du stock. activité/institution locale Budget civil 20,00 % ; coefficient 0,000000 ; part de filière 0,000 %. Zéro proposé : Filière régionale non retenue dans ce scénario, sans interdiction universelle. Transmission familiale, terre/eau, droits d’usage et outils ; les tâches saisonnières restent secondaires.";0;0;0;0;0
Mineur;Extracteur de ressources minérales;0.04694026666666667;0.07784197317944125;46.940266666666666;A — activité attestée;"MJ135; SB160";"Winter elves, défiance civique ; pauvreté % non connue ; ne pas appliquer automatiquement Winterhold undead à ce district. Professions des résidents ; lieu de travail et commanditaires peuvent être extérieurs au quartier. Visiteurs exclus du stock. activité/institution locale Budget civil 2,00 % ; coefficient 0,500000 ; part de filière 4,167 %. Savoir-faire de terrain et sécurité ; procédé spécialisé distinct du rang social.";6.559465103821601e-06;1.3100985957862e-06;0.00036967147722629035;0.0443980199582454;0.0021647056674953752
Carrier;Extracteur de ressources minérales;0.04694026666666667;0.07784197317944125;46.940266666666666;D — activité déduite;"MJ135; SB160";"Winter elves, défiance civique ; pauvreté % non connue ; ne pas appliquer automatiquement Winterhold undead à ce district. Professions des résidents ; lieu de travail et commanditaires peuvent être extérieurs au quartier. Visiteurs exclus du stock. activité/institution locale Budget civil 2,00 % ; coefficient 0,500000 ; part de filière 4,167 %. Savoir-faire de terrain et sécurité ; procédé spécialisé distinct du rang social.";6.559465103821601e-06;1.3100985957862e-06;0.00036967147722629035;0.0443980199582454;0.0021647056674953752
Salinier;Extracteur de ressources minérales;0;0;0.0;P — activité proposée;SB120;"Winter elves, défiance civique ; pauvreté % non connue ; ne pas appliquer automatiquement Winterhold undead à ce district. Professions des résidents ; lieu de travail et commanditaires peuvent être extérieurs au quartier. Visiteurs exclus du stock. activité/institution locale Budget civil 2,00 % ; coefficient 0,000000 ; part de filière 0,000 %. Zéro proposé : Climat, matière ou culture hors filière régionale retenue ; aucun établissement exceptionnel proposé. Savoir-faire de terrain et sécurité ; procédé spécialisé distinct du rang social.";0;0;0;0;0
Mineur de bauronite;Extracteur de ressources minérales;0.04694026666666667;0.07784197317944125;46.940266666666666;A — activité attestée;"SB174; SB182";"Winter elves, défiance civique ; pauvreté % non connue ; ne pas appliquer automatiquement Winterhold undead à ce district. Professions des résidents ; lieu de travail et commanditaires peuvent être extérieurs au quartier. Visiteurs exclus du stock. activité/institution locale Budget civil 2,00 % ; coefficient 0,500000 ; part de filière 4,167 %. Savoir-faire de terrain et sécurité ; procédé spécialisé distinct du rang social.";6.559465103821601e-06;1.3100985957862e-06;0.00036967147722629035;0.0443980199582454;0.0021647056674953752
Mineur de tameranium;Extracteur de ressources minérales;0;0;0.0;A — activité attestée;"SB168; SB198";"Winter elves, défiance civique ; pauvreté % non connue ; ne pas appliquer automatiquement Winterhold undead à ce district. Professions des résidents ; lieu de travail et commanditaires peuvent être extérieurs au quartier. Visiteurs exclus du stock. activité/institution locale Budget civil 2,00 % ; coefficient 0,000000 ; part de filière 0,000 %. Zéro proposé : Climat, matière ou culture hors filière régionale retenue ; aucun établissement exceptionnel proposé. Savoir-faire de terrain et sécurité ; procédé spécialisé distinct du rang social.";0;0;0;0;0
Extracteur d’obsidienne;Extracteur de ressources minérales;0;0;0.0;A — activité attestée;SB190;"Winter elves, défiance civique ; pauvreté % non connue ; ne pas appliquer automatiquement Winterhold undead à ce district. Professions des résidents ; lieu de travail et commanditaires peuvent être extérieurs au quartier. Visiteurs exclus du stock. activité/institution locale Budget civil 2,00 % ; coefficient 0,000000 ; part de filière 0,000 %. Zéro proposé : Filière régionale non retenue dans ce scénario, sans interdiction universelle. Savoir-faire de terrain et sécurité ; procédé spécialisé distinct du rang social.";0;0;0;0;0
Extracteur de soufre;Extracteur de ressources minérales;0;0;0.0;A — activité attestée;SB190;"Winter elves, défiance civique ; pauvreté % non connue ; ne pas appliquer automatiquement Winterhold undead à ce district. Professions des résidents ; lieu de travail et commanditaires peuvent être extérieurs au quartier. Visiteurs exclus du stock. activité/institution locale Budget civil 2,00 % ; coefficient 0,000000 ; part de filière 0,000 %. Zéro proposé : Filière régionale non retenue dans ce scénario, sans interdiction universelle. Savoir-faire de terrain et sécurité ; procédé spécialisé distinct du rang social.";0;0;0;0;0
Prospecteur;Extracteur de ressources minérales;0.04694026666666667;0.07784197317944125;46.940266666666666;D — activité déduite;SB104;"Winter elves, défiance civique ; pauvreté % non connue ; ne pas appliquer automatiquement Winterhold undead à ce district. Professions des résidents ; lieu de travail et commanditaires peuvent être extérieurs au quartier. Visiteurs exclus du stock. activité/institution locale Budget civil 2,00 % ; coefficient 0,500000 ; part de filière 4,167 %. Savoir-faire de terrain et sécurité ; procédé spécialisé distinct du rang social.";6.559465103821601e-06;1.3100985957862e-06;0.00036967147722629035;0.0443980199582454;0.0021647056674953752
Meunier;Meunier;0.24443456519880294;0.4053506769241533;244.43456519880294;D — activité déduite;SB121;"Winter elves, défiance civique ; pauvreté % non connue ; ne pas appliquer automatiquement Winterhold undead à ce district. Professions des résidents ; lieu de travail et commanditaires peuvent être extérieurs au quartier. Visiteurs exclus du stock. activité/institution locale Budget civil 29,00 % ; coefficient 1,750000 ; part de filière 1,496 %. Apprentissage, atelier, combustible et outils ; titre noble ne remplace pas qualification.";6.620710243935328e-05;5.28932347769245e-05;0.009328076670218427;0.2240628015360161;0.010924586655352137
Boucher;Boucher;0.2793537887986319;0.4632579164847465;279.35378879863185;D — activité déduite;SB99;"Winter elves, défiance civique ; pauvreté % non connue ; ne pas appliquer automatiquement Winterhold undead à ce district. Professions des résidents ; lieu de travail et commanditaires peuvent être extérieurs au quartier. Visiteurs exclus du stock. activité/institution locale Budget civil 29,00 % ; coefficient 2,000000 ; part de filière 1,710 %. Apprentissage, atelier, combustible et outils ; titre noble ne remplace pas qualification.";7.566525993068943e-05;6.044941117362798e-05;0.010660659051678201;0.25607177318401836;0.012485241891831008
Écorcheur;Boucher;0.11174151551945274;0.18530316659389862;111.74151551945275;A — activité attestée;MJ128;"Winter elves, défiance civique ; pauvreté % non connue ; ne pas appliquer automatiquement Winterhold undead à ce district. Professions des résidents ; lieu de travail et commanditaires peuvent être extérieurs au quartier. Visiteurs exclus du stock. activité/institution locale Budget civil 29,00 % ; coefficient 0,800000 ; part de filière 0,684 %. Apprentissage, atelier, combustible et outils ; titre noble ne remplace pas qualification.";3.0266103972275784e-05;2.4179764469451192e-05;0.004264263620671282;0.10242870927360734;0.004994096756732402
Boulanger;Boulanger;0.593626801197093;0.9844230725300867;593.626801197093;A — activité attestée;MJ128;"Winter elves, défiance civique ; pauvreté % non connue ; ne pas appliquer automatiquement Winterhold undead à ce district. Professions des résidents ; lieu de travail et commanditaires peuvent être extérieurs au quartier. Visiteurs exclus du stock. activité/institution locale Budget civil 29,00 % ; coefficient 4,250000 ; part de filière 3,634 %. Apprentissage, atelier, combustible et outils ; titre noble ne remplace pas qualification.";0.0001607886773527152;0.00012845499874395965;0.022653900484816195;0.5441525180160391;0.026531139020140926
Cuisinier;Cuisinier;0.9887943826799296;1.6397372934229868;988.7943826799295;A — activité attestée;MJ128;"Winter elves, défiance civique ; pauvreté % non connue ; ne pas appliquer automatiquement Winterhold undead à ce district. Professions des résidents ; lieu de travail et commanditaires peuvent être extérieurs au quartier. Visiteurs exclus du stock. activité/institution locale Budget civil 18,00 % ; coefficient 7,500000 ; part de filière 9,752 %. Apprentissage et qualification variable ; soins avancés et thérapie magique exigent formation.";0.0001391505425167959;2.7792042105374164e-05;0.003921050405394668;0.941846395411422;0.042859994278490736
Cuisinier de haute cuisine;Cuisinier;0;0;0.0;A — activité attestée;"PG28; CC52";"Winter elves, défiance civique ; pauvreté % non connue ; ne pas appliquer automatiquement Winterhold undead à ce district. Professions des résidents ; lieu de travail et commanditaires peuvent être extérieurs au quartier. Visiteurs exclus du stock. activité/institution locale Budget civil 18,00 % ; coefficient 0,000000 ; part de filière 0,000 %. Zéro proposé : Haute cuisine concentrée auprès de clientèle et maîtres attestés/proposés ; cuisine ordinaire conservée. Apprentissage et qualification variable ; soins avancés et thérapie magique exigent formation.";0;0;0;0;0
Poissonnier;Transformateur alimentaire;0.18157996271911073;0.3011176457150852;181.57996271911074;D — activité déduite;"SB120; SB149";"Winter elves, défiance civique ; pauvreté % non connue ; ne pas appliquer automatiquement Winterhold undead à ce district. Professions des résidents ; lieu de travail et commanditaires peuvent être extérieurs au quartier. Visiteurs exclus du stock. activité/institution locale Budget civil 29,00 % ; coefficient 1,300000 ; part de filière 1,112 %. Apprentissage, atelier, combustible et outils ; titre noble ne remplace pas qualification.";4.9182418954948144e-05;3.92921172628582e-05;0.0069294283835908315;0.16644665256961194;0.008115407229690156
Saleur et sécheur alimentaire;Transformateur alimentaire;0.18157996271911073;0.3011176457150852;181.57996271911074;D — activité déduite;"SB120; SB149";"Winter elves, défiance civique ; pauvreté % non connue ; ne pas appliquer automatiquement Winterhold undead à ce district. Professions des résidents ; lieu de travail et commanditaires peuvent être extérieurs au quartier. Visiteurs exclus du stock. activité/institution locale Budget civil 29,00 % ; coefficient 1,300000 ; part de filière 1,112 %. Apprentissage, atelier, combustible et outils ; titre noble ne remplace pas qualification.";4.9182418954948144e-05;3.92921172628582e-05;0.0069294283835908315;0.16644665256961194;0.008115407229690156
Fromager;Transformateur alimentaire;0.18157996271911073;0.3011176457150852;181.57996271911074;A — activité attestée;"SB120; SB149";"Winter elves, défiance civique ; pauvreté % non connue ; ne pas appliquer automatiquement Winterhold undead à ce district. Professions des résidents ; lieu de travail et commanditaires peuvent être extérieurs au quartier. Visiteurs exclus du stock. activité/institution locale Budget civil 29,00 % ; coefficient 1,300000 ; part de filière 1,112 %. Apprentissage, atelier, combustible et outils ; titre noble ne remplace pas qualification.";4.9182418954948144e-05;3.92921172628582e-05;0.0069294283835908315;0.16644665256961194;0.008115407229690156
Huilier;Transformateur alimentaire;0.18157996271911073;0.3011176457150852;181.57996271911074;P — activité proposée;"SB120; SB149";"Winter elves, défiance civique ; pauvreté % non connue ; ne pas appliquer automatiquement Winterhold undead à ce district. Professions des résidents ; lieu de travail et commanditaires peuvent être extérieurs au quartier. Visiteurs exclus du stock. activité/institution locale Budget civil 29,00 % ; coefficient 1,300000 ; part de filière 1,112 %. Apprentissage, atelier, combustible et outils ; titre noble ne remplace pas qualification.";4.9182418954948144e-05;3.92921172628582e-05;0.0069294283835908315;0.16644665256961194;0.008115407229690156
Brasseur;Fabricant de boissons;0.16761227327917916;0.27795474989084795;167.61227327917916;A — activité attestée;"MJ128; SB120";"Winter elves, défiance civique ; pauvreté % non connue ; ne pas appliquer automatiquement Winterhold undead à ce district. Professions des résidents ; lieu de travail et commanditaires peuvent être extérieurs au quartier. Visiteurs exclus du stock. activité/institution locale Budget civil 29,00 % ; coefficient 1,200000 ; part de filière 1,026 %. Apprentissage, atelier, combustible et outils ; titre noble ne remplace pas qualification.";4.539915595841369e-05;3.62696467041768e-05;0.006396395431006925;0.15364306391041102;0.007491145135098609
Distillateur;Fabricant de boissons;0.16761227327917916;0.27795474989084795;167.61227327917916;A — activité attestée;"MJ128; SB120";"Winter elves, défiance civique ; pauvreté % non connue ; ne pas appliquer automatiquement Winterhold undead à ce district. Professions des résidents ; lieu de travail et commanditaires peuvent être extérieurs au quartier. Visiteurs exclus du stock. activité/institution locale Budget civil 29,00 % ; coefficient 1,200000 ; part de filière 1,026 %. Apprentissage, atelier, combustible et outils ; titre noble ne remplace pas qualification.";4.539915595841369e-05;3.62696467041768e-05;0.006396395431006925;0.15364306391041102;0.007491145135098609
Distillateur de Highlandtuber;Fabricant de boissons;0;0;0.0;A — activité attestée;"SB120; SB121";"Winter elves, défiance civique ; pauvreté % non connue ; ne pas appliquer automatiquement Winterhold undead à ce district. Professions des résidents ; lieu de travail et commanditaires peuvent être extérieurs au quartier. Visiteurs exclus du stock. activité/institution locale Budget civil 29,00 % ; coefficient 0,000000 ; part de filière 0,000 %. Zéro proposé : Filière régionale non retenue dans ce scénario, sans interdiction universelle. Apprentissage, atelier, combustible et outils ; titre noble ne remplace pas qualification.";0;0;0;0;0
Maître de cérémonie du thé;Maître de cérémonie du thé;0;0;0.0;A — activité attestée;SB201;"Winter elves, défiance civique ; pauvreté % non connue ; ne pas appliquer automatiquement Winterhold undead à ce district. Professions des résidents ; lieu de travail et commanditaires peuvent être extérieurs au quartier. Visiteurs exclus du stock. activité/institution locale Budget civil 1,00 % ; coefficient 0,000000 ; part de filière 0,000 %. Zéro proposé : Filière régionale non retenue dans ce scénario, sans interdiction universelle. Apprentissage, audition et réseau ; accès au mérite notamment Mustardseed.";0;0;0;0;0
Alchimiste;Alchimiste;0.047978194950768285;0.07956319019397082;47.978194950768284;A — activité attestée;"MJ128; BR55";"Winter elves, défiance civique ; pauvreté % non connue ; ne pas appliquer automatiquement Winterhold undead à ce district. Professions des résidents ; lieu de travail et commanditaires peuvent être extérieurs au quartier. Visiteurs exclus du stock. activité/institution locale Budget civil 1,00 % ; coefficient 2,500000 ; part de filière 8,518 %. Long apprentissage, frais, bourses, talent, licence ou secret ; titre ne donne pas maîtrise.";0.0006296864769467617;0.00012576503665716416;0.004435901526229439;0.04262059836957083;0.00016624354136409147
Apothicaire;Alchimiste;0.019191277980307314;0.031825276077588324;19.191277980307312;A — activité attestée;"MJ128; BR55";"Winter elves, défiance civique ; pauvreté % non connue ; ne pas appliquer automatiquement Winterhold undead à ce district. Professions des résidents ; lieu de travail et commanditaires peuvent être extérieurs au quartier. Visiteurs exclus du stock. activité/institution locale Budget civil 1,00 % ; coefficient 1,000000 ; part de filière 3,407 %. Long apprentissage, frais, bourses, talent, licence ou secret ; titre ne donne pas maîtrise.";0.00025187459077870484;5.0306014662865644e-05;0.0017743606104917763;0.017048239347828332;6.64974165456366e-05
Préparateur de poisons;Alchimiste;0.019191277980307314;0.031825276077588324;19.191277980307312;D — activité déduite;"BR55; SB193";"Winter elves, défiance civique ; pauvreté % non connue ; ne pas appliquer automatiquement Winterhold undead à ce district. Professions des résidents ; lieu de travail et commanditaires peuvent être extérieurs au quartier. Visiteurs exclus du stock. activité/institution locale Budget civil 1,00 % ; coefficient 1,000000 ; part de filière 3,407 %. Long apprentissage, frais, bourses, talent, licence ou secret ; titre ne donne pas maîtrise.";0.00025187459077870484;5.0306014662865644e-05;0.0017743606104917763;0.017048239347828332;6.64974165456366e-05
Préparateur de potions;Alchimiste;0.019191277980307314;0.031825276077588324;19.191277980307312;A — activité attestée;SB138;"Winter elves, défiance civique ; pauvreté % non connue ; ne pas appliquer automatiquement Winterhold undead à ce district. Professions des résidents ; lieu de travail et commanditaires peuvent être extérieurs au quartier. Visiteurs exclus du stock. activité/institution locale Budget civil 1,00 % ; coefficient 1,000000 ; part de filière 3,407 %. Long apprentissage, frais, bourses, talent, licence ou secret ; titre ne donne pas maîtrise.";0.00025187459077870484;5.0306014662865644e-05;0.0017743606104917763;0.017048239347828332;6.64974165456366e-05
Préparateur d’Estelindea;Alchimiste;0;0;0.0;A — activité attestée;SB153;"Winter elves, défiance civique ; pauvreté % non connue ; ne pas appliquer automatiquement Winterhold undead à ce district. Professions des résidents ; lieu de travail et commanditaires peuvent être extérieurs au quartier. Visiteurs exclus du stock. activité/institution locale Budget civil 1,00 % ; coefficient 0,000000 ; part de filière 0,000 %. Zéro proposé : Filière régionale non retenue dans ce scénario, sans interdiction universelle. Long apprentissage, frais, bourses, talent, licence ou secret ; titre ne donne pas maîtrise.";0;0;0;0;0
Charbonnier;Charbonnier;0.0704104;0.11676295976916187;70.4104;P — activité proposée;SB128;"Winter elves, défiance civique ; pauvreté % non connue ; ne pas appliquer automatiquement Winterhold undead à ce district. Professions des résidents ; lieu de travail et commanditaires peuvent être extérieurs au quartier. Visiteurs exclus du stock. activité/institution locale Budget civil 2,00 % ; coefficient 0,750000 ; part de filière 6,250 %. Savoir-faire de terrain et sécurité ; procédé spécialisé distinct du rang social.";9.839197655732397e-06;1.9651478936792997e-06;0.0005545072158394356;0.06659702993736809;0.0032470585012430624
Fondeur et affineur;Métallurgiste;0.09777382607952115;0.16214027076966128;97.77382607952114;D — activité déduite;"SB198; SB160";"Winter elves, défiance civique ; pauvreté % non connue ; ne pas appliquer automatiquement Winterhold undead à ce district. Professions des résidents ; lieu de travail et commanditaires peuvent être extérieurs au quartier. Visiteurs exclus du stock. activité/institution locale Budget civil 29,00 % ; coefficient 0,700000 ; part de filière 0,599 %. Apprentissage, atelier, combustible et outils ; titre noble ne remplace pas qualification.";2.6482840975741297e-05;2.1157293910769797e-05;0.0037312306680873683;0.08962512061440642;0.004369834662140852
Aciériste;Métallurgiste;0.09777382607952115;0.16214027076966128;97.77382607952114;D — activité déduite;SB198;"Winter elves, défiance civique ; pauvreté % non connue ; ne pas appliquer automatiquement Winterhold undead à ce district. Professions des résidents ; lieu de travail et commanditaires peuvent être extérieurs au quartier. Visiteurs exclus du stock. activité/institution locale Budget civil 29,00 % ; coefficient 0,700000 ; part de filière 0,599 %. Apprentissage, atelier, combustible et outils ; titre noble ne remplace pas qualification.";2.6482840975741297e-05;2.1157293910769797e-05;0.0037312306680873683;0.08962512061440642;0.004369834662140852
Forgeron;Forgeron;0.6983844719965798;1.1581447912118665;698.3844719965798;A — activité attestée;MJ128;"Winter elves, défiance civique ; pauvreté % non connue ; ne pas appliquer automatiquement Winterhold undead à ce district. Professions des résidents ; lieu de travail et commanditaires peuvent être extérieurs au quartier. Visiteurs exclus du stock. activité/institution locale Budget civil 29,00 % ; coefficient 5,000000 ; part de filière 4,275 %. Apprentissage, atelier, combustible et outils ; titre noble ne remplace pas qualification.";0.00018916314982672368;0.00015112352793407005;0.02665164762919551;0.640179432960046;0.031213104729577532
Armurier;Forgeron;0.2793537887986319;0.4632579164847465;279.35378879863185;A — activité attestée;MJ128;"Winter elves, défiance civique ; pauvreté % non connue ; ne pas appliquer automatiquement Winterhold undead à ce district. Professions des résidents ; lieu de travail et commanditaires peuvent être extérieurs au quartier. Visiteurs exclus du stock. activité/institution locale Budget civil 29,00 % ; coefficient 2,000000 ; part de filière 1,710 %. Apprentissage, atelier, combustible et outils ; titre noble ne remplace pas qualification.";7.566525993068943e-05;6.044941117362798e-05;0.010660659051678201;0.25607177318401836;0.012485241891831008
Coutelier;Forgeron;0.2793537887986319;0.4632579164847465;279.35378879863185;D — activité déduite;MJ128;"Winter elves, défiance civique ; pauvreté % non connue ; ne pas appliquer automatiquement Winterhold undead à ce district. Professions des résidents ; lieu de travail et commanditaires peuvent être extérieurs au quartier. Visiteurs exclus du stock. activité/institution locale Budget civil 29,00 % ; coefficient 2,000000 ; part de filière 1,710 %. Apprentissage, atelier, combustible et outils ; titre noble ne remplace pas qualification.";7.566525993068943e-05;6.044941117362798e-05;0.010660659051678201;0.25607177318401836;0.012485241891831008
Rémouleur;Forgeron;0.2793537887986319;0.4632579164847465;279.35378879863185;D — activité déduite;MJ128;"Winter elves, défiance civique ; pauvreté % non connue ; ne pas appliquer automatiquement Winterhold undead à ce district. Professions des résidents ; lieu de travail et commanditaires peuvent être extérieurs au quartier. Visiteurs exclus du stock. activité/institution locale Budget civil 29,00 % ; coefficient 2,000000 ; part de filière 1,710 %. Apprentissage, atelier, combustible et outils ; titre noble ne remplace pas qualification.";7.566525993068943e-05;6.044941117362798e-05;0.010660659051678201;0.25607177318401836;0.012485241891831008
Serrurier;Mécanicien et artisan du métal;0.16761227327917916;0.27795474989084795;167.61227327917916;A — activité attestée;"MJ128; SB174";"Winter elves, défiance civique ; pauvreté % non connue ; ne pas appliquer automatiquement Winterhold undead à ce district. Professions des résidents ; lieu de travail et commanditaires peuvent être extérieurs au quartier. Visiteurs exclus du stock. activité/institution locale Budget civil 29,00 % ; coefficient 1,200000 ; part de filière 1,026 %. Apprentissage, atelier, combustible et outils ; titre noble ne remplace pas qualification.";4.539915595841369e-05;3.62696467041768e-05;0.006396395431006925;0.15364306391041102;0.007491145135098609
Rétameur;Mécanicien et artisan du métal;0.16761227327917916;0.27795474989084795;167.61227327917916;A — activité attestée;"MJ128; SB174";"Winter elves, défiance civique ; pauvreté % non connue ; ne pas appliquer automatiquement Winterhold undead à ce district. Professions des résidents ; lieu de travail et commanditaires peuvent être extérieurs au quartier. Visiteurs exclus du stock. activité/institution locale Budget civil 29,00 % ; coefficient 1,200000 ; part de filière 1,026 %. Apprentissage, atelier, combustible et outils ; titre noble ne remplace pas qualification.";4.539915595841369e-05;3.62696467041768e-05;0.006396395431006925;0.15364306391041102;0.007491145135098609
Réparateur et bricoleur;Mécanicien et artisan du métal;0.16761227327917916;0.27795474989084795;167.61227327917916;A — activité attestée;"MJ128; SB174";"Winter elves, défiance civique ; pauvreté % non connue ; ne pas appliquer automatiquement Winterhold undead à ce district. Professions des résidents ; lieu de travail et commanditaires peuvent être extérieurs au quartier. Visiteurs exclus du stock. activité/institution locale Budget civil 29,00 % ; coefficient 1,200000 ; part de filière 1,026 %. Apprentissage, atelier, combustible et outils ; titre noble ne remplace pas qualification.";4.539915595841369e-05;3.62696467041768e-05;0.006396395431006925;0.15364306391041102;0.007491145135098609
Horloger;Mécanicien et artisan du métal;0;0;0.0;D — activité déduite;SB174;"Winter elves, défiance civique ; pauvreté % non connue ; ne pas appliquer automatiquement Winterhold undead à ce district. Professions des résidents ; lieu de travail et commanditaires peuvent être extérieurs au quartier. Visiteurs exclus du stock. activité/institution locale Budget civil 29,00 % ; coefficient 0,000000 ; part de filière 0,000 %. Zéro proposé : Climat, matière ou culture hors filière régionale retenue ; aucun établissement exceptionnel proposé. Apprentissage, atelier, combustible et outils ; titre noble ne remplace pas qualification.";0;0;0;0;0
Fabricant d’outils de précision;Mécanicien et artisan du métal;0;0;0.0;A — activité attestée;SB174;"Winter elves, défiance civique ; pauvreté % non connue ; ne pas appliquer automatiquement Winterhold undead à ce district. Professions des résidents ; lieu de travail et commanditaires peuvent être extérieurs au quartier. Visiteurs exclus du stock. activité/institution locale Budget civil 29,00 % ; coefficient 0,000000 ; part de filière 0,000 %. Zéro proposé : Climat, matière ou culture hors filière régionale retenue ; aucun établissement exceptionnel proposé. Apprentissage, atelier, combustible et outils ; titre noble ne remplace pas qualification.";0;0;0;0;0
Fabricant d’instruments de navigation;Mécanicien et artisan du métal;0;0;0.0;D — activité déduite;SB174;"Winter elves, défiance civique ; pauvreté % non connue ; ne pas appliquer automatiquement Winterhold undead à ce district. Professions des résidents ; lieu de travail et commanditaires peuvent être extérieurs au quartier. Visiteurs exclus du stock. activité/institution locale Budget civil 29,00 % ; coefficient 0,000000 ; part de filière 0,000 %. Zéro proposé : Climat, matière ou culture hors filière régionale retenue ; aucun établissement exceptionnel proposé. Apprentissage, atelier, combustible et outils ; titre noble ne remplace pas qualification.";0;0;0;0;0
Bijoutier;Bijoutier;0.2793537887986319;0.4632579164847465;279.35378879863185;A — activité attestée;MJ128;"Winter elves, défiance civique ; pauvreté % non connue ; ne pas appliquer automatiquement Winterhold undead à ce district. Professions des résidents ; lieu de travail et commanditaires peuvent être extérieurs au quartier. Visiteurs exclus du stock. activité/institution locale Budget civil 29,00 % ; coefficient 2,000000 ; part de filière 1,710 %. Apprentissage, atelier, combustible et outils ; titre noble ne remplace pas qualification.";7.566525993068943e-05;6.044941117362798e-05;0.010660659051678201;0.25607177318401836;0.012485241891831008
Orfèvre;Bijoutier;0.11174151551945274;0.18530316659389862;111.74151551945275;A — activité attestée;MJ128;"Winter elves, défiance civique ; pauvreté % non connue ; ne pas appliquer automatiquement Winterhold undead à ce district. Professions des résidents ; lieu de travail et commanditaires peuvent être extérieurs au quartier. Visiteurs exclus du stock. activité/institution locale Budget civil 29,00 % ; coefficient 0,800000 ; part de filière 0,684 %. Apprentissage, atelier, combustible et outils ; titre noble ne remplace pas qualification.";3.0266103972275784e-05;2.4179764469451192e-05;0.004264263620671282;0.10242870927360734;0.004994096756732402
Lapidaire et tailleur de gemmes;Bijoutier;0.11174151551945274;0.18530316659389862;111.74151551945275;A — activité attestée;MJ128;"Winter elves, défiance civique ; pauvreté % non connue ; ne pas appliquer automatiquement Winterhold undead à ce district. Professions des résidents ; lieu de travail et commanditaires peuvent être extérieurs au quartier. Visiteurs exclus du stock. activité/institution locale Budget civil 29,00 % ; coefficient 0,800000 ; part de filière 0,684 %. Apprentissage, atelier, combustible et outils ; titre noble ne remplace pas qualification.";3.0266103972275784e-05;2.4179764469451192e-05;0.004264263620671282;0.10242870927360734;0.004994096756732402
Tanneur;Tanneur;0.17459611799914496;0.28953619780296663;174.59611799914495;A — activité attestée;MJ128;"Winter elves, défiance civique ; pauvreté % non connue ; ne pas appliquer automatiquement Winterhold undead à ce district. Professions des résidents ; lieu de travail et commanditaires peuvent être extérieurs au quartier. Visiteurs exclus du stock. activité/institution locale Budget civil 29,00 % ; coefficient 1,250000 ; part de filière 1,069 %. Apprentissage, atelier, combustible et outils ; titre noble ne remplace pas qualification.";4.729078745668092e-05;3.778088198351751e-05;0.006662911907298877;0.1600448582400115;0.007803276182394383
Fourreur;Tanneur;0.06983844719965797;0.11581447912118663;69.83844719965796;D — activité déduite;"SB120; SB133";"Winter elves, défiance civique ; pauvreté % non connue ; ne pas appliquer automatiquement Winterhold undead à ce district. Professions des résidents ; lieu de travail et commanditaires peuvent être extérieurs au quartier. Visiteurs exclus du stock. activité/institution locale Budget civil 29,00 % ; coefficient 0,500000 ; part de filière 0,428 %. Apprentissage, atelier, combustible et outils ; titre noble ne remplace pas qualification.";1.8916314982672357e-05;1.5112352793406995e-05;0.0026651647629195503;0.06401794329600459;0.003121310472957752
Maroquinier;Artisan du cuir;0.2234830310389055;0.37060633318779723;223.4830310389055;A — activité attestée;MJ128;"Winter elves, défiance civique ; pauvreté % non connue ; ne pas appliquer automatiquement Winterhold undead à ce district. Professions des résidents ; lieu de travail et commanditaires peuvent être extérieurs au quartier. Visiteurs exclus du stock. activité/institution locale Budget civil 29,00 % ; coefficient 1,600000 ; part de filière 1,368 %. Apprentissage, atelier, combustible et outils ; titre noble ne remplace pas qualification.";6.053220794455157e-05;4.8359528938902385e-05;0.008528527241342563;0.20485741854721468;0.009988193513464805
Bourrelier et sellier;Artisan du cuir;0.2234830310389055;0.37060633318779723;223.4830310389055;D — activité déduite;"MJ128; SB163";"Winter elves, défiance civique ; pauvreté % non connue ; ne pas appliquer automatiquement Winterhold undead à ce district. Professions des résidents ; lieu de travail et commanditaires peuvent être extérieurs au quartier. Visiteurs exclus du stock. activité/institution locale Budget civil 29,00 % ; coefficient 1,600000 ; part de filière 1,368 %. Apprentissage, atelier, combustible et outils ; titre noble ne remplace pas qualification.";6.053220794455157e-05;4.8359528938902385e-05;0.008528527241342563;0.20485741854721468;0.009988193513464805
Boursier, fabricant de bourses;Artisan du cuir;0.2234830310389055;0.37060633318779723;223.4830310389055;D — activité déduite;MJ128;"Winter elves, défiance civique ; pauvreté % non connue ; ne pas appliquer automatiquement Winterhold undead à ce district. Professions des résidents ; lieu de travail et commanditaires peuvent être extérieurs au quartier. Visiteurs exclus du stock. activité/institution locale Budget civil 29,00 % ; coefficient 1,600000 ; part de filière 1,368 %. Apprentissage, atelier, combustible et outils ; titre noble ne remplace pas qualification.";6.053220794455157e-05;4.8359528938902385e-05;0.008528527241342563;0.20485741854721468;0.009988193513464805
Gantier;Artisan du cuir;0.2234830310389055;0.37060633318779723;223.4830310389055;D — activité déduite;MJ128;"Winter elves, défiance civique ; pauvreté % non connue ; ne pas appliquer automatiquement Winterhold undead à ce district. Professions des résidents ; lieu de travail et commanditaires peuvent être extérieurs au quartier. Visiteurs exclus du stock. activité/institution locale Budget civil 29,00 % ; coefficient 1,600000 ; part de filière 1,368 %. Apprentissage, atelier, combustible et outils ; titre noble ne remplace pas qualification.";6.053220794455157e-05;4.8359528938902385e-05;0.008528527241342563;0.20485741854721468;0.009988193513464805
Cordonnier;Artisan du cuir;0.2234830310389055;0.37060633318779723;223.4830310389055;A — activité attestée;MJ128;"Winter elves, défiance civique ; pauvreté % non connue ; ne pas appliquer automatiquement Winterhold undead à ce district. Professions des résidents ; lieu de travail et commanditaires peuvent être extérieurs au quartier. Visiteurs exclus du stock. activité/institution locale Budget civil 29,00 % ; coefficient 1,600000 ; part de filière 1,368 %. Apprentissage, atelier, combustible et outils ; titre noble ne remplace pas qualification.";6.053220794455157e-05;4.8359528938902385e-05;0.008528527241342563;0.20485741854721468;0.009988193513464805
Fileur;Artisan textile;0.2793537887986319;0.4632579164847465;279.35378879863185;D — activité déduite;MJ128;"Winter elves, défiance civique ; pauvreté % non connue ; ne pas appliquer automatiquement Winterhold undead à ce district. Professions des résidents ; lieu de travail et commanditaires peuvent être extérieurs au quartier. Visiteurs exclus du stock. activité/institution locale Budget civil 29,00 % ; coefficient 2,000000 ; part de filière 1,710 %. Apprentissage, atelier, combustible et outils ; titre noble ne remplace pas qualification.";7.566525993068943e-05;6.044941117362798e-05;0.010660659051678201;0.25607177318401836;0.012485241891831008
Tisserand;Artisan textile;0.2793537887986319;0.4632579164847465;279.35378879863185;A — activité attestée;MJ128;"Winter elves, défiance civique ; pauvreté % non connue ; ne pas appliquer automatiquement Winterhold undead à ce district. Professions des résidents ; lieu de travail et commanditaires peuvent être extérieurs au quartier. Visiteurs exclus du stock. activité/institution locale Budget civil 29,00 % ; coefficient 2,000000 ; part de filière 1,710 %. Apprentissage, atelier, combustible et outils ; titre noble ne remplace pas qualification.";7.566525993068943e-05;6.044941117362798e-05;0.010660659051678201;0.25607177318401836;0.012485241891831008
Teinturier;Artisan textile;0.2793537887986319;0.4632579164847465;279.35378879863185;A — activité attestée;MJ128;"Winter elves, défiance civique ; pauvreté % non connue ; ne pas appliquer automatiquement Winterhold undead à ce district. Professions des résidents ; lieu de travail et commanditaires peuvent être extérieurs au quartier. Visiteurs exclus du stock. activité/institution locale Budget civil 29,00 % ; coefficient 2,000000 ; part de filière 1,710 %. Apprentissage, atelier, combustible et outils ; titre noble ne remplace pas qualification.";7.566525993068943e-05;6.044941117362798e-05;0.010660659051678201;0.25607177318401836;0.012485241891831008
Tailleur;Tailleur de vêtements;0.2793537887986319;0.4632579164847465;279.35378879863185;D — activité déduite;"MJ128; SB139";"Winter elves, défiance civique ; pauvreté % non connue ; ne pas appliquer automatiquement Winterhold undead à ce district. Professions des résidents ; lieu de travail et commanditaires peuvent être extérieurs au quartier. Visiteurs exclus du stock. activité/institution locale Budget civil 29,00 % ; coefficient 2,000000 ; part de filière 1,710 %. Apprentissage, atelier, combustible et outils ; titre noble ne remplace pas qualification.";7.566525993068943e-05;6.044941117362798e-05;0.010660659051678201;0.25607177318401836;0.012485241891831008
Modiste et fabricant de coiffes;Tailleur de vêtements;0.2793537887986319;0.4632579164847465;279.35378879863185;D — activité déduite;"SB139; SB120";"Winter elves, défiance civique ; pauvreté % non connue ; ne pas appliquer automatiquement Winterhold undead à ce district. Professions des résidents ; lieu de travail et commanditaires peuvent être extérieurs au quartier. Visiteurs exclus du stock. activité/institution locale Budget civil 29,00 % ; coefficient 2,000000 ; part de filière 1,710 %. Apprentissage, atelier, combustible et outils ; titre noble ne remplace pas qualification.";7.566525993068943e-05;6.044941117362798e-05;0.010660659051678201;0.25607177318401836;0.012485241891831008
Tapissier;Tapissier;0.13967689439931594;0.23162895824237326;139.67689439931593;D — activité déduite;SB200;"Winter elves, défiance civique ; pauvreté % non connue ; ne pas appliquer automatiquement Winterhold undead à ce district. Professions des résidents ; lieu de travail et commanditaires peuvent être extérieurs au quartier. Visiteurs exclus du stock. activité/institution locale Budget civil 29,00 % ; coefficient 1,000000 ; part de filière 0,855 %. Apprentissage, atelier, combustible et outils ; titre noble ne remplace pas qualification.";3.7832629965344714e-05;3.022470558681399e-05;0.0053303295258391005;0.12803588659200918;0.006242620945915504
Menuisier;Menuisier;0.6983844719965798;1.1581447912118665;698.3844719965798;D — activité déduite;"MJ128; SB152";"Winter elves, défiance civique ; pauvreté % non connue ; ne pas appliquer automatiquement Winterhold undead à ce district. Professions des résidents ; lieu de travail et commanditaires peuvent être extérieurs au quartier. Visiteurs exclus du stock. activité/institution locale Budget civil 29,00 % ; coefficient 5,000000 ; part de filière 4,275 %. Apprentissage, atelier, combustible et outils ; titre noble ne remplace pas qualification.";0.00018916314982672368;0.00015112352793407005;0.02665164762919551;0.640179432960046;0.031213104729577532
Ébéniste;Menuisier;0.2793537887986319;0.4632579164847465;279.35378879863185;D — activité déduite;MJ128;"Winter elves, défiance civique ; pauvreté % non connue ; ne pas appliquer automatiquement Winterhold undead à ce district. Professions des résidents ; lieu de travail et commanditaires peuvent être extérieurs au quartier. Visiteurs exclus du stock. activité/institution locale Budget civil 29,00 % ; coefficient 2,000000 ; part de filière 1,710 %. Apprentissage, atelier, combustible et outils ; titre noble ne remplace pas qualification.";7.566525993068943e-05;6.044941117362798e-05;0.010660659051678201;0.25607177318401836;0.012485241891831008
Sculpteur sur bois;Menuisier;0.2793537887986319;0.4632579164847465;279.35378879863185;A — activité attestée;MJ128;"Winter elves, défiance civique ; pauvreté % non connue ; ne pas appliquer automatiquement Winterhold undead à ce district. Professions des résidents ; lieu de travail et commanditaires peuvent être extérieurs au quartier. Visiteurs exclus du stock. activité/institution locale Budget civil 29,00 % ; coefficient 2,000000 ; part de filière 1,710 %. Apprentissage, atelier, combustible et outils ; titre noble ne remplace pas qualification.";7.566525993068943e-05;6.044941117362798e-05;0.010660659051678201;0.25607177318401836;0.012485241891831008
Tonnelier;Menuisier;0.2793537887986319;0.4632579164847465;279.35378879863185;A — activité attestée;MJ128;"Winter elves, défiance civique ; pauvreté % non connue ; ne pas appliquer automatiquement Winterhold undead à ce district. Professions des résidents ; lieu de travail et commanditaires peuvent être extérieurs au quartier. Visiteurs exclus du stock. activité/institution locale Budget civil 29,00 % ; coefficient 2,000000 ; part de filière 1,710 %. Apprentissage, atelier, combustible et outils ; titre noble ne remplace pas qualification.";7.566525993068943e-05;6.044941117362798e-05;0.010660659051678201;0.25607177318401836;0.012485241891831008
Charron;Menuisier;0.2793537887986319;0.4632579164847465;279.35378879863185;A — activité attestée;MJ128;"Winter elves, défiance civique ; pauvreté % non connue ; ne pas appliquer automatiquement Winterhold undead à ce district. Professions des résidents ; lieu de travail et commanditaires peuvent être extérieurs au quartier. Visiteurs exclus du stock. activité/institution locale Budget civil 29,00 % ; coefficient 2,000000 ; part de filière 1,710 %. Apprentissage, atelier, combustible et outils ; titre noble ne remplace pas qualification.";7.566525993068943e-05;6.044941117362798e-05;0.010660659051678201;0.25607177318401836;0.012485241891831008
Charpentier;Charpentier;0.4539499067977768;0.7527941142877131;453.9499067977768;A — activité attestée;MJ128;"Winter elves, défiance civique ; pauvreté % non connue ; ne pas appliquer automatiquement Winterhold undead à ce district. Professions des résidents ; lieu de travail et commanditaires peuvent être extérieurs au quartier. Visiteurs exclus du stock. activité/institution locale Budget civil 29,00 % ; coefficient 3,250000 ; part de filière 2,779 %. Apprentissage, atelier, combustible et outils ; titre noble ne remplace pas qualification.";0.0001229560473873704;9.823029315714554e-05;0.01732357095897708;0.4161166314240298;0.020288518074225402
Couvreur;Charpentier;0.18157996271911073;0.3011176457150852;181.57996271911074;A — activité attestée;MJ128;"Winter elves, défiance civique ; pauvreté % non connue ; ne pas appliquer automatiquement Winterhold undead à ce district. Professions des résidents ; lieu de travail et commanditaires peuvent être extérieurs au quartier. Visiteurs exclus du stock. activité/institution locale Budget civil 29,00 % ; coefficient 1,300000 ; part de filière 1,112 %. Apprentissage, atelier, combustible et outils ; titre noble ne remplace pas qualification.";4.9182418954948144e-05;3.92921172628582e-05;0.0069294283835908315;0.16644665256961194;0.008115407229690156
Constructeur naval;Constructeur naval;0.20951534159897392;0.3474434373635599;209.51534159897395;A — activité attestée;"MJ128; SB148";"Winter elves, défiance civique ; pauvreté % non connue ; ne pas appliquer automatiquement Winterhold undead à ce district. Professions des résidents ; lieu de travail et commanditaires peuvent être extérieurs au quartier. Visiteurs exclus du stock. activité/institution locale Budget civil 29,00 % ; coefficient 1,500000 ; part de filière 1,283 %. Apprentissage, atelier, combustible et outils ; titre noble ne remplace pas qualification.";5.6748944948017084e-05;4.5337058380221e-05;0.00799549428875865;0.19205382988801378;0.009363931418873253
Calfat;Constructeur naval;0.08380613663958958;0.13897737494542398;83.80613663958958;D — activité déduite;"MJ128; SB148";"Winter elves, défiance civique ; pauvreté % non connue ; ne pas appliquer automatiquement Winterhold undead à ce district. Professions des résidents ; lieu de travail et commanditaires peuvent être extérieurs au quartier. Visiteurs exclus du stock. activité/institution locale Budget civil 29,00 % ; coefficient 0,600000 ; part de filière 0,513 %. Apprentissage, atelier, combustible et outils ; titre noble ne remplace pas qualification.";2.2699577979206844e-05;1.81348233520884e-05;0.0031981977155034623;0.07682153195520551;0.0037455725675493044
Constructeur de drakkars;Constructeur naval;0;0;0.0;A — activité attestée;SB130;"Winter elves, défiance civique ; pauvreté % non connue ; ne pas appliquer automatiquement Winterhold undead à ce district. Professions des résidents ; lieu de travail et commanditaires peuvent être extérieurs au quartier. Visiteurs exclus du stock. activité/institution locale Budget civil 29,00 % ; coefficient 0,000000 ; part de filière 0,000 %. Zéro proposé : Filière régionale non retenue dans ce scénario, sans interdiction universelle. Apprentissage, atelier, combustible et outils ; titre noble ne remplace pas qualification.";0;0;0;0;0
Cordier;Cordier;0.17459611799914496;0.28953619780296663;174.59611799914495;D — activité déduite;SB130;"Winter elves, défiance civique ; pauvreté % non connue ; ne pas appliquer automatiquement Winterhold undead à ce district. Professions des résidents ; lieu de travail et commanditaires peuvent être extérieurs au quartier. Visiteurs exclus du stock. activité/institution locale Budget civil 29,00 % ; coefficient 1,250000 ; part de filière 1,069 %. Apprentissage, atelier, combustible et outils ; titre noble ne remplace pas qualification.";4.729078745668092e-05;3.778088198351751e-05;0.006662911907298877;0.1600448582400115;0.007803276182394383
Voilier;Cordier;0.06983844719965797;0.11581447912118663;69.83844719965796;A — activité attestée;MJ128;"Winter elves, défiance civique ; pauvreté % non connue ; ne pas appliquer automatiquement Winterhold undead à ce district. Professions des résidents ; lieu de travail et commanditaires peuvent être extérieurs au quartier. Visiteurs exclus du stock. activité/institution locale Budget civil 29,00 % ; coefficient 0,500000 ; part de filière 0,428 %. Apprentissage, atelier, combustible et outils ; titre noble ne remplace pas qualification.";1.8916314982672357e-05;1.5112352793406995e-05;0.0026651647629195503;0.06401794329600459;0.003121310472957752
Facteur d’arcs;Facteur d’arcs;0.13967689439931594;0.23162895824237326;139.67689439931593;A — activité attestée;"MJ128; SB152";"Winter elves, défiance civique ; pauvreté % non connue ; ne pas appliquer automatiquement Winterhold undead à ce district. Professions des résidents ; lieu de travail et commanditaires peuvent être extérieurs au quartier. Visiteurs exclus du stock. activité/institution locale Budget civil 29,00 % ; coefficient 1,000000 ; part de filière 0,855 %. Apprentissage, atelier, combustible et outils ; titre noble ne remplace pas qualification.";3.7832629965344714e-05;3.022470558681399e-05;0.0053303295258391005;0.12803588659200918;0.006242620945915504
Fabricant de flèches;Facteur d’arcs;0.05587075775972637;0.09265158329694931;55.870757759726374;A — activité attestée;SB152;"Winter elves, défiance civique ; pauvreté % non connue ; ne pas appliquer automatiquement Winterhold undead à ce district. Professions des résidents ; lieu de travail et commanditaires peuvent être extérieurs au quartier. Visiteurs exclus du stock. activité/institution locale Budget civil 29,00 % ; coefficient 0,400000 ; part de filière 0,342 %. Apprentissage, atelier, combustible et outils ; titre noble ne remplace pas qualification.";1.5133051986137892e-05;1.2089882234725596e-05;0.002132131810335641;0.05121435463680367;0.002497048378366201
Luthier et facteur d’instruments;Luthier;0.10475767079948696;0.17372171868177996;104.75767079948697;D — activité déduite;BR55;"Winter elves, défiance civique ; pauvreté % non connue ; ne pas appliquer automatiquement Winterhold undead à ce district. Professions des résidents ; lieu de travail et commanditaires peuvent être extérieurs au quartier. Visiteurs exclus du stock. activité/institution locale Budget civil 29,00 % ; coefficient 0,750000 ; part de filière 0,641 %. Apprentissage, atelier, combustible et outils ; titre noble ne remplace pas qualification.";2.8374472474008542e-05;2.26685291901105e-05;0.003997747144379325;0.09602691494400689;0.004681965709436626
Tailleur de pierre;Tailleur de pierre;0.3491922359982899;0.5790723956059333;349.1922359982899;A — activité attestée;"MJ128; SB161";"Winter elves, défiance civique ; pauvreté % non connue ; ne pas appliquer automatiquement Winterhold undead à ce district. Professions des résidents ; lieu de travail et commanditaires peuvent être extérieurs au quartier. Visiteurs exclus du stock. activité/institution locale Budget civil 29,00 % ; coefficient 2,500000 ; part de filière 2,138 %. Apprentissage, atelier, combustible et outils ; titre noble ne remplace pas qualification.";9.458157491336184e-05;7.556176396703502e-05;0.013325823814597754;0.320089716480023;0.015606552364788766
Sculpteur sur pierre;Tailleur de pierre;0.13967689439931594;0.23162895824237326;139.67689439931593;D — activité déduite;"MJ128; SB161";"Winter elves, défiance civique ; pauvreté % non connue ; ne pas appliquer automatiquement Winterhold undead à ce district. Professions des résidents ; lieu de travail et commanditaires peuvent être extérieurs au quartier. Visiteurs exclus du stock. activité/institution locale Budget civil 29,00 % ; coefficient 1,000000 ; part de filière 0,855 %. Apprentissage, atelier, combustible et outils ; titre noble ne remplace pas qualification.";3.7832629965344714e-05;3.022470558681399e-05;0.0053303295258391005;0.12803588659200918;0.006242620945915504
Sculpteur de statues de Stone Spirits;Tailleur de pierre;0;0;0.0;A — activité attestée;SB161;"Winter elves, défiance civique ; pauvreté % non connue ; ne pas appliquer automatiquement Winterhold undead à ce district. Professions des résidents ; lieu de travail et commanditaires peuvent être extérieurs au quartier. Visiteurs exclus du stock. activité/institution locale Budget civil 29,00 % ; coefficient 0,000000 ; part de filière 0,000 %. Zéro proposé : Filière régionale non retenue dans ce scénario, sans interdiction universelle. Apprentissage, atelier, combustible et outils ; titre noble ne remplace pas qualification.";0;0;0;0;0
Maçon;Maçon;1.3967689439931597;2.316289582423733;1396.7689439931596;A — activité attestée;"MJ128; SB90";"Winter elves, défiance civique ; pauvreté % non connue ; ne pas appliquer automatiquement Winterhold undead à ce district. Professions des résidents ; lieu de travail et commanditaires peuvent être extérieurs au quartier. Visiteurs exclus du stock. activité/institution locale Budget civil 29,00 % ; coefficient 10,000000 ; part de filière 8,551 %. Apprentissage, atelier, combustible et outils ; titre noble ne remplace pas qualification.";0.00037832629965344736;0.0003022470558681401;0.05330329525839102;1.280358865920092;0.062426209459155065
Plâtrier;Maçon;0.5587075775972637;0.926515832969493;558.7075775972637;A — activité attestée;"MJ128; SB90";"Winter elves, défiance civique ; pauvreté % non connue ; ne pas appliquer automatiquement Winterhold undead à ce district. Professions des résidents ; lieu de travail et commanditaires peuvent être extérieurs au quartier. Visiteurs exclus du stock. activité/institution locale Budget civil 29,00 % ; coefficient 4,000000 ; part de filière 3,420 %. Apprentissage, atelier, combustible et outils ; titre noble ne remplace pas qualification.";0.00015133051986137886;0.00012089882234725596;0.021321318103356402;0.5121435463680367;0.024970483783662015
Manœuvre de chantier;Maçon;0.5587075775972637;0.926515832969493;558.7075775972637;A — activité attestée;SB90;"Winter elves, défiance civique ; pauvreté % non connue ; ne pas appliquer automatiquement Winterhold undead à ce district. Professions des résidents ; lieu de travail et commanditaires peuvent être extérieurs au quartier. Visiteurs exclus du stock. activité/institution locale Budget civil 29,00 % ; coefficient 4,000000 ; part de filière 3,420 %. Apprentissage, atelier, combustible et outils ; titre noble ne remplace pas qualification.";7.715627030020628e-05;6.16405879299575e-05;0.01087073106103224;0.5222355137915989;0.025462535886402383
Architecte;Architecte;0.2793537887986319;0.4632579164847465;279.35378879863185;A — activité attestée;SB174;"Winter elves, défiance civique ; pauvreté % non connue ; ne pas appliquer automatiquement Winterhold undead à ce district. Professions des résidents ; lieu de travail et commanditaires peuvent être extérieurs au quartier. Visiteurs exclus du stock. activité/institution locale Budget civil 29,00 % ; coefficient 2,000000 ; part de filière 1,710 %. Apprentissage, atelier, combustible et outils ; titre noble ne remplace pas qualification.";7.566525993068943e-05;6.044941117362798e-05;0.010660659051678201;0.25607177318401836;0.012485241891831008
Géomètre et arpenteur;Architecte;0.11174151551945274;0.18530316659389862;111.74151551945275;A — activité attestée;MJ128;"Winter elves, défiance civique ; pauvreté % non connue ; ne pas appliquer automatiquement Winterhold undead à ce district. Professions des résidents ; lieu de travail et commanditaires peuvent être extérieurs au quartier. Visiteurs exclus du stock. activité/institution locale Budget civil 29,00 % ; coefficient 0,800000 ; part de filière 0,684 %. Apprentissage, atelier, combustible et outils ; titre noble ne remplace pas qualification.";3.0266103972275784e-05;2.4179764469451192e-05;0.004264263620671282;0.10242870927360734;0.004994096756732402
Potier;Potier;0.3491922359982899;0.5790723956059333;349.1922359982899;A — activité attestée;"MJ128; SB200";"Winter elves, défiance civique ; pauvreté % non connue ; ne pas appliquer automatiquement Winterhold undead à ce district. Professions des résidents ; lieu de travail et commanditaires peuvent être extérieurs au quartier. Visiteurs exclus du stock. activité/institution locale Budget civil 29,00 % ; coefficient 2,500000 ; part de filière 2,138 %. Apprentissage, atelier, combustible et outils ; titre noble ne remplace pas qualification.";9.458157491336184e-05;7.556176396703502e-05;0.013325823814597754;0.320089716480023;0.015606552364788766
Tuilier;Potier;0.13967689439931594;0.23162895824237326;139.67689439931593;A — activité attestée;"MJ128; SB200";"Winter elves, défiance civique ; pauvreté % non connue ; ne pas appliquer automatiquement Winterhold undead à ce district. Professions des résidents ; lieu de travail et commanditaires peuvent être extérieurs au quartier. Visiteurs exclus du stock. activité/institution locale Budget civil 29,00 % ; coefficient 1,000000 ; part de filière 0,855 %. Apprentissage, atelier, combustible et outils ; titre noble ne remplace pas qualification.";3.7832629965344714e-05;3.022470558681399e-05;0.0053303295258391005;0.12803588659200918;0.006242620945915504
Porcelainier;Potier;0.13967689439931594;0.23162895824237326;139.67689439931593;D — activité déduite;SB200;"Winter elves, défiance civique ; pauvreté % non connue ; ne pas appliquer automatiquement Winterhold undead à ce district. Professions des résidents ; lieu de travail et commanditaires peuvent être extérieurs au quartier. Visiteurs exclus du stock. activité/institution locale Budget civil 29,00 % ; coefficient 1,000000 ; part de filière 0,855 %. Apprentissage, atelier, combustible et outils ; titre noble ne remplace pas qualification.";3.7832629965344714e-05;3.022470558681399e-05;0.0053303295258391005;0.12803588659200918;0.006242620945915504
Souffleur de verre;Verrier;0.09777382607952115;0.16214027076966128;97.77382607952114;A — activité attestée;"MJ128; SB174";"Winter elves, défiance civique ; pauvreté % non connue ; ne pas appliquer automatiquement Winterhold undead à ce district. Professions des résidents ; lieu de travail et commanditaires peuvent être extérieurs au quartier. Visiteurs exclus du stock. activité/institution locale Budget civil 29,00 % ; coefficient 0,700000 ; part de filière 0,599 %. Apprentissage, atelier, combustible et outils ; titre noble ne remplace pas qualification.";2.6482840975741297e-05;2.1157293910769797e-05;0.0037312306680873683;0.08962512061440642;0.004369834662140852
Vitrier;Verrier;0.09777382607952115;0.16214027076966128;97.77382607952114;A — activité attestée;"MJ128; SB174";"Winter elves, défiance civique ; pauvreté % non connue ; ne pas appliquer automatiquement Winterhold undead à ce district. Professions des résidents ; lieu de travail et commanditaires peuvent être extérieurs au quartier. Visiteurs exclus du stock. activité/institution locale Budget civil 29,00 % ; coefficient 0,700000 ; part de filière 0,599 %. Apprentissage, atelier, combustible et outils ; titre noble ne remplace pas qualification.";2.6482840975741297e-05;2.1157293910769797e-05;0.0037312306680873683;0.08962512061440642;0.004369834662140852
Opticien et fabricant de lentilles;Verrier;0;0;0.0;D — activité déduite;SB174;"Winter elves, défiance civique ; pauvreté % non connue ; ne pas appliquer automatiquement Winterhold undead à ce district. Professions des résidents ; lieu de travail et commanditaires peuvent être extérieurs au quartier. Visiteurs exclus du stock. activité/institution locale Budget civil 29,00 % ; coefficient 0,000000 ; part de filière 0,000 %. Zéro proposé : Climat, matière ou culture hors filière régionale retenue ; aucun établissement exceptionnel proposé. Apprentissage, atelier, combustible et outils ; titre noble ne remplace pas qualification.";0;0;0;0;0
Papetier;Papetier et artisan du livre;0.11174151551945274;0.18530316659389862;111.74151551945275;A — activité attestée;SB138;"Winter elves, défiance civique ; pauvreté % non connue ; ne pas appliquer automatiquement Winterhold undead à ce district. Professions des résidents ; lieu de travail et commanditaires peuvent être extérieurs au quartier. Visiteurs exclus du stock. activité/institution locale Budget civil 29,00 % ; coefficient 0,800000 ; part de filière 0,684 %. Apprentissage, atelier, combustible et outils ; titre noble ne remplace pas qualification.";3.0266103972275784e-05;2.4179764469451192e-05;0.004264263620671282;0.10242870927360734;0.004994096756732402
Relieur;Papetier et artisan du livre;0.11174151551945274;0.18530316659389862;111.74151551945275;D — activité déduite;"SB138; MJ128";"Winter elves, défiance civique ; pauvreté % non connue ; ne pas appliquer automatiquement Winterhold undead à ce district. Professions des résidents ; lieu de travail et commanditaires peuvent être extérieurs au quartier. Visiteurs exclus du stock. activité/institution locale Budget civil 29,00 % ; coefficient 0,800000 ; part de filière 0,684 %. Apprentissage, atelier, combustible et outils ; titre noble ne remplace pas qualification.";3.0266103972275784e-05;2.4179764469451192e-05;0.004264263620671282;0.10242870927360734;0.004994096756732402
Chandelier;Chandelier;0.17459611799914496;0.28953619780296663;174.59611799914495;P — activité proposée;SB98;"Winter elves, défiance civique ; pauvreté % non connue ; ne pas appliquer automatiquement Winterhold undead à ce district. Professions des résidents ; lieu de travail et commanditaires peuvent être extérieurs au quartier. Visiteurs exclus du stock. activité/institution locale Budget civil 29,00 % ; coefficient 1,250000 ; part de filière 1,069 %. Apprentissage, atelier, combustible et outils ; titre noble ne remplace pas qualification.";4.729078745668092e-05;3.778088198351751e-05;0.006662911907298877;0.1600448582400115;0.007803276182394383
Peintre;Peintre;0.2793537887986319;0.4632579164847465;279.35378879863185;A — activité attestée;"MJ128; SB190";"Winter elves, défiance civique ; pauvreté % non connue ; ne pas appliquer automatiquement Winterhold undead à ce district. Professions des résidents ; lieu de travail et commanditaires peuvent être extérieurs au quartier. Visiteurs exclus du stock. activité/institution locale Budget civil 29,00 % ; coefficient 2,000000 ; part de filière 1,710 %. Apprentissage, atelier, combustible et outils ; titre noble ne remplace pas qualification.";7.566525993068943e-05;6.044941117362798e-05;0.010660659051678201;0.25607177318401836;0.012485241891831008
Fabricant d’enseignes;Peintre;0.11174151551945274;0.18530316659389862;111.74151551945275;A — activité attestée;"MJ128; SB190";"Winter elves, défiance civique ; pauvreté % non connue ; ne pas appliquer automatiquement Winterhold undead à ce district. Professions des résidents ; lieu de travail et commanditaires peuvent être extérieurs au quartier. Visiteurs exclus du stock. activité/institution locale Budget civil 29,00 % ; coefficient 0,800000 ; part de filière 0,684 %. Apprentissage, atelier, combustible et outils ; titre noble ne remplace pas qualification.";3.0266103972275784e-05;2.4179764469451192e-05;0.004264263620671282;0.10242870927360734;0.004994096756732402
Enlumineur;Peintre;0.11174151551945274;0.18530316659389862;111.74151551945275;A — activité attestée;"MJ128; SB190";"Winter elves, défiance civique ; pauvreté % non connue ; ne pas appliquer automatiquement Winterhold undead à ce district. Professions des résidents ; lieu de travail et commanditaires peuvent être extérieurs au quartier. Visiteurs exclus du stock. activité/institution locale Budget civil 29,00 % ; coefficient 0,800000 ; part de filière 0,684 %. Apprentissage, atelier, combustible et outils ; titre noble ne remplace pas qualification.";3.0266103972275784e-05;2.4179764469451192e-05;0.004264263620671282;0.10242870927360734;0.004994096756732402
Peintre de guerre spirituel;Peintre;0;0;0.0;A — activité attestée;SB193;"Winter elves, défiance civique ; pauvreté % non connue ; ne pas appliquer automatiquement Winterhold undead à ce district. Professions des résidents ; lieu de travail et commanditaires peuvent être extérieurs au quartier. Visiteurs exclus du stock. activité/institution locale Initiation de la Red Mother ou apprentissage autorisé; recette complète non librement disponible Budget civil 29,00 % ; coefficient 0,000000 ; part de filière 0,000 %. Zéro proposé : Filière régionale non retenue dans ce scénario, sans interdiction universelle. Apprentissage, atelier, combustible et outils ; titre noble ne remplace pas qualification.";0;0;0;0;0
Tatoueur rituel;Peintre;0;0;0.0;D — activité déduite;"SB200; SB204";"Winter elves, défiance civique ; pauvreté % non connue ; ne pas appliquer automatiquement Winterhold undead à ce district. Professions des résidents ; lieu de travail et commanditaires peuvent être extérieurs au quartier. Visiteurs exclus du stock. activité/institution locale Budget civil 29,00 % ; coefficient 0,000000 ; part de filière 0,000 %. Zéro proposé : Filière régionale non retenue dans ce scénario, sans interdiction universelle. Apprentissage, atelier, combustible et outils ; titre noble ne remplace pas qualification.";0;0;0;0;0
Portefaix;Transporteur terrestre;0.42477209828442153;0.7044079769898536;424.77209828442153;D — activité déduite;"MJ132; SB121";"Winter elves, défiance civique ; pauvreté % non connue ; ne pas appliquer automatiquement Winterhold undead à ce district. Professions des résidents ; lieu de travail et commanditaires peuvent être extérieurs au quartier. Visiteurs exclus du stock. activité/institution locale Budget civil 20,00 % ; coefficient 6,000000 ; part de filière 3,771 %. Réseau, itinéraires, confiance et capital ; manutention distincte de propriété du fret.";0.0009559345768299175;0.000763701629292126;0.012121551353641213;0.3882170428452591;0.02271386787939916
Docker;Transporteur terrestre;0.42477209828442153;0.7044079769898536;424.77209828442153;D — activité déduite;"MJ132; SB121";"Winter elves, défiance civique ; pauvreté % non connue ; ne pas appliquer automatiquement Winterhold undead à ce district. Professions des résidents ; lieu de travail et commanditaires peuvent être extérieurs au quartier. Visiteurs exclus du stock. activité/institution locale Budget civil 20,00 % ; coefficient 6,000000 ; part de filière 3,771 %. Réseau, itinéraires, confiance et capital ; manutention distincte de propriété du fret.";0.0009559345768299175;0.000763701629292126;0.012121551353641213;0.3882170428452591;0.02271386787939916
Magasinier;Transporteur terrestre;0.42477209828442153;0.7044079769898536;424.77209828442153;D — activité déduite;"MJ132; SB121";"Winter elves, défiance civique ; pauvreté % non connue ; ne pas appliquer automatiquement Winterhold undead à ce district. Professions des résidents ; lieu de travail et commanditaires peuvent être extérieurs au quartier. Visiteurs exclus du stock. activité/institution locale Budget civil 20,00 % ; coefficient 6,000000 ; part de filière 3,771 %. Réseau, itinéraires, confiance et capital ; manutention distincte de propriété du fret.";0.0018515368737230791;0.0014792034532802047;0.023478070405635938;0.375966194370444;0.021997093181338308
Charretier et cocher;Transporteur terrestre;0.42477209828442153;0.7044079769898536;424.77209828442153;D — activité déduite;"MJ132; SB121";"Winter elves, défiance civique ; pauvreté % non connue ; ne pas appliquer automatiquement Winterhold undead à ce district. Professions des résidents ; lieu de travail et commanditaires peuvent être extérieurs au quartier. Visiteurs exclus du stock. activité/institution locale Budget civil 20,00 % ; coefficient 6,000000 ; part de filière 3,771 %. Réseau, itinéraires, confiance et capital ; manutention distincte de propriété du fret.";0.0018515368737230791;0.0014792034532802047;0.023478070405635938;0.375966194370444;0.021997093181338308
Chef de caravane;Transporteur terrestre;0.42477209828442153;0.7044079769898536;424.77209828442153;A — activité attestée;MJ132;"Winter elves, défiance civique ; pauvreté % non connue ; ne pas appliquer automatiquement Winterhold undead à ce district. Professions des résidents ; lieu de travail et commanditaires peuvent être extérieurs au quartier. Visiteurs exclus du stock. activité/institution locale Budget civil 20,00 % ; coefficient 6,000000 ; part de filière 3,771 %. Réseau, itinéraires, confiance et capital ; manutention distincte de propriété du fret.";0.0018515368737230791;0.0014792034532802047;0.023478070405635938;0.375966194370444;0.021997093181338308
Coursier et messager;Transporteur terrestre;0.42477209828442153;0.7044079769898536;424.77209828442153;D — activité déduite;"MJ132; SB121";"Winter elves, défiance civique ; pauvreté % non connue ; ne pas appliquer automatiquement Winterhold undead à ce district. Professions des résidents ; lieu de travail et commanditaires peuvent être extérieurs au quartier. Visiteurs exclus du stock. activité/institution locale Budget civil 20,00 % ; coefficient 6,000000 ; part de filière 3,771 %. Réseau, itinéraires, confiance et capital ; manutention distincte de propriété du fret.";0.0018515368737230791;0.0014792034532802047;0.023478070405635938;0.375966194370444;0.021997093181338308
Porteur d’eau;Transporteur terrestre;0.42477209828442153;0.7044079769898536;424.77209828442153;P — activité proposée;"MJ132; SB121";"Winter elves, défiance civique ; pauvreté % non connue ; ne pas appliquer automatiquement Winterhold undead à ce district. Professions des résidents ; lieu de travail et commanditaires peuvent être extérieurs au quartier. Visiteurs exclus du stock. activité/institution locale Budget civil 20,00 % ; coefficient 6,000000 ; part de filière 3,771 %. Réseau, itinéraires, confiance et capital ; manutention distincte de propriété du fret.";0.0018515368737230791;0.0014792034532802047;0.023478070405635938;0.375966194370444;0.021997093181338308
Transporteur de canopée;Transporteur terrestre;0;0;0.0;D — activité déduite;SB154;"Winter elves, défiance civique ; pauvreté % non connue ; ne pas appliquer automatiquement Winterhold undead à ce district. Professions des résidents ; lieu de travail et commanditaires peuvent être extérieurs au quartier. Visiteurs exclus du stock. activité/institution locale Budget civil 20,00 % ; coefficient 0,000000 ; part de filière 0,000 %. Zéro proposé : Filière régionale non retenue dans ce scénario, sans interdiction universelle. Réseau, itinéraires, confiance et capital ; manutention distincte de propriété du fret.";0;0;0;0;0
Opérateur de Stone Disks;Transporteur terrestre;0;0;0.0;A — activité attestée;PG13;"Winter elves, défiance civique ; pauvreté % non connue ; ne pas appliquer automatiquement Winterhold undead à ce district. Professions des résidents ; lieu de travail et commanditaires peuvent être extérieurs au quartier. Visiteurs exclus du stock. activité/institution locale Prêtre nain de Dorsi; Formation spécialisée Budget civil 20,00 % ; coefficient 0,000000 ; part de filière 0,000 %. Zéro proposé : Filière régionale non retenue dans ce scénario, sans interdiction universelle. Réseau, itinéraires, confiance et capital ; manutention distincte de propriété du fret.";0;0;0;0;0
Palefrenier et soigneur d’écurie;Transporteur terrestre;0.42477209828442153;0.7044079769898536;424.77209828442153;D — activité déduite;SB123;"Winter elves, défiance civique ; pauvreté % non connue ; ne pas appliquer automatiquement Winterhold undead à ce district. Professions des résidents ; lieu de travail et commanditaires peuvent être extérieurs au quartier. Visiteurs exclus du stock. activité/institution locale Budget civil 20,00 % ; coefficient 6,000000 ; part de filière 3,771 %. Réseau, itinéraires, confiance et capital ; manutention distincte de propriété du fret.";0.0018515368737230791;0.0014792034532802047;0.023478070405635938;0.375966194370444;0.021997093181338308
Marin;Marin;0.3185790737133161;0.52830598274239;318.5790737133161;A — activité attestée;MJ136;"Winter elves, défiance civique ; pauvreté % non connue ; ne pas appliquer automatiquement Winterhold undead à ce district. Professions des résidents ; lieu de travail et commanditaires peuvent être extérieurs au quartier. Visiteurs exclus du stock. activité/institution locale Budget civil 20,00 % ; coefficient 4,500000 ; part de filière 2,828 %. Réseau, itinéraires, confiance et capital ; manutention distincte de propriété du fret.";0.0013886526552923093;0.0011094025899601532;0.01760855280422696;0.281974645777833;0.01649781988600373
Navigateur;Marin;0.12743162948532646;0.21132239309695605;127.43162948532647;A — activité attestée;MJ136;"Winter elves, défiance civique ; pauvreté % non connue ; ne pas appliquer automatiquement Winterhold undead à ce district. Professions des résidents ; lieu de travail et commanditaires peuvent être extérieurs au quartier. Visiteurs exclus du stock. activité/institution locale Budget civil 20,00 % ; coefficient 1,800000 ; part de filière 1,131 %. Réseau, itinéraires, confiance et capital ; manutention distincte de propriété du fret.";0.0005554610621169236;0.0004437610359840615;0.007043421121690781;0.11278985831113321;0.006599127954401491
Pilote de port;Marin;0.12743162948532646;0.21132239309695605;127.43162948532647;D — activité déduite;MJ136;"Winter elves, défiance civique ; pauvreté % non connue ; ne pas appliquer automatiquement Winterhold undead à ce district. Professions des résidents ; lieu de travail et commanditaires peuvent être extérieurs au quartier. Visiteurs exclus du stock. activité/institution locale Budget civil 20,00 % ; coefficient 1,800000 ; part de filière 1,131 %. Réseau, itinéraires, confiance et capital ; manutention distincte de propriété du fret.";0.0005554610621169236;0.0004437610359840615;0.007043421121690781;0.11278985831113321;0.006599127954401491
Capitaine de navire;Marin;0.12743162948532646;0.21132239309695605;127.43162948532647;A — activité attestée;MJ136;"Winter elves, défiance civique ; pauvreté % non connue ; ne pas appliquer automatiquement Winterhold undead à ce district. Professions des résidents ; lieu de travail et commanditaires peuvent être extérieurs au quartier. Visiteurs exclus du stock. activité/institution locale Budget civil 20,00 % ; coefficient 1,800000 ; part de filière 1,131 %. Réseau, itinéraires, confiance et capital ; manutention distincte de propriété du fret.";0.0005554610621169236;0.0004437610359840615;0.007043421121690781;0.11278985831113321;0.006599127954401491
Pilote de véhicule volant;Marin;0;0;0.0;D — activité déduite;"SB142; SB174";"Winter elves, défiance civique ; pauvreté % non connue ; ne pas appliquer automatiquement Winterhold undead à ce district. Professions des résidents ; lieu de travail et commanditaires peuvent être extérieurs au quartier. Visiteurs exclus du stock. activité/institution locale Budget civil 20,00 % ; coefficient 0,000000 ; part de filière 0,000 %. Zéro proposé : Climat, matière ou culture hors filière régionale retenue ; aucun établissement exceptionnel proposé. Réseau, itinéraires, confiance et capital ; manutention distincte de propriété du fret.";0;0;0;0;0
Aubergiste;Hôte professionnel;0.3955177530719719;0.6558949173691948;395.51775307197187;D — activité déduite;"SB110; SB123";"Winter elves, défiance civique ; pauvreté % non connue ; ne pas appliquer automatiquement Winterhold undead à ce district. Professions des résidents ; lieu de travail et commanditaires peuvent être extérieurs au quartier. Visiteurs exclus du stock. activité/institution locale Budget civil 18,00 % ; coefficient 3,000000 ; part de filière 3,901 %. Apprentissage et qualification variable ; soins avancés et thérapie magique exigent formation.";5.566021700671841e-05;1.1116816842149666e-05;0.0015684201621578668;0.37673855816456886;0.017143997711396294
Tavernier;Hôte professionnel;0.3955177530719719;0.6558949173691948;395.51775307197187;A — activité attestée;"SB108; SB149";"Winter elves, défiance civique ; pauvreté % non connue ; ne pas appliquer automatiquement Winterhold undead à ce district. Professions des résidents ; lieu de travail et commanditaires peuvent être extérieurs au quartier. Visiteurs exclus du stock. activité/institution locale Budget civil 18,00 % ; coefficient 3,000000 ; part de filière 3,901 %. Apprentissage et qualification variable ; soins avancés et thérapie magique exigent formation.";5.566021700671841e-05;1.1116816842149666e-05;0.0015684201621578668;0.37673855816456886;0.017143997711396294
Barbier;Barbier;1.4831915740198944;2.4596059401344803;1483.1915740198945;P — activité proposée;"MJ135; PG40";"Winter elves, défiance civique ; pauvreté % non connue ; ne pas appliquer automatiquement Winterhold undead à ce district. Professions des résidents ; lieu de travail et commanditaires peuvent être extérieurs au quartier. Visiteurs exclus du stock. activité/institution locale Budget civil 18,00 % ; coefficient 11,250000 ; part de filière 14,628 %. Apprentissage et qualification variable ; soins avancés et thérapie magique exigent formation.";0.000208725813775194;4.168806315806123e-05;0.005881575608092;1.4127695931171331;0.06428999141773611
Domestique;Employé domestique et aide familiale;3.9551775307197183;6.558949173691947;3955.177530719718;A — activité attestée;"MJ135; PG40";"Winter elves, défiance civique ; pauvreté % non connue ; ne pas appliquer automatiquement Winterhold undead à ce district. Professions des résidents ; lieu de travail et commanditaires peuvent être extérieurs au quartier. Visiteurs exclus du stock. activité/institution locale Budget civil 18,00 % ; coefficient 30,000000 ; part de filière 39,009 %. Apprentissage et qualification variable ; soins avancés et thérapie magique exigent formation.";0.0005566021700671837;0.00011116816842149666;0.015684201621578672;3.767385581645688;0.17143997711396294
Gardien d’enfants;Employé domestique et aide familiale;1.9775887653598592;3.2794745868459736;1977.588765359859;A — activité attestée;PG40;"Winter elves, défiance civique ; pauvreté % non connue ; ne pas appliquer automatiquement Winterhold undead à ce district. Professions des résidents ; lieu de travail et commanditaires peuvent être extérieurs au quartier. Visiteurs exclus du stock. activité/institution locale Budget civil 18,00 % ; coefficient 15,000000 ; part de filière 19,505 %. Apprentissage et qualification variable ; soins avancés et thérapie magique exigent formation.";0.0002783010850335918;5.558408421074833e-05;0.007842100810789336;1.883692790822844;0.08571998855698147
Terrassier d’hygiène urbaine;Agent d’entretien;0.2636785020479813;0.4372632782461299;263.6785020479813;P — activité proposée;SB90;"Winter elves, défiance civique ; pauvreté % non connue ; ne pas appliquer automatiquement Winterhold undead à ce district. Professions des résidents ; lieu de travail et commanditaires peuvent être extérieurs au quartier. Visiteurs exclus du stock. activité/institution locale Budget civil 18,00 % ; coefficient 2,000000 ; part de filière 2,601 %. Apprentissage et qualification variable ; soins avancés et thérapie magique exigent formation.";1.859183797832163e-05;3.713281562286692e-06;0.0005238896846782379;0.25167930023473395;0.011453007009028507
Ramoneur;Agent d’entretien;0.26367850204798127;0.43726327824612987;263.6785020479813;P — activité proposée;SB90;"Winter elves, défiance civique ; pauvreté % non connue ; ne pas appliquer automatiquement Winterhold undead à ce district. Professions des résidents ; lieu de travail et commanditaires peuvent être extérieurs au quartier. Visiteurs exclus du stock. activité/institution locale Budget civil 18,00 % ; coefficient 2,000000 ; part de filière 2,601 %. Apprentissage et qualification variable ; soins avancés et thérapie magique exigent formation.";3.7106811337812256e-05;7.411211228099775e-06;0.001045613441438578;0.25115903877637924;0.011429331807597528
Fossoyeur;Agent funéraire;0.07910355061439436;0.13117898347383894;79.10355061439436;A — activité attestée;"MJ135; SB99; SB182";"Winter elves, défiance civique ; pauvreté % non connue ; ne pas appliquer automatiquement Winterhold undead à ce district. Professions des résidents ; lieu de travail et commanditaires peuvent être extérieurs au quartier. Visiteurs exclus du stock. activité/institution locale Budget civil 18,00 % ; coefficient 0,600000 ; part de filière 0,780 %. Apprentissage et qualification variable ; soins avancés et thérapie magique exigent formation.";1.1132043401343677e-05;2.223363368429932e-06;0.00031368403243157327;0.07534771163291376;0.0034287995422792586
Gardien de cimetière;Agent funéraire;0.07910355061439436;0.13117898347383894;79.10355061439436;A — activité attestée;"MJ135; SB99; SB182";"Winter elves, défiance civique ; pauvreté % non connue ; ne pas appliquer automatiquement Winterhold undead à ce district. Professions des résidents ; lieu de travail et commanditaires peuvent être extérieurs au quartier. Visiteurs exclus du stock. activité/institution locale Budget civil 18,00 % ; coefficient 0,600000 ; part de filière 0,780 %. Apprentissage et qualification variable ; soins avancés et thérapie magique exigent formation.";1.1132043401343677e-05;2.223363368429932e-06;0.00031368403243157327;0.07534771163291376;0.0034287995422792586
Momificateur;Agent funéraire;0;0;0.0;A — activité attestée;SB182;"Winter elves, défiance civique ; pauvreté % non connue ; ne pas appliquer automatiquement Winterhold undead à ce district. Professions des résidents ; lieu de travail et commanditaires peuvent être extérieurs au quartier. Visiteurs exclus du stock. activité/institution locale Budget civil 18,00 % ; coefficient 0,000000 ; part de filière 0,000 %. Zéro proposé : Filière régionale non retenue dans ce scénario, sans interdiction universelle. Apprentissage et qualification variable ; soins avancés et thérapie magique exigent formation.";0;0;0;0;0
Gardien d’arbres funéraires;Agent funéraire;0;0;0.0;D — activité déduite;SB155;"Winter elves, défiance civique ; pauvreté % non connue ; ne pas appliquer automatiquement Winterhold undead à ce district. Professions des résidents ; lieu de travail et commanditaires peuvent être extérieurs au quartier. Visiteurs exclus du stock. activité/institution locale Budget civil 18,00 % ; coefficient 0,000000 ; part de filière 0,000 %. Zéro proposé : Filière régionale non retenue dans ce scénario, sans interdiction universelle. Apprentissage et qualification variable ; soins avancés et thérapie magique exigent formation.";0;0;0;0;0
Marchand;Marchand;2.4849167749638665;4.120786665390644;2484.916774963867;A — activité attestée;"MJ128; SB139";"Winter elves, défiance civique ; pauvreté % non connue ; ne pas appliquer automatiquement Winterhold undead à ce district. Professions des résidents ; lieu de travail et commanditaires peuvent être extérieurs au quartier. Visiteurs exclus du stock. activité/institution locale Budget civil 20,00 % ; coefficient 35,100000 ; part de filière 22,057 %. Réseau, itinéraires, confiance et capital ; manutention distincte de propriété du fret.";0.01083149071128001;0.008653340201689192;0.13734671187297026;2.199402237067098;0.128682995110829
Colporteur;Marchand;0.9939667099855464;1.6483146661562573;993.9667099855463;A — activité attestée;SB121;"Winter elves, défiance civique ; pauvreté % non connue ; ne pas appliquer automatiquement Winterhold undead à ce district. Professions des résidents ; lieu de travail et commanditaires peuvent être extérieurs au quartier. Visiteurs exclus du stock. activité/institution locale Budget civil 20,00 % ; coefficient 14,040000 ; part de filière 8,823 %. Réseau, itinéraires, confiance et capital ; manutention distincte de propriété du fret.";0.004332596284512004;0.0034613360806756794;0.05493868474918811;0.879760894826839;0.05147319804433162
Courtier;Marchand;0.9939667099855464;1.6483146661562573;993.9667099855463;A — activité attestée;SB149;"Winter elves, défiance civique ; pauvreté % non connue ; ne pas appliquer automatiquement Winterhold undead à ce district. Professions des résidents ; lieu de travail et commanditaires peuvent être extérieurs au quartier. Visiteurs exclus du stock. activité/institution locale Budget civil 20,00 % ; coefficient 14,040000 ; part de filière 8,823 %. Réseau, itinéraires, confiance et capital ; manutention distincte de propriété du fret.";0.004332596284512004;0.0034613360806756794;0.05493868474918811;0.879760894826839;0.05147319804433162
Commissaire-priseur d’objets magiques;Marchand;0;0;0.0;A — activité attestée;SB139;"Winter elves, défiance civique ; pauvreté % non connue ; ne pas appliquer automatiquement Winterhold undead à ce district. Professions des résidents ; lieu de travail et commanditaires peuvent être extérieurs au quartier. Visiteurs exclus du stock. activité/institution locale Budget civil 20,00 % ; coefficient 0,000000 ; part de filière 0,000 %. Zéro proposé : Filière régionale non retenue dans ce scénario, sans interdiction universelle. Réseau, itinéraires, confiance et capital ; manutention distincte de propriété du fret.";0;0;0;0;0
Comptable;Professionnel de finance;0.1769883742851756;0.29350332374577226;176.9883742851756;D — activité déduite;"SB212; SB213";"Winter elves, défiance civique ; pauvreté % non connue ; ne pas appliquer automatiquement Winterhold undead à ce district. Professions des résidents ; lieu de travail et commanditaires peuvent être extérieurs au quartier. Visiteurs exclus du stock. activité/institution locale Budget civil 20,00 % ; coefficient 2,500000 ; part de filière 1,571 %. Réseau, itinéraires, confiance et capital ; manutention distincte de propriété du fret.";0.0007714736973846162;0.0006163347722000853;0.009782529335681637;0.15665258098768498;0.009165455492224292
Banquier et employé de banque;Professionnel de finance;0.01415906994281405;0.023480265899661786;14.159069942814051;A — activité attestée;"SB212; SB213";"Winter elves, défiance civique ; pauvreté % non connue ; ne pas appliquer automatiquement Winterhold undead à ce district. Professions des résidents ; lieu de travail et commanditaires peuvent être extérieurs au quartier. Visiteurs exclus du stock. activité/institution locale Budget civil 20,00 % ; coefficient 0,200000 ; part de filière 0,126 %. Réseau, itinéraires, confiance et capital ; manutention distincte de propriété du fret.";0.00018229485169826636;0.00014563640507199972;0.0007705187014271649;0.012338704964326517;0.0007219150202901023
Usurier et prêteur sur gages;Professionnel de finance;0.1769883742851756;0.29350332374577226;176.9883742851756;D — activité déduite;"SB212; SB213";"Winter elves, défiance civique ; pauvreté % non connue ; ne pas appliquer automatiquement Winterhold undead à ce district. Professions des résidents ; lieu de travail et commanditaires peuvent être extérieurs au quartier. Visiteurs exclus du stock. activité/institution locale Budget civil 20,00 % ; coefficient 2,500000 ; part de filière 1,571 %. Réseau, itinéraires, confiance et capital ; manutention distincte de propriété du fret.";0.0007714736973846162;0.0006163347722000853;0.009782529335681637;0.15665258098768498;0.009165455492224292
Changeur;Professionnel de finance;0.1769883742851756;0.29350332374577226;176.9883742851756;D — activité déduite;"SB212; SB213";"Winter elves, défiance civique ; pauvreté % non connue ; ne pas appliquer automatiquement Winterhold undead à ce district. Professions des résidents ; lieu de travail et commanditaires peuvent être extérieurs au quartier. Visiteurs exclus du stock. activité/institution locale Budget civil 20,00 % ; coefficient 2,500000 ; part de filière 1,571 %. Réseau, itinéraires, confiance et capital ; manutention distincte de propriété du fret.";0.0007714736973846162;0.0006163347722000853;0.009782529335681637;0.15665258098768498;0.009165455492224292
Assureur;Professionnel de finance;0.01415906994281405;0.023480265899661786;14.159069942814051;D — activité déduite;"SB212; SB213";"Winter elves, défiance civique ; pauvreté % non connue ; ne pas appliquer automatiquement Winterhold undead à ce district. Professions des résidents ; lieu de travail et commanditaires peuvent être extérieurs au quartier. Visiteurs exclus du stock. activité/institution locale Budget civil 20,00 % ; coefficient 0,200000 ; part de filière 0,126 %. Réseau, itinéraires, confiance et capital ; manutention distincte de propriété du fret.";6.171789579076929e-05;4.930678177600683e-05;0.0007826023468545315;0.012532206479014799;0.0007332364393779435
Estimateur;Professionnel de finance;0.01415906994281405;0.023480265899661786;14.159069942814051;A — activité attestée;"SB212; SB213";"Winter elves, défiance civique ; pauvreté % non connue ; ne pas appliquer automatiquement Winterhold undead à ce district. Professions des résidents ; lieu de travail et commanditaires peuvent être extérieurs au quartier. Visiteurs exclus du stock. activité/institution locale Budget civil 20,00 % ; coefficient 0,200000 ; part de filière 0,126 %. Réseau, itinéraires, confiance et capital ; manutention distincte de propriété du fret.";6.171789579076929e-05;4.930678177600683e-05;0.0007826023468545315;0.012532206479014799;0.0007332364393779435
Négociateur;Professionnel de finance;0.01415906994281405;0.023480265899661786;14.159069942814051;A — activité attestée;"SB212; SB213";"Winter elves, défiance civique ; pauvreté % non connue ; ne pas appliquer automatiquement Winterhold undead à ce district. Professions des résidents ; lieu de travail et commanditaires peuvent être extérieurs au quartier. Visiteurs exclus du stock. activité/institution locale Budget civil 20,00 % ; coefficient 0,200000 ; part de filière 0,126 %. Réseau, itinéraires, confiance et capital ; manutention distincte de propriété du fret.";6.171789579076929e-05;4.930678177600683e-05;0.0007826023468545315;0.012532206479014799;0.0007332364393779435
Scribe;Scribe et auteur;0.12681798123827392;0.21030476806453172;126.81798123827393;A — activité attestée;"MJ128; SB32";"Winter elves, défiance civique ; pauvreté % non connue ; ne pas appliquer automatiquement Winterhold undead à ce district. Professions des résidents ; lieu de travail et commanditaires peuvent être extérieurs au quartier. Visiteurs exclus du stock. activité/institution locale Budget civil 6,00 % ; coefficient 2,000000 ; part de filière 3,752 %. Instruction, autorisation ou initiation ; clergé, caste et office ne rendent pas noble.";0.004469661927906333;0.0008927096528004318;0.007084590031804463;0.11344911685301506;0.0009219027727476318
Calligraphe;Scribe et auteur;0.12681798123827392;0.21030476806453172;126.81798123827393;A — activité attestée;"MJ128; SB32";"Winter elves, défiance civique ; pauvreté % non connue ; ne pas appliquer automatiquement Winterhold undead à ce district. Professions des résidents ; lieu de travail et commanditaires peuvent être extérieurs au quartier. Visiteurs exclus du stock. activité/institution locale Budget civil 6,00 % ; coefficient 2,000000 ; part de filière 3,752 %. Instruction, autorisation ou initiation ; clergé, caste et office ne rendent pas noble.";0.004469661927906333;0.0008927096528004318;0.007084590031804463;0.11344911685301506;0.0009219027727476318
Écrivain;Scribe et auteur;0.03838255596061463;0.06365055215517665;38.382555960614624;A — activité attestée;"MJ128; SB32";"Winter elves, défiance civique ; pauvreté % non connue ; ne pas appliquer automatiquement Winterhold undead à ce district. Professions des résidents ; lieu de travail et commanditaires peuvent être extérieurs au quartier. Visiteurs exclus du stock. activité/institution locale Budget civil 1,00 % ; coefficient 2,000000 ; part de filière 6,814 %. Long apprentissage, frais, bourses, talent, licence ou secret ; titre ne donne pas maîtrise.";0.0005037491815574097;0.00010061202932573129;0.0035487212209835525;0.034096478695656664;0.0001329948330912732
Journaliste et rédacteur;Scribe et auteur;0.03838255596061463;0.06365055215517665;38.382555960614624;A — activité attestée;CC9;"Winter elves, défiance civique ; pauvreté % non connue ; ne pas appliquer automatiquement Winterhold undead à ce district. Professions des résidents ; lieu de travail et commanditaires peuvent être extérieurs au quartier. Visiteurs exclus du stock. activité/institution locale Budget civil 1,00 % ; coefficient 2,000000 ; part de filière 6,814 %. Long apprentissage, frais, bourses, talent, licence ou secret ; titre ne donne pas maîtrise.";0.0005037491815574097;0.00010061202932573129;0.0035487212209835525;0.034096478695656664;0.0001329948330912732
Traducteur;Scribe et auteur;0.12681798123827392;0.21030476806453172;126.81798123827393;D — activité déduite;SB198;"Winter elves, défiance civique ; pauvreté % non connue ; ne pas appliquer automatiquement Winterhold undead à ce district. Professions des résidents ; lieu de travail et commanditaires peuvent être extérieurs au quartier. Visiteurs exclus du stock. activité/institution locale Budget civil 6,00 % ; coefficient 2,000000 ; part de filière 3,752 %. Instruction, autorisation ou initiation ; clergé, caste et office ne rendent pas noble.";0.004469661927906333;0.0008927096528004318;0.007084590031804463;0.11344911685301506;0.0009219027727476318
Bibliothécaire;Érudit;0.08243168780487806;0.13669809924194562;82.43168780487805;A — activité attestée;MJ138;"Winter elves, défiance civique ; pauvreté % non connue ; ne pas appliquer automatiquement Winterhold undead à ce district. Professions des résidents ; lieu de travail et commanditaires peuvent être extérieurs au quartier. Visiteurs exclus du stock. activité/institution locale Budget civil 6,00 % ; coefficient 1,300000 ; part de filière 2,439 %. Instruction, autorisation ou initiation ; clergé, caste et office ne rendent pas noble.";0.002905280253139116;0.0005802612743202806;0.0046049835206729;0.0737419259544598;0.0005992368022859605
Conservateur de musée;Érudit;0.08243168780487806;0.13669809924194562;82.43168780487805;A — activité attestée;PG48;"Winter elves, défiance civique ; pauvreté % non connue ; ne pas appliquer automatiquement Winterhold undead à ce district. Professions des résidents ; lieu de travail et commanditaires peuvent être extérieurs au quartier. Visiteurs exclus du stock. activité/institution locale Budget civil 6,00 % ; coefficient 1,300000 ; part de filière 2,439 %. Instruction, autorisation ou initiation ; clergé, caste et office ne rendent pas noble.";0.002905280253139116;0.0005802612743202806;0.0046049835206729;0.0737419259544598;0.0005992368022859605
Historien;Érudit;0.024948661374399512;0.04137285890086483;24.948661374399514;A — activité attestée;PG46;"Winter elves, défiance civique ; pauvreté % non connue ; ne pas appliquer automatiquement Winterhold undead à ce district. Professions des résidents ; lieu de travail et commanditaires peuvent être extérieurs au quartier. Visiteurs exclus du stock. activité/institution locale Budget civil 1,00 % ; coefficient 1,300000 ; part de filière 4,429 %. Long apprentissage, frais, bourses, talent, licence ou secret ; titre ne donne pas maîtrise.";0.0009523209349486219;0.00019020366750439882;0.0022362461550083433;0.021486083192906708;8.380742403143944e-05
Astronome;Érudit;0.02494866137439951;0.04137285890086482;24.948661374399506;A — activité attestée;MJ138;"Winter elves, défiance civique ; pauvreté % non connue ; ne pas appliquer automatiquement Winterhold undead à ce district. Professions des résidents ; lieu de travail et commanditaires peuvent être extérieurs au quartier. Visiteurs exclus du stock. activité/institution locale Budget civil 1,00 % ; coefficient 1,300000 ; part de filière 4,429 %. Long apprentissage, frais, bourses, talent, licence ou secret ; titre ne donne pas maîtrise.";0.0003274369680123161;6.539781906172533e-05;0.0023066687936393084;0.022162711152176832;8.644664150932758e-05
Chercheur non arcanique;Érudit;0.024948661374399512;0.04137285890086483;24.948661374399514;A — activité attestée;"MJ138; PG46";"Winter elves, défiance civique ; pauvreté % non connue ; ne pas appliquer automatiquement Winterhold undead à ce district. Professions des résidents ; lieu de travail et commanditaires peuvent être extérieurs au quartier. Visiteurs exclus du stock. activité/institution locale Budget civil 1,00 % ; coefficient 1,300000 ; part de filière 4,429 %. Long apprentissage, frais, bourses, talent, licence ou secret ; titre ne donne pas maîtrise.";0.0009523209349486219;0.00019020366750439882;0.0022362461550083433;0.021486083192906708;8.380742403143944e-05
Mathématicien;Érudit;0.017464062962079654;0.02896100123060537;17.464062962079655;A — activité attestée;SB174;"Winter elves, défiance civique ; pauvreté % non connue ; ne pas appliquer automatiquement Winterhold undead à ce district. Professions des résidents ; lieu de travail et commanditaires peuvent être extérieurs au quartier. Visiteurs exclus du stock. activité/institution locale Budget civil 1,00 % ; coefficient 0,910000 ; part de filière 3,100 %. Long apprentissage, frais, bourses, talent, licence ou secret ; titre ne donne pas maîtrise.";0.0002292058776086213;4.577847334320774e-05;0.001614668155547516;0.01551389780652378;6.051264905652931e-05
Philosophe;Érudit;0.017464062962079654;0.02896100123060537;17.464062962079655;A — activité attestée;SB178;"Winter elves, défiance civique ; pauvreté % non connue ; ne pas appliquer automatiquement Winterhold undead à ce district. Professions des résidents ; lieu de travail et commanditaires peuvent être extérieurs au quartier. Visiteurs exclus du stock. activité/institution locale Budget civil 1,00 % ; coefficient 0,910000 ; part de filière 3,100 %. Long apprentissage, frais, bourses, talent, licence ou secret ; titre ne donne pas maîtrise.";0.0002292058776086213;4.577847334320774e-05;0.001614668155547516;0.01551389780652378;6.051264905652931e-05
Archéologue;Érudit;0.02494866137439951;0.04137285890086482;24.948661374399506;D — activité déduite;PG48;"Winter elves, défiance civique ; pauvreté % non connue ; ne pas appliquer automatiquement Winterhold undead à ce district. Professions des résidents ; lieu de travail et commanditaires peuvent être extérieurs au quartier. Visiteurs exclus du stock. activité/institution locale Budget civil 1,00 % ; coefficient 1,300000 ; part de filière 4,429 %. Long apprentissage, frais, bourses, talent, licence ou secret ; titre ne donne pas maîtrise.";0.0003274369680123161;6.539781906172533e-05;0.0023066687936393084;0.022162711152176832;8.644664150932758e-05
Professeur;Enseignant;0.10779528405253283;0.17875905285485194;107.79528405253282;A — activité attestée;"MJ138; SB141";"Winter elves, défiance civique ; pauvreté % non connue ; ne pas appliquer automatiquement Winterhold undead à ce district. Professions des résidents ; lieu de travail et commanditaires peuvent être extérieurs au quartier. Visiteurs exclus du stock. activité/institution locale Budget civil 6,00 % ; coefficient 1,700000 ; part de filière 3,189 %. Instruction, autorisation ou initiation ; clergé, caste et office ne rendent pas noble.";0.0037992126387203836;0.0007588032048803673;0.006021901527033791;0.09643174932506281;0.000783617356835487
Enseignant de magie arcanique;Enseignant;0.000978755176995673;0.0016230890799570046;0.9787551769956732;A — activité attestée;SB141;"Winter elves, défiance civique ; pauvreté % non connue ; ne pas appliquer automatiquement Winterhold undead à ce district. Professions des résidents ; lieu de travail et commanditaires peuvent être extérieurs au quartier. Visiteurs exclus du stock. activité/institution locale Budget civil 1,00 % ; coefficient 0,051000 ; part de filière 0,174 %. Long apprentissage, frais, bourses, talent, licence ou secret ; titre ne donne pas maîtrise.";1.2845604129713943e-05;2.5656067478061484e-06;9.049239113508062e-05;0.0008694602067392449;3.391368243827467e-06
Instructeur martial;Enseignant;0;0;0.0;A — activité attestée;SB94;"Winter elves, défiance civique ; pauvreté % non connue ; ne pas appliquer automatiquement Winterhold undead à ce district. Professions des résidents ; lieu de travail et commanditaires peuvent être extérieurs au quartier. Visiteurs exclus du stock. activité/institution locale Budget civil 6,00 % ; coefficient 0,000000 ; part de filière 0,000 %. Zéro proposé : Technique de site, institution, secret ou habilitation concentrée dans les implantations autorisées du scénario. Instruction, autorisation ou initiation ; clergé, caste et office ne rendent pas noble.";0;0;0;0;0
Formateur de tir à l’arc;Enseignant;0;0;0.0;A — activité attestée;SB155;"Winter elves, défiance civique ; pauvreté % non connue ; ne pas appliquer automatiquement Winterhold undead à ce district. Professions des résidents ; lieu de travail et commanditaires peuvent être extérieurs au quartier. Visiteurs exclus du stock. activité/institution locale Budget civil 6,00 % ; coefficient 0,000000 ; part de filière 0,000 %. Zéro proposé : Technique de site, institution, secret ou habilitation concentrée dans les implantations autorisées du scénario. Instruction, autorisation ou initiation ; clergé, caste et office ne rendent pas noble.";0;0;0;0;0
Ingénieur;Ingénieur;0.047978194950768285;0.07956319019397082;47.978194950768284;A — activité attestée;SB174;"Winter elves, défiance civique ; pauvreté % non connue ; ne pas appliquer automatiquement Winterhold undead à ce district. Professions des résidents ; lieu de travail et commanditaires peuvent être extérieurs au quartier. Visiteurs exclus du stock. activité/institution locale Budget civil 1,00 % ; coefficient 2,500000 ; part de filière 8,518 %. Long apprentissage, frais, bourses, talent, licence ou secret ; titre ne donne pas maîtrise.";0.0018313864133627329;0.0003657762836623052;0.004300473375016043;0.04131939075558982;0.00016116812313738345
Inventeur;Ingénieur;0.01151476678818439;0.019095165646553;11.51476678818439;A — activité attestée;SB178;"Winter elves, défiance civique ; pauvreté % non connue ; ne pas appliquer automatiquement Winterhold undead à ce district. Professions des résidents ; lieu de travail et commanditaires peuvent être extérieurs au quartier. Visiteurs exclus du stock. activité/institution locale Budget civil 1,00 % ; coefficient 0,600000 ; part de filière 2,044 %. Long apprentissage, frais, bourses, talent, licence ou secret ; titre ne donne pas maîtrise.";0.00015112475446722292;3.018360879771939e-05;0.0010646163662950655;0.010228943608697;3.989844992738198e-05
Ingénieur mystique;Ingénieur;0.019191277980307314;0.031825276077588324;19.191277980307312;A — activité attestée;SB174;"Winter elves, défiance civique ; pauvreté % non connue ; ne pas appliquer automatiquement Winterhold undead à ce district. Professions des résidents ; lieu de travail et commanditaires peuvent être extérieurs au quartier. Visiteurs exclus du stock. activité/institution locale Budget civil 1,00 % ; coefficient 1,000000 ; part de filière 3,407 %. Long apprentissage, frais, bourses, talent, licence ou secret ; titre ne donne pas maîtrise.";0.00025187459077870484;5.0306014662865644e-05;0.0017743606104917763;0.017048239347828332;6.64974165456366e-05
Créateur et mainteneur de golems;Ingénieur;0.019191277980307314;0.031825276077588324;19.191277980307312;D — activité déduite;SB174;"Winter elves, défiance civique ; pauvreté % non connue ; ne pas appliquer automatiquement Winterhold undead à ce district. Professions des résidents ; lieu de travail et commanditaires peuvent être extérieurs au quartier. Visiteurs exclus du stock. activité/institution locale Budget civil 1,00 % ; coefficient 1,000000 ; part de filière 3,407 %. Long apprentissage, frais, bourses, talent, licence ou secret ; titre ne donne pas maîtrise.";0.00025187459077870484;5.0306014662865644e-05;0.0017743606104917763;0.017048239347828332;6.64974165456366e-05
Chercheur en golems;Ingénieur;0.015353022384245853;0.025460220862070664;15.353022384245854;A — activité attestée;SB178;"Winter elves, défiance civique ; pauvreté % non connue ; ne pas appliquer automatiquement Winterhold undead à ce district. Professions des résidents ; lieu de travail et commanditaires peuvent être extérieurs au quartier. Visiteurs exclus du stock. activité/institution locale Budget civil 1,00 % ; coefficient 0,800000 ; part de filière 2,726 %. Long apprentissage, frais, bourses, talent, licence ou secret ; titre ne donne pas maîtrise.";0.00020149967262296387;4.024481173029253e-05;0.0014194884883934208;0.013638591478262666;5.319793323650929e-05
Ingénieur de réacteurs de bauronite;Ingénieur;0;0;0.0;D — activité déduite;SB174;"Winter elves, défiance civique ; pauvreté % non connue ; ne pas appliquer automatiquement Winterhold undead à ce district. Professions des résidents ; lieu de travail et commanditaires peuvent être extérieurs au quartier. Visiteurs exclus du stock. activité/institution locale Accès aux secrets des réacteurs; savoir détenu par un petit nombre Budget civil 1,00 % ; coefficient 0,000000 ; part de filière 0,000 %. Zéro proposé : Filière régionale non retenue dans ce scénario, sans interdiction universelle. Long apprentissage, frais, bourses, talent, licence ou secret ; titre ne donne pas maîtrise.";0;0;0;0;0
Technicien de communication runique;Ingénieur;0;0;0.0;D — activité déduite;SB174;"Winter elves, défiance civique ; pauvreté % non connue ; ne pas appliquer automatiquement Winterhold undead à ce district. Professions des résidents ; lieu de travail et commanditaires peuvent être extérieurs au quartier. Visiteurs exclus du stock. activité/institution locale Budget civil 1,00 % ; coefficient 0,000000 ; part de filière 0,000 %. Zéro proposé : Filière régionale non retenue dans ce scénario, sans interdiction universelle. Long apprentissage, frais, bourses, talent, licence ou secret ; titre ne donne pas maîtrise.";0;0;0;0;0
Chercheur en magie;Praticien des services arcaniques;0.0005757383394092194;0.0009547582823276498;0.5757383394092194;A — activité attestée;"SB138; SB139";"Winter elves, défiance civique ; pauvreté % non connue ; ne pas appliquer automatiquement Winterhold undead à ce district. Professions des résidents ; lieu de travail et commanditaires peuvent être extérieurs au quartier. Visiteurs exclus du stock. activité/institution locale Budget civil 1,00 % ; coefficient 0,030000 ; part de filière 0,102 %. Long apprentissage, frais, bourses, talent, licence ou secret ; titre ne donne pas maîtrise.";7.55623772336114e-06;1.5091804398859691e-06;5.3230818314753304e-05;0.0005114471804348498;1.994922496369097e-06
Fabricant d’objets magiques;Praticien des services arcaniques;0.019191277980307314;0.031825276077588324;19.191277980307312;A — activité attestée;SB138;"Winter elves, défiance civique ; pauvreté % non connue ; ne pas appliquer automatiquement Winterhold undead à ce district. Professions des résidents ; lieu de travail et commanditaires peuvent être extérieurs au quartier. Visiteurs exclus du stock. activité/institution locale Budget civil 1,00 % ; coefficient 1,000000 ; part de filière 3,407 %. Long apprentissage, frais, bourses, talent, licence ou secret ; titre ne donne pas maîtrise.";0.00025187459077870484;5.0306014662865644e-05;0.0017743606104917763;0.017048239347828332;6.64974165456366e-05
Fabricant de parchemins magiques;Praticien des services arcaniques;0.019191277980307314;0.031825276077588324;19.191277980307312;A — activité attestée;SB138;"Winter elves, défiance civique ; pauvreté % non connue ; ne pas appliquer automatiquement Winterhold undead à ce district. Professions des résidents ; lieu de travail et commanditaires peuvent être extérieurs au quartier. Visiteurs exclus du stock. activité/institution locale Budget civil 1,00 % ; coefficient 1,000000 ; part de filière 3,407 %. Long apprentissage, frais, bourses, talent, licence ou secret ; titre ne donne pas maîtrise.";0.00025187459077870484;5.0306014662865644e-05;0.0017743606104917763;0.017048239347828332;6.64974165456366e-05
Nécromancien de service;Praticien des services arcaniques;0.019191277980307314;0.031825276077588324;19.191277980307312;D — activité déduite;"SB108; SB170";"Winter elves, défiance civique ; pauvreté % non connue ; ne pas appliquer automatiquement Winterhold undead à ce district. Professions des résidents ; lieu de travail et commanditaires peuvent être extérieurs au quartier. Visiteurs exclus du stock. activité/institution locale Budget civil 1,00 % ; coefficient 1,000000 ; part de filière 3,407 %. Long apprentissage, frais, bourses, talent, licence ou secret ; titre ne donne pas maîtrise.";0.00025187459077870484;5.0306014662865644e-05;0.0017743606104917763;0.017048239347828332;6.64974165456366e-05
Illusionniste de service;Praticien des services arcaniques;0.019191277980307314;0.031825276077588324;19.191277980307312;D — activité déduite;"SB107; SB142";"Winter elves, défiance civique ; pauvreté % non connue ; ne pas appliquer automatiquement Winterhold undead à ce district. Professions des résidents ; lieu de travail et commanditaires peuvent être extérieurs au quartier. Visiteurs exclus du stock. activité/institution locale Budget civil 1,00 % ; coefficient 1,000000 ; part de filière 3,407 %. Long apprentissage, frais, bourses, talent, licence ou secret ; titre ne donne pas maîtrise.";0.00025187459077870484;5.0306014662865644e-05;0.0017743606104917763;0.017048239347828332;6.64974165456366e-05
Chercheur en aethermancy;Praticien des services arcaniques;0;0;0.0;A — activité attestée;SB140;"Winter elves, défiance civique ; pauvreté % non connue ; ne pas appliquer automatiquement Winterhold undead à ce district. Professions des résidents ; lieu de travail et commanditaires peuvent être extérieurs au quartier. Visiteurs exclus du stock. activité/institution locale Budget civil 1,00 % ; coefficient 0,000000 ; part de filière 0,000 %. Zéro proposé : Filière régionale non retenue dans ce scénario, sans interdiction universelle. Long apprentissage, frais, bourses, talent, licence ou secret ; titre ne donne pas maîtrise.";0;0;0;0;0
Chercheur en biomancy;Praticien des services arcaniques;0;0;0.0;A — activité attestée;SB140;"Winter elves, défiance civique ; pauvreté % non connue ; ne pas appliquer automatiquement Winterhold undead à ce district. Professions des résidents ; lieu de travail et commanditaires peuvent être extérieurs au quartier. Visiteurs exclus du stock. activité/institution locale Budget civil 1,00 % ; coefficient 0,000000 ; part de filière 0,000 %. Zéro proposé : Filière régionale non retenue dans ce scénario, sans interdiction universelle. Long apprentissage, frais, bourses, talent, licence ou secret ; titre ne donne pas maîtrise.";0;0;0;0;0
Désenchanteur et récupérateur arcanique;Praticien des services arcaniques;0;0;0.0;A — activité attestée;SB139;"Winter elves, défiance civique ; pauvreté % non connue ; ne pas appliquer automatiquement Winterhold undead à ce district. Professions des résidents ; lieu de travail et commanditaires peuvent être extérieurs au quartier. Visiteurs exclus du stock. activité/institution locale Budget civil 1,00 % ; coefficient 0,000000 ; part de filière 0,000 %. Zéro proposé : Filière régionale non retenue dans ce scénario, sans interdiction universelle. Long apprentissage, frais, bourses, talent, licence ou secret ; titre ne donne pas maîtrise.";0;0;0;0;0
Extracteur de mémoire;Praticien des services arcaniques;0;0;0.0;A — activité attestée;SB140;"Winter elves, défiance civique ; pauvreté % non connue ; ne pas appliquer automatiquement Winterhold undead à ce district. Professions des résidents ; lieu de travail et commanditaires peuvent être extérieurs au quartier. Visiteurs exclus du stock. activité/institution locale Budget civil 1,00 % ; coefficient 0,000000 ; part de filière 0,000 %. Zéro proposé : Filière régionale non retenue dans ce scénario, sans interdiction universelle. Long apprentissage, frais, bourses, talent, licence ou secret ; titre ne donne pas maîtrise.";0;0;0;0;0
Certificateur et inspecteur arcanique;Praticien des services arcaniques;0;0;0.0;A — activité attestée;SB139;"Winter elves, défiance civique ; pauvreté % non connue ; ne pas appliquer automatiquement Winterhold undead à ce district. Professions des résidents ; lieu de travail et commanditaires peuvent être extérieurs au quartier. Visiteurs exclus du stock. activité/institution locale Budget civil 1,00 % ; coefficient 0,000000 ; part de filière 0,000 %. Zéro proposé : Filière régionale non retenue dans ce scénario, sans interdiction universelle. Long apprentissage, frais, bourses, talent, licence ou secret ; titre ne donne pas maîtrise.";0;0;0;0;0
Opérateur de transport magique;Praticien des services arcaniques;0.019191277980307314;0.031825276077588324;19.191277980307312;D — activité déduite;SB142;"Winter elves, défiance civique ; pauvreté % non connue ; ne pas appliquer automatiquement Winterhold undead à ce district. Professions des résidents ; lieu de travail et commanditaires peuvent être extérieurs au quartier. Visiteurs exclus du stock. activité/institution locale Budget civil 1,00 % ; coefficient 1,000000 ; part de filière 3,407 %. Long apprentissage, frais, bourses, talent, licence ou secret ; titre ne donne pas maîtrise.";0.00025187459077870484;5.0306014662865644e-05;0.0017743606104917763;0.017048239347828332;6.64974165456366e-05
Restaurateur de runes de tunnels;Praticien des services arcaniques;0;0;0.0;A — activité attestée;SB161;"Winter elves, défiance civique ; pauvreté % non connue ; ne pas appliquer automatiquement Winterhold undead à ce district. Professions des résidents ; lieu de travail et commanditaires peuvent être extérieurs au quartier. Visiteurs exclus du stock. activité/institution locale Budget civil 1,00 % ; coefficient 0,000000 ; part de filière 0,000 %. Zéro proposé : Filière régionale non retenue dans ce scénario, sans interdiction universelle. Long apprentissage, frais, bourses, talent, licence ou secret ; titre ne donne pas maîtrise.";0;0;0;0;0
Artificier psychique;Praticien des services arcaniques;0;0;0.0;A — activité attestée;PG8;"Winter elves, défiance civique ; pauvreté % non connue ; ne pas appliquer automatiquement Winterhold undead à ce district. Professions des résidents ; lieu de travail et commanditaires peuvent être extérieurs au quartier. Visiteurs exclus du stock. activité/institution locale Budget civil 1,00 % ; coefficient 0,000000 ; part de filière 0,000 %. Zéro proposé : Filière régionale non retenue dans ce scénario, sans interdiction universelle. Long apprentissage, frais, bourses, talent, licence ou secret ; titre ne donne pas maîtrise.";0;0;0;0;0
Guérisseur;Soigneur;0.22412672674078404;0.37167378650921035;224.12672674078402;A — activité attestée;"MJ141; PG36";"Winter elves, défiance civique ; pauvreté % non connue ; ne pas appliquer automatiquement Winterhold undead à ce district. Professions des résidents ; lieu de travail et commanditaires peuvent être extérieurs au quartier. Visiteurs exclus du stock. activité/institution locale Budget civil 18,00 % ; coefficient 1,700000 ; part de filière 2,211 %. Apprentissage et qualification variable ; soins avancés et thérapie magique exigent formation.";3.154078963714041e-05;6.2995295438848095e-06;0.0008887714252227913;0.21348518295992233;0.009714932036457903
Chirurgien;Soigneur;0.03361900901111761;0.05575106797638157;33.61900901111761;P — activité proposée;"MJ141; PG36";"Winter elves, défiance civique ; pauvreté % non connue ; ne pas appliquer automatiquement Winterhold undead à ce district. Professions des résidents ; lieu de travail et commanditaires peuvent être extérieurs au quartier. Visiteurs exclus du stock. activité/institution locale Budget civil 18,00 % ; coefficient 0,255000 ; part de filière 0,332 %. Apprentissage et qualification variable ; soins avancés et thérapie magique exigent formation.";4.731118445571063e-06;9.449294315827212e-07;0.00013331571378341864;0.032022777443988355;0.0014572398054686845
Praticien de psychosurgery;Soigneur;0;0;0.0;D — activité déduite;SB94;"Winter elves, défiance civique ; pauvreté % non connue ; ne pas appliquer automatiquement Winterhold undead à ce district. Professions des résidents ; lieu de travail et commanditaires peuvent être extérieurs au quartier. Visiteurs exclus du stock. activité/institution locale Budget civil 18,00 % ; coefficient 0,000000 ; part de filière 0,000 %. Zéro proposé : Filière régionale non retenue dans ce scénario, sans interdiction universelle. Apprentissage et qualification variable ; soins avancés et thérapie magique exigent formation.";0;0;0;0;0
Opérateur de thérapie onirique;Soigneur;0;0;0.0;D — activité déduite;"SB141; SB228";"Winter elves, défiance civique ; pauvreté % non connue ; ne pas appliquer automatiquement Winterhold undead à ce district. Professions des résidents ; lieu de travail et commanditaires peuvent être extérieurs au quartier. Visiteurs exclus du stock. activité/institution locale Budget civil 18,00 % ; coefficient 0,000000 ; part de filière 0,000 %. Zéro proposé : Technique de site, institution, secret ou habilitation concentrée dans les implantations autorisées du scénario. Apprentissage et qualification variable ; soins avancés et thérapie magique exigent formation.";0;0;0;0;0
Prêtre et officiant;Officiant religieux;0.12681798123827392;0.21030476806453172;126.81798123827393;A — activité attestée;"MJ127; SB182";"Winter elves, défiance civique ; pauvreté % non connue ; ne pas appliquer automatiquement Winterhold undead à ce district. Professions des résidents ; lieu de travail et commanditaires peuvent être extérieurs au quartier. Visiteurs exclus du stock. activité/institution locale Budget civil 6,00 % ; coefficient 2,000000 ; part de filière 3,752 %. Instruction, autorisation ou initiation ; clergé, caste et office ne rendent pas noble.";0.004469661927906333;0.0008927096528004318;0.007084590031804463;0.11344911685301506;0.0009219027727476318
Acolyte;Officiant religieux;0.12681798123827392;0.21030476806453172;126.81798123827393;A — activité attestée;"MJ127; SB182";"Winter elves, défiance civique ; pauvreté % non connue ; ne pas appliquer automatiquement Winterhold undead à ce district. Professions des résidents ; lieu de travail et commanditaires peuvent être extérieurs au quartier. Visiteurs exclus du stock. activité/institution locale Budget civil 6,00 % ; coefficient 2,000000 ; part de filière 3,752 %. Instruction, autorisation ou initiation ; clergé, caste et office ne rendent pas noble.";0.004469661927906333;0.0008927096528004318;0.007084590031804463;0.11344911685301506;0.0009219027727476318
Shaman;Officiant religieux;0.12681798123827392;0.21030476806453172;126.81798123827393;A — activité attestée;"SB129; SB191";"Winter elves, défiance civique ; pauvreté % non connue ; ne pas appliquer automatiquement Winterhold undead à ce district. Professions des résidents ; lieu de travail et commanditaires peuvent être extérieurs au quartier. Visiteurs exclus du stock. activité/institution locale Budget civil 6,00 % ; coefficient 2,000000 ; part de filière 3,752 %. Instruction, autorisation ou initiation ; clergé, caste et office ne rendent pas noble.";0.004469661927906333;0.0008927096528004318;0.007084590031804463;0.11344911685301506;0.0009219027727476318
Sugenja;Officiant religieux;0;0;0.0;A — activité attestée;SB198;"Winter elves, défiance civique ; pauvreté % non connue ; ne pas appliquer automatiquement Winterhold undead à ce district. Professions des résidents ; lieu de travail et commanditaires peuvent être extérieurs au quartier. Visiteurs exclus du stock. activité/institution locale Budget civil 6,00 % ; coefficient 0,000000 ; part de filière 0,000 %. Zéro proposé : Filière régionale non retenue dans ce scénario, sans interdiction universelle. Instruction, autorisation ou initiation ; clergé, caste et office ne rendent pas noble.";0;0;0;0;0
Gardien et officiant druidique;Officiant religieux;0.12681798123827392;0.21030476806453172;126.81798123827393;A — activité attestée;SB153;"Winter elves, défiance civique ; pauvreté % non connue ; ne pas appliquer automatiquement Winterhold undead à ce district. Professions des résidents ; lieu de travail et commanditaires peuvent être extérieurs au quartier. Visiteurs exclus du stock. activité/institution locale Budget civil 6,00 % ; coefficient 2,000000 ; part de filière 3,752 %. Instruction, autorisation ou initiation ; clergé, caste et office ne rendent pas noble.";0.004469661927906333;0.0008927096528004318;0.007084590031804463;0.11344911685301506;0.0009219027727476318
Gardien-purificateur de Mother Tree;Officiant religieux;0;0;0.0;A — activité attestée;SB153;"Winter elves, défiance civique ; pauvreté % non connue ; ne pas appliquer automatiquement Winterhold undead à ce district. Professions des résidents ; lieu de travail et commanditaires peuvent être extérieurs au quartier. Visiteurs exclus du stock. activité/institution locale Budget civil 6,00 % ; coefficient 0,000000 ; part de filière 0,000 %. Zéro proposé : Filière régionale non retenue dans ce scénario, sans interdiction universelle. Instruction, autorisation ou initiation ; clergé, caste et office ne rendent pas noble.";0;0;0;0;0
Officiant des rites Ba-Akhu;Officiant religieux;0;0;0.0;A — activité attestée;SB184;"Winter elves, défiance civique ; pauvreté % non connue ; ne pas appliquer automatiquement Winterhold undead à ce district. Professions des résidents ; lieu de travail et commanditaires peuvent être extérieurs au quartier. Visiteurs exclus du stock. activité/institution locale Budget civil 6,00 % ; coefficient 0,000000 ; part de filière 0,000 %. Zéro proposé : Filière régionale non retenue dans ce scénario, sans interdiction universelle. Instruction, autorisation ou initiation ; clergé, caste et office ne rendent pas noble.";0;0;0;0;0
Garde et sentinelle;Garde et surveillant;0.11171783466666667;0.18526389616707017;111.71783466666668;A — activité attestée;"MJ140; SB90";"Winter elves, défiance civique ; pauvreté % non connue ; ne pas appliquer automatiquement Winterhold undead à ce district. Professions des résidents ; lieu de travail et commanditaires peuvent être extérieurs au quartier. Visiteurs exclus du stock. activité/institution locale Budget civil 2,00 % ; coefficient 11,900000 ; part de filière 9,917 %. Entraînement, loyauté, armes et habilitations ; aucun métier verrouillé par naissance sauf source explicite.";0.001037626790471897;0.00020724150210897234;0.0030700680123356056;0.10534831931434806;0.0020545790474021317
Garde du corps;Garde et surveillant;0.11171783466666667;0.18526389616707017;111.71783466666668;A — activité attestée;"MJ140; SB90";"Winter elves, défiance civique ; pauvreté % non connue ; ne pas appliquer automatiquement Winterhold undead à ce district. Professions des résidents ; lieu de travail et commanditaires peuvent être extérieurs au quartier. Visiteurs exclus du stock. activité/institution locale Budget civil 2,00 % ; coefficient 11,900000 ; part de filière 9,917 %. Entraînement, loyauté, armes et habilitations ; aucun métier verrouillé par naissance sauf source explicite.";0.001037626790471897;0.00020724150210897234;0.0030700680123356056;0.10534831931434806;0.0020545790474021317
Soldat;Combattant professionnel;0.7000000000000002;1.160823853271865;700.0000000000001;A — activité attestée;"MJ140; SB90";"Winter elves, défiance civique ; pauvreté % non connue ; ne pas appliquer automatiquement Winterhold undead à ce district. Professions des résidents ; lieu de travail et commanditaires peuvent être extérieurs au quartier. Visiteurs exclus du stock. activité/institution locale Garnison incluse dans les résidents par convention proposée, comptée une seule fois. Entraînement, loyauté, armes et habilitations ; aucun métier verrouillé par naissance sauf source explicite.";0.0016390849549301851;0.0003273685984817957;0.019398505650931326;0.6656529950881436;0.012982045707513311
Mercenaire;Combattant professionnel;0.11171783466666667;0.18526389616707017;111.71783466666668;A — activité attestée;"MJ140; SB90";"Winter elves, défiance civique ; pauvreté % non connue ; ne pas appliquer automatiquement Winterhold undead à ce district. Professions des résidents ; lieu de travail et commanditaires peuvent être extérieurs au quartier. Visiteurs exclus du stock. activité/institution locale Budget civil 2,00 % ; coefficient 11,900000 ; part de filière 9,917 %. Entraînement, loyauté, armes et habilitations ; aucun métier verrouillé par naissance sauf source explicite.";0.001037626790471897;0.00020724150210897234;0.0030700680123356056;0.10534831931434806;0.0020545790474021317
Éclaireur;Combattant professionnel;0.11171783466666667;0.18526389616707017;111.71783466666668;A — activité attestée;"MJ140; SB90";"Winter elves, défiance civique ; pauvreté % non connue ; ne pas appliquer automatiquement Winterhold undead à ce district. Professions des résidents ; lieu de travail et commanditaires peuvent être extérieurs au quartier. Visiteurs exclus du stock. activité/institution locale Budget civil 2,00 % ; coefficient 11,900000 ; part de filière 9,917 %. Entraînement, loyauté, armes et habilitations ; aucun métier verrouillé par naissance sauf source explicite.";0.001037626790471897;0.00020724150210897234;0.0030700680123356056;0.10534831931434806;0.0020545790474021317
Chasseur de primes;Combattant professionnel;0.11171783466666667;0.18526389616707017;111.71783466666668;A — activité attestée;MJ140;"Winter elves, défiance civique ; pauvreté % non connue ; ne pas appliquer automatiquement Winterhold undead à ce district. Professions des résidents ; lieu de travail et commanditaires peuvent être extérieurs au quartier. Visiteurs exclus du stock. activité/institution locale Budget civil 2,00 % ; coefficient 11,900000 ; part de filière 9,917 %. Entraînement, loyauté, armes et habilitations ; aucun métier verrouillé par naissance sauf source explicite.";0.001037626790471897;0.00020724150210897234;0.0030700680123356056;0.10534831931434806;0.0020545790474021317
Gladiateur;Combattant professionnel;0.11171783466666667;0.18526389616707017;111.71783466666668;A — activité attestée;MJ130;"Winter elves, défiance civique ; pauvreté % non connue ; ne pas appliquer automatiquement Winterhold undead à ce district. Professions des résidents ; lieu de travail et commanditaires peuvent être extérieurs au quartier. Visiteurs exclus du stock. activité/institution locale Budget civil 2,00 % ; coefficient 11,900000 ; part de filière 9,917 %. Entraînement, loyauté, armes et habilitations ; aucun métier verrouillé par naissance sauf source explicite.";0.001037626790471897;0.00020724150210897234;0.0030700680123356056;0.10534831931434806;0.0020545790474021317
Champion d’arène;Combattant professionnel;0.11171783466666667;0.18526389616707017;111.71783466666668;A — activité attestée;SB90;"Winter elves, défiance civique ; pauvreté % non connue ; ne pas appliquer automatiquement Winterhold undead à ce district. Professions des résidents ; lieu de travail et commanditaires peuvent être extérieurs au quartier. Visiteurs exclus du stock. activité/institution locale Budget civil 2,00 % ; coefficient 11,900000 ; part de filière 9,917 %. Entraînement, loyauté, armes et habilitations ; aucun métier verrouillé par naissance sauf source explicite.";0.001037626790471897;0.00020724150210897234;0.0030700680123356056;0.10534831931434806;0.0020545790474021317
Veilleur de nuit;Garde et surveillant;0.11171783466666667;0.18526389616707017;111.71783466666668;P — activité proposée;"MJ140; SB90";"Winter elves, défiance civique ; pauvreté % non connue ; ne pas appliquer automatiquement Winterhold undead à ce district. Professions des résidents ; lieu de travail et commanditaires peuvent être extérieurs au quartier. Visiteurs exclus du stock. activité/institution locale Budget civil 2,00 % ; coefficient 11,900000 ; part de filière 9,917 %. Entraînement, loyauté, armes et habilitations ; aucun métier verrouillé par naissance sauf source explicite.";0.001037626790471897;0.00020724150210897234;0.0030700680123356056;0.10534831931434806;0.0020545790474021317
Guide;Guide;2.1061616539935897;3.4926895525746895;2106.1616539935894;A — activité attestée;MJ140;"Winter elves, défiance civique ; pauvreté % non connue ; ne pas appliquer automatiquement Winterhold undead à ce district. Professions des résidents ; lieu de travail et commanditaires peuvent être extérieurs au quartier. Visiteurs exclus du stock. activité/institution locale Budget civil 20,00 % ; coefficient 29,750000 ; part de filière 18,695 %. Réseau, itinéraires, confiance et capital ; manutention distincte de propriété du fret.";0.00918053699887693;0.007334383789181013;0.1164120990946115;1.8641657137534513;0.10906892035746904
Gardien de domaine;Garde et surveillant;0.11171783466666667;0.18526389616707017;111.71783466666668;A — activité attestée;MJ140;"Winter elves, défiance civique ; pauvreté % non connue ; ne pas appliquer automatiquement Winterhold undead à ce district. Professions des résidents ; lieu de travail et commanditaires peuvent être extérieurs au quartier. Visiteurs exclus du stock. activité/institution locale Budget civil 2,00 % ; coefficient 11,900000 ; part de filière 9,917 %. Entraînement, loyauté, armes et habilitations ; aucun métier verrouillé par naissance sauf source explicite.";0.001037626790471897;0.00020724150210897234;0.0030700680123356056;0.10534831931434806;0.0020545790474021317
Spellshield;Protecteur et contrôleur arcanique;0;0;0.0;A — activité attestée;SB140;"Winter elves, défiance civique ; pauvreté % non connue ; ne pas appliquer automatiquement Winterhold undead à ce district. Professions des résidents ; lieu de travail et commanditaires peuvent être extérieurs au quartier. Visiteurs exclus du stock. activité/institution locale Budget civil 2,00 % ; coefficient 0,000000 ; part de filière 0,000 %. Zéro proposé : Filière régionale non retenue dans ce scénario, sans interdiction universelle. Entraînement, loyauté, armes et habilitations ; aucun métier verrouillé par naissance sauf source explicite.";0;0;0;0;0
Warden des Arcane Enforcers;Protecteur et contrôleur arcanique;0;0;0.0;A — activité attestée;SB140;"Winter elves, défiance civique ; pauvreté % non connue ; ne pas appliquer automatiquement Winterhold undead à ce district. Professions des résidents ; lieu de travail et commanditaires peuvent être extérieurs au quartier. Visiteurs exclus du stock. activité/institution locale Budget civil 2,00 % ; coefficient 0,000000 ; part de filière 0,000 %. Zéro proposé : Filière régionale non retenue dans ce scénario, sans interdiction universelle. Entraînement, loyauté, armes et habilitations ; aucun métier verrouillé par naissance sauf source explicite.";0;0;0;0;0
Inquisiteur;Garde et surveillant;0;0;0.0;A — activité attestée;SB29;"Winter elves, défiance civique ; pauvreté % non connue ; ne pas appliquer automatiquement Winterhold undead à ce district. Professions des résidents ; lieu de travail et commanditaires peuvent être extérieurs au quartier. Visiteurs exclus du stock. activité/institution locale Budget civil 2,00 % ; coefficient 0,000000 ; part de filière 0,000 %. Zéro proposé : Inquisiteur bauronien : aucun établissement de son Église habilité dans ce profil, notamment les ordres cirrus indépendants. Entraînement, loyauté, armes et habilitations ; aucun métier verrouillé par naissance sauf source explicite.";0;0;0;0;0
Mage impérial chargé du contrôle;Protecteur et contrôleur arcanique;0;0;0.0;A — activité attestée;SB98;"Winter elves, défiance civique ; pauvreté % non connue ; ne pas appliquer automatiquement Winterhold undead à ce district. Professions des résidents ; lieu de travail et commanditaires peuvent être extérieurs au quartier. Visiteurs exclus du stock. activité/institution locale Budget civil 2,00 % ; coefficient 0,000000 ; part de filière 0,000 %. Zéro proposé : Filière régionale non retenue dans ce scénario, sans interdiction universelle. Entraînement, loyauté, armes et habilitations ; aucun métier verrouillé par naissance sauf source explicite.";0;0;0;0;0
Chasseur de morts-vivants;Combattant professionnel;0.11171783466666667;0.18526389616707017;111.71783466666668;A — activité attestée;SB210;"Winter elves, défiance civique ; pauvreté % non connue ; ne pas appliquer automatiquement Winterhold undead à ce district. Professions des résidents ; lieu de travail et commanditaires peuvent être extérieurs au quartier. Visiteurs exclus du stock. activité/institution locale Budget civil 2,00 % ; coefficient 11,900000 ; part de filière 9,917 %. Entraînement, loyauté, armes et habilitations ; aucun métier verrouillé par naissance sauf source explicite.";0.001037626790471897;0.00020724150210897234;0.0030700680123356056;0.10534831931434806;0.0020545790474021317
Détective;Enquêteur et agent de renseignement;0.004694026666666667;0.007784197317944125;4.694026666666667;A — activité attestée;"PG9; BR42";"Winter elves, défiance civique ; pauvreté % non connue ; ne pas appliquer automatiquement Winterhold undead à ce district. Professions des résidents ; lieu de travail et commanditaires peuvent être extérieurs au quartier. Visiteurs exclus du stock. activité/institution locale Budget civil 2,00 % ; coefficient 0,500000 ; part de filière 0,417 %. Entraînement, loyauté, armes et habilitations ; aucun métier verrouillé par naissance sauf source explicite.";4.3597764305541914e-05;8.707626139032454e-06;0.00012899445429981536;0.004426399971191095;8.632685073118203e-05
Espion;Enquêteur et agent de renseignement;0.004694026666666667;0.007784197317944125;4.694026666666667;A — activité attestée;"PG9; BR42";"Winter elves, défiance civique ; pauvreté % non connue ; ne pas appliquer automatiquement Winterhold undead à ce district. Professions des résidents ; lieu de travail et commanditaires peuvent être extérieurs au quartier. Visiteurs exclus du stock. activité/institution locale Budget civil 2,00 % ; coefficient 0,500000 ; part de filière 0,417 %. Entraînement, loyauté, armes et habilitations ; aucun métier verrouillé par naissance sauf source explicite.";4.3597764305541914e-05;8.707626139032454e-06;0.00012899445429981536;0.004426399971191095;8.632685073118203e-05
Détective arcanique;Enquêteur et agent de renseignement;0;0;0.0;A — activité attestée;SB140;"Winter elves, défiance civique ; pauvreté % non connue ; ne pas appliquer automatiquement Winterhold undead à ce district. Professions des résidents ; lieu de travail et commanditaires peuvent être extérieurs au quartier. Visiteurs exclus du stock. activité/institution locale Budget civil 2,00 % ; coefficient 0,000000 ; part de filière 0,000 %. Zéro proposé : Filière régionale non retenue dans ce scénario, sans interdiction universelle. Entraînement, loyauté, armes et habilitations ; aucun métier verrouillé par naissance sauf source explicite.";0;0;0;0;0
Fonctionnaire;Administrateur et juriste;0.31704495309568487;0.5257619201613294;317.0449530956849;A — activité attestée;"SB90; SB213";"Winter elves, défiance civique ; pauvreté % non connue ; ne pas appliquer automatiquement Winterhold undead à ce district. Professions des résidents ; lieu de travail et commanditaires peuvent être extérieurs au quartier. Visiteurs exclus du stock. activité/institution locale Budget civil 6,00 % ; coefficient 5,000000 ; part de filière 9,381 %. Instruction, autorisation ou initiation ; clergé, caste et office ne rendent pas noble.";0.030908587040243005;0.00617326197155408;0.016330442225417383;0.2615076158219007;0.002125046036569702
Percepteur;Administrateur et juriste;0.31704495309568487;0.5257619201613294;317.0449530956849;A — activité attestée;SB132;"Winter elves, défiance civique ; pauvreté % non connue ; ne pas appliquer automatiquement Winterhold undead à ce district. Professions des résidents ; lieu de travail et commanditaires peuvent être extérieurs au quartier. Visiteurs exclus du stock. activité/institution locale Budget civil 6,00 % ; coefficient 5,000000 ; part de filière 9,381 %. Instruction, autorisation ou initiation ; clergé, caste et office ne rendent pas noble.";0.011174154819765837;0.0022317741320010786;0.01771147507951116;0.2836227921325377;0.00230475693186908
Juge;Administrateur et juriste;0.31704495309568487;0.5257619201613294;317.0449530956849;A — activité attestée;"SB90; SB213";"Winter elves, défiance civique ; pauvreté % non connue ; ne pas appliquer automatiquement Winterhold undead à ce district. Professions des résidents ; lieu de travail et commanditaires peuvent être extérieurs au quartier. Visiteurs exclus du stock. activité/institution locale Budget civil 6,00 % ; coefficient 5,000000 ; part de filière 9,381 %. Instruction, autorisation ou initiation ; clergé, caste et office ne rendent pas noble.";0.030908587040243005;0.00617326197155408;0.016330442225417383;0.2615076158219007;0.002125046036569702
Avocat;Administrateur et juriste;0.31704495309568487;0.5257619201613294;317.0449530956849;A — activité attestée;"SB90; SB213";"Winter elves, défiance civique ; pauvreté % non connue ; ne pas appliquer automatiquement Winterhold undead à ce district. Professions des résidents ; lieu de travail et commanditaires peuvent être extérieurs au quartier. Visiteurs exclus du stock. activité/institution locale Budget civil 6,00 % ; coefficient 5,000000 ; part de filière 9,381 %. Instruction, autorisation ou initiation ; clergé, caste et office ne rendent pas noble.";0.011174154819765837;0.0022317741320010786;0.01771147507951116;0.2836227921325377;0.00230475693186908
Diplomate et émissaire;Administrateur et juriste;0.31704495309568487;0.5257619201613294;317.0449530956849;A — activité attestée;PG46;"Winter elves, défiance civique ; pauvreté % non connue ; ne pas appliquer automatiquement Winterhold undead à ce district. Professions des résidents ; lieu de travail et commanditaires peuvent être extérieurs au quartier. Visiteurs exclus du stock. activité/institution locale Budget civil 6,00 % ; coefficient 5,000000 ; part de filière 9,381 %. Instruction, autorisation ou initiation ; clergé, caste et office ne rendent pas noble.";0.030908587040243005;0.00617326197155408;0.016330442225417383;0.2615076158219007;0.002125046036569702
Recruteur et agent de missions;Administrateur et juriste;0.31704495309568487;0.5257619201613294;317.0449530956849;D — activité déduite;SB105;"Winter elves, défiance civique ; pauvreté % non connue ; ne pas appliquer automatiquement Winterhold undead à ce district. Professions des résidents ; lieu de travail et commanditaires peuvent être extérieurs au quartier. Visiteurs exclus du stock. activité/institution locale Budget civil 6,00 % ; coefficient 5,000000 ; part de filière 9,381 %. Instruction, autorisation ou initiation ; clergé, caste et office ne rendent pas noble.";0.011174154819765837;0.0022317741320010786;0.01771147507951116;0.2836227921325377;0.00230475693186908
Bourreau;Administrateur et juriste;0.31704495309568487;0.5257619201613294;317.0449530956849;A — activité attestée;SB148;"Winter elves, défiance civique ; pauvreté % non connue ; ne pas appliquer automatiquement Winterhold undead à ce district. Professions des résidents ; lieu de travail et commanditaires peuvent être extérieurs au quartier. Visiteurs exclus du stock. activité/institution locale Budget civil 6,00 % ; coefficient 5,000000 ; part de filière 9,381 %. Instruction, autorisation ou initiation ; clergé, caste et office ne rendent pas noble.";0.011174154819765837;0.0022317741320010786;0.01771147507951116;0.2836227921325377;0.00230475693186908
Acteur et comédien;Artiste du spectacle;0.044006500000000004;0.07297684985572618;44.0065;A — activité attestée;MJ129;"Winter elves, défiance civique ; pauvreté % non connue ; ne pas appliquer automatiquement Winterhold undead à ce district. Professions des résidents ; lieu de travail et commanditaires peuvent être extérieurs au quartier. Visiteurs exclus du stock. activité/institution locale Budget civil 1,00 % ; coefficient 1,500000 ; part de filière 7,812 %. Apprentissage, audition et réseau ; accès au mérite notamment Mustardseed.";0.0001636616054626693;3.268754938201279e-05;0.0017294005636992466;0.041540646478342574;0.0005401038031134981
Danseur;Artiste du spectacle;0.044006500000000004;0.07297684985572618;44.0065;A — activité attestée;MJ129;"Winter elves, défiance civique ; pauvreté % non connue ; ne pas appliquer automatiquement Winterhold undead à ce district. Professions des résidents ; lieu de travail et commanditaires peuvent être extérieurs au quartier. Visiteurs exclus du stock. activité/institution locale Budget civil 1,00 % ; coefficient 1,500000 ; part de filière 7,812 %. Apprentissage, audition et réseau ; accès au mérite notamment Mustardseed.";0.0001636616054626693;3.268754938201279e-05;0.0017294005636992466;0.041540646478342574;0.0005401038031134981
Musicien;Artiste du spectacle;0.044006500000000004;0.07297684985572618;44.0065;A — activité attestée;MJ129;"Winter elves, défiance civique ; pauvreté % non connue ; ne pas appliquer automatiquement Winterhold undead à ce district. Professions des résidents ; lieu de travail et commanditaires peuvent être extérieurs au quartier. Visiteurs exclus du stock. activité/institution locale Budget civil 1,00 % ; coefficient 1,500000 ; part de filière 7,812 %. Apprentissage, audition et réseau ; accès au mérite notamment Mustardseed.";0.0001636616054626693;3.268754938201279e-05;0.0017294005636992466;0.041540646478342574;0.0005401038031134981
Chanteur;Artiste du spectacle;0.044006500000000004;0.07297684985572618;44.0065;A — activité attestée;MJ129;"Winter elves, défiance civique ; pauvreté % non connue ; ne pas appliquer automatiquement Winterhold undead à ce district. Professions des résidents ; lieu de travail et commanditaires peuvent être extérieurs au quartier. Visiteurs exclus du stock. activité/institution locale Budget civil 1,00 % ; coefficient 1,500000 ; part de filière 7,812 %. Apprentissage, audition et réseau ; accès au mérite notamment Mustardseed.";0.0001636616054626693;3.268754938201279e-05;0.0017294005636992466;0.041540646478342574;0.0005401038031134981
Poète;Artiste du spectacle;0.044006500000000004;0.07297684985572618;44.0065;A — activité attestée;MJ129;"Winter elves, défiance civique ; pauvreté % non connue ; ne pas appliquer automatiquement Winterhold undead à ce district. Professions des résidents ; lieu de travail et commanditaires peuvent être extérieurs au quartier. Visiteurs exclus du stock. activité/institution locale Budget civil 1,00 % ; coefficient 1,500000 ; part de filière 7,812 %. Apprentissage, audition et réseau ; accès au mérite notamment Mustardseed.";0.0001636616054626693;3.268754938201279e-05;0.0017294005636992466;0.041540646478342574;0.0005401038031134981
Conteur;Artiste du spectacle;0.044006500000000004;0.07297684985572618;44.0065;A — activité attestée;MJ129;"Winter elves, défiance civique ; pauvreté % non connue ; ne pas appliquer automatiquement Winterhold undead à ce district. Professions des résidents ; lieu de travail et commanditaires peuvent être extérieurs au quartier. Visiteurs exclus du stock. activité/institution locale Budget civil 1,00 % ; coefficient 1,500000 ; part de filière 7,812 %. Apprentissage, audition et réseau ; accès au mérite notamment Mustardseed.";0.0001636616054626693;3.268754938201279e-05;0.0017294005636992466;0.041540646478342574;0.0005401038031134981
Bouffon;Artiste du spectacle;0.044006500000000004;0.07297684985572618;44.0065;A — activité attestée;MJ129;"Winter elves, défiance civique ; pauvreté % non connue ; ne pas appliquer automatiquement Winterhold undead à ce district. Professions des résidents ; lieu de travail et commanditaires peuvent être extérieurs au quartier. Visiteurs exclus du stock. activité/institution locale Budget civil 1,00 % ; coefficient 1,500000 ; part de filière 7,812 %. Apprentissage, audition et réseau ; accès au mérite notamment Mustardseed.";0.0001636616054626693;3.268754938201279e-05;0.0017294005636992466;0.041540646478342574;0.0005401038031134981
Jongleur;Artiste du spectacle;0.044006500000000004;0.07297684985572618;44.0065;A — activité attestée;MJ129;"Winter elves, défiance civique ; pauvreté % non connue ; ne pas appliquer automatiquement Winterhold undead à ce district. Professions des résidents ; lieu de travail et commanditaires peuvent être extérieurs au quartier. Visiteurs exclus du stock. activité/institution locale Budget civil 1,00 % ; coefficient 1,500000 ; part de filière 7,812 %. Apprentissage, audition et réseau ; accès au mérite notamment Mustardseed.";0.0001636616054626693;3.268754938201279e-05;0.0017294005636992466;0.041540646478342574;0.0005401038031134981
Acrobate;Artiste du spectacle;0.044006500000000004;0.07297684985572618;44.0065;A — activité attestée;MJ129;"Winter elves, défiance civique ; pauvreté % non connue ; ne pas appliquer automatiquement Winterhold undead à ce district. Professions des résidents ; lieu de travail et commanditaires peuvent être extérieurs au quartier. Visiteurs exclus du stock. activité/institution locale Budget civil 1,00 % ; coefficient 1,500000 ; part de filière 7,812 %. Apprentissage, audition et réseau ; accès au mérite notamment Mustardseed.";0.0001636616054626693;3.268754938201279e-05;0.0017294005636992466;0.041540646478342574;0.0005401038031134981
Cracheur de feu;Artiste du spectacle;0.044006500000000004;0.07297684985572618;44.0065;A — activité attestée;MJ129;"Winter elves, défiance civique ; pauvreté % non connue ; ne pas appliquer automatiquement Winterhold undead à ce district. Professions des résidents ; lieu de travail et commanditaires peuvent être extérieurs au quartier. Visiteurs exclus du stock. activité/institution locale Budget civil 1,00 % ; coefficient 1,500000 ; part de filière 7,812 %. Apprentissage, audition et réseau ; accès au mérite notamment Mustardseed.";0.0001636616054626693;3.268754938201279e-05;0.0017294005636992466;0.041540646478342574;0.0005401038031134981
Compositeur;Artiste du spectacle;0.044006500000000004;0.07297684985572618;44.0065;A — activité attestée;PG28;"Winter elves, défiance civique ; pauvreté % non connue ; ne pas appliquer automatiquement Winterhold undead à ce district. Professions des résidents ; lieu de travail et commanditaires peuvent être extérieurs au quartier. Visiteurs exclus du stock. activité/institution locale Budget civil 1,00 % ; coefficient 1,500000 ; part de filière 7,812 %. Apprentissage, audition et réseau ; accès au mérite notamment Mustardseed.";0.0001636616054626693;3.268754938201279e-05;0.0017294005636992466;0.041540646478342574;0.0005401038031134981
Crieur public;Artiste du spectacle;0.044006500000000004;0.07297684985572618;44.0065;P — activité proposée;MJ129;"Winter elves, défiance civique ; pauvreté % non connue ; ne pas appliquer automatiquement Winterhold undead à ce district. Professions des résidents ; lieu de travail et commanditaires peuvent être extérieurs au quartier. Visiteurs exclus du stock. activité/institution locale Budget civil 1,00 % ; coefficient 1,500000 ; part de filière 7,812 %. Apprentissage, audition et réseau ; accès au mérite notamment Mustardseed.";0.0001636616054626693;3.268754938201279e-05;0.0017294005636992466;0.041540646478342574;0.0005401038031134981
Joueur professionnel;Professionnel du jeu;0.011735066666666667;0.019460493294860312;11.735066666666667;P — activité proposée;SB99;"Winter elves, défiance civique ; pauvreté % non connue ; ne pas appliquer automatiquement Winterhold undead à ce district. Professions des résidents ; lieu de travail et commanditaires peuvent être extérieurs au quartier. Visiteurs exclus du stock. activité/institution locale Budget civil 1,00 % ; coefficient 0,400000 ; part de filière 2,083 %. Apprentissage, audition et réseau ; accès au mérite notamment Mustardseed.";4.3643094790045125e-05;8.716679835203409e-06;0.0004611734836531324;0.01107750572755802;0.00014402768083026605
Croupier;Professionnel du jeu;0.011735066666666667;0.019460493294860312;11.735066666666667;D — activité déduite;SB99;"Winter elves, défiance civique ; pauvreté % non connue ; ne pas appliquer automatiquement Winterhold undead à ce district. Professions des résidents ; lieu de travail et commanditaires peuvent être extérieurs au quartier. Visiteurs exclus du stock. activité/institution locale Budget civil 1,00 % ; coefficient 0,400000 ; part de filière 2,083 %. Apprentissage, audition et réseau ; accès au mérite notamment Mustardseed.";4.3643094790045125e-05;8.716679835203409e-06;0.0004611734836531324;0.01107750572755802;0.00014402768083026605
Preneur de paris;Professionnel du jeu;0.011735066666666667;0.019460493294860312;11.735066666666667;D — activité déduite;SB99;"Winter elves, défiance civique ; pauvreté % non connue ; ne pas appliquer automatiquement Winterhold undead à ce district. Professions des résidents ; lieu de travail et commanditaires peuvent être extérieurs au quartier. Visiteurs exclus du stock. activité/institution locale Budget civil 1,00 % ; coefficient 0,400000 ; part de filière 2,083 %. Apprentissage, audition et réseau ; accès au mérite notamment Mustardseed.";4.3643094790045125e-05;8.716679835203409e-06;0.0004611734836531324;0.01107750572755802;0.00014402768083026605
Maître-chanteur;Opérateur d’activités illicites;0.06258702222222222;0.10378929757258833;62.587022222222224;A — activité attestée;BR42;"Winter elves, défiance civique ; pauvreté % non connue ; ne pas appliquer automatiquement Winterhold undead à ce district. Professions des résidents ; lieu de travail et commanditaires peuvent être extérieurs au quartier. Visiteurs exclus du stock. activité/institution locale Budget civil 1,00 % ; coefficient 1,000000 ; part de filière 11,111 %. Réseaux, exclusion, dettes et compétences ; statut légal distinct de noblesse.";4.152590615164589e-05;8.293821291361879e-06;0.0017552052065909678;0.05621397418612273;0.004568023102065516
Cambrioleur;Opérateur d’activités illicites;0.06258702222222222;0.10378929757258833;62.587022222222224;A — activité attestée;BR42;"Winter elves, défiance civique ; pauvreté % non connue ; ne pas appliquer automatiquement Winterhold undead à ce district. Professions des résidents ; lieu de travail et commanditaires peuvent être extérieurs au quartier. Visiteurs exclus du stock. activité/institution locale Budget civil 1,00 % ; coefficient 1,000000 ; part de filière 11,111 %. Réseaux, exclusion, dettes et compétences ; statut légal distinct de noblesse.";4.152590615164589e-05;8.293821291361879e-06;0.0017552052065909678;0.05621397418612273;0.004568023102065516
Homme de main;Opérateur d’activités illicites;0.06258702222222222;0.10378929757258833;62.587022222222224;A — activité attestée;BR42;"Winter elves, défiance civique ; pauvreté % non connue ; ne pas appliquer automatiquement Winterhold undead à ce district. Professions des résidents ; lieu de travail et commanditaires peuvent être extérieurs au quartier. Visiteurs exclus du stock. activité/institution locale Budget civil 1,00 % ; coefficient 1,000000 ; part de filière 11,111 %. Réseaux, exclusion, dettes et compétences ; statut légal distinct de noblesse.";4.152590615164589e-05;8.293821291361879e-06;0.0017552052065909678;0.05621397418612273;0.004568023102065516
Receleur;Opérateur d’activités illicites;0.06258702222222222;0.10378929757258833;62.587022222222224;A — activité attestée;BR42;"Winter elves, défiance civique ; pauvreté % non connue ; ne pas appliquer automatiquement Winterhold undead à ce district. Professions des résidents ; lieu de travail et commanditaires peuvent être extérieurs au quartier. Visiteurs exclus du stock. activité/institution locale Budget civil 1,00 % ; coefficient 1,000000 ; part de filière 11,111 %. Réseaux, exclusion, dettes et compétences ; statut légal distinct de noblesse.";4.152590615164589e-05;8.293821291361879e-06;0.0017552052065909678;0.05621397418612273;0.004568023102065516
Voleur de grand chemin;Opérateur d’activités illicites;0.06258702222222222;0.10378929757258833;62.587022222222224;A — activité attestée;BR42;"Winter elves, défiance civique ; pauvreté % non connue ; ne pas appliquer automatiquement Winterhold undead à ce district. Professions des résidents ; lieu de travail et commanditaires peuvent être extérieurs au quartier. Visiteurs exclus du stock. activité/institution locale Budget civil 1,00 % ; coefficient 1,000000 ; part de filière 11,111 %. Réseaux, exclusion, dettes et compétences ; statut légal distinct de noblesse.";4.152590615164589e-05;8.293821291361879e-06;0.0017552052065909678;0.05621397418612273;0.004568023102065516
Tueur à gages;Opérateur d’activités illicites;0.06258702222222222;0.10378929757258833;62.587022222222224;A — activité attestée;BR42;"Winter elves, défiance civique ; pauvreté % non connue ; ne pas appliquer automatiquement Winterhold undead à ce district. Professions des résidents ; lieu de travail et commanditaires peuvent être extérieurs au quartier. Visiteurs exclus du stock. activité/institution locale Budget civil 1,00 % ; coefficient 1,000000 ; part de filière 11,111 %. Réseaux, exclusion, dettes et compétences ; statut légal distinct de noblesse.";4.152590615164589e-05;8.293821291361879e-06;0.0017552052065909678;0.05621397418612273;0.004568023102065516
Pickpocket;Opérateur d’activités illicites;0.06258702222222222;0.10378929757258833;62.587022222222224;A — activité attestée;BR42;"Winter elves, défiance civique ; pauvreté % non connue ; ne pas appliquer automatiquement Winterhold undead à ce district. Professions des résidents ; lieu de travail et commanditaires peuvent être extérieurs au quartier. Visiteurs exclus du stock. activité/institution locale Budget civil 1,00 % ; coefficient 1,000000 ; part de filière 11,111 %. Réseaux, exclusion, dettes et compétences ; statut légal distinct de noblesse.";4.152590615164589e-05;8.293821291361879e-06;0.0017552052065909678;0.05621397418612273;0.004568023102065516
Contrebandier;Opérateur d’activités illicites;0.06258702222222222;0.10378929757258833;62.587022222222224;A — activité attestée;BR42;"Winter elves, défiance civique ; pauvreté % non connue ; ne pas appliquer automatiquement Winterhold undead à ce district. Professions des résidents ; lieu de travail et commanditaires peuvent être extérieurs au quartier. Visiteurs exclus du stock. activité/institution locale Budget civil 1,00 % ; coefficient 1,000000 ; part de filière 11,111 %. Réseaux, exclusion, dettes et compétences ; statut légal distinct de noblesse.";4.152590615164589e-05;8.293821291361879e-06;0.0017552052065909678;0.05621397418612273;0.004568023102065516
Pirate;Opérateur d’activités illicites;0.06258702222222222;0.10378929757258833;62.587022222222224;A — activité attestée;MJ136;"Winter elves, défiance civique ; pauvreté % non connue ; ne pas appliquer automatiquement Winterhold undead à ce district. Professions des résidents ; lieu de travail et commanditaires peuvent être extérieurs au quartier. Visiteurs exclus du stock. activité/institution locale Budget civil 1,00 % ; coefficient 1,000000 ; part de filière 11,111 %. Réseaux, exclusion, dettes et compétences ; statut légal distinct de noblesse.";4.152590615164589e-05;8.293821291361879e-06;0.0017552052065909678;0.05621397418612273;0.004568023102065516
Cultivateur de tubercules;Agriculteur;0;0;0.0;A — activité attestée;"SB120; SB168";"Winter elves, défiance civique ; pauvreté % non connue ; ne pas appliquer automatiquement Winterhold undead à ce district. Professions des résidents ; lieu de travail et commanditaires peuvent être extérieurs au quartier. Visiteurs exclus du stock. activité/institution locale Budget civil 20,00 % ; coefficient 0,000000 ; part de filière 0,000 %. Zéro proposé : Climat, matière ou culture hors filière régionale retenue ; aucun établissement exceptionnel proposé. Transmission familiale, terre/eau, droits d’usage et outils ; les tâches saisonnières restent secondaires.";0;0;0;0;0
Cartographe;Cartographe;0.014393458485230487;0.023868957058191247;14.393458485230488;A — activité attestée;MJ128;"Winter elves, défiance civique ; pauvreté % non connue ; ne pas appliquer automatiquement Winterhold undead à ce district. Professions des résidents ; lieu de travail et commanditaires peuvent être extérieurs au quartier. Visiteurs exclus du stock. activité/institution locale Budget civil 1,00 % ; coefficient 0,750000 ; part de filière 2,555 %. Long apprentissage, frais, bourses, talent, licence ou secret ; titre ne donne pas maîtrise.";0.00018890594308402858;3.7729510997149235e-05;0.0013307704578688323;0.01278617951087125;4.987306240922743e-05
Sans métier actif;Statut;3.2736800000000006;5.428808331398628;3273.6800000000007;P;;Personnes productives occupées + personnes sans emploi disponibles recherchant une activité. Inclut aide familiale, subsistance, apprentissage productif et travail partiel.;0.00528;0.0017199999999999995;0.033280000000000004;2.7694000000000005;0.46399999999999997
Hors activité;Statut;39.698;0;39698.0;P;;"Tous habitants recensés dans les catégories sources; enfants, étudiants et retraités ne sont exclus de l’activité que sans contribution productive. Pas de seuil humain de 18 ans imposé.";0.5359999999999999;0.11399999999999999;1.536;35.412;2.1
