Métier;Base;% habitants;% actifs;Effectif attendu;Appui activité;Références;Justification proposée;Milieu privilégié, noblesse non établie / % de tous habitants;Milieu ordinaire, noblesse non établie / % de tous habitants;Milieu précaire, noblesse non établie / % de tous habitants
Agriculteur généraliste;Agriculteur;0.6054336633663365;1.5135841584158414;151.35841584158413;A — activité attestée;"SB90; SB198";"Ville et campus distincts par fonctions : enseignants permanents minoritaires, supports de livres/labos, logements et ravitaillement nombreux. Aucun instructeur d’archerie ou arts martiaux ajouté sans établissement attesté. activité/institution locale Budget civil 8,00 % ; coefficient 5,000000 ; part de filière 19,802 %. Transmission familiale, terre/eau, droits d’usage et outils ; les tâches saisonnières restent secondaires.";0.0027749112984816336;0.565879845365059;0.0367789067027959
Céréalier;Agriculteur;0.4843469306930693;1.2108673267326733;121.08673267326732;D — activité déduite;"SB90; SB198";"Ville et campus distincts par fonctions : enseignants permanents minoritaires, supports de livres/labos, logements et ravitaillement nombreux. Aucun instructeur d’archerie ou arts martiaux ajouté sans établissement attesté. activité/institution locale Budget civil 8,00 % ; coefficient 4,000000 ; part de filière 15,842 %. Transmission familiale, terre/eau, droits d’usage et outils ; les tâches saisonnières restent secondaires.";0.002219929038785308;0.4527038762920472;0.029423125362236745
Riziculteur;Agriculteur;0;0;0.0;A — activité attestée;SB198;"Ville et campus distincts par fonctions : enseignants permanents minoritaires, supports de livres/labos, logements et ravitaillement nombreux. Aucun instructeur d’archerie ou arts martiaux ajouté sans établissement attesté. activité/institution locale Budget civil 8,00 % ; coefficient 0,000000 ; part de filière 0,000 %. Zéro proposé : Climat, matière ou culture hors filière régionale retenue ; aucun établissement exceptionnel proposé. Transmission familiale, terre/eau, droits d’usage et outils ; les tâches saisonnières restent secondaires.";0;0;0
Vigneron;Agriculteur;0;0;0.0;A — activité attestée;MJ128;"Ville et campus distincts par fonctions : enseignants permanents minoritaires, supports de livres/labos, logements et ravitaillement nombreux. Aucun instructeur d’archerie ou arts martiaux ajouté sans établissement attesté. activité/institution locale Budget civil 1,00 % ; coefficient 0,000000 ; part de filière 0,000 %. Zéro proposé : Climat, matière ou culture hors filière régionale retenue ; aucun établissement exceptionnel proposé. Savoir-faire de terrain et sécurité ; procédé spécialisé distinct du rang social.";0;0;0
Cultivateur d’épices;Agriculteur;0;0;0.0;A — activité attestée;SB182;"Ville et campus distincts par fonctions : enseignants permanents minoritaires, supports de livres/labos, logements et ravitaillement nombreux. Aucun instructeur d’archerie ou arts martiaux ajouté sans établissement attesté. activité/institution locale Budget civil 1,00 % ; coefficient 0,000000 ; part de filière 0,000 %. Zéro proposé : Climat, matière ou culture hors filière régionale retenue ; aucun établissement exceptionnel proposé. Savoir-faire de terrain et sécurité ; procédé spécialisé distinct du rang social.";0;0;0
Cultivateur d’herbes pour thé;Agriculteur;0;0;0.0;D — activité déduite;SB198;"Ville et campus distincts par fonctions : enseignants permanents minoritaires, supports de livres/labos, logements et ravitaillement nombreux. Aucun instructeur d’archerie ou arts martiaux ajouté sans établissement attesté. activité/institution locale Budget civil 1,00 % ; coefficient 0,000000 ; part de filière 0,000 %. Zéro proposé : Climat, matière ou culture hors filière régionale retenue ; aucun établissement exceptionnel proposé. Savoir-faire de terrain et sécurité ; procédé spécialisé distinct du rang social.";0;0;0
Maraîcher;Agriculteur;0.4843469306930693;1.2108673267326733;121.08673267326732;D — activité déduite;"SB90; SB198";"Ville et campus distincts par fonctions : enseignants permanents minoritaires, supports de livres/labos, logements et ravitaillement nombreux. Aucun instructeur d’archerie ou arts martiaux ajouté sans établissement attesté. activité/institution locale Budget civil 8,00 % ; coefficient 4,000000 ; part de filière 15,842 %. Transmission familiale, terre/eau, droits d’usage et outils ; les tâches saisonnières restent secondaires.";0.002219929038785308;0.4527038762920472;0.029423125362236745
Jardinier;Horticulteur;0.0512993288590604;0.128248322147651;12.824832214765099;A — activité attestée;"SB29; SB161";"Ville et campus distincts par fonctions : enseignants permanents minoritaires, supports de livres/labos, logements et ravitaillement nombreux. Aucun instructeur d’archerie ou arts martiaux ajouté sans établissement attesté. activité/institution locale Budget civil 1,00 % ; coefficient 1,000000 ; part de filière 13,423 %. Savoir-faire de terrain et sécurité ; procédé spécialisé distinct du rang social.";0.00046809957368319213;0.04772911381279742;0.003102115472579782
Fleuriste;Horticulteur;0.0512993288590604;0.128248322147651;12.824832214765099;A — activité attestée;"SB29; SB161";"Ville et campus distincts par fonctions : enseignants permanents minoritaires, supports de livres/labos, logements et ravitaillement nombreux. Aucun instructeur d’archerie ou arts martiaux ajouté sans établissement attesté. activité/institution locale Budget civil 1,00 % ; coefficient 1,000000 ; part de filière 13,423 %. Savoir-faire de terrain et sécurité ; procédé spécialisé distinct du rang social.";0.00046809957368319213;0.04772911381279742;0.003102115472579782
Arboriculteur de verger;Horticulteur;0.12108673267326732;0.3027168316831683;30.27168316831683;D — activité déduite;"SB29; SB161";"Ville et campus distincts par fonctions : enseignants permanents minoritaires, supports de livres/labos, logements et ravitaillement nombreux. Aucun instructeur d’archerie ou arts martiaux ajouté sans établissement attesté. activité/institution locale Budget civil 8,00 % ; coefficient 1,000000 ; part de filière 3,960 %. Transmission familiale, terre/eau, droits d’usage et outils ; les tâches saisonnières restent secondaires.";0.000554982259696327;0.1131759690730118;0.007355781340559186
Jardinier de roses magiques;Horticulteur;0;0;0.0;A — activité attestée;SB157;"Ville et campus distincts par fonctions : enseignants permanents minoritaires, supports de livres/labos, logements et ravitaillement nombreux. Aucun instructeur d’archerie ou arts martiaux ajouté sans établissement attesté. activité/institution locale Budget civil 1,00 % ; coefficient 0,000000 ; part de filière 0,000 %. Zéro proposé : Filière régionale non retenue dans ce scénario, sans interdiction universelle. Savoir-faire de terrain et sécurité ; procédé spécialisé distinct du rang social.";0;0;0
Arboriculteur de breithwood;Horticulteur;0;0;0.0;D — activité déduite;SB152;"Ville et campus distincts par fonctions : enseignants permanents minoritaires, supports de livres/labos, logements et ravitaillement nombreux. Aucun instructeur d’archerie ou arts martiaux ajouté sans établissement attesté. activité/institution locale Budget civil 1,00 % ; coefficient 0,000000 ; part de filière 0,000 %. Zéro proposé : Filière régionale non retenue dans ce scénario, sans interdiction universelle. Savoir-faire de terrain et sécurité ; procédé spécialisé distinct du rang social.";0;0;0
Éleveur généraliste;Éleveur;0.30271683168316826;0.7567920792079207;75.67920792079207;A — activité attestée;"SB120; SB182";"Ville et campus distincts par fonctions : enseignants permanents minoritaires, supports de livres/labos, logements et ravitaillement nombreux. Aucun instructeur d’archerie ou arts martiaux ajouté sans établissement attesté. activité/institution locale Budget civil 8,00 % ; coefficient 2,500000 ; part de filière 9,901 %. Transmission familiale, terre/eau, droits d’usage et outils ; les tâches saisonnières restent secondaires.";0.0013874556492408168;0.2829399226825295;0.01838945335139795
Berger;Éleveur;0.12108673267326732;0.3027168316831683;30.27168316831683;A — activité attestée;MJ135;"Ville et campus distincts par fonctions : enseignants permanents minoritaires, supports de livres/labos, logements et ravitaillement nombreux. Aucun instructeur d’archerie ou arts martiaux ajouté sans établissement attesté. activité/institution locale Budget civil 8,00 % ; coefficient 1,000000 ; part de filière 3,960 %. Transmission familiale, terre/eau, droits d’usage et outils ; les tâches saisonnières restent secondaires.";0.000554982259696327;0.1131759690730118;0.007355781340559186
Éleveur de yaks;Éleveur;0;0;0.0;A — activité attestée;SB120;"Ville et campus distincts par fonctions : enseignants permanents minoritaires, supports de livres/labos, logements et ravitaillement nombreux. Aucun instructeur d’archerie ou arts martiaux ajouté sans établissement attesté. activité/institution locale Budget civil 8,00 % ; coefficient 0,000000 ; part de filière 0,000 %. Zéro proposé : Climat, matière ou culture hors filière régionale retenue ; aucun établissement exceptionnel proposé. Transmission familiale, terre/eau, droits d’usage et outils ; les tâches saisonnières restent secondaires.";0;0;0
Éleveur de chevaux;Éleveur;0.0512993288590604;0.128248322147651;12.824832214765099;A — activité attestée;SB182;"Ville et campus distincts par fonctions : enseignants permanents minoritaires, supports de livres/labos, logements et ravitaillement nombreux. Aucun instructeur d’archerie ou arts martiaux ajouté sans établissement attesté. activité/institution locale Budget civil 1,00 % ; coefficient 1,000000 ; part de filière 13,423 %. Savoir-faire de terrain et sécurité ; procédé spécialisé distinct du rang social.";0.00046809957368319213;0.04772911381279742;0.003102115472579782
Éleveur de chameaux;Éleveur;0;0;0.0;A — activité attestée;SB182;"Ville et campus distincts par fonctions : enseignants permanents minoritaires, supports de livres/labos, logements et ravitaillement nombreux. Aucun instructeur d’archerie ou arts martiaux ajouté sans établissement attesté. activité/institution locale Budget civil 1,00 % ; coefficient 0,000000 ; part de filière 0,000 %. Zéro proposé : Climat, matière ou culture hors filière régionale retenue ; aucun établissement exceptionnel proposé. Savoir-faire de terrain et sécurité ; procédé spécialisé distinct du rang social.";0;0;0
Éleveur de vers à soie;Éleveur;0;0;0.0;A — activité attestée;SB198;"Ville et campus distincts par fonctions : enseignants permanents minoritaires, supports de livres/labos, logements et ravitaillement nombreux. Aucun instructeur d’archerie ou arts martiaux ajouté sans établissement attesté. activité/institution locale Budget civil 1,00 % ; coefficient 0,000000 ; part de filière 0,000 %. Zéro proposé : Climat, matière ou culture hors filière régionale retenue ; aucun établissement exceptionnel proposé. Savoir-faire de terrain et sécurité ; procédé spécialisé distinct du rang social.";0;0;0
Éleveur de loups géants;Éleveur;0;0;0.0;A — activité attestée;SB191;"Ville et campus distincts par fonctions : enseignants permanents minoritaires, supports de livres/labos, logements et ravitaillement nombreux. Aucun instructeur d’archerie ou arts martiaux ajouté sans établissement attesté. activité/institution locale Budget civil 1,00 % ; coefficient 0,000000 ; part de filière 0,000 %. Zéro proposé : Filière régionale non retenue dans ce scénario, sans interdiction universelle. Savoir-faire de terrain et sécurité ; procédé spécialisé distinct du rang social.";0;0;0
Éleveur de montures volantes;Éleveur;0;0;0.0;A — activité attestée;"SB124; SB107";"Ville et campus distincts par fonctions : enseignants permanents minoritaires, supports de livres/labos, logements et ravitaillement nombreux. Aucun instructeur d’archerie ou arts martiaux ajouté sans établissement attesté. activité/institution locale Budget civil 1,00 % ; coefficient 0,000000 ; part de filière 0,000 %. Zéro proposé : Climat, matière ou culture hors filière régionale retenue ; aucun établissement exceptionnel proposé. Savoir-faire de terrain et sécurité ; procédé spécialisé distinct du rang social.";0;0;0
Apiculteur;Éleveur;0;0;0.0;P — activité proposée;SB152;"Ville et campus distincts par fonctions : enseignants permanents minoritaires, supports de livres/labos, logements et ravitaillement nombreux. Aucun instructeur d’archerie ou arts martiaux ajouté sans établissement attesté. activité/institution locale Budget civil 8,00 % ; coefficient 0,000000 ; part de filière 0,000 %. Zéro proposé : Climat, matière ou culture hors filière régionale retenue ; aucun établissement exceptionnel proposé. Transmission familiale, terre/eau, droits d’usage et outils ; les tâches saisonnières restent secondaires.";0;0;0
Chasseur de gibier;Chasseur;0.15135841584158413;0.37839603960396034;37.83960396039603;A — activité attestée;"MJ139; PG20";"Ville et campus distincts par fonctions : enseignants permanents minoritaires, supports de livres/labos, logements et ravitaillement nombreux. Aucun instructeur d’archerie ou arts martiaux ajouté sans établissement attesté. activité/institution locale Budget civil 8,00 % ; coefficient 1,250000 ; part de filière 4,950 %. Transmission familiale, terre/eau, droits d’usage et outils ; les tâches saisonnières restent secondaires.";0.0006937278246204084;0.14146996134126474;0.009194726675698974
Trappeur;Chasseur;0.06054336633663366;0.15135841584158416;15.135841584158415;A — activité attestée;MJ140;"Ville et campus distincts par fonctions : enseignants permanents minoritaires, supports de livres/labos, logements et ravitaillement nombreux. Aucun instructeur d’archerie ou arts martiaux ajouté sans établissement attesté. activité/institution locale Budget civil 8,00 % ; coefficient 0,500000 ; part de filière 1,980 %. Transmission familiale, terre/eau, droits d’usage et outils ; les tâches saisonnières restent secondaires.";0.0002774911298481635;0.0565879845365059;0.003677890670279593
Chasseur de monstres;Chasseur;0.0046689308053166545;0.011672327013291637;1.1672327013291635;A — activité attestée;PG58;"Ville et campus distincts par fonctions : enseignants permanents minoritaires, supports de livres/labos, logements et ravitaillement nombreux. Aucun instructeur d’archerie ou arts martiaux ajouté sans établissement attesté. activité/institution locale Budget civil 5,00 % ; coefficient 0,500000 ; part de filière 0,244 %. Long apprentissage, frais, bourses, talent, licence ou secret ; titre ne donne pas maîtrise.";0.0005075200391014688;0.004139885284312393;2.1525481902791904e-05
Chasseur de monstres marins;Chasseur;0;0;0.0;A — activité attestée;SB148;"Ville et campus distincts par fonctions : enseignants permanents minoritaires, supports de livres/labos, logements et ravitaillement nombreux. Aucun instructeur d’archerie ou arts martiaux ajouté sans établissement attesté. activité/institution locale Budget civil 5,00 % ; coefficient 0,000000 ; part de filière 0,000 %. Zéro proposé : Filière régionale non retenue dans ce scénario, sans interdiction universelle. Long apprentissage, frais, bourses, talent, licence ou secret ; titre ne donne pas maîtrise.";0;0;0
Chasseur de dragons;Chasseur;0;0;0.0;A — activité attestée;SB220;"Ville et campus distincts par fonctions : enseignants permanents minoritaires, supports de livres/labos, logements et ravitaillement nombreux. Aucun instructeur d’archerie ou arts martiaux ajouté sans établissement attesté. activité/institution locale Budget civil 5,00 % ; coefficient 0,000000 ; part de filière 0,000 %. Zéro proposé : Technique de site, institution, secret ou habilitation concentrée dans les implantations autorisées du scénario. Long apprentissage, frais, bourses, talent, licence ou secret ; titre ne donne pas maîtrise.";0;0;0
Cueilleur;Collecteur de ressources;0.09686938613861387;0.2421734653465347;24.217346534653466;A — activité attestée;"MJ139; SB153";"Ville et campus distincts par fonctions : enseignants permanents minoritaires, supports de livres/labos, logements et ravitaillement nombreux. Aucun instructeur d’archerie ou arts martiaux ajouté sans établissement attesté. activité/institution locale Budget civil 8,00 % ; coefficient 0,800000 ; part de filière 3,168 %. Transmission familiale, terre/eau, droits d’usage et outils ; les tâches saisonnières restent secondaires.";0.00044398580775706164;0.09054077525840946;0.0058846250724473486
Herboriste de collecte;Collecteur de ressources;0.041039463087248325;0.10259865771812082;10.25986577181208;D — activité déduite;BR55;"Ville et campus distincts par fonctions : enseignants permanents minoritaires, supports de livres/labos, logements et ravitaillement nombreux. Aucun instructeur d’archerie ou arts martiaux ajouté sans établissement attesté. activité/institution locale Budget civil 1,00 % ; coefficient 0,800000 ; part de filière 10,738 %. Savoir-faire de terrain et sécurité ; procédé spécialisé distinct du rang social.";0.0003744796589465537;0.03818329105023795;0.0024816923780638252
Collecteur de composants de créatures;Collecteur de ressources;0.041039463087248325;0.10259865771812082;10.25986577181208;A — activité attestée;"SB104; SB139";"Ville et campus distincts par fonctions : enseignants permanents minoritaires, supports de livres/labos, logements et ravitaillement nombreux. Aucun instructeur d’archerie ou arts martiaux ajouté sans établissement attesté. activité/institution locale Budget civil 1,00 % ; coefficient 0,800000 ; part de filière 10,738 %. Savoir-faire de terrain et sécurité ; procédé spécialisé distinct du rang social.";0.0003744796589465537;0.03818329105023795;0.0024816923780638252
Collecteur de perles;Collecteur de ressources;0;0;0.0;D — activité déduite;SB149;"Ville et campus distincts par fonctions : enseignants permanents minoritaires, supports de livres/labos, logements et ravitaillement nombreux. Aucun instructeur d’archerie ou arts martiaux ajouté sans établissement attesté. activité/institution locale Budget civil 1,00 % ; coefficient 0,000000 ; part de filière 0,000 %. Zéro proposé : Filière régionale non retenue dans ce scénario, sans interdiction universelle. Savoir-faire de terrain et sécurité ; procédé spécialisé distinct du rang social.";0;0;0
Récupérateur de reliques penumbrales;Collecteur de ressources;0;0;0.0;A — activité attestée;PG8;"Ville et campus distincts par fonctions : enseignants permanents minoritaires, supports de livres/labos, logements et ravitaillement nombreux. Aucun instructeur d’archerie ou arts martiaux ajouté sans établissement attesté. activité/institution locale Budget civil 1,00 % ; coefficient 0,000000 ; part de filière 0,000 %. Zéro proposé : Filière régionale non retenue dans ce scénario, sans interdiction universelle. Savoir-faire de terrain et sécurité ; procédé spécialisé distinct du rang social.";0;0;0
Bûcheron;Travailleur forestier;0.010259865771812081;0.025649664429530206;2.56496644295302;A — activité attestée;"MJ135; SB107";"Ville et campus distincts par fonctions : enseignants permanents minoritaires, supports de livres/labos, logements et ravitaillement nombreux. Aucun instructeur d’archerie ou arts martiaux ajouté sans établissement attesté. activité/institution locale Budget civil 1,00 % ; coefficient 0,200000 ; part de filière 2,685 %. Savoir-faire de terrain et sécurité ; procédé spécialisé distinct du rang social.";9.361991473663843e-05;0.009545822762559487;0.0006204230945159563
Forestier;Travailleur forestier;0.010259865771812081;0.025649664429530206;2.56496644295302;A — activité attestée;MJ140;"Ville et campus distincts par fonctions : enseignants permanents minoritaires, supports de livres/labos, logements et ravitaillement nombreux. Aucun instructeur d’archerie ou arts martiaux ajouté sans établissement attesté. activité/institution locale Budget civil 1,00 % ; coefficient 0,200000 ; part de filière 2,685 %. Savoir-faire de terrain et sécurité ; procédé spécialisé distinct du rang social.";9.361991473663843e-05;0.009545822762559487;0.0006204230945159563
Scieur;Travailleur forestier;0.010259865771812081;0.025649664429530206;2.56496644295302;D — activité déduite;SB99;"Ville et campus distincts par fonctions : enseignants permanents minoritaires, supports de livres/labos, logements et ravitaillement nombreux. Aucun instructeur d’archerie ou arts martiaux ajouté sans établissement attesté. activité/institution locale Budget civil 1,00 % ; coefficient 0,200000 ; part de filière 2,685 %. Savoir-faire de terrain et sécurité ; procédé spécialisé distinct du rang social.";9.361991473663843e-05;0.009545822762559487;0.0006204230945159563
Pêcheur maritime;Pêcheur;0;0;0.0;A — activité attestée;"SB110; SB168";"Ville et campus distincts par fonctions : enseignants permanents minoritaires, supports de livres/labos, logements et ravitaillement nombreux. Aucun instructeur d’archerie ou arts martiaux ajouté sans établissement attesté. activité/institution locale Budget civil 8,00 % ; coefficient 0,000000 ; part de filière 0,000 %. Zéro proposé : Poids technique nul dans la filière locale du scénario. Transmission familiale, terre/eau, droits d’usage et outils ; les tâches saisonnières restent secondaires.";0;0;0
Pêcheur d’eau douce;Pêcheur;0.6296510099009902;1.5741275247524757;157.41275247524754;A — activité attestée;SB138;"Ville et campus distincts par fonctions : enseignants permanents minoritaires, supports de livres/labos, logements et ravitaillement nombreux. Aucun instructeur d’archerie ou arts martiaux ajouté sans établissement attesté. activité/institution locale Budget civil 8,00 % ; coefficient 5,200000 ; part de filière 20,594 %. Transmission familiale, terre/eau, droits d’usage et outils ; les tâches saisonnières restent secondaires.";0.0028859077504209017;0.5885150391796615;0.03825006297090777
Cultivateur marin;Pêcheur;0;0;0.0;P — activité proposée;SB149;"Ville et campus distincts par fonctions : enseignants permanents minoritaires, supports de livres/labos, logements et ravitaillement nombreux. Aucun instructeur d’archerie ou arts martiaux ajouté sans établissement attesté. activité/institution locale Budget civil 8,00 % ; coefficient 0,000000 ; part de filière 0,000 %. Zéro proposé : Filière régionale non retenue dans ce scénario, sans interdiction universelle. Transmission familiale, terre/eau, droits d’usage et outils ; les tâches saisonnières restent secondaires.";0;0;0
Mineur;Extracteur de ressources minérales;0.0256496644295302;0.0641241610738255;6.412416107382549;A — activité attestée;"MJ135; SB160";"Ville et campus distincts par fonctions : enseignants permanents minoritaires, supports de livres/labos, logements et ravitaillement nombreux. Aucun instructeur d’archerie ou arts martiaux ajouté sans établissement attesté. activité/institution locale Budget civil 1,00 % ; coefficient 0,500000 ; part de filière 6,711 %. Savoir-faire de terrain et sécurité ; procédé spécialisé distinct du rang social.";0.00023404978684159606;0.02386455690639871;0.001551057736289891
Carrier;Extracteur de ressources minérales;0.0256496644295302;0.0641241610738255;6.412416107382549;D — activité déduite;"MJ135; SB160";"Ville et campus distincts par fonctions : enseignants permanents minoritaires, supports de livres/labos, logements et ravitaillement nombreux. Aucun instructeur d’archerie ou arts martiaux ajouté sans établissement attesté. activité/institution locale Budget civil 1,00 % ; coefficient 0,500000 ; part de filière 6,711 %. Savoir-faire de terrain et sécurité ; procédé spécialisé distinct du rang social.";0.00023404978684159606;0.02386455690639871;0.001551057736289891
Salinier;Extracteur de ressources minérales;0;0;0.0;P — activité proposée;SB120;"Ville et campus distincts par fonctions : enseignants permanents minoritaires, supports de livres/labos, logements et ravitaillement nombreux. Aucun instructeur d’archerie ou arts martiaux ajouté sans établissement attesté. activité/institution locale Budget civil 1,00 % ; coefficient 0,000000 ; part de filière 0,000 %. Zéro proposé : Climat, matière ou culture hors filière régionale retenue ; aucun établissement exceptionnel proposé. Savoir-faire de terrain et sécurité ; procédé spécialisé distinct du rang social.";0;0;0
Mineur de bauronite;Extracteur de ressources minérales;0;0;0.0;A — activité attestée;"SB174; SB182";"Ville et campus distincts par fonctions : enseignants permanents minoritaires, supports de livres/labos, logements et ravitaillement nombreux. Aucun instructeur d’archerie ou arts martiaux ajouté sans établissement attesté. activité/institution locale Budget civil 1,00 % ; coefficient 0,000000 ; part de filière 0,000 %. Zéro proposé : Climat, matière ou culture hors filière régionale retenue ; aucun établissement exceptionnel proposé. Savoir-faire de terrain et sécurité ; procédé spécialisé distinct du rang social.";0;0;0
Mineur de tameranium;Extracteur de ressources minérales;0;0;0.0;A — activité attestée;"SB168; SB198";"Ville et campus distincts par fonctions : enseignants permanents minoritaires, supports de livres/labos, logements et ravitaillement nombreux. Aucun instructeur d’archerie ou arts martiaux ajouté sans établissement attesté. activité/institution locale Budget civil 1,00 % ; coefficient 0,000000 ; part de filière 0,000 %. Zéro proposé : Climat, matière ou culture hors filière régionale retenue ; aucun établissement exceptionnel proposé. Savoir-faire de terrain et sécurité ; procédé spécialisé distinct du rang social.";0;0;0
Extracteur d’obsidienne;Extracteur de ressources minérales;0;0;0.0;A — activité attestée;SB190;"Ville et campus distincts par fonctions : enseignants permanents minoritaires, supports de livres/labos, logements et ravitaillement nombreux. Aucun instructeur d’archerie ou arts martiaux ajouté sans établissement attesté. activité/institution locale Budget civil 1,00 % ; coefficient 0,000000 ; part de filière 0,000 %. Zéro proposé : Filière régionale non retenue dans ce scénario, sans interdiction universelle. Savoir-faire de terrain et sécurité ; procédé spécialisé distinct du rang social.";0;0;0
Extracteur de soufre;Extracteur de ressources minérales;0;0;0.0;A — activité attestée;SB190;"Ville et campus distincts par fonctions : enseignants permanents minoritaires, supports de livres/labos, logements et ravitaillement nombreux. Aucun instructeur d’archerie ou arts martiaux ajouté sans établissement attesté. activité/institution locale Budget civil 1,00 % ; coefficient 0,000000 ; part de filière 0,000 %. Zéro proposé : Filière régionale non retenue dans ce scénario, sans interdiction universelle. Savoir-faire de terrain et sécurité ; procédé spécialisé distinct du rang social.";0;0;0
Prospecteur;Extracteur de ressources minérales;0.0256496644295302;0.0641241610738255;6.412416107382549;D — activité déduite;SB104;"Ville et campus distincts par fonctions : enseignants permanents minoritaires, supports de livres/labos, logements et ravitaillement nombreux. Aucun instructeur d’archerie ou arts martiaux ajouté sans établissement attesté. activité/institution locale Budget civil 1,00 % ; coefficient 0,500000 ; part de filière 6,711 %. Savoir-faire de terrain et sécurité ; procédé spécialisé distinct du rang social.";0.00023404978684159606;0.02386455690639871;0.001551057736289891
Meunier;Meunier;0.16834004530581426;0.42085011326453564;42.08501132645357;D — activité déduite;SB121;"Ville et campus distincts par fonctions : enseignants permanents minoritaires, supports de livres/labos, logements et ravitaillement nombreux. Aucun instructeur d’archerie ou arts martiaux ajouté sans établissement attesté. activité/institution locale Budget civil 30,00 % ; coefficient 1,750000 ; part de filière 1,468 %. Apprentissage, atelier, combustible et outils ; titre noble ne remplace pas qualification.";0.007409943936327397;0.15110889963030855;0.009821201739178302
Boucher;Boucher;0.19238862320664485;0.48097155801661207;48.09715580166121;D — activité déduite;SB99;"Ville et campus distincts par fonctions : enseignants permanents minoritaires, supports de livres/labos, logements et ravitaillement nombreux. Aucun instructeur d’archerie ou arts martiaux ajouté sans établissement attesté. activité/institution locale Budget civil 30,00 % ; coefficient 2,000000 ; part de filière 1,678 %. Apprentissage, atelier, combustible et outils ; titre noble ne remplace pas qualification.";0.008468507355802742;0.17269588529178118;0.011224230559060924
Écorcheur;Boucher;0.07695544928265793;0.19238862320664485;19.238862320664484;A — activité attestée;MJ128;"Ville et campus distincts par fonctions : enseignants permanents minoritaires, supports de livres/labos, logements et ravitaillement nombreux. Aucun instructeur d’archerie ou arts martiaux ajouté sans établissement attesté. activité/institution locale Budget civil 30,00 % ; coefficient 0,800000 ; part de filière 0,671 %. Apprentissage, atelier, combustible et outils ; titre noble ne remplace pas qualification.";0.0033874029423210956;0.06907835411671247;0.004489692223624367
Boulanger;Boulanger;0.40882582431412023;1.0220645607853007;102.20645607853007;A — activité attestée;MJ128;"Ville et campus distincts par fonctions : enseignants permanents minoritaires, supports de livres/labos, logements et ravitaillement nombreux. Aucun instructeur d’archerie ou arts martiaux ajouté sans établissement attesté. activité/institution locale Budget civil 30,00 % ; coefficient 4,250000 ; part de filière 3,566 %. Apprentissage, atelier, combustible et outils ; titre noble ne remplace pas qualification.";0.017995578131080818;0.36697875624503495;0.023851489938004455
Cuisinier;Cuisinier;1.027605798456862;2.569014496142155;256.90144961421555;A — activité attestée;MJ128;"Ville et campus distincts par fonctions : enseignants permanents minoritaires, supports de livres/labos, logements et ravitaillement nombreux. Aucun instructeur d’archerie ou arts martiaux ajouté sans établissement attesté. activité/institution locale Budget civil 23,00 % ; coefficient 7,500000 ; part de filière 11,690 %. Apprentissage et qualification variable ; soins avancés et thérapie magique exigent formation.";0.00472902373170323;0.9643764899758034;0.0585002847493555
Cuisinier de haute cuisine;Cuisinier;0;0;0.0;A — activité attestée;"PG28; CC52";"Ville et campus distincts par fonctions : enseignants permanents minoritaires, supports de livres/labos, logements et ravitaillement nombreux. Aucun instructeur d’archerie ou arts martiaux ajouté sans établissement attesté. activité/institution locale Budget civil 23,00 % ; coefficient 0,000000 ; part de filière 0,000 %. Zéro proposé : Haute cuisine concentrée auprès de clientèle et maîtres attestés/proposés ; cuisine ordinaire conservée. Apprentissage et qualification variable ; soins avancés et thérapie magique exigent formation.";0;0;0
Poissonnier;Transformateur alimentaire;0.12505260508431915;0.31263151271079787;31.26315127107979;D — activité déduite;"SB120; SB149";"Ville et campus distincts par fonctions : enseignants permanents minoritaires, supports de livres/labos, logements et ravitaillement nombreux. Aucun instructeur d’archerie ou arts martiaux ajouté sans établissement attesté. activité/institution locale Budget civil 30,00 % ; coefficient 1,300000 ; part de filière 1,091 %. Apprentissage, atelier, combustible et outils ; titre noble ne remplace pas qualification.";0.00550452978127178;0.11225232543965775;0.007295749863389598
Saleur et sécheur alimentaire;Transformateur alimentaire;0.12505260508431915;0.31263151271079787;31.26315127107979;D — activité déduite;"SB120; SB149";"Ville et campus distincts par fonctions : enseignants permanents minoritaires, supports de livres/labos, logements et ravitaillement nombreux. Aucun instructeur d’archerie ou arts martiaux ajouté sans établissement attesté. activité/institution locale Budget civil 30,00 % ; coefficient 1,300000 ; part de filière 1,091 %. Apprentissage, atelier, combustible et outils ; titre noble ne remplace pas qualification.";0.00550452978127178;0.11225232543965775;0.007295749863389598
Fromager;Transformateur alimentaire;0.12505260508431915;0.31263151271079787;31.26315127107979;A — activité attestée;"SB120; SB149";"Ville et campus distincts par fonctions : enseignants permanents minoritaires, supports de livres/labos, logements et ravitaillement nombreux. Aucun instructeur d’archerie ou arts martiaux ajouté sans établissement attesté. activité/institution locale Budget civil 30,00 % ; coefficient 1,300000 ; part de filière 1,091 %. Apprentissage, atelier, combustible et outils ; titre noble ne remplace pas qualification.";0.00550452978127178;0.11225232543965775;0.007295749863389598
Huilier;Transformateur alimentaire;0.12505260508431915;0.31263151271079787;31.26315127107979;P — activité proposée;"SB120; SB149";"Ville et campus distincts par fonctions : enseignants permanents minoritaires, supports de livres/labos, logements et ravitaillement nombreux. Aucun instructeur d’archerie ou arts martiaux ajouté sans établissement attesté. activité/institution locale Budget civil 30,00 % ; coefficient 1,300000 ; part de filière 1,091 %. Apprentissage, atelier, combustible et outils ; titre noble ne remplace pas qualification.";0.00550452978127178;0.11225232543965775;0.007295749863389598
Brasseur;Fabricant de boissons;0.11543317392398689;0.2885829348099672;28.85829348099672;A — activité attestée;"MJ128; SB120";"Ville et campus distincts par fonctions : enseignants permanents minoritaires, supports de livres/labos, logements et ravitaillement nombreux. Aucun instructeur d’archerie ou arts martiaux ajouté sans établissement attesté. activité/institution locale Budget civil 30,00 % ; coefficient 1,200000 ; part de filière 1,007 %. Apprentissage, atelier, combustible et outils ; titre noble ne remplace pas qualification.";0.005081104413481642;0.1036175311750687;0.006734538335436552
Distillateur;Fabricant de boissons;0.11543317392398689;0.2885829348099672;28.85829348099672;A — activité attestée;"MJ128; SB120";"Ville et campus distincts par fonctions : enseignants permanents minoritaires, supports de livres/labos, logements et ravitaillement nombreux. Aucun instructeur d’archerie ou arts martiaux ajouté sans établissement attesté. activité/institution locale Budget civil 30,00 % ; coefficient 1,200000 ; part de filière 1,007 %. Apprentissage, atelier, combustible et outils ; titre noble ne remplace pas qualification.";0.005081104413481642;0.1036175311750687;0.006734538335436552
Distillateur de Highlandtuber;Fabricant de boissons;0;0;0.0;A — activité attestée;"SB120; SB121";"Ville et campus distincts par fonctions : enseignants permanents minoritaires, supports de livres/labos, logements et ravitaillement nombreux. Aucun instructeur d’archerie ou arts martiaux ajouté sans établissement attesté. activité/institution locale Budget civil 30,00 % ; coefficient 0,000000 ; part de filière 0,000 %. Zéro proposé : Filière régionale non retenue dans ce scénario, sans interdiction universelle. Apprentissage, atelier, combustible et outils ; titre noble ne remplace pas qualification.";0;0;0
Maître de cérémonie du thé;Maître de cérémonie du thé;0;0;0.0;A — activité attestée;SB201;"Ville et campus distincts par fonctions : enseignants permanents minoritaires, supports de livres/labos, logements et ravitaillement nombreux. Aucun instructeur d’archerie ou arts martiaux ajouté sans établissement attesté. activité/institution locale Budget civil 1,00 % ; coefficient 0,000000 ; part de filière 0,000 %. Zéro proposé : Filière régionale non retenue dans ce scénario, sans interdiction universelle. Apprentissage, audition et réseau ; accès au mérite notamment Mustardseed.";0;0;0
Alchimiste;Alchimiste;0.09337861610633305;0.23344654026583264;23.34465402658326;A — activité attestée;"MJ128; BR55";"Ville et campus distincts par fonctions : enseignants permanents minoritaires, supports de livres/labos, logements et ravitaillement nombreux. Aucun instructeur d’archerie ou arts martiaux ajouté sans établissement attesté. activité/institution locale Budget civil 5,00 % ; coefficient 10,000000 ; part de filière 4,887 %. Long apprentissage, frais, bourses, talent, licence ou secret ; titre ne donne pas maîtrise.";0.010150400782029369;0.08279770568624785;0.0004305096380558379
Apothicaire;Alchimiste;0.037351446442533236;0.09337861610633309;9.337861610633308;A — activité attestée;"MJ128; BR55";"Ville et campus distincts par fonctions : enseignants permanents minoritaires, supports de livres/labos, logements et ravitaillement nombreux. Aucun instructeur d’archerie ou arts martiaux ajouté sans établissement attesté. activité/institution locale Budget civil 5,00 % ; coefficient 4,000000 ; part de filière 1,955 %. Long apprentissage, frais, bourses, talent, licence ou secret ; titre ne donne pas maîtrise.";0.004060160312811751;0.03311908227449915;0.00017220385522233523
Préparateur de poisons;Alchimiste;0.037351446442533236;0.09337861610633309;9.337861610633308;D — activité déduite;"BR55; SB193";"Ville et campus distincts par fonctions : enseignants permanents minoritaires, supports de livres/labos, logements et ravitaillement nombreux. Aucun instructeur d’archerie ou arts martiaux ajouté sans établissement attesté. activité/institution locale Budget civil 5,00 % ; coefficient 4,000000 ; part de filière 1,955 %. Long apprentissage, frais, bourses, talent, licence ou secret ; titre ne donne pas maîtrise.";0.004060160312811751;0.03311908227449915;0.00017220385522233523
Préparateur de potions;Alchimiste;0.037351446442533236;0.09337861610633309;9.337861610633308;A — activité attestée;SB138;"Ville et campus distincts par fonctions : enseignants permanents minoritaires, supports de livres/labos, logements et ravitaillement nombreux. Aucun instructeur d’archerie ou arts martiaux ajouté sans établissement attesté. activité/institution locale Budget civil 5,00 % ; coefficient 4,000000 ; part de filière 1,955 %. Long apprentissage, frais, bourses, talent, licence ou secret ; titre ne donne pas maîtrise.";0.004060160312811751;0.03311908227449915;0.00017220385522233523
Préparateur d’Estelindea;Alchimiste;0;0;0.0;A — activité attestée;SB153;"Ville et campus distincts par fonctions : enseignants permanents minoritaires, supports de livres/labos, logements et ravitaillement nombreux. Aucun instructeur d’archerie ou arts martiaux ajouté sans établissement attesté. activité/institution locale Budget civil 5,00 % ; coefficient 0,000000 ; part de filière 0,000 %. Zéro proposé : Filière régionale non retenue dans ce scénario, sans interdiction universelle. Long apprentissage, frais, bourses, talent, licence ou secret ; titre ne donne pas maîtrise.";0;0;0
Charbonnier;Charbonnier;0.038474496644295295;0.09618624161073823;9.618624161073823;P — activité proposée;SB128;"Ville et campus distincts par fonctions : enseignants permanents minoritaires, supports de livres/labos, logements et ravitaillement nombreux. Aucun instructeur d’archerie ou arts martiaux ajouté sans établissement attesté. activité/institution locale Budget civil 1,00 % ; coefficient 0,750000 ; part de filière 10,067 %. Savoir-faire de terrain et sécurité ; procédé spécialisé distinct du rang social.";0.0003510746802623941;0.035796835359598066;0.0023265866044348367
Fondeur et affineur;Métallurgiste;0.06733601812232569;0.16834004530581423;16.83400453058142;D — activité déduite;"SB198; SB160";"Ville et campus distincts par fonctions : enseignants permanents minoritaires, supports de livres/labos, logements et ravitaillement nombreux. Aucun instructeur d’archerie ou arts martiaux ajouté sans établissement attesté. activité/institution locale Budget civil 30,00 % ; coefficient 0,700000 ; part de filière 0,587 %. Apprentissage, atelier, combustible et outils ; titre noble ne remplace pas qualification.";0.0029639775745309584;0.06044355985212341;0.0039284806956713225
Aciériste;Métallurgiste;0.06733601812232569;0.16834004530581423;16.83400453058142;D — activité déduite;SB198;"Ville et campus distincts par fonctions : enseignants permanents minoritaires, supports de livres/labos, logements et ravitaillement nombreux. Aucun instructeur d’archerie ou arts martiaux ajouté sans établissement attesté. activité/institution locale Budget civil 30,00 % ; coefficient 0,700000 ; part de filière 0,587 %. Apprentissage, atelier, combustible et outils ; titre noble ne remplace pas qualification.";0.0029639775745309584;0.06044355985212341;0.0039284806956713225
Forgeron;Forgeron;0.4809715580166121;1.2024288950415303;120.24288950415303;A — activité attestée;MJ128;"Ville et campus distincts par fonctions : enseignants permanents minoritaires, supports de livres/labos, logements et ravitaillement nombreux. Aucun instructeur d’archerie ou arts martiaux ajouté sans établissement attesté. activité/institution locale Budget civil 30,00 % ; coefficient 5,000000 ; part de filière 4,195 %. Apprentissage, atelier, combustible et outils ; titre noble ne remplace pas qualification.";0.02117126838950685;0.431739713229453;0.02806057639765231
Armurier;Forgeron;0.19238862320664485;0.48097155801661207;48.09715580166121;A — activité attestée;MJ128;"Ville et campus distincts par fonctions : enseignants permanents minoritaires, supports de livres/labos, logements et ravitaillement nombreux. Aucun instructeur d’archerie ou arts martiaux ajouté sans établissement attesté. activité/institution locale Budget civil 30,00 % ; coefficient 2,000000 ; part de filière 1,678 %. Apprentissage, atelier, combustible et outils ; titre noble ne remplace pas qualification.";0.008468507355802742;0.17269588529178118;0.011224230559060924
Coutelier;Forgeron;0.19238862320664485;0.48097155801661207;48.09715580166121;D — activité déduite;MJ128;"Ville et campus distincts par fonctions : enseignants permanents minoritaires, supports de livres/labos, logements et ravitaillement nombreux. Aucun instructeur d’archerie ou arts martiaux ajouté sans établissement attesté. activité/institution locale Budget civil 30,00 % ; coefficient 2,000000 ; part de filière 1,678 %. Apprentissage, atelier, combustible et outils ; titre noble ne remplace pas qualification.";0.008468507355802742;0.17269588529178118;0.011224230559060924
Rémouleur;Forgeron;0.19238862320664485;0.48097155801661207;48.09715580166121;D — activité déduite;MJ128;"Ville et campus distincts par fonctions : enseignants permanents minoritaires, supports de livres/labos, logements et ravitaillement nombreux. Aucun instructeur d’archerie ou arts martiaux ajouté sans établissement attesté. activité/institution locale Budget civil 30,00 % ; coefficient 2,000000 ; part de filière 1,678 %. Apprentissage, atelier, combustible et outils ; titre noble ne remplace pas qualification.";0.008468507355802742;0.17269588529178118;0.011224230559060924
Serrurier;Mécanicien et artisan du métal;0.11543317392398689;0.2885829348099672;28.85829348099672;A — activité attestée;"MJ128; SB174";"Ville et campus distincts par fonctions : enseignants permanents minoritaires, supports de livres/labos, logements et ravitaillement nombreux. Aucun instructeur d’archerie ou arts martiaux ajouté sans établissement attesté. activité/institution locale Budget civil 30,00 % ; coefficient 1,200000 ; part de filière 1,007 %. Apprentissage, atelier, combustible et outils ; titre noble ne remplace pas qualification.";0.005081104413481642;0.1036175311750687;0.006734538335436552
Rétameur;Mécanicien et artisan du métal;0.11543317392398689;0.2885829348099672;28.85829348099672;A — activité attestée;"MJ128; SB174";"Ville et campus distincts par fonctions : enseignants permanents minoritaires, supports de livres/labos, logements et ravitaillement nombreux. Aucun instructeur d’archerie ou arts martiaux ajouté sans établissement attesté. activité/institution locale Budget civil 30,00 % ; coefficient 1,200000 ; part de filière 1,007 %. Apprentissage, atelier, combustible et outils ; titre noble ne remplace pas qualification.";0.005081104413481642;0.1036175311750687;0.006734538335436552
Réparateur et bricoleur;Mécanicien et artisan du métal;0.11543317392398689;0.2885829348099672;28.85829348099672;A — activité attestée;"MJ128; SB174";"Ville et campus distincts par fonctions : enseignants permanents minoritaires, supports de livres/labos, logements et ravitaillement nombreux. Aucun instructeur d’archerie ou arts martiaux ajouté sans établissement attesté. activité/institution locale Budget civil 30,00 % ; coefficient 1,200000 ; part de filière 1,007 %. Apprentissage, atelier, combustible et outils ; titre noble ne remplace pas qualification.";0.005081104413481642;0.1036175311750687;0.006734538335436552
Horloger;Mécanicien et artisan du métal;0;0;0.0;D — activité déduite;SB174;"Ville et campus distincts par fonctions : enseignants permanents minoritaires, supports de livres/labos, logements et ravitaillement nombreux. Aucun instructeur d’archerie ou arts martiaux ajouté sans établissement attesté. activité/institution locale Budget civil 30,00 % ; coefficient 0,000000 ; part de filière 0,000 %. Zéro proposé : Climat, matière ou culture hors filière régionale retenue ; aucun établissement exceptionnel proposé. Apprentissage, atelier, combustible et outils ; titre noble ne remplace pas qualification.";0;0;0
Fabricant d’outils de précision;Mécanicien et artisan du métal;0;0;0.0;A — activité attestée;SB174;"Ville et campus distincts par fonctions : enseignants permanents minoritaires, supports de livres/labos, logements et ravitaillement nombreux. Aucun instructeur d’archerie ou arts martiaux ajouté sans établissement attesté. activité/institution locale Budget civil 30,00 % ; coefficient 0,000000 ; part de filière 0,000 %. Zéro proposé : Climat, matière ou culture hors filière régionale retenue ; aucun établissement exceptionnel proposé. Apprentissage, atelier, combustible et outils ; titre noble ne remplace pas qualification.";0;0;0
Fabricant d’instruments de navigation;Mécanicien et artisan du métal;0;0;0.0;D — activité déduite;SB174;"Ville et campus distincts par fonctions : enseignants permanents minoritaires, supports de livres/labos, logements et ravitaillement nombreux. Aucun instructeur d’archerie ou arts martiaux ajouté sans établissement attesté. activité/institution locale Budget civil 30,00 % ; coefficient 0,000000 ; part de filière 0,000 %. Zéro proposé : Climat, matière ou culture hors filière régionale retenue ; aucun établissement exceptionnel proposé. Apprentissage, atelier, combustible et outils ; titre noble ne remplace pas qualification.";0;0;0
Bijoutier;Bijoutier;0.19238862320664485;0.48097155801661207;48.09715580166121;A — activité attestée;MJ128;"Ville et campus distincts par fonctions : enseignants permanents minoritaires, supports de livres/labos, logements et ravitaillement nombreux. Aucun instructeur d’archerie ou arts martiaux ajouté sans établissement attesté. activité/institution locale Budget civil 30,00 % ; coefficient 2,000000 ; part de filière 1,678 %. Apprentissage, atelier, combustible et outils ; titre noble ne remplace pas qualification.";0.008468507355802742;0.17269588529178118;0.011224230559060924
Orfèvre;Bijoutier;0.07695544928265793;0.19238862320664485;19.238862320664484;A — activité attestée;MJ128;"Ville et campus distincts par fonctions : enseignants permanents minoritaires, supports de livres/labos, logements et ravitaillement nombreux. Aucun instructeur d’archerie ou arts martiaux ajouté sans établissement attesté. activité/institution locale Budget civil 30,00 % ; coefficient 0,800000 ; part de filière 0,671 %. Apprentissage, atelier, combustible et outils ; titre noble ne remplace pas qualification.";0.0033874029423210956;0.06907835411671247;0.004489692223624367
Lapidaire et tailleur de gemmes;Bijoutier;0.07695544928265793;0.19238862320664485;19.238862320664484;A — activité attestée;MJ128;"Ville et campus distincts par fonctions : enseignants permanents minoritaires, supports de livres/labos, logements et ravitaillement nombreux. Aucun instructeur d’archerie ou arts martiaux ajouté sans établissement attesté. activité/institution locale Budget civil 30,00 % ; coefficient 0,800000 ; part de filière 0,671 %. Apprentissage, atelier, combustible et outils ; titre noble ne remplace pas qualification.";0.0033874029423210956;0.06907835411671247;0.004489692223624367
Tanneur;Tanneur;0.12024288950415303;0.30060722376038257;30.060722376038257;A — activité attestée;MJ128;"Ville et campus distincts par fonctions : enseignants permanents minoritaires, supports de livres/labos, logements et ravitaillement nombreux. Aucun instructeur d’archerie ou arts martiaux ajouté sans établissement attesté. activité/institution locale Budget civil 30,00 % ; coefficient 1,250000 ; part de filière 1,049 %. Apprentissage, atelier, combustible et outils ; titre noble ne remplace pas qualification.";0.005292817097376713;0.10793492830736325;0.007015144099413078
Fourreur;Tanneur;0.04809715580166121;0.12024288950415302;12.024288950415302;D — activité déduite;"SB120; SB133";"Ville et campus distincts par fonctions : enseignants permanents minoritaires, supports de livres/labos, logements et ravitaillement nombreux. Aucun instructeur d’archerie ou arts martiaux ajouté sans établissement attesté. activité/institution locale Budget civil 30,00 % ; coefficient 0,500000 ; part de filière 0,419 %. Apprentissage, atelier, combustible et outils ; titre noble ne remplace pas qualification.";0.0021171268389506854;0.043173971322945294;0.002806057639765231
Maroquinier;Artisan du cuir;0.15391089856531587;0.3847772464132897;38.47772464132897;A — activité attestée;MJ128;"Ville et campus distincts par fonctions : enseignants permanents minoritaires, supports de livres/labos, logements et ravitaillement nombreux. Aucun instructeur d’archerie ou arts martiaux ajouté sans établissement attesté. activité/institution locale Budget civil 30,00 % ; coefficient 1,600000 ; part de filière 1,342 %. Apprentissage, atelier, combustible et outils ; titre noble ne remplace pas qualification.";0.006774805884642191;0.13815670823342494;0.008979384447248735
Bourrelier et sellier;Artisan du cuir;0.15391089856531587;0.3847772464132897;38.47772464132897;D — activité déduite;"MJ128; SB163";"Ville et campus distincts par fonctions : enseignants permanents minoritaires, supports de livres/labos, logements et ravitaillement nombreux. Aucun instructeur d’archerie ou arts martiaux ajouté sans établissement attesté. activité/institution locale Budget civil 30,00 % ; coefficient 1,600000 ; part de filière 1,342 %. Apprentissage, atelier, combustible et outils ; titre noble ne remplace pas qualification.";0.006774805884642191;0.13815670823342494;0.008979384447248735
Boursier, fabricant de bourses;Artisan du cuir;0.15391089856531587;0.3847772464132897;38.47772464132897;D — activité déduite;MJ128;"Ville et campus distincts par fonctions : enseignants permanents minoritaires, supports de livres/labos, logements et ravitaillement nombreux. Aucun instructeur d’archerie ou arts martiaux ajouté sans établissement attesté. activité/institution locale Budget civil 30,00 % ; coefficient 1,600000 ; part de filière 1,342 %. Apprentissage, atelier, combustible et outils ; titre noble ne remplace pas qualification.";0.006774805884642191;0.13815670823342494;0.008979384447248735
Gantier;Artisan du cuir;0.15391089856531587;0.3847772464132897;38.47772464132897;D — activité déduite;MJ128;"Ville et campus distincts par fonctions : enseignants permanents minoritaires, supports de livres/labos, logements et ravitaillement nombreux. Aucun instructeur d’archerie ou arts martiaux ajouté sans établissement attesté. activité/institution locale Budget civil 30,00 % ; coefficient 1,600000 ; part de filière 1,342 %. Apprentissage, atelier, combustible et outils ; titre noble ne remplace pas qualification.";0.006774805884642191;0.13815670823342494;0.008979384447248735
Cordonnier;Artisan du cuir;0.15391089856531587;0.3847772464132897;38.47772464132897;A — activité attestée;MJ128;"Ville et campus distincts par fonctions : enseignants permanents minoritaires, supports de livres/labos, logements et ravitaillement nombreux. Aucun instructeur d’archerie ou arts martiaux ajouté sans établissement attesté. activité/institution locale Budget civil 30,00 % ; coefficient 1,600000 ; part de filière 1,342 %. Apprentissage, atelier, combustible et outils ; titre noble ne remplace pas qualification.";0.006774805884642191;0.13815670823342494;0.008979384447248735
Fileur;Artisan textile;0.19238862320664485;0.48097155801661207;48.09715580166121;D — activité déduite;MJ128;"Ville et campus distincts par fonctions : enseignants permanents minoritaires, supports de livres/labos, logements et ravitaillement nombreux. Aucun instructeur d’archerie ou arts martiaux ajouté sans établissement attesté. activité/institution locale Budget civil 30,00 % ; coefficient 2,000000 ; part de filière 1,678 %. Apprentissage, atelier, combustible et outils ; titre noble ne remplace pas qualification.";0.008468507355802742;0.17269588529178118;0.011224230559060924
Tisserand;Artisan textile;0.19238862320664485;0.48097155801661207;48.09715580166121;A — activité attestée;MJ128;"Ville et campus distincts par fonctions : enseignants permanents minoritaires, supports de livres/labos, logements et ravitaillement nombreux. Aucun instructeur d’archerie ou arts martiaux ajouté sans établissement attesté. activité/institution locale Budget civil 30,00 % ; coefficient 2,000000 ; part de filière 1,678 %. Apprentissage, atelier, combustible et outils ; titre noble ne remplace pas qualification.";0.008468507355802742;0.17269588529178118;0.011224230559060924
Teinturier;Artisan textile;0.19238862320664485;0.48097155801661207;48.09715580166121;A — activité attestée;MJ128;"Ville et campus distincts par fonctions : enseignants permanents minoritaires, supports de livres/labos, logements et ravitaillement nombreux. Aucun instructeur d’archerie ou arts martiaux ajouté sans établissement attesté. activité/institution locale Budget civil 30,00 % ; coefficient 2,000000 ; part de filière 1,678 %. Apprentissage, atelier, combustible et outils ; titre noble ne remplace pas qualification.";0.008468507355802742;0.17269588529178118;0.011224230559060924
Tailleur;Tailleur de vêtements;0.19238862320664485;0.48097155801661207;48.09715580166121;D — activité déduite;"MJ128; SB139";"Ville et campus distincts par fonctions : enseignants permanents minoritaires, supports de livres/labos, logements et ravitaillement nombreux. Aucun instructeur d’archerie ou arts martiaux ajouté sans établissement attesté. activité/institution locale Budget civil 30,00 % ; coefficient 2,000000 ; part de filière 1,678 %. Apprentissage, atelier, combustible et outils ; titre noble ne remplace pas qualification.";0.008468507355802742;0.17269588529178118;0.011224230559060924
Modiste et fabricant de coiffes;Tailleur de vêtements;0.19238862320664485;0.48097155801661207;48.09715580166121;D — activité déduite;"SB139; SB120";"Ville et campus distincts par fonctions : enseignants permanents minoritaires, supports de livres/labos, logements et ravitaillement nombreux. Aucun instructeur d’archerie ou arts martiaux ajouté sans établissement attesté. activité/institution locale Budget civil 30,00 % ; coefficient 2,000000 ; part de filière 1,678 %. Apprentissage, atelier, combustible et outils ; titre noble ne remplace pas qualification.";0.008468507355802742;0.17269588529178118;0.011224230559060924
Tapissier;Tapissier;0.09619431160332242;0.24048577900830603;24.048577900830605;D — activité déduite;SB200;"Ville et campus distincts par fonctions : enseignants permanents minoritaires, supports de livres/labos, logements et ravitaillement nombreux. Aucun instructeur d’archerie ou arts martiaux ajouté sans établissement attesté. activité/institution locale Budget civil 30,00 % ; coefficient 1,000000 ; part de filière 0,839 %. Apprentissage, atelier, combustible et outils ; titre noble ne remplace pas qualification.";0.004234253677901371;0.08634794264589059;0.005612115279530462
Menuisier;Menuisier;0.4809715580166121;1.2024288950415303;120.24288950415303;D — activité déduite;"MJ128; SB152";"Ville et campus distincts par fonctions : enseignants permanents minoritaires, supports de livres/labos, logements et ravitaillement nombreux. Aucun instructeur d’archerie ou arts martiaux ajouté sans établissement attesté. activité/institution locale Budget civil 30,00 % ; coefficient 5,000000 ; part de filière 4,195 %. Apprentissage, atelier, combustible et outils ; titre noble ne remplace pas qualification.";0.02117126838950685;0.431739713229453;0.02806057639765231
Ébéniste;Menuisier;0.19238862320664485;0.48097155801661207;48.09715580166121;D — activité déduite;MJ128;"Ville et campus distincts par fonctions : enseignants permanents minoritaires, supports de livres/labos, logements et ravitaillement nombreux. Aucun instructeur d’archerie ou arts martiaux ajouté sans établissement attesté. activité/institution locale Budget civil 30,00 % ; coefficient 2,000000 ; part de filière 1,678 %. Apprentissage, atelier, combustible et outils ; titre noble ne remplace pas qualification.";0.008468507355802742;0.17269588529178118;0.011224230559060924
Sculpteur sur bois;Menuisier;0.19238862320664485;0.48097155801661207;48.09715580166121;A — activité attestée;MJ128;"Ville et campus distincts par fonctions : enseignants permanents minoritaires, supports de livres/labos, logements et ravitaillement nombreux. Aucun instructeur d’archerie ou arts martiaux ajouté sans établissement attesté. activité/institution locale Budget civil 30,00 % ; coefficient 2,000000 ; part de filière 1,678 %. Apprentissage, atelier, combustible et outils ; titre noble ne remplace pas qualification.";0.008468507355802742;0.17269588529178118;0.011224230559060924
Tonnelier;Menuisier;0.19238862320664485;0.48097155801661207;48.09715580166121;A — activité attestée;MJ128;"Ville et campus distincts par fonctions : enseignants permanents minoritaires, supports de livres/labos, logements et ravitaillement nombreux. Aucun instructeur d’archerie ou arts martiaux ajouté sans établissement attesté. activité/institution locale Budget civil 30,00 % ; coefficient 2,000000 ; part de filière 1,678 %. Apprentissage, atelier, combustible et outils ; titre noble ne remplace pas qualification.";0.008468507355802742;0.17269588529178118;0.011224230559060924
Charron;Menuisier;0.19238862320664485;0.48097155801661207;48.09715580166121;A — activité attestée;MJ128;"Ville et campus distincts par fonctions : enseignants permanents minoritaires, supports de livres/labos, logements et ravitaillement nombreux. Aucun instructeur d’archerie ou arts martiaux ajouté sans établissement attesté. activité/institution locale Budget civil 30,00 % ; coefficient 2,000000 ; part de filière 1,678 %. Apprentissage, atelier, combustible et outils ; titre noble ne remplace pas qualification.";0.008468507355802742;0.17269588529178118;0.011224230559060924
Charpentier;Charpentier;0.3126315127107978;0.7815787817769945;78.15787817769944;A — activité attestée;MJ128;"Ville et campus distincts par fonctions : enseignants permanents minoritaires, supports de livres/labos, logements et ravitaillement nombreux. Aucun instructeur d’archerie ou arts martiaux ajouté sans établissement attesté. activité/institution locale Budget civil 30,00 % ; coefficient 3,250000 ; part de filière 2,727 %. Apprentissage, atelier, combustible et outils ; titre noble ne remplace pas qualification.";0.013761324453179449;0.2806308135991444;0.01823937465847399
Couvreur;Charpentier;0.12505260508431915;0.31263151271079787;31.26315127107979;A — activité attestée;MJ128;"Ville et campus distincts par fonctions : enseignants permanents minoritaires, supports de livres/labos, logements et ravitaillement nombreux. Aucun instructeur d’archerie ou arts martiaux ajouté sans établissement attesté. activité/institution locale Budget civil 30,00 % ; coefficient 1,300000 ; part de filière 1,091 %. Apprentissage, atelier, combustible et outils ; titre noble ne remplace pas qualification.";0.00550452978127178;0.11225232543965775;0.007295749863389598
Constructeur naval;Constructeur naval;0.1442914674049836;0.360728668512459;36.072866851245905;A — activité attestée;"MJ128; SB148";"Ville et campus distincts par fonctions : enseignants permanents minoritaires, supports de livres/labos, logements et ravitaillement nombreux. Aucun instructeur d’archerie ou arts martiaux ajouté sans établissement attesté. activité/institution locale Budget civil 30,00 % ; coefficient 1,500000 ; part de filière 1,258 %. Apprentissage, atelier, combustible et outils ; titre noble ne remplace pas qualification.";0.006351380516852052;0.12952191396883586;0.008418172919295688
Calfat;Constructeur naval;0.057716586961993444;0.1442914674049836;14.42914674049836;D — activité déduite;"MJ128; SB148";"Ville et campus distincts par fonctions : enseignants permanents minoritaires, supports de livres/labos, logements et ravitaillement nombreux. Aucun instructeur d’archerie ou arts martiaux ajouté sans établissement attesté. activité/institution locale Budget civil 30,00 % ; coefficient 0,600000 ; part de filière 0,503 %. Apprentissage, atelier, combustible et outils ; titre noble ne remplace pas qualification.";0.002540552206740821;0.05180876558753435;0.003367269167718276
Constructeur de drakkars;Constructeur naval;0;0;0.0;A — activité attestée;SB130;"Ville et campus distincts par fonctions : enseignants permanents minoritaires, supports de livres/labos, logements et ravitaillement nombreux. Aucun instructeur d’archerie ou arts martiaux ajouté sans établissement attesté. activité/institution locale Budget civil 30,00 % ; coefficient 0,000000 ; part de filière 0,000 %. Zéro proposé : Filière régionale non retenue dans ce scénario, sans interdiction universelle. Apprentissage, atelier, combustible et outils ; titre noble ne remplace pas qualification.";0;0;0
Cordier;Cordier;0.12024288950415303;0.30060722376038257;30.060722376038257;D — activité déduite;SB130;"Ville et campus distincts par fonctions : enseignants permanents minoritaires, supports de livres/labos, logements et ravitaillement nombreux. Aucun instructeur d’archerie ou arts martiaux ajouté sans établissement attesté. activité/institution locale Budget civil 30,00 % ; coefficient 1,250000 ; part de filière 1,049 %. Apprentissage, atelier, combustible et outils ; titre noble ne remplace pas qualification.";0.005292817097376713;0.10793492830736325;0.007015144099413078
Voilier;Cordier;0.04809715580166121;0.12024288950415302;12.024288950415302;A — activité attestée;MJ128;"Ville et campus distincts par fonctions : enseignants permanents minoritaires, supports de livres/labos, logements et ravitaillement nombreux. Aucun instructeur d’archerie ou arts martiaux ajouté sans établissement attesté. activité/institution locale Budget civil 30,00 % ; coefficient 0,500000 ; part de filière 0,419 %. Apprentissage, atelier, combustible et outils ; titre noble ne remplace pas qualification.";0.0021171268389506854;0.043173971322945294;0.002806057639765231
Facteur d’arcs;Facteur d’arcs;0.09619431160332242;0.24048577900830603;24.048577900830605;A — activité attestée;"MJ128; SB152";"Ville et campus distincts par fonctions : enseignants permanents minoritaires, supports de livres/labos, logements et ravitaillement nombreux. Aucun instructeur d’archerie ou arts martiaux ajouté sans établissement attesté. activité/institution locale Budget civil 30,00 % ; coefficient 1,000000 ; part de filière 0,839 %. Apprentissage, atelier, combustible et outils ; titre noble ne remplace pas qualification.";0.004234253677901371;0.08634794264589059;0.005612115279530462
Fabricant de flèches;Facteur d’arcs;0.03847772464132897;0.09619431160332242;9.619431160332242;A — activité attestée;SB152;"Ville et campus distincts par fonctions : enseignants permanents minoritaires, supports de livres/labos, logements et ravitaillement nombreux. Aucun instructeur d’archerie ou arts martiaux ajouté sans établissement attesté. activité/institution locale Budget civil 30,00 % ; coefficient 0,400000 ; part de filière 0,336 %. Apprentissage, atelier, combustible et outils ; titre noble ne remplace pas qualification.";0.0016937014711605478;0.034539177058356234;0.0022448461118121836
Luthier et facteur d’instruments;Luthier;0.0721457337024918;0.1803643342562295;18.036433425622953;D — activité déduite;BR55;"Ville et campus distincts par fonctions : enseignants permanents minoritaires, supports de livres/labos, logements et ravitaillement nombreux. Aucun instructeur d’archerie ou arts martiaux ajouté sans établissement attesté. activité/institution locale Budget civil 30,00 % ; coefficient 0,750000 ; part de filière 0,629 %. Apprentissage, atelier, combustible et outils ; titre noble ne remplace pas qualification.";0.003175690258426026;0.06476095698441793;0.004209086459647844
Tailleur de pierre;Tailleur de pierre;0.24048577900830606;0.6012144475207651;60.12144475207651;A — activité attestée;"MJ128; SB161";"Ville et campus distincts par fonctions : enseignants permanents minoritaires, supports de livres/labos, logements et ravitaillement nombreux. Aucun instructeur d’archerie ou arts martiaux ajouté sans établissement attesté. activité/institution locale Budget civil 30,00 % ; coefficient 2,500000 ; part de filière 2,097 %. Apprentissage, atelier, combustible et outils ; titre noble ne remplace pas qualification.";0.010585634194753425;0.2158698566147265;0.014030288198826155
Sculpteur sur pierre;Tailleur de pierre;0.09619431160332242;0.24048577900830603;24.048577900830605;D — activité déduite;"MJ128; SB161";"Ville et campus distincts par fonctions : enseignants permanents minoritaires, supports de livres/labos, logements et ravitaillement nombreux. Aucun instructeur d’archerie ou arts martiaux ajouté sans établissement attesté. activité/institution locale Budget civil 30,00 % ; coefficient 1,000000 ; part de filière 0,839 %. Apprentissage, atelier, combustible et outils ; titre noble ne remplace pas qualification.";0.004234253677901371;0.08634794264589059;0.005612115279530462
Sculpteur de statues de Stone Spirits;Tailleur de pierre;0;0;0.0;A — activité attestée;SB161;"Ville et campus distincts par fonctions : enseignants permanents minoritaires, supports de livres/labos, logements et ravitaillement nombreux. Aucun instructeur d’archerie ou arts martiaux ajouté sans établissement attesté. activité/institution locale Budget civil 30,00 % ; coefficient 0,000000 ; part de filière 0,000 %. Zéro proposé : Filière régionale non retenue dans ce scénario, sans interdiction universelle. Apprentissage, atelier, combustible et outils ; titre noble ne remplace pas qualification.";0;0;0
Maçon;Maçon;0.9619431160332242;2.4048577900830606;240.48577900830605;A — activité attestée;"MJ128; SB90";"Ville et campus distincts par fonctions : enseignants permanents minoritaires, supports de livres/labos, logements et ravitaillement nombreux. Aucun instructeur d’archerie ou arts martiaux ajouté sans établissement attesté. activité/institution locale Budget civil 30,00 % ; coefficient 10,000000 ; part de filière 8,390 %. Apprentissage, atelier, combustible et outils ; titre noble ne remplace pas qualification.";0.0423425367790137;0.863479426458906;0.05612115279530462
Plâtrier;Maçon;0.3847772464132897;0.9619431160332241;96.19431160332242;A — activité attestée;"MJ128; SB90";"Ville et campus distincts par fonctions : enseignants permanents minoritaires, supports de livres/labos, logements et ravitaillement nombreux. Aucun instructeur d’archerie ou arts martiaux ajouté sans établissement attesté. activité/institution locale Budget civil 30,00 % ; coefficient 4,000000 ; part de filière 3,356 %. Apprentissage, atelier, combustible et outils ; titre noble ne remplace pas qualification.";0.016937014711605483;0.34539177058356235;0.02244846111812185
Manœuvre de chantier;Maçon;0.3847772464132897;0.9619431160332241;96.19431160332242;A — activité attestée;SB90;"Ville et campus distincts par fonctions : enseignants permanents minoritaires, supports de livres/labos, logements et ravitaillement nombreux. Aucun instructeur d’archerie ou arts martiaux ajouté sans établissement attesté. activité/institution locale Budget civil 30,00 % ; coefficient 4,000000 ; part de filière 3,356 %. Apprentissage, atelier, combustible et outils ; titre noble ne remplace pas qualification.";0.00865908389413907;0.3531645179216831;0.02295364459746758
Architecte;Architecte;0.19238862320664485;0.48097155801661207;48.09715580166121;A — activité attestée;SB174;"Ville et campus distincts par fonctions : enseignants permanents minoritaires, supports de livres/labos, logements et ravitaillement nombreux. Aucun instructeur d’archerie ou arts martiaux ajouté sans établissement attesté. activité/institution locale Budget civil 30,00 % ; coefficient 2,000000 ; part de filière 1,678 %. Apprentissage, atelier, combustible et outils ; titre noble ne remplace pas qualification.";0.008468507355802742;0.17269588529178118;0.011224230559060924
Géomètre et arpenteur;Architecte;0.07695544928265793;0.19238862320664485;19.238862320664484;A — activité attestée;MJ128;"Ville et campus distincts par fonctions : enseignants permanents minoritaires, supports de livres/labos, logements et ravitaillement nombreux. Aucun instructeur d’archerie ou arts martiaux ajouté sans établissement attesté. activité/institution locale Budget civil 30,00 % ; coefficient 0,800000 ; part de filière 0,671 %. Apprentissage, atelier, combustible et outils ; titre noble ne remplace pas qualification.";0.0033874029423210956;0.06907835411671247;0.004489692223624367
Potier;Potier;0.24048577900830606;0.6012144475207651;60.12144475207651;A — activité attestée;"MJ128; SB200";"Ville et campus distincts par fonctions : enseignants permanents minoritaires, supports de livres/labos, logements et ravitaillement nombreux. Aucun instructeur d’archerie ou arts martiaux ajouté sans établissement attesté. activité/institution locale Budget civil 30,00 % ; coefficient 2,500000 ; part de filière 2,097 %. Apprentissage, atelier, combustible et outils ; titre noble ne remplace pas qualification.";0.010585634194753425;0.2158698566147265;0.014030288198826155
Tuilier;Potier;0.09619431160332242;0.24048577900830603;24.048577900830605;A — activité attestée;"MJ128; SB200";"Ville et campus distincts par fonctions : enseignants permanents minoritaires, supports de livres/labos, logements et ravitaillement nombreux. Aucun instructeur d’archerie ou arts martiaux ajouté sans établissement attesté. activité/institution locale Budget civil 30,00 % ; coefficient 1,000000 ; part de filière 0,839 %. Apprentissage, atelier, combustible et outils ; titre noble ne remplace pas qualification.";0.004234253677901371;0.08634794264589059;0.005612115279530462
Porcelainier;Potier;0.09619431160332242;0.24048577900830603;24.048577900830605;D — activité déduite;SB200;"Ville et campus distincts par fonctions : enseignants permanents minoritaires, supports de livres/labos, logements et ravitaillement nombreux. Aucun instructeur d’archerie ou arts martiaux ajouté sans établissement attesté. activité/institution locale Budget civil 30,00 % ; coefficient 1,000000 ; part de filière 0,839 %. Apprentissage, atelier, combustible et outils ; titre noble ne remplace pas qualification.";0.004234253677901371;0.08634794264589059;0.005612115279530462
Souffleur de verre;Verrier;0.06733601812232569;0.16834004530581423;16.83400453058142;A — activité attestée;"MJ128; SB174";"Ville et campus distincts par fonctions : enseignants permanents minoritaires, supports de livres/labos, logements et ravitaillement nombreux. Aucun instructeur d’archerie ou arts martiaux ajouté sans établissement attesté. activité/institution locale Budget civil 30,00 % ; coefficient 0,700000 ; part de filière 0,587 %. Apprentissage, atelier, combustible et outils ; titre noble ne remplace pas qualification.";0.0029639775745309584;0.06044355985212341;0.0039284806956713225
Vitrier;Verrier;0.06733601812232569;0.16834004530581423;16.83400453058142;A — activité attestée;"MJ128; SB174";"Ville et campus distincts par fonctions : enseignants permanents minoritaires, supports de livres/labos, logements et ravitaillement nombreux. Aucun instructeur d’archerie ou arts martiaux ajouté sans établissement attesté. activité/institution locale Budget civil 30,00 % ; coefficient 0,700000 ; part de filière 0,587 %. Apprentissage, atelier, combustible et outils ; titre noble ne remplace pas qualification.";0.0029639775745309584;0.06044355985212341;0.0039284806956713225
Opticien et fabricant de lentilles;Verrier;0;0;0.0;D — activité déduite;SB174;"Ville et campus distincts par fonctions : enseignants permanents minoritaires, supports de livres/labos, logements et ravitaillement nombreux. Aucun instructeur d’archerie ou arts martiaux ajouté sans établissement attesté. activité/institution locale Budget civil 30,00 % ; coefficient 0,000000 ; part de filière 0,000 %. Zéro proposé : Climat, matière ou culture hors filière régionale retenue ; aucun établissement exceptionnel proposé. Apprentissage, atelier, combustible et outils ; titre noble ne remplace pas qualification.";0;0;0
Papetier;Papetier et artisan du livre;0.18469307827837902;0.4617326956959476;46.17326956959476;A — activité attestée;SB138;"Ville et campus distincts par fonctions : enseignants permanents minoritaires, supports de livres/labos, logements et ravitaillement nombreux. Aucun instructeur d’archerie ou arts martiaux ajouté sans établissement attesté. activité/institution locale Budget civil 30,00 % ; coefficient 1,920000 ; part de filière 1,611 %. Apprentissage, atelier, combustible et outils ; titre noble ne remplace pas qualification.";0.008129767061570627;0.16578804988010992;0.010775261336698485
Relieur;Papetier et artisan du livre;0.18469307827837902;0.4617326956959476;46.17326956959476;D — activité déduite;"SB138; MJ128";"Ville et campus distincts par fonctions : enseignants permanents minoritaires, supports de livres/labos, logements et ravitaillement nombreux. Aucun instructeur d’archerie ou arts martiaux ajouté sans établissement attesté. activité/institution locale Budget civil 30,00 % ; coefficient 1,920000 ; part de filière 1,611 %. Apprentissage, atelier, combustible et outils ; titre noble ne remplace pas qualification.";0.008129767061570627;0.16578804988010992;0.010775261336698485
Chandelier;Chandelier;0.12024288950415303;0.30060722376038257;30.060722376038257;P — activité proposée;SB98;"Ville et campus distincts par fonctions : enseignants permanents minoritaires, supports de livres/labos, logements et ravitaillement nombreux. Aucun instructeur d’archerie ou arts martiaux ajouté sans établissement attesté. activité/institution locale Budget civil 30,00 % ; coefficient 1,250000 ; part de filière 1,049 %. Apprentissage, atelier, combustible et outils ; titre noble ne remplace pas qualification.";0.005292817097376713;0.10793492830736325;0.007015144099413078
Peintre;Peintre;0.19238862320664485;0.48097155801661207;48.09715580166121;A — activité attestée;"MJ128; SB190";"Ville et campus distincts par fonctions : enseignants permanents minoritaires, supports de livres/labos, logements et ravitaillement nombreux. Aucun instructeur d’archerie ou arts martiaux ajouté sans établissement attesté. activité/institution locale Budget civil 30,00 % ; coefficient 2,000000 ; part de filière 1,678 %. Apprentissage, atelier, combustible et outils ; titre noble ne remplace pas qualification.";0.008468507355802742;0.17269588529178118;0.011224230559060924
Fabricant d’enseignes;Peintre;0.07695544928265793;0.19238862320664485;19.238862320664484;A — activité attestée;"MJ128; SB190";"Ville et campus distincts par fonctions : enseignants permanents minoritaires, supports de livres/labos, logements et ravitaillement nombreux. Aucun instructeur d’archerie ou arts martiaux ajouté sans établissement attesté. activité/institution locale Budget civil 30,00 % ; coefficient 0,800000 ; part de filière 0,671 %. Apprentissage, atelier, combustible et outils ; titre noble ne remplace pas qualification.";0.0033874029423210956;0.06907835411671247;0.004489692223624367
Enlumineur;Peintre;0.07695544928265793;0.19238862320664485;19.238862320664484;A — activité attestée;"MJ128; SB190";"Ville et campus distincts par fonctions : enseignants permanents minoritaires, supports de livres/labos, logements et ravitaillement nombreux. Aucun instructeur d’archerie ou arts martiaux ajouté sans établissement attesté. activité/institution locale Budget civil 30,00 % ; coefficient 0,800000 ; part de filière 0,671 %. Apprentissage, atelier, combustible et outils ; titre noble ne remplace pas qualification.";0.0033874029423210956;0.06907835411671247;0.004489692223624367
Peintre de guerre spirituel;Peintre;0;0;0.0;A — activité attestée;SB193;"Ville et campus distincts par fonctions : enseignants permanents minoritaires, supports de livres/labos, logements et ravitaillement nombreux. Aucun instructeur d’archerie ou arts martiaux ajouté sans établissement attesté. activité/institution locale Initiation de la Red Mother ou apprentissage autorisé; recette complète non librement disponible Budget civil 30,00 % ; coefficient 0,000000 ; part de filière 0,000 %. Zéro proposé : Filière régionale non retenue dans ce scénario, sans interdiction universelle. Apprentissage, atelier, combustible et outils ; titre noble ne remplace pas qualification.";0;0;0
Tatoueur rituel;Peintre;0;0;0.0;D — activité déduite;"SB200; SB204";"Ville et campus distincts par fonctions : enseignants permanents minoritaires, supports de livres/labos, logements et ravitaillement nombreux. Aucun instructeur d’archerie ou arts martiaux ajouté sans établissement attesté. activité/institution locale Budget civil 30,00 % ; coefficient 0,000000 ; part de filière 0,000 %. Zéro proposé : Filière régionale non retenue dans ce scénario, sans interdiction universelle. Apprentissage, atelier, combustible et outils ; titre noble ne remplace pas qualification.";0;0;0
Portefaix;Transporteur terrestre;0.3416841059602649;0.8542102649006622;85.42102649006621;D — activité déduite;"MJ132; SB121";"Ville et campus distincts par fonctions : enseignants permanents minoritaires, supports de livres/labos, logements et ravitaillement nombreux. Aucun instructeur d’archerie ou arts martiaux ajouté sans établissement attesté. activité/institution locale Budget civil 18,00 % ; coefficient 6,000000 ; part de filière 4,967 %. Réseau, itinéraires, confiance et capital ; manutention distincte de propriété du fret.";0.011272631432549977;0.3065061303832953;0.023905344144419565
Docker;Transporteur terrestre;0.3416841059602649;0.8542102649006622;85.42102649006621;D — activité déduite;"MJ132; SB121";"Ville et campus distincts par fonctions : enseignants permanents minoritaires, supports de livres/labos, logements et ravitaillement nombreux. Aucun instructeur d’archerie ou arts martiaux ajouté sans établissement attesté. activité/institution locale Budget civil 18,00 % ; coefficient 6,000000 ; part de filière 4,967 %. Réseau, itinéraires, confiance et capital ; manutention distincte de propriété du fret.";0.011272631432549977;0.3065061303832953;0.023905344144419565
Magasinier;Transporteur terrestre;0.34168410596026483;0.854210264900662;85.42102649006621;D — activité déduite;"MJ132; SB121";"Ville et campus distincts par fonctions : enseignants permanents minoritaires, supports de livres/labos, logements et ravitaillement nombreux. Aucun instructeur d’archerie ou arts martiaux ajouté sans établissement attesté. activité/institution locale Budget civil 18,00 % ; coefficient 6,000000 ; part de filière 4,967 %. Réseau, itinéraires, confiance et capital ; manutention distincte de propriété du fret.";0.02182521870131513;0.2967170251656134;0.02314186209333633
Charretier et cocher;Transporteur terrestre;0.34168410596026483;0.854210264900662;85.42102649006621;D — activité déduite;"MJ132; SB121";"Ville et campus distincts par fonctions : enseignants permanents minoritaires, supports de livres/labos, logements et ravitaillement nombreux. Aucun instructeur d’archerie ou arts martiaux ajouté sans établissement attesté. activité/institution locale Budget civil 18,00 % ; coefficient 6,000000 ; part de filière 4,967 %. Réseau, itinéraires, confiance et capital ; manutention distincte de propriété du fret.";0.02182521870131513;0.2967170251656134;0.02314186209333633
Chef de caravane;Transporteur terrestre;0.34168410596026483;0.854210264900662;85.42102649006621;A — activité attestée;MJ132;"Ville et campus distincts par fonctions : enseignants permanents minoritaires, supports de livres/labos, logements et ravitaillement nombreux. Aucun instructeur d’archerie ou arts martiaux ajouté sans établissement attesté. activité/institution locale Budget civil 18,00 % ; coefficient 6,000000 ; part de filière 4,967 %. Réseau, itinéraires, confiance et capital ; manutention distincte de propriété du fret.";0.02182521870131513;0.2967170251656134;0.02314186209333633
Coursier et messager;Transporteur terrestre;0.34168410596026483;0.854210264900662;85.42102649006621;D — activité déduite;"MJ132; SB121";"Ville et campus distincts par fonctions : enseignants permanents minoritaires, supports de livres/labos, logements et ravitaillement nombreux. Aucun instructeur d’archerie ou arts martiaux ajouté sans établissement attesté. activité/institution locale Budget civil 18,00 % ; coefficient 6,000000 ; part de filière 4,967 %. Réseau, itinéraires, confiance et capital ; manutention distincte de propriété du fret.";0.02182521870131513;0.2967170251656134;0.02314186209333633
Porteur d’eau;Transporteur terrestre;0.34168410596026483;0.854210264900662;85.42102649006621;P — activité proposée;"MJ132; SB121";"Ville et campus distincts par fonctions : enseignants permanents minoritaires, supports de livres/labos, logements et ravitaillement nombreux. Aucun instructeur d’archerie ou arts martiaux ajouté sans établissement attesté. activité/institution locale Budget civil 18,00 % ; coefficient 6,000000 ; part de filière 4,967 %. Réseau, itinéraires, confiance et capital ; manutention distincte de propriété du fret.";0.02182521870131513;0.2967170251656134;0.02314186209333633
Transporteur de canopée;Transporteur terrestre;0;0;0.0;D — activité déduite;SB154;"Ville et campus distincts par fonctions : enseignants permanents minoritaires, supports de livres/labos, logements et ravitaillement nombreux. Aucun instructeur d’archerie ou arts martiaux ajouté sans établissement attesté. activité/institution locale Budget civil 18,00 % ; coefficient 0,000000 ; part de filière 0,000 %. Zéro proposé : Filière régionale non retenue dans ce scénario, sans interdiction universelle. Réseau, itinéraires, confiance et capital ; manutention distincte de propriété du fret.";0;0;0
Opérateur de Stone Disks;Transporteur terrestre;0;0;0.0;A — activité attestée;PG13;"Ville et campus distincts par fonctions : enseignants permanents minoritaires, supports de livres/labos, logements et ravitaillement nombreux. Aucun instructeur d’archerie ou arts martiaux ajouté sans établissement attesté. activité/institution locale Prêtre nain de Dorsi; Formation spécialisée Budget civil 18,00 % ; coefficient 0,000000 ; part de filière 0,000 %. Zéro proposé : Filière régionale non retenue dans ce scénario, sans interdiction universelle. Réseau, itinéraires, confiance et capital ; manutention distincte de propriété du fret.";0;0;0
Palefrenier et soigneur d’écurie;Transporteur terrestre;0.34168410596026483;0.854210264900662;85.42102649006621;D — activité déduite;SB123;"Ville et campus distincts par fonctions : enseignants permanents minoritaires, supports de livres/labos, logements et ravitaillement nombreux. Aucun instructeur d’archerie ou arts martiaux ajouté sans établissement attesté. activité/institution locale Budget civil 18,00 % ; coefficient 6,000000 ; part de filière 4,967 %. Réseau, itinéraires, confiance et capital ; manutention distincte de propriété du fret.";0.02182521870131513;0.2967170251656134;0.02314186209333633
Marin;Marin;0.1423683774834437;0.3559209437086092;35.59209437086092;A — activité attestée;MJ136;"Ville et campus distincts par fonctions : enseignants permanents minoritaires, supports de livres/labos, logements et ravitaillement nombreux. Aucun instructeur d’archerie ou arts martiaux ajouté sans établissement attesté. activité/institution locale Budget civil 18,00 % ; coefficient 2,500000 ; part de filière 2,070 %. Réseau, itinéraires, confiance et capital ; manutention distincte de propriété du fret.";0.009093841125547975;0.12363209381900558;0.009642442538890142
Navigateur;Marin;0.056947350993377485;0.14236837748344372;14.23683774834437;A — activité attestée;MJ136;"Ville et campus distincts par fonctions : enseignants permanents minoritaires, supports de livres/labos, logements et ravitaillement nombreux. Aucun instructeur d’archerie ou arts martiaux ajouté sans établissement attesté. activité/institution locale Budget civil 18,00 % ; coefficient 1,000000 ; part de filière 0,828 %. Réseau, itinéraires, confiance et capital ; manutention distincte de propriété du fret.";0.003637536450219188;0.04945283752760224;0.0038569770155560566
Pilote de port;Marin;0.056947350993377485;0.14236837748344372;14.23683774834437;D — activité déduite;MJ136;"Ville et campus distincts par fonctions : enseignants permanents minoritaires, supports de livres/labos, logements et ravitaillement nombreux. Aucun instructeur d’archerie ou arts martiaux ajouté sans établissement attesté. activité/institution locale Budget civil 18,00 % ; coefficient 1,000000 ; part de filière 0,828 %. Réseau, itinéraires, confiance et capital ; manutention distincte de propriété du fret.";0.003637536450219188;0.04945283752760224;0.0038569770155560566
Capitaine de navire;Marin;0.056947350993377485;0.14236837748344372;14.23683774834437;A — activité attestée;MJ136;"Ville et campus distincts par fonctions : enseignants permanents minoritaires, supports de livres/labos, logements et ravitaillement nombreux. Aucun instructeur d’archerie ou arts martiaux ajouté sans établissement attesté. activité/institution locale Budget civil 18,00 % ; coefficient 1,000000 ; part de filière 0,828 %. Réseau, itinéraires, confiance et capital ; manutention distincte de propriété du fret.";0.003637536450219188;0.04945283752760224;0.0038569770155560566
Pilote de véhicule volant;Marin;0.056947350993377485;0.14236837748344372;14.23683774834437;D — activité déduite;"SB142; SB174";"Ville et campus distincts par fonctions : enseignants permanents minoritaires, supports de livres/labos, logements et ravitaillement nombreux. Aucun instructeur d’archerie ou arts martiaux ajouté sans établissement attesté. activité/institution locale Budget civil 18,00 % ; coefficient 1,000000 ; part de filière 0,828 %. Réseau, itinéraires, confiance et capital ; manutention distincte de propriété du fret.";0.003637536450219188;0.04945283752760224;0.0038569770155560566
Aubergiste;Hôte professionnel;0.8220846387654897;2.055211596913724;205.52115969137242;D — activité déduite;"SB110; SB123";"Ville et campus distincts par fonctions : enseignants permanents minoritaires, supports de livres/labos, logements et ravitaillement nombreux. Aucun instructeur d’archerie ou arts martiaux ajouté sans établissement attesté. activité/institution locale Budget civil 23,00 % ; coefficient 6,000000 ; part de filière 9,352 %. Apprentissage et qualification variable ; soins avancés et thérapie magique exigent formation.";0.003783218985362582;0.7715011919806427;0.046800227799484374
Tavernier;Hôte professionnel;0.8220846387654897;2.055211596913724;205.52115969137242;A — activité attestée;"SB108; SB149";"Ville et campus distincts par fonctions : enseignants permanents minoritaires, supports de livres/labos, logements et ravitaillement nombreux. Aucun instructeur d’archerie ou arts martiaux ajouté sans établissement attesté. activité/institution locale Budget civil 23,00 % ; coefficient 6,000000 ; part de filière 9,352 %. Apprentissage et qualification variable ; soins avancés et thérapie magique exigent formation.";0.003783218985362582;0.7715011919806427;0.046800227799484374
Barbier;Barbier;1.027605798456862;2.569014496142155;256.90144961421555;P — activité proposée;"MJ135; PG40";"Ville et campus distincts par fonctions : enseignants permanents minoritaires, supports de livres/labos, logements et ravitaillement nombreux. Aucun instructeur d’archerie ou arts martiaux ajouté sans établissement attesté. activité/institution locale Budget civil 23,00 % ; coefficient 7,500000 ; part de filière 11,690 %. Apprentissage et qualification variable ; soins avancés et thérapie magique exigent formation.";0.00472902373170323;0.9643764899758034;0.0585002847493555
Domestique;Employé domestique et aide familiale;2.7402821292182993;6.850705323045749;685.0705323045748;A — activité attestée;"MJ135; PG40";"Ville et campus distincts par fonctions : enseignants permanents minoritaires, supports de livres/labos, logements et ravitaillement nombreux. Aucun instructeur d’archerie ou arts martiaux ajouté sans établissement attesté. activité/institution locale Budget civil 23,00 % ; coefficient 20,000000 ; part de filière 31,174 %. Apprentissage et qualification variable ; soins avancés et thérapie magique exigent formation.";0.01261072995120861;2.571670639935476;0.1560007593316146
Gardien d’enfants;Employé domestique et aide familiale;1.3701410646091496;3.4253526615228744;342.5352661522874;A — activité attestée;PG40;"Ville et campus distincts par fonctions : enseignants permanents minoritaires, supports de livres/labos, logements et ravitaillement nombreux. Aucun instructeur d’archerie ou arts martiaux ajouté sans établissement attesté. activité/institution locale Budget civil 23,00 % ; coefficient 10,000000 ; part de filière 15,587 %. Apprentissage et qualification variable ; soins avancés et thérapie magique exigent formation.";0.006305364975604305;1.285835319967738;0.0780003796658073
Terrassier d’hygiène urbaine;Agent d’entretien;0.2740282129218299;0.6850705323045747;68.50705323045747;P — activité proposée;SB90;"Ville et campus distincts par fonctions : enseignants permanents minoritaires, supports de livres/labos, logements et ravitaillement nombreux. Aucun instructeur d’archerie ou arts martiaux ajouté sans établissement attesté. activité/institution locale Budget civil 23,00 % ; coefficient 2,000000 ; part de filière 3,117 %. Apprentissage et qualification variable ; soins avancés et thérapie magique exigent formation.";0.0006319907025849783;0.2577601678631165;0.01563605435612841
Ramoneur;Agent d’entretien;0.27402821292182994;0.6850705323045748;68.50705323045749;P — activité proposée;SB90;"Ville et campus distincts par fonctions : enseignants permanents minoritaires, supports de livres/labos, logements et ravitaillement nombreux. Aucun instructeur d’archerie ou arts martiaux ajouté sans établissement attesté. activité/institution locale Budget civil 23,00 % ; coefficient 2,000000 ; part de filière 3,117 %. Apprentissage et qualification variable ; soins avancés et thérapie magique exigent formation.";0.0012610729951208616;0.2571670639935476;0.015600075933161475
Fossoyeur;Agent funéraire;0.08220846387654897;0.2055211596913724;20.552115969137244;A — activité attestée;"MJ135; SB99; SB182";"Ville et campus distincts par fonctions : enseignants permanents minoritaires, supports de livres/labos, logements et ravitaillement nombreux. Aucun instructeur d’archerie ou arts martiaux ajouté sans établissement attesté. activité/institution locale Budget civil 23,00 % ; coefficient 0,600000 ; part de filière 0,935 %. Apprentissage et qualification variable ; soins avancés et thérapie magique exigent formation.";0.0003783218985362583;0.07715011919806428;0.004680022779948439
Gardien de cimetière;Agent funéraire;0.08220846387654897;0.2055211596913724;20.552115969137244;A — activité attestée;"MJ135; SB99; SB182";"Ville et campus distincts par fonctions : enseignants permanents minoritaires, supports de livres/labos, logements et ravitaillement nombreux. Aucun instructeur d’archerie ou arts martiaux ajouté sans établissement attesté. activité/institution locale Budget civil 23,00 % ; coefficient 0,600000 ; part de filière 0,935 %. Apprentissage et qualification variable ; soins avancés et thérapie magique exigent formation.";0.0003783218985362583;0.07715011919806428;0.004680022779948439
Momificateur;Agent funéraire;0;0;0.0;A — activité attestée;SB182;"Ville et campus distincts par fonctions : enseignants permanents minoritaires, supports de livres/labos, logements et ravitaillement nombreux. Aucun instructeur d’archerie ou arts martiaux ajouté sans établissement attesté. activité/institution locale Budget civil 23,00 % ; coefficient 0,000000 ; part de filière 0,000 %. Zéro proposé : Filière régionale non retenue dans ce scénario, sans interdiction universelle. Apprentissage et qualification variable ; soins avancés et thérapie magique exigent formation.";0;0;0
Gardien d’arbres funéraires;Agent funéraire;0;0;0.0;D — activité déduite;SB155;"Ville et campus distincts par fonctions : enseignants permanents minoritaires, supports de livres/labos, logements et ravitaillement nombreux. Aucun instructeur d’archerie ou arts martiaux ajouté sans établissement attesté. activité/institution locale Budget civil 23,00 % ; coefficient 0,000000 ; part de filière 0,000 %. Zéro proposé : Filière régionale non retenue dans ce scénario, sans interdiction universelle. Apprentissage et qualification variable ; soins avancés et thérapie magique exigent formation.";0;0;0
Marchand;Marchand;1.2813153973509932;3.2032884933774834;320.3288493377483;A — activité attestée;"MJ128; SB139";"Ville et campus distincts par fonctions : enseignants permanents minoritaires, supports de livres/labos, logements et ravitaillement nombreux. Aucun instructeur d’archerie ou arts martiaux ajouté sans établissement attesté. activité/institution locale Budget civil 18,00 % ; coefficient 22,500000 ; part de filière 18,626 %. Réseau, itinéraires, confiance et capital ; manutention distincte de propriété du fret.";0.08184457012993174;1.11268884437105;0.08678198285001128
Colporteur;Marchand;0.5125261589403974;1.2813153973509936;128.13153973509935;A — activité attestée;SB121;"Ville et campus distincts par fonctions : enseignants permanents minoritaires, supports de livres/labos, logements et ravitaillement nombreux. Aucun instructeur d’archerie ou arts martiaux ajouté sans établissement attesté. activité/institution locale Budget civil 18,00 % ; coefficient 9,000000 ; part de filière 7,450 %. Réseau, itinéraires, confiance et capital ; manutention distincte de propriété du fret.";0.03273782805197271;0.4450755377484202;0.034712793140004514
Courtier;Marchand;0.5125261589403974;1.2813153973509936;128.13153973509935;A — activité attestée;SB149;"Ville et campus distincts par fonctions : enseignants permanents minoritaires, supports de livres/labos, logements et ravitaillement nombreux. Aucun instructeur d’archerie ou arts martiaux ajouté sans établissement attesté. activité/institution locale Budget civil 18,00 % ; coefficient 9,000000 ; part de filière 7,450 %. Réseau, itinéraires, confiance et capital ; manutention distincte de propriété du fret.";0.03273782805197271;0.4450755377484202;0.034712793140004514
Commissaire-priseur d’objets magiques;Marchand;0;0;0.0;A — activité attestée;SB139;"Ville et campus distincts par fonctions : enseignants permanents minoritaires, supports de livres/labos, logements et ravitaillement nombreux. Aucun instructeur d’archerie ou arts martiaux ajouté sans établissement attesté. activité/institution locale Budget civil 18,00 % ; coefficient 0,000000 ; part de filière 0,000 %. Zéro proposé : Technique de site, institution, secret ou habilitation concentrée dans les implantations autorisées du scénario. Réseau, itinéraires, confiance et capital ; manutention distincte de propriété du fret.";0;0;0
Comptable;Professionnel de finance;0.1423683774834437;0.3559209437086092;35.59209437086092;D — activité déduite;"SB212; SB213";"Ville et campus distincts par fonctions : enseignants permanents minoritaires, supports de livres/labos, logements et ravitaillement nombreux. Aucun instructeur d’archerie ou arts martiaux ajouté sans établissement attesté. activité/institution locale Budget civil 18,00 % ; coefficient 2,500000 ; part de filière 2,070 %. Réseau, itinéraires, confiance et capital ; manutention distincte de propriété du fret.";0.009093841125547975;0.12363209381900558;0.009642442538890142
Banquier et employé de banque;Professionnel de finance;0.011389470198675497;0.02847367549668874;2.847367549668874;A — activité attestée;"SB212; SB213";"Ville et campus distincts par fonctions : enseignants permanents minoritaires, supports de livres/labos, logements et ravitaillement nombreux. Aucun instructeur d’archerie ou arts martiaux ajouté sans établissement attesté. activité/institution locale Budget civil 18,00 % ; coefficient 0,200000 ; part de filière 0,166 %. Réseau, itinéraires, confiance et capital ; manutention distincte de propriété du fret.";0.0007275072900438378;0.009890567505520448;0.0007713954031112112
Usurier et prêteur sur gages;Professionnel de finance;0.1423683774834437;0.3559209437086092;35.59209437086092;D — activité déduite;"SB212; SB213";"Ville et campus distincts par fonctions : enseignants permanents minoritaires, supports de livres/labos, logements et ravitaillement nombreux. Aucun instructeur d’archerie ou arts martiaux ajouté sans établissement attesté. activité/institution locale Budget civil 18,00 % ; coefficient 2,500000 ; part de filière 2,070 %. Réseau, itinéraires, confiance et capital ; manutention distincte de propriété du fret.";0.009093841125547975;0.12363209381900558;0.009642442538890142
Changeur;Professionnel de finance;0.1423683774834437;0.3559209437086092;35.59209437086092;D — activité déduite;"SB212; SB213";"Ville et campus distincts par fonctions : enseignants permanents minoritaires, supports de livres/labos, logements et ravitaillement nombreux. Aucun instructeur d’archerie ou arts martiaux ajouté sans établissement attesté. activité/institution locale Budget civil 18,00 % ; coefficient 2,500000 ; part de filière 2,070 %. Réseau, itinéraires, confiance et capital ; manutention distincte de propriété du fret.";0.009093841125547975;0.12363209381900558;0.009642442538890142
Assureur;Professionnel de finance;0.011389470198675497;0.02847367549668874;2.847367549668874;D — activité déduite;"SB212; SB213";"Ville et campus distincts par fonctions : enseignants permanents minoritaires, supports de livres/labos, logements et ravitaillement nombreux. Aucun instructeur d’archerie ou arts martiaux ajouté sans établissement attesté. activité/institution locale Budget civil 18,00 % ; coefficient 0,200000 ; part de filière 0,166 %. Réseau, itinéraires, confiance et capital ; manutention distincte de propriété du fret.";0.0007275072900438378;0.009890567505520448;0.0007713954031112112
Estimateur;Professionnel de finance;0.011389470198675497;0.02847367549668874;2.847367549668874;A — activité attestée;"SB212; SB213";"Ville et campus distincts par fonctions : enseignants permanents minoritaires, supports de livres/labos, logements et ravitaillement nombreux. Aucun instructeur d’archerie ou arts martiaux ajouté sans établissement attesté. activité/institution locale Budget civil 18,00 % ; coefficient 0,200000 ; part de filière 0,166 %. Réseau, itinéraires, confiance et capital ; manutention distincte de propriété du fret.";0.0007275072900438378;0.009890567505520448;0.0007713954031112112
Négociateur;Professionnel de finance;0.011389470198675497;0.02847367549668874;2.847367549668874;A — activité attestée;"SB212; SB213";"Ville et campus distincts par fonctions : enseignants permanents minoritaires, supports de livres/labos, logements et ravitaillement nombreux. Aucun instructeur d’archerie ou arts martiaux ajouté sans établissement attesté. activité/institution locale Budget civil 18,00 % ; coefficient 0,200000 ; part de filière 0,166 %. Réseau, itinéraires, confiance et capital ; manutention distincte de propriété du fret.";0.0007275072900438378;0.009890567505520448;0.0007713954031112112
Scribe;Scribe et auteur;0.09644921135646688;0.24112302839116717;24.11230283911672;A — activité attestée;"MJ128; SB32";"Ville et campus distincts par fonctions : enseignants permanents minoritaires, supports de livres/labos, logements et ravitaillement nombreux. Aucun instructeur d’archerie ou arts martiaux ajouté sans établissement attesté. activité/institution locale Budget civil 12,00 % ; coefficient 2,000000 ; part de filière 2,103 %. Instruction, autorisation ou initiation ; clergé, caste et office ne rendent pas noble.";0.006542294691945659;0.08894344864612636;0.0009634680183948661
Calligraphe;Scribe et auteur;0.09644921135646688;0.24112302839116717;24.11230283911672;A — activité attestée;"MJ128; SB32";"Ville et campus distincts par fonctions : enseignants permanents minoritaires, supports de livres/labos, logements et ravitaillement nombreux. Aucun instructeur d’archerie ou arts martiaux ajouté sans établissement attesté. activité/institution locale Budget civil 12,00 % ; coefficient 2,000000 ; part de filière 2,103 %. Instruction, autorisation ou initiation ; clergé, caste et office ne rendent pas noble.";0.006542294691945659;0.08894344864612636;0.0009634680183948661
Écrivain;Scribe et auteur;0.018675723221266618;0.046689308053166546;4.668930805316654;A — activité attestée;"MJ128; SB32";"Ville et campus distincts par fonctions : enseignants permanents minoritaires, supports de livres/labos, logements et ravitaillement nombreux. Aucun instructeur d’archerie ou arts martiaux ajouté sans établissement attesté. activité/institution locale Budget civil 5,00 % ; coefficient 2,000000 ; part de filière 0,977 %. Long apprentissage, frais, bourses, talent, licence ou secret ; titre ne donne pas maîtrise.";0.0020300801564058753;0.016559541137249573;8.610192761116761e-05
Journaliste et rédacteur;Scribe et auteur;0.018675723221266618;0.046689308053166546;4.668930805316654;A — activité attestée;CC9;"Ville et campus distincts par fonctions : enseignants permanents minoritaires, supports de livres/labos, logements et ravitaillement nombreux. Aucun instructeur d’archerie ou arts martiaux ajouté sans établissement attesté. activité/institution locale Budget civil 5,00 % ; coefficient 2,000000 ; part de filière 0,977 %. Long apprentissage, frais, bourses, talent, licence ou secret ; titre ne donne pas maîtrise.";0.0020300801564058753;0.016559541137249573;8.610192761116761e-05
Traducteur;Scribe et auteur;0.09644921135646688;0.24112302839116717;24.11230283911672;D — activité déduite;SB198;"Ville et campus distincts par fonctions : enseignants permanents minoritaires, supports de livres/labos, logements et ravitaillement nombreux. Aucun instructeur d’archerie ou arts martiaux ajouté sans établissement attesté. activité/institution locale Budget civil 12,00 % ; coefficient 2,000000 ; part de filière 2,103 %. Instruction, autorisation ou initiation ; clergé, caste et office ne rendent pas noble.";0.006542294691945659;0.08894344864612636;0.0009634680183948661
Bibliothécaire;Érudit;0.47018990536277605;1.17547476340694;117.547476340694;A — activité attestée;MJ138;"Ville et campus distincts par fonctions : enseignants permanents minoritaires, supports de livres/labos, logements et ravitaillement nombreux. Aucun instructeur d’archerie ou arts martiaux ajouté sans établissement attesté. activité/institution locale Budget civil 12,00 % ; coefficient 9,750000 ; part de filière 10,252 %. Instruction, autorisation ou initiation ; clergé, caste et office ne rendent pas noble.";0.031893686623235086;0.43359931214986597;0.004696906589674973
Conservateur de musée;Érudit;0.47018990536277605;1.17547476340694;117.547476340694;A — activité attestée;PG48;"Ville et campus distincts par fonctions : enseignants permanents minoritaires, supports de livres/labos, logements et ravitaillement nombreux. Aucun instructeur d’archerie ou arts martiaux ajouté sans établissement attesté. activité/institution locale Budget civil 12,00 % ; coefficient 9,750000 ; part de filière 10,252 %. Instruction, autorisation ou initiation ; clergé, caste et office ne rendent pas noble.";0.031893686623235086;0.43359931214986597;0.004696906589674973
Historien;Érudit;0.09104415070367473;0.22761037675918683;22.761037675918683;A — activité attestée;PG46;"Ville et campus distincts par fonctions : enseignants permanents minoritaires, supports de livres/labos, logements et ravitaillement nombreux. Aucun instructeur d’archerie ou arts martiaux ajouté sans établissement attesté. activité/institution locale Budget civil 5,00 % ; coefficient 9,750000 ; part de filière 4,764 %. Long apprentissage, frais, bourses, talent, licence ou secret ; titre ne donne pas maîtrise.";0.009896640762478643;0.08072776304409165;0.00041974689710444236
Astronome;Érudit;0.09104415070367473;0.22761037675918683;22.761037675918683;A — activité attestée;MJ138;"Ville et campus distincts par fonctions : enseignants permanents minoritaires, supports de livres/labos, logements et ravitaillement nombreux. Aucun instructeur d’archerie ou arts martiaux ajouté sans établissement attesté. activité/institution locale Budget civil 5,00 % ; coefficient 9,750000 ; part de filière 4,764 %. Long apprentissage, frais, bourses, talent, licence ou secret ; titre ne donne pas maîtrise.";0.009896640762478643;0.08072776304409165;0.00041974689710444236
Chercheur non arcanique;Érudit;0.09104415070367473;0.22761037675918683;22.761037675918683;A — activité attestée;"MJ138; PG46";"Ville et campus distincts par fonctions : enseignants permanents minoritaires, supports de livres/labos, logements et ravitaillement nombreux. Aucun instructeur d’archerie ou arts martiaux ajouté sans établissement attesté. activité/institution locale Budget civil 5,00 % ; coefficient 9,750000 ; part de filière 4,764 %. Long apprentissage, frais, bourses, talent, licence ou secret ; titre ne donne pas maîtrise.";0.009896640762478643;0.08072776304409165;0.00041974689710444236
Mathématicien;Érudit;0.06373090549257232;0.1593272637314308;15.93272637314308;A — activité attestée;SB174;"Ville et campus distincts par fonctions : enseignants permanents minoritaires, supports de livres/labos, logements et ravitaillement nombreux. Aucun instructeur d’archerie ou arts martiaux ajouté sans établissement attesté. activité/institution locale Budget civil 5,00 % ; coefficient 6,825000 ; part de filière 3,335 %. Long apprentissage, frais, bourses, talent, licence ou secret ; titre ne donne pas maîtrise.";0.006927648533735049;0.056509434130864164;0.00029382282797310946
Philosophe;Érudit;0.06373090549257232;0.1593272637314308;15.93272637314308;A — activité attestée;SB178;"Ville et campus distincts par fonctions : enseignants permanents minoritaires, supports de livres/labos, logements et ravitaillement nombreux. Aucun instructeur d’archerie ou arts martiaux ajouté sans établissement attesté. activité/institution locale Budget civil 5,00 % ; coefficient 6,825000 ; part de filière 3,335 %. Long apprentissage, frais, bourses, talent, licence ou secret ; titre ne donne pas maîtrise.";0.006927648533735049;0.056509434130864164;0.00029382282797310946
Archéologue;Érudit;0.09104415070367473;0.22761037675918683;22.761037675918683;D — activité déduite;PG48;"Ville et campus distincts par fonctions : enseignants permanents minoritaires, supports de livres/labos, logements et ravitaillement nombreux. Aucun instructeur d’archerie ou arts martiaux ajouté sans établissement attesté. activité/institution locale Budget civil 5,00 % ; coefficient 9,750000 ; part de filière 4,764 %. Long apprentissage, frais, bourses, talent, licence ou secret ; titre ne donne pas maîtrise.";0.009896640762478643;0.08072776304409165;0.00041974689710444236
Professeur;Enseignant;1.4756729337539432;3.6891823343848578;368.91823343848574;A — activité attestée;"MJ138; SB141";"Ville et campus distincts par fonctions : enseignants permanents minoritaires, supports de livres/labos, logements et ravitaillement nombreux. Aucun instructeur d’archerie ou arts martiaux ajouté sans établissement attesté. activité/institution locale Budget civil 12,00 % ; coefficient 30,600000 ; part de filière 32,177 %. Instruction, autorisation ou initiation ; clergé, caste et office ne rendent pas noble.";0.10009710878676858;1.360834764285733;0.014741060681441452
Enseignant de magie arcanique;Enseignant;0.22859085222830336;0.5714771305707583;57.14771305707584;A — activité attestée;SB141;"Ville et campus distincts par fonctions : enseignants permanents minoritaires, supports de livres/labos, logements et ravitaillement nombreux. Aucun instructeur d’archerie ou arts martiaux ajouté sans établissement attesté. activité/institution locale Budget civil 5,00 % ; coefficient 24,480000 ; part de filière 11,962 %. Long apprentissage, frais, bourses, talent, licence ou secret ; titre ne donne pas maîtrise.";0.024848181114407907;0.20268878351993477;0.001053887593960692
Instructeur martial;Enseignant;0;0;0.0;A — activité attestée;SB94;"Ville et campus distincts par fonctions : enseignants permanents minoritaires, supports de livres/labos, logements et ravitaillement nombreux. Aucun instructeur d’archerie ou arts martiaux ajouté sans établissement attesté. activité/institution locale Budget civil 12,00 % ; coefficient 0,000000 ; part de filière 0,000 %. Zéro proposé : Technique de site, institution, secret ou habilitation concentrée dans les implantations autorisées du scénario. Instruction, autorisation ou initiation ; clergé, caste et office ne rendent pas noble.";0;0;0
Formateur de tir à l’arc;Enseignant;0;0;0.0;A — activité attestée;SB155;"Ville et campus distincts par fonctions : enseignants permanents minoritaires, supports de livres/labos, logements et ravitaillement nombreux. Aucun instructeur d’archerie ou arts martiaux ajouté sans établissement attesté. activité/institution locale Budget civil 12,00 % ; coefficient 0,000000 ; part de filière 0,000 %. Zéro proposé : Technique de site, institution, secret ou habilitation concentrée dans les implantations autorisées du scénario. Instruction, autorisation ou initiation ; clergé, caste et office ne rendent pas noble.";0;0;0
Ingénieur;Ingénieur;0.05602716966379985;0.14006792415949965;14.006792415949963;A — activité attestée;SB174;"Ville et campus distincts par fonctions : enseignants permanents minoritaires, supports de livres/labos, logements et ravitaillement nombreux. Aucun instructeur d’archerie ou arts martiaux ajouté sans établissement attesté. activité/institution locale Budget civil 5,00 % ; coefficient 6,000000 ; part de filière 2,932 %. Long apprentissage, frais, bourses, talent, licence ou secret ; titre ne donne pas maîtrise.";0.006090240469217624;0.049678623411748724;0.00025830578283350284
Inventeur;Ingénieur;0.013446520719311959;0.033616301798279895;3.3616301798279897;A — activité attestée;SB178;"Ville et campus distincts par fonctions : enseignants permanents minoritaires, supports de livres/labos, logements et ravitaillement nombreux. Aucun instructeur d’archerie ou arts martiaux ajouté sans établissement attesté. activité/institution locale Budget civil 5,00 % ; coefficient 1,440000 ; part de filière 0,704 %. Long apprentissage, frais, bourses, talent, licence ou secret ; titre ne donne pas maîtrise.";0.00146165771261223;0.011922869618819689;6.199338788004066e-05
Ingénieur mystique;Ingénieur;0.022410867865519938;0.05602716966379985;5.602716966379985;A — activité attestée;SB174;"Ville et campus distincts par fonctions : enseignants permanents minoritaires, supports de livres/labos, logements et ravitaillement nombreux. Aucun instructeur d’archerie ou arts martiaux ajouté sans établissement attesté. activité/institution locale Budget civil 5,00 % ; coefficient 2,400000 ; part de filière 1,173 %. Long apprentissage, frais, bourses, talent, licence ou secret ; titre ne donne pas maîtrise.";0.00243609618768705;0.019871449364699485;0.00010332231313340114
Créateur et mainteneur de golems;Ingénieur;0.022410867865519938;0.05602716966379985;5.602716966379985;D — activité déduite;SB174;"Ville et campus distincts par fonctions : enseignants permanents minoritaires, supports de livres/labos, logements et ravitaillement nombreux. Aucun instructeur d’archerie ou arts martiaux ajouté sans établissement attesté. activité/institution locale Budget civil 5,00 % ; coefficient 2,400000 ; part de filière 1,173 %. Long apprentissage, frais, bourses, talent, licence ou secret ; titre ne donne pas maîtrise.";0.00243609618768705;0.019871449364699485;0.00010332231313340114
Chercheur en golems;Ingénieur;0.017928694292415948;0.04482173573103987;4.482173573103987;A — activité attestée;SB178;"Ville et campus distincts par fonctions : enseignants permanents minoritaires, supports de livres/labos, logements et ravitaillement nombreux. Aucun instructeur d’archerie ou arts martiaux ajouté sans établissement attesté. activité/institution locale Budget civil 5,00 % ; coefficient 1,920000 ; part de filière 0,938 %. Long apprentissage, frais, bourses, talent, licence ou secret ; titre ne donne pas maîtrise.";0.0019488769501496395;0.01589715949175959;8.26578505067209e-05
Ingénieur de réacteurs de bauronite;Ingénieur;0;0;0.0;D — activité déduite;SB174;"Ville et campus distincts par fonctions : enseignants permanents minoritaires, supports de livres/labos, logements et ravitaillement nombreux. Aucun instructeur d’archerie ou arts martiaux ajouté sans établissement attesté. activité/institution locale Accès aux secrets des réacteurs; savoir détenu par un petit nombre Budget civil 5,00 % ; coefficient 0,000000 ; part de filière 0,000 %. Zéro proposé : Filière régionale non retenue dans ce scénario, sans interdiction universelle. Long apprentissage, frais, bourses, talent, licence ou secret ; titre ne donne pas maîtrise.";0;0;0
Technicien de communication runique;Ingénieur;0;0;0.0;D — activité déduite;SB174;"Ville et campus distincts par fonctions : enseignants permanents minoritaires, supports de livres/labos, logements et ravitaillement nombreux. Aucun instructeur d’archerie ou arts martiaux ajouté sans établissement attesté. activité/institution locale Budget civil 5,00 % ; coefficient 0,000000 ; part de filière 0,000 %. Zéro proposé : Filière régionale non retenue dans ce scénario, sans interdiction universelle. Long apprentissage, frais, bourses, talent, licence ou secret ; titre ne donne pas maîtrise.";0;0;0
Chercheur en magie;Praticien des services arcaniques;0.1307300625488663;0.32682515637216575;32.682515637216575;A — activité attestée;"SB138; SB139";"Ville et campus distincts par fonctions : enseignants permanents minoritaires, supports de livres/labos, logements et ravitaillement nombreux. Aucun instructeur d’archerie ou arts martiaux ajouté sans établissement attesté. activité/institution locale Budget civil 5,00 % ; coefficient 14,000000 ; part de filière 6,841 %. Long apprentissage, frais, bourses, talent, licence ou secret ; titre ne donne pas maîtrise.";0.014210561094841121;0.11591678796074699;0.0006027134932781731
Fabricant d’objets magiques;Praticien des services arcaniques;0.1307300625488663;0.32682515637216575;32.682515637216575;A — activité attestée;SB138;"Ville et campus distincts par fonctions : enseignants permanents minoritaires, supports de livres/labos, logements et ravitaillement nombreux. Aucun instructeur d’archerie ou arts martiaux ajouté sans établissement attesté. activité/institution locale Budget civil 5,00 % ; coefficient 14,000000 ; part de filière 6,841 %. Long apprentissage, frais, bourses, talent, licence ou secret ; titre ne donne pas maîtrise.";0.014210561094841121;0.11591678796074699;0.0006027134932781731
Fabricant de parchemins magiques;Praticien des services arcaniques;0.1307300625488663;0.32682515637216575;32.682515637216575;A — activité attestée;SB138;"Ville et campus distincts par fonctions : enseignants permanents minoritaires, supports de livres/labos, logements et ravitaillement nombreux. Aucun instructeur d’archerie ou arts martiaux ajouté sans établissement attesté. activité/institution locale Budget civil 5,00 % ; coefficient 14,000000 ; part de filière 6,841 %. Long apprentissage, frais, bourses, talent, licence ou secret ; titre ne donne pas maîtrise.";0.014210561094841121;0.11591678796074699;0.0006027134932781731
Nécromancien de service;Praticien des services arcaniques;0.1307300625488663;0.32682515637216575;32.682515637216575;D — activité déduite;"SB108; SB170";"Ville et campus distincts par fonctions : enseignants permanents minoritaires, supports de livres/labos, logements et ravitaillement nombreux. Aucun instructeur d’archerie ou arts martiaux ajouté sans établissement attesté. activité/institution locale Budget civil 5,00 % ; coefficient 14,000000 ; part de filière 6,841 %. Long apprentissage, frais, bourses, talent, licence ou secret ; titre ne donne pas maîtrise.";0.014210561094841121;0.11591678796074699;0.0006027134932781731
Illusionniste de service;Praticien des services arcaniques;0.1307300625488663;0.32682515637216575;32.682515637216575;D — activité déduite;"SB107; SB142";"Ville et campus distincts par fonctions : enseignants permanents minoritaires, supports de livres/labos, logements et ravitaillement nombreux. Aucun instructeur d’archerie ou arts martiaux ajouté sans établissement attesté. activité/institution locale Budget civil 5,00 % ; coefficient 14,000000 ; part de filière 6,841 %. Long apprentissage, frais, bourses, talent, licence ou secret ; titre ne donne pas maîtrise.";0.014210561094841121;0.11591678796074699;0.0006027134932781731
Chercheur en aethermancy;Praticien des services arcaniques;0.01960950938232995;0.04902377345582488;4.9023773455824875;A — activité attestée;SB140;"Ville et campus distincts par fonctions : enseignants permanents minoritaires, supports de livres/labos, logements et ravitaillement nombreux. Aucun instructeur d’archerie ou arts martiaux ajouté sans établissement attesté. activité/institution locale Budget civil 5,00 % ; coefficient 2,100000 ; part de filière 1,026 %. Long apprentissage, frais, bourses, talent, licence ou secret ; titre ne donne pas maîtrise.";0.0021315841642261684;0.017387518194112054;9.040702399172598e-05
Chercheur en biomancy;Praticien des services arcaniques;0;0;0.0;A — activité attestée;SB140;"Ville et campus distincts par fonctions : enseignants permanents minoritaires, supports de livres/labos, logements et ravitaillement nombreux. Aucun instructeur d’archerie ou arts martiaux ajouté sans établissement attesté. activité/institution locale Budget civil 5,00 % ; coefficient 0,000000 ; part de filière 0,000 %. Zéro proposé : Technique de site, institution, secret ou habilitation concentrée dans les implantations autorisées du scénario. Long apprentissage, frais, bourses, talent, licence ou secret ; titre ne donne pas maîtrise.";0;0;0
Désenchanteur et récupérateur arcanique;Praticien des services arcaniques;0;0;0.0;A — activité attestée;SB139;"Ville et campus distincts par fonctions : enseignants permanents minoritaires, supports de livres/labos, logements et ravitaillement nombreux. Aucun instructeur d’archerie ou arts martiaux ajouté sans établissement attesté. activité/institution locale Budget civil 5,00 % ; coefficient 0,000000 ; part de filière 0,000 %. Zéro proposé : Technique de site, institution, secret ou habilitation concentrée dans les implantations autorisées du scénario. Long apprentissage, frais, bourses, talent, licence ou secret ; titre ne donne pas maîtrise.";0;0;0
Extracteur de mémoire;Praticien des services arcaniques;0;0;0.0;A — activité attestée;SB140;"Ville et campus distincts par fonctions : enseignants permanents minoritaires, supports de livres/labos, logements et ravitaillement nombreux. Aucun instructeur d’archerie ou arts martiaux ajouté sans établissement attesté. activité/institution locale Budget civil 5,00 % ; coefficient 0,000000 ; part de filière 0,000 %. Zéro proposé : Technique de site, institution, secret ou habilitation concentrée dans les implantations autorisées du scénario. Long apprentissage, frais, bourses, talent, licence ou secret ; titre ne donne pas maîtrise.";0;0;0
Certificateur et inspecteur arcanique;Praticien des services arcaniques;0;0;0.0;A — activité attestée;SB139;"Ville et campus distincts par fonctions : enseignants permanents minoritaires, supports de livres/labos, logements et ravitaillement nombreux. Aucun instructeur d’archerie ou arts martiaux ajouté sans établissement attesté. activité/institution locale Budget civil 5,00 % ; coefficient 0,000000 ; part de filière 0,000 %. Zéro proposé : Technique de site, institution, secret ou habilitation concentrée dans les implantations autorisées du scénario. Long apprentissage, frais, bourses, talent, licence ou secret ; titre ne donne pas maîtrise.";0;0;0
Opérateur de transport magique;Praticien des services arcaniques;0.1307300625488663;0.32682515637216575;32.682515637216575;D — activité déduite;SB142;"Ville et campus distincts par fonctions : enseignants permanents minoritaires, supports de livres/labos, logements et ravitaillement nombreux. Aucun instructeur d’archerie ou arts martiaux ajouté sans établissement attesté. activité/institution locale Budget civil 5,00 % ; coefficient 14,000000 ; part de filière 6,841 %. Long apprentissage, frais, bourses, talent, licence ou secret ; titre ne donne pas maîtrise.";0.014210561094841121;0.11591678796074699;0.0006027134932781731
Restaurateur de runes de tunnels;Praticien des services arcaniques;0;0;0.0;A — activité attestée;SB161;"Ville et campus distincts par fonctions : enseignants permanents minoritaires, supports de livres/labos, logements et ravitaillement nombreux. Aucun instructeur d’archerie ou arts martiaux ajouté sans établissement attesté. activité/institution locale Budget civil 5,00 % ; coefficient 0,000000 ; part de filière 0,000 %. Zéro proposé : Filière régionale non retenue dans ce scénario, sans interdiction universelle. Long apprentissage, frais, bourses, talent, licence ou secret ; titre ne donne pas maîtrise.";0;0;0
Artificier psychique;Praticien des services arcaniques;0;0;0.0;A — activité attestée;PG8;"Ville et campus distincts par fonctions : enseignants permanents minoritaires, supports de livres/labos, logements et ravitaillement nombreux. Aucun instructeur d’archerie ou arts martiaux ajouté sans établissement attesté. activité/institution locale Budget civil 5,00 % ; coefficient 0,000000 ; part de filière 0,000 %. Zéro proposé : Filière régionale non retenue dans ce scénario, sans interdiction universelle. Long apprentissage, frais, bourses, talent, licence ou secret ; titre ne donne pas maîtrise.";0;0;0
Guérisseur;Soigneur;0.2329239809835554;0.5823099524588885;58.230995245888856;A — activité attestée;"MJ141; PG36";"Ville et campus distincts par fonctions : enseignants permanents minoritaires, supports de livres/labos, logements et ravitaillement nombreux. Aucun instructeur d’archerie ou arts martiaux ajouté sans établissement attesté. activité/institution locale Budget civil 23,00 % ; coefficient 1,700000 ; part de filière 2,650 %. Apprentissage et qualification variable ; soins avancés et thérapie magique exigent formation.";0.0010719120458527317;0.21859200439451543;0.013260064543187244
Chirurgien;Soigneur;0.034938597147533314;0.08734649286883328;8.734649286883329;P — activité proposée;"MJ141; PG36";"Ville et campus distincts par fonctions : enseignants permanents minoritaires, supports de livres/labos, logements et ravitaillement nombreux. Aucun instructeur d’archerie ou arts martiaux ajouté sans établissement attesté. activité/institution locale Budget civil 23,00 % ; coefficient 0,255000 ; part de filière 0,397 %. Apprentissage et qualification variable ; soins avancés et thérapie magique exigent formation.";0.0001607868068779097;0.03278880065917732;0.0019890096814780866
Praticien de psychosurgery;Soigneur;0;0;0.0;D — activité déduite;SB94;"Ville et campus distincts par fonctions : enseignants permanents minoritaires, supports de livres/labos, logements et ravitaillement nombreux. Aucun instructeur d’archerie ou arts martiaux ajouté sans établissement attesté. activité/institution locale Budget civil 23,00 % ; coefficient 0,000000 ; part de filière 0,000 %. Zéro proposé : Filière régionale non retenue dans ce scénario, sans interdiction universelle. Apprentissage et qualification variable ; soins avancés et thérapie magique exigent formation.";0;0;0
Opérateur de thérapie onirique;Soigneur;0;0;0.0;D — activité déduite;"SB141; SB228";"Ville et campus distincts par fonctions : enseignants permanents minoritaires, supports de livres/labos, logements et ravitaillement nombreux. Aucun instructeur d’archerie ou arts martiaux ajouté sans établissement attesté. activité/institution locale Budget civil 23,00 % ; coefficient 0,000000 ; part de filière 0,000 %. Zéro proposé : Technique de site, institution, secret ou habilitation concentrée dans les implantations autorisées du scénario. Apprentissage et qualification variable ; soins avancés et thérapie magique exigent formation.";0;0;0
Prêtre et officiant;Officiant religieux;0.04822460567823344;0.12056151419558359;12.05615141955836;A — activité attestée;"MJ127; SB182";"Ville et campus distincts par fonctions : enseignants permanents minoritaires, supports de livres/labos, logements et ravitaillement nombreux. Aucun instructeur d’archerie ou arts martiaux ajouté sans établissement attesté. activité/institution locale Budget civil 12,00 % ; coefficient 1,000000 ; part de filière 1,052 %. Instruction, autorisation ou initiation ; clergé, caste et office ne rendent pas noble.";0.0032711473459728297;0.04447172432306318;0.00048173400919743306
Acolyte;Officiant religieux;0.04822460567823344;0.12056151419558359;12.05615141955836;A — activité attestée;"MJ127; SB182";"Ville et campus distincts par fonctions : enseignants permanents minoritaires, supports de livres/labos, logements et ravitaillement nombreux. Aucun instructeur d’archerie ou arts martiaux ajouté sans établissement attesté. activité/institution locale Budget civil 12,00 % ; coefficient 1,000000 ; part de filière 1,052 %. Instruction, autorisation ou initiation ; clergé, caste et office ne rendent pas noble.";0.0032711473459728297;0.04447172432306318;0.00048173400919743306
Shaman;Officiant religieux;0.04822460567823344;0.12056151419558359;12.05615141955836;A — activité attestée;"SB129; SB191";"Ville et campus distincts par fonctions : enseignants permanents minoritaires, supports de livres/labos, logements et ravitaillement nombreux. Aucun instructeur d’archerie ou arts martiaux ajouté sans établissement attesté. activité/institution locale Budget civil 12,00 % ; coefficient 1,000000 ; part de filière 1,052 %. Instruction, autorisation ou initiation ; clergé, caste et office ne rendent pas noble.";0.0032711473459728297;0.04447172432306318;0.00048173400919743306
Sugenja;Officiant religieux;0;0;0.0;A — activité attestée;SB198;"Ville et campus distincts par fonctions : enseignants permanents minoritaires, supports de livres/labos, logements et ravitaillement nombreux. Aucun instructeur d’archerie ou arts martiaux ajouté sans établissement attesté. activité/institution locale Budget civil 12,00 % ; coefficient 0,000000 ; part de filière 0,000 %. Zéro proposé : Filière régionale non retenue dans ce scénario, sans interdiction universelle. Instruction, autorisation ou initiation ; clergé, caste et office ne rendent pas noble.";0;0;0
Gardien et officiant druidique;Officiant religieux;0.04822460567823344;0.12056151419558359;12.05615141955836;A — activité attestée;SB153;"Ville et campus distincts par fonctions : enseignants permanents minoritaires, supports de livres/labos, logements et ravitaillement nombreux. Aucun instructeur d’archerie ou arts martiaux ajouté sans établissement attesté. activité/institution locale Budget civil 12,00 % ; coefficient 1,000000 ; part de filière 1,052 %. Instruction, autorisation ou initiation ; clergé, caste et office ne rendent pas noble.";0.0032711473459728297;0.04447172432306318;0.00048173400919743306
Gardien-purificateur de Mother Tree;Officiant religieux;0;0;0.0;A — activité attestée;SB153;"Ville et campus distincts par fonctions : enseignants permanents minoritaires, supports de livres/labos, logements et ravitaillement nombreux. Aucun instructeur d’archerie ou arts martiaux ajouté sans établissement attesté. activité/institution locale Budget civil 12,00 % ; coefficient 0,000000 ; part de filière 0,000 %. Zéro proposé : Filière régionale non retenue dans ce scénario, sans interdiction universelle. Instruction, autorisation ou initiation ; clergé, caste et office ne rendent pas noble.";0;0;0
Officiant des rites Ba-Akhu;Officiant religieux;0;0;0.0;A — activité attestée;SB184;"Ville et campus distincts par fonctions : enseignants permanents minoritaires, supports de livres/labos, logements et ravitaillement nombreux. Aucun instructeur d’archerie ou arts martiaux ajouté sans établissement attesté. activité/institution locale Budget civil 12,00 % ; coefficient 0,000000 ; part de filière 0,000 %. Zéro proposé : Filière régionale non retenue dans ce scénario, sans interdiction universelle. Instruction, autorisation ou initiation ; clergé, caste et office ne rendent pas noble.";0;0;0
Garde et sentinelle;Garde et surveillant;0.06257918128654971;0.15644795321637428;15.644795321637428;A — activité attestée;"MJ140; SB90";"Ville et campus distincts par fonctions : enseignants permanents minoritaires, supports de livres/labos, logements et ravitaillement nombreux. Aucun instructeur d’archerie ou arts martiaux ajouté sans établissement attesté. activité/institution locale Budget civil 2,00 % ; coefficient 7,000000 ; part de filière 8,187 %. Entraînement, loyauté, armes et habilitations ; aucun métier verrouillé par naissance sauf source explicite.";0.0020258829292067186;0.059018942815757605;0.0015343555415853838
Garde du corps;Garde et surveillant;0.06257918128654971;0.15644795321637428;15.644795321637428;A — activité attestée;"MJ140; SB90";"Ville et campus distincts par fonctions : enseignants permanents minoritaires, supports de livres/labos, logements et ravitaillement nombreux. Aucun instructeur d’archerie ou arts martiaux ajouté sans établissement attesté. activité/institution locale Budget civil 2,00 % ; coefficient 7,000000 ; part de filière 8,187 %. Entraînement, loyauté, armes et habilitations ; aucun métier verrouillé par naissance sauf source explicite.";0.0020258829292067186;0.059018942815757605;0.0015343555415853838
Soldat;Combattant professionnel;0.5819999999999999;1.4549999999999996;145.49999999999997;A — activité attestée;"MJ140; SB90";"Ville et campus distincts par fonctions : enseignants permanents minoritaires, supports de livres/labos, logements et ravitaillement nombreux. Aucun instructeur d’archerie ou arts martiaux ajouté sans établissement attesté. activité/institution locale Garnison incluse dans les résidents par convention proposée, comptée une seule fois. Entraînement, loyauté, armes et habilitations ; aucun métier verrouillé par naissance sauf source explicite.";0.018841151970323548;0.5488890076954975;0.014269840334178786
Mercenaire;Combattant professionnel;0.06257918128654971;0.15644795321637428;15.644795321637428;A — activité attestée;"MJ140; SB90";"Ville et campus distincts par fonctions : enseignants permanents minoritaires, supports de livres/labos, logements et ravitaillement nombreux. Aucun instructeur d’archerie ou arts martiaux ajouté sans établissement attesté. activité/institution locale Budget civil 2,00 % ; coefficient 7,000000 ; part de filière 8,187 %. Entraînement, loyauté, armes et habilitations ; aucun métier verrouillé par naissance sauf source explicite.";0.0020258829292067186;0.059018942815757605;0.0015343555415853838
Éclaireur;Combattant professionnel;0.06257918128654971;0.15644795321637428;15.644795321637428;A — activité attestée;"MJ140; SB90";"Ville et campus distincts par fonctions : enseignants permanents minoritaires, supports de livres/labos, logements et ravitaillement nombreux. Aucun instructeur d’archerie ou arts martiaux ajouté sans établissement attesté. activité/institution locale Budget civil 2,00 % ; coefficient 7,000000 ; part de filière 8,187 %. Entraînement, loyauté, armes et habilitations ; aucun métier verrouillé par naissance sauf source explicite.";0.0020258829292067186;0.059018942815757605;0.0015343555415853838
Chasseur de primes;Combattant professionnel;0.06257918128654971;0.15644795321637428;15.644795321637428;A — activité attestée;MJ140;"Ville et campus distincts par fonctions : enseignants permanents minoritaires, supports de livres/labos, logements et ravitaillement nombreux. Aucun instructeur d’archerie ou arts martiaux ajouté sans établissement attesté. activité/institution locale Budget civil 2,00 % ; coefficient 7,000000 ; part de filière 8,187 %. Entraînement, loyauté, armes et habilitations ; aucun métier verrouillé par naissance sauf source explicite.";0.0020258829292067186;0.059018942815757605;0.0015343555415853838
Gladiateur;Combattant professionnel;0.06257918128654971;0.15644795321637428;15.644795321637428;A — activité attestée;MJ130;"Ville et campus distincts par fonctions : enseignants permanents minoritaires, supports de livres/labos, logements et ravitaillement nombreux. Aucun instructeur d’archerie ou arts martiaux ajouté sans établissement attesté. activité/institution locale Budget civil 2,00 % ; coefficient 7,000000 ; part de filière 8,187 %. Entraînement, loyauté, armes et habilitations ; aucun métier verrouillé par naissance sauf source explicite.";0.0020258829292067186;0.059018942815757605;0.0015343555415853838
Champion d’arène;Combattant professionnel;0.06257918128654971;0.15644795321637428;15.644795321637428;A — activité attestée;SB90;"Ville et campus distincts par fonctions : enseignants permanents minoritaires, supports de livres/labos, logements et ravitaillement nombreux. Aucun instructeur d’archerie ou arts martiaux ajouté sans établissement attesté. activité/institution locale Budget civil 2,00 % ; coefficient 7,000000 ; part de filière 8,187 %. Entraînement, loyauté, armes et habilitations ; aucun métier verrouillé par naissance sauf source explicite.";0.0020258829292067186;0.059018942815757605;0.0015343555415853838
Veilleur de nuit;Garde et surveillant;0.06257918128654971;0.15644795321637428;15.644795321637428;P — activité proposée;"MJ140; SB90";"Ville et campus distincts par fonctions : enseignants permanents minoritaires, supports de livres/labos, logements et ravitaillement nombreux. Aucun instructeur d’archerie ou arts martiaux ajouté sans établissement attesté. activité/institution locale Budget civil 2,00 % ; coefficient 7,000000 ; part de filière 8,187 %. Entraînement, loyauté, armes et habilitations ; aucun métier verrouillé par naissance sauf source explicite.";0.0020258829292067186;0.059018942815757605;0.0015343555415853838
Guide;Guide;0.996578642384106;2.491446605960265;249.14466059602648;A — activité attestée;MJ140;"Ville et campus distincts par fonctions : enseignants permanents minoritaires, supports de livres/labos, logements et ravitaillement nombreux. Aucun instructeur d’archerie ou arts martiaux ajouté sans établissement attesté. activité/institution locale Budget civil 18,00 % ; coefficient 17,500000 ; part de filière 14,487 %. Réseau, itinéraires, confiance et capital ; manutention distincte de propriété du fret.";0.0636568878788358;0.8654246567330391;0.06749709777223102
Gardien de domaine;Garde et surveillant;0.06257918128654971;0.15644795321637428;15.644795321637428;A — activité attestée;MJ140;"Ville et campus distincts par fonctions : enseignants permanents minoritaires, supports de livres/labos, logements et ravitaillement nombreux. Aucun instructeur d’archerie ou arts martiaux ajouté sans établissement attesté. activité/institution locale Budget civil 2,00 % ; coefficient 7,000000 ; part de filière 8,187 %. Entraînement, loyauté, armes et habilitations ; aucun métier verrouillé par naissance sauf source explicite.";0.0020258829292067186;0.059018942815757605;0.0015343555415853838
Spellshield;Protecteur et contrôleur arcanique;0.06257918128654971;0.15644795321637428;15.644795321637428;A — activité attestée;SB140;"Ville et campus distincts par fonctions : enseignants permanents minoritaires, supports de livres/labos, logements et ravitaillement nombreux. Aucun instructeur d’archerie ou arts martiaux ajouté sans établissement attesté. activité/institution locale Budget civil 2,00 % ; coefficient 7,000000 ; part de filière 8,187 %. Entraînement, loyauté, armes et habilitations ; aucun métier verrouillé par naissance sauf source explicite.";0.0020258829292067186;0.059018942815757605;0.0015343555415853838
Warden des Arcane Enforcers;Protecteur et contrôleur arcanique;0.06257918128654971;0.15644795321637428;15.644795321637428;A — activité attestée;SB140;"Ville et campus distincts par fonctions : enseignants permanents minoritaires, supports de livres/labos, logements et ravitaillement nombreux. Aucun instructeur d’archerie ou arts martiaux ajouté sans établissement attesté. activité/institution locale Budget civil 2,00 % ; coefficient 7,000000 ; part de filière 8,187 %. Entraînement, loyauté, armes et habilitations ; aucun métier verrouillé par naissance sauf source explicite.";0.0020258829292067186;0.059018942815757605;0.0015343555415853838
Inquisiteur;Garde et surveillant;0;0;0.0;A — activité attestée;SB29;"Ville et campus distincts par fonctions : enseignants permanents minoritaires, supports de livres/labos, logements et ravitaillement nombreux. Aucun instructeur d’archerie ou arts martiaux ajouté sans établissement attesté. activité/institution locale Budget civil 2,00 % ; coefficient 0,000000 ; part de filière 0,000 %. Zéro proposé : Inquisiteur bauronien : aucun établissement de son Église habilité dans ce profil, notamment les ordres cirrus indépendants. Entraînement, loyauté, armes et habilitations ; aucun métier verrouillé par naissance sauf source explicite.";0;0;0
Mage impérial chargé du contrôle;Protecteur et contrôleur arcanique;0;0;0.0;A — activité attestée;SB98;"Ville et campus distincts par fonctions : enseignants permanents minoritaires, supports de livres/labos, logements et ravitaillement nombreux. Aucun instructeur d’archerie ou arts martiaux ajouté sans établissement attesté. activité/institution locale Budget civil 2,00 % ; coefficient 0,000000 ; part de filière 0,000 %. Zéro proposé : Filière régionale non retenue dans ce scénario, sans interdiction universelle. Entraînement, loyauté, armes et habilitations ; aucun métier verrouillé par naissance sauf source explicite.";0;0;0
Chasseur de morts-vivants;Combattant professionnel;0.06257918128654971;0.15644795321637428;15.644795321637428;A — activité attestée;SB210;"Ville et campus distincts par fonctions : enseignants permanents minoritaires, supports de livres/labos, logements et ravitaillement nombreux. Aucun instructeur d’archerie ou arts martiaux ajouté sans établissement attesté. activité/institution locale Budget civil 2,00 % ; coefficient 7,000000 ; part de filière 8,187 %. Entraînement, loyauté, armes et habilitations ; aucun métier verrouillé par naissance sauf source explicite.";0.0020258829292067186;0.059018942815757605;0.0015343555415853838
Détective;Enquêteur et agent de renseignement;0.004469941520467836;0.011174853801169591;1.117485380116959;A — activité attestée;"PG9; BR42";"Ville et campus distincts par fonctions : enseignants permanents minoritaires, supports de livres/labos, logements et ravitaillement nombreux. Aucun instructeur d’archerie ou arts martiaux ajouté sans établissement attesté. activité/institution locale Budget civil 2,00 % ; coefficient 0,500000 ; part de filière 0,585 %. Entraînement, loyauté, armes et habilitations ; aucun métier verrouillé par naissance sauf source explicite.";0.00014470592351476566;0.004215638772554114;0.00010959682439895595
Espion;Enquêteur et agent de renseignement;0.004469941520467836;0.011174853801169591;1.117485380116959;A — activité attestée;"PG9; BR42";"Ville et campus distincts par fonctions : enseignants permanents minoritaires, supports de livres/labos, logements et ravitaillement nombreux. Aucun instructeur d’archerie ou arts martiaux ajouté sans établissement attesté. activité/institution locale Budget civil 2,00 % ; coefficient 0,500000 ; part de filière 0,585 %. Entraînement, loyauté, armes et habilitations ; aucun métier verrouillé par naissance sauf source explicite.";0.00014470592351476566;0.004215638772554114;0.00010959682439895595
Détective arcanique;Enquêteur et agent de renseignement;0.004469941520467836;0.011174853801169591;1.117485380116959;A — activité attestée;SB140;"Ville et campus distincts par fonctions : enseignants permanents minoritaires, supports de livres/labos, logements et ravitaillement nombreux. Aucun instructeur d’archerie ou arts martiaux ajouté sans établissement attesté. activité/institution locale Budget civil 2,00 % ; coefficient 0,500000 ; part de filière 0,585 %. Entraînement, loyauté, armes et habilitations ; aucun métier verrouillé par naissance sauf source explicite.";0.00014470592351476566;0.004215638772554114;0.00010959682439895595
Fonctionnaire;Administrateur et juriste;0.24112302839116717;0.6028075709779179;60.28075709779179;A — activité attestée;"SB90; SB213";"Ville et campus distincts par fonctions : enseignants permanents minoritaires, supports de livres/labos, logements et ravitaillement nombreux. Aucun instructeur d’archerie ou arts martiaux ajouté sans établissement attesté. activité/institution locale Budget civil 12,00 % ; coefficient 5,000000 ; part de filière 5,258 %. Instruction, autorisation ou initiation ; clergé, caste et office ne rendent pas noble.";0.016355736729864137;0.22235862161531586;0.002408670045987165
Percepteur;Administrateur et juriste;0.24112302839116717;0.6028075709779179;60.28075709779179;A — activité attestée;SB132;"Ville et campus distincts par fonctions : enseignants permanents minoritaires, supports de livres/labos, logements et ravitaillement nombreux. Aucun instructeur d’archerie ou arts martiaux ajouté sans établissement attesté. activité/institution locale Budget civil 12,00 % ; coefficient 5,000000 ; part de filière 5,258 %. Instruction, autorisation ou initiation ; clergé, caste et office ne rendent pas noble.";0.016355736729864137;0.22235862161531586;0.002408670045987165
Juge;Administrateur et juriste;0.24112302839116717;0.6028075709779179;60.28075709779179;A — activité attestée;"SB90; SB213";"Ville et campus distincts par fonctions : enseignants permanents minoritaires, supports de livres/labos, logements et ravitaillement nombreux. Aucun instructeur d’archerie ou arts martiaux ajouté sans établissement attesté. activité/institution locale Budget civil 12,00 % ; coefficient 5,000000 ; part de filière 5,258 %. Instruction, autorisation ou initiation ; clergé, caste et office ne rendent pas noble.";0.016355736729864137;0.22235862161531586;0.002408670045987165
Avocat;Administrateur et juriste;0.24112302839116717;0.6028075709779179;60.28075709779179;A — activité attestée;"SB90; SB213";"Ville et campus distincts par fonctions : enseignants permanents minoritaires, supports de livres/labos, logements et ravitaillement nombreux. Aucun instructeur d’archerie ou arts martiaux ajouté sans établissement attesté. activité/institution locale Budget civil 12,00 % ; coefficient 5,000000 ; part de filière 5,258 %. Instruction, autorisation ou initiation ; clergé, caste et office ne rendent pas noble.";0.016355736729864137;0.22235862161531586;0.002408670045987165
Diplomate et émissaire;Administrateur et juriste;0.24112302839116717;0.6028075709779179;60.28075709779179;A — activité attestée;PG46;"Ville et campus distincts par fonctions : enseignants permanents minoritaires, supports de livres/labos, logements et ravitaillement nombreux. Aucun instructeur d’archerie ou arts martiaux ajouté sans établissement attesté. activité/institution locale Budget civil 12,00 % ; coefficient 5,000000 ; part de filière 5,258 %. Instruction, autorisation ou initiation ; clergé, caste et office ne rendent pas noble.";0.016355736729864137;0.22235862161531586;0.002408670045987165
Recruteur et agent de missions;Administrateur et juriste;0.24112302839116717;0.6028075709779179;60.28075709779179;D — activité déduite;SB105;"Ville et campus distincts par fonctions : enseignants permanents minoritaires, supports de livres/labos, logements et ravitaillement nombreux. Aucun instructeur d’archerie ou arts martiaux ajouté sans établissement attesté. activité/institution locale Budget civil 12,00 % ; coefficient 5,000000 ; part de filière 5,258 %. Instruction, autorisation ou initiation ; clergé, caste et office ne rendent pas noble.";0.016355736729864137;0.22235862161531586;0.002408670045987165
Bourreau;Administrateur et juriste;0.24112302839116717;0.6028075709779179;60.28075709779179;A — activité attestée;SB148;"Ville et campus distincts par fonctions : enseignants permanents minoritaires, supports de livres/labos, logements et ravitaillement nombreux. Aucun instructeur d’archerie ou arts martiaux ajouté sans établissement attesté. activité/institution locale Budget civil 12,00 % ; coefficient 5,000000 ; part de filière 5,258 %. Instruction, autorisation ou initiation ; clergé, caste et office ne rendent pas noble.";0.016355736729864137;0.22235862161531586;0.002408670045987165
Acteur et comédien;Artiste du spectacle;0.029857812499999997;0.07464453124999999;7.464453124999999;A — activité attestée;MJ129;"Ville et campus distincts par fonctions : enseignants permanents minoritaires, supports de livres/labos, logements et ravitaillement nombreux. Aucun instructeur d’archerie ou arts martiaux ajouté sans établissement attesté. activité/institution locale Budget civil 1,00 % ; coefficient 1,500000 ; part de filière 7,812 %. Apprentissage, audition et réseau ; accès au mérite notamment Mustardseed.";0.0013730153603860064;0.02799951552484647;0.00048528161476752004
Danseur;Artiste du spectacle;0.029857812499999997;0.07464453124999999;7.464453124999999;A — activité attestée;MJ129;"Ville et campus distincts par fonctions : enseignants permanents minoritaires, supports de livres/labos, logements et ravitaillement nombreux. Aucun instructeur d’archerie ou arts martiaux ajouté sans établissement attesté. activité/institution locale Budget civil 1,00 % ; coefficient 1,500000 ; part de filière 7,812 %. Apprentissage, audition et réseau ; accès au mérite notamment Mustardseed.";0.0013730153603860064;0.02799951552484647;0.00048528161476752004
Musicien;Artiste du spectacle;0.029857812499999997;0.07464453124999999;7.464453124999999;A — activité attestée;MJ129;"Ville et campus distincts par fonctions : enseignants permanents minoritaires, supports de livres/labos, logements et ravitaillement nombreux. Aucun instructeur d’archerie ou arts martiaux ajouté sans établissement attesté. activité/institution locale Budget civil 1,00 % ; coefficient 1,500000 ; part de filière 7,812 %. Apprentissage, audition et réseau ; accès au mérite notamment Mustardseed.";0.0013730153603860064;0.02799951552484647;0.00048528161476752004
Chanteur;Artiste du spectacle;0.029857812499999997;0.07464453124999999;7.464453124999999;A — activité attestée;MJ129;"Ville et campus distincts par fonctions : enseignants permanents minoritaires, supports de livres/labos, logements et ravitaillement nombreux. Aucun instructeur d’archerie ou arts martiaux ajouté sans établissement attesté. activité/institution locale Budget civil 1,00 % ; coefficient 1,500000 ; part de filière 7,812 %. Apprentissage, audition et réseau ; accès au mérite notamment Mustardseed.";0.0013730153603860064;0.02799951552484647;0.00048528161476752004
Poète;Artiste du spectacle;0.029857812499999997;0.07464453124999999;7.464453124999999;A — activité attestée;MJ129;"Ville et campus distincts par fonctions : enseignants permanents minoritaires, supports de livres/labos, logements et ravitaillement nombreux. Aucun instructeur d’archerie ou arts martiaux ajouté sans établissement attesté. activité/institution locale Budget civil 1,00 % ; coefficient 1,500000 ; part de filière 7,812 %. Apprentissage, audition et réseau ; accès au mérite notamment Mustardseed.";0.0013730153603860064;0.02799951552484647;0.00048528161476752004
Conteur;Artiste du spectacle;0.029857812499999997;0.07464453124999999;7.464453124999999;A — activité attestée;MJ129;"Ville et campus distincts par fonctions : enseignants permanents minoritaires, supports de livres/labos, logements et ravitaillement nombreux. Aucun instructeur d’archerie ou arts martiaux ajouté sans établissement attesté. activité/institution locale Budget civil 1,00 % ; coefficient 1,500000 ; part de filière 7,812 %. Apprentissage, audition et réseau ; accès au mérite notamment Mustardseed.";0.0013730153603860064;0.02799951552484647;0.00048528161476752004
Bouffon;Artiste du spectacle;0.029857812499999997;0.07464453124999999;7.464453124999999;A — activité attestée;MJ129;"Ville et campus distincts par fonctions : enseignants permanents minoritaires, supports de livres/labos, logements et ravitaillement nombreux. Aucun instructeur d’archerie ou arts martiaux ajouté sans établissement attesté. activité/institution locale Budget civil 1,00 % ; coefficient 1,500000 ; part de filière 7,812 %. Apprentissage, audition et réseau ; accès au mérite notamment Mustardseed.";0.0013730153603860064;0.02799951552484647;0.00048528161476752004
Jongleur;Artiste du spectacle;0.029857812499999997;0.07464453124999999;7.464453124999999;A — activité attestée;MJ129;"Ville et campus distincts par fonctions : enseignants permanents minoritaires, supports de livres/labos, logements et ravitaillement nombreux. Aucun instructeur d’archerie ou arts martiaux ajouté sans établissement attesté. activité/institution locale Budget civil 1,00 % ; coefficient 1,500000 ; part de filière 7,812 %. Apprentissage, audition et réseau ; accès au mérite notamment Mustardseed.";0.0013730153603860064;0.02799951552484647;0.00048528161476752004
Acrobate;Artiste du spectacle;0.029857812499999997;0.07464453124999999;7.464453124999999;A — activité attestée;MJ129;"Ville et campus distincts par fonctions : enseignants permanents minoritaires, supports de livres/labos, logements et ravitaillement nombreux. Aucun instructeur d’archerie ou arts martiaux ajouté sans établissement attesté. activité/institution locale Budget civil 1,00 % ; coefficient 1,500000 ; part de filière 7,812 %. Apprentissage, audition et réseau ; accès au mérite notamment Mustardseed.";0.0013730153603860064;0.02799951552484647;0.00048528161476752004
Cracheur de feu;Artiste du spectacle;0.029857812499999997;0.07464453124999999;7.464453124999999;A — activité attestée;MJ129;"Ville et campus distincts par fonctions : enseignants permanents minoritaires, supports de livres/labos, logements et ravitaillement nombreux. Aucun instructeur d’archerie ou arts martiaux ajouté sans établissement attesté. activité/institution locale Budget civil 1,00 % ; coefficient 1,500000 ; part de filière 7,812 %. Apprentissage, audition et réseau ; accès au mérite notamment Mustardseed.";0.0013730153603860064;0.02799951552484647;0.00048528161476752004
Compositeur;Artiste du spectacle;0.029857812499999997;0.07464453124999999;7.464453124999999;A — activité attestée;PG28;"Ville et campus distincts par fonctions : enseignants permanents minoritaires, supports de livres/labos, logements et ravitaillement nombreux. Aucun instructeur d’archerie ou arts martiaux ajouté sans établissement attesté. activité/institution locale Budget civil 1,00 % ; coefficient 1,500000 ; part de filière 7,812 %. Apprentissage, audition et réseau ; accès au mérite notamment Mustardseed.";0.0013730153603860064;0.02799951552484647;0.00048528161476752004
Crieur public;Artiste du spectacle;0.029857812499999997;0.07464453124999999;7.464453124999999;P — activité proposée;MJ129;"Ville et campus distincts par fonctions : enseignants permanents minoritaires, supports de livres/labos, logements et ravitaillement nombreux. Aucun instructeur d’archerie ou arts martiaux ajouté sans établissement attesté. activité/institution locale Budget civil 1,00 % ; coefficient 1,500000 ; part de filière 7,812 %. Apprentissage, audition et réseau ; accès au mérite notamment Mustardseed.";0.0013730153603860064;0.02799951552484647;0.00048528161476752004
Joueur professionnel;Professionnel du jeu;0.007962083333333337;0.01990520833333334;1.9905208333333342;P — activité proposée;SB99;"Ville et campus distincts par fonctions : enseignants permanents minoritaires, supports de livres/labos, logements et ravitaillement nombreux. Aucun instructeur d’archerie ou arts martiaux ajouté sans établissement attesté. activité/institution locale Budget civil 1,00 % ; coefficient 0,400000 ; part de filière 2,083 %. Apprentissage, audition et réseau ; accès au mérite notamment Mustardseed.";0.00036613742943626844;0.007466537473292395;0.000129408430604672
Croupier;Professionnel du jeu;0.007962083333333337;0.01990520833333334;1.9905208333333342;D — activité déduite;SB99;"Ville et campus distincts par fonctions : enseignants permanents minoritaires, supports de livres/labos, logements et ravitaillement nombreux. Aucun instructeur d’archerie ou arts martiaux ajouté sans établissement attesté. activité/institution locale Budget civil 1,00 % ; coefficient 0,400000 ; part de filière 2,083 %. Apprentissage, audition et réseau ; accès au mérite notamment Mustardseed.";0.00036613742943626844;0.007466537473292395;0.000129408430604672
Preneur de paris;Professionnel du jeu;0.007962083333333337;0.01990520833333334;1.9905208333333342;D — activité déduite;SB99;"Ville et campus distincts par fonctions : enseignants permanents minoritaires, supports de livres/labos, logements et ravitaillement nombreux. Aucun instructeur d’archerie ou arts martiaux ajouté sans établissement attesté. activité/institution locale Budget civil 1,00 % ; coefficient 0,400000 ; part de filière 2,083 %. Apprentissage, audition et réseau ; accès au mérite notamment Mustardseed.";0.00036613742943626844;0.007466537473292395;0.000129408430604672
Maître-chanteur;Opérateur d’activités illicites;0;0;0.0;A — activité attestée;BR42;"Ville et campus distincts par fonctions : enseignants permanents minoritaires, supports de livres/labos, logements et ravitaillement nombreux. Aucun instructeur d’archerie ou arts martiaux ajouté sans établissement attesté. activité/institution locale Budget civil 0,00 % ; coefficient 0,000000 ; part de filière 0,000 %. Zéro proposé : Budget local de cette filière nul ou coefficient non retenu ; aucune interdiction universelle. Réseaux, exclusion, dettes et compétences ; statut légal distinct de noblesse.";0;0;0
Cambrioleur;Opérateur d’activités illicites;0;0;0.0;A — activité attestée;BR42;"Ville et campus distincts par fonctions : enseignants permanents minoritaires, supports de livres/labos, logements et ravitaillement nombreux. Aucun instructeur d’archerie ou arts martiaux ajouté sans établissement attesté. activité/institution locale Budget civil 0,00 % ; coefficient 0,000000 ; part de filière 0,000 %. Zéro proposé : Budget local de cette filière nul ou coefficient non retenu ; aucune interdiction universelle. Réseaux, exclusion, dettes et compétences ; statut légal distinct de noblesse.";0;0;0
Homme de main;Opérateur d’activités illicites;0;0;0.0;A — activité attestée;BR42;"Ville et campus distincts par fonctions : enseignants permanents minoritaires, supports de livres/labos, logements et ravitaillement nombreux. Aucun instructeur d’archerie ou arts martiaux ajouté sans établissement attesté. activité/institution locale Budget civil 0,00 % ; coefficient 0,000000 ; part de filière 0,000 %. Zéro proposé : Budget local de cette filière nul ou coefficient non retenu ; aucune interdiction universelle. Réseaux, exclusion, dettes et compétences ; statut légal distinct de noblesse.";0;0;0
Receleur;Opérateur d’activités illicites;0;0;0.0;A — activité attestée;BR42;"Ville et campus distincts par fonctions : enseignants permanents minoritaires, supports de livres/labos, logements et ravitaillement nombreux. Aucun instructeur d’archerie ou arts martiaux ajouté sans établissement attesté. activité/institution locale Budget civil 0,00 % ; coefficient 0,000000 ; part de filière 0,000 %. Zéro proposé : Budget local de cette filière nul ou coefficient non retenu ; aucune interdiction universelle. Réseaux, exclusion, dettes et compétences ; statut légal distinct de noblesse.";0;0;0
Voleur de grand chemin;Opérateur d’activités illicites;0;0;0.0;A — activité attestée;BR42;"Ville et campus distincts par fonctions : enseignants permanents minoritaires, supports de livres/labos, logements et ravitaillement nombreux. Aucun instructeur d’archerie ou arts martiaux ajouté sans établissement attesté. activité/institution locale Budget civil 0,00 % ; coefficient 0,000000 ; part de filière 0,000 %. Zéro proposé : Budget local de cette filière nul ou coefficient non retenu ; aucune interdiction universelle. Réseaux, exclusion, dettes et compétences ; statut légal distinct de noblesse.";0;0;0
Tueur à gages;Opérateur d’activités illicites;0;0;0.0;A — activité attestée;BR42;"Ville et campus distincts par fonctions : enseignants permanents minoritaires, supports de livres/labos, logements et ravitaillement nombreux. Aucun instructeur d’archerie ou arts martiaux ajouté sans établissement attesté. activité/institution locale Budget civil 0,00 % ; coefficient 0,000000 ; part de filière 0,000 %. Zéro proposé : Budget local de cette filière nul ou coefficient non retenu ; aucune interdiction universelle. Réseaux, exclusion, dettes et compétences ; statut légal distinct de noblesse.";0;0;0
Pickpocket;Opérateur d’activités illicites;0;0;0.0;A — activité attestée;BR42;"Ville et campus distincts par fonctions : enseignants permanents minoritaires, supports de livres/labos, logements et ravitaillement nombreux. Aucun instructeur d’archerie ou arts martiaux ajouté sans établissement attesté. activité/institution locale Budget civil 0,00 % ; coefficient 0,000000 ; part de filière 0,000 %. Zéro proposé : Budget local de cette filière nul ou coefficient non retenu ; aucune interdiction universelle. Réseaux, exclusion, dettes et compétences ; statut légal distinct de noblesse.";0;0;0
Contrebandier;Opérateur d’activités illicites;0;0;0.0;A — activité attestée;BR42;"Ville et campus distincts par fonctions : enseignants permanents minoritaires, supports de livres/labos, logements et ravitaillement nombreux. Aucun instructeur d’archerie ou arts martiaux ajouté sans établissement attesté. activité/institution locale Budget civil 0,00 % ; coefficient 0,000000 ; part de filière 0,000 %. Zéro proposé : Budget local de cette filière nul ou coefficient non retenu ; aucune interdiction universelle. Réseaux, exclusion, dettes et compétences ; statut légal distinct de noblesse.";0;0;0
Pirate;Opérateur d’activités illicites;0;0;0.0;A — activité attestée;MJ136;"Ville et campus distincts par fonctions : enseignants permanents minoritaires, supports de livres/labos, logements et ravitaillement nombreux. Aucun instructeur d’archerie ou arts martiaux ajouté sans établissement attesté. activité/institution locale Budget civil 0,00 % ; coefficient 0,000000 ; part de filière 0,000 %. Zéro proposé : Budget local de cette filière nul ou coefficient non retenu ; aucune interdiction universelle. Réseaux, exclusion, dettes et compétences ; statut légal distinct de noblesse.";0;0;0
Cultivateur de tubercules;Agriculteur;0;0;0.0;A — activité attestée;"SB120; SB168";"Ville et campus distincts par fonctions : enseignants permanents minoritaires, supports de livres/labos, logements et ravitaillement nombreux. Aucun instructeur d’archerie ou arts martiaux ajouté sans établissement attesté. activité/institution locale Budget civil 8,00 % ; coefficient 0,000000 ; part de filière 0,000 %. Zéro proposé : Climat, matière ou culture hors filière régionale retenue ; aucun établissement exceptionnel proposé. Transmission familiale, terre/eau, droits d’usage et outils ; les tâches saisonnières restent secondaires.";0;0;0
Cartographe;Cartographe;0.007003396207974981;0.017508490519937456;1.7508490519937454;A — activité attestée;MJ128;"Ville et campus distincts par fonctions : enseignants permanents minoritaires, supports de livres/labos, logements et ravitaillement nombreux. Aucun instructeur d’archerie ou arts martiaux ajouté sans établissement attesté. activité/institution locale Budget civil 5,00 % ; coefficient 0,750000 ; part de filière 0,366 %. Long apprentissage, frais, bourses, talent, licence ou secret ; titre ne donne pas maîtrise.";0.000761280058652203;0.0062098279264685904;3.2288222854187855e-05
Sans métier actif;Statut;1.2;3.0;300.0;P;;Personnes productives occupées + personnes sans emploi disponibles recherchant une activité. Inclut aide familiale, subsistance, apprentissage productif et travail partiel.;0.04800000000000001;1.0919999999999999;0.06
Hors activité;Statut;60.0;0;15000.0;P;;"Tous habitants recensés dans les catégories sources; enfants, étudiants et retraités ne sont exclus de l’activité que sans contribution productive. Pas de seuil humain de 18 ans imposé.";2.4;54.6;3.0
