Métier;Base;% habitants;% actifs;Effectif attendu;Appui activité;Références;Justification proposée;Milieu privilégié, noblesse non établie / % de tous habitants;Milieu ordinaire, noblesse non établie / % de tous habitants;Milieu précaire, noblesse non établie / % de tous habitants
Agriculteur généraliste;Agriculteur;0.004498816260903693;0.006079481433653639;0.17995265043614772;A — activité attestée;"SB90; SB198";"Quartier général Ironhand à fonction de surveillance symbolique. Professions des résidents ; lieu de travail et commanditaires peuvent être extérieurs au quartier. Visiteurs exclus du stock. activité/institution locale Budget civil 8,00 % ; coefficient 1,750000 ; part de filière 0,222 %. Transmission familiale, terre/eau, droits d’usage et outils ; les tâches saisonnières restent secondaires.";2.326749936809822e-05;0.004061994515373738;0.00041355424616185723
Céréalier;Agriculteur;0.0008997632521807385;0.0012158962867307277;0.03599053008722954;D — activité déduite;"SB90; SB198";"Quartier général Ironhand à fonction de surveillance symbolique. Professions des résidents ; lieu de travail et commanditaires peuvent être extérieurs au quartier. Visiteurs exclus du stock. activité/institution locale Budget civil 8,00 % ; coefficient 0,350000 ; part de filière 0,044 %. Transmission familiale, terre/eau, droits d’usage et outils ; les tâches saisonnières restent secondaires.";4.653499873619643e-06;0.0008123989030747473;8.271084923237144e-05
Riziculteur;Agriculteur;0;0;0.0;A — activité attestée;SB198;"Quartier général Ironhand à fonction de surveillance symbolique. Professions des résidents ; lieu de travail et commanditaires peuvent être extérieurs au quartier. Visiteurs exclus du stock. activité/institution locale Budget civil 8,00 % ; coefficient 0,000000 ; part de filière 0,000 %. Zéro proposé : Climat, matière ou culture hors filière régionale retenue ; aucun établissement exceptionnel proposé. Transmission familiale, terre/eau, droits d’usage et outils ; les tâches saisonnières restent secondaires.";0;0;0
Vigneron;Agriculteur;0.004744299065420559;0.006411214953271026;0.1897719626168224;A — activité attestée;MJ128;"Quartier général Ironhand à fonction de surveillance symbolique. Professions des résidents ; lieu de travail et commanditaires peuvent être extérieurs au quartier. Visiteurs exclus du stock. activité/institution locale Budget civil 1,00 % ; coefficient 0,140000 ; part de filière 1,869 %. Savoir-faire de terrain et sécurité ; procédé spécialisé distinct du rang social.";4.882172969750882e-05;0.00426160102392106;0.00043387631180199083
Cultivateur d’épices;Agriculteur;0;0;0.0;A — activité attestée;SB182;"Quartier général Ironhand à fonction de surveillance symbolique. Professions des résidents ; lieu de travail et commanditaires peuvent être extérieurs au quartier. Visiteurs exclus du stock. activité/institution locale Budget civil 1,00 % ; coefficient 0,000000 ; part de filière 0,000 %. Zéro proposé : Climat, matière ou culture hors filière régionale retenue ; aucun établissement exceptionnel proposé. Savoir-faire de terrain et sécurité ; procédé spécialisé distinct du rang social.";0;0;0
Cultivateur d’herbes pour thé;Agriculteur;0;0;0.0;D — activité déduite;SB198;"Quartier général Ironhand à fonction de surveillance symbolique. Professions des résidents ; lieu de travail et commanditaires peuvent être extérieurs au quartier. Visiteurs exclus du stock. activité/institution locale Budget civil 1,00 % ; coefficient 0,000000 ; part de filière 0,000 %. Zéro proposé : Climat, matière ou culture hors filière régionale retenue ; aucun établissement exceptionnel proposé. Savoir-faire de terrain et sécurité ; procédé spécialisé distinct du rang social.";0;0;0
Maraîcher;Agriculteur;0.007198106017445908;0.009727170293845821;0.28792424069783634;D — activité déduite;"SB90; SB198";"Quartier général Ironhand à fonction de surveillance symbolique. Professions des résidents ; lieu de travail et commanditaires peuvent être extérieurs au quartier. Visiteurs exclus du stock. activité/institution locale Budget civil 8,00 % ; coefficient 2,800000 ; part de filière 0,354 %. Transmission familiale, terre/eau, droits d’usage et outils ; les tâches saisonnières restent secondaires.";3.7227998988957144e-05;0.006499191224597979;0.0006616867938589715
Jardinier;Horticulteur;0.03388785046728972;0.04579439252336449;1.3555140186915886;A — activité attestée;"SB29; SB161";"Quartier général Ironhand à fonction de surveillance symbolique. Professions des résidents ; lieu de travail et commanditaires peuvent être extérieurs au quartier. Visiteurs exclus du stock. activité/institution locale Budget civil 1,00 % ; coefficient 1,000000 ; part de filière 13,351 %. Savoir-faire de terrain et sécurité ; procédé spécialisé distinct du rang social.";0.0003487266406964917;0.030440007313721863;0.003099116512871365
Fleuriste;Horticulteur;0.03388785046728972;0.04579439252336449;1.3555140186915886;A — activité attestée;"SB29; SB161";"Quartier général Ironhand à fonction de surveillance symbolique. Professions des résidents ; lieu de travail et commanditaires peuvent être extérieurs au quartier. Visiteurs exclus du stock. activité/institution locale Budget civil 1,00 % ; coefficient 1,000000 ; part de filière 13,351 %. Savoir-faire de terrain et sécurité ; procédé spécialisé distinct du rang social.";0.0003487266406964917;0.030440007313721863;0.003099116512871365
Arboriculteur de verger;Horticulteur;0.0025707521490878245;0.0034739893906592222;0.10283008596351298;D — activité déduite;"SB29; SB161";"Quartier général Ironhand à fonction de surveillance symbolique. Professions des résidents ; lieu de travail et commanditaires peuvent être extérieurs au quartier. Visiteurs exclus du stock. activité/institution locale Budget civil 8,00 % ; coefficient 1,000000 ; part de filière 0,127 %. Transmission familiale, terre/eau, droits d’usage et outils ; les tâches saisonnières restent secondaires.";1.3295713924627555e-05;0.002321139723070707;0.00023631671209248985
Jardinier de roses magiques;Horticulteur;0;0;0.0;A — activité attestée;SB157;"Quartier général Ironhand à fonction de surveillance symbolique. Professions des résidents ; lieu de travail et commanditaires peuvent être extérieurs au quartier. Visiteurs exclus du stock. activité/institution locale Budget civil 1,00 % ; coefficient 0,000000 ; part de filière 0,000 %. Zéro proposé : Filière régionale non retenue dans ce scénario, sans interdiction universelle. Savoir-faire de terrain et sécurité ; procédé spécialisé distinct du rang social.";0;0;0
Arboriculteur de breithwood;Horticulteur;0;0;0.0;D — activité déduite;SB152;"Quartier général Ironhand à fonction de surveillance symbolique. Professions des résidents ; lieu de travail et commanditaires peuvent être extérieurs au quartier. Visiteurs exclus du stock. activité/institution locale Budget civil 1,00 % ; coefficient 0,000000 ; part de filière 0,000 %. Zéro proposé : Filière régionale non retenue dans ce scénario, sans interdiction universelle. Savoir-faire de terrain et sécurité ; procédé spécialisé distinct du rang social.";0;0;0
Éleveur généraliste;Éleveur;0.006426880372719561;0.008684973476648055;0.2570752149087825;A — activité attestée;"SB120; SB182";"Quartier général Ironhand à fonction de surveillance symbolique. Professions des résidents ; lieu de travail et commanditaires peuvent être extérieurs au quartier. Visiteurs exclus du stock. activité/institution locale Budget civil 8,00 % ; coefficient 2,500000 ; part de filière 0,317 %. Transmission familiale, terre/eau, droits d’usage et outils ; les tâches saisonnières restent secondaires.";3.323928481156888e-05;0.005802849307676767;0.0005907917802312246
Berger;Éleveur;0.0025707521490878245;0.0034739893906592222;0.10283008596351298;A — activité attestée;MJ135;"Quartier général Ironhand à fonction de surveillance symbolique. Professions des résidents ; lieu de travail et commanditaires peuvent être extérieurs au quartier. Visiteurs exclus du stock. activité/institution locale Budget civil 8,00 % ; coefficient 1,000000 ; part de filière 0,127 %. Transmission familiale, terre/eau, droits d’usage et outils ; les tâches saisonnières restent secondaires.";1.3295713924627555e-05;0.002321139723070707;0.00023631671209248985
Éleveur de yaks;Éleveur;0;0;0.0;A — activité attestée;SB120;"Quartier général Ironhand à fonction de surveillance symbolique. Professions des résidents ; lieu de travail et commanditaires peuvent être extérieurs au quartier. Visiteurs exclus du stock. activité/institution locale Budget civil 8,00 % ; coefficient 0,000000 ; part de filière 0,000 %. Zéro proposé : Climat, matière ou culture hors filière régionale retenue ; aucun établissement exceptionnel proposé. Transmission familiale, terre/eau, droits d’usage et outils ; les tâches saisonnières restent secondaires.";0;0;0
Éleveur de chevaux;Éleveur;0.03388785046728972;0.04579439252336449;1.3555140186915886;A — activité attestée;SB182;"Quartier général Ironhand à fonction de surveillance symbolique. Professions des résidents ; lieu de travail et commanditaires peuvent être extérieurs au quartier. Visiteurs exclus du stock. activité/institution locale Budget civil 1,00 % ; coefficient 1,000000 ; part de filière 13,351 %. Savoir-faire de terrain et sécurité ; procédé spécialisé distinct du rang social.";0.0003487266406964917;0.030440007313721863;0.003099116512871365
Éleveur de chameaux;Éleveur;0;0;0.0;A — activité attestée;SB182;"Quartier général Ironhand à fonction de surveillance symbolique. Professions des résidents ; lieu de travail et commanditaires peuvent être extérieurs au quartier. Visiteurs exclus du stock. activité/institution locale Budget civil 1,00 % ; coefficient 0,000000 ; part de filière 0,000 %. Zéro proposé : Climat, matière ou culture hors filière régionale retenue ; aucun établissement exceptionnel proposé. Savoir-faire de terrain et sécurité ; procédé spécialisé distinct du rang social.";0;0;0
Éleveur de vers à soie;Éleveur;0;0;0.0;A — activité attestée;SB198;"Quartier général Ironhand à fonction de surveillance symbolique. Professions des résidents ; lieu de travail et commanditaires peuvent être extérieurs au quartier. Visiteurs exclus du stock. activité/institution locale Budget civil 1,00 % ; coefficient 0,000000 ; part de filière 0,000 %. Zéro proposé : Climat, matière ou culture hors filière régionale retenue ; aucun établissement exceptionnel proposé. Savoir-faire de terrain et sécurité ; procédé spécialisé distinct du rang social.";0;0;0
Éleveur de loups géants;Éleveur;0;0;0.0;A — activité attestée;SB191;"Quartier général Ironhand à fonction de surveillance symbolique. Professions des résidents ; lieu de travail et commanditaires peuvent être extérieurs au quartier. Visiteurs exclus du stock. activité/institution locale Budget civil 1,00 % ; coefficient 0,000000 ; part de filière 0,000 %. Zéro proposé : Filière régionale non retenue dans ce scénario, sans interdiction universelle. Savoir-faire de terrain et sécurité ; procédé spécialisé distinct du rang social.";0;0;0
Éleveur de montures volantes;Éleveur;0;0;0.0;A — activité attestée;"SB124; SB107";"Quartier général Ironhand à fonction de surveillance symbolique. Professions des résidents ; lieu de travail et commanditaires peuvent être extérieurs au quartier. Visiteurs exclus du stock. activité/institution locale Budget civil 1,00 % ; coefficient 0,000000 ; part de filière 0,000 %. Zéro proposé : Climat, matière ou culture hors filière régionale retenue ; aucun établissement exceptionnel proposé. Savoir-faire de terrain et sécurité ; procédé spécialisé distinct du rang social.";0;0;0
Apiculteur;Éleveur;0;0;0.0;P — activité proposée;SB152;"Quartier général Ironhand à fonction de surveillance symbolique. Professions des résidents ; lieu de travail et commanditaires peuvent être extérieurs au quartier. Visiteurs exclus du stock. activité/institution locale Budget civil 8,00 % ; coefficient 0,000000 ; part de filière 0,000 %. Zéro proposé : Climat, matière ou culture hors filière régionale retenue ; aucun établissement exceptionnel proposé. Transmission familiale, terre/eau, droits d’usage et outils ; les tâches saisonnières restent secondaires.";0;0;0
Chasseur de gibier;Chasseur;0.0032134401863597806;0.004342486738324027;0.12853760745439125;A — activité attestée;"MJ139; PG20";"Quartier général Ironhand à fonction de surveillance symbolique. Professions des résidents ; lieu de travail et commanditaires peuvent être extérieurs au quartier. Visiteurs exclus du stock. activité/institution locale Budget civil 8,00 % ; coefficient 1,250000 ; part de filière 0,158 %. Transmission familiale, terre/eau, droits d’usage et outils ; les tâches saisonnières restent secondaires.";1.661964240578444e-05;0.0029014246538383837;0.0002953958901156123
Trappeur;Chasseur;0.0012853760745439122;0.0017369946953296111;0.05141504298175649;A — activité attestée;MJ140;"Quartier général Ironhand à fonction de surveillance symbolique. Professions des résidents ; lieu de travail et commanditaires peuvent être extérieurs au quartier. Visiteurs exclus du stock. activité/institution locale Budget civil 8,00 % ; coefficient 0,500000 ; part de filière 0,063 %. Transmission familiale, terre/eau, droits d’usage et outils ; les tâches saisonnières restent secondaires.";6.647856962313777e-06;0.0011605698615353534;0.00011815835604624493
Chasseur de monstres;Chasseur;0.008828214670794058;0.011930019825397375;0.3531285868317623;A — activité attestée;PG58;"Quartier général Ironhand à fonction de surveillance symbolique. Professions des résidents ; lieu de travail et commanditaires peuvent être extérieurs au quartier. Visiteurs exclus du stock. activité/institution locale Budget civil 2,00 % ; coefficient 0,500000 ; part de filière 1,739 %. Long apprentissage, frais, bourses, talent, licence ou secret ; titre ne donne pas maîtrise.";0.0010980368932983543;0.007667725298183584;6.245247931211949e-05
Chasseur de monstres marins;Chasseur;0;0;0.0;A — activité attestée;SB148;"Quartier général Ironhand à fonction de surveillance symbolique. Professions des résidents ; lieu de travail et commanditaires peuvent être extérieurs au quartier. Visiteurs exclus du stock. activité/institution locale Budget civil 2,00 % ; coefficient 0,000000 ; part de filière 0,000 %. Zéro proposé : Technique de site, institution, secret ou habilitation concentrée dans les implantations autorisées du scénario. Long apprentissage, frais, bourses, talent, licence ou secret ; titre ne donne pas maîtrise.";0;0;0
Chasseur de dragons;Chasseur;0;0;0.0;A — activité attestée;SB220;"Quartier général Ironhand à fonction de surveillance symbolique. Professions des résidents ; lieu de travail et commanditaires peuvent être extérieurs au quartier. Visiteurs exclus du stock. activité/institution locale Budget civil 2,00 % ; coefficient 0,000000 ; part de filière 0,000 %. Zéro proposé : Technique de site, institution, secret ou habilitation concentrée dans les implantations autorisées du scénario. Long apprentissage, frais, bourses, talent, licence ou secret ; titre ne donne pas maîtrise.";0;0;0
Cueilleur;Collecteur de ressources;0.0020566017192702596;0.002779191512527378;0.08226406877081038;A — activité attestée;"MJ139; SB153";"Quartier général Ironhand à fonction de surveillance symbolique. Professions des résidents ; lieu de travail et commanditaires peuvent être extérieurs au quartier. Visiteurs exclus du stock. activité/institution locale Budget civil 8,00 % ; coefficient 0,800000 ; part de filière 0,101 %. Transmission familiale, terre/eau, droits d’usage et outils ; les tâches saisonnières restent secondaires.";1.0636571139702045e-05;0.0018569117784565659;0.0001890533696739919
Herboriste de collecte;Collecteur de ressources;0.027110280373831782;0.0366355140186916;1.0844112149532712;D — activité déduite;BR55;"Quartier général Ironhand à fonction de surveillance symbolique. Professions des résidents ; lieu de travail et commanditaires peuvent être extérieurs au quartier. Visiteurs exclus du stock. activité/institution locale Budget civil 1,00 % ; coefficient 0,800000 ; part de filière 10,681 %. Savoir-faire de terrain et sécurité ; procédé spécialisé distinct du rang social.";0.0002789813125571934;0.024352005850977496;0.002479293210297092
Collecteur de composants de créatures;Collecteur de ressources;0.027110280373831782;0.0366355140186916;1.0844112149532712;A — activité attestée;"SB104; SB139";"Quartier général Ironhand à fonction de surveillance symbolique. Professions des résidents ; lieu de travail et commanditaires peuvent être extérieurs au quartier. Visiteurs exclus du stock. activité/institution locale Budget civil 1,00 % ; coefficient 0,800000 ; part de filière 10,681 %. Savoir-faire de terrain et sécurité ; procédé spécialisé distinct du rang social.";0.0002789813125571934;0.024352005850977496;0.002479293210297092
Collecteur de perles;Collecteur de ressources;0;0;0.0;D — activité déduite;SB149;"Quartier général Ironhand à fonction de surveillance symbolique. Professions des résidents ; lieu de travail et commanditaires peuvent être extérieurs au quartier. Visiteurs exclus du stock. activité/institution locale Budget civil 1,00 % ; coefficient 0,000000 ; part de filière 0,000 %. Zéro proposé : Technique de site, institution, secret ou habilitation concentrée dans les implantations autorisées du scénario. Savoir-faire de terrain et sécurité ; procédé spécialisé distinct du rang social.";0;0;0
Récupérateur de reliques penumbrales;Collecteur de ressources;0;0;0.0;A — activité attestée;PG8;"Quartier général Ironhand à fonction de surveillance symbolique. Professions des résidents ; lieu de travail et commanditaires peuvent être extérieurs au quartier. Visiteurs exclus du stock. activité/institution locale Budget civil 1,00 % ; coefficient 0,000000 ; part de filière 0,000 %. Zéro proposé : Filière régionale non retenue dans ce scénario, sans interdiction universelle. Savoir-faire de terrain et sécurité ; procédé spécialisé distinct du rang social.";0;0;0
Bûcheron;Travailleur forestier;0.01694392523364486;0.022897196261682243;0.6777570093457943;A — activité attestée;"MJ135; SB107";"Quartier général Ironhand à fonction de surveillance symbolique. Professions des résidents ; lieu de travail et commanditaires peuvent être extérieurs au quartier. Visiteurs exclus du stock. activité/institution locale Budget civil 1,00 % ; coefficient 0,500000 ; part de filière 6,676 %. Savoir-faire de terrain et sécurité ; procédé spécialisé distinct du rang social.";0.00017436332034824584;0.015220003656860931;0.0015495582564356825
Forestier;Travailleur forestier;0.01694392523364486;0.022897196261682243;0.6777570093457943;A — activité attestée;MJ140;"Quartier général Ironhand à fonction de surveillance symbolique. Professions des résidents ; lieu de travail et commanditaires peuvent être extérieurs au quartier. Visiteurs exclus du stock. activité/institution locale Budget civil 1,00 % ; coefficient 0,500000 ; part de filière 6,676 %. Savoir-faire de terrain et sécurité ; procédé spécialisé distinct du rang social.";0.00017436332034824584;0.015220003656860931;0.0015495582564356825
Scieur;Travailleur forestier;0.01694392523364486;0.022897196261682243;0.6777570093457943;D — activité déduite;SB99;"Quartier général Ironhand à fonction de surveillance symbolique. Professions des résidents ; lieu de travail et commanditaires peuvent être extérieurs au quartier. Visiteurs exclus du stock. activité/institution locale Budget civil 1,00 % ; coefficient 0,500000 ; part de filière 6,676 %. Savoir-faire de terrain et sécurité ; procédé spécialisé distinct du rang social.";0.00017436332034824584;0.015220003656860931;0.0015495582564356825
Pêcheur maritime;Pêcheur;1.9743376504994494;2.668023852026283;78.97350601997798;A — activité attestée;"SB110; SB168";"Quartier général Ironhand à fonction de surveillance symbolique. Professions des résidents ; lieu de travail et commanditaires peuvent être extérieurs au quartier. Visiteurs exclus du stock. activité/institution locale Budget civil 8,00 % ; coefficient 768,000000 ; part de filière 97,231 %. Transmission familiale, terre/eau, droits d’usage et outils ; les tâches saisonnières restent secondaires.";0.01021110829411396;1.7826353073183032;0.18149123488703223
Pêcheur d’eau douce;Pêcheur;0.000822640687708104;0.0011116766050109513;0.03290562750832416;A — activité attestée;SB138;"Quartier général Ironhand à fonction de surveillance symbolique. Professions des résidents ; lieu de travail et commanditaires peuvent être extérieurs au quartier. Visiteurs exclus du stock. activité/institution locale Budget civil 8,00 % ; coefficient 0,320000 ; part de filière 0,041 %. Transmission familiale, terre/eau, droits d’usage et outils ; les tâches saisonnières restent secondaires.";4.254628455880819e-06;0.0007427647113826264;7.562134786959676e-05
Cultivateur marin;Pêcheur;0.02467922063124312;0.03335029815032854;0.9871688252497247;P — activité proposée;SB149;"Quartier général Ironhand à fonction de surveillance symbolique. Professions des résidents ; lieu de travail et commanditaires peuvent être extérieurs au quartier. Visiteurs exclus du stock. activité/institution locale Budget civil 8,00 % ; coefficient 9,600000 ; part de filière 1,215 %. Transmission familiale, terre/eau, droits d’usage et outils ; les tâches saisonnières restent secondaires.";0.00012763885367642457;0.02228294134147879;0.0022686404360879034
Mineur;Extracteur de ressources minérales;0.004235981308411215;0.005724299065420561;0.16943925233644858;A — activité attestée;"MJ135; SB160";"Quartier général Ironhand à fonction de surveillance symbolique. Professions des résidents ; lieu de travail et commanditaires peuvent être extérieurs au quartier. Visiteurs exclus du stock. activité/institution locale Budget civil 1,00 % ; coefficient 0,125000 ; part de filière 1,669 %. Savoir-faire de terrain et sécurité ; procédé spécialisé distinct du rang social.";4.359083008706146e-05;0.003805000914215233;0.00038738956410892063
Carrier;Extracteur de ressources minérales;0.004235981308411215;0.005724299065420561;0.16943925233644858;D — activité déduite;"MJ135; SB160";"Quartier général Ironhand à fonction de surveillance symbolique. Professions des résidents ; lieu de travail et commanditaires peuvent être extérieurs au quartier. Visiteurs exclus du stock. activité/institution locale Budget civil 1,00 % ; coefficient 0,125000 ; part de filière 1,669 %. Savoir-faire de terrain et sécurité ; procédé spécialisé distinct du rang social.";4.359083008706146e-05;0.003805000914215233;0.00038738956410892063
Salinier;Extracteur de ressources minérales;0.004235981308411215;0.005724299065420561;0.16943925233644858;P — activité proposée;SB120;"Quartier général Ironhand à fonction de surveillance symbolique. Professions des résidents ; lieu de travail et commanditaires peuvent être extérieurs au quartier. Visiteurs exclus du stock. activité/institution locale Budget civil 1,00 % ; coefficient 0,125000 ; part de filière 1,669 %. Savoir-faire de terrain et sécurité ; procédé spécialisé distinct du rang social.";4.359083008706146e-05;0.003805000914215233;0.00038738956410892063
Mineur de bauronite;Extracteur de ressources minérales;0;0;0.0;A — activité attestée;"SB174; SB182";"Quartier général Ironhand à fonction de surveillance symbolique. Professions des résidents ; lieu de travail et commanditaires peuvent être extérieurs au quartier. Visiteurs exclus du stock. activité/institution locale Budget civil 1,00 % ; coefficient 0,000000 ; part de filière 0,000 %. Zéro proposé : Climat, matière ou culture hors filière régionale retenue ; aucun établissement exceptionnel proposé. Savoir-faire de terrain et sécurité ; procédé spécialisé distinct du rang social.";0;0;0
Mineur de tameranium;Extracteur de ressources minérales;0;0;0.0;A — activité attestée;"SB168; SB198";"Quartier général Ironhand à fonction de surveillance symbolique. Professions des résidents ; lieu de travail et commanditaires peuvent être extérieurs au quartier. Visiteurs exclus du stock. activité/institution locale Budget civil 1,00 % ; coefficient 0,000000 ; part de filière 0,000 %. Zéro proposé : Climat, matière ou culture hors filière régionale retenue ; aucun établissement exceptionnel proposé. Savoir-faire de terrain et sécurité ; procédé spécialisé distinct du rang social.";0;0;0
Extracteur d’obsidienne;Extracteur de ressources minérales;0;0;0.0;A — activité attestée;SB190;"Quartier général Ironhand à fonction de surveillance symbolique. Professions des résidents ; lieu de travail et commanditaires peuvent être extérieurs au quartier. Visiteurs exclus du stock. activité/institution locale Budget civil 1,00 % ; coefficient 0,000000 ; part de filière 0,000 %. Zéro proposé : Filière régionale non retenue dans ce scénario, sans interdiction universelle. Savoir-faire de terrain et sécurité ; procédé spécialisé distinct du rang social.";0;0;0
Extracteur de soufre;Extracteur de ressources minérales;0;0;0.0;A — activité attestée;SB190;"Quartier général Ironhand à fonction de surveillance symbolique. Professions des résidents ; lieu de travail et commanditaires peuvent être extérieurs au quartier. Visiteurs exclus du stock. activité/institution locale Budget civil 1,00 % ; coefficient 0,000000 ; part de filière 0,000 %. Zéro proposé : Filière régionale non retenue dans ce scénario, sans interdiction universelle. Savoir-faire de terrain et sécurité ; procédé spécialisé distinct du rang social.";0;0;0
Prospecteur;Extracteur de ressources minérales;0.004235981308411215;0.005724299065420561;0.16943925233644858;D — activité déduite;SB104;"Quartier général Ironhand à fonction de surveillance symbolique. Professions des résidents ; lieu de travail et commanditaires peuvent être extérieurs au quartier. Visiteurs exclus du stock. activité/institution locale Budget civil 1,00 % ; coefficient 0,125000 ; part de filière 1,669 %. Savoir-faire de terrain et sécurité ; procédé spécialisé distinct du rang social.";4.359083008706146e-05;0.003805000914215233;0.00038738956410892063
Meunier;Meunier;0.09652448583624366;0.13043849437330224;3.8609794334497467;D — activité déduite;SB121;"Quartier général Ironhand à fonction de surveillance symbolique. Professions des résidents ; lieu de travail et commanditaires peuvent être extérieurs au quartier. Visiteurs exclus du stock. activité/institution locale Budget civil 28,00 % ; coefficient 1,750000 ; part de filière 1,358 %. Apprentissage, atelier, combustible et outils ; titre noble ne remplace pas qualification.";0.0047701288850438145;0.08327597676972685;0.008478380181473002
Boucher;Boucher;0.11031369809856421;0.14907256499805976;4.412547923942569;D — activité déduite;SB99;"Quartier général Ironhand à fonction de surveillance symbolique. Professions des résidents ; lieu de travail et commanditaires peuvent être extérieurs au quartier. Visiteurs exclus du stock. activité/institution locale Budget civil 28,00 % ; coefficient 2,000000 ; part de filière 1,552 %. Apprentissage, atelier, combustible et outils ; titre noble ne remplace pas qualification.";0.005451575868621502;0.09517254487968785;0.009689577350254861
Écorcheur;Boucher;0.04412547923942568;0.0596290259992239;1.7650191695770272;A — activité attestée;MJ128;"Quartier général Ironhand à fonction de surveillance symbolique. Professions des résidents ; lieu de travail et commanditaires peuvent être extérieurs au quartier. Visiteurs exclus du stock. activité/institution locale Budget civil 28,00 % ; coefficient 0,800000 ; part de filière 0,621 %. Apprentissage, atelier, combustible et outils ; titre noble ne remplace pas qualification.";0.0021806303474486;0.03806901795187514;0.0038758309401019436
Boulanger;Boulanger;0.23441660845944895;0.31677920062087694;9.376664338377958;A — activité attestée;MJ128;"Quartier général Ironhand à fonction de surveillance symbolique. Professions des résidents ; lieu de travail et commanditaires peuvent être extérieurs au quartier. Visiteurs exclus du stock. activité/institution locale Budget civil 28,00 % ; coefficient 4,250000 ; part de filière 3,298 %. Apprentissage, atelier, combustible et outils ; titre noble ne remplace pas qualification.";0.011584598720820693;0.20224165786933668;0.02059035186929158
Cuisinier;Cuisinier;0.5892133092597369;0.7962342017023472;23.568532370389477;A — activité attestée;MJ128;"Quartier général Ironhand à fonction de surveillance symbolique. Professions des résidents ; lieu de travail et commanditaires peuvent être extérieurs au quartier. Visiteurs exclus du stock. activité/institution locale Budget civil 18,00 % ; coefficient 7,500000 ; part de filière 12,897 %. Apprentissage et qualification variable ; soins avancés et thérapie magique exigent formation.";0.003066152112602198;0.5352828367008875;0.05086432044624718
Cuisinier de haute cuisine;Cuisinier;0;0;0.0;A — activité attestée;"PG28; CC52";"Quartier général Ironhand à fonction de surveillance symbolique. Professions des résidents ; lieu de travail et commanditaires peuvent être extérieurs au quartier. Visiteurs exclus du stock. activité/institution locale Budget civil 18,00 % ; coefficient 0,000000 ; part de filière 0,000 %. Zéro proposé : Haute cuisine concentrée auprès de clientèle et maîtres attestés/proposés ; cuisine ordinaire conservée. Apprentissage et qualification variable ; soins avancés et thérapie magique exigent formation.";0;0;0
Poissonnier;Transformateur alimentaire;0.07170390376406674;0.09689716724873884;2.8681561505626694;D — activité déduite;"SB120; SB149";"Quartier général Ironhand à fonction de surveillance symbolique. Professions des résidents ; lieu de travail et commanditaires peuvent être extérieurs au quartier. Visiteurs exclus du stock. activité/institution locale Budget civil 28,00 % ; coefficient 1,300000 ; part de filière 1,009 %. Apprentissage, atelier, combustible et outils ; titre noble ne remplace pas qualification.";0.0035435243146039767;0.06186215417179711;0.006298225277665657
Saleur et sécheur alimentaire;Transformateur alimentaire;0.07170390376406674;0.09689716724873884;2.8681561505626694;D — activité déduite;"SB120; SB149";"Quartier général Ironhand à fonction de surveillance symbolique. Professions des résidents ; lieu de travail et commanditaires peuvent être extérieurs au quartier. Visiteurs exclus du stock. activité/institution locale Budget civil 28,00 % ; coefficient 1,300000 ; part de filière 1,009 %. Apprentissage, atelier, combustible et outils ; titre noble ne remplace pas qualification.";0.0035435243146039767;0.06186215417179711;0.006298225277665657
Fromager;Transformateur alimentaire;0.07170390376406674;0.09689716724873884;2.8681561505626694;A — activité attestée;"SB120; SB149";"Quartier général Ironhand à fonction de surveillance symbolique. Professions des résidents ; lieu de travail et commanditaires peuvent être extérieurs au quartier. Visiteurs exclus du stock. activité/institution locale Budget civil 28,00 % ; coefficient 1,300000 ; part de filière 1,009 %. Apprentissage, atelier, combustible et outils ; titre noble ne remplace pas qualification.";0.0035435243146039767;0.06186215417179711;0.006298225277665657
Huilier;Transformateur alimentaire;0.07170390376406674;0.09689716724873884;2.8681561505626694;P — activité proposée;"SB120; SB149";"Quartier général Ironhand à fonction de surveillance symbolique. Professions des résidents ; lieu de travail et commanditaires peuvent être extérieurs au quartier. Visiteurs exclus du stock. activité/institution locale Budget civil 28,00 % ; coefficient 1,300000 ; part de filière 1,009 %. Apprentissage, atelier, combustible et outils ; titre noble ne remplace pas qualification.";0.0035435243146039767;0.06186215417179711;0.006298225277665657
Brasseur;Fabricant de boissons;0.06618821885913852;0.08944353899883584;2.6475287543655406;A — activité attestée;"MJ128; SB120";"Quartier général Ironhand à fonction de surveillance symbolique. Professions des résidents ; lieu de travail et commanditaires peuvent être extérieurs au quartier. Visiteurs exclus du stock. activité/institution locale Budget civil 28,00 % ; coefficient 1,200000 ; part de filière 0,931 %. Apprentissage, atelier, combustible et outils ; titre noble ne remplace pas qualification.";0.003270945521172901;0.0571035269278127;0.005813746410152915
Distillateur;Fabricant de boissons;0.06618821885913852;0.08944353899883584;2.6475287543655406;A — activité attestée;"MJ128; SB120";"Quartier général Ironhand à fonction de surveillance symbolique. Professions des résidents ; lieu de travail et commanditaires peuvent être extérieurs au quartier. Visiteurs exclus du stock. activité/institution locale Budget civil 28,00 % ; coefficient 1,200000 ; part de filière 0,931 %. Apprentissage, atelier, combustible et outils ; titre noble ne remplace pas qualification.";0.003270945521172901;0.0571035269278127;0.005813746410152915
Distillateur de Highlandtuber;Fabricant de boissons;0;0;0.0;A — activité attestée;"SB120; SB121";"Quartier général Ironhand à fonction de surveillance symbolique. Professions des résidents ; lieu de travail et commanditaires peuvent être extérieurs au quartier. Visiteurs exclus du stock. activité/institution locale Budget civil 28,00 % ; coefficient 0,000000 ; part de filière 0,000 %. Zéro proposé : Filière régionale non retenue dans ce scénario, sans interdiction universelle. Apprentissage, atelier, combustible et outils ; titre noble ne remplace pas qualification.";0;0;0
Maître de cérémonie du thé;Maître de cérémonie du thé;0;0;0.0;A — activité attestée;SB201;"Quartier général Ironhand à fonction de surveillance symbolique. Professions des résidents ; lieu de travail et commanditaires peuvent être extérieurs au quartier. Visiteurs exclus du stock. activité/institution locale Budget civil 0,00 % ; coefficient 0,000000 ; part de filière 0,000 %. Zéro proposé : Filière régionale non retenue dans ce scénario, sans interdiction universelle. Apprentissage, audition et réseau ; accès au mérite notamment Mustardseed.";0;0;0
Alchimiste;Alchimiste;0.0441410733539703;0.05965009912698689;1.765642934158812;A — activité attestée;"MJ128; BR55";"Quartier général Ironhand à fonction de surveillance symbolique. Professions des résidents ; lieu de travail et commanditaires peuvent être extérieurs au quartier. Visiteurs exclus du stock. activité/institution locale Budget civil 2,00 % ; coefficient 2,500000 ; part de filière 8,695 %. Long apprentissage, frais, bourses, talent, licence ou secret ; titre ne donne pas maîtrise.";0.005490184466491768;0.03833862649091793;0.0003122623965605975
Apothicaire;Alchimiste;0.017656429341588117;0.02386003965079475;0.7062571736635246;A — activité attestée;"MJ128; BR55";"Quartier général Ironhand à fonction de surveillance symbolique. Professions des résidents ; lieu de travail et commanditaires peuvent être extérieurs au quartier. Visiteurs exclus du stock. activité/institution locale Budget civil 2,00 % ; coefficient 1,000000 ; part de filière 3,478 %. Long apprentissage, frais, bourses, talent, licence ou secret ; titre ne donne pas maîtrise.";0.0021960737865967086;0.015335450596367168;0.00012490495862423897
Préparateur de poisons;Alchimiste;0.017656429341588117;0.02386003965079475;0.7062571736635246;D — activité déduite;"BR55; SB193";"Quartier général Ironhand à fonction de surveillance symbolique. Professions des résidents ; lieu de travail et commanditaires peuvent être extérieurs au quartier. Visiteurs exclus du stock. activité/institution locale Budget civil 2,00 % ; coefficient 1,000000 ; part de filière 3,478 %. Long apprentissage, frais, bourses, talent, licence ou secret ; titre ne donne pas maîtrise.";0.0021960737865967086;0.015335450596367168;0.00012490495862423897
Préparateur de potions;Alchimiste;0.017656429341588117;0.02386003965079475;0.7062571736635246;A — activité attestée;SB138;"Quartier général Ironhand à fonction de surveillance symbolique. Professions des résidents ; lieu de travail et commanditaires peuvent être extérieurs au quartier. Visiteurs exclus du stock. activité/institution locale Budget civil 2,00 % ; coefficient 1,000000 ; part de filière 3,478 %. Long apprentissage, frais, bourses, talent, licence ou secret ; titre ne donne pas maîtrise.";0.0021960737865967086;0.015335450596367168;0.00012490495862423897
Préparateur d’Estelindea;Alchimiste;0;0;0.0;A — activité attestée;SB153;"Quartier général Ironhand à fonction de surveillance symbolique. Professions des résidents ; lieu de travail et commanditaires peuvent être extérieurs au quartier. Visiteurs exclus du stock. activité/institution locale Budget civil 2,00 % ; coefficient 0,000000 ; part de filière 0,000 %. Zéro proposé : Filière régionale non retenue dans ce scénario, sans interdiction universelle. Long apprentissage, frais, bourses, talent, licence ou secret ; titre ne donne pas maîtrise.";0;0;0
Charbonnier;Charbonnier;0.02541588785046729;0.03434579439252336;1.0166355140186916;P — activité proposée;SB128;"Quartier général Ironhand à fonction de surveillance symbolique. Professions des résidents ; lieu de travail et commanditaires peuvent être extérieurs au quartier. Visiteurs exclus du stock. activité/institution locale Budget civil 1,00 % ; coefficient 0,750000 ; part de filière 10,013 %. Savoir-faire de terrain et sécurité ; procédé spécialisé distinct du rang social.";0.0002615449805223687;0.022830005485291398;0.0023243373846535227
Fondeur et affineur;Métallurgiste;0.038609794334497474;0.05217539774932091;1.5443917733798989;D — activité déduite;"SB198; SB160";"Quartier général Ironhand à fonction de surveillance symbolique. Professions des résidents ; lieu de travail et commanditaires peuvent être extérieurs au quartier. Visiteurs exclus du stock. activité/institution locale Budget civil 28,00 % ; coefficient 0,700000 ; part de filière 0,543 %. Apprentissage, atelier, combustible et outils ; titre noble ne remplace pas qualification.";0.0019080515540175259;0.03331039070789075;0.003391352072589201
Aciériste;Métallurgiste;0.038609794334497474;0.05217539774932091;1.5443917733798989;D — activité déduite;SB198;"Quartier général Ironhand à fonction de surveillance symbolique. Professions des résidents ; lieu de travail et commanditaires peuvent être extérieurs au quartier. Visiteurs exclus du stock. activité/institution locale Budget civil 28,00 % ; coefficient 0,700000 ; part de filière 0,543 %. Apprentissage, atelier, combustible et outils ; titre noble ne remplace pas qualification.";0.0019080515540175259;0.03331039070789075;0.003391352072589201
Forgeron;Forgeron;0.27578424524641054;0.37268141249514936;11.031369809856422;A — activité attestée;MJ128;"Quartier général Ironhand à fonction de surveillance symbolique. Professions des résidents ; lieu de travail et commanditaires peuvent être extérieurs au quartier. Visiteurs exclus du stock. activité/institution locale Budget civil 28,00 % ; coefficient 5,000000 ; part de filière 3,880 %. Apprentissage, atelier, combustible et outils ; titre noble ne remplace pas qualification.";0.013628939671553757;0.23793136219921962;0.024223943375637144
Armurier;Forgeron;0.11031369809856421;0.14907256499805976;4.412547923942569;A — activité attestée;MJ128;"Quartier général Ironhand à fonction de surveillance symbolique. Professions des résidents ; lieu de travail et commanditaires peuvent être extérieurs au quartier. Visiteurs exclus du stock. activité/institution locale Budget civil 28,00 % ; coefficient 2,000000 ; part de filière 1,552 %. Apprentissage, atelier, combustible et outils ; titre noble ne remplace pas qualification.";0.005451575868621502;0.09517254487968785;0.009689577350254861
Coutelier;Forgeron;0.11031369809856421;0.14907256499805976;4.412547923942569;D — activité déduite;MJ128;"Quartier général Ironhand à fonction de surveillance symbolique. Professions des résidents ; lieu de travail et commanditaires peuvent être extérieurs au quartier. Visiteurs exclus du stock. activité/institution locale Budget civil 28,00 % ; coefficient 2,000000 ; part de filière 1,552 %. Apprentissage, atelier, combustible et outils ; titre noble ne remplace pas qualification.";0.005451575868621502;0.09517254487968785;0.009689577350254861
Rémouleur;Forgeron;0.11031369809856421;0.14907256499805976;4.412547923942569;D — activité déduite;MJ128;"Quartier général Ironhand à fonction de surveillance symbolique. Professions des résidents ; lieu de travail et commanditaires peuvent être extérieurs au quartier. Visiteurs exclus du stock. activité/institution locale Budget civil 28,00 % ; coefficient 2,000000 ; part de filière 1,552 %. Apprentissage, atelier, combustible et outils ; titre noble ne remplace pas qualification.";0.005451575868621502;0.09517254487968785;0.009689577350254861
Serrurier;Mécanicien et artisan du métal;0.06618821885913852;0.08944353899883584;2.6475287543655406;A — activité attestée;"MJ128; SB174";"Quartier général Ironhand à fonction de surveillance symbolique. Professions des résidents ; lieu de travail et commanditaires peuvent être extérieurs au quartier. Visiteurs exclus du stock. activité/institution locale Budget civil 28,00 % ; coefficient 1,200000 ; part de filière 0,931 %. Apprentissage, atelier, combustible et outils ; titre noble ne remplace pas qualification.";0.003270945521172901;0.0571035269278127;0.005813746410152915
Rétameur;Mécanicien et artisan du métal;0.06618821885913852;0.08944353899883584;2.6475287543655406;A — activité attestée;"MJ128; SB174";"Quartier général Ironhand à fonction de surveillance symbolique. Professions des résidents ; lieu de travail et commanditaires peuvent être extérieurs au quartier. Visiteurs exclus du stock. activité/institution locale Budget civil 28,00 % ; coefficient 1,200000 ; part de filière 0,931 %. Apprentissage, atelier, combustible et outils ; titre noble ne remplace pas qualification.";0.003270945521172901;0.0571035269278127;0.005813746410152915
Réparateur et bricoleur;Mécanicien et artisan du métal;0.06618821885913852;0.08944353899883584;2.6475287543655406;A — activité attestée;"MJ128; SB174";"Quartier général Ironhand à fonction de surveillance symbolique. Professions des résidents ; lieu de travail et commanditaires peuvent être extérieurs au quartier. Visiteurs exclus du stock. activité/institution locale Budget civil 28,00 % ; coefficient 1,200000 ; part de filière 0,931 %. Apprentissage, atelier, combustible et outils ; titre noble ne remplace pas qualification.";0.003270945521172901;0.0571035269278127;0.005813746410152915
Horloger;Mécanicien et artisan du métal;0;0;0.0;D — activité déduite;SB174;"Quartier général Ironhand à fonction de surveillance symbolique. Professions des résidents ; lieu de travail et commanditaires peuvent être extérieurs au quartier. Visiteurs exclus du stock. activité/institution locale Budget civil 28,00 % ; coefficient 0,000000 ; part de filière 0,000 %. Zéro proposé : Climat, matière ou culture hors filière régionale retenue ; aucun établissement exceptionnel proposé. Apprentissage, atelier, combustible et outils ; titre noble ne remplace pas qualification.";0;0;0
Fabricant d’outils de précision;Mécanicien et artisan du métal;0;0;0.0;A — activité attestée;SB174;"Quartier général Ironhand à fonction de surveillance symbolique. Professions des résidents ; lieu de travail et commanditaires peuvent être extérieurs au quartier. Visiteurs exclus du stock. activité/institution locale Budget civil 28,00 % ; coefficient 0,000000 ; part de filière 0,000 %. Zéro proposé : Climat, matière ou culture hors filière régionale retenue ; aucun établissement exceptionnel proposé. Apprentissage, atelier, combustible et outils ; titre noble ne remplace pas qualification.";0;0;0
Fabricant d’instruments de navigation;Mécanicien et artisan du métal;0;0;0.0;D — activité déduite;SB174;"Quartier général Ironhand à fonction de surveillance symbolique. Professions des résidents ; lieu de travail et commanditaires peuvent être extérieurs au quartier. Visiteurs exclus du stock. activité/institution locale Budget civil 28,00 % ; coefficient 0,000000 ; part de filière 0,000 %. Zéro proposé : Climat, matière ou culture hors filière régionale retenue ; aucun établissement exceptionnel proposé. Apprentissage, atelier, combustible et outils ; titre noble ne remplace pas qualification.";0;0;0
Bijoutier;Bijoutier;0.11031369809856421;0.14907256499805976;4.412547923942569;A — activité attestée;MJ128;"Quartier général Ironhand à fonction de surveillance symbolique. Professions des résidents ; lieu de travail et commanditaires peuvent être extérieurs au quartier. Visiteurs exclus du stock. activité/institution locale Budget civil 28,00 % ; coefficient 2,000000 ; part de filière 1,552 %. Apprentissage, atelier, combustible et outils ; titre noble ne remplace pas qualification.";0.005451575868621502;0.09517254487968785;0.009689577350254861
Orfèvre;Bijoutier;0.04412547923942568;0.0596290259992239;1.7650191695770272;A — activité attestée;MJ128;"Quartier général Ironhand à fonction de surveillance symbolique. Professions des résidents ; lieu de travail et commanditaires peuvent être extérieurs au quartier. Visiteurs exclus du stock. activité/institution locale Budget civil 28,00 % ; coefficient 0,800000 ; part de filière 0,621 %. Apprentissage, atelier, combustible et outils ; titre noble ne remplace pas qualification.";0.0021806303474486;0.03806901795187514;0.0038758309401019436
Lapidaire et tailleur de gemmes;Bijoutier;0.04412547923942568;0.0596290259992239;1.7650191695770272;A — activité attestée;MJ128;"Quartier général Ironhand à fonction de surveillance symbolique. Professions des résidents ; lieu de travail et commanditaires peuvent être extérieurs au quartier. Visiteurs exclus du stock. activité/institution locale Budget civil 28,00 % ; coefficient 0,800000 ; part de filière 0,621 %. Apprentissage, atelier, combustible et outils ; titre noble ne remplace pas qualification.";0.0021806303474486;0.03806901795187514;0.0038758309401019436
Tanneur;Tanneur;0.06894606131160264;0.09317035312378734;2.7578424524641054;A — activité attestée;MJ128;"Quartier général Ironhand à fonction de surveillance symbolique. Professions des résidents ; lieu de travail et commanditaires peuvent être extérieurs au quartier. Visiteurs exclus du stock. activité/institution locale Budget civil 28,00 % ; coefficient 1,250000 ; part de filière 0,970 %. Apprentissage, atelier, combustible et outils ; titre noble ne remplace pas qualification.";0.003407234917888439;0.059482840549804905;0.006055985843909286
Fourreur;Tanneur;0.027578424524641054;0.03726814124951494;1.1031369809856422;D — activité déduite;"SB120; SB133";"Quartier général Ironhand à fonction de surveillance symbolique. Professions des résidents ; lieu de travail et commanditaires peuvent être extérieurs au quartier. Visiteurs exclus du stock. activité/institution locale Budget civil 28,00 % ; coefficient 0,500000 ; part de filière 0,388 %. Apprentissage, atelier, combustible et outils ; titre noble ne remplace pas qualification.";0.0013628939671553755;0.023793136219921962;0.0024223943375637153
Maroquinier;Artisan du cuir;0.08825095847885137;0.1192580519984478;3.5300383391540544;A — activité attestée;MJ128;"Quartier général Ironhand à fonction de surveillance symbolique. Professions des résidents ; lieu de travail et commanditaires peuvent être extérieurs au quartier. Visiteurs exclus du stock. activité/institution locale Budget civil 28,00 % ; coefficient 1,600000 ; part de filière 1,242 %. Apprentissage, atelier, combustible et outils ; titre noble ne remplace pas qualification.";0.0043612606948972;0.07613803590375028;0.007751661880203887
Bourrelier et sellier;Artisan du cuir;0.08825095847885137;0.1192580519984478;3.5300383391540544;D — activité déduite;"MJ128; SB163";"Quartier général Ironhand à fonction de surveillance symbolique. Professions des résidents ; lieu de travail et commanditaires peuvent être extérieurs au quartier. Visiteurs exclus du stock. activité/institution locale Budget civil 28,00 % ; coefficient 1,600000 ; part de filière 1,242 %. Apprentissage, atelier, combustible et outils ; titre noble ne remplace pas qualification.";0.0043612606948972;0.07613803590375028;0.007751661880203887
Boursier, fabricant de bourses;Artisan du cuir;0.08825095847885137;0.1192580519984478;3.5300383391540544;D — activité déduite;MJ128;"Quartier général Ironhand à fonction de surveillance symbolique. Professions des résidents ; lieu de travail et commanditaires peuvent être extérieurs au quartier. Visiteurs exclus du stock. activité/institution locale Budget civil 28,00 % ; coefficient 1,600000 ; part de filière 1,242 %. Apprentissage, atelier, combustible et outils ; titre noble ne remplace pas qualification.";0.0043612606948972;0.07613803590375028;0.007751661880203887
Gantier;Artisan du cuir;0.08825095847885137;0.1192580519984478;3.5300383391540544;D — activité déduite;MJ128;"Quartier général Ironhand à fonction de surveillance symbolique. Professions des résidents ; lieu de travail et commanditaires peuvent être extérieurs au quartier. Visiteurs exclus du stock. activité/institution locale Budget civil 28,00 % ; coefficient 1,600000 ; part de filière 1,242 %. Apprentissage, atelier, combustible et outils ; titre noble ne remplace pas qualification.";0.0043612606948972;0.07613803590375028;0.007751661880203887
Cordonnier;Artisan du cuir;0.08825095847885137;0.1192580519984478;3.5300383391540544;A — activité attestée;MJ128;"Quartier général Ironhand à fonction de surveillance symbolique. Professions des résidents ; lieu de travail et commanditaires peuvent être extérieurs au quartier. Visiteurs exclus du stock. activité/institution locale Budget civil 28,00 % ; coefficient 1,600000 ; part de filière 1,242 %. Apprentissage, atelier, combustible et outils ; titre noble ne remplace pas qualification.";0.0043612606948972;0.07613803590375028;0.007751661880203887
Fileur;Artisan textile;0.11031369809856421;0.14907256499805976;4.412547923942569;D — activité déduite;MJ128;"Quartier général Ironhand à fonction de surveillance symbolique. Professions des résidents ; lieu de travail et commanditaires peuvent être extérieurs au quartier. Visiteurs exclus du stock. activité/institution locale Budget civil 28,00 % ; coefficient 2,000000 ; part de filière 1,552 %. Apprentissage, atelier, combustible et outils ; titre noble ne remplace pas qualification.";0.005451575868621502;0.09517254487968785;0.009689577350254861
Tisserand;Artisan textile;0.11031369809856421;0.14907256499805976;4.412547923942569;A — activité attestée;MJ128;"Quartier général Ironhand à fonction de surveillance symbolique. Professions des résidents ; lieu de travail et commanditaires peuvent être extérieurs au quartier. Visiteurs exclus du stock. activité/institution locale Budget civil 28,00 % ; coefficient 2,000000 ; part de filière 1,552 %. Apprentissage, atelier, combustible et outils ; titre noble ne remplace pas qualification.";0.005451575868621502;0.09517254487968785;0.009689577350254861
Teinturier;Artisan textile;0.11031369809856421;0.14907256499805976;4.412547923942569;A — activité attestée;MJ128;"Quartier général Ironhand à fonction de surveillance symbolique. Professions des résidents ; lieu de travail et commanditaires peuvent être extérieurs au quartier. Visiteurs exclus du stock. activité/institution locale Budget civil 28,00 % ; coefficient 2,000000 ; part de filière 1,552 %. Apprentissage, atelier, combustible et outils ; titre noble ne remplace pas qualification.";0.005451575868621502;0.09517254487968785;0.009689577350254861
Tailleur;Tailleur de vêtements;0.11031369809856421;0.14907256499805976;4.412547923942569;D — activité déduite;"MJ128; SB139";"Quartier général Ironhand à fonction de surveillance symbolique. Professions des résidents ; lieu de travail et commanditaires peuvent être extérieurs au quartier. Visiteurs exclus du stock. activité/institution locale Budget civil 28,00 % ; coefficient 2,000000 ; part de filière 1,552 %. Apprentissage, atelier, combustible et outils ; titre noble ne remplace pas qualification.";0.005451575868621502;0.09517254487968785;0.009689577350254861
Modiste et fabricant de coiffes;Tailleur de vêtements;0.11031369809856421;0.14907256499805976;4.412547923942569;D — activité déduite;"SB139; SB120";"Quartier général Ironhand à fonction de surveillance symbolique. Professions des résidents ; lieu de travail et commanditaires peuvent être extérieurs au quartier. Visiteurs exclus du stock. activité/institution locale Budget civil 28,00 % ; coefficient 2,000000 ; part de filière 1,552 %. Apprentissage, atelier, combustible et outils ; titre noble ne remplace pas qualification.";0.005451575868621502;0.09517254487968785;0.009689577350254861
Tapissier;Tapissier;0.05515684904928211;0.07453628249902988;2.2062739619712843;D — activité déduite;SB200;"Quartier général Ironhand à fonction de surveillance symbolique. Professions des résidents ; lieu de travail et commanditaires peuvent être extérieurs au quartier. Visiteurs exclus du stock. activité/institution locale Budget civil 28,00 % ; coefficient 1,000000 ; part de filière 0,776 %. Apprentissage, atelier, combustible et outils ; titre noble ne remplace pas qualification.";0.002725787934310751;0.047586272439843924;0.004844788675127431
Menuisier;Menuisier;0.27578424524641054;0.37268141249514936;11.031369809856422;D — activité déduite;"MJ128; SB152";"Quartier général Ironhand à fonction de surveillance symbolique. Professions des résidents ; lieu de travail et commanditaires peuvent être extérieurs au quartier. Visiteurs exclus du stock. activité/institution locale Budget civil 28,00 % ; coefficient 5,000000 ; part de filière 3,880 %. Apprentissage, atelier, combustible et outils ; titre noble ne remplace pas qualification.";0.013628939671553757;0.23793136219921962;0.024223943375637144
Ébéniste;Menuisier;0.11031369809856421;0.14907256499805976;4.412547923942569;D — activité déduite;MJ128;"Quartier général Ironhand à fonction de surveillance symbolique. Professions des résidents ; lieu de travail et commanditaires peuvent être extérieurs au quartier. Visiteurs exclus du stock. activité/institution locale Budget civil 28,00 % ; coefficient 2,000000 ; part de filière 1,552 %. Apprentissage, atelier, combustible et outils ; titre noble ne remplace pas qualification.";0.005451575868621502;0.09517254487968785;0.009689577350254861
Sculpteur sur bois;Menuisier;0.11031369809856421;0.14907256499805976;4.412547923942569;A — activité attestée;MJ128;"Quartier général Ironhand à fonction de surveillance symbolique. Professions des résidents ; lieu de travail et commanditaires peuvent être extérieurs au quartier. Visiteurs exclus du stock. activité/institution locale Budget civil 28,00 % ; coefficient 2,000000 ; part de filière 1,552 %. Apprentissage, atelier, combustible et outils ; titre noble ne remplace pas qualification.";0.005451575868621502;0.09517254487968785;0.009689577350254861
Tonnelier;Menuisier;0.11031369809856421;0.14907256499805976;4.412547923942569;A — activité attestée;MJ128;"Quartier général Ironhand à fonction de surveillance symbolique. Professions des résidents ; lieu de travail et commanditaires peuvent être extérieurs au quartier. Visiteurs exclus du stock. activité/institution locale Budget civil 28,00 % ; coefficient 2,000000 ; part de filière 1,552 %. Apprentissage, atelier, combustible et outils ; titre noble ne remplace pas qualification.";0.005451575868621502;0.09517254487968785;0.009689577350254861
Charron;Menuisier;0.11031369809856421;0.14907256499805976;4.412547923942569;A — activité attestée;MJ128;"Quartier général Ironhand à fonction de surveillance symbolique. Professions des résidents ; lieu de travail et commanditaires peuvent être extérieurs au quartier. Visiteurs exclus du stock. activité/institution locale Budget civil 28,00 % ; coefficient 2,000000 ; part de filière 1,552 %. Apprentissage, atelier, combustible et outils ; titre noble ne remplace pas qualification.";0.005451575868621502;0.09517254487968785;0.009689577350254861
Charpentier;Charpentier;0.17925975941016684;0.24224291812184706;7.170390376406673;A — activité attestée;MJ128;"Quartier général Ironhand à fonction de surveillance symbolique. Professions des résidents ; lieu de travail et commanditaires peuvent être extérieurs au quartier. Visiteurs exclus du stock. activité/institution locale Budget civil 28,00 % ; coefficient 3,250000 ; part de filière 2,522 %. Apprentissage, atelier, combustible et outils ; titre noble ne remplace pas qualification.";0.008858810786509942;0.15465538542949275;0.015745563194164144
Couvreur;Charpentier;0.07170390376406674;0.09689716724873884;2.8681561505626694;A — activité attestée;MJ128;"Quartier général Ironhand à fonction de surveillance symbolique. Professions des résidents ; lieu de travail et commanditaires peuvent être extérieurs au quartier. Visiteurs exclus du stock. activité/institution locale Budget civil 28,00 % ; coefficient 1,300000 ; part de filière 1,009 %. Apprentissage, atelier, combustible et outils ; titre noble ne remplace pas qualification.";0.0035435243146039767;0.06186215417179711;0.006298225277665657
Constructeur naval;Constructeur naval;0.4136763678696158;0.5590221187427241;16.547054714784633;A — activité attestée;"MJ128; SB148";"Quartier général Ironhand à fonction de surveillance symbolique. Professions des résidents ; lieu de travail et commanditaires peuvent être extérieurs au quartier. Visiteurs exclus du stock. activité/institution locale Budget civil 28,00 % ; coefficient 7,500000 ; part de filière 5,821 %. Apprentissage, atelier, combustible et outils ; titre noble ne remplace pas qualification.";0.020443409507330642;0.35689704329882943;0.03633591506345572
Calfat;Constructeur naval;0.16547054714784631;0.22360884749708962;6.618821885913852;D — activité déduite;"MJ128; SB148";"Quartier général Ironhand à fonction de surveillance symbolique. Professions des résidents ; lieu de travail et commanditaires peuvent être extérieurs au quartier. Visiteurs exclus du stock. activité/institution locale Budget civil 28,00 % ; coefficient 3,000000 ; part de filière 2,328 %. Apprentissage, atelier, combustible et outils ; titre noble ne remplace pas qualification.";0.008177363802932255;0.14275881731953177;0.014534366025382292
Constructeur de drakkars;Constructeur naval;0;0;0.0;A — activité attestée;SB130;"Quartier général Ironhand à fonction de surveillance symbolique. Professions des résidents ; lieu de travail et commanditaires peuvent être extérieurs au quartier. Visiteurs exclus du stock. activité/institution locale Budget civil 28,00 % ; coefficient 0,000000 ; part de filière 0,000 %. Zéro proposé : Filière régionale non retenue dans ce scénario, sans interdiction universelle. Apprentissage, atelier, combustible et outils ; titre noble ne remplace pas qualification.";0;0;0
Cordier;Cordier;0.2068381839348079;0.27951105937136206;8.273527357392316;D — activité déduite;SB130;"Quartier général Ironhand à fonction de surveillance symbolique. Professions des résidents ; lieu de travail et commanditaires peuvent être extérieurs au quartier. Visiteurs exclus du stock. activité/institution locale Budget civil 28,00 % ; coefficient 3,750000 ; part de filière 2,910 %. Apprentissage, atelier, combustible et outils ; titre noble ne remplace pas qualification.";0.010221704753665321;0.17844852164941472;0.01816795753172786
Voilier;Cordier;0.08273527357392316;0.11180442374854481;3.309410942956926;A — activité attestée;MJ128;"Quartier général Ironhand à fonction de surveillance symbolique. Professions des résidents ; lieu de travail et commanditaires peuvent être extérieurs au quartier. Visiteurs exclus du stock. activité/institution locale Budget civil 28,00 % ; coefficient 1,500000 ; part de filière 1,164 %. Apprentissage, atelier, combustible et outils ; titre noble ne remplace pas qualification.";0.004088681901466128;0.07137940865976589;0.007267183012691146
Facteur d’arcs;Facteur d’arcs;0.05515684904928211;0.07453628249902988;2.2062739619712843;A — activité attestée;"MJ128; SB152";"Quartier général Ironhand à fonction de surveillance symbolique. Professions des résidents ; lieu de travail et commanditaires peuvent être extérieurs au quartier. Visiteurs exclus du stock. activité/institution locale Budget civil 28,00 % ; coefficient 1,000000 ; part de filière 0,776 %. Apprentissage, atelier, combustible et outils ; titre noble ne remplace pas qualification.";0.002725787934310751;0.047586272439843924;0.004844788675127431
Fabricant de flèches;Facteur d’arcs;0.02206273961971284;0.02981451299961195;0.8825095847885136;A — activité attestée;SB152;"Quartier général Ironhand à fonction de surveillance symbolique. Professions des résidents ; lieu de travail et commanditaires peuvent être extérieurs au quartier. Visiteurs exclus du stock. activité/institution locale Budget civil 28,00 % ; coefficient 0,400000 ; part de filière 0,310 %. Apprentissage, atelier, combustible et outils ; titre noble ne remplace pas qualification.";0.0010903151737243;0.01903450897593757;0.0019379154700509718
Luthier et facteur d’instruments;Luthier;0.04136763678696158;0.055902211874272405;1.654705471478463;D — activité déduite;BR55;"Quartier général Ironhand à fonction de surveillance symbolique. Professions des résidents ; lieu de travail et commanditaires peuvent être extérieurs au quartier. Visiteurs exclus du stock. activité/institution locale Budget civil 28,00 % ; coefficient 0,750000 ; part de filière 0,582 %. Apprentissage, atelier, combustible et outils ; titre noble ne remplace pas qualification.";0.002044340950733064;0.03568970432988294;0.003633591506345573
Tailleur de pierre;Tailleur de pierre;0.13789212262320527;0.18634070624757468;5.515684904928211;A — activité attestée;"MJ128; SB161";"Quartier général Ironhand à fonction de surveillance symbolique. Professions des résidents ; lieu de travail et commanditaires peuvent être extérieurs au quartier. Visiteurs exclus du stock. activité/institution locale Budget civil 28,00 % ; coefficient 2,500000 ; part de filière 1,940 %. Apprentissage, atelier, combustible et outils ; titre noble ne remplace pas qualification.";0.006814469835776878;0.11896568109960981;0.012111971687818572
Sculpteur sur pierre;Tailleur de pierre;0.05515684904928211;0.07453628249902988;2.2062739619712843;D — activité déduite;"MJ128; SB161";"Quartier général Ironhand à fonction de surveillance symbolique. Professions des résidents ; lieu de travail et commanditaires peuvent être extérieurs au quartier. Visiteurs exclus du stock. activité/institution locale Budget civil 28,00 % ; coefficient 1,000000 ; part de filière 0,776 %. Apprentissage, atelier, combustible et outils ; titre noble ne remplace pas qualification.";0.002725787934310751;0.047586272439843924;0.004844788675127431
Sculpteur de statues de Stone Spirits;Tailleur de pierre;0;0;0.0;A — activité attestée;SB161;"Quartier général Ironhand à fonction de surveillance symbolique. Professions des résidents ; lieu de travail et commanditaires peuvent être extérieurs au quartier. Visiteurs exclus du stock. activité/institution locale Budget civil 28,00 % ; coefficient 0,000000 ; part de filière 0,000 %. Zéro proposé : Filière régionale non retenue dans ce scénario, sans interdiction universelle. Apprentissage, atelier, combustible et outils ; titre noble ne remplace pas qualification.";0;0;0
Maçon;Maçon;0.5515684904928211;0.7453628249902987;22.062739619712843;A — activité attestée;"MJ128; SB90";"Quartier général Ironhand à fonction de surveillance symbolique. Professions des résidents ; lieu de travail et commanditaires peuvent être extérieurs au quartier. Visiteurs exclus du stock. activité/institution locale Budget civil 28,00 % ; coefficient 10,000000 ; part de filière 7,761 %. Apprentissage, atelier, combustible et outils ; titre noble ne remplace pas qualification.";0.027257879343107513;0.47586272439843924;0.04844788675127429
Plâtrier;Maçon;0.22062739619712843;0.29814512999611953;8.825095847885137;A — activité attestée;"MJ128; SB90";"Quartier général Ironhand à fonction de surveillance symbolique. Professions des résidents ; lieu de travail et commanditaires peuvent être extérieurs au quartier. Visiteurs exclus du stock. activité/institution locale Budget civil 28,00 % ; coefficient 4,000000 ; part de filière 3,104 %. Apprentissage, atelier, combustible et outils ; titre noble ne remplace pas qualification.";0.010903151737243004;0.1903450897593757;0.019379154700509722
Manœuvre de chantier;Maçon;0.2206273961971284;0.2981451299961195;8.825095847885136;A — activité attestée;SB90;"Quartier général Ironhand à fonction de surveillance symbolique. Professions des résidents ; lieu de travail et commanditaires peuvent être extérieurs au quartier. Visiteurs exclus du stock. activité/institution locale Budget civil 28,00 % ; coefficient 4,000000 ; part de filière 3,104 %. Apprentissage, atelier, combustible et outils ; titre noble ne remplace pas qualification.";0.00558969398712554;0.19516756793772577;0.019870134272277084
Architecte;Architecte;0.11031369809856421;0.14907256499805976;4.412547923942569;A — activité attestée;SB174;"Quartier général Ironhand à fonction de surveillance symbolique. Professions des résidents ; lieu de travail et commanditaires peuvent être extérieurs au quartier. Visiteurs exclus du stock. activité/institution locale Budget civil 28,00 % ; coefficient 2,000000 ; part de filière 1,552 %. Apprentissage, atelier, combustible et outils ; titre noble ne remplace pas qualification.";0.005451575868621502;0.09517254487968785;0.009689577350254861
Géomètre et arpenteur;Architecte;0.04412547923942568;0.0596290259992239;1.7650191695770272;A — activité attestée;MJ128;"Quartier général Ironhand à fonction de surveillance symbolique. Professions des résidents ; lieu de travail et commanditaires peuvent être extérieurs au quartier. Visiteurs exclus du stock. activité/institution locale Budget civil 28,00 % ; coefficient 0,800000 ; part de filière 0,621 %. Apprentissage, atelier, combustible et outils ; titre noble ne remplace pas qualification.";0.0021806303474486;0.03806901795187514;0.0038758309401019436
Potier;Potier;0.13789212262320527;0.18634070624757468;5.515684904928211;A — activité attestée;"MJ128; SB200";"Quartier général Ironhand à fonction de surveillance symbolique. Professions des résidents ; lieu de travail et commanditaires peuvent être extérieurs au quartier. Visiteurs exclus du stock. activité/institution locale Budget civil 28,00 % ; coefficient 2,500000 ; part de filière 1,940 %. Apprentissage, atelier, combustible et outils ; titre noble ne remplace pas qualification.";0.006814469835776878;0.11896568109960981;0.012111971687818572
Tuilier;Potier;0.05515684904928211;0.07453628249902988;2.2062739619712843;A — activité attestée;"MJ128; SB200";"Quartier général Ironhand à fonction de surveillance symbolique. Professions des résidents ; lieu de travail et commanditaires peuvent être extérieurs au quartier. Visiteurs exclus du stock. activité/institution locale Budget civil 28,00 % ; coefficient 1,000000 ; part de filière 0,776 %. Apprentissage, atelier, combustible et outils ; titre noble ne remplace pas qualification.";0.002725787934310751;0.047586272439843924;0.004844788675127431
Porcelainier;Potier;0.05515684904928211;0.07453628249902988;2.2062739619712843;D — activité déduite;SB200;"Quartier général Ironhand à fonction de surveillance symbolique. Professions des résidents ; lieu de travail et commanditaires peuvent être extérieurs au quartier. Visiteurs exclus du stock. activité/institution locale Budget civil 28,00 % ; coefficient 1,000000 ; part de filière 0,776 %. Apprentissage, atelier, combustible et outils ; titre noble ne remplace pas qualification.";0.002725787934310751;0.047586272439843924;0.004844788675127431
Souffleur de verre;Verrier;0.038609794334497474;0.05217539774932091;1.5443917733798989;A — activité attestée;"MJ128; SB174";"Quartier général Ironhand à fonction de surveillance symbolique. Professions des résidents ; lieu de travail et commanditaires peuvent être extérieurs au quartier. Visiteurs exclus du stock. activité/institution locale Budget civil 28,00 % ; coefficient 0,700000 ; part de filière 0,543 %. Apprentissage, atelier, combustible et outils ; titre noble ne remplace pas qualification.";0.0019080515540175259;0.03331039070789075;0.003391352072589201
Vitrier;Verrier;0.038609794334497474;0.05217539774932091;1.5443917733798989;A — activité attestée;"MJ128; SB174";"Quartier général Ironhand à fonction de surveillance symbolique. Professions des résidents ; lieu de travail et commanditaires peuvent être extérieurs au quartier. Visiteurs exclus du stock. activité/institution locale Budget civil 28,00 % ; coefficient 0,700000 ; part de filière 0,543 %. Apprentissage, atelier, combustible et outils ; titre noble ne remplace pas qualification.";0.0019080515540175259;0.03331039070789075;0.003391352072589201
Opticien et fabricant de lentilles;Verrier;0;0;0.0;D — activité déduite;SB174;"Quartier général Ironhand à fonction de surveillance symbolique. Professions des résidents ; lieu de travail et commanditaires peuvent être extérieurs au quartier. Visiteurs exclus du stock. activité/institution locale Budget civil 28,00 % ; coefficient 0,000000 ; part de filière 0,000 %. Zéro proposé : Climat, matière ou culture hors filière régionale retenue ; aucun établissement exceptionnel proposé. Apprentissage, atelier, combustible et outils ; titre noble ne remplace pas qualification.";0;0;0
Papetier;Papetier et artisan du livre;0.04412547923942568;0.0596290259992239;1.7650191695770272;A — activité attestée;SB138;"Quartier général Ironhand à fonction de surveillance symbolique. Professions des résidents ; lieu de travail et commanditaires peuvent être extérieurs au quartier. Visiteurs exclus du stock. activité/institution locale Budget civil 28,00 % ; coefficient 0,800000 ; part de filière 0,621 %. Apprentissage, atelier, combustible et outils ; titre noble ne remplace pas qualification.";0.0021806303474486;0.03806901795187514;0.0038758309401019436
Relieur;Papetier et artisan du livre;0.04412547923942568;0.0596290259992239;1.7650191695770272;D — activité déduite;"SB138; MJ128";"Quartier général Ironhand à fonction de surveillance symbolique. Professions des résidents ; lieu de travail et commanditaires peuvent être extérieurs au quartier. Visiteurs exclus du stock. activité/institution locale Budget civil 28,00 % ; coefficient 0,800000 ; part de filière 0,621 %. Apprentissage, atelier, combustible et outils ; titre noble ne remplace pas qualification.";0.0021806303474486;0.03806901795187514;0.0038758309401019436
Chandelier;Chandelier;0.06894606131160264;0.09317035312378734;2.7578424524641054;P — activité proposée;SB98;"Quartier général Ironhand à fonction de surveillance symbolique. Professions des résidents ; lieu de travail et commanditaires peuvent être extérieurs au quartier. Visiteurs exclus du stock. activité/institution locale Budget civil 28,00 % ; coefficient 1,250000 ; part de filière 0,970 %. Apprentissage, atelier, combustible et outils ; titre noble ne remplace pas qualification.";0.003407234917888439;0.059482840549804905;0.006055985843909286
Peintre;Peintre;0.11031369809856421;0.14907256499805976;4.412547923942569;A — activité attestée;"MJ128; SB190";"Quartier général Ironhand à fonction de surveillance symbolique. Professions des résidents ; lieu de travail et commanditaires peuvent être extérieurs au quartier. Visiteurs exclus du stock. activité/institution locale Budget civil 28,00 % ; coefficient 2,000000 ; part de filière 1,552 %. Apprentissage, atelier, combustible et outils ; titre noble ne remplace pas qualification.";0.005451575868621502;0.09517254487968785;0.009689577350254861
Fabricant d’enseignes;Peintre;0.04412547923942568;0.0596290259992239;1.7650191695770272;A — activité attestée;"MJ128; SB190";"Quartier général Ironhand à fonction de surveillance symbolique. Professions des résidents ; lieu de travail et commanditaires peuvent être extérieurs au quartier. Visiteurs exclus du stock. activité/institution locale Budget civil 28,00 % ; coefficient 0,800000 ; part de filière 0,621 %. Apprentissage, atelier, combustible et outils ; titre noble ne remplace pas qualification.";0.0021806303474486;0.03806901795187514;0.0038758309401019436
Enlumineur;Peintre;0.04412547923942568;0.0596290259992239;1.7650191695770272;A — activité attestée;"MJ128; SB190";"Quartier général Ironhand à fonction de surveillance symbolique. Professions des résidents ; lieu de travail et commanditaires peuvent être extérieurs au quartier. Visiteurs exclus du stock. activité/institution locale Budget civil 28,00 % ; coefficient 0,800000 ; part de filière 0,621 %. Apprentissage, atelier, combustible et outils ; titre noble ne remplace pas qualification.";0.0021806303474486;0.03806901795187514;0.0038758309401019436
Peintre de guerre spirituel;Peintre;0;0;0.0;A — activité attestée;SB193;"Quartier général Ironhand à fonction de surveillance symbolique. Professions des résidents ; lieu de travail et commanditaires peuvent être extérieurs au quartier. Visiteurs exclus du stock. activité/institution locale Initiation de la Red Mother ou apprentissage autorisé; recette complète non librement disponible Budget civil 28,00 % ; coefficient 0,000000 ; part de filière 0,000 %. Zéro proposé : Filière régionale non retenue dans ce scénario, sans interdiction universelle. Apprentissage, atelier, combustible et outils ; titre noble ne remplace pas qualification.";0;0;0
Tatoueur rituel;Peintre;0;0;0.0;D — activité déduite;"SB200; SB204";"Quartier général Ironhand à fonction de surveillance symbolique. Professions des résidents ; lieu de travail et commanditaires peuvent être extérieurs au quartier. Visiteurs exclus du stock. activité/institution locale Budget civil 28,00 % ; coefficient 0,000000 ; part de filière 0,000 %. Zéro proposé : Filière régionale non retenue dans ce scénario, sans interdiction universelle. Apprentissage, atelier, combustible et outils ; titre noble ne remplace pas qualification.";0;0;0
Portefaix;Transporteur terrestre;0.1339812316715543;0.18105571847507335;5.359249266862172;D — activité déduite;"MJ132; SB121";"Quartier général Ironhand à fonction de surveillance symbolique. Professions des résidents ; lieu de travail et commanditaires peuvent être extérieurs au quartier. Visiteurs exclus du stock. activité/institution locale Budget civil 18,00 % ; coefficient 12,000000 ; part de filière 2,933 %. Réseau, itinéraires, confiance et capital ; manutention distincte de propriété du fret.";0.004940147555499528;0.11499217260444396;0.014048911511610793
Docker;Transporteur terrestre;0.1339812316715543;0.18105571847507335;5.359249266862172;D — activité déduite;"MJ132; SB121";"Quartier général Ironhand à fonction de surveillance symbolique. Professions des résidents ; lieu de travail et commanditaires peuvent être extérieurs au quartier. Visiteurs exclus du stock. activité/institution locale Budget civil 18,00 % ; coefficient 12,000000 ; part de filière 2,933 %. Réseau, itinéraires, confiance et capital ; manutention distincte de propriété du fret.";0.004940147555499528;0.11499217260444396;0.014048911511610793
Magasinier;Transporteur terrestre;0.1339812316715543;0.18105571847507335;5.359249266862172;D — activité déduite;"MJ132; SB121";"Quartier général Ironhand à fonction de surveillance symbolique. Professions des résidents ; lieu de travail et commanditaires peuvent être extérieurs au quartier. Visiteurs exclus du stock. activité/institution locale Budget civil 18,00 % ; coefficient 12,000000 ; part de filière 2,933 %. Réseau, itinéraires, confiance et capital ; manutention distincte de propriété du fret.";0.009528944469277881;0.11090296543162319;0.013549321770653213
Charretier et cocher;Transporteur terrestre;0.1339812316715543;0.18105571847507335;5.359249266862172;D — activité déduite;"MJ132; SB121";"Quartier général Ironhand à fonction de surveillance symbolique. Professions des résidents ; lieu de travail et commanditaires peuvent être extérieurs au quartier. Visiteurs exclus du stock. activité/institution locale Budget civil 18,00 % ; coefficient 12,000000 ; part de filière 2,933 %. Réseau, itinéraires, confiance et capital ; manutention distincte de propriété du fret.";0.009528944469277881;0.11090296543162319;0.013549321770653213
Chef de caravane;Transporteur terrestre;0.1339812316715543;0.18105571847507335;5.359249266862172;A — activité attestée;MJ132;"Quartier général Ironhand à fonction de surveillance symbolique. Professions des résidents ; lieu de travail et commanditaires peuvent être extérieurs au quartier. Visiteurs exclus du stock. activité/institution locale Budget civil 18,00 % ; coefficient 12,000000 ; part de filière 2,933 %. Réseau, itinéraires, confiance et capital ; manutention distincte de propriété du fret.";0.009528944469277881;0.11090296543162319;0.013549321770653213
Coursier et messager;Transporteur terrestre;0.1339812316715543;0.18105571847507335;5.359249266862172;D — activité déduite;"MJ132; SB121";"Quartier général Ironhand à fonction de surveillance symbolique. Professions des résidents ; lieu de travail et commanditaires peuvent être extérieurs au quartier. Visiteurs exclus du stock. activité/institution locale Budget civil 18,00 % ; coefficient 12,000000 ; part de filière 2,933 %. Réseau, itinéraires, confiance et capital ; manutention distincte de propriété du fret.";0.009528944469277881;0.11090296543162319;0.013549321770653213
Porteur d’eau;Transporteur terrestre;0.1339812316715543;0.18105571847507335;5.359249266862172;P — activité proposée;"MJ132; SB121";"Quartier général Ironhand à fonction de surveillance symbolique. Professions des résidents ; lieu de travail et commanditaires peuvent être extérieurs au quartier. Visiteurs exclus du stock. activité/institution locale Budget civil 18,00 % ; coefficient 12,000000 ; part de filière 2,933 %. Réseau, itinéraires, confiance et capital ; manutention distincte de propriété du fret.";0.009528944469277881;0.11090296543162319;0.013549321770653213
Transporteur de canopée;Transporteur terrestre;0;0;0.0;D — activité déduite;SB154;"Quartier général Ironhand à fonction de surveillance symbolique. Professions des résidents ; lieu de travail et commanditaires peuvent être extérieurs au quartier. Visiteurs exclus du stock. activité/institution locale Budget civil 18,00 % ; coefficient 0,000000 ; part de filière 0,000 %. Zéro proposé : Filière régionale non retenue dans ce scénario, sans interdiction universelle. Réseau, itinéraires, confiance et capital ; manutention distincte de propriété du fret.";0;0;0
Opérateur de Stone Disks;Transporteur terrestre;0;0;0.0;A — activité attestée;PG13;"Quartier général Ironhand à fonction de surveillance symbolique. Professions des résidents ; lieu de travail et commanditaires peuvent être extérieurs au quartier. Visiteurs exclus du stock. activité/institution locale Prêtre nain de Dorsi; Formation spécialisée Budget civil 18,00 % ; coefficient 0,000000 ; part de filière 0,000 %. Zéro proposé : Filière régionale non retenue dans ce scénario, sans interdiction universelle. Réseau, itinéraires, confiance et capital ; manutention distincte de propriété du fret.";0;0;0
Palefrenier et soigneur d’écurie;Transporteur terrestre;0.1339812316715543;0.18105571847507335;5.359249266862172;D — activité déduite;SB123;"Quartier général Ironhand à fonction de surveillance symbolique. Professions des résidents ; lieu de travail et commanditaires peuvent être extérieurs au quartier. Visiteurs exclus du stock. activité/institution locale Budget civil 18,00 % ; coefficient 12,000000 ; part de filière 2,933 %. Réseau, itinéraires, confiance et capital ; manutention distincte de propriété du fret.";0.009528944469277881;0.11090296543162319;0.013549321770653213
Marin;Marin;0.11165102639296189;0.15087976539589443;4.466041055718475;A — activité attestée;MJ136;"Quartier général Ironhand à fonction de surveillance symbolique. Professions des résidents ; lieu de travail et commanditaires peuvent être extérieurs au quartier. Visiteurs exclus du stock. activité/institution locale Budget civil 18,00 % ; coefficient 10,000000 ; part de filière 2,444 %. Réseau, itinéraires, confiance et capital ; manutention distincte de propriété du fret.";0.007940787057731567;0.09241913785968597;0.011291101475544345
Navigateur;Marin;0.04466041055718475;0.06035190615835777;1.78641642228739;A — activité attestée;MJ136;"Quartier général Ironhand à fonction de surveillance symbolique. Professions des résidents ; lieu de travail et commanditaires peuvent être extérieurs au quartier. Visiteurs exclus du stock. activité/institution locale Budget civil 18,00 % ; coefficient 4,000000 ; part de filière 0,978 %. Réseau, itinéraires, confiance et capital ; manutention distincte de propriété du fret.";0.003176314823092626;0.03696765514387439;0.004516440590217736
Pilote de port;Marin;0.04466041055718475;0.06035190615835777;1.78641642228739;D — activité déduite;MJ136;"Quartier général Ironhand à fonction de surveillance symbolique. Professions des résidents ; lieu de travail et commanditaires peuvent être extérieurs au quartier. Visiteurs exclus du stock. activité/institution locale Budget civil 18,00 % ; coefficient 4,000000 ; part de filière 0,978 %. Réseau, itinéraires, confiance et capital ; manutention distincte de propriété du fret.";0.003176314823092626;0.03696765514387439;0.004516440590217736
Capitaine de navire;Marin;0.04466041055718475;0.06035190615835777;1.78641642228739;A — activité attestée;MJ136;"Quartier général Ironhand à fonction de surveillance symbolique. Professions des résidents ; lieu de travail et commanditaires peuvent être extérieurs au quartier. Visiteurs exclus du stock. activité/institution locale Budget civil 18,00 % ; coefficient 4,000000 ; part de filière 0,978 %. Réseau, itinéraires, confiance et capital ; manutention distincte de propriété du fret.";0.003176314823092626;0.03696765514387439;0.004516440590217736
Pilote de véhicule volant;Marin;0;0;0.0;D — activité déduite;"SB142; SB174";"Quartier général Ironhand à fonction de surveillance symbolique. Professions des résidents ; lieu de travail et commanditaires peuvent être extérieurs au quartier. Visiteurs exclus du stock. activité/institution locale Budget civil 18,00 % ; coefficient 0,000000 ; part de filière 0,000 %. Zéro proposé : Climat, matière ou culture hors filière régionale retenue ; aucun établissement exceptionnel proposé. Réseau, itinéraires, confiance et capital ; manutention distincte de propriété du fret.";0;0;0
Aubergiste;Hôte professionnel;0.23568532370389472;0.3184936806809388;9.427412948155789;D — activité déduite;"SB110; SB123";"Quartier général Ironhand à fonction de surveillance symbolique. Professions des résidents ; lieu de travail et commanditaires peuvent être extérieurs au quartier. Visiteurs exclus du stock. activité/institution locale Budget civil 18,00 % ; coefficient 3,000000 ; part de filière 5,159 %. Apprentissage et qualification variable ; soins avancés et thérapie magique exigent formation.";0.0012264608450408792;0.21411313468035498;0.02034572817849887
Tavernier;Hôte professionnel;0.23568532370389472;0.3184936806809388;9.427412948155789;A — activité attestée;"SB108; SB149";"Quartier général Ironhand à fonction de surveillance symbolique. Professions des résidents ; lieu de travail et commanditaires peuvent être extérieurs au quartier. Visiteurs exclus du stock. activité/institution locale Budget civil 18,00 % ; coefficient 3,000000 ; part de filière 5,159 %. Apprentissage et qualification variable ; soins avancés et thérapie magique exigent formation.";0.0012264608450408792;0.21411313468035498;0.02034572817849887
Barbier;Barbier;0.5892133092597369;0.7962342017023472;23.568532370389477;P — activité proposée;"MJ135; PG40";"Quartier général Ironhand à fonction de surveillance symbolique. Professions des résidents ; lieu de travail et commanditaires peuvent être extérieurs au quartier. Visiteurs exclus du stock. activité/institution locale Budget civil 18,00 % ; coefficient 7,500000 ; part de filière 12,897 %. Apprentissage et qualification variable ; soins avancés et thérapie magique exigent formation.";0.003066152112602198;0.5352828367008875;0.05086432044624718
Domestique;Employé domestique et aide familiale;1.5712354913592985;2.1232912045395924;62.84941965437194;A — activité attestée;"MJ135; PG40";"Quartier général Ironhand à fonction de surveillance symbolique. Professions des résidents ; lieu de travail et commanditaires peuvent être extérieurs au quartier. Visiteurs exclus du stock. activité/institution locale Budget civil 18,00 % ; coefficient 20,000000 ; part de filière 34,391 %. Apprentissage et qualification variable ; soins avancés et thérapie magique exigent formation.";0.008176405633605855;1.4274208978690335;0.13563818785665913
Gardien d’enfants;Employé domestique et aide familiale;0.7856177456796493;1.0616456022697962;31.42470982718597;A — activité attestée;PG40;"Quartier général Ironhand à fonction de surveillance symbolique. Professions des résidents ; lieu de travail et commanditaires peuvent être extérieurs au quartier. Visiteurs exclus du stock. activité/institution locale Budget civil 18,00 % ; coefficient 10,000000 ; part de filière 17,195 %. Apprentissage et qualification variable ; soins avancés et thérapie magique exigent formation.";0.004088202816802927;0.7137104489345167;0.06781909392832956
Terrassier d’hygiène urbaine;Agent d’entretien;0.15712354913592985;0.21232912045395924;6.284941965437195;P — activité proposée;SB90;"Quartier général Ironhand à fonction de surveillance symbolique. Professions des résidents ; lieu de travail et commanditaires peuvent être extérieurs au quartier. Visiteurs exclus du stock. activité/institution locale Budget civil 18,00 % ; coefficient 2,000000 ; part de filière 3,439 %. Apprentissage et qualification variable ; soins avancés et thérapie magique exigent formation.";0.00040988676741481885;0.14311445977267914;0.013599202595835878
Ramoneur;Agent d’entretien;0.15712354913592985;0.21232912045395924;6.284941965437195;P — activité proposée;SB90;"Quartier général Ironhand à fonction de surveillance symbolique. Professions des résidents ; lieu de travail et commanditaires peuvent être extérieurs au quartier. Visiteurs exclus du stock. activité/institution locale Budget civil 18,00 % ; coefficient 2,000000 ; part de filière 3,439 %. Apprentissage et qualification variable ; soins avancés et thérapie magique exigent formation.";0.0008176405633605858;0.14274208978690336;0.013563818785665914
Fossoyeur;Agent funéraire;0.047137064740778944;0.06369873613618776;1.8854825896311578;A — activité attestée;"MJ135; SB99; SB182";"Quartier général Ironhand à fonction de surveillance symbolique. Professions des résidents ; lieu de travail et commanditaires peuvent être extérieurs au quartier. Visiteurs exclus du stock. activité/institution locale Budget civil 18,00 % ; coefficient 0,600000 ; part de filière 1,032 %. Apprentissage et qualification variable ; soins avancés et thérapie magique exigent formation.";0.0002452921690081756;0.042822626936070994;0.004069145635699774
Gardien de cimetière;Agent funéraire;0.047137064740778944;0.06369873613618776;1.8854825896311578;A — activité attestée;"MJ135; SB99; SB182";"Quartier général Ironhand à fonction de surveillance symbolique. Professions des résidents ; lieu de travail et commanditaires peuvent être extérieurs au quartier. Visiteurs exclus du stock. activité/institution locale Budget civil 18,00 % ; coefficient 0,600000 ; part de filière 1,032 %. Apprentissage et qualification variable ; soins avancés et thérapie magique exigent formation.";0.0002452921690081756;0.042822626936070994;0.004069145635699774
Momificateur;Agent funéraire;0;0;0.0;A — activité attestée;SB182;"Quartier général Ironhand à fonction de surveillance symbolique. Professions des résidents ; lieu de travail et commanditaires peuvent être extérieurs au quartier. Visiteurs exclus du stock. activité/institution locale Budget civil 18,00 % ; coefficient 0,000000 ; part de filière 0,000 %. Zéro proposé : Filière régionale non retenue dans ce scénario, sans interdiction universelle. Apprentissage et qualification variable ; soins avancés et thérapie magique exigent formation.";0;0;0
Gardien d’arbres funéraires;Agent funéraire;0;0;0.0;D — activité déduite;SB155;"Quartier général Ironhand à fonction de surveillance symbolique. Professions des résidents ; lieu de travail et commanditaires peuvent être extérieurs au quartier. Visiteurs exclus du stock. activité/institution locale Budget civil 18,00 % ; coefficient 0,000000 ; part de filière 0,000 %. Zéro proposé : Filière régionale non retenue dans ce scénario, sans interdiction universelle. Apprentissage et qualification variable ; soins avancés et thérapie magique exigent formation.";0;0;0
Marchand;Marchand;0.45218665689149556;0.6110630498533723;18.08746627565982;A — activité attestée;"MJ128; SB139";"Quartier général Ironhand à fonction de surveillance symbolique. Professions des résidents ; lieu de travail et commanditaires peuvent être extérieurs au quartier. Visiteurs exclus du stock. activité/institution locale Budget civil 18,00 % ; coefficient 40,500000 ; part de filière 9,897 %. Réseau, itinéraires, confiance et capital ; manutention distincte de propriété du fret.";0.032160187583812845;0.37429750833172815;0.04572896097595458
Colporteur;Marchand;0.18087466275659825;0.24442521994134897;7.23498651026393;A — activité attestée;SB121;"Quartier général Ironhand à fonction de surveillance symbolique. Professions des résidents ; lieu de travail et commanditaires peuvent être extérieurs au quartier. Visiteurs exclus du stock. activité/institution locale Budget civil 18,00 % ; coefficient 16,200000 ; part de filière 3,959 %. Réseau, itinéraires, confiance et capital ; manutention distincte de propriété du fret.";0.012864075033525142;0.14971900333269128;0.018291584390381834
Courtier;Marchand;0.18087466275659825;0.24442521994134897;7.23498651026393;A — activité attestée;SB149;"Quartier général Ironhand à fonction de surveillance symbolique. Professions des résidents ; lieu de travail et commanditaires peuvent être extérieurs au quartier. Visiteurs exclus du stock. activité/institution locale Budget civil 18,00 % ; coefficient 16,200000 ; part de filière 3,959 %. Réseau, itinéraires, confiance et capital ; manutention distincte de propriété du fret.";0.012864075033525142;0.14971900333269128;0.018291584390381834
Commissaire-priseur d’objets magiques;Marchand;0;0;0.0;A — activité attestée;SB139;"Quartier général Ironhand à fonction de surveillance symbolique. Professions des résidents ; lieu de travail et commanditaires peuvent être extérieurs au quartier. Visiteurs exclus du stock. activité/institution locale Budget civil 18,00 % ; coefficient 0,000000 ; part de filière 0,000 %. Zéro proposé : Filière régionale non retenue dans ce scénario, sans interdiction universelle. Réseau, itinéraires, confiance et capital ; manutention distincte de propriété du fret.";0;0;0
Comptable;Professionnel de finance;0.02791275659824047;0.03771994134897361;1.1165102639296187;D — activité déduite;"SB212; SB213";"Quartier général Ironhand à fonction de surveillance symbolique. Professions des résidents ; lieu de travail et commanditaires peuvent être extérieurs au quartier. Visiteurs exclus du stock. activité/institution locale Budget civil 18,00 % ; coefficient 2,500000 ; part de filière 0,611 %. Réseau, itinéraires, confiance et capital ; manutention distincte de propriété du fret.";0.001985196764432892;0.023104784464921493;0.002822775368886086
Banquier et employé de banque;Professionnel de finance;0.002233020527859238;0.003017595307917889;0.08932082111436954;A — activité attestée;"SB212; SB213";"Quartier général Ironhand à fonction de surveillance symbolique. Professions des résidents ; lieu de travail et commanditaires peuvent être extérieurs au quartier. Visiteurs exclus du stock. activité/institution locale Budget civil 18,00 % ; coefficient 0,200000 ; part de filière 0,049 %. Réseau, itinéraires, confiance et capital ; manutention distincte de propriété du fret.";0.00015881574115463138;0.0018483827571937198;0.0002258220295108869
Usurier et prêteur sur gages;Professionnel de finance;0.02791275659824047;0.03771994134897361;1.1165102639296187;D — activité déduite;"SB212; SB213";"Quartier général Ironhand à fonction de surveillance symbolique. Professions des résidents ; lieu de travail et commanditaires peuvent être extérieurs au quartier. Visiteurs exclus du stock. activité/institution locale Budget civil 18,00 % ; coefficient 2,500000 ; part de filière 0,611 %. Réseau, itinéraires, confiance et capital ; manutention distincte de propriété du fret.";0.001985196764432892;0.023104784464921493;0.002822775368886086
Changeur;Professionnel de finance;0.02791275659824047;0.03771994134897361;1.1165102639296187;D — activité déduite;"SB212; SB213";"Quartier général Ironhand à fonction de surveillance symbolique. Professions des résidents ; lieu de travail et commanditaires peuvent être extérieurs au quartier. Visiteurs exclus du stock. activité/institution locale Budget civil 18,00 % ; coefficient 2,500000 ; part de filière 0,611 %. Réseau, itinéraires, confiance et capital ; manutention distincte de propriété du fret.";0.001985196764432892;0.023104784464921493;0.002822775368886086
Assureur;Professionnel de finance;0.002233020527859238;0.003017595307917889;0.08932082111436954;D — activité déduite;"SB212; SB213";"Quartier général Ironhand à fonction de surveillance symbolique. Professions des résidents ; lieu de travail et commanditaires peuvent être extérieurs au quartier. Visiteurs exclus du stock. activité/institution locale Budget civil 18,00 % ; coefficient 0,200000 ; part de filière 0,049 %. Réseau, itinéraires, confiance et capital ; manutention distincte de propriété du fret.";0.00015881574115463138;0.0018483827571937198;0.0002258220295108869
Estimateur;Professionnel de finance;0.002233020527859238;0.003017595307917889;0.08932082111436954;A — activité attestée;"SB212; SB213";"Quartier général Ironhand à fonction de surveillance symbolique. Professions des résidents ; lieu de travail et commanditaires peuvent être extérieurs au quartier. Visiteurs exclus du stock. activité/institution locale Budget civil 18,00 % ; coefficient 0,200000 ; part de filière 0,049 %. Réseau, itinéraires, confiance et capital ; manutention distincte de propriété du fret.";0.00015881574115463138;0.0018483827571937198;0.0002258220295108869
Négociateur;Professionnel de finance;0.002233020527859238;0.003017595307917889;0.08932082111436954;A — activité attestée;"SB212; SB213";"Quartier général Ironhand à fonction de surveillance symbolique. Professions des résidents ; lieu de travail et commanditaires peuvent être extérieurs au quartier. Visiteurs exclus du stock. activité/institution locale Budget civil 18,00 % ; coefficient 0,200000 ; part de filière 0,049 %. Réseau, itinéraires, confiance et capital ; manutention distincte de propriété du fret.";0.00015881574115463138;0.0018483827571937198;0.0002258220295108869
Scribe;Scribe et auteur;0.14286303939962477;0.19305816135084428;5.714521575984991;A — activité attestée;"MJ128; SB32";"Quartier général Ironhand à fonction de surveillance symbolique. Professions des résidents ; lieu de travail et commanditaires peuvent être extérieurs au quartier. Visiteurs exclus du stock. activité/institution locale Budget civil 15,00 % ; coefficient 2,000000 ; part de filière 3,752 %. Instruction, autorisation ou initiation ; clergé, caste et office ne rendent pas noble.";0.011129851355376053;0.12953517822503527;0.0021980098192134643
Calligraphe;Scribe et auteur;0.14286303939962477;0.19305816135084428;5.714521575984991;A — activité attestée;"MJ128; SB32";"Quartier général Ironhand à fonction de surveillance symbolique. Professions des résidents ; lieu de travail et commanditaires peuvent être extérieurs au quartier. Visiteurs exclus du stock. activité/institution locale Budget civil 15,00 % ; coefficient 2,000000 ; part de filière 3,752 %. Instruction, autorisation ou initiation ; clergé, caste et office ne rendent pas noble.";0.011129851355376053;0.12953517822503527;0.0021980098192134643
Écrivain;Scribe et auteur;0.03531285868317623;0.0477200793015895;1.4125143473270492;A — activité attestée;"MJ128; SB32";"Quartier général Ironhand à fonction de surveillance symbolique. Professions des résidents ; lieu de travail et commanditaires peuvent être extérieurs au quartier. Visiteurs exclus du stock. activité/institution locale Budget civil 2,00 % ; coefficient 2,000000 ; part de filière 6,956 %. Long apprentissage, frais, bourses, talent, licence ou secret ; titre ne donne pas maîtrise.";0.004392147573193417;0.030670901192734336;0.00024980991724847794
Journaliste et rédacteur;Scribe et auteur;0.03531285868317623;0.0477200793015895;1.4125143473270492;A — activité attestée;CC9;"Quartier général Ironhand à fonction de surveillance symbolique. Professions des résidents ; lieu de travail et commanditaires peuvent être extérieurs au quartier. Visiteurs exclus du stock. activité/institution locale Budget civil 2,00 % ; coefficient 2,000000 ; part de filière 6,956 %. Long apprentissage, frais, bourses, talent, licence ou secret ; titre ne donne pas maîtrise.";0.004392147573193417;0.030670901192734336;0.00024980991724847794
Traducteur;Scribe et auteur;0.14286303939962477;0.19305816135084428;5.714521575984991;D — activité déduite;SB198;"Quartier général Ironhand à fonction de surveillance symbolique. Professions des résidents ; lieu de travail et commanditaires peuvent être extérieurs au quartier. Visiteurs exclus du stock. activité/institution locale Budget civil 15,00 % ; coefficient 2,000000 ; part de filière 3,752 %. Instruction, autorisation ou initiation ; clergé, caste et office ne rendent pas noble.";0.011129851355376053;0.12953517822503527;0.0021980098192134643
Bibliothécaire;Érudit;0.0928609756097561;0.1254878048780488;3.7144390243902445;A — activité attestée;MJ138;"Quartier général Ironhand à fonction de surveillance symbolique. Professions des résidents ; lieu de travail et commanditaires peuvent être extérieurs au quartier. Visiteurs exclus du stock. activité/institution locale Budget civil 15,00 % ; coefficient 1,300000 ; part de filière 2,439 %. Instruction, autorisation ou initiation ; clergé, caste et office ne rendent pas noble.";0.0072344033809944325;0.08419786584627292;0.0014287063824887517
Conservateur de musée;Érudit;0.0928609756097561;0.1254878048780488;3.7144390243902445;A — activité attestée;PG48;"Quartier général Ironhand à fonction de surveillance symbolique. Professions des résidents ; lieu de travail et commanditaires peuvent être extérieurs au quartier. Visiteurs exclus du stock. activité/institution locale Budget civil 15,00 % ; coefficient 1,300000 ; part de filière 2,439 %. Instruction, autorisation ou initiation ; clergé, caste et office ne rendent pas noble.";0.0072344033809944325;0.08419786584627292;0.0014287063824887517
Historien;Érudit;0.022953358144064556;0.031018051546033182;0.9181343257625822;A — activité attestée;PG46;"Quartier général Ironhand à fonction de surveillance symbolique. Professions des résidents ; lieu de travail et commanditaires peuvent être extérieurs au quartier. Visiteurs exclus du stock. activité/institution locale Budget civil 2,00 % ; coefficient 1,300000 ; part de filière 4,522 %. Long apprentissage, frais, bourses, talent, licence ou secret ; titre ne donne pas maîtrise.";0.0028548959225757195;0.019936085775277324;0.00016237644621151066
Astronome;Érudit;0.022953358144064556;0.031018051546033182;0.9181343257625822;A — activité attestée;MJ138;"Quartier général Ironhand à fonction de surveillance symbolique. Professions des résidents ; lieu de travail et commanditaires peuvent être extérieurs au quartier. Visiteurs exclus du stock. activité/institution locale Budget civil 2,00 % ; coefficient 1,300000 ; part de filière 4,522 %. Long apprentissage, frais, bourses, talent, licence ou secret ; titre ne donne pas maîtrise.";0.0028548959225757195;0.019936085775277324;0.00016237644621151066
Chercheur non arcanique;Érudit;0.022953358144064556;0.031018051546033182;0.9181343257625822;A — activité attestée;"MJ138; PG46";"Quartier général Ironhand à fonction de surveillance symbolique. Professions des résidents ; lieu de travail et commanditaires peuvent être extérieurs au quartier. Visiteurs exclus du stock. activité/institution locale Budget civil 2,00 % ; coefficient 1,300000 ; part de filière 4,522 %. Long apprentissage, frais, bourses, talent, licence ou secret ; titre ne donne pas maîtrise.";0.0028548959225757195;0.019936085775277324;0.00016237644621151066
Mathématicien;Érudit;0.016067350700845185;0.02171263608222322;0.6426940280338074;A — activité attestée;SB174;"Quartier général Ironhand à fonction de surveillance symbolique. Professions des résidents ; lieu de travail et commanditaires peuvent être extérieurs au quartier. Visiteurs exclus du stock. activité/institution locale Budget civil 2,00 % ; coefficient 0,910000 ; part de filière 3,165 %. Long apprentissage, frais, bourses, talent, licence ou secret ; titre ne donne pas maîtrise.";0.001998427145803004;0.013955260042694123;0.00011366351234805743
Philosophe;Érudit;0.016067350700845185;0.02171263608222322;0.6426940280338074;A — activité attestée;SB178;"Quartier général Ironhand à fonction de surveillance symbolique. Professions des résidents ; lieu de travail et commanditaires peuvent être extérieurs au quartier. Visiteurs exclus du stock. activité/institution locale Budget civil 2,00 % ; coefficient 0,910000 ; part de filière 3,165 %. Long apprentissage, frais, bourses, talent, licence ou secret ; titre ne donne pas maîtrise.";0.001998427145803004;0.013955260042694123;0.00011366351234805743
Archéologue;Érudit;0.022953358144064556;0.031018051546033182;0.9181343257625822;D — activité déduite;PG48;"Quartier général Ironhand à fonction de surveillance symbolique. Professions des résidents ; lieu de travail et commanditaires peuvent être extérieurs au quartier. Visiteurs exclus du stock. activité/institution locale Budget civil 2,00 % ; coefficient 1,300000 ; part de filière 4,522 %. Long apprentissage, frais, bourses, talent, licence ou secret ; titre ne donne pas maîtrise.";0.0028548959225757195;0.019936085775277324;0.00016237644621151066
Professeur;Enseignant;0.12143358348968106;0.16409943714821765;4.857343339587242;A — activité attestée;"MJ138; SB141";"Quartier général Ironhand à fonction de surveillance symbolique. Professions des résidents ; lieu de travail et commanditaires peuvent être extérieurs au quartier. Visiteurs exclus du stock. activité/institution locale Budget civil 15,00 % ; coefficient 1,700000 ; part de filière 3,189 %. Instruction, autorisation ou initiation ; clergé, caste et office ne rendent pas noble.";0.009460373652069642;0.11010490149127997;0.0018683083463314448
Enseignant de magie arcanique;Enseignant;0.0009004778964209939;0.0012168620221905322;0.036019115856839756;A — activité attestée;SB141;"Quartier général Ironhand à fonction de surveillance symbolique. Professions des résidents ; lieu de travail et commanditaires peuvent être extérieurs au quartier. Visiteurs exclus du stock. activité/institution locale Budget civil 2,00 % ; coefficient 0,051000 ; part de filière 0,177 %. Long apprentissage, frais, bourses, talent, licence ou secret ; titre ne donne pas maîtrise.";0.0001119997631164321;0.0007821079804147256;6.370152889836185e-06
Instructeur martial;Enseignant;0;0;0.0;A — activité attestée;SB94;"Quartier général Ironhand à fonction de surveillance symbolique. Professions des résidents ; lieu de travail et commanditaires peuvent être extérieurs au quartier. Visiteurs exclus du stock. activité/institution locale Budget civil 15,00 % ; coefficient 0,000000 ; part de filière 0,000 %. Zéro proposé : Technique de site, institution, secret ou habilitation concentrée dans les implantations autorisées du scénario. Instruction, autorisation ou initiation ; clergé, caste et office ne rendent pas noble.";0;0;0
Formateur de tir à l’arc;Enseignant;0;0;0.0;A — activité attestée;SB155;"Quartier général Ironhand à fonction de surveillance symbolique. Professions des résidents ; lieu de travail et commanditaires peuvent être extérieurs au quartier. Visiteurs exclus du stock. activité/institution locale Budget civil 15,00 % ; coefficient 0,000000 ; part de filière 0,000 %. Zéro proposé : Technique de site, institution, secret ou habilitation concentrée dans les implantations autorisées du scénario. Instruction, autorisation ou initiation ; clergé, caste et office ne rendent pas noble.";0;0;0
Ingénieur;Ingénieur;0.0441410733539703;0.05965009912698689;1.765642934158812;A — activité attestée;SB174;"Quartier général Ironhand à fonction de surveillance symbolique. Professions des résidents ; lieu de travail et commanditaires peuvent être extérieurs au quartier. Visiteurs exclus du stock. activité/institution locale Budget civil 2,00 % ; coefficient 2,500000 ; part de filière 8,695 %. Long apprentissage, frais, bourses, talent, licence ou secret ; titre ne donne pas maîtrise.";0.005490184466491768;0.03833862649091793;0.0003122623965605975
Inventeur;Ingénieur;0.010593857604952869;0.014316023790476851;0.4237543041981147;A — activité attestée;SB178;"Quartier général Ironhand à fonction de surveillance symbolique. Professions des résidents ; lieu de travail et commanditaires peuvent être extérieurs au quartier. Visiteurs exclus du stock. activité/institution locale Budget civil 2,00 % ; coefficient 0,600000 ; part de filière 2,087 %. Long apprentissage, frais, bourses, talent, licence ou secret ; titre ne donne pas maîtrise.";0.0013176442719580247;0.0092012703578203;7.494297517454333e-05
Ingénieur mystique;Ingénieur;0.017656429341588117;0.02386003965079475;0.7062571736635246;A — activité attestée;SB174;"Quartier général Ironhand à fonction de surveillance symbolique. Professions des résidents ; lieu de travail et commanditaires peuvent être extérieurs au quartier. Visiteurs exclus du stock. activité/institution locale Budget civil 2,00 % ; coefficient 1,000000 ; part de filière 3,478 %. Long apprentissage, frais, bourses, talent, licence ou secret ; titre ne donne pas maîtrise.";0.0021960737865967086;0.015335450596367168;0.00012490495862423897
Créateur et mainteneur de golems;Ingénieur;0.017656429341588117;0.02386003965079475;0.7062571736635246;D — activité déduite;SB174;"Quartier général Ironhand à fonction de surveillance symbolique. Professions des résidents ; lieu de travail et commanditaires peuvent être extérieurs au quartier. Visiteurs exclus du stock. activité/institution locale Budget civil 2,00 % ; coefficient 1,000000 ; part de filière 3,478 %. Long apprentissage, frais, bourses, talent, licence ou secret ; titre ne donne pas maîtrise.";0.0021960737865967086;0.015335450596367168;0.00012490495862423897
Chercheur en golems;Ingénieur;0.014125143473270495;0.019088031720635803;0.5650057389308198;A — activité attestée;SB178;"Quartier général Ironhand à fonction de surveillance symbolique. Professions des résidents ; lieu de travail et commanditaires peuvent être extérieurs au quartier. Visiteurs exclus du stock. activité/institution locale Budget civil 2,00 % ; coefficient 0,800000 ; part de filière 2,783 %. Long apprentissage, frais, bourses, talent, licence ou secret ; titre ne donne pas maîtrise.";0.0017568590292773674;0.012268360477093737;9.992396689939121e-05
Ingénieur de réacteurs de bauronite;Ingénieur;0;0;0.0;D — activité déduite;SB174;"Quartier général Ironhand à fonction de surveillance symbolique. Professions des résidents ; lieu de travail et commanditaires peuvent être extérieurs au quartier. Visiteurs exclus du stock. activité/institution locale Accès aux secrets des réacteurs; savoir détenu par un petit nombre Budget civil 2,00 % ; coefficient 0,000000 ; part de filière 0,000 %. Zéro proposé : Filière régionale non retenue dans ce scénario, sans interdiction universelle. Long apprentissage, frais, bourses, talent, licence ou secret ; titre ne donne pas maîtrise.";0;0;0
Technicien de communication runique;Ingénieur;0;0;0.0;D — activité déduite;SB174;"Quartier général Ironhand à fonction de surveillance symbolique. Professions des résidents ; lieu de travail et commanditaires peuvent être extérieurs au quartier. Visiteurs exclus du stock. activité/institution locale Budget civil 2,00 % ; coefficient 0,000000 ; part de filière 0,000 %. Zéro proposé : Filière régionale non retenue dans ce scénario, sans interdiction universelle. Long apprentissage, frais, bourses, talent, licence ou secret ; titre ne donne pas maîtrise.";0;0;0
Chercheur en magie;Praticien des services arcaniques;0.0005296928802476434;0.0007158011895238425;0.02118771520990574;A — activité attestée;"SB138; SB139";"Quartier général Ironhand à fonction de surveillance symbolique. Professions des résidents ; lieu de travail et commanditaires peuvent être extérieurs au quartier. Visiteurs exclus du stock. activité/institution locale Budget civil 2,00 % ; coefficient 0,030000 ; part de filière 0,104 %. Long apprentissage, frais, bourses, talent, licence ou secret ; titre ne donne pas maîtrise.";6.588221359790124e-05;0.00046006351789101504;3.74714875872717e-06
Fabricant d’objets magiques;Praticien des services arcaniques;0.017656429341588117;0.02386003965079475;0.7062571736635246;A — activité attestée;SB138;"Quartier général Ironhand à fonction de surveillance symbolique. Professions des résidents ; lieu de travail et commanditaires peuvent être extérieurs au quartier. Visiteurs exclus du stock. activité/institution locale Budget civil 2,00 % ; coefficient 1,000000 ; part de filière 3,478 %. Long apprentissage, frais, bourses, talent, licence ou secret ; titre ne donne pas maîtrise.";0.0021960737865967086;0.015335450596367168;0.00012490495862423897
Fabricant de parchemins magiques;Praticien des services arcaniques;0.017656429341588117;0.02386003965079475;0.7062571736635246;A — activité attestée;SB138;"Quartier général Ironhand à fonction de surveillance symbolique. Professions des résidents ; lieu de travail et commanditaires peuvent être extérieurs au quartier. Visiteurs exclus du stock. activité/institution locale Budget civil 2,00 % ; coefficient 1,000000 ; part de filière 3,478 %. Long apprentissage, frais, bourses, talent, licence ou secret ; titre ne donne pas maîtrise.";0.0021960737865967086;0.015335450596367168;0.00012490495862423897
Nécromancien de service;Praticien des services arcaniques;0.017656429341588117;0.02386003965079475;0.7062571736635246;D — activité déduite;"SB108; SB170";"Quartier général Ironhand à fonction de surveillance symbolique. Professions des résidents ; lieu de travail et commanditaires peuvent être extérieurs au quartier. Visiteurs exclus du stock. activité/institution locale Budget civil 2,00 % ; coefficient 1,000000 ; part de filière 3,478 %. Long apprentissage, frais, bourses, talent, licence ou secret ; titre ne donne pas maîtrise.";0.0021960737865967086;0.015335450596367168;0.00012490495862423897
Illusionniste de service;Praticien des services arcaniques;0.017656429341588117;0.02386003965079475;0.7062571736635246;D — activité déduite;"SB107; SB142";"Quartier général Ironhand à fonction de surveillance symbolique. Professions des résidents ; lieu de travail et commanditaires peuvent être extérieurs au quartier. Visiteurs exclus du stock. activité/institution locale Budget civil 2,00 % ; coefficient 1,000000 ; part de filière 3,478 %. Long apprentissage, frais, bourses, talent, licence ou secret ; titre ne donne pas maîtrise.";0.0021960737865967086;0.015335450596367168;0.00012490495862423897
Chercheur en aethermancy;Praticien des services arcaniques;0;0;0.0;A — activité attestée;SB140;"Quartier général Ironhand à fonction de surveillance symbolique. Professions des résidents ; lieu de travail et commanditaires peuvent être extérieurs au quartier. Visiteurs exclus du stock. activité/institution locale Budget civil 2,00 % ; coefficient 0,000000 ; part de filière 0,000 %. Zéro proposé : Filière régionale non retenue dans ce scénario, sans interdiction universelle. Long apprentissage, frais, bourses, talent, licence ou secret ; titre ne donne pas maîtrise.";0;0;0
Chercheur en biomancy;Praticien des services arcaniques;0;0;0.0;A — activité attestée;SB140;"Quartier général Ironhand à fonction de surveillance symbolique. Professions des résidents ; lieu de travail et commanditaires peuvent être extérieurs au quartier. Visiteurs exclus du stock. activité/institution locale Budget civil 2,00 % ; coefficient 0,000000 ; part de filière 0,000 %. Zéro proposé : Filière régionale non retenue dans ce scénario, sans interdiction universelle. Long apprentissage, frais, bourses, talent, licence ou secret ; titre ne donne pas maîtrise.";0;0;0
Désenchanteur et récupérateur arcanique;Praticien des services arcaniques;0;0;0.0;A — activité attestée;SB139;"Quartier général Ironhand à fonction de surveillance symbolique. Professions des résidents ; lieu de travail et commanditaires peuvent être extérieurs au quartier. Visiteurs exclus du stock. activité/institution locale Budget civil 2,00 % ; coefficient 0,000000 ; part de filière 0,000 %. Zéro proposé : Filière régionale non retenue dans ce scénario, sans interdiction universelle. Long apprentissage, frais, bourses, talent, licence ou secret ; titre ne donne pas maîtrise.";0;0;0
Extracteur de mémoire;Praticien des services arcaniques;0;0;0.0;A — activité attestée;SB140;"Quartier général Ironhand à fonction de surveillance symbolique. Professions des résidents ; lieu de travail et commanditaires peuvent être extérieurs au quartier. Visiteurs exclus du stock. activité/institution locale Budget civil 2,00 % ; coefficient 0,000000 ; part de filière 0,000 %. Zéro proposé : Filière régionale non retenue dans ce scénario, sans interdiction universelle. Long apprentissage, frais, bourses, talent, licence ou secret ; titre ne donne pas maîtrise.";0;0;0
Certificateur et inspecteur arcanique;Praticien des services arcaniques;0;0;0.0;A — activité attestée;SB139;"Quartier général Ironhand à fonction de surveillance symbolique. Professions des résidents ; lieu de travail et commanditaires peuvent être extérieurs au quartier. Visiteurs exclus du stock. activité/institution locale Budget civil 2,00 % ; coefficient 0,000000 ; part de filière 0,000 %. Zéro proposé : Filière régionale non retenue dans ce scénario, sans interdiction universelle. Long apprentissage, frais, bourses, talent, licence ou secret ; titre ne donne pas maîtrise.";0;0;0
Opérateur de transport magique;Praticien des services arcaniques;0.017656429341588117;0.02386003965079475;0.7062571736635246;D — activité déduite;SB142;"Quartier général Ironhand à fonction de surveillance symbolique. Professions des résidents ; lieu de travail et commanditaires peuvent être extérieurs au quartier. Visiteurs exclus du stock. activité/institution locale Budget civil 2,00 % ; coefficient 1,000000 ; part de filière 3,478 %. Long apprentissage, frais, bourses, talent, licence ou secret ; titre ne donne pas maîtrise.";0.0021960737865967086;0.015335450596367168;0.00012490495862423897
Restaurateur de runes de tunnels;Praticien des services arcaniques;0;0;0.0;A — activité attestée;SB161;"Quartier général Ironhand à fonction de surveillance symbolique. Professions des résidents ; lieu de travail et commanditaires peuvent être extérieurs au quartier. Visiteurs exclus du stock. activité/institution locale Budget civil 2,00 % ; coefficient 0,000000 ; part de filière 0,000 %. Zéro proposé : Filière régionale non retenue dans ce scénario, sans interdiction universelle. Long apprentissage, frais, bourses, talent, licence ou secret ; titre ne donne pas maîtrise.";0;0;0
Artificier psychique;Praticien des services arcaniques;0;0;0.0;A — activité attestée;PG8;"Quartier général Ironhand à fonction de surveillance symbolique. Professions des résidents ; lieu de travail et commanditaires peuvent être extérieurs au quartier. Visiteurs exclus du stock. activité/institution locale Budget civil 2,00 % ; coefficient 0,000000 ; part de filière 0,000 %. Zéro proposé : Filière régionale non retenue dans ce scénario, sans interdiction universelle. Long apprentissage, frais, bourses, talent, licence ou secret ; titre ne donne pas maîtrise.";0;0;0
Guérisseur;Soigneur;0.13355501676554038;0.1804797523858654;5.342200670621615;A — activité attestée;"MJ141; PG36";"Quartier général Ironhand à fonction de surveillance symbolique. Professions des résidents ; lieu de travail et commanditaires peuvent être extérieurs au quartier. Visiteurs exclus du stock. activité/institution locale Budget civil 18,00 % ; coefficient 1,700000 ; part de filière 2,923 %. Apprentissage et qualification variable ; soins avancés et thérapie magique exigent formation.";0.000694994478856498;0.12133077631886786;0.011529245967816027
Chirurgien;Soigneur;0.020033252514831058;0.027071962857879807;0.8013301005932424;P — activité proposée;"MJ141; PG36";"Quartier général Ironhand à fonction de surveillance symbolique. Professions des résidents ; lieu de travail et commanditaires peuvent être extérieurs au quartier. Visiteurs exclus du stock. activité/institution locale Budget civil 18,00 % ; coefficient 0,255000 ; part de filière 0,438 %. Apprentissage et qualification variable ; soins avancés et thérapie magique exigent formation.";0.00010424917182847468;0.018199616447830178;0.0017293868951724042
Praticien de psychosurgery;Soigneur;0;0;0.0;D — activité déduite;SB94;"Quartier général Ironhand à fonction de surveillance symbolique. Professions des résidents ; lieu de travail et commanditaires peuvent être extérieurs au quartier. Visiteurs exclus du stock. activité/institution locale Budget civil 18,00 % ; coefficient 0,000000 ; part de filière 0,000 %. Zéro proposé : Filière régionale non retenue dans ce scénario, sans interdiction universelle. Apprentissage et qualification variable ; soins avancés et thérapie magique exigent formation.";0;0;0
Opérateur de thérapie onirique;Soigneur;0;0;0.0;D — activité déduite;"SB141; SB228";"Quartier général Ironhand à fonction de surveillance symbolique. Professions des résidents ; lieu de travail et commanditaires peuvent être extérieurs au quartier. Visiteurs exclus du stock. activité/institution locale Budget civil 18,00 % ; coefficient 0,000000 ; part de filière 0,000 %. Zéro proposé : Technique de site, institution, secret ou habilitation concentrée dans les implantations autorisées du scénario. Apprentissage et qualification variable ; soins avancés et thérapie magique exigent formation.";0;0;0
Prêtre et officiant;Officiant religieux;0.14286303939962477;0.19305816135084428;5.714521575984991;A — activité attestée;"MJ127; SB182";"Quartier général Ironhand à fonction de surveillance symbolique. Professions des résidents ; lieu de travail et commanditaires peuvent être extérieurs au quartier. Visiteurs exclus du stock. activité/institution locale Budget civil 15,00 % ; coefficient 2,000000 ; part de filière 3,752 %. Instruction, autorisation ou initiation ; clergé, caste et office ne rendent pas noble.";0.011129851355376053;0.12953517822503527;0.0021980098192134643
Acolyte;Officiant religieux;0.14286303939962477;0.19305816135084428;5.714521575984991;A — activité attestée;"MJ127; SB182";"Quartier général Ironhand à fonction de surveillance symbolique. Professions des résidents ; lieu de travail et commanditaires peuvent être extérieurs au quartier. Visiteurs exclus du stock. activité/institution locale Budget civil 15,00 % ; coefficient 2,000000 ; part de filière 3,752 %. Instruction, autorisation ou initiation ; clergé, caste et office ne rendent pas noble.";0.011129851355376053;0.12953517822503527;0.0021980098192134643
Shaman;Officiant religieux;0.14286303939962477;0.19305816135084428;5.714521575984991;A — activité attestée;"SB129; SB191";"Quartier général Ironhand à fonction de surveillance symbolique. Professions des résidents ; lieu de travail et commanditaires peuvent être extérieurs au quartier. Visiteurs exclus du stock. activité/institution locale Budget civil 15,00 % ; coefficient 2,000000 ; part de filière 3,752 %. Instruction, autorisation ou initiation ; clergé, caste et office ne rendent pas noble.";0.011129851355376053;0.12953517822503527;0.0021980098192134643
Sugenja;Officiant religieux;0;0;0.0;A — activité attestée;SB198;"Quartier général Ironhand à fonction de surveillance symbolique. Professions des résidents ; lieu de travail et commanditaires peuvent être extérieurs au quartier. Visiteurs exclus du stock. activité/institution locale Budget civil 15,00 % ; coefficient 0,000000 ; part de filière 0,000 %. Zéro proposé : Filière régionale non retenue dans ce scénario, sans interdiction universelle. Instruction, autorisation ou initiation ; clergé, caste et office ne rendent pas noble.";0;0;0
Gardien et officiant druidique;Officiant religieux;0.14286303939962477;0.19305816135084428;5.714521575984991;A — activité attestée;SB153;"Quartier général Ironhand à fonction de surveillance symbolique. Professions des résidents ; lieu de travail et commanditaires peuvent être extérieurs au quartier. Visiteurs exclus du stock. activité/institution locale Budget civil 15,00 % ; coefficient 2,000000 ; part de filière 3,752 %. Instruction, autorisation ou initiation ; clergé, caste et office ne rendent pas noble.";0.011129851355376053;0.12953517822503527;0.0021980098192134643
Gardien-purificateur de Mother Tree;Officiant religieux;0;0;0.0;A — activité attestée;SB153;"Quartier général Ironhand à fonction de surveillance symbolique. Professions des résidents ; lieu de travail et commanditaires peuvent être extérieurs au quartier. Visiteurs exclus du stock. activité/institution locale Budget civil 15,00 % ; coefficient 0,000000 ; part de filière 0,000 %. Zéro proposé : Filière régionale non retenue dans ce scénario, sans interdiction universelle. Instruction, autorisation ou initiation ; clergé, caste et office ne rendent pas noble.";0;0;0
Officiant des rites Ba-Akhu;Officiant religieux;0;0;0.0;A — activité attestée;SB184;"Quartier général Ironhand à fonction de surveillance symbolique. Professions des résidents ; lieu de travail et commanditaires peuvent être extérieurs au quartier. Visiteurs exclus du stock. activité/institution locale Budget civil 15,00 % ; coefficient 0,000000 ; part de filière 0,000 %. Zéro proposé : Filière régionale non retenue dans ce scénario, sans interdiction universelle. Instruction, autorisation ou initiation ; clergé, caste et office ne rendent pas noble.";0;0;0
Garde et sentinelle;Garde et surveillant;0.253518192627824;0.34259215219976213;10.14072770511296;A — activité attestée;"MJ140; SB90";"Quartier général Ironhand à fonction de surveillance symbolique. Professions des résidents ; lieu de travail et commanditaires peuvent être extérieurs au quartier. Visiteurs exclus du stock. activité/institution locale Budget civil 10,00 % ; coefficient 84,000000 ; part de filière 9,988 %. Entraînement, loyauté, armes et habilitations ; aucun métier verrouillé par naissance sauf source explicite.";0.00940510828338792;0.23456077177641066;0.009552312568025394
Garde du corps;Garde et surveillant;0.253518192627824;0.34259215219976213;10.14072770511296;A — activité attestée;"MJ140; SB90";"Quartier général Ironhand à fonction de surveillance symbolique. Professions des résidents ; lieu de travail et commanditaires peuvent être extérieurs au quartier. Visiteurs exclus du stock. activité/institution locale Budget civil 10,00 % ; coefficient 84,000000 ; part de filière 9,988 %. Entraînement, loyauté, armes et habilitations ; aucun métier verrouillé par naissance sauf source explicite.";0.00940510828338792;0.23456077177641066;0.009552312568025394
Soldat;Combattant professionnel;47.138;63.7;1885.52;A — activité attestée;"MJ140; SB90";"Quartier général Ironhand à fonction de surveillance symbolique. Professions des résidents ; lieu de travail et commanditaires peuvent être extérieurs au quartier. Visiteurs exclus du stock. activité/institution locale Garnison incluse dans les résidents par convention proposée, comptée une seule fois. Entraînement, loyauté, armes et habilitations ; aucun métier verrouillé par naissance sauf source explicite.";1.7487423275897997;43.613144861079896;1.7761128113303009
Mercenaire;Combattant professionnel;0.253518192627824;0.34259215219976213;10.14072770511296;A — activité attestée;"MJ140; SB90";"Quartier général Ironhand à fonction de surveillance symbolique. Professions des résidents ; lieu de travail et commanditaires peuvent être extérieurs au quartier. Visiteurs exclus du stock. activité/institution locale Budget civil 10,00 % ; coefficient 84,000000 ; part de filière 9,988 %. Entraînement, loyauté, armes et habilitations ; aucun métier verrouillé par naissance sauf source explicite.";0.00940510828338792;0.23456077177641066;0.009552312568025394
Éclaireur;Combattant professionnel;0.253518192627824;0.34259215219976213;10.14072770511296;A — activité attestée;"MJ140; SB90";"Quartier général Ironhand à fonction de surveillance symbolique. Professions des résidents ; lieu de travail et commanditaires peuvent être extérieurs au quartier. Visiteurs exclus du stock. activité/institution locale Budget civil 10,00 % ; coefficient 84,000000 ; part de filière 9,988 %. Entraînement, loyauté, armes et habilitations ; aucun métier verrouillé par naissance sauf source explicite.";0.00940510828338792;0.23456077177641066;0.009552312568025394
Chasseur de primes;Combattant professionnel;0.253518192627824;0.34259215219976213;10.14072770511296;A — activité attestée;MJ140;"Quartier général Ironhand à fonction de surveillance symbolique. Professions des résidents ; lieu de travail et commanditaires peuvent être extérieurs au quartier. Visiteurs exclus du stock. activité/institution locale Budget civil 10,00 % ; coefficient 84,000000 ; part de filière 9,988 %. Entraînement, loyauté, armes et habilitations ; aucun métier verrouillé par naissance sauf source explicite.";0.00940510828338792;0.23456077177641066;0.009552312568025394
Gladiateur;Combattant professionnel;0.253518192627824;0.34259215219976213;10.14072770511296;A — activité attestée;MJ130;"Quartier général Ironhand à fonction de surveillance symbolique. Professions des résidents ; lieu de travail et commanditaires peuvent être extérieurs au quartier. Visiteurs exclus du stock. activité/institution locale Budget civil 10,00 % ; coefficient 84,000000 ; part de filière 9,988 %. Entraînement, loyauté, armes et habilitations ; aucun métier verrouillé par naissance sauf source explicite.";0.00940510828338792;0.23456077177641066;0.009552312568025394
Champion d’arène;Combattant professionnel;0.253518192627824;0.34259215219976213;10.14072770511296;A — activité attestée;SB90;"Quartier général Ironhand à fonction de surveillance symbolique. Professions des résidents ; lieu de travail et commanditaires peuvent être extérieurs au quartier. Visiteurs exclus du stock. activité/institution locale Budget civil 10,00 % ; coefficient 84,000000 ; part de filière 9,988 %. Entraînement, loyauté, armes et habilitations ; aucun métier verrouillé par naissance sauf source explicite.";0.00940510828338792;0.23456077177641066;0.009552312568025394
Veilleur de nuit;Garde et surveillant;0.253518192627824;0.34259215219976213;10.14072770511296;P — activité proposée;"MJ140; SB90";"Quartier général Ironhand à fonction de surveillance symbolique. Professions des résidents ; lieu de travail et commanditaires peuvent être extérieurs au quartier. Visiteurs exclus du stock. activité/institution locale Budget civil 10,00 % ; coefficient 84,000000 ; part de filière 9,988 %. Entraînement, loyauté, armes et habilitations ; aucun métier verrouillé par naissance sauf source explicite.";0.00940510828338792;0.23456077177641066;0.009552312568025394
Guide;Guide;2.3446715542521996;3.1684750733137834;93.78686217008799;A — activité attestée;MJ140;"Quartier général Ironhand à fonction de surveillance symbolique. Professions des résidents ; lieu de travail et commanditaires peuvent être extérieurs au quartier. Visiteurs exclus du stock. activité/institution locale Budget civil 18,00 % ; coefficient 210,000000 ; part de filière 51,320 %. Réseau, itinéraires, confiance et capital ; manutention distincte de propriété du fret.";0.16675652821236292;1.9408018950534056;0.2371131309864312
Gardien de domaine;Garde et surveillant;0.253518192627824;0.34259215219976213;10.14072770511296;A — activité attestée;MJ140;"Quartier général Ironhand à fonction de surveillance symbolique. Professions des résidents ; lieu de travail et commanditaires peuvent être extérieurs au quartier. Visiteurs exclus du stock. activité/institution locale Budget civil 10,00 % ; coefficient 84,000000 ; part de filière 9,988 %. Entraînement, loyauté, armes et habilitations ; aucun métier verrouillé par naissance sauf source explicite.";0.00940510828338792;0.23456077177641066;0.009552312568025394
Spellshield;Protecteur et contrôleur arcanique;0;0;0.0;A — activité attestée;SB140;"Quartier général Ironhand à fonction de surveillance symbolique. Professions des résidents ; lieu de travail et commanditaires peuvent être extérieurs au quartier. Visiteurs exclus du stock. activité/institution locale Budget civil 10,00 % ; coefficient 0,000000 ; part de filière 0,000 %. Zéro proposé : Filière régionale non retenue dans ce scénario, sans interdiction universelle. Entraînement, loyauté, armes et habilitations ; aucun métier verrouillé par naissance sauf source explicite.";0;0;0
Warden des Arcane Enforcers;Protecteur et contrôleur arcanique;0;0;0.0;A — activité attestée;SB140;"Quartier général Ironhand à fonction de surveillance symbolique. Professions des résidents ; lieu de travail et commanditaires peuvent être extérieurs au quartier. Visiteurs exclus du stock. activité/institution locale Budget civil 10,00 % ; coefficient 0,000000 ; part de filière 0,000 %. Zéro proposé : Filière régionale non retenue dans ce scénario, sans interdiction universelle. Entraînement, loyauté, armes et habilitations ; aucun métier verrouillé par naissance sauf source explicite.";0;0;0
Inquisiteur;Garde et surveillant;0;0;0.0;A — activité attestée;SB29;"Quartier général Ironhand à fonction de surveillance symbolique. Professions des résidents ; lieu de travail et commanditaires peuvent être extérieurs au quartier. Visiteurs exclus du stock. activité/institution locale Budget civil 10,00 % ; coefficient 0,000000 ; part de filière 0,000 %. Zéro proposé : Inquisiteur bauronien : aucun établissement de son Église habilité dans ce profil, notamment les ordres cirrus indépendants. Entraînement, loyauté, armes et habilitations ; aucun métier verrouillé par naissance sauf source explicite.";0;0;0
Mage impérial chargé du contrôle;Protecteur et contrôleur arcanique;0;0;0.0;A — activité attestée;SB98;"Quartier général Ironhand à fonction de surveillance symbolique. Professions des résidents ; lieu de travail et commanditaires peuvent être extérieurs au quartier. Visiteurs exclus du stock. activité/institution locale Budget civil 10,00 % ; coefficient 0,000000 ; part de filière 0,000 %. Zéro proposé : Filière régionale non retenue dans ce scénario, sans interdiction universelle. Entraînement, loyauté, armes et habilitations ; aucun métier verrouillé par naissance sauf source explicite.";0;0;0
Chasseur de morts-vivants;Combattant professionnel;0.253518192627824;0.34259215219976213;10.14072770511296;A — activité attestée;SB210;"Quartier général Ironhand à fonction de surveillance symbolique. Professions des résidents ; lieu de travail et commanditaires peuvent être extérieurs au quartier. Visiteurs exclus du stock. activité/institution locale Budget civil 10,00 % ; coefficient 84,000000 ; part de filière 9,988 %. Entraînement, loyauté, armes et habilitations ; aucun métier verrouillé par naissance sauf source explicite.";0.00940510828338792;0.23456077177641066;0.009552312568025394
Détective;Enquêteur et agent de renseignement;0.001509036860879905;0.002039239001189061;0.0603614744351962;A — activité attestée;"PG9; BR42";"Quartier général Ironhand à fonction de surveillance symbolique. Professions des résidents ; lieu de travail et commanditaires peuvent être extérieurs au quartier. Visiteurs exclus du stock. activité/institution locale Budget civil 10,00 % ; coefficient 0,500000 ; part de filière 0,059 %. Entraînement, loyauté, armes et habilitations ; aucun métier verrouillé par naissance sauf source explicite.";5.598278740111863e-05;0.0013961950700976827;5.685900338110356e-05
Espion;Enquêteur et agent de renseignement;0.001509036860879905;0.002039239001189061;0.0603614744351962;A — activité attestée;"PG9; BR42";"Quartier général Ironhand à fonction de surveillance symbolique. Professions des résidents ; lieu de travail et commanditaires peuvent être extérieurs au quartier. Visiteurs exclus du stock. activité/institution locale Budget civil 10,00 % ; coefficient 0,500000 ; part de filière 0,059 %. Entraînement, loyauté, armes et habilitations ; aucun métier verrouillé par naissance sauf source explicite.";5.598278740111863e-05;0.0013961950700976827;5.685900338110356e-05
Détective arcanique;Enquêteur et agent de renseignement;0;0;0.0;A — activité attestée;SB140;"Quartier général Ironhand à fonction de surveillance symbolique. Professions des résidents ; lieu de travail et commanditaires peuvent être extérieurs au quartier. Visiteurs exclus du stock. activité/institution locale Budget civil 10,00 % ; coefficient 0,000000 ; part de filière 0,000 %. Zéro proposé : Filière régionale non retenue dans ce scénario, sans interdiction universelle. Entraînement, loyauté, armes et habilitations ; aucun métier verrouillé par naissance sauf source explicite.";0;0;0
Fonctionnaire;Administrateur et juriste;0.35715759849906187;0.48264540337711065;14.286303939962474;A — activité attestée;"SB90; SB213";"Quartier général Ironhand à fonction de surveillance symbolique. Professions des résidents ; lieu de travail et commanditaires peuvent être extérieurs au quartier. Visiteurs exclus du stock. activité/institution locale Budget civil 15,00 % ; coefficient 5,000000 ; part de filière 9,381 %. Instruction, autorisation ou initiation ; clergé, caste et office ne rendent pas noble.";0.02782462838844011;0.3238379455625881;0.005495024548033661
Percepteur;Administrateur et juriste;0.35715759849906187;0.48264540337711065;14.286303939962474;A — activité attestée;SB132;"Quartier général Ironhand à fonction de surveillance symbolique. Professions des résidents ; lieu de travail et commanditaires peuvent être extérieurs au quartier. Visiteurs exclus du stock. activité/institution locale Budget civil 15,00 % ; coefficient 5,000000 ; part de filière 9,381 %. Instruction, autorisation ou initiation ; clergé, caste et office ne rendent pas noble.";0.02782462838844011;0.3238379455625881;0.005495024548033661
Juge;Administrateur et juriste;0.35715759849906187;0.48264540337711065;14.286303939962474;A — activité attestée;"SB90; SB213";"Quartier général Ironhand à fonction de surveillance symbolique. Professions des résidents ; lieu de travail et commanditaires peuvent être extérieurs au quartier. Visiteurs exclus du stock. activité/institution locale Budget civil 15,00 % ; coefficient 5,000000 ; part de filière 9,381 %. Instruction, autorisation ou initiation ; clergé, caste et office ne rendent pas noble.";0.02782462838844011;0.3238379455625881;0.005495024548033661
Avocat;Administrateur et juriste;0.35715759849906187;0.48264540337711065;14.286303939962474;A — activité attestée;"SB90; SB213";"Quartier général Ironhand à fonction de surveillance symbolique. Professions des résidents ; lieu de travail et commanditaires peuvent être extérieurs au quartier. Visiteurs exclus du stock. activité/institution locale Budget civil 15,00 % ; coefficient 5,000000 ; part de filière 9,381 %. Instruction, autorisation ou initiation ; clergé, caste et office ne rendent pas noble.";0.02782462838844011;0.3238379455625881;0.005495024548033661
Diplomate et émissaire;Administrateur et juriste;0.35715759849906187;0.48264540337711065;14.286303939962474;A — activité attestée;PG46;"Quartier général Ironhand à fonction de surveillance symbolique. Professions des résidents ; lieu de travail et commanditaires peuvent être extérieurs au quartier. Visiteurs exclus du stock. activité/institution locale Budget civil 15,00 % ; coefficient 5,000000 ; part de filière 9,381 %. Instruction, autorisation ou initiation ; clergé, caste et office ne rendent pas noble.";0.02782462838844011;0.3238379455625881;0.005495024548033661
Recruteur et agent de missions;Administrateur et juriste;0.35715759849906187;0.48264540337711065;14.286303939962474;D — activité déduite;SB105;"Quartier général Ironhand à fonction de surveillance symbolique. Professions des résidents ; lieu de travail et commanditaires peuvent être extérieurs au quartier. Visiteurs exclus du stock. activité/institution locale Budget civil 15,00 % ; coefficient 5,000000 ; part de filière 9,381 %. Instruction, autorisation ou initiation ; clergé, caste et office ne rendent pas noble.";0.02782462838844011;0.3238379455625881;0.005495024548033661
Bourreau;Administrateur et juriste;0.35715759849906187;0.48264540337711065;14.286303939962474;A — activité attestée;SB148;"Quartier général Ironhand à fonction de surveillance symbolique. Professions des résidents ; lieu de travail et commanditaires peuvent être extérieurs au quartier. Visiteurs exclus du stock. activité/institution locale Budget civil 15,00 % ; coefficient 5,000000 ; part de filière 9,381 %. Instruction, autorisation ou initiation ; clergé, caste et office ne rendent pas noble.";0.02782462838844011;0.3238379455625881;0.005495024548033661
Acteur et comédien;Artiste du spectacle;0;0;0.0;A — activité attestée;MJ129;"Quartier général Ironhand à fonction de surveillance symbolique. Professions des résidents ; lieu de travail et commanditaires peuvent être extérieurs au quartier. Visiteurs exclus du stock. activité/institution locale Budget civil 0,00 % ; coefficient 0,000000 ; part de filière 0,000 %. Zéro proposé : Budget local de cette filière nul ou coefficient non retenu ; aucune interdiction universelle. Apprentissage, audition et réseau ; accès au mérite notamment Mustardseed.";0;0;0
Danseur;Artiste du spectacle;0;0;0.0;A — activité attestée;MJ129;"Quartier général Ironhand à fonction de surveillance symbolique. Professions des résidents ; lieu de travail et commanditaires peuvent être extérieurs au quartier. Visiteurs exclus du stock. activité/institution locale Budget civil 0,00 % ; coefficient 0,000000 ; part de filière 0,000 %. Zéro proposé : Budget local de cette filière nul ou coefficient non retenu ; aucune interdiction universelle. Apprentissage, audition et réseau ; accès au mérite notamment Mustardseed.";0;0;0
Musicien;Artiste du spectacle;0;0;0.0;A — activité attestée;MJ129;"Quartier général Ironhand à fonction de surveillance symbolique. Professions des résidents ; lieu de travail et commanditaires peuvent être extérieurs au quartier. Visiteurs exclus du stock. activité/institution locale Budget civil 0,00 % ; coefficient 0,000000 ; part de filière 0,000 %. Zéro proposé : Budget local de cette filière nul ou coefficient non retenu ; aucune interdiction universelle. Apprentissage, audition et réseau ; accès au mérite notamment Mustardseed.";0;0;0
Chanteur;Artiste du spectacle;0;0;0.0;A — activité attestée;MJ129;"Quartier général Ironhand à fonction de surveillance symbolique. Professions des résidents ; lieu de travail et commanditaires peuvent être extérieurs au quartier. Visiteurs exclus du stock. activité/institution locale Budget civil 0,00 % ; coefficient 0,000000 ; part de filière 0,000 %. Zéro proposé : Budget local de cette filière nul ou coefficient non retenu ; aucune interdiction universelle. Apprentissage, audition et réseau ; accès au mérite notamment Mustardseed.";0;0;0
Poète;Artiste du spectacle;0;0;0.0;A — activité attestée;MJ129;"Quartier général Ironhand à fonction de surveillance symbolique. Professions des résidents ; lieu de travail et commanditaires peuvent être extérieurs au quartier. Visiteurs exclus du stock. activité/institution locale Budget civil 0,00 % ; coefficient 0,000000 ; part de filière 0,000 %. Zéro proposé : Budget local de cette filière nul ou coefficient non retenu ; aucune interdiction universelle. Apprentissage, audition et réseau ; accès au mérite notamment Mustardseed.";0;0;0
Conteur;Artiste du spectacle;0;0;0.0;A — activité attestée;MJ129;"Quartier général Ironhand à fonction de surveillance symbolique. Professions des résidents ; lieu de travail et commanditaires peuvent être extérieurs au quartier. Visiteurs exclus du stock. activité/institution locale Budget civil 0,00 % ; coefficient 0,000000 ; part de filière 0,000 %. Zéro proposé : Budget local de cette filière nul ou coefficient non retenu ; aucune interdiction universelle. Apprentissage, audition et réseau ; accès au mérite notamment Mustardseed.";0;0;0
Bouffon;Artiste du spectacle;0;0;0.0;A — activité attestée;MJ129;"Quartier général Ironhand à fonction de surveillance symbolique. Professions des résidents ; lieu de travail et commanditaires peuvent être extérieurs au quartier. Visiteurs exclus du stock. activité/institution locale Budget civil 0,00 % ; coefficient 0,000000 ; part de filière 0,000 %. Zéro proposé : Budget local de cette filière nul ou coefficient non retenu ; aucune interdiction universelle. Apprentissage, audition et réseau ; accès au mérite notamment Mustardseed.";0;0;0
Jongleur;Artiste du spectacle;0;0;0.0;A — activité attestée;MJ129;"Quartier général Ironhand à fonction de surveillance symbolique. Professions des résidents ; lieu de travail et commanditaires peuvent être extérieurs au quartier. Visiteurs exclus du stock. activité/institution locale Budget civil 0,00 % ; coefficient 0,000000 ; part de filière 0,000 %. Zéro proposé : Budget local de cette filière nul ou coefficient non retenu ; aucune interdiction universelle. Apprentissage, audition et réseau ; accès au mérite notamment Mustardseed.";0;0;0
Acrobate;Artiste du spectacle;0;0;0.0;A — activité attestée;MJ129;"Quartier général Ironhand à fonction de surveillance symbolique. Professions des résidents ; lieu de travail et commanditaires peuvent être extérieurs au quartier. Visiteurs exclus du stock. activité/institution locale Budget civil 0,00 % ; coefficient 0,000000 ; part de filière 0,000 %. Zéro proposé : Budget local de cette filière nul ou coefficient non retenu ; aucune interdiction universelle. Apprentissage, audition et réseau ; accès au mérite notamment Mustardseed.";0;0;0
Cracheur de feu;Artiste du spectacle;0;0;0.0;A — activité attestée;MJ129;"Quartier général Ironhand à fonction de surveillance symbolique. Professions des résidents ; lieu de travail et commanditaires peuvent être extérieurs au quartier. Visiteurs exclus du stock. activité/institution locale Budget civil 0,00 % ; coefficient 0,000000 ; part de filière 0,000 %. Zéro proposé : Budget local de cette filière nul ou coefficient non retenu ; aucune interdiction universelle. Apprentissage, audition et réseau ; accès au mérite notamment Mustardseed.";0;0;0
Compositeur;Artiste du spectacle;0;0;0.0;A — activité attestée;PG28;"Quartier général Ironhand à fonction de surveillance symbolique. Professions des résidents ; lieu de travail et commanditaires peuvent être extérieurs au quartier. Visiteurs exclus du stock. activité/institution locale Budget civil 0,00 % ; coefficient 0,000000 ; part de filière 0,000 %. Zéro proposé : Budget local de cette filière nul ou coefficient non retenu ; aucune interdiction universelle. Apprentissage, audition et réseau ; accès au mérite notamment Mustardseed.";0;0;0
Crieur public;Artiste du spectacle;0;0;0.0;P — activité proposée;MJ129;"Quartier général Ironhand à fonction de surveillance symbolique. Professions des résidents ; lieu de travail et commanditaires peuvent être extérieurs au quartier. Visiteurs exclus du stock. activité/institution locale Budget civil 0,00 % ; coefficient 0,000000 ; part de filière 0,000 %. Zéro proposé : Budget local de cette filière nul ou coefficient non retenu ; aucune interdiction universelle. Apprentissage, audition et réseau ; accès au mérite notamment Mustardseed.";0;0;0
Joueur professionnel;Professionnel du jeu;0;0;0.0;P — activité proposée;SB99;"Quartier général Ironhand à fonction de surveillance symbolique. Professions des résidents ; lieu de travail et commanditaires peuvent être extérieurs au quartier. Visiteurs exclus du stock. activité/institution locale Budget civil 0,00 % ; coefficient 0,000000 ; part de filière 0,000 %. Zéro proposé : Budget local de cette filière nul ou coefficient non retenu ; aucune interdiction universelle. Apprentissage, audition et réseau ; accès au mérite notamment Mustardseed.";0;0;0
Croupier;Professionnel du jeu;0;0;0.0;D — activité déduite;SB99;"Quartier général Ironhand à fonction de surveillance symbolique. Professions des résidents ; lieu de travail et commanditaires peuvent être extérieurs au quartier. Visiteurs exclus du stock. activité/institution locale Budget civil 0,00 % ; coefficient 0,000000 ; part de filière 0,000 %. Zéro proposé : Budget local de cette filière nul ou coefficient non retenu ; aucune interdiction universelle. Apprentissage, audition et réseau ; accès au mérite notamment Mustardseed.";0;0;0
Preneur de paris;Professionnel du jeu;0;0;0.0;D — activité déduite;SB99;"Quartier général Ironhand à fonction de surveillance symbolique. Professions des résidents ; lieu de travail et commanditaires peuvent être extérieurs au quartier. Visiteurs exclus du stock. activité/institution locale Budget civil 0,00 % ; coefficient 0,000000 ; part de filière 0,000 %. Zéro proposé : Budget local de cette filière nul ou coefficient non retenu ; aucune interdiction universelle. Apprentissage, audition et réseau ; accès au mérite notamment Mustardseed.";0;0;0
Maître-chanteur;Opérateur d’activités illicites;0;0;0.0;A — activité attestée;BR42;"Quartier général Ironhand à fonction de surveillance symbolique. Professions des résidents ; lieu de travail et commanditaires peuvent être extérieurs au quartier. Visiteurs exclus du stock. activité/institution locale Budget civil 0,00 % ; coefficient 0,000000 ; part de filière 0,000 %. Zéro proposé : Budget local de cette filière nul ou coefficient non retenu ; aucune interdiction universelle. Réseaux, exclusion, dettes et compétences ; statut légal distinct de noblesse.";0;0;0
Cambrioleur;Opérateur d’activités illicites;0;0;0.0;A — activité attestée;BR42;"Quartier général Ironhand à fonction de surveillance symbolique. Professions des résidents ; lieu de travail et commanditaires peuvent être extérieurs au quartier. Visiteurs exclus du stock. activité/institution locale Budget civil 0,00 % ; coefficient 0,000000 ; part de filière 0,000 %. Zéro proposé : Budget local de cette filière nul ou coefficient non retenu ; aucune interdiction universelle. Réseaux, exclusion, dettes et compétences ; statut légal distinct de noblesse.";0;0;0
Homme de main;Opérateur d’activités illicites;0;0;0.0;A — activité attestée;BR42;"Quartier général Ironhand à fonction de surveillance symbolique. Professions des résidents ; lieu de travail et commanditaires peuvent être extérieurs au quartier. Visiteurs exclus du stock. activité/institution locale Budget civil 0,00 % ; coefficient 0,000000 ; part de filière 0,000 %. Zéro proposé : Budget local de cette filière nul ou coefficient non retenu ; aucune interdiction universelle. Réseaux, exclusion, dettes et compétences ; statut légal distinct de noblesse.";0;0;0
Receleur;Opérateur d’activités illicites;0;0;0.0;A — activité attestée;BR42;"Quartier général Ironhand à fonction de surveillance symbolique. Professions des résidents ; lieu de travail et commanditaires peuvent être extérieurs au quartier. Visiteurs exclus du stock. activité/institution locale Budget civil 0,00 % ; coefficient 0,000000 ; part de filière 0,000 %. Zéro proposé : Budget local de cette filière nul ou coefficient non retenu ; aucune interdiction universelle. Réseaux, exclusion, dettes et compétences ; statut légal distinct de noblesse.";0;0;0
Voleur de grand chemin;Opérateur d’activités illicites;0;0;0.0;A — activité attestée;BR42;"Quartier général Ironhand à fonction de surveillance symbolique. Professions des résidents ; lieu de travail et commanditaires peuvent être extérieurs au quartier. Visiteurs exclus du stock. activité/institution locale Budget civil 0,00 % ; coefficient 0,000000 ; part de filière 0,000 %. Zéro proposé : Budget local de cette filière nul ou coefficient non retenu ; aucune interdiction universelle. Réseaux, exclusion, dettes et compétences ; statut légal distinct de noblesse.";0;0;0
Tueur à gages;Opérateur d’activités illicites;0;0;0.0;A — activité attestée;BR42;"Quartier général Ironhand à fonction de surveillance symbolique. Professions des résidents ; lieu de travail et commanditaires peuvent être extérieurs au quartier. Visiteurs exclus du stock. activité/institution locale Budget civil 0,00 % ; coefficient 0,000000 ; part de filière 0,000 %. Zéro proposé : Budget local de cette filière nul ou coefficient non retenu ; aucune interdiction universelle. Réseaux, exclusion, dettes et compétences ; statut légal distinct de noblesse.";0;0;0
Pickpocket;Opérateur d’activités illicites;0;0;0.0;A — activité attestée;BR42;"Quartier général Ironhand à fonction de surveillance symbolique. Professions des résidents ; lieu de travail et commanditaires peuvent être extérieurs au quartier. Visiteurs exclus du stock. activité/institution locale Budget civil 0,00 % ; coefficient 0,000000 ; part de filière 0,000 %. Zéro proposé : Budget local de cette filière nul ou coefficient non retenu ; aucune interdiction universelle. Réseaux, exclusion, dettes et compétences ; statut légal distinct de noblesse.";0;0;0
Contrebandier;Opérateur d’activités illicites;0;0;0.0;A — activité attestée;BR42;"Quartier général Ironhand à fonction de surveillance symbolique. Professions des résidents ; lieu de travail et commanditaires peuvent être extérieurs au quartier. Visiteurs exclus du stock. activité/institution locale Budget civil 0,00 % ; coefficient 0,000000 ; part de filière 0,000 %. Zéro proposé : Budget local de cette filière nul ou coefficient non retenu ; aucune interdiction universelle. Réseaux, exclusion, dettes et compétences ; statut légal distinct de noblesse.";0;0;0
Pirate;Opérateur d’activités illicites;0;0;0.0;A — activité attestée;MJ136;"Quartier général Ironhand à fonction de surveillance symbolique. Professions des résidents ; lieu de travail et commanditaires peuvent être extérieurs au quartier. Visiteurs exclus du stock. activité/institution locale Budget civil 0,00 % ; coefficient 0,000000 ; part de filière 0,000 %. Zéro proposé : Budget local de cette filière nul ou coefficient non retenu ; aucune interdiction universelle. Réseaux, exclusion, dettes et compétences ; statut légal distinct de noblesse.";0;0;0
Cultivateur de tubercules;Agriculteur;0;0;0.0;A — activité attestée;"SB120; SB168";"Quartier général Ironhand à fonction de surveillance symbolique. Professions des résidents ; lieu de travail et commanditaires peuvent être extérieurs au quartier. Visiteurs exclus du stock. activité/institution locale Budget civil 8,00 % ; coefficient 0,000000 ; part de filière 0,000 %. Zéro proposé : Climat, matière ou culture hors filière régionale retenue ; aucun établissement exceptionnel proposé. Transmission familiale, terre/eau, droits d’usage et outils ; les tâches saisonnières restent secondaires.";0;0;0
Cartographe;Cartographe;0.013242322006191088;0.017895029738096067;0.5296928802476435;A — activité attestée;MJ128;"Quartier général Ironhand à fonction de surveillance symbolique. Professions des résidents ; lieu de travail et commanditaires peuvent être extérieurs au quartier. Visiteurs exclus du stock. activité/institution locale Budget civil 2,00 % ; coefficient 0,750000 ; part de filière 2,609 %. Long apprentissage, frais, bourses, talent, licence ou secret ; titre ne donne pas maîtrise.";0.0016470553399475316;0.011501587947275377;9.367871896817927e-05
Sans métier actif;Statut;1.48;2.0;59.2;P;;Personnes productives occupées + personnes sans emploi disponibles recherchant une activité. Inclut aide familiale, subsistance, apprentissage productif et travail partiel.;0.0592;1.3468;0.07400000000000001
Hors activité;Statut;26.0;0;1040.0;P;;"Tous habitants recensés dans les catégories sources; enfants, étudiants et retraités ne sont exclus de l’activité que sans contribution productive. Pas de seuil humain de 18 ans imposé.";1.04;23.66;1.3
