Métier;Base;% habitants;% actifs;Effectif attendu;Appui activité;Références;Justification proposée;Milieu privilégié, noblesse non établie / % de tous habitants;Milieu ordinaire, noblesse non établie / % de tous habitants;Milieu précaire, noblesse non établie / % de tous habitants
Agriculteur généraliste;Agriculteur;0;0;0.0;A — activité attestée;"SB90; SB198";"Contexte régional ; taille et fréquence locales proposées. Profil résidentiel rural/mixte ; jardins, cuisine, filage, corvées et milice saisonnière restent activités secondaires. chapitre régional ; profil territorial proposé Même total vivrier et mêmes effectifs sociaux qu’en V2 ; répartition P revue par culture/habitat. Delta exact, anciennes parts et nouvelles parts enregistrés dans food_reallocation_v3. Ajustement IPF conservant strates et espèces ; aucune création de personne. Zéro proposé : Réaffectation vivrière V3 : quota de capture/habitat limité ou remplacement par culture/pastoralisme ; zéro de scénario, pas interdiction universelle. Transmission familiale, terre/eau, droits d’usage et outils ; les tâches saisonnières restent secondaires.";0;0;0
Céréalier;Agriculteur;0;0;0.0;D — activité déduite;"SB90; SB198";"Contexte régional ; taille et fréquence locales proposées. Profil résidentiel rural/mixte ; jardins, cuisine, filage, corvées et milice saisonnière restent activités secondaires. chapitre régional ; profil territorial proposé Même total vivrier et mêmes effectifs sociaux qu’en V2 ; répartition P revue par culture/habitat. Delta exact, anciennes parts et nouvelles parts enregistrés dans food_reallocation_v3. Ajustement IPF conservant strates et espèces ; aucune création de personne. Zéro proposé : Réaffectation vivrière V3 : quota de capture/habitat limité ou remplacement par culture/pastoralisme ; zéro de scénario, pas interdiction universelle. Transmission familiale, terre/eau, droits d’usage et outils ; les tâches saisonnières restent secondaires.";0;0;0
Riziculteur;Agriculteur;0;0;0.0;A — activité attestée;SB198;"Contexte régional ; taille et fréquence locales proposées. Profil résidentiel rural/mixte ; jardins, cuisine, filage, corvées et milice saisonnière restent activités secondaires. chapitre régional ; profil territorial proposé Budget civil 75,00 % ; coefficient 0,000000 ; part de filière 0,000 %. Zéro proposé : Climat, matière ou culture hors filière régionale retenue ; aucun établissement exceptionnel proposé. Transmission familiale, terre/eau, droits d’usage et outils ; les tâches saisonnières restent secondaires.";0;0;0
Vigneron;Agriculteur;0;0;0.0;A — activité attestée;MJ128;"Contexte régional ; taille et fréquence locales proposées. Profil résidentiel rural/mixte ; jardins, cuisine, filage, corvées et milice saisonnière restent activités secondaires. chapitre régional ; profil territorial proposé Budget civil 3,00 % ; coefficient 0,000000 ; part de filière 0,000 %. Zéro proposé : Climat, matière ou culture hors filière régionale retenue ; aucun établissement exceptionnel proposé. Savoir-faire de terrain et sécurité ; procédé spécialisé distinct du rang social.";0;0;0
Cultivateur d’épices;Agriculteur;0;0;0.0;A — activité attestée;SB182;"Contexte régional ; taille et fréquence locales proposées. Profil résidentiel rural/mixte ; jardins, cuisine, filage, corvées et milice saisonnière restent activités secondaires. chapitre régional ; profil territorial proposé Budget civil 3,00 % ; coefficient 0,000000 ; part de filière 0,000 %. Zéro proposé : Climat, matière ou culture hors filière régionale retenue ; aucun établissement exceptionnel proposé. Savoir-faire de terrain et sécurité ; procédé spécialisé distinct du rang social.";0;0;0
Cultivateur d’herbes pour thé;Agriculteur;0;0;0.0;D — activité déduite;SB198;"Contexte régional ; taille et fréquence locales proposées. Profil résidentiel rural/mixte ; jardins, cuisine, filage, corvées et milice saisonnière restent activités secondaires. chapitre régional ; profil territorial proposé Budget civil 3,00 % ; coefficient 0,000000 ; part de filière 0,000 %. Zéro proposé : Climat, matière ou culture hors filière régionale retenue ; aucun établissement exceptionnel proposé. Savoir-faire de terrain et sécurité ; procédé spécialisé distinct du rang social.";0;0;0
Maraîcher;Agriculteur;10.756013862000001;15.915971976916248;3764.6048517000004;D — activité déduite;"SB90; SB198";"Contexte régional ; taille et fréquence locales proposées. Profil résidentiel rural/mixte ; jardins, cuisine, filage, corvées et milice saisonnière restent activités secondaires. chapitre régional ; profil territorial proposé Même total vivrier et mêmes effectifs sociaux qu’en V2 ; répartition P revue par culture/habitat. Delta exact, anciennes parts et nouvelles parts enregistrés dans food_reallocation_v3. Ajustement IPF conservant strates et espèces ; aucune création de personne. Transmission familiale, terre/eau, droits d’usage et outils ; les tâches saisonnières restent secondaires.";0.04229781224688321;10.445805150211875;0.26791089954124364
Jardinier;Horticulteur;0.2781847630156472;0.41163770792489973;97.36466705547653;A — activité attestée;"SB29; SB161";"Contexte régional ; taille et fréquence locales proposées. Profil résidentiel rural/mixte ; jardins, cuisine, filage, corvées et milice saisonnière restent activités secondaires. chapitre régional ; profil territorial proposé Budget civil 3,00 % ; coefficient 3,000000 ; part de filière 14,225 %. Savoir-faire de terrain et sécurité ; procédé spécialisé distinct du rang social.";0.002179341962140614;0.2691035337634838;0.006901887290022837
Fleuriste;Horticulteur;0.2781847630156472;0.41163770792489973;97.36466705547653;A — activité attestée;"SB29; SB161";"Contexte régional ; taille et fréquence locales proposées. Profil résidentiel rural/mixte ; jardins, cuisine, filage, corvées et milice saisonnière restent activités secondaires. chapitre régional ; profil territorial proposé Budget civil 3,00 % ; coefficient 3,000000 ; part de filière 14,225 %. Savoir-faire de terrain et sécurité ; procédé spécialisé distinct du rang social.";0.002179341962140614;0.2691035337634838;0.006901887290022837
Arboriculteur de verger;Horticulteur;22.978756887000003;34.00230376886653;8042.564910450002;D — activité déduite;"SB29; SB161";"Contexte régional ; taille et fréquence locales proposées. Profil résidentiel rural/mixte ; jardins, cuisine, filage, corvées et milice saisonnière restent activités secondaires. chapitre régional ; profil territorial proposé Même total vivrier et mêmes effectifs sociaux qu’en V2 ; répartition P revue par culture/habitat. Delta exact, anciennes parts et nouvelles parts enregistrés dans food_reallocation_v3. Ajustement IPF conservant strates et espèces ; aucune création de personne. Transmission familiale, terre/eau, droits d’usage et outils ; les tâches saisonnières restent secondaires.";0.09036350798197783;22.31603827545264;0.5723551035653844
Jardinier de roses magiques;Horticulteur;0;0;0.0;A — activité attestée;SB157;"Contexte régional ; taille et fréquence locales proposées. Profil résidentiel rural/mixte ; jardins, cuisine, filage, corvées et milice saisonnière restent activités secondaires. chapitre régional ; profil territorial proposé Budget civil 3,00 % ; coefficient 0,000000 ; part de filière 0,000 %. Zéro proposé : Technique de site, institution, secret ou habilitation concentrée dans les implantations autorisées du scénario. Savoir-faire de terrain et sécurité ; procédé spécialisé distinct du rang social.";0;0;0
Arboriculteur de breithwood;Horticulteur;0.2781847630156472;0.41163770792489973;97.36466705547653;D — activité déduite;SB152;"Contexte régional ; taille et fréquence locales proposées. Profil résidentiel rural/mixte ; jardins, cuisine, filage, corvées et milice saisonnière restent activités secondaires. chapitre régional ; profil territorial proposé Budget civil 3,00 % ; coefficient 3,000000 ; part de filière 14,225 %. Savoir-faire de terrain et sécurité ; procédé spécialisé distinct du rang social.";0.002179341962140614;0.2691035337634838;0.006901887290022837
Éleveur généraliste;Éleveur;0;0;0.0;A — activité attestée;"SB120; SB182";"Contexte régional ; taille et fréquence locales proposées. Profil résidentiel rural/mixte ; jardins, cuisine, filage, corvées et milice saisonnière restent activités secondaires. chapitre régional ; profil territorial proposé Même total vivrier et mêmes effectifs sociaux qu’en V2 ; répartition P revue par culture/habitat. Delta exact, anciennes parts et nouvelles parts enregistrés dans food_reallocation_v3. Ajustement IPF conservant strates et espèces ; aucune création de personne. Zéro proposé : Réaffectation vivrière V3 : quota de capture/habitat limité ou remplacement par culture/pastoralisme ; zéro de scénario, pas interdiction universelle. Transmission familiale, terre/eau, droits d’usage et outils ; les tâches saisonnières restent secondaires.";0;0;0
Berger;Éleveur;0;0;0.0;A — activité attestée;MJ135;"Contexte régional ; taille et fréquence locales proposées. Profil résidentiel rural/mixte ; jardins, cuisine, filage, corvées et milice saisonnière restent activités secondaires. chapitre régional ; profil territorial proposé Même total vivrier et mêmes effectifs sociaux qu’en V2 ; répartition P revue par culture/habitat. Delta exact, anciennes parts et nouvelles parts enregistrés dans food_reallocation_v3. Ajustement IPF conservant strates et espèces ; aucune création de personne. Zéro proposé : Réaffectation vivrière V3 : quota de capture/habitat limité ou remplacement par culture/pastoralisme ; zéro de scénario, pas interdiction universelle. Transmission familiale, terre/eau, droits d’usage et outils ; les tâches saisonnières restent secondaires.";0;0;0
Éleveur de yaks;Éleveur;0;0;0.0;A — activité attestée;SB120;"Contexte régional ; taille et fréquence locales proposées. Profil résidentiel rural/mixte ; jardins, cuisine, filage, corvées et milice saisonnière restent activités secondaires. chapitre régional ; profil territorial proposé Budget civil 75,00 % ; coefficient 0,000000 ; part de filière 0,000 %. Zéro proposé : Climat, matière ou culture hors filière régionale retenue ; aucun établissement exceptionnel proposé. Transmission familiale, terre/eau, droits d’usage et outils ; les tâches saisonnières restent secondaires.";0;0;0
Éleveur de chevaux;Éleveur;0.001390923815078236;0.0020581885396244986;0.48682333527738264;A — activité attestée;SB182;"Contexte régional ; taille et fréquence locales proposées. Profil résidentiel rural/mixte ; jardins, cuisine, filage, corvées et milice saisonnière restent activités secondaires. chapitre régional ; profil territorial proposé Budget civil 3,00 % ; coefficient 0,015000 ; part de filière 0,071 %. Savoir-faire de terrain et sécurité ; procédé spécialisé distinct du rang social.";1.089670981070307e-05;0.0013455176688174188;3.450943645011418e-05
Éleveur de chameaux;Éleveur;0;0;0.0;A — activité attestée;SB182;"Contexte régional ; taille et fréquence locales proposées. Profil résidentiel rural/mixte ; jardins, cuisine, filage, corvées et milice saisonnière restent activités secondaires. chapitre régional ; profil territorial proposé Budget civil 3,00 % ; coefficient 0,000000 ; part de filière 0,000 %. Zéro proposé : Climat, matière ou culture hors filière régionale retenue ; aucun établissement exceptionnel proposé. Savoir-faire de terrain et sécurité ; procédé spécialisé distinct du rang social.";0;0;0
Éleveur de vers à soie;Éleveur;0;0;0.0;A — activité attestée;SB198;"Contexte régional ; taille et fréquence locales proposées. Profil résidentiel rural/mixte ; jardins, cuisine, filage, corvées et milice saisonnière restent activités secondaires. chapitre régional ; profil territorial proposé Budget civil 3,00 % ; coefficient 0,000000 ; part de filière 0,000 %. Zéro proposé : Climat, matière ou culture hors filière régionale retenue ; aucun établissement exceptionnel proposé. Savoir-faire de terrain et sécurité ; procédé spécialisé distinct du rang social.";0;0;0
Éleveur de loups géants;Éleveur;0;0;0.0;A — activité attestée;SB191;"Contexte régional ; taille et fréquence locales proposées. Profil résidentiel rural/mixte ; jardins, cuisine, filage, corvées et milice saisonnière restent activités secondaires. chapitre régional ; profil territorial proposé Budget civil 3,00 % ; coefficient 0,000000 ; part de filière 0,000 %. Zéro proposé : Filière régionale non retenue dans ce scénario, sans interdiction universelle. Savoir-faire de terrain et sécurité ; procédé spécialisé distinct du rang social.";0;0;0
Éleveur de montures volantes;Éleveur;0;0;0.0;A — activité attestée;"SB124; SB107";"Contexte régional ; taille et fréquence locales proposées. Profil résidentiel rural/mixte ; jardins, cuisine, filage, corvées et milice saisonnière restent activités secondaires. chapitre régional ; profil territorial proposé Budget civil 3,00 % ; coefficient 0,000000 ; part de filière 0,000 %. Zéro proposé : Climat, matière ou culture hors filière régionale retenue ; aucun établissement exceptionnel proposé. Savoir-faire de terrain et sécurité ; procédé spécialisé distinct du rang social.";0;0;0
Apiculteur;Éleveur;1.4667291630000001;2.170359815034034;513.35520705;P — activité proposée;SB152;"Contexte régional ; taille et fréquence locales proposées. Profil résidentiel rural/mixte ; jardins, cuisine, filage, corvées et milice saisonnière restent activités secondaires. chapitre régional ; profil territorial proposé Même total vivrier et mêmes effectifs sociaux qu’en V2 ; répartition P revue par culture/habitat. Delta exact, anciennes parts et nouvelles parts enregistrés dans food_reallocation_v3. Ajustement IPF conservant strates et espèces ; aucune création de personne. Transmission familiale, terre/eau, droits d’usage et outils ; les tâches saisonnières restent secondaires.";0.00576788348821135;1.424427975028892;0.03653330448289689
Chasseur de gibier;Chasseur;0;0;0.0;A — activité attestée;"MJ139; PG20";"Contexte régional ; taille et fréquence locales proposées. Profil résidentiel rural/mixte ; jardins, cuisine, filage, corvées et milice saisonnière restent activités secondaires. chapitre régional ; profil territorial proposé Même total vivrier et mêmes effectifs sociaux qu’en V2 ; répartition P revue par culture/habitat. Delta exact, anciennes parts et nouvelles parts enregistrés dans food_reallocation_v3. Ajustement IPF conservant strates et espèces ; aucune création de personne. Zéro proposé : Réaffectation vivrière V3 : quota de capture/habitat limité ou remplacement par culture/pastoralisme ; zéro de scénario, pas interdiction universelle. Transmission familiale, terre/eau, droits d’usage et outils ; les tâches saisonnières restent secondaires.";0;0;0
Trappeur;Chasseur;0;0;0.0;A — activité attestée;MJ140;"Contexte régional ; taille et fréquence locales proposées. Profil résidentiel rural/mixte ; jardins, cuisine, filage, corvées et milice saisonnière restent activités secondaires. chapitre régional ; profil territorial proposé Même total vivrier et mêmes effectifs sociaux qu’en V2 ; répartition P revue par culture/habitat. Delta exact, anciennes parts et nouvelles parts enregistrés dans food_reallocation_v3. Ajustement IPF conservant strates et espèces ; aucune création de personne. Zéro proposé : Réaffectation vivrière V3 : quota de capture/habitat limité ou remplacement par culture/pastoralisme ; zéro de scénario, pas interdiction universelle. Transmission familiale, terre/eau, droits d’usage et outils ; les tâches saisonnières restent secondaires.";0;0;0
Chasseur de monstres;Chasseur;0;0;0.0;A — activité attestée;PG58;"Contexte régional ; taille et fréquence locales proposées. Profil résidentiel rural/mixte ; jardins, cuisine, filage, corvées et milice saisonnière restent activités secondaires. chapitre régional ; profil territorial proposé Budget civil 0,50 % ; coefficient 0,000000 ; part de filière 0,000 %. Zéro proposé : Spécialité avancée non installée dans le profil rural ordinaire : apprentissage, matériel et clientèle insuffisamment établis. Long apprentissage, frais, bourses, talent, licence ou secret ; titre ne donne pas maîtrise.";0;0;0
Chasseur de monstres marins;Chasseur;0;0;0.0;A — activité attestée;SB148;"Contexte régional ; taille et fréquence locales proposées. Profil résidentiel rural/mixte ; jardins, cuisine, filage, corvées et milice saisonnière restent activités secondaires. chapitre régional ; profil territorial proposé Budget civil 0,50 % ; coefficient 0,000000 ; part de filière 0,000 %. Zéro proposé : Filière régionale non retenue dans ce scénario, sans interdiction universelle. Long apprentissage, frais, bourses, talent, licence ou secret ; titre ne donne pas maîtrise.";0;0;0
Chasseur de dragons;Chasseur;0;0;0.0;A — activité attestée;SB220;"Contexte régional ; taille et fréquence locales proposées. Profil résidentiel rural/mixte ; jardins, cuisine, filage, corvées et milice saisonnière restent activités secondaires. chapitre régional ; profil territorial proposé Budget civil 0,50 % ; coefficient 0,000000 ; part de filière 0,000 %. Zéro proposé : Technique de site, institution, secret ou habilitation concentrée dans les implantations autorisées du scénario. Long apprentissage, frais, bourses, talent, licence ou secret ; titre ne donne pas maîtrise.";0;0;0
Cueilleur;Collecteur de ressources;13.689472188000003;20.25669160698432;4791.315265800001;A — activité attestée;"MJ139; SB153";"Contexte régional ; taille et fréquence locales proposées. Profil résidentiel rural/mixte ; jardins, cuisine, filage, corvées et milice saisonnière restent activités secondaires. chapitre régional ; profil territorial proposé Même total vivrier et mêmes effectifs sociaux qu’en V2 ; répartition P revue par culture/habitat. Delta exact, anciennes parts et nouvelles parts enregistrés dans food_reallocation_v3. Ajustement IPF conservant strates et espèces ; aucune création de personne. Transmission familiale, terre/eau, droits d’usage et outils ; les tâches saisonnières restent secondaires.";0.05383357922330593;13.29466110026966;0.34097750850703734
Herboriste de collecte;Collecteur de ressources;0.4450956208250356;0.6586203326798397;155.78346728876247;D — activité déduite;BR55;"Contexte régional ; taille et fréquence locales proposées. Profil résidentiel rural/mixte ; jardins, cuisine, filage, corvées et milice saisonnière restent activités secondaires. chapitre régional ; profil territorial proposé Budget civil 3,00 % ; coefficient 4,800000 ; part de filière 22,760 %. Savoir-faire de terrain et sécurité ; procédé spécialisé distinct du rang social.";0.0034869471394249826;0.4305656540215741;0.011043019664036539
Collecteur de composants de créatures;Collecteur de ressources;0.4450956208250356;0.6586203326798397;155.78346728876247;A — activité attestée;"SB104; SB139";"Contexte régional ; taille et fréquence locales proposées. Profil résidentiel rural/mixte ; jardins, cuisine, filage, corvées et milice saisonnière restent activités secondaires. chapitre régional ; profil territorial proposé Budget civil 3,00 % ; coefficient 4,800000 ; part de filière 22,760 %. Savoir-faire de terrain et sécurité ; procédé spécialisé distinct du rang social.";0.0034869471394249826;0.4305656540215741;0.011043019664036539
Collecteur de perles;Collecteur de ressources;0;0;0.0;D — activité déduite;SB149;"Contexte régional ; taille et fréquence locales proposées. Profil résidentiel rural/mixte ; jardins, cuisine, filage, corvées et milice saisonnière restent activités secondaires. chapitre régional ; profil territorial proposé Budget civil 3,00 % ; coefficient 0,000000 ; part de filière 0,000 %. Zéro proposé : Filière régionale non retenue dans ce scénario, sans interdiction universelle. Savoir-faire de terrain et sécurité ; procédé spécialisé distinct du rang social.";0;0;0
Récupérateur de reliques penumbrales;Collecteur de ressources;0;0;0.0;A — activité attestée;PG8;"Contexte régional ; taille et fréquence locales proposées. Profil résidentiel rural/mixte ; jardins, cuisine, filage, corvées et milice saisonnière restent activités secondaires. chapitre régional ; profil territorial proposé Budget civil 3,00 % ; coefficient 0,000000 ; part de filière 0,000 %. Zéro proposé : Filière régionale non retenue dans ce scénario, sans interdiction universelle. Savoir-faire de terrain et sécurité ; procédé spécialisé distinct du rang social.";0;0;0
Bûcheron;Travailleur forestier;0.046364127169274544;0.06860628465414996;16.22744450924609;A — activité attestée;"MJ135; SB107";"Contexte régional ; taille et fréquence locales proposées. Profil résidentiel rural/mixte ; jardins, cuisine, filage, corvées et milice saisonnière restent activités secondaires. chapitre régional ; profil territorial proposé Budget civil 3,00 % ; coefficient 0,500000 ; part de filière 2,371 %. Savoir-faire de terrain et sécurité ; procédé spécialisé distinct du rang social.";0.0003632236603567692;0.04485058896058063;0.0011503145483371393
Forestier;Travailleur forestier;0.046364127169274544;0.06860628465414996;16.22744450924609;A — activité attestée;MJ140;"Contexte régional ; taille et fréquence locales proposées. Profil résidentiel rural/mixte ; jardins, cuisine, filage, corvées et milice saisonnière restent activités secondaires. chapitre régional ; profil territorial proposé Budget civil 3,00 % ; coefficient 0,500000 ; part de filière 2,371 %. Savoir-faire de terrain et sécurité ; procédé spécialisé distinct du rang social.";0.0003632236603567692;0.04485058896058063;0.0011503145483371393
Scieur;Travailleur forestier;0.046364127169274544;0.06860628465414996;16.22744450924609;D — activité déduite;SB99;"Contexte régional ; taille et fréquence locales proposées. Profil résidentiel rural/mixte ; jardins, cuisine, filage, corvées et milice saisonnière restent activités secondaires. chapitre régional ; profil territorial proposé Budget civil 3,00 % ; coefficient 0,500000 ; part de filière 2,371 %. Savoir-faire de terrain et sécurité ; procédé spécialisé distinct du rang social.";0.0003632236603567692;0.04485058896058063;0.0011503145483371393
Pêcheur maritime;Pêcheur;0;0;0.0;A — activité attestée;"SB110; SB168";"Contexte régional ; taille et fréquence locales proposées. Profil résidentiel rural/mixte ; jardins, cuisine, filage, corvées et milice saisonnière restent activités secondaires. chapitre régional ; profil territorial proposé Budget civil 75,00 % ; coefficient 0,000000 ; part de filière 0,000 %. Zéro proposé : Poids technique nul dans la filière locale du scénario. Transmission familiale, terre/eau, droits d’usage et outils ; les tâches saisonnières restent secondaires.";0;0;0
Pêcheur d’eau douce;Pêcheur;0;0;0.0;A — activité attestée;SB138;"Contexte régional ; taille et fréquence locales proposées. Profil résidentiel rural/mixte ; jardins, cuisine, filage, corvées et milice saisonnière restent activités secondaires. chapitre régional ; profil territorial proposé Même total vivrier et mêmes effectifs sociaux qu’en V2 ; répartition P revue par culture/habitat. Delta exact, anciennes parts et nouvelles parts enregistrés dans food_reallocation_v3. Ajustement IPF conservant strates et espèces ; aucune création de personne. Zéro proposé : Réaffectation vivrière V3 : quota de capture/habitat limité ou remplacement par culture/pastoralisme ; zéro de scénario, pas interdiction universelle. Transmission familiale, terre/eau, droits d’usage et outils ; les tâches saisonnières restent secondaires.";0;0;0
Cultivateur marin;Pêcheur;0;0;0.0;P — activité proposée;SB149;"Contexte régional ; taille et fréquence locales proposées. Profil résidentiel rural/mixte ; jardins, cuisine, filage, corvées et milice saisonnière restent activités secondaires. chapitre régional ; profil territorial proposé Budget civil 75,00 % ; coefficient 0,000000 ; part de filière 0,000 %. Zéro proposé : Filière régionale non retenue dans ce scénario, sans interdiction universelle. Transmission familiale, terre/eau, droits d’usage et outils ; les tâches saisonnières restent secondaires.";0;0;0
Mineur;Extracteur de ressources minérales;0.00695461907539118;0.010290942698122491;2.4341166763869126;A — activité attestée;"MJ135; SB160";"Contexte régional ; taille et fréquence locales proposées. Profil résidentiel rural/mixte ; jardins, cuisine, filage, corvées et milice saisonnière restent activités secondaires. chapitre régional ; profil territorial proposé Budget civil 3,00 % ; coefficient 0,075000 ; part de filière 0,356 %. Savoir-faire de terrain et sécurité ; procédé spécialisé distinct du rang social.";5.448354905351535e-05;0.0067275883440870935;0.00017254718225057086
Carrier;Extracteur de ressources minérales;0.00695461907539118;0.010290942698122491;2.4341166763869126;D — activité déduite;"MJ135; SB160";"Contexte régional ; taille et fréquence locales proposées. Profil résidentiel rural/mixte ; jardins, cuisine, filage, corvées et milice saisonnière restent activités secondaires. chapitre régional ; profil territorial proposé Budget civil 3,00 % ; coefficient 0,075000 ; part de filière 0,356 %. Savoir-faire de terrain et sécurité ; procédé spécialisé distinct du rang social.";5.448354905351535e-05;0.0067275883440870935;0.00017254718225057086
Salinier;Extracteur de ressources minérales;0;0;0.0;P — activité proposée;SB120;"Contexte régional ; taille et fréquence locales proposées. Profil résidentiel rural/mixte ; jardins, cuisine, filage, corvées et milice saisonnière restent activités secondaires. chapitre régional ; profil territorial proposé Budget civil 3,00 % ; coefficient 0,000000 ; part de filière 0,000 %. Zéro proposé : Climat, matière ou culture hors filière régionale retenue ; aucun établissement exceptionnel proposé. Savoir-faire de terrain et sécurité ; procédé spécialisé distinct du rang social.";0;0;0
Mineur de bauronite;Extracteur de ressources minérales;0;0;0.0;A — activité attestée;"SB174; SB182";"Contexte régional ; taille et fréquence locales proposées. Profil résidentiel rural/mixte ; jardins, cuisine, filage, corvées et milice saisonnière restent activités secondaires. chapitre régional ; profil territorial proposé Budget civil 3,00 % ; coefficient 0,000000 ; part de filière 0,000 %. Zéro proposé : Climat, matière ou culture hors filière régionale retenue ; aucun établissement exceptionnel proposé. Savoir-faire de terrain et sécurité ; procédé spécialisé distinct du rang social.";0;0;0
Mineur de tameranium;Extracteur de ressources minérales;0;0;0.0;A — activité attestée;"SB168; SB198";"Contexte régional ; taille et fréquence locales proposées. Profil résidentiel rural/mixte ; jardins, cuisine, filage, corvées et milice saisonnière restent activités secondaires. chapitre régional ; profil territorial proposé Budget civil 3,00 % ; coefficient 0,000000 ; part de filière 0,000 %. Zéro proposé : Climat, matière ou culture hors filière régionale retenue ; aucun établissement exceptionnel proposé. Savoir-faire de terrain et sécurité ; procédé spécialisé distinct du rang social.";0;0;0
Extracteur d’obsidienne;Extracteur de ressources minérales;0;0;0.0;A — activité attestée;SB190;"Contexte régional ; taille et fréquence locales proposées. Profil résidentiel rural/mixte ; jardins, cuisine, filage, corvées et milice saisonnière restent activités secondaires. chapitre régional ; profil territorial proposé Budget civil 3,00 % ; coefficient 0,000000 ; part de filière 0,000 %. Zéro proposé : Filière régionale non retenue dans ce scénario, sans interdiction universelle. Savoir-faire de terrain et sécurité ; procédé spécialisé distinct du rang social.";0;0;0
Extracteur de soufre;Extracteur de ressources minérales;0;0;0.0;A — activité attestée;SB190;"Contexte régional ; taille et fréquence locales proposées. Profil résidentiel rural/mixte ; jardins, cuisine, filage, corvées et milice saisonnière restent activités secondaires. chapitre régional ; profil territorial proposé Budget civil 3,00 % ; coefficient 0,000000 ; part de filière 0,000 %. Zéro proposé : Filière régionale non retenue dans ce scénario, sans interdiction universelle. Savoir-faire de terrain et sécurité ; procédé spécialisé distinct du rang social.";0;0;0
Prospecteur;Extracteur de ressources minérales;0.00695461907539118;0.010290942698122491;2.4341166763869126;D — activité déduite;SB104;"Contexte régional ; taille et fréquence locales proposées. Profil résidentiel rural/mixte ; jardins, cuisine, filage, corvées et milice saisonnière restent activités secondaires. chapitre régional ; profil territorial proposé Budget civil 3,00 % ; coefficient 0,075000 ; part de filière 0,356 %. Savoir-faire de terrain et sécurité ; procédé spécialisé distinct du rang social.";5.448354905351535e-05;0.0067275883440870935;0.00017254718225057086
Meunier;Meunier;0.12207864689909174;0.18064315906938702;42.7275264146821;D — activité déduite;SB121;"Contexte régional ; taille et fréquence locales proposées. Profil résidentiel rural/mixte ; jardins, cuisine, filage, corvées et milice saisonnière restent activités secondaires. chapitre régional ; profil territorial proposé Budget civil 12,00 % ; coefficient 1,750000 ; part de filière 1,561 %. Apprentissage, atelier, combustible et outils ; titre noble ne remplace pas qualification.";0.004636618017913215;0.11450523277277035;0.0029367961084081845
Boucher;Boucher;0.01116147628791696;0.01651594597205824;3.906516700770936;D — activité déduite;SB99;"Contexte régional ; taille et fréquence locales proposées. Profil résidentiel rural/mixte ; jardins, cuisine, filage, corvées et milice saisonnière restent activités secondaires. chapitre régional ; profil territorial proposé Budget civil 12,00 % ; coefficient 0,160000 ; part de filière 0,143 %. Apprentissage, atelier, combustible et outils ; titre noble ne remplace pas qualification.";0.0004239193616377795;0.010469049853510432;0.0002685070727687485
Écorcheur;Boucher;0.004464590515166784;0.006606378388823298;1.5626066803083745;A — activité attestée;MJ128;"Contexte régional ; taille et fréquence locales proposées. Profil résidentiel rural/mixte ; jardins, cuisine, filage, corvées et milice saisonnière restent activités secondaires. chapitre régional ; profil territorial proposé Budget civil 12,00 % ; coefficient 0,064000 ; part de filière 0,057 %. Apprentissage, atelier, combustible et outils ; titre noble ne remplace pas qualification.";0.0001695677446551118;0.004187619941404173;0.00010740282910749937
Boulanger;Boulanger;0.2964767138977943;0.4387048148827971;103.766849864228;A — activité attestée;MJ128;"Contexte régional ; taille et fréquence locales proposées. Profil résidentiel rural/mixte ; jardins, cuisine, filage, corvées et milice saisonnière restent activités secondaires. chapitre régional ; profil territorial proposé Budget civil 12,00 % ; coefficient 4,250000 ; part de filière 3,790 %. Apprentissage, atelier, combustible et outils ; titre noble ne remplace pas qualification.";0.011260358043503518;0.2780841367338709;0.00713221912041988
Cuisinier;Cuisinier;0.16642318815419968;0.24626100644303;58.248115853969885;A — activité attestée;MJ128;"Contexte régional ; taille et fréquence locales proposées. Profil résidentiel rural/mixte ; jardins, cuisine, filage, corvées et milice saisonnière restent activités secondaires. chapitre régional ; profil territorial proposé Budget civil 2,00 % ; coefficient 7,500000 ; part de filière 12,765 %. Apprentissage et qualification variable ; soins avancés et thérapie magique exigent formation.";0.0006555444569784945;0.16189228948604514;0.003875354211176038
Cuisinier de haute cuisine;Cuisinier;0;0;0.0;A — activité attestée;"PG28; CC52";"Contexte régional ; taille et fréquence locales proposées. Profil résidentiel rural/mixte ; jardins, cuisine, filage, corvées et milice saisonnière restent activités secondaires. chapitre régional ; profil territorial proposé Budget civil 2,00 % ; coefficient 0,000000 ; part de filière 0,000 %. Zéro proposé : Haute cuisine concentrée auprès de clientèle et maîtres attestés/proposés ; cuisine ordinaire conservée. Apprentissage et qualification variable ; soins avancés et thérapie magique exigent formation.";0;0;0
Poissonnier;Transformateur alimentaire;0.0906869948393253;0.1341920610229732;31.740448193763854;D — activité déduite;"SB120; SB149";"Contexte régional ; taille et fréquence locales proposées. Profil résidentiel rural/mixte ; jardins, cuisine, filage, corvées et milice saisonnière restent activités secondaires. chapitre régional ; profil territorial proposé Budget civil 12,00 % ; coefficient 1,300000 ; part de filière 1,159 %. Apprentissage, atelier, combustible et outils ; titre noble ne remplace pas qualification.";0.0034443448133069576;0.08506103005977225;0.0021816199662460798
Saleur et sécheur alimentaire;Transformateur alimentaire;0.0906869948393253;0.1341920610229732;31.740448193763854;D — activité déduite;"SB120; SB149";"Contexte régional ; taille et fréquence locales proposées. Profil résidentiel rural/mixte ; jardins, cuisine, filage, corvées et milice saisonnière restent activités secondaires. chapitre régional ; profil territorial proposé Budget civil 12,00 % ; coefficient 1,300000 ; part de filière 1,159 %. Apprentissage, atelier, combustible et outils ; titre noble ne remplace pas qualification.";0.0034443448133069576;0.08506103005977225;0.0021816199662460798
Fromager;Transformateur alimentaire;0.0906869948393253;0.1341920610229732;31.740448193763854;A — activité attestée;"SB120; SB149";"Contexte régional ; taille et fréquence locales proposées. Profil résidentiel rural/mixte ; jardins, cuisine, filage, corvées et milice saisonnière restent activités secondaires. chapitre régional ; profil territorial proposé Budget civil 12,00 % ; coefficient 1,300000 ; part de filière 1,159 %. Apprentissage, atelier, combustible et outils ; titre noble ne remplace pas qualification.";0.0034443448133069576;0.08506103005977225;0.0021816199662460798
Huilier;Transformateur alimentaire;0.0906869948393253;0.1341920610229732;31.740448193763854;P — activité proposée;"SB120; SB149";"Contexte régional ; taille et fréquence locales proposées. Profil résidentiel rural/mixte ; jardins, cuisine, filage, corvées et milice saisonnière restent activités secondaires. chapitre régional ; profil territorial proposé Budget civil 12,00 % ; coefficient 1,300000 ; part de filière 1,159 %. Apprentissage, atelier, combustible et outils ; titre noble ne remplace pas qualification.";0.0034443448133069576;0.08506103005977225;0.0021816199662460798
Brasseur;Fabricant de boissons;0.08371107215937719;0.1238695947904368;29.29887525578202;A — activité attestée;"MJ128; SB120";"Contexte régional ; taille et fréquence locales proposées. Profil résidentiel rural/mixte ; jardins, cuisine, filage, corvées et milice saisonnière restent activités secondaires. chapitre régional ; profil territorial proposé Budget civil 12,00 % ; coefficient 1,200000 ; part de filière 1,070 %. Apprentissage, atelier, combustible et outils ; titre noble ne remplace pas qualification.";0.0031793952122833456;0.07851787390132824;0.0020138030457656116
Distillateur;Fabricant de boissons;0.08371107215937719;0.1238695947904368;29.29887525578202;A — activité attestée;"MJ128; SB120";"Contexte régional ; taille et fréquence locales proposées. Profil résidentiel rural/mixte ; jardins, cuisine, filage, corvées et milice saisonnière restent activités secondaires. chapitre régional ; profil territorial proposé Budget civil 12,00 % ; coefficient 1,200000 ; part de filière 1,070 %. Apprentissage, atelier, combustible et outils ; titre noble ne remplace pas qualification.";0.0031793952122833456;0.07851787390132824;0.0020138030457656116
Distillateur de Highlandtuber;Fabricant de boissons;0;0;0.0;A — activité attestée;"SB120; SB121";"Contexte régional ; taille et fréquence locales proposées. Profil résidentiel rural/mixte ; jardins, cuisine, filage, corvées et milice saisonnière restent activités secondaires. chapitre régional ; profil territorial proposé Budget civil 12,00 % ; coefficient 0,000000 ; part de filière 0,000 %. Zéro proposé : Filière régionale non retenue dans ce scénario, sans interdiction universelle. Apprentissage, atelier, combustible et outils ; titre noble ne remplace pas qualification.";0;0;0
Maître de cérémonie du thé;Maître de cérémonie du thé;0;0;0.0;A — activité attestée;SB201;"Contexte régional ; taille et fréquence locales proposées. Profil résidentiel rural/mixte ; jardins, cuisine, filage, corvées et milice saisonnière restent activités secondaires. chapitre régional ; profil territorial proposé Budget civil 0,50 % ; coefficient 0,000000 ; part de filière 0,000 %. Zéro proposé : Filière régionale non retenue dans ce scénario, sans interdiction universelle. Apprentissage, audition et réseau ; accès au mérite notamment Mustardseed.";0;0;0
Alchimiste;Alchimiste;0.23281415285714288;0.3445015579419102;81.48495350000002;A — activité attestée;"MJ128; BR55";"Contexte régional ; taille et fréquence locales proposées. Profil résidentiel rural/mixte ; jardins, cuisine, filage, corvées et milice saisonnière restent activités secondaires. chapitre régional ; profil territorial proposé Budget civil 0,50 % ; coefficient 2,500000 ; part de filière 71,429 %. Long apprentissage, frais, bourses, talent, licence ou secret ; titre ne donne pas maîtrise.";0.021361821937759106;0.2110193579875239;0.00043297293185987925
Apothicaire;Alchimiste;0.09312566114285716;0.13780062317676406;32.593981400000004;A — activité attestée;"MJ128; BR55";"Contexte régional ; taille et fréquence locales proposées. Profil résidentiel rural/mixte ; jardins, cuisine, filage, corvées et milice saisonnière restent activités secondaires. chapitre régional ; profil territorial proposé Budget civil 0,50 % ; coefficient 1,000000 ; part de filière 28,571 %. Long apprentissage, frais, bourses, talent, licence ou secret ; titre ne donne pas maîtrise.";0.008544728775103644;0.08440774319500956;0.00017318917274395176
Préparateur de poisons;Alchimiste;0;0;0.0;D — activité déduite;"BR55; SB193";"Contexte régional ; taille et fréquence locales proposées. Profil résidentiel rural/mixte ; jardins, cuisine, filage, corvées et milice saisonnière restent activités secondaires. chapitre régional ; profil territorial proposé Budget civil 0,50 % ; coefficient 0,000000 ; part de filière 0,000 %. Zéro proposé : Spécialité avancée non installée dans le profil rural ordinaire : apprentissage, matériel et clientèle insuffisamment établis. Long apprentissage, frais, bourses, talent, licence ou secret ; titre ne donne pas maîtrise.";0;0;0
Préparateur de potions;Alchimiste;0;0;0.0;A — activité attestée;SB138;"Contexte régional ; taille et fréquence locales proposées. Profil résidentiel rural/mixte ; jardins, cuisine, filage, corvées et milice saisonnière restent activités secondaires. chapitre régional ; profil territorial proposé Budget civil 0,50 % ; coefficient 0,000000 ; part de filière 0,000 %. Zéro proposé : Spécialité avancée non installée dans le profil rural ordinaire : apprentissage, matériel et clientèle insuffisamment établis. Long apprentissage, frais, bourses, talent, licence ou secret ; titre ne donne pas maîtrise.";0;0;0
Préparateur d’Estelindea;Alchimiste;0;0;0.0;A — activité attestée;SB153;"Contexte régional ; taille et fréquence locales proposées. Profil résidentiel rural/mixte ; jardins, cuisine, filage, corvées et milice saisonnière restent activités secondaires. chapitre régional ; profil territorial proposé Budget civil 0,50 % ; coefficient 0,000000 ; part de filière 0,000 %. Zéro proposé : Technique de site, institution, secret ou habilitation concentrée dans les implantations autorisées du scénario. Long apprentissage, frais, bourses, talent, licence ou secret ; titre ne donne pas maîtrise.";0;0;0
Charbonnier;Charbonnier;0.0695461907539118;0.10290942698122493;24.341166763869133;P — activité proposée;SB128;"Contexte régional ; taille et fréquence locales proposées. Profil résidentiel rural/mixte ; jardins, cuisine, filage, corvées et milice saisonnière restent activités secondaires. chapitre régional ; profil territorial proposé Budget civil 3,00 % ; coefficient 0,750000 ; part de filière 3,556 %. Savoir-faire de terrain et sécurité ; procédé spécialisé distinct du rang social.";0.0005448354905351535;0.06727588344087095;0.0017254718225057093
Fondeur et affineur;Métallurgiste;0;0;0.0;D — activité déduite;"SB198; SB160";"Contexte régional ; taille et fréquence locales proposées. Profil résidentiel rural/mixte ; jardins, cuisine, filage, corvées et milice saisonnière restent activités secondaires. chapitre régional ; profil territorial proposé Budget civil 12,00 % ; coefficient 0,000000 ; part de filière 0,000 %. Zéro proposé : Artisanat de base et réparation locale ; atelier spécialisé absent du scénario rural ordinaire. Apprentissage, atelier, combustible et outils ; titre noble ne remplace pas qualification.";0;0;0
Aciériste;Métallurgiste;0;0;0.0;D — activité déduite;SB198;"Contexte régional ; taille et fréquence locales proposées. Profil résidentiel rural/mixte ; jardins, cuisine, filage, corvées et milice saisonnière restent activités secondaires. chapitre régional ; profil territorial proposé Budget civil 12,00 % ; coefficient 0,000000 ; part de filière 0,000 %. Zéro proposé : Artisanat de base et réparation locale ; atelier spécialisé absent du scénario rural ordinaire. Apprentissage, atelier, combustible et outils ; titre noble ne remplace pas qualification.";0;0;0
Forgeron;Forgeron;0.34879613399740506;0.5161233116268202;122.07864689909177;A — activité attestée;MJ128;"Contexte régional ; taille et fréquence locales proposées. Profil résidentiel rural/mixte ; jardins, cuisine, filage, corvées et milice saisonnière restent activités secondaires. chapitre régional ; profil territorial proposé Budget civil 12,00 % ; coefficient 5,000000 ; part de filière 4,459 %. Apprentissage, atelier, combustible et outils ; titre noble ne remplace pas qualification.";0.0132474800511806;0.32715780792220106;0.008390846024023384
Armurier;Forgeron;0.139518453598962;0.20644932465072804;48.831458759636696;A — activité attestée;MJ128;"Contexte régional ; taille et fréquence locales proposées. Profil résidentiel rural/mixte ; jardins, cuisine, filage, corvées et milice saisonnière restent activités secondaires. chapitre régional ; profil territorial proposé Budget civil 12,00 % ; coefficient 2,000000 ; part de filière 1,784 %. Apprentissage, atelier, combustible et outils ; titre noble ne remplace pas qualification.";0.005298992020472243;0.1308631231688804;0.0033563384096093564
Coutelier;Forgeron;0.139518453598962;0.20644932465072804;48.831458759636696;D — activité déduite;MJ128;"Contexte régional ; taille et fréquence locales proposées. Profil résidentiel rural/mixte ; jardins, cuisine, filage, corvées et milice saisonnière restent activités secondaires. chapitre régional ; profil territorial proposé Budget civil 12,00 % ; coefficient 2,000000 ; part de filière 1,784 %. Apprentissage, atelier, combustible et outils ; titre noble ne remplace pas qualification.";0.005298992020472243;0.1308631231688804;0.0033563384096093564
Rémouleur;Forgeron;0.139518453598962;0.20644932465072804;48.831458759636696;D — activité déduite;MJ128;"Contexte régional ; taille et fréquence locales proposées. Profil résidentiel rural/mixte ; jardins, cuisine, filage, corvées et milice saisonnière restent activités secondaires. chapitre régional ; profil territorial proposé Budget civil 12,00 % ; coefficient 2,000000 ; part de filière 1,784 %. Apprentissage, atelier, combustible et outils ; titre noble ne remplace pas qualification.";0.005298992020472243;0.1308631231688804;0.0033563384096093564
Serrurier;Mécanicien et artisan du métal;0;0;0.0;A — activité attestée;"MJ128; SB174";"Contexte régional ; taille et fréquence locales proposées. Profil résidentiel rural/mixte ; jardins, cuisine, filage, corvées et milice saisonnière restent activités secondaires. chapitre régional ; profil territorial proposé Budget civil 12,00 % ; coefficient 0,000000 ; part de filière 0,000 %. Zéro proposé : Artisanat de base et réparation locale ; atelier spécialisé absent du scénario rural ordinaire. Apprentissage, atelier, combustible et outils ; titre noble ne remplace pas qualification.";0;0;0
Rétameur;Mécanicien et artisan du métal;0;0;0.0;A — activité attestée;"MJ128; SB174";"Contexte régional ; taille et fréquence locales proposées. Profil résidentiel rural/mixte ; jardins, cuisine, filage, corvées et milice saisonnière restent activités secondaires. chapitre régional ; profil territorial proposé Budget civil 12,00 % ; coefficient 0,000000 ; part de filière 0,000 %. Zéro proposé : Artisanat de base et réparation locale ; atelier spécialisé absent du scénario rural ordinaire. Apprentissage, atelier, combustible et outils ; titre noble ne remplace pas qualification.";0;0;0
Réparateur et bricoleur;Mécanicien et artisan du métal;0;0;0.0;A — activité attestée;"MJ128; SB174";"Contexte régional ; taille et fréquence locales proposées. Profil résidentiel rural/mixte ; jardins, cuisine, filage, corvées et milice saisonnière restent activités secondaires. chapitre régional ; profil territorial proposé Budget civil 12,00 % ; coefficient 0,000000 ; part de filière 0,000 %. Zéro proposé : Artisanat de base et réparation locale ; atelier spécialisé absent du scénario rural ordinaire. Apprentissage, atelier, combustible et outils ; titre noble ne remplace pas qualification.";0;0;0
Horloger;Mécanicien et artisan du métal;0;0;0.0;D — activité déduite;SB174;"Contexte régional ; taille et fréquence locales proposées. Profil résidentiel rural/mixte ; jardins, cuisine, filage, corvées et milice saisonnière restent activités secondaires. chapitre régional ; profil territorial proposé Budget civil 12,00 % ; coefficient 0,000000 ; part de filière 0,000 %. Zéro proposé : Climat, matière ou culture hors filière régionale retenue ; aucun établissement exceptionnel proposé. Apprentissage, atelier, combustible et outils ; titre noble ne remplace pas qualification.";0;0;0
Fabricant d’outils de précision;Mécanicien et artisan du métal;0;0;0.0;A — activité attestée;SB174;"Contexte régional ; taille et fréquence locales proposées. Profil résidentiel rural/mixte ; jardins, cuisine, filage, corvées et milice saisonnière restent activités secondaires. chapitre régional ; profil territorial proposé Budget civil 12,00 % ; coefficient 0,000000 ; part de filière 0,000 %. Zéro proposé : Climat, matière ou culture hors filière régionale retenue ; aucun établissement exceptionnel proposé. Apprentissage, atelier, combustible et outils ; titre noble ne remplace pas qualification.";0;0;0
Fabricant d’instruments de navigation;Mécanicien et artisan du métal;0;0;0.0;D — activité déduite;SB174;"Contexte régional ; taille et fréquence locales proposées. Profil résidentiel rural/mixte ; jardins, cuisine, filage, corvées et milice saisonnière restent activités secondaires. chapitre régional ; profil territorial proposé Budget civil 12,00 % ; coefficient 0,000000 ; part de filière 0,000 %. Zéro proposé : Climat, matière ou culture hors filière régionale retenue ; aucun établissement exceptionnel proposé. Apprentissage, atelier, combustible et outils ; titre noble ne remplace pas qualification.";0;0;0
Bijoutier;Bijoutier;0;0;0.0;A — activité attestée;MJ128;"Contexte régional ; taille et fréquence locales proposées. Profil résidentiel rural/mixte ; jardins, cuisine, filage, corvées et milice saisonnière restent activités secondaires. chapitre régional ; profil territorial proposé Budget civil 12,00 % ; coefficient 0,000000 ; part de filière 0,000 %. Zéro proposé : Artisanat de base et réparation locale ; atelier spécialisé absent du scénario rural ordinaire. Apprentissage, atelier, combustible et outils ; titre noble ne remplace pas qualification.";0;0;0
Orfèvre;Bijoutier;0;0;0.0;A — activité attestée;MJ128;"Contexte régional ; taille et fréquence locales proposées. Profil résidentiel rural/mixte ; jardins, cuisine, filage, corvées et milice saisonnière restent activités secondaires. chapitre régional ; profil territorial proposé Budget civil 12,00 % ; coefficient 0,000000 ; part de filière 0,000 %. Zéro proposé : Artisanat de base et réparation locale ; atelier spécialisé absent du scénario rural ordinaire. Apprentissage, atelier, combustible et outils ; titre noble ne remplace pas qualification.";0;0;0
Lapidaire et tailleur de gemmes;Bijoutier;0;0;0.0;A — activité attestée;MJ128;"Contexte régional ; taille et fréquence locales proposées. Profil résidentiel rural/mixte ; jardins, cuisine, filage, corvées et milice saisonnière restent activités secondaires. chapitre régional ; profil territorial proposé Budget civil 12,00 % ; coefficient 0,000000 ; part de filière 0,000 %. Zéro proposé : Artisanat de base et réparation locale ; atelier spécialisé absent du scénario rural ordinaire. Apprentissage, atelier, combustible et outils ; titre noble ne remplace pas qualification.";0;0;0
Tanneur;Tanneur;0.013079855024902687;0.01935462418600575;4.5779492587159405;A — activité attestée;MJ128;"Contexte régional ; taille et fréquence locales proposées. Profil résidentiel rural/mixte ; jardins, cuisine, filage, corvées et milice saisonnière restent activités secondaires. chapitre régional ; profil territorial proposé Budget civil 12,00 % ; coefficient 0,187500 ; part de filière 0,167 %. Apprentissage, atelier, combustible et outils ; titre noble ne remplace pas qualification.";0.0004967805019192728;0.012268417797082537;0.000314656725900877
Fourreur;Tanneur;0.005231942009961074;0.0077418496744023;1.8311797034863762;D — activité déduite;"SB120; SB133";"Contexte régional ; taille et fréquence locales proposées. Profil résidentiel rural/mixte ; jardins, cuisine, filage, corvées et milice saisonnière restent activités secondaires. chapitre régional ; profil territorial proposé Budget civil 12,00 % ; coefficient 0,075000 ; part de filière 0,067 %. Apprentissage, atelier, combustible et outils ; titre noble ne remplace pas qualification.";0.0001987122007677091;0.004907367118833015;0.00012586269036035072
Maroquinier;Artisan du cuir;0.11161476287916962;0.16515945972058244;39.06516700770936;A — activité attestée;MJ128;"Contexte régional ; taille et fréquence locales proposées. Profil résidentiel rural/mixte ; jardins, cuisine, filage, corvées et milice saisonnière restent activités secondaires. chapitre régional ; profil territorial proposé Budget civil 12,00 % ; coefficient 1,600000 ; part de filière 1,427 %. Apprentissage, atelier, combustible et outils ; titre noble ne remplace pas qualification.";0.004239193616377796;0.10469049853510434;0.0026850707276874844
Bourrelier et sellier;Artisan du cuir;0.11161476287916962;0.16515945972058244;39.06516700770936;D — activité déduite;"MJ128; SB163";"Contexte régional ; taille et fréquence locales proposées. Profil résidentiel rural/mixte ; jardins, cuisine, filage, corvées et milice saisonnière restent activités secondaires. chapitre régional ; profil territorial proposé Budget civil 12,00 % ; coefficient 1,600000 ; part de filière 1,427 %. Apprentissage, atelier, combustible et outils ; titre noble ne remplace pas qualification.";0.004239193616377796;0.10469049853510434;0.0026850707276874844
Boursier, fabricant de bourses;Artisan du cuir;0.11161476287916962;0.16515945972058244;39.06516700770936;D — activité déduite;MJ128;"Contexte régional ; taille et fréquence locales proposées. Profil résidentiel rural/mixte ; jardins, cuisine, filage, corvées et milice saisonnière restent activités secondaires. chapitre régional ; profil territorial proposé Budget civil 12,00 % ; coefficient 1,600000 ; part de filière 1,427 %. Apprentissage, atelier, combustible et outils ; titre noble ne remplace pas qualification.";0.004239193616377796;0.10469049853510434;0.0026850707276874844
Gantier;Artisan du cuir;0.11161476287916962;0.16515945972058244;39.06516700770936;D — activité déduite;MJ128;"Contexte régional ; taille et fréquence locales proposées. Profil résidentiel rural/mixte ; jardins, cuisine, filage, corvées et milice saisonnière restent activités secondaires. chapitre régional ; profil territorial proposé Budget civil 12,00 % ; coefficient 1,600000 ; part de filière 1,427 %. Apprentissage, atelier, combustible et outils ; titre noble ne remplace pas qualification.";0.004239193616377796;0.10469049853510434;0.0026850707276874844
Cordonnier;Artisan du cuir;0.11161476287916962;0.16515945972058244;39.06516700770936;A — activité attestée;MJ128;"Contexte régional ; taille et fréquence locales proposées. Profil résidentiel rural/mixte ; jardins, cuisine, filage, corvées et milice saisonnière restent activités secondaires. chapitre régional ; profil territorial proposé Budget civil 12,00 % ; coefficient 1,600000 ; part de filière 1,427 %. Apprentissage, atelier, combustible et outils ; titre noble ne remplace pas qualification.";0.004239193616377796;0.10469049853510434;0.0026850707276874844
Fileur;Artisan textile;0.139518453598962;0.20644932465072804;48.831458759636696;D — activité déduite;MJ128;"Contexte régional ; taille et fréquence locales proposées. Profil résidentiel rural/mixte ; jardins, cuisine, filage, corvées et milice saisonnière restent activités secondaires. chapitre régional ; profil territorial proposé Budget civil 12,00 % ; coefficient 2,000000 ; part de filière 1,784 %. Apprentissage, atelier, combustible et outils ; titre noble ne remplace pas qualification.";0.005298992020472243;0.1308631231688804;0.0033563384096093564
Tisserand;Artisan textile;0.139518453598962;0.20644932465072804;48.831458759636696;A — activité attestée;MJ128;"Contexte régional ; taille et fréquence locales proposées. Profil résidentiel rural/mixte ; jardins, cuisine, filage, corvées et milice saisonnière restent activités secondaires. chapitre régional ; profil territorial proposé Budget civil 12,00 % ; coefficient 2,000000 ; part de filière 1,784 %. Apprentissage, atelier, combustible et outils ; titre noble ne remplace pas qualification.";0.005298992020472243;0.1308631231688804;0.0033563384096093564
Teinturier;Artisan textile;0.139518453598962;0.20644932465072804;48.831458759636696;A — activité attestée;MJ128;"Contexte régional ; taille et fréquence locales proposées. Profil résidentiel rural/mixte ; jardins, cuisine, filage, corvées et milice saisonnière restent activités secondaires. chapitre régional ; profil territorial proposé Budget civil 12,00 % ; coefficient 2,000000 ; part de filière 1,784 %. Apprentissage, atelier, combustible et outils ; titre noble ne remplace pas qualification.";0.005298992020472243;0.1308631231688804;0.0033563384096093564
Tailleur;Tailleur de vêtements;0.139518453598962;0.20644932465072804;48.831458759636696;D — activité déduite;"MJ128; SB139";"Contexte régional ; taille et fréquence locales proposées. Profil résidentiel rural/mixte ; jardins, cuisine, filage, corvées et milice saisonnière restent activités secondaires. chapitre régional ; profil territorial proposé Budget civil 12,00 % ; coefficient 2,000000 ; part de filière 1,784 %. Apprentissage, atelier, combustible et outils ; titre noble ne remplace pas qualification.";0.005298992020472243;0.1308631231688804;0.0033563384096093564
Modiste et fabricant de coiffes;Tailleur de vêtements;0.139518453598962;0.20644932465072804;48.831458759636696;D — activité déduite;"SB139; SB120";"Contexte régional ; taille et fréquence locales proposées. Profil résidentiel rural/mixte ; jardins, cuisine, filage, corvées et milice saisonnière restent activités secondaires. chapitre régional ; profil territorial proposé Budget civil 12,00 % ; coefficient 2,000000 ; part de filière 1,784 %. Apprentissage, atelier, combustible et outils ; titre noble ne remplace pas qualification.";0.005298992020472243;0.1308631231688804;0.0033563384096093564
Tapissier;Tapissier;0;0;0.0;D — activité déduite;SB200;"Contexte régional ; taille et fréquence locales proposées. Profil résidentiel rural/mixte ; jardins, cuisine, filage, corvées et milice saisonnière restent activités secondaires. chapitre régional ; profil territorial proposé Budget civil 12,00 % ; coefficient 0,000000 ; part de filière 0,000 %. Zéro proposé : Artisanat de base et réparation locale ; atelier spécialisé absent du scénario rural ordinaire. Apprentissage, atelier, combustible et outils ; titre noble ne remplace pas qualification.";0;0;0
Menuisier;Menuisier;1.0463884019922152;1.5483699348804605;366.2359406972753;D — activité déduite;"MJ128; SB152";"Contexte régional ; taille et fréquence locales proposées. Profil résidentiel rural/mixte ; jardins, cuisine, filage, corvées et milice saisonnière restent activités secondaires. chapitre régional ; profil territorial proposé Budget civil 12,00 % ; coefficient 15,000000 ; part de filière 13,377 %. Apprentissage, atelier, combustible et outils ; titre noble ne remplace pas qualification.";0.03974244015354184;0.9814734237666031;0.025172538072070167
Ébéniste;Menuisier;0.418555360796886;0.619347973952184;146.4943762789101;D — activité déduite;MJ128;"Contexte régional ; taille et fréquence locales proposées. Profil résidentiel rural/mixte ; jardins, cuisine, filage, corvées et milice saisonnière restent activités secondaires. chapitre régional ; profil territorial proposé Budget civil 12,00 % ; coefficient 6,000000 ; part de filière 5,351 %. Apprentissage, atelier, combustible et outils ; titre noble ne remplace pas qualification.";0.01589697606141673;0.3925893695066412;0.010069015228828065
Sculpteur sur bois;Menuisier;0.418555360796886;0.619347973952184;146.4943762789101;A — activité attestée;MJ128;"Contexte régional ; taille et fréquence locales proposées. Profil résidentiel rural/mixte ; jardins, cuisine, filage, corvées et milice saisonnière restent activités secondaires. chapitre régional ; profil territorial proposé Budget civil 12,00 % ; coefficient 6,000000 ; part de filière 5,351 %. Apprentissage, atelier, combustible et outils ; titre noble ne remplace pas qualification.";0.01589697606141673;0.3925893695066412;0.010069015228828065
Tonnelier;Menuisier;0.418555360796886;0.619347973952184;146.4943762789101;A — activité attestée;MJ128;"Contexte régional ; taille et fréquence locales proposées. Profil résidentiel rural/mixte ; jardins, cuisine, filage, corvées et milice saisonnière restent activités secondaires. chapitre régional ; profil territorial proposé Budget civil 12,00 % ; coefficient 6,000000 ; part de filière 5,351 %. Apprentissage, atelier, combustible et outils ; titre noble ne remplace pas qualification.";0.01589697606141673;0.3925893695066412;0.010069015228828065
Charron;Menuisier;0.418555360796886;0.619347973952184;146.4943762789101;A — activité attestée;MJ128;"Contexte régional ; taille et fréquence locales proposées. Profil résidentiel rural/mixte ; jardins, cuisine, filage, corvées et milice saisonnière restent activités secondaires. chapitre régional ; profil territorial proposé Budget civil 12,00 % ; coefficient 6,000000 ; part de filière 5,351 %. Apprentissage, atelier, combustible et outils ; titre noble ne remplace pas qualification.";0.01589697606141673;0.3925893695066412;0.010069015228828065
Charpentier;Charpentier;0.22671748709831327;0.3354801525574331;79.35112048440965;A — activité attestée;MJ128;"Contexte régional ; taille et fréquence locales proposées. Profil résidentiel rural/mixte ; jardins, cuisine, filage, corvées et milice saisonnière restent activités secondaires. chapitre régional ; profil territorial proposé Budget civil 12,00 % ; coefficient 3,250000 ; part de filière 2,898 %. Apprentissage, atelier, combustible et outils ; titre noble ne remplace pas qualification.";0.0086108620332674;0.21265257514943067;0.005454049915615202
Couvreur;Charpentier;0.0906869948393253;0.1341920610229732;31.740448193763854;A — activité attestée;MJ128;"Contexte régional ; taille et fréquence locales proposées. Profil résidentiel rural/mixte ; jardins, cuisine, filage, corvées et milice saisonnière restent activités secondaires. chapitre régional ; profil territorial proposé Budget civil 12,00 % ; coefficient 1,300000 ; part de filière 1,159 %. Apprentissage, atelier, combustible et outils ; titre noble ne remplace pas qualification.";0.0034443448133069576;0.08506103005977225;0.0021816199662460798
Constructeur naval;Constructeur naval;0;0;0.0;A — activité attestée;"MJ128; SB148";"Contexte régional ; taille et fréquence locales proposées. Profil résidentiel rural/mixte ; jardins, cuisine, filage, corvées et milice saisonnière restent activités secondaires. chapitre régional ; profil territorial proposé Budget civil 12,00 % ; coefficient 0,000000 ; part de filière 0,000 %. Zéro proposé : Artisanat de base et réparation locale ; atelier spécialisé absent du scénario rural ordinaire. Apprentissage, atelier, combustible et outils ; titre noble ne remplace pas qualification.";0;0;0
Calfat;Constructeur naval;0;0;0.0;D — activité déduite;"MJ128; SB148";"Contexte régional ; taille et fréquence locales proposées. Profil résidentiel rural/mixte ; jardins, cuisine, filage, corvées et milice saisonnière restent activités secondaires. chapitre régional ; profil territorial proposé Budget civil 12,00 % ; coefficient 0,000000 ; part de filière 0,000 %. Zéro proposé : Artisanat de base et réparation locale ; atelier spécialisé absent du scénario rural ordinaire. Apprentissage, atelier, combustible et outils ; titre noble ne remplace pas qualification.";0;0;0
Constructeur de drakkars;Constructeur naval;0;0;0.0;A — activité attestée;SB130;"Contexte régional ; taille et fréquence locales proposées. Profil résidentiel rural/mixte ; jardins, cuisine, filage, corvées et milice saisonnière restent activités secondaires. chapitre régional ; profil territorial proposé Budget civil 12,00 % ; coefficient 0,000000 ; part de filière 0,000 %. Zéro proposé : Filière régionale non retenue dans ce scénario, sans interdiction universelle. Apprentissage, atelier, combustible et outils ; titre noble ne remplace pas qualification.";0;0;0
Cordier;Cordier;0.08719903349935126;0.12903082790670506;30.51966172477294;D — activité déduite;SB130;"Contexte régional ; taille et fréquence locales proposées. Profil résidentiel rural/mixte ; jardins, cuisine, filage, corvées et milice saisonnière restent activités secondaires. chapitre régional ; profil territorial proposé Budget civil 12,00 % ; coefficient 1,250000 ; part de filière 1,115 %. Apprentissage, atelier, combustible et outils ; titre noble ne remplace pas qualification.";0.00331187001279515;0.08178945198055027;0.002097711506005846
Voilier;Cordier;0.0348796133997405;0.05161233116268201;12.207864689909174;A — activité attestée;MJ128;"Contexte régional ; taille et fréquence locales proposées. Profil résidentiel rural/mixte ; jardins, cuisine, filage, corvées et milice saisonnière restent activités secondaires. chapitre régional ; profil territorial proposé Budget civil 12,00 % ; coefficient 0,500000 ; part de filière 0,446 %. Apprentissage, atelier, combustible et outils ; titre noble ne remplace pas qualification.";0.0013247480051180606;0.0327157807922201;0.0008390846024023391
Facteur d’arcs;Facteur d’arcs;0;0;0.0;A — activité attestée;"MJ128; SB152";"Contexte régional ; taille et fréquence locales proposées. Profil résidentiel rural/mixte ; jardins, cuisine, filage, corvées et milice saisonnière restent activités secondaires. chapitre régional ; profil territorial proposé Budget civil 12,00 % ; coefficient 0,000000 ; part de filière 0,000 %. Zéro proposé : Artisanat de base et réparation locale ; atelier spécialisé absent du scénario rural ordinaire. Apprentissage, atelier, combustible et outils ; titre noble ne remplace pas qualification.";0;0;0
Fabricant de flèches;Facteur d’arcs;0;0;0.0;A — activité attestée;SB152;"Contexte régional ; taille et fréquence locales proposées. Profil résidentiel rural/mixte ; jardins, cuisine, filage, corvées et milice saisonnière restent activités secondaires. chapitre régional ; profil territorial proposé Budget civil 12,00 % ; coefficient 0,000000 ; part de filière 0,000 %. Zéro proposé : Artisanat de base et réparation locale ; atelier spécialisé absent du scénario rural ordinaire. Apprentissage, atelier, combustible et outils ; titre noble ne remplace pas qualification.";0;0;0
Luthier et facteur d’instruments;Luthier;0;0;0.0;D — activité déduite;BR55;"Contexte régional ; taille et fréquence locales proposées. Profil résidentiel rural/mixte ; jardins, cuisine, filage, corvées et milice saisonnière restent activités secondaires. chapitre régional ; profil territorial proposé Budget civil 12,00 % ; coefficient 0,000000 ; part de filière 0,000 %. Zéro proposé : Artisanat de base et réparation locale ; atelier spécialisé absent du scénario rural ordinaire. Apprentissage, atelier, combustible et outils ; titre noble ne remplace pas qualification.";0;0;0
Tailleur de pierre;Tailleur de pierre;0;0;0.0;A — activité attestée;"MJ128; SB161";"Contexte régional ; taille et fréquence locales proposées. Profil résidentiel rural/mixte ; jardins, cuisine, filage, corvées et milice saisonnière restent activités secondaires. chapitre régional ; profil territorial proposé Budget civil 12,00 % ; coefficient 0,000000 ; part de filière 0,000 %. Zéro proposé : Artisanat de base et réparation locale ; atelier spécialisé absent du scénario rural ordinaire. Apprentissage, atelier, combustible et outils ; titre noble ne remplace pas qualification.";0;0;0
Sculpteur sur pierre;Tailleur de pierre;0;0;0.0;D — activité déduite;"MJ128; SB161";"Contexte régional ; taille et fréquence locales proposées. Profil résidentiel rural/mixte ; jardins, cuisine, filage, corvées et milice saisonnière restent activités secondaires. chapitre régional ; profil territorial proposé Budget civil 12,00 % ; coefficient 0,000000 ; part de filière 0,000 %. Zéro proposé : Artisanat de base et réparation locale ; atelier spécialisé absent du scénario rural ordinaire. Apprentissage, atelier, combustible et outils ; titre noble ne remplace pas qualification.";0;0;0
Sculpteur de statues de Stone Spirits;Tailleur de pierre;0;0;0.0;A — activité attestée;SB161;"Contexte régional ; taille et fréquence locales proposées. Profil résidentiel rural/mixte ; jardins, cuisine, filage, corvées et milice saisonnière restent activités secondaires. chapitre régional ; profil territorial proposé Budget civil 12,00 % ; coefficient 0,000000 ; part de filière 0,000 %. Zéro proposé : Filière régionale non retenue dans ce scénario, sans interdiction universelle. Apprentissage, atelier, combustible et outils ; titre noble ne remplace pas qualification.";0;0;0
Maçon;Maçon;0.6975922679948101;1.0322466232536405;244.15729379818353;A — activité attestée;"MJ128; SB90";"Contexte régional ; taille et fréquence locales proposées. Profil résidentiel rural/mixte ; jardins, cuisine, filage, corvées et milice saisonnière restent activités secondaires. chapitre régional ; profil territorial proposé Budget civil 12,00 % ; coefficient 10,000000 ; part de filière 8,918 %. Apprentissage, atelier, combustible et outils ; titre noble ne remplace pas qualification.";0.0264949601023612;0.6543156158444021;0.01678169204804677
Plâtrier;Maçon;0.279036907197924;0.4128986493014561;97.66291751927339;A — activité attestée;"MJ128; SB90";"Contexte régional ; taille et fréquence locales proposées. Profil résidentiel rural/mixte ; jardins, cuisine, filage, corvées et milice saisonnière restent activités secondaires. chapitre régional ; profil territorial proposé Budget civil 12,00 % ; coefficient 4,000000 ; part de filière 3,567 %. Apprentissage, atelier, combustible et outils ; titre noble ne remplace pas qualification.";0.010597984040944485;0.2617262463377608;0.006712676819218713
Manœuvre de chantier;Maçon;0.279036907197924;0.4128986493014561;97.66291751927339;A — activité attestée;SB90;"Contexte régional ; taille et fréquence locales proposées. Profil résidentiel rural/mixte ; jardins, cuisine, filage, corvées et milice saisonnière restent activités secondaires. chapitre régional ; profil territorial proposé Budget civil 12,00 % ; coefficient 4,000000 ; part de filière 3,567 %. Apprentissage, atelier, combustible et outils ; titre noble ne remplace pas qualification.";0.005401569394216127;0.2667927176374815;0.006842620166226342
Architecte;Architecte;0;0;0.0;A — activité attestée;SB174;"Contexte régional ; taille et fréquence locales proposées. Profil résidentiel rural/mixte ; jardins, cuisine, filage, corvées et milice saisonnière restent activités secondaires. chapitre régional ; profil territorial proposé Budget civil 12,00 % ; coefficient 0,000000 ; part de filière 0,000 %. Zéro proposé : Artisanat de base et réparation locale ; atelier spécialisé absent du scénario rural ordinaire. Apprentissage, atelier, combustible et outils ; titre noble ne remplace pas qualification.";0;0;0
Géomètre et arpenteur;Architecte;0;0;0.0;A — activité attestée;MJ128;"Contexte régional ; taille et fréquence locales proposées. Profil résidentiel rural/mixte ; jardins, cuisine, filage, corvées et milice saisonnière restent activités secondaires. chapitre régional ; profil territorial proposé Budget civil 12,00 % ; coefficient 0,000000 ; part de filière 0,000 %. Zéro proposé : Artisanat de base et réparation locale ; atelier spécialisé absent du scénario rural ordinaire. Apprentissage, atelier, combustible et outils ; titre noble ne remplace pas qualification.";0;0;0
Potier;Potier;0.17439806699870253;0.2580616558134101;61.03932344954588;A — activité attestée;"MJ128; SB200";"Contexte régional ; taille et fréquence locales proposées. Profil résidentiel rural/mixte ; jardins, cuisine, filage, corvées et milice saisonnière restent activités secondaires. chapitre régional ; profil territorial proposé Budget civil 12,00 % ; coefficient 2,500000 ; part de filière 2,229 %. Apprentissage, atelier, combustible et outils ; titre noble ne remplace pas qualification.";0.0066237400255903;0.16357890396110053;0.004195423012011692
Tuilier;Potier;0.069759226799481;0.10322466232536402;24.415729379818348;A — activité attestée;"MJ128; SB200";"Contexte régional ; taille et fréquence locales proposées. Profil résidentiel rural/mixte ; jardins, cuisine, filage, corvées et milice saisonnière restent activités secondaires. chapitre régional ; profil territorial proposé Budget civil 12,00 % ; coefficient 1,000000 ; part de filière 0,892 %. Apprentissage, atelier, combustible et outils ; titre noble ne remplace pas qualification.";0.0026494960102361213;0.0654315615844402;0.0016781692048046782
Porcelainier;Potier;0.069759226799481;0.10322466232536402;24.415729379818348;D — activité déduite;SB200;"Contexte régional ; taille et fréquence locales proposées. Profil résidentiel rural/mixte ; jardins, cuisine, filage, corvées et milice saisonnière restent activités secondaires. chapitre régional ; profil territorial proposé Budget civil 12,00 % ; coefficient 1,000000 ; part de filière 0,892 %. Apprentissage, atelier, combustible et outils ; titre noble ne remplace pas qualification.";0.0026494960102361213;0.0654315615844402;0.0016781692048046782
Souffleur de verre;Verrier;0;0;0.0;A — activité attestée;"MJ128; SB174";"Contexte régional ; taille et fréquence locales proposées. Profil résidentiel rural/mixte ; jardins, cuisine, filage, corvées et milice saisonnière restent activités secondaires. chapitre régional ; profil territorial proposé Budget civil 12,00 % ; coefficient 0,000000 ; part de filière 0,000 %. Zéro proposé : Artisanat de base et réparation locale ; atelier spécialisé absent du scénario rural ordinaire. Apprentissage, atelier, combustible et outils ; titre noble ne remplace pas qualification.";0;0;0
Vitrier;Verrier;0;0;0.0;A — activité attestée;"MJ128; SB174";"Contexte régional ; taille et fréquence locales proposées. Profil résidentiel rural/mixte ; jardins, cuisine, filage, corvées et milice saisonnière restent activités secondaires. chapitre régional ; profil territorial proposé Budget civil 12,00 % ; coefficient 0,000000 ; part de filière 0,000 %. Zéro proposé : Artisanat de base et réparation locale ; atelier spécialisé absent du scénario rural ordinaire. Apprentissage, atelier, combustible et outils ; titre noble ne remplace pas qualification.";0;0;0
Opticien et fabricant de lentilles;Verrier;0;0;0.0;D — activité déduite;SB174;"Contexte régional ; taille et fréquence locales proposées. Profil résidentiel rural/mixte ; jardins, cuisine, filage, corvées et milice saisonnière restent activités secondaires. chapitre régional ; profil territorial proposé Budget civil 12,00 % ; coefficient 0,000000 ; part de filière 0,000 %. Zéro proposé : Climat, matière ou culture hors filière régionale retenue ; aucun établissement exceptionnel proposé. Apprentissage, atelier, combustible et outils ; titre noble ne remplace pas qualification.";0;0;0
Papetier;Papetier et artisan du livre;0;0;0.0;A — activité attestée;SB138;"Contexte régional ; taille et fréquence locales proposées. Profil résidentiel rural/mixte ; jardins, cuisine, filage, corvées et milice saisonnière restent activités secondaires. chapitre régional ; profil territorial proposé Budget civil 12,00 % ; coefficient 0,000000 ; part de filière 0,000 %. Zéro proposé : Artisanat de base et réparation locale ; atelier spécialisé absent du scénario rural ordinaire. Apprentissage, atelier, combustible et outils ; titre noble ne remplace pas qualification.";0;0;0
Relieur;Papetier et artisan du livre;0;0;0.0;D — activité déduite;"SB138; MJ128";"Contexte régional ; taille et fréquence locales proposées. Profil résidentiel rural/mixte ; jardins, cuisine, filage, corvées et milice saisonnière restent activités secondaires. chapitre régional ; profil territorial proposé Budget civil 12,00 % ; coefficient 0,000000 ; part de filière 0,000 %. Zéro proposé : Artisanat de base et réparation locale ; atelier spécialisé absent du scénario rural ordinaire. Apprentissage, atelier, combustible et outils ; titre noble ne remplace pas qualification.";0;0;0
Chandelier;Chandelier;0.08719903349935126;0.12903082790670506;30.51966172477294;P — activité proposée;SB98;"Contexte régional ; taille et fréquence locales proposées. Profil résidentiel rural/mixte ; jardins, cuisine, filage, corvées et milice saisonnière restent activités secondaires. chapitre régional ; profil territorial proposé Budget civil 12,00 % ; coefficient 1,250000 ; part de filière 1,115 %. Apprentissage, atelier, combustible et outils ; titre noble ne remplace pas qualification.";0.00331187001279515;0.08178945198055027;0.002097711506005846
Peintre;Peintre;0;0;0.0;A — activité attestée;"MJ128; SB190";"Contexte régional ; taille et fréquence locales proposées. Profil résidentiel rural/mixte ; jardins, cuisine, filage, corvées et milice saisonnière restent activités secondaires. chapitre régional ; profil territorial proposé Budget civil 12,00 % ; coefficient 0,000000 ; part de filière 0,000 %. Zéro proposé : Artisanat de base et réparation locale ; atelier spécialisé absent du scénario rural ordinaire. Apprentissage, atelier, combustible et outils ; titre noble ne remplace pas qualification.";0;0;0
Fabricant d’enseignes;Peintre;0;0;0.0;A — activité attestée;"MJ128; SB190";"Contexte régional ; taille et fréquence locales proposées. Profil résidentiel rural/mixte ; jardins, cuisine, filage, corvées et milice saisonnière restent activités secondaires. chapitre régional ; profil territorial proposé Budget civil 12,00 % ; coefficient 0,000000 ; part de filière 0,000 %. Zéro proposé : Artisanat de base et réparation locale ; atelier spécialisé absent du scénario rural ordinaire. Apprentissage, atelier, combustible et outils ; titre noble ne remplace pas qualification.";0;0;0
Enlumineur;Peintre;0;0;0.0;A — activité attestée;"MJ128; SB190";"Contexte régional ; taille et fréquence locales proposées. Profil résidentiel rural/mixte ; jardins, cuisine, filage, corvées et milice saisonnière restent activités secondaires. chapitre régional ; profil territorial proposé Budget civil 12,00 % ; coefficient 0,000000 ; part de filière 0,000 %. Zéro proposé : Artisanat de base et réparation locale ; atelier spécialisé absent du scénario rural ordinaire. Apprentissage, atelier, combustible et outils ; titre noble ne remplace pas qualification.";0;0;0
Peintre de guerre spirituel;Peintre;0;0;0.0;A — activité attestée;SB193;"Contexte régional ; taille et fréquence locales proposées. Profil résidentiel rural/mixte ; jardins, cuisine, filage, corvées et milice saisonnière restent activités secondaires. chapitre régional ; profil territorial proposé Initiation de la Red Mother ou apprentissage autorisé; recette complète non librement disponible Budget civil 12,00 % ; coefficient 0,000000 ; part de filière 0,000 %. Zéro proposé : Filière régionale non retenue dans ce scénario, sans interdiction universelle. Apprentissage, atelier, combustible et outils ; titre noble ne remplace pas qualification.";0;0;0
Tatoueur rituel;Peintre;0;0;0.0;D — activité déduite;"SB200; SB204";"Contexte régional ; taille et fréquence locales proposées. Profil résidentiel rural/mixte ; jardins, cuisine, filage, corvées et milice saisonnière restent activités secondaires. chapitre régional ; profil territorial proposé Budget civil 12,00 % ; coefficient 0,000000 ; part de filière 0,000 %. Zéro proposé : Filière régionale non retenue dans ce scénario, sans interdiction universelle. Apprentissage, atelier, combustible et outils ; titre noble ne remplace pas qualification.";0;0;0
Portefaix;Transporteur terrestre;0.18406013025882356;0.272358878749369;64.42104559058825;D — activité déduite;"MJ132; SB121";"Contexte régional ; taille et fréquence locales proposées. Profil résidentiel rural/mixte ; jardins, cuisine, filage, corvées et milice saisonnière restent activités secondaires. chapitre régional ; profil territorial proposé Budget civil 3,00 % ; coefficient 12,000000 ; part de filière 9,412 %. Réseau, itinéraires, confiance et capital ; manutention distincte de propriété du fret.";0.005267706131291925;0.17345398863619782;0.005338435491333807
Docker;Transporteur terrestre;0;0;0.0;D — activité déduite;"MJ132; SB121";"Contexte régional ; taille et fréquence locales proposées. Profil résidentiel rural/mixte ; jardins, cuisine, filage, corvées et milice saisonnière restent activités secondaires. chapitre régional ; profil territorial proposé Budget civil 3,00 % ; coefficient 0,000000 ; part de filière 0,000 %. Zéro proposé : Petit réseau rural de transport et commerce ; aucun bureau financier/courtage spécialisé ajouté. Réseau, itinéraires, confiance et capital ; manutention distincte de propriété du fret.";0;0;0
Magasinier;Transporteur terrestre;0;0;0.0;D — activité déduite;"MJ132; SB121";"Contexte régional ; taille et fréquence locales proposées. Profil résidentiel rural/mixte ; jardins, cuisine, filage, corvées et milice saisonnière restent activités secondaires. chapitre régional ; profil territorial proposé Budget civil 3,00 % ; coefficient 0,000000 ; part de filière 0,000 %. Zéro proposé : Petit réseau rural de transport et commerce ; aucun bureau financier/courtage spécialisé ajouté. Réseau, itinéraires, confiance et capital ; manutention distincte de propriété du fret.";0;0;0
Charretier et cocher;Transporteur terrestre;0.1840601302588235;0.2723588787493689;64.42104559058822;D — activité déduite;"MJ132; SB121";"Contexte régional ; taille et fréquence locales proposées. Profil résidentiel rural/mixte ; jardins, cuisine, filage, corvées et milice saisonnière restent activités secondaires. chapitre régional ; profil territorial proposé Budget civil 3,00 % ; coefficient 12,000000 ; part de filière 9,412 %. Réseau, itinéraires, confiance et capital ; manutention distincte de propriété du fret.";0.01024228338713974;0.16862794373515522;0.005189903136528564
Chef de caravane;Transporteur terrestre;0.1840601302588235;0.2723588787493689;64.42104559058822;A — activité attestée;MJ132;"Contexte régional ; taille et fréquence locales proposées. Profil résidentiel rural/mixte ; jardins, cuisine, filage, corvées et milice saisonnière restent activités secondaires. chapitre régional ; profil territorial proposé Budget civil 3,00 % ; coefficient 12,000000 ; part de filière 9,412 %. Réseau, itinéraires, confiance et capital ; manutention distincte de propriété du fret.";0.01024228338713974;0.16862794373515522;0.005189903136528564
Coursier et messager;Transporteur terrestre;0.1840601302588235;0.2723588787493689;64.42104559058822;D — activité déduite;"MJ132; SB121";"Contexte régional ; taille et fréquence locales proposées. Profil résidentiel rural/mixte ; jardins, cuisine, filage, corvées et milice saisonnière restent activités secondaires. chapitre régional ; profil territorial proposé Budget civil 3,00 % ; coefficient 12,000000 ; part de filière 9,412 %. Réseau, itinéraires, confiance et capital ; manutention distincte de propriété du fret.";0.01024228338713974;0.16862794373515522;0.005189903136528564
Porteur d’eau;Transporteur terrestre;0;0;0.0;P — activité proposée;"MJ132; SB121";"Contexte régional ; taille et fréquence locales proposées. Profil résidentiel rural/mixte ; jardins, cuisine, filage, corvées et milice saisonnière restent activités secondaires. chapitre régional ; profil territorial proposé Budget civil 3,00 % ; coefficient 0,000000 ; part de filière 0,000 %. Zéro proposé : Petit réseau rural de transport et commerce ; aucun bureau financier/courtage spécialisé ajouté. Réseau, itinéraires, confiance et capital ; manutention distincte de propriété du fret.";0;0;0
Transporteur de canopée;Transporteur terrestre;0;0;0.0;D — activité déduite;SB154;"Contexte régional ; taille et fréquence locales proposées. Profil résidentiel rural/mixte ; jardins, cuisine, filage, corvées et milice saisonnière restent activités secondaires. chapitre régional ; profil territorial proposé Budget civil 3,00 % ; coefficient 0,000000 ; part de filière 0,000 %. Zéro proposé : Petit réseau rural de transport et commerce ; aucun bureau financier/courtage spécialisé ajouté. Réseau, itinéraires, confiance et capital ; manutention distincte de propriété du fret.";0;0;0
Opérateur de Stone Disks;Transporteur terrestre;0;0;0.0;A — activité attestée;PG13;"Contexte régional ; taille et fréquence locales proposées. Profil résidentiel rural/mixte ; jardins, cuisine, filage, corvées et milice saisonnière restent activités secondaires. chapitre régional ; profil territorial proposé Prêtre nain de Dorsi; Formation spécialisée Budget civil 3,00 % ; coefficient 0,000000 ; part de filière 0,000 %. Zéro proposé : Filière régionale non retenue dans ce scénario, sans interdiction universelle. Réseau, itinéraires, confiance et capital ; manutention distincte de propriété du fret.";0;0;0
Palefrenier et soigneur d’écurie;Transporteur terrestre;0.1840601302588235;0.2723588787493689;64.42104559058822;D — activité déduite;SB123;"Contexte régional ; taille et fréquence locales proposées. Profil résidentiel rural/mixte ; jardins, cuisine, filage, corvées et milice saisonnière restent activités secondaires. chapitre régional ; profil territorial proposé Budget civil 3,00 % ; coefficient 12,000000 ; part de filière 9,412 %. Réseau, itinéraires, confiance et capital ; manutention distincte de propriété du fret.";0.01024228338713974;0.16862794373515522;0.005189903136528564
Marin;Marin;0.03834586047058825;0.05674143307278522;13.421051164705888;A — activité attestée;MJ136;"Contexte régional ; taille et fréquence locales proposées. Profil résidentiel rural/mixte ; jardins, cuisine, filage, corvées et milice saisonnière restent activités secondaires. chapitre régional ; profil territorial proposé Budget civil 3,00 % ; coefficient 2,500000 ; part de filière 1,961 %. Réseau, itinéraires, confiance et capital ; manutention distincte de propriété du fret.";0.002133809038987446;0.035130821611490684;0.0010812298201101182
Navigateur;Marin;0.015338344188235296;0.022696573229114083;5.3684204658823536;A — activité attestée;MJ136;"Contexte régional ; taille et fréquence locales proposées. Profil résidentiel rural/mixte ; jardins, cuisine, filage, corvées et milice saisonnière restent activités secondaires. chapitre régional ; profil territorial proposé Budget civil 3,00 % ; coefficient 1,000000 ; part de filière 0,784 %. Réseau, itinéraires, confiance et capital ; manutention distincte de propriété du fret.";0.0008535236155949782;0.01405232864459627;0.000432491928044047
Pilote de port;Marin;0;0;0.0;D — activité déduite;MJ136;"Contexte régional ; taille et fréquence locales proposées. Profil résidentiel rural/mixte ; jardins, cuisine, filage, corvées et milice saisonnière restent activités secondaires. chapitre régional ; profil territorial proposé Budget civil 3,00 % ; coefficient 0,000000 ; part de filière 0,000 %. Zéro proposé : Petit réseau rural de transport et commerce ; aucun bureau financier/courtage spécialisé ajouté. Réseau, itinéraires, confiance et capital ; manutention distincte de propriété du fret.";0;0;0
Capitaine de navire;Marin;0;0;0.0;A — activité attestée;MJ136;"Contexte régional ; taille et fréquence locales proposées. Profil résidentiel rural/mixte ; jardins, cuisine, filage, corvées et milice saisonnière restent activités secondaires. chapitre régional ; profil territorial proposé Budget civil 3,00 % ; coefficient 0,000000 ; part de filière 0,000 %. Zéro proposé : Petit réseau rural de transport et commerce ; aucun bureau financier/courtage spécialisé ajouté. Réseau, itinéraires, confiance et capital ; manutention distincte de propriété du fret.";0;0;0
Pilote de véhicule volant;Marin;0;0;0.0;D — activité déduite;"SB142; SB174";"Contexte régional ; taille et fréquence locales proposées. Profil résidentiel rural/mixte ; jardins, cuisine, filage, corvées et milice saisonnière restent activités secondaires. chapitre régional ; profil territorial proposé Budget civil 3,00 % ; coefficient 0,000000 ; part de filière 0,000 %. Zéro proposé : Climat, matière ou culture hors filière régionale retenue ; aucun établissement exceptionnel proposé. Réseau, itinéraires, confiance et capital ; manutention distincte de propriété du fret.";0;0;0
Aubergiste;Hôte professionnel;0.06656927526167988;0.09850440257721202;23.29924634158796;D — activité déduite;"SB110; SB123";"Contexte régional ; taille et fréquence locales proposées. Profil résidentiel rural/mixte ; jardins, cuisine, filage, corvées et milice saisonnière restent activités secondaires. chapitre régional ; profil territorial proposé Budget civil 2,00 % ; coefficient 3,000000 ; part de filière 5,106 %. Apprentissage et qualification variable ; soins avancés et thérapie magique exigent formation.";0.0002622177827913979;0.06475691579441807;0.0015501416844704156
Tavernier;Hôte professionnel;0.06656927526167988;0.09850440257721202;23.29924634158796;A — activité attestée;"SB108; SB149";"Contexte régional ; taille et fréquence locales proposées. Profil résidentiel rural/mixte ; jardins, cuisine, filage, corvées et milice saisonnière restent activités secondaires. chapitre régional ; profil territorial proposé Budget civil 2,00 % ; coefficient 3,000000 ; part de filière 5,106 %. Apprentissage et qualification variable ; soins avancés et thérapie magique exigent formation.";0.0002622177827913979;0.06475691579441807;0.0015501416844704156
Barbier;Barbier;0.16642318815419968;0.24626100644303;58.248115853969885;P — activité proposée;"MJ135; PG40";"Contexte régional ; taille et fréquence locales proposées. Profil résidentiel rural/mixte ; jardins, cuisine, filage, corvées et milice saisonnière restent activités secondaires. chapitre régional ; profil territorial proposé Budget civil 2,00 % ; coefficient 7,500000 ; part de filière 12,765 %. Apprentissage et qualification variable ; soins avancés et thérapie magique exigent formation.";0.0006555444569784945;0.16189228948604514;0.003875354211176038
Domestique;Employé domestique et aide familiale;0.44379516841119904;0.6566960171814132;155.32830894391967;A — activité attestée;"MJ135; PG40";"Contexte régional ; taille et fréquence locales proposées. Profil résidentiel rural/mixte ; jardins, cuisine, filage, corvées et milice saisonnière restent activités secondaires. chapitre régional ; profil territorial proposé Budget civil 2,00 % ; coefficient 20,000000 ; part de filière 34,040 %. Apprentissage et qualification variable ; soins avancés et thérapie magique exigent formation.";0.0017481185519426525;0.43171277196278696;0.010334277896469434
Gardien d’enfants;Employé domestique et aide familiale;0.22189758420559952;0.3283480085907066;77.66415447195983;A — activité attestée;PG40;"Contexte régional ; taille et fréquence locales proposées. Profil résidentiel rural/mixte ; jardins, cuisine, filage, corvées et milice saisonnière restent activités secondaires. chapitre régional ; profil territorial proposé Budget civil 2,00 % ; coefficient 10,000000 ; part de filière 17,020 %. Apprentissage et qualification variable ; soins avancés et thérapie magique exigent formation.";0.0008740592759713263;0.21585638598139348;0.005167138948234717
Terrassier d’hygiène urbaine;Agent d’entretien;0.04437951684111992;0.06566960171814135;15.53283089439197;P — activité proposée;SB90;"Contexte régional ; taille et fréquence locales proposées. Profil résidentiel rural/mixte ; jardins, cuisine, filage, corvées et milice saisonnière restent activités secondaires. chapitre régional ; profil territorial proposé Budget civil 2,00 % ; coefficient 2,000000 ; part de filière 3,404 %. Apprentissage et qualification variable ; soins avancés et thérapie magique exigent formation.";8.757841420979446e-05;0.043256471273758125;0.0010354671531519956
Ramoneur;Agent d’entretien;0.04437951684111991;0.06566960171814133;15.532830894391969;P — activité proposée;SB90;"Contexte régional ; taille et fréquence locales proposées. Profil résidentiel rural/mixte ; jardins, cuisine, filage, corvées et milice saisonnière restent activités secondaires. chapitre régional ; profil territorial proposé Budget civil 2,00 % ; coefficient 2,000000 ; part de filière 3,404 %. Apprentissage et qualification variable ; soins avancés et thérapie magique exigent formation.";0.00017481185519426523;0.0431712771962787;0.0010334277896469441
Fossoyeur;Agent funéraire;0.013313855052335974;0.019700880515442398;4.659849268317591;A — activité attestée;"MJ135; SB99; SB182";"Contexte régional ; taille et fréquence locales proposées. Profil résidentiel rural/mixte ; jardins, cuisine, filage, corvées et milice saisonnière restent activités secondaires. chapitre régional ; profil territorial proposé Budget civil 2,00 % ; coefficient 0,600000 ; part de filière 1,021 %. Apprentissage et qualification variable ; soins avancés et thérapie magique exigent formation.";5.244355655827959e-05;0.012951383158883611;0.0003100283368940832
Gardien de cimetière;Agent funéraire;0.013313855052335974;0.019700880515442398;4.659849268317591;A — activité attestée;"MJ135; SB99; SB182";"Contexte régional ; taille et fréquence locales proposées. Profil résidentiel rural/mixte ; jardins, cuisine, filage, corvées et milice saisonnière restent activités secondaires. chapitre régional ; profil territorial proposé Budget civil 2,00 % ; coefficient 0,600000 ; part de filière 1,021 %. Apprentissage et qualification variable ; soins avancés et thérapie magique exigent formation.";5.244355655827959e-05;0.012951383158883611;0.0003100283368940832
Momificateur;Agent funéraire;0;0;0.0;A — activité attestée;SB182;"Contexte régional ; taille et fréquence locales proposées. Profil résidentiel rural/mixte ; jardins, cuisine, filage, corvées et milice saisonnière restent activités secondaires. chapitre régional ; profil territorial proposé Budget civil 2,00 % ; coefficient 0,000000 ; part de filière 0,000 %. Zéro proposé : Filière régionale non retenue dans ce scénario, sans interdiction universelle. Apprentissage et qualification variable ; soins avancés et thérapie magique exigent formation.";0;0;0
Gardien d’arbres funéraires;Agent funéraire;0.013313855052335974;0.019700880515442398;4.659849268317591;D — activité déduite;SB155;"Contexte régional ; taille et fréquence locales proposées. Profil résidentiel rural/mixte ; jardins, cuisine, filage, corvées et milice saisonnière restent activités secondaires. chapitre régional ; profil territorial proposé Budget civil 2,00 % ; coefficient 0,600000 ; part de filière 1,021 %. Apprentissage et qualification variable ; soins avancés et thérapie magique exigent formation.";5.244355655827959e-05;0.012951383158883611;0.0003100283368940832
Marchand;Marchand;0.6902254884705883;1.0213457953101337;241.5789209647059;A — activité attestée;"MJ128; SB139";"Contexte régional ; taille et fréquence locales proposées. Profil résidentiel rural/mixte ; jardins, cuisine, filage, corvées et milice saisonnière restent activités secondaires. chapitre régional ; profil territorial proposé Budget civil 3,00 % ; coefficient 45,000000 ; part de filière 35,294 %. Réseau, itinéraires, confiance et capital ; manutention distincte de propriété du fret.";0.038408562701774035;0.6323547890068322;0.01946213676198211
Colporteur;Marchand;0.2760901953882353;0.40853831812405345;96.63156838588236;A — activité attestée;SB121;"Contexte régional ; taille et fréquence locales proposées. Profil résidentiel rural/mixte ; jardins, cuisine, filage, corvées et milice saisonnière restent activités secondaires. chapitre régional ; profil territorial proposé Budget civil 3,00 % ; coefficient 18,000000 ; part de filière 14,118 %. Réseau, itinéraires, confiance et capital ; manutention distincte de propriété du fret.";0.01536342508070961;0.2529419156027329;0.0077848547047928455
Courtier;Marchand;0;0;0.0;A — activité attestée;SB149;"Contexte régional ; taille et fréquence locales proposées. Profil résidentiel rural/mixte ; jardins, cuisine, filage, corvées et milice saisonnière restent activités secondaires. chapitre régional ; profil territorial proposé Budget civil 3,00 % ; coefficient 0,000000 ; part de filière 0,000 %. Zéro proposé : Petit réseau rural de transport et commerce ; aucun bureau financier/courtage spécialisé ajouté. Réseau, itinéraires, confiance et capital ; manutention distincte de propriété du fret.";0;0;0
Commissaire-priseur d’objets magiques;Marchand;0;0;0.0;A — activité attestée;SB139;"Contexte régional ; taille et fréquence locales proposées. Profil résidentiel rural/mixte ; jardins, cuisine, filage, corvées et milice saisonnière restent activités secondaires. chapitre régional ; profil territorial proposé Budget civil 3,00 % ; coefficient 0,000000 ; part de filière 0,000 %. Zéro proposé : Filière régionale non retenue dans ce scénario, sans interdiction universelle. Réseau, itinéraires, confiance et capital ; manutention distincte de propriété du fret.";0;0;0
Comptable;Professionnel de finance;0.015338344188235296;0.022696573229114083;5.3684204658823536;D — activité déduite;"SB212; SB213";"Contexte régional ; taille et fréquence locales proposées. Profil résidentiel rural/mixte ; jardins, cuisine, filage, corvées et milice saisonnière restent activités secondaires. chapitre régional ; profil territorial proposé Budget civil 3,00 % ; coefficient 1,000000 ; part de filière 0,784 %. Réseau, itinéraires, confiance et capital ; manutention distincte de propriété du fret.";0.0008535236155949782;0.01405232864459627;0.000432491928044047
Banquier et employé de banque;Professionnel de finance;0;0;0.0;A — activité attestée;"SB212; SB213";"Contexte régional ; taille et fréquence locales proposées. Profil résidentiel rural/mixte ; jardins, cuisine, filage, corvées et milice saisonnière restent activités secondaires. chapitre régional ; profil territorial proposé Budget civil 3,00 % ; coefficient 0,000000 ; part de filière 0,000 %. Zéro proposé : Petit réseau rural de transport et commerce ; aucun bureau financier/courtage spécialisé ajouté. Réseau, itinéraires, confiance et capital ; manutention distincte de propriété du fret.";0;0;0
Usurier et prêteur sur gages;Professionnel de finance;0;0;0.0;D — activité déduite;"SB212; SB213";"Contexte régional ; taille et fréquence locales proposées. Profil résidentiel rural/mixte ; jardins, cuisine, filage, corvées et milice saisonnière restent activités secondaires. chapitre régional ; profil territorial proposé Budget civil 3,00 % ; coefficient 0,000000 ; part de filière 0,000 %. Zéro proposé : Petit réseau rural de transport et commerce ; aucun bureau financier/courtage spécialisé ajouté. Réseau, itinéraires, confiance et capital ; manutention distincte de propriété du fret.";0;0;0
Changeur;Professionnel de finance;0;0;0.0;D — activité déduite;"SB212; SB213";"Contexte régional ; taille et fréquence locales proposées. Profil résidentiel rural/mixte ; jardins, cuisine, filage, corvées et milice saisonnière restent activités secondaires. chapitre régional ; profil territorial proposé Budget civil 3,00 % ; coefficient 0,000000 ; part de filière 0,000 %. Zéro proposé : Petit réseau rural de transport et commerce ; aucun bureau financier/courtage spécialisé ajouté. Réseau, itinéraires, confiance et capital ; manutention distincte de propriété du fret.";0;0;0
Assureur;Professionnel de finance;0;0;0.0;D — activité déduite;"SB212; SB213";"Contexte régional ; taille et fréquence locales proposées. Profil résidentiel rural/mixte ; jardins, cuisine, filage, corvées et milice saisonnière restent activités secondaires. chapitre régional ; profil territorial proposé Budget civil 3,00 % ; coefficient 0,000000 ; part de filière 0,000 %. Zéro proposé : Petit réseau rural de transport et commerce ; aucun bureau financier/courtage spécialisé ajouté. Réseau, itinéraires, confiance et capital ; manutention distincte de propriété du fret.";0;0;0
Estimateur;Professionnel de finance;0;0;0.0;A — activité attestée;"SB212; SB213";"Contexte régional ; taille et fréquence locales proposées. Profil résidentiel rural/mixte ; jardins, cuisine, filage, corvées et milice saisonnière restent activités secondaires. chapitre régional ; profil territorial proposé Budget civil 3,00 % ; coefficient 0,000000 ; part de filière 0,000 %. Zéro proposé : Petit réseau rural de transport et commerce ; aucun bureau financier/courtage spécialisé ajouté. Réseau, itinéraires, confiance et capital ; manutention distincte de propriété du fret.";0;0;0
Négociateur;Professionnel de finance;0;0;0.0;A — activité attestée;"SB212; SB213";"Contexte régional ; taille et fréquence locales proposées. Profil résidentiel rural/mixte ; jardins, cuisine, filage, corvées et milice saisonnière restent activités secondaires. chapitre régional ; profil territorial proposé Budget civil 3,00 % ; coefficient 0,000000 ; part de filière 0,000 %. Zéro proposé : Petit réseau rural de transport et commerce ; aucun bureau financier/courtage spécialisé ajouté. Réseau, itinéraires, confiance et capital ; manutention distincte de propriété du fret.";0;0;0
Scribe;Scribe et auteur;0.08779523609427611;0.1299130454191715;30.72833263299664;A — activité attestée;"MJ128; SB32";"Contexte régional ; taille et fréquence locales proposées. Profil résidentiel rural/mixte ; jardins, cuisine, filage, corvées et milice saisonnière restent activités secondaires. chapitre régional ; profil territorial proposé Budget civil 2,00 % ; coefficient 2,000000 ; part de filière 6,734 %. Instruction, autorisation ou initiation ; clergé, caste et office ne rendent pas noble.";0.005007063008583923;0.08243579164681313;0.0003523814388790683
Calligraphe;Scribe et auteur;0;0;0.0;A — activité attestée;"MJ128; SB32";"Contexte régional ; taille et fréquence locales proposées. Profil résidentiel rural/mixte ; jardins, cuisine, filage, corvées et milice saisonnière restent activités secondaires. chapitre régional ; profil territorial proposé Budget civil 2,00 % ; coefficient 0,000000 ; part de filière 0,000 %. Zéro proposé : Fonction spécialisée concentrée dans les villes/institutions ; instruction et rites ruraux courants conservés. Instruction, autorisation ou initiation ; clergé, caste et office ne rendent pas noble.";0;0;0
Écrivain;Scribe et auteur;0;0;0.0;A — activité attestée;"MJ128; SB32";"Contexte régional ; taille et fréquence locales proposées. Profil résidentiel rural/mixte ; jardins, cuisine, filage, corvées et milice saisonnière restent activités secondaires. chapitre régional ; profil territorial proposé Budget civil 0,50 % ; coefficient 0,000000 ; part de filière 0,000 %. Zéro proposé : Spécialité avancée non installée dans le profil rural ordinaire : apprentissage, matériel et clientèle insuffisamment établis. Long apprentissage, frais, bourses, talent, licence ou secret ; titre ne donne pas maîtrise.";0;0;0
Journaliste et rédacteur;Scribe et auteur;0;0;0.0;A — activité attestée;CC9;"Contexte régional ; taille et fréquence locales proposées. Profil résidentiel rural/mixte ; jardins, cuisine, filage, corvées et milice saisonnière restent activités secondaires. chapitre régional ; profil territorial proposé Budget civil 0,50 % ; coefficient 0,000000 ; part de filière 0,000 %. Zéro proposé : Spécialité avancée non installée dans le profil rural ordinaire : apprentissage, matériel et clientèle insuffisamment établis. Long apprentissage, frais, bourses, talent, licence ou secret ; titre ne donne pas maîtrise.";0;0;0
Traducteur;Scribe et auteur;0;0;0.0;D — activité déduite;SB198;"Contexte régional ; taille et fréquence locales proposées. Profil résidentiel rural/mixte ; jardins, cuisine, filage, corvées et milice saisonnière restent activités secondaires. chapitre régional ; profil territorial proposé Budget civil 2,00 % ; coefficient 0,000000 ; part de filière 0,000 %. Zéro proposé : Fonction spécialisée concentrée dans les villes/institutions ; instruction et rites ruraux courants conservés. Instruction, autorisation ou initiation ; clergé, caste et office ne rendent pas noble.";0;0;0
Bibliothécaire;Érudit;0;0;0.0;A — activité attestée;MJ138;"Contexte régional ; taille et fréquence locales proposées. Profil résidentiel rural/mixte ; jardins, cuisine, filage, corvées et milice saisonnière restent activités secondaires. chapitre régional ; profil territorial proposé Budget civil 2,00 % ; coefficient 0,000000 ; part de filière 0,000 %. Zéro proposé : Fonction spécialisée concentrée dans les villes/institutions ; instruction et rites ruraux courants conservés. Instruction, autorisation ou initiation ; clergé, caste et office ne rendent pas noble.";0;0;0
Conservateur de musée;Érudit;0;0;0.0;A — activité attestée;PG48;"Contexte régional ; taille et fréquence locales proposées. Profil résidentiel rural/mixte ; jardins, cuisine, filage, corvées et milice saisonnière restent activités secondaires. chapitre régional ; profil territorial proposé Budget civil 2,00 % ; coefficient 0,000000 ; part de filière 0,000 %. Zéro proposé : Fonction spécialisée concentrée dans les villes/institutions ; instruction et rites ruraux courants conservés. Instruction, autorisation ou initiation ; clergé, caste et office ne rendent pas noble.";0;0;0
Historien;Érudit;0;0;0.0;A — activité attestée;PG46;"Contexte régional ; taille et fréquence locales proposées. Profil résidentiel rural/mixte ; jardins, cuisine, filage, corvées et milice saisonnière restent activités secondaires. chapitre régional ; profil territorial proposé Budget civil 0,50 % ; coefficient 0,000000 ; part de filière 0,000 %. Zéro proposé : Spécialité avancée non installée dans le profil rural ordinaire : apprentissage, matériel et clientèle insuffisamment établis. Long apprentissage, frais, bourses, talent, licence ou secret ; titre ne donne pas maîtrise.";0;0;0
Astronome;Érudit;0;0;0.0;A — activité attestée;MJ138;"Contexte régional ; taille et fréquence locales proposées. Profil résidentiel rural/mixte ; jardins, cuisine, filage, corvées et milice saisonnière restent activités secondaires. chapitre régional ; profil territorial proposé Budget civil 0,50 % ; coefficient 0,000000 ; part de filière 0,000 %. Zéro proposé : Spécialité avancée non installée dans le profil rural ordinaire : apprentissage, matériel et clientèle insuffisamment établis. Long apprentissage, frais, bourses, talent, licence ou secret ; titre ne donne pas maîtrise.";0;0;0
Chercheur non arcanique;Érudit;0;0;0.0;A — activité attestée;"MJ138; PG46";"Contexte régional ; taille et fréquence locales proposées. Profil résidentiel rural/mixte ; jardins, cuisine, filage, corvées et milice saisonnière restent activités secondaires. chapitre régional ; profil territorial proposé Budget civil 0,50 % ; coefficient 0,000000 ; part de filière 0,000 %. Zéro proposé : Spécialité avancée non installée dans le profil rural ordinaire : apprentissage, matériel et clientèle insuffisamment établis. Long apprentissage, frais, bourses, talent, licence ou secret ; titre ne donne pas maîtrise.";0;0;0
Mathématicien;Érudit;0;0;0.0;A — activité attestée;SB174;"Contexte régional ; taille et fréquence locales proposées. Profil résidentiel rural/mixte ; jardins, cuisine, filage, corvées et milice saisonnière restent activités secondaires. chapitre régional ; profil territorial proposé Budget civil 0,50 % ; coefficient 0,000000 ; part de filière 0,000 %. Zéro proposé : Spécialité avancée non installée dans le profil rural ordinaire : apprentissage, matériel et clientèle insuffisamment établis. Long apprentissage, frais, bourses, talent, licence ou secret ; titre ne donne pas maîtrise.";0;0;0
Philosophe;Érudit;0;0;0.0;A — activité attestée;SB178;"Contexte régional ; taille et fréquence locales proposées. Profil résidentiel rural/mixte ; jardins, cuisine, filage, corvées et milice saisonnière restent activités secondaires. chapitre régional ; profil territorial proposé Budget civil 0,50 % ; coefficient 0,000000 ; part de filière 0,000 %. Zéro proposé : Spécialité avancée non installée dans le profil rural ordinaire : apprentissage, matériel et clientèle insuffisamment établis. Long apprentissage, frais, bourses, talent, licence ou secret ; titre ne donne pas maîtrise.";0;0;0
Archéologue;Érudit;0;0;0.0;D — activité déduite;PG48;"Contexte régional ; taille et fréquence locales proposées. Profil résidentiel rural/mixte ; jardins, cuisine, filage, corvées et milice saisonnière restent activités secondaires. chapitre régional ; profil territorial proposé Budget civil 0,50 % ; coefficient 0,000000 ; part de filière 0,000 %. Zéro proposé : Spécialité avancée non installée dans le profil rural ordinaire : apprentissage, matériel et clientèle insuffisamment établis. Long apprentissage, frais, bourses, talent, licence ou secret ; titre ne donne pas maîtrise.";0;0;0
Professeur;Enseignant;0.07462595068013468;0.11042608860629577;26.119082738047137;A — activité attestée;"MJ138; SB141";"Contexte régional ; taille et fréquence locales proposées. Profil résidentiel rural/mixte ; jardins, cuisine, filage, corvées et milice saisonnière restent activités secondaires. chapitre régional ; profil territorial proposé Budget civil 2,00 % ; coefficient 1,700000 ; part de filière 5,724 %. Instruction, autorisation ou initiation ; clergé, caste et office ne rendent pas noble.";0.004256003557296335;0.07007042289979114;0.0002995242230472081
Enseignant de magie arcanique;Enseignant;0;0;0.0;A — activité attestée;SB141;"Contexte régional ; taille et fréquence locales proposées. Profil résidentiel rural/mixte ; jardins, cuisine, filage, corvées et milice saisonnière restent activités secondaires. chapitre régional ; profil territorial proposé Budget civil 0,50 % ; coefficient 0,000000 ; part de filière 0,000 %. Zéro proposé : Spécialité avancée non installée dans le profil rural ordinaire : apprentissage, matériel et clientèle insuffisamment établis. Long apprentissage, frais, bourses, talent, licence ou secret ; titre ne donne pas maîtrise.";0;0;0
Instructeur martial;Enseignant;0;0;0.0;A — activité attestée;SB94;"Contexte régional ; taille et fréquence locales proposées. Profil résidentiel rural/mixte ; jardins, cuisine, filage, corvées et milice saisonnière restent activités secondaires. chapitre régional ; profil territorial proposé Budget civil 2,00 % ; coefficient 0,000000 ; part de filière 0,000 %. Zéro proposé : Technique de site, institution, secret ou habilitation concentrée dans les implantations autorisées du scénario. Instruction, autorisation ou initiation ; clergé, caste et office ne rendent pas noble.";0;0;0
Formateur de tir à l’arc;Enseignant;0;0;0.0;A — activité attestée;SB155;"Contexte régional ; taille et fréquence locales proposées. Profil résidentiel rural/mixte ; jardins, cuisine, filage, corvées et milice saisonnière restent activités secondaires. chapitre régional ; profil territorial proposé Budget civil 2,00 % ; coefficient 0,000000 ; part de filière 0,000 %. Zéro proposé : Technique de site, institution, secret ou habilitation concentrée dans les implantations autorisées du scénario. Instruction, autorisation ou initiation ; clergé, caste et office ne rendent pas noble.";0;0;0
Ingénieur;Ingénieur;0;0;0.0;A — activité attestée;SB174;"Contexte régional ; taille et fréquence locales proposées. Profil résidentiel rural/mixte ; jardins, cuisine, filage, corvées et milice saisonnière restent activités secondaires. chapitre régional ; profil territorial proposé Budget civil 0,50 % ; coefficient 0,000000 ; part de filière 0,000 %. Zéro proposé : Spécialité avancée non installée dans le profil rural ordinaire : apprentissage, matériel et clientèle insuffisamment établis. Long apprentissage, frais, bourses, talent, licence ou secret ; titre ne donne pas maîtrise.";0;0;0
Inventeur;Ingénieur;0;0;0.0;A — activité attestée;SB178;"Contexte régional ; taille et fréquence locales proposées. Profil résidentiel rural/mixte ; jardins, cuisine, filage, corvées et milice saisonnière restent activités secondaires. chapitre régional ; profil territorial proposé Budget civil 0,50 % ; coefficient 0,000000 ; part de filière 0,000 %. Zéro proposé : Spécialité avancée non installée dans le profil rural ordinaire : apprentissage, matériel et clientèle insuffisamment établis. Long apprentissage, frais, bourses, talent, licence ou secret ; titre ne donne pas maîtrise.";0;0;0
Ingénieur mystique;Ingénieur;0;0;0.0;A — activité attestée;SB174;"Contexte régional ; taille et fréquence locales proposées. Profil résidentiel rural/mixte ; jardins, cuisine, filage, corvées et milice saisonnière restent activités secondaires. chapitre régional ; profil territorial proposé Budget civil 0,50 % ; coefficient 0,000000 ; part de filière 0,000 %. Zéro proposé : Spécialité avancée non installée dans le profil rural ordinaire : apprentissage, matériel et clientèle insuffisamment établis. Long apprentissage, frais, bourses, talent, licence ou secret ; titre ne donne pas maîtrise.";0;0;0
Créateur et mainteneur de golems;Ingénieur;0;0;0.0;D — activité déduite;SB174;"Contexte régional ; taille et fréquence locales proposées. Profil résidentiel rural/mixte ; jardins, cuisine, filage, corvées et milice saisonnière restent activités secondaires. chapitre régional ; profil territorial proposé Budget civil 0,50 % ; coefficient 0,000000 ; part de filière 0,000 %. Zéro proposé : Spécialité avancée non installée dans le profil rural ordinaire : apprentissage, matériel et clientèle insuffisamment établis. Long apprentissage, frais, bourses, talent, licence ou secret ; titre ne donne pas maîtrise.";0;0;0
Chercheur en golems;Ingénieur;0;0;0.0;A — activité attestée;SB178;"Contexte régional ; taille et fréquence locales proposées. Profil résidentiel rural/mixte ; jardins, cuisine, filage, corvées et milice saisonnière restent activités secondaires. chapitre régional ; profil territorial proposé Budget civil 0,50 % ; coefficient 0,000000 ; part de filière 0,000 %. Zéro proposé : Spécialité avancée non installée dans le profil rural ordinaire : apprentissage, matériel et clientèle insuffisamment établis. Long apprentissage, frais, bourses, talent, licence ou secret ; titre ne donne pas maîtrise.";0;0;0
Ingénieur de réacteurs de bauronite;Ingénieur;0;0;0.0;D — activité déduite;SB174;"Contexte régional ; taille et fréquence locales proposées. Profil résidentiel rural/mixte ; jardins, cuisine, filage, corvées et milice saisonnière restent activités secondaires. chapitre régional ; profil territorial proposé Accès aux secrets des réacteurs; savoir détenu par un petit nombre Budget civil 0,50 % ; coefficient 0,000000 ; part de filière 0,000 %. Zéro proposé : Filière régionale non retenue dans ce scénario, sans interdiction universelle. Long apprentissage, frais, bourses, talent, licence ou secret ; titre ne donne pas maîtrise.";0;0;0
Technicien de communication runique;Ingénieur;0;0;0.0;D — activité déduite;SB174;"Contexte régional ; taille et fréquence locales proposées. Profil résidentiel rural/mixte ; jardins, cuisine, filage, corvées et milice saisonnière restent activités secondaires. chapitre régional ; profil territorial proposé Budget civil 0,50 % ; coefficient 0,000000 ; part de filière 0,000 %. Zéro proposé : Filière régionale non retenue dans ce scénario, sans interdiction universelle. Long apprentissage, frais, bourses, talent, licence ou secret ; titre ne donne pas maîtrise.";0;0;0
Chercheur en magie;Praticien des services arcaniques;0;0;0.0;A — activité attestée;"SB138; SB139";"Contexte régional ; taille et fréquence locales proposées. Profil résidentiel rural/mixte ; jardins, cuisine, filage, corvées et milice saisonnière restent activités secondaires. chapitre régional ; profil territorial proposé Budget civil 0,50 % ; coefficient 0,000000 ; part de filière 0,000 %. Zéro proposé : Spécialité avancée non installée dans le profil rural ordinaire : apprentissage, matériel et clientèle insuffisamment établis. Long apprentissage, frais, bourses, talent, licence ou secret ; titre ne donne pas maîtrise.";0;0;0
Fabricant d’objets magiques;Praticien des services arcaniques;0;0;0.0;A — activité attestée;SB138;"Contexte régional ; taille et fréquence locales proposées. Profil résidentiel rural/mixte ; jardins, cuisine, filage, corvées et milice saisonnière restent activités secondaires. chapitre régional ; profil territorial proposé Budget civil 0,50 % ; coefficient 0,000000 ; part de filière 0,000 %. Zéro proposé : Spécialité avancée non installée dans le profil rural ordinaire : apprentissage, matériel et clientèle insuffisamment établis. Long apprentissage, frais, bourses, talent, licence ou secret ; titre ne donne pas maîtrise.";0;0;0
Fabricant de parchemins magiques;Praticien des services arcaniques;0;0;0.0;A — activité attestée;SB138;"Contexte régional ; taille et fréquence locales proposées. Profil résidentiel rural/mixte ; jardins, cuisine, filage, corvées et milice saisonnière restent activités secondaires. chapitre régional ; profil territorial proposé Budget civil 0,50 % ; coefficient 0,000000 ; part de filière 0,000 %. Zéro proposé : Spécialité avancée non installée dans le profil rural ordinaire : apprentissage, matériel et clientèle insuffisamment établis. Long apprentissage, frais, bourses, talent, licence ou secret ; titre ne donne pas maîtrise.";0;0;0
Nécromancien de service;Praticien des services arcaniques;0;0;0.0;D — activité déduite;"SB108; SB170";"Contexte régional ; taille et fréquence locales proposées. Profil résidentiel rural/mixte ; jardins, cuisine, filage, corvées et milice saisonnière restent activités secondaires. chapitre régional ; profil territorial proposé Budget civil 0,50 % ; coefficient 0,000000 ; part de filière 0,000 %. Zéro proposé : Spécialité avancée non installée dans le profil rural ordinaire : apprentissage, matériel et clientèle insuffisamment établis. Long apprentissage, frais, bourses, talent, licence ou secret ; titre ne donne pas maîtrise.";0;0;0
Illusionniste de service;Praticien des services arcaniques;0;0;0.0;D — activité déduite;"SB107; SB142";"Contexte régional ; taille et fréquence locales proposées. Profil résidentiel rural/mixte ; jardins, cuisine, filage, corvées et milice saisonnière restent activités secondaires. chapitre régional ; profil territorial proposé Budget civil 0,50 % ; coefficient 0,000000 ; part de filière 0,000 %. Zéro proposé : Spécialité avancée non installée dans le profil rural ordinaire : apprentissage, matériel et clientèle insuffisamment établis. Long apprentissage, frais, bourses, talent, licence ou secret ; titre ne donne pas maîtrise.";0;0;0
Chercheur en aethermancy;Praticien des services arcaniques;0;0;0.0;A — activité attestée;SB140;"Contexte régional ; taille et fréquence locales proposées. Profil résidentiel rural/mixte ; jardins, cuisine, filage, corvées et milice saisonnière restent activités secondaires. chapitre régional ; profil territorial proposé Budget civil 0,50 % ; coefficient 0,000000 ; part de filière 0,000 %. Zéro proposé : Filière régionale non retenue dans ce scénario, sans interdiction universelle. Long apprentissage, frais, bourses, talent, licence ou secret ; titre ne donne pas maîtrise.";0;0;0
Chercheur en biomancy;Praticien des services arcaniques;0;0;0.0;A — activité attestée;SB140;"Contexte régional ; taille et fréquence locales proposées. Profil résidentiel rural/mixte ; jardins, cuisine, filage, corvées et milice saisonnière restent activités secondaires. chapitre régional ; profil territorial proposé Budget civil 0,50 % ; coefficient 0,000000 ; part de filière 0,000 %. Zéro proposé : Filière régionale non retenue dans ce scénario, sans interdiction universelle. Long apprentissage, frais, bourses, talent, licence ou secret ; titre ne donne pas maîtrise.";0;0;0
Désenchanteur et récupérateur arcanique;Praticien des services arcaniques;0;0;0.0;A — activité attestée;SB139;"Contexte régional ; taille et fréquence locales proposées. Profil résidentiel rural/mixte ; jardins, cuisine, filage, corvées et milice saisonnière restent activités secondaires. chapitre régional ; profil territorial proposé Budget civil 0,50 % ; coefficient 0,000000 ; part de filière 0,000 %. Zéro proposé : Filière régionale non retenue dans ce scénario, sans interdiction universelle. Long apprentissage, frais, bourses, talent, licence ou secret ; titre ne donne pas maîtrise.";0;0;0
Extracteur de mémoire;Praticien des services arcaniques;0;0;0.0;A — activité attestée;SB140;"Contexte régional ; taille et fréquence locales proposées. Profil résidentiel rural/mixte ; jardins, cuisine, filage, corvées et milice saisonnière restent activités secondaires. chapitre régional ; profil territorial proposé Budget civil 0,50 % ; coefficient 0,000000 ; part de filière 0,000 %. Zéro proposé : Filière régionale non retenue dans ce scénario, sans interdiction universelle. Long apprentissage, frais, bourses, talent, licence ou secret ; titre ne donne pas maîtrise.";0;0;0
Certificateur et inspecteur arcanique;Praticien des services arcaniques;0;0;0.0;A — activité attestée;SB139;"Contexte régional ; taille et fréquence locales proposées. Profil résidentiel rural/mixte ; jardins, cuisine, filage, corvées et milice saisonnière restent activités secondaires. chapitre régional ; profil territorial proposé Budget civil 0,50 % ; coefficient 0,000000 ; part de filière 0,000 %. Zéro proposé : Filière régionale non retenue dans ce scénario, sans interdiction universelle. Long apprentissage, frais, bourses, talent, licence ou secret ; titre ne donne pas maîtrise.";0;0;0
Opérateur de transport magique;Praticien des services arcaniques;0;0;0.0;D — activité déduite;SB142;"Contexte régional ; taille et fréquence locales proposées. Profil résidentiel rural/mixte ; jardins, cuisine, filage, corvées et milice saisonnière restent activités secondaires. chapitre régional ; profil territorial proposé Budget civil 0,50 % ; coefficient 0,000000 ; part de filière 0,000 %. Zéro proposé : Spécialité avancée non installée dans le profil rural ordinaire : apprentissage, matériel et clientèle insuffisamment établis. Long apprentissage, frais, bourses, talent, licence ou secret ; titre ne donne pas maîtrise.";0;0;0
Restaurateur de runes de tunnels;Praticien des services arcaniques;0;0;0.0;A — activité attestée;SB161;"Contexte régional ; taille et fréquence locales proposées. Profil résidentiel rural/mixte ; jardins, cuisine, filage, corvées et milice saisonnière restent activités secondaires. chapitre régional ; profil territorial proposé Budget civil 0,50 % ; coefficient 0,000000 ; part de filière 0,000 %. Zéro proposé : Filière régionale non retenue dans ce scénario, sans interdiction universelle. Long apprentissage, frais, bourses, talent, licence ou secret ; titre ne donne pas maîtrise.";0;0;0
Artificier psychique;Praticien des services arcaniques;0;0;0.0;A — activité attestée;PG8;"Contexte régional ; taille et fréquence locales proposées. Profil résidentiel rural/mixte ; jardins, cuisine, filage, corvées et milice saisonnière restent activités secondaires. chapitre régional ; profil territorial proposé Budget civil 0,50 % ; coefficient 0,000000 ; part de filière 0,000 %. Zéro proposé : Filière régionale non retenue dans ce scénario, sans interdiction universelle. Long apprentissage, frais, bourses, talent, licence ou secret ; titre ne donne pas maîtrise.";0;0;0
Guérisseur;Soigneur;0.03772258931495192;0.055819161460420125;13.20290626023317;A — activité attestée;"MJ141; PG36";"Contexte régional ; taille et fréquence locales proposées. Profil résidentiel rural/mixte ; jardins, cuisine, filage, corvées et milice saisonnière restent activités secondaires. chapitre régional ; profil territorial proposé Budget civil 2,00 % ; coefficient 1,700000 ; part de filière 2,893 %. Apprentissage et qualification variable ; soins avancés et thérapie magique exigent formation.";0.00014859007691512546;0.03669558561683689;0.0008784136211999019
Chirurgien;Soigneur;0.0056583883972427884;0.00837287421906302;1.980435939034976;P — activité proposée;"MJ141; PG36";"Contexte régional ; taille et fréquence locales proposées. Profil résidentiel rural/mixte ; jardins, cuisine, filage, corvées et milice saisonnière restent activités secondaires. chapitre régional ; profil territorial proposé Budget civil 2,00 % ; coefficient 0,255000 ; part de filière 0,434 %. Apprentissage et qualification variable ; soins avancés et thérapie magique exigent formation.";2.2288511537268816e-05;0.005504337842525534;0.00013176204317998528
Praticien de psychosurgery;Soigneur;0;0;0.0;D — activité déduite;SB94;"Contexte régional ; taille et fréquence locales proposées. Profil résidentiel rural/mixte ; jardins, cuisine, filage, corvées et milice saisonnière restent activités secondaires. chapitre régional ; profil territorial proposé Budget civil 2,00 % ; coefficient 0,000000 ; part de filière 0,000 %. Zéro proposé : Filière régionale non retenue dans ce scénario, sans interdiction universelle. Apprentissage et qualification variable ; soins avancés et thérapie magique exigent formation.";0;0;0
Opérateur de thérapie onirique;Soigneur;0;0;0.0;D — activité déduite;"SB141; SB228";"Contexte régional ; taille et fréquence locales proposées. Profil résidentiel rural/mixte ; jardins, cuisine, filage, corvées et milice saisonnière restent activités secondaires. chapitre régional ; profil territorial proposé Budget civil 2,00 % ; coefficient 0,000000 ; part de filière 0,000 %. Zéro proposé : Technique de site, institution, secret ou habilitation concentrée dans les implantations autorisées du scénario. Apprentissage et qualification variable ; soins avancés et thérapie magique exigent formation.";0;0;0
Prêtre et officiant;Officiant religieux;0.17559047218855223;0.259826090838343;61.45666526599328;A — activité attestée;"MJ127; SB182";"Contexte régional ; taille et fréquence locales proposées. Profil résidentiel rural/mixte ; jardins, cuisine, filage, corvées et milice saisonnière restent activités secondaires. chapitre régional ; profil territorial proposé Budget civil 2,00 % ; coefficient 4,000000 ; part de filière 13,468 %. Instruction, autorisation ou initiation ; clergé, caste et office ne rendent pas noble.";0.010014126017167845;0.16487158329362625;0.0007047628777581366
Acolyte;Officiant religieux;0.17559047218855223;0.259826090838343;61.45666526599328;A — activité attestée;"MJ127; SB182";"Contexte régional ; taille et fréquence locales proposées. Profil résidentiel rural/mixte ; jardins, cuisine, filage, corvées et milice saisonnière restent activités secondaires. chapitre régional ; profil territorial proposé Budget civil 2,00 % ; coefficient 4,000000 ; part de filière 13,468 %. Instruction, autorisation ou initiation ; clergé, caste et office ne rendent pas noble.";0.010014126017167845;0.16487158329362625;0.0007047628777581366
Shaman;Officiant religieux;0.17559047218855223;0.259826090838343;61.45666526599328;A — activité attestée;"SB129; SB191";"Contexte régional ; taille et fréquence locales proposées. Profil résidentiel rural/mixte ; jardins, cuisine, filage, corvées et milice saisonnière restent activités secondaires. chapitre régional ; profil territorial proposé Budget civil 2,00 % ; coefficient 4,000000 ; part de filière 13,468 %. Instruction, autorisation ou initiation ; clergé, caste et office ne rendent pas noble.";0.010014126017167845;0.16487158329362625;0.0007047628777581366
Sugenja;Officiant religieux;0;0;0.0;A — activité attestée;SB198;"Contexte régional ; taille et fréquence locales proposées. Profil résidentiel rural/mixte ; jardins, cuisine, filage, corvées et milice saisonnière restent activités secondaires. chapitre régional ; profil territorial proposé Budget civil 2,00 % ; coefficient 0,000000 ; part de filière 0,000 %. Zéro proposé : Filière régionale non retenue dans ce scénario, sans interdiction universelle. Instruction, autorisation ou initiation ; clergé, caste et office ne rendent pas noble.";0;0;0
Gardien et officiant druidique;Officiant religieux;0.17559047218855223;0.259826090838343;61.45666526599328;A — activité attestée;SB153;"Contexte régional ; taille et fréquence locales proposées. Profil résidentiel rural/mixte ; jardins, cuisine, filage, corvées et milice saisonnière restent activités secondaires. chapitre régional ; profil territorial proposé Budget civil 2,00 % ; coefficient 4,000000 ; part de filière 13,468 %. Instruction, autorisation ou initiation ; clergé, caste et office ne rendent pas noble.";0.010014126017167845;0.16487158329362625;0.0007047628777581366
Gardien-purificateur de Mother Tree;Officiant religieux;0;0;0.0;A — activité attestée;SB153;"Contexte régional ; taille et fréquence locales proposées. Profil résidentiel rural/mixte ; jardins, cuisine, filage, corvées et milice saisonnière restent activités secondaires. chapitre régional ; profil territorial proposé Budget civil 2,00 % ; coefficient 0,000000 ; part de filière 0,000 %. Zéro proposé : Technique de site, institution, secret ou habilitation concentrée dans les implantations autorisées du scénario. Instruction, autorisation ou initiation ; clergé, caste et office ne rendent pas noble.";0;0;0
Officiant des rites Ba-Akhu;Officiant religieux;0;0;0.0;A — activité attestée;SB184;"Contexte régional ; taille et fréquence locales proposées. Profil résidentiel rural/mixte ; jardins, cuisine, filage, corvées et milice saisonnière restent activités secondaires. chapitre régional ; profil territorial proposé Budget civil 2,00 % ; coefficient 0,000000 ; part de filière 0,000 %. Zéro proposé : Filière régionale non retenue dans ce scénario, sans interdiction universelle. Instruction, autorisation ou initiation ; clergé, caste et office ne rendent pas noble.";0;0;0
Garde et sentinelle;Garde et surveillant;0.12853964495774647;0.1902036770608856;44.988875735211266;A — activité attestée;"MJ140; SB90";"Contexte régional ; taille et fréquence locales proposées. Profil résidentiel rural/mixte ; jardins, cuisine, filage, corvées et milice saisonnière restent activités secondaires. chapitre régional ; profil territorial proposé Budget civil 2,00 % ; coefficient 7,000000 ; part de filière 9,859 %. Entraînement, loyauté, armes et habilitations ; aucun métier verrouillé par naissance sauf source explicite.";0.0035080127441719866;0.12376194837621984;0.0012696838373546535
Garde du corps;Garde et surveillant;0.12853964495774647;0.1902036770608856;44.988875735211266;A — activité attestée;"MJ140; SB90";"Contexte régional ; taille et fréquence locales proposées. Profil résidentiel rural/mixte ; jardins, cuisine, filage, corvées et milice saisonnière restent activités secondaires. chapitre régional ; profil territorial proposé Budget civil 2,00 % ; coefficient 7,000000 ; part de filière 9,859 %. Entraînement, loyauté, armes et habilitations ; aucun métier verrouillé par naissance sauf source explicite.";0.0035080127441719866;0.12376194837621984;0.0012696838373546535
Soldat;Combattant professionnel;0.1306372;0.19330748742231432;45.723020000000005;A — activité attestée;"MJ140; SB90";"Contexte régional ; taille et fréquence locales proposées. Profil résidentiel rural/mixte ; jardins, cuisine, filage, corvées et milice saisonnière restent activités secondaires. chapitre régional ; profil territorial proposé Garnison incluse dans les résidents par convention proposée, comptée une seule fois. Entraînement, loyauté, armes et habilitations ; aucun métier verrouillé par naissance sauf source explicite.";0.003565257727400672;0.12578153928874333;0.0012904029838560031
Mercenaire;Combattant professionnel;0.12853964495774647;0.1902036770608856;44.988875735211266;A — activité attestée;"MJ140; SB90";"Contexte régional ; taille et fréquence locales proposées. Profil résidentiel rural/mixte ; jardins, cuisine, filage, corvées et milice saisonnière restent activités secondaires. chapitre régional ; profil territorial proposé Budget civil 2,00 % ; coefficient 7,000000 ; part de filière 9,859 %. Entraînement, loyauté, armes et habilitations ; aucun métier verrouillé par naissance sauf source explicite.";0.0035080127441719866;0.12376194837621984;0.0012696838373546535
Éclaireur;Combattant professionnel;0.12853964495774647;0.1902036770608856;44.988875735211266;A — activité attestée;"MJ140; SB90";"Contexte régional ; taille et fréquence locales proposées. Profil résidentiel rural/mixte ; jardins, cuisine, filage, corvées et milice saisonnière restent activités secondaires. chapitre régional ; profil territorial proposé Budget civil 2,00 % ; coefficient 7,000000 ; part de filière 9,859 %. Entraînement, loyauté, armes et habilitations ; aucun métier verrouillé par naissance sauf source explicite.";0.0035080127441719866;0.12376194837621984;0.0012696838373546535
Chasseur de primes;Combattant professionnel;0.12853964495774647;0.1902036770608856;44.988875735211266;A — activité attestée;MJ140;"Contexte régional ; taille et fréquence locales proposées. Profil résidentiel rural/mixte ; jardins, cuisine, filage, corvées et milice saisonnière restent activités secondaires. chapitre régional ; profil territorial proposé Budget civil 2,00 % ; coefficient 7,000000 ; part de filière 9,859 %. Entraînement, loyauté, armes et habilitations ; aucun métier verrouillé par naissance sauf source explicite.";0.0035080127441719866;0.12376194837621984;0.0012696838373546535
Gladiateur;Combattant professionnel;0.12853964495774647;0.1902036770608856;44.988875735211266;A — activité attestée;MJ130;"Contexte régional ; taille et fréquence locales proposées. Profil résidentiel rural/mixte ; jardins, cuisine, filage, corvées et milice saisonnière restent activités secondaires. chapitre régional ; profil territorial proposé Budget civil 2,00 % ; coefficient 7,000000 ; part de filière 9,859 %. Entraînement, loyauté, armes et habilitations ; aucun métier verrouillé par naissance sauf source explicite.";0.0035080127441719866;0.12376194837621984;0.0012696838373546535
Champion d’arène;Combattant professionnel;0.12853964495774647;0.1902036770608856;44.988875735211266;A — activité attestée;SB90;"Contexte régional ; taille et fréquence locales proposées. Profil résidentiel rural/mixte ; jardins, cuisine, filage, corvées et milice saisonnière restent activités secondaires. chapitre régional ; profil territorial proposé Budget civil 2,00 % ; coefficient 7,000000 ; part de filière 9,859 %. Entraînement, loyauté, armes et habilitations ; aucun métier verrouillé par naissance sauf source explicite.";0.0035080127441719866;0.12376194837621984;0.0012696838373546535
Veilleur de nuit;Garde et surveillant;0.12853964495774647;0.1902036770608856;44.988875735211266;P — activité proposée;"MJ140; SB90";"Contexte régional ; taille et fréquence locales proposées. Profil résidentiel rural/mixte ; jardins, cuisine, filage, corvées et milice saisonnière restent activités secondaires. chapitre régional ; profil territorial proposé Budget civil 2,00 % ; coefficient 7,000000 ; part de filière 9,859 %. Entraînement, loyauté, armes et habilitations ; aucun métier verrouillé par naissance sauf source explicite.";0.0035080127441719866;0.12376194837621984;0.0012696838373546535
Guide;Guide;0;0;0.0;A — activité attestée;MJ140;"Contexte régional ; taille et fréquence locales proposées. Profil résidentiel rural/mixte ; jardins, cuisine, filage, corvées et milice saisonnière restent activités secondaires. chapitre régional ; profil territorial proposé Budget civil 3,00 % ; coefficient 0,000000 ; part de filière 0,000 %. Zéro proposé : Petit réseau rural de transport et commerce ; aucun bureau financier/courtage spécialisé ajouté. Réseau, itinéraires, confiance et capital ; manutention distincte de propriété du fret.";0;0;0
Gardien de domaine;Garde et surveillant;0.12853964495774647;0.1902036770608856;44.988875735211266;A — activité attestée;MJ140;"Contexte régional ; taille et fréquence locales proposées. Profil résidentiel rural/mixte ; jardins, cuisine, filage, corvées et milice saisonnière restent activités secondaires. chapitre régional ; profil territorial proposé Budget civil 2,00 % ; coefficient 7,000000 ; part de filière 9,859 %. Entraînement, loyauté, armes et habilitations ; aucun métier verrouillé par naissance sauf source explicite.";0.0035080127441719866;0.12376194837621984;0.0012696838373546535
Spellshield;Protecteur et contrôleur arcanique;0;0;0.0;A — activité attestée;SB140;"Contexte régional ; taille et fréquence locales proposées. Profil résidentiel rural/mixte ; jardins, cuisine, filage, corvées et milice saisonnière restent activités secondaires. chapitre régional ; profil territorial proposé Budget civil 2,00 % ; coefficient 0,000000 ; part de filière 0,000 %. Zéro proposé : Filière régionale non retenue dans ce scénario, sans interdiction universelle. Entraînement, loyauté, armes et habilitations ; aucun métier verrouillé par naissance sauf source explicite.";0;0;0
Warden des Arcane Enforcers;Protecteur et contrôleur arcanique;0;0;0.0;A — activité attestée;SB140;"Contexte régional ; taille et fréquence locales proposées. Profil résidentiel rural/mixte ; jardins, cuisine, filage, corvées et milice saisonnière restent activités secondaires. chapitre régional ; profil territorial proposé Budget civil 2,00 % ; coefficient 0,000000 ; part de filière 0,000 %. Zéro proposé : Filière régionale non retenue dans ce scénario, sans interdiction universelle. Entraînement, loyauté, armes et habilitations ; aucun métier verrouillé par naissance sauf source explicite.";0;0;0
Inquisiteur;Garde et surveillant;0;0;0.0;A — activité attestée;SB29;"Contexte régional ; taille et fréquence locales proposées. Profil résidentiel rural/mixte ; jardins, cuisine, filage, corvées et milice saisonnière restent activités secondaires. chapitre régional ; profil territorial proposé Budget civil 2,00 % ; coefficient 0,000000 ; part de filière 0,000 %. Zéro proposé : Inquisiteur bauronien : aucun établissement de son Église habilité dans ce profil, notamment les ordres cirrus indépendants. Entraînement, loyauté, armes et habilitations ; aucun métier verrouillé par naissance sauf source explicite.";0;0;0
Mage impérial chargé du contrôle;Protecteur et contrôleur arcanique;0;0;0.0;A — activité attestée;SB98;"Contexte régional ; taille et fréquence locales proposées. Profil résidentiel rural/mixte ; jardins, cuisine, filage, corvées et milice saisonnière restent activités secondaires. chapitre régional ; profil territorial proposé Budget civil 2,00 % ; coefficient 0,000000 ; part de filière 0,000 %. Zéro proposé : Filière régionale non retenue dans ce scénario, sans interdiction universelle. Entraînement, loyauté, armes et habilitations ; aucun métier verrouillé par naissance sauf source explicite.";0;0;0
Chasseur de morts-vivants;Combattant professionnel;0.12853964495774647;0.1902036770608856;44.988875735211266;A — activité attestée;SB210;"Contexte régional ; taille et fréquence locales proposées. Profil résidentiel rural/mixte ; jardins, cuisine, filage, corvées et milice saisonnière restent activités secondaires. chapitre régional ; profil territorial proposé Budget civil 2,00 % ; coefficient 7,000000 ; part de filière 9,859 %. Entraînement, loyauté, armes et habilitations ; aucun métier verrouillé par naissance sauf source explicite.";0.0035080127441719866;0.12376194837621984;0.0012696838373546535
Détective;Enquêteur et agent de renseignement;0.009181403211267607;0.013585976932920402;3.2134911239436628;A — activité attestée;"PG9; BR42";"Contexte régional ; taille et fréquence locales proposées. Profil résidentiel rural/mixte ; jardins, cuisine, filage, corvées et milice saisonnière restent activités secondaires. chapitre régional ; profil territorial proposé Budget civil 2,00 % ; coefficient 0,500000 ; part de filière 0,704 %. Entraînement, loyauté, armes et habilitations ; aucun métier verrouillé par naissance sauf source explicite.";0.00025057233886942743;0.00884013916972999;9.069170266818953e-05
Espion;Enquêteur et agent de renseignement;0.009181403211267607;0.013585976932920402;3.2134911239436628;A — activité attestée;"PG9; BR42";"Contexte régional ; taille et fréquence locales proposées. Profil résidentiel rural/mixte ; jardins, cuisine, filage, corvées et milice saisonnière restent activités secondaires. chapitre régional ; profil territorial proposé Budget civil 2,00 % ; coefficient 0,500000 ; part de filière 0,704 %. Entraînement, loyauté, armes et habilitations ; aucun métier verrouillé par naissance sauf source explicite.";0.00025057233886942743;0.00884013916972999;9.069170266818953e-05
Détective arcanique;Enquêteur et agent de renseignement;0;0;0.0;A — activité attestée;SB140;"Contexte régional ; taille et fréquence locales proposées. Profil résidentiel rural/mixte ; jardins, cuisine, filage, corvées et milice saisonnière restent activités secondaires. chapitre régional ; profil territorial proposé Budget civil 2,00 % ; coefficient 0,000000 ; part de filière 0,000 %. Zéro proposé : Filière régionale non retenue dans ce scénario, sans interdiction universelle. Entraînement, loyauté, armes et habilitations ; aucun métier verrouillé par naissance sauf source explicite.";0;0;0
Fonctionnaire;Administrateur et juriste;0.21948809023569027;0.3247826135479288;76.82083158249159;A — activité attestée;"SB90; SB213";"Contexte régional ; taille et fréquence locales proposées. Profil résidentiel rural/mixte ; jardins, cuisine, filage, corvées et milice saisonnière restent activités secondaires. chapitre régional ; profil territorial proposé Budget civil 2,00 % ; coefficient 5,000000 ; part de filière 16,835 %. Instruction, autorisation ou initiation ; clergé, caste et office ne rendent pas noble.";0.012517657521459806;0.2060894791170328;0.0008809535971976706
Percepteur;Administrateur et juriste;0.21948809023569027;0.3247826135479288;76.82083158249159;A — activité attestée;SB132;"Contexte régional ; taille et fréquence locales proposées. Profil résidentiel rural/mixte ; jardins, cuisine, filage, corvées et milice saisonnière restent activités secondaires. chapitre régional ; profil territorial proposé Budget civil 2,00 % ; coefficient 5,000000 ; part de filière 16,835 %. Instruction, autorisation ou initiation ; clergé, caste et office ne rendent pas noble.";0.012517657521459806;0.2060894791170328;0.0008809535971976706
Juge;Administrateur et juriste;0;0;0.0;A — activité attestée;"SB90; SB213";"Contexte régional ; taille et fréquence locales proposées. Profil résidentiel rural/mixte ; jardins, cuisine, filage, corvées et milice saisonnière restent activités secondaires. chapitre régional ; profil territorial proposé Budget civil 2,00 % ; coefficient 0,000000 ; part de filière 0,000 %. Zéro proposé : Fonction spécialisée concentrée dans les villes/institutions ; instruction et rites ruraux courants conservés. Instruction, autorisation ou initiation ; clergé, caste et office ne rendent pas noble.";0;0;0
Avocat;Administrateur et juriste;0;0;0.0;A — activité attestée;"SB90; SB213";"Contexte régional ; taille et fréquence locales proposées. Profil résidentiel rural/mixte ; jardins, cuisine, filage, corvées et milice saisonnière restent activités secondaires. chapitre régional ; profil territorial proposé Budget civil 2,00 % ; coefficient 0,000000 ; part de filière 0,000 %. Zéro proposé : Fonction spécialisée concentrée dans les villes/institutions ; instruction et rites ruraux courants conservés. Instruction, autorisation ou initiation ; clergé, caste et office ne rendent pas noble.";0;0;0
Diplomate et émissaire;Administrateur et juriste;0;0;0.0;A — activité attestée;PG46;"Contexte régional ; taille et fréquence locales proposées. Profil résidentiel rural/mixte ; jardins, cuisine, filage, corvées et milice saisonnière restent activités secondaires. chapitre régional ; profil territorial proposé Budget civil 2,00 % ; coefficient 0,000000 ; part de filière 0,000 %. Zéro proposé : Fonction spécialisée concentrée dans les villes/institutions ; instruction et rites ruraux courants conservés. Instruction, autorisation ou initiation ; clergé, caste et office ne rendent pas noble.";0;0;0
Recruteur et agent de missions;Administrateur et juriste;0;0;0.0;D — activité déduite;SB105;"Contexte régional ; taille et fréquence locales proposées. Profil résidentiel rural/mixte ; jardins, cuisine, filage, corvées et milice saisonnière restent activités secondaires. chapitre régional ; profil territorial proposé Budget civil 2,00 % ; coefficient 0,000000 ; part de filière 0,000 %. Zéro proposé : Fonction spécialisée concentrée dans les villes/institutions ; instruction et rites ruraux courants conservés. Instruction, autorisation ou initiation ; clergé, caste et office ne rendent pas noble.";0;0;0
Bourreau;Administrateur et juriste;0;0;0.0;A — activité attestée;SB148;"Contexte régional ; taille et fréquence locales proposées. Profil résidentiel rural/mixte ; jardins, cuisine, filage, corvées et milice saisonnière restent activités secondaires. chapitre régional ; profil territorial proposé Budget civil 2,00 % ; coefficient 0,000000 ; part de filière 0,000 %. Zéro proposé : Fonction spécialisée concentrée dans les villes/institutions ; instruction et rites ruraux courants conservés. Instruction, autorisation ou initiation ; clergé, caste et office ne rendent pas noble.";0;0;0
Acteur et comédien;Artiste du spectacle;0;0;0.0;A — activité attestée;MJ129;"Contexte régional ; taille et fréquence locales proposées. Profil résidentiel rural/mixte ; jardins, cuisine, filage, corvées et milice saisonnière restent activités secondaires. chapitre régional ; profil territorial proposé Budget civil 0,50 % ; coefficient 0,000000 ; part de filière 0,000 %. Zéro proposé : Loisir/rite familial secondaire, pas profession permanente spécialisée ajoutée. Apprentissage, audition et réseau ; accès au mérite notamment Mustardseed.";0;0;0
Danseur;Artiste du spectacle;0;0;0.0;A — activité attestée;MJ129;"Contexte régional ; taille et fréquence locales proposées. Profil résidentiel rural/mixte ; jardins, cuisine, filage, corvées et milice saisonnière restent activités secondaires. chapitre régional ; profil territorial proposé Budget civil 0,50 % ; coefficient 0,000000 ; part de filière 0,000 %. Zéro proposé : Loisir/rite familial secondaire, pas profession permanente spécialisée ajoutée. Apprentissage, audition et réseau ; accès au mérite notamment Mustardseed.";0;0;0
Musicien;Artiste du spectacle;0.16296990700000002;0.24115109055933712;57.03946745000001;A — activité attestée;MJ129;"Contexte régional ; taille et fréquence locales proposées. Profil résidentiel rural/mixte ; jardins, cuisine, filage, corvées et milice saisonnière restent activités secondaires. chapitre régional ; profil territorial proposé Budget civil 0,50 % ; coefficient 1,500000 ; part de filière 50,000 %. Apprentissage, audition et réseau ; accès au mérite notamment Mustardseed.";0.006300848277952435;0.15560481712003674;0.0010642416020108434
Chanteur;Artiste du spectacle;0;0;0.0;A — activité attestée;MJ129;"Contexte régional ; taille et fréquence locales proposées. Profil résidentiel rural/mixte ; jardins, cuisine, filage, corvées et milice saisonnière restent activités secondaires. chapitre régional ; profil territorial proposé Budget civil 0,50 % ; coefficient 0,000000 ; part de filière 0,000 %. Zéro proposé : Loisir/rite familial secondaire, pas profession permanente spécialisée ajoutée. Apprentissage, audition et réseau ; accès au mérite notamment Mustardseed.";0;0;0
Poète;Artiste du spectacle;0;0;0.0;A — activité attestée;MJ129;"Contexte régional ; taille et fréquence locales proposées. Profil résidentiel rural/mixte ; jardins, cuisine, filage, corvées et milice saisonnière restent activités secondaires. chapitre régional ; profil territorial proposé Budget civil 0,50 % ; coefficient 0,000000 ; part de filière 0,000 %. Zéro proposé : Loisir/rite familial secondaire, pas profession permanente spécialisée ajoutée. Apprentissage, audition et réseau ; accès au mérite notamment Mustardseed.";0;0;0
Conteur;Artiste du spectacle;0.16296990700000002;0.24115109055933712;57.03946745000001;A — activité attestée;MJ129;"Contexte régional ; taille et fréquence locales proposées. Profil résidentiel rural/mixte ; jardins, cuisine, filage, corvées et milice saisonnière restent activités secondaires. chapitre régional ; profil territorial proposé Budget civil 0,50 % ; coefficient 1,500000 ; part de filière 50,000 %. Apprentissage, audition et réseau ; accès au mérite notamment Mustardseed.";0.006300848277952435;0.15560481712003674;0.0010642416020108434
Bouffon;Artiste du spectacle;0;0;0.0;A — activité attestée;MJ129;"Contexte régional ; taille et fréquence locales proposées. Profil résidentiel rural/mixte ; jardins, cuisine, filage, corvées et milice saisonnière restent activités secondaires. chapitre régional ; profil territorial proposé Budget civil 0,50 % ; coefficient 0,000000 ; part de filière 0,000 %. Zéro proposé : Loisir/rite familial secondaire, pas profession permanente spécialisée ajoutée. Apprentissage, audition et réseau ; accès au mérite notamment Mustardseed.";0;0;0
Jongleur;Artiste du spectacle;0;0;0.0;A — activité attestée;MJ129;"Contexte régional ; taille et fréquence locales proposées. Profil résidentiel rural/mixte ; jardins, cuisine, filage, corvées et milice saisonnière restent activités secondaires. chapitre régional ; profil territorial proposé Budget civil 0,50 % ; coefficient 0,000000 ; part de filière 0,000 %. Zéro proposé : Loisir/rite familial secondaire, pas profession permanente spécialisée ajoutée. Apprentissage, audition et réseau ; accès au mérite notamment Mustardseed.";0;0;0
Acrobate;Artiste du spectacle;0;0;0.0;A — activité attestée;MJ129;"Contexte régional ; taille et fréquence locales proposées. Profil résidentiel rural/mixte ; jardins, cuisine, filage, corvées et milice saisonnière restent activités secondaires. chapitre régional ; profil territorial proposé Budget civil 0,50 % ; coefficient 0,000000 ; part de filière 0,000 %. Zéro proposé : Loisir/rite familial secondaire, pas profession permanente spécialisée ajoutée. Apprentissage, audition et réseau ; accès au mérite notamment Mustardseed.";0;0;0
Cracheur de feu;Artiste du spectacle;0;0;0.0;A — activité attestée;MJ129;"Contexte régional ; taille et fréquence locales proposées. Profil résidentiel rural/mixte ; jardins, cuisine, filage, corvées et milice saisonnière restent activités secondaires. chapitre régional ; profil territorial proposé Budget civil 0,50 % ; coefficient 0,000000 ; part de filière 0,000 %. Zéro proposé : Loisir/rite familial secondaire, pas profession permanente spécialisée ajoutée. Apprentissage, audition et réseau ; accès au mérite notamment Mustardseed.";0;0;0
Compositeur;Artiste du spectacle;0;0;0.0;A — activité attestée;PG28;"Contexte régional ; taille et fréquence locales proposées. Profil résidentiel rural/mixte ; jardins, cuisine, filage, corvées et milice saisonnière restent activités secondaires. chapitre régional ; profil territorial proposé Budget civil 0,50 % ; coefficient 0,000000 ; part de filière 0,000 %. Zéro proposé : Loisir/rite familial secondaire, pas profession permanente spécialisée ajoutée. Apprentissage, audition et réseau ; accès au mérite notamment Mustardseed.";0;0;0
Crieur public;Artiste du spectacle;0;0;0.0;P — activité proposée;MJ129;"Contexte régional ; taille et fréquence locales proposées. Profil résidentiel rural/mixte ; jardins, cuisine, filage, corvées et milice saisonnière restent activités secondaires. chapitre régional ; profil territorial proposé Budget civil 0,50 % ; coefficient 0,000000 ; part de filière 0,000 %. Zéro proposé : Loisir/rite familial secondaire, pas profession permanente spécialisée ajoutée. Apprentissage, audition et réseau ; accès au mérite notamment Mustardseed.";0;0;0
Joueur professionnel;Professionnel du jeu;0;0;0.0;P — activité proposée;SB99;"Contexte régional ; taille et fréquence locales proposées. Profil résidentiel rural/mixte ; jardins, cuisine, filage, corvées et milice saisonnière restent activités secondaires. chapitre régional ; profil territorial proposé Budget civil 0,50 % ; coefficient 0,000000 ; part de filière 0,000 %. Zéro proposé : Loisir/rite familial secondaire, pas profession permanente spécialisée ajoutée. Apprentissage, audition et réseau ; accès au mérite notamment Mustardseed.";0;0;0
Croupier;Professionnel du jeu;0;0;0.0;D — activité déduite;SB99;"Contexte régional ; taille et fréquence locales proposées. Profil résidentiel rural/mixte ; jardins, cuisine, filage, corvées et milice saisonnière restent activités secondaires. chapitre régional ; profil territorial proposé Budget civil 0,50 % ; coefficient 0,000000 ; part de filière 0,000 %. Zéro proposé : Loisir/rite familial secondaire, pas profession permanente spécialisée ajoutée. Apprentissage, audition et réseau ; accès au mérite notamment Mustardseed.";0;0;0
Preneur de paris;Professionnel du jeu;0;0;0.0;D — activité déduite;SB99;"Contexte régional ; taille et fréquence locales proposées. Profil résidentiel rural/mixte ; jardins, cuisine, filage, corvées et milice saisonnière restent activités secondaires. chapitre régional ; profil territorial proposé Budget civil 0,50 % ; coefficient 0,000000 ; part de filière 0,000 %. Zéro proposé : Loisir/rite familial secondaire, pas profession permanente spécialisée ajoutée. Apprentissage, audition et réseau ; accès au mérite notamment Mustardseed.";0;0;0
Maître-chanteur;Opérateur d’activités illicites;0;0;0.0;A — activité attestée;BR42;"Contexte régional ; taille et fréquence locales proposées. Profil résidentiel rural/mixte ; jardins, cuisine, filage, corvées et milice saisonnière restent activités secondaires. chapitre régional ; profil territorial proposé Budget civil 0,00 % ; coefficient 0,000000 ; part de filière 0,000 %. Zéro proposé : Budget local de cette filière nul ou coefficient non retenu ; aucune interdiction universelle. Réseaux, exclusion, dettes et compétences ; statut légal distinct de noblesse.";0;0;0
Cambrioleur;Opérateur d’activités illicites;0;0;0.0;A — activité attestée;BR42;"Contexte régional ; taille et fréquence locales proposées. Profil résidentiel rural/mixte ; jardins, cuisine, filage, corvées et milice saisonnière restent activités secondaires. chapitre régional ; profil territorial proposé Budget civil 0,00 % ; coefficient 0,000000 ; part de filière 0,000 %. Zéro proposé : Budget local de cette filière nul ou coefficient non retenu ; aucune interdiction universelle. Réseaux, exclusion, dettes et compétences ; statut légal distinct de noblesse.";0;0;0
Homme de main;Opérateur d’activités illicites;0;0;0.0;A — activité attestée;BR42;"Contexte régional ; taille et fréquence locales proposées. Profil résidentiel rural/mixte ; jardins, cuisine, filage, corvées et milice saisonnière restent activités secondaires. chapitre régional ; profil territorial proposé Budget civil 0,00 % ; coefficient 0,000000 ; part de filière 0,000 %. Zéro proposé : Budget local de cette filière nul ou coefficient non retenu ; aucune interdiction universelle. Réseaux, exclusion, dettes et compétences ; statut légal distinct de noblesse.";0;0;0
Receleur;Opérateur d’activités illicites;0;0;0.0;A — activité attestée;BR42;"Contexte régional ; taille et fréquence locales proposées. Profil résidentiel rural/mixte ; jardins, cuisine, filage, corvées et milice saisonnière restent activités secondaires. chapitre régional ; profil territorial proposé Budget civil 0,00 % ; coefficient 0,000000 ; part de filière 0,000 %. Zéro proposé : Budget local de cette filière nul ou coefficient non retenu ; aucune interdiction universelle. Réseaux, exclusion, dettes et compétences ; statut légal distinct de noblesse.";0;0;0
Voleur de grand chemin;Opérateur d’activités illicites;0;0;0.0;A — activité attestée;BR42;"Contexte régional ; taille et fréquence locales proposées. Profil résidentiel rural/mixte ; jardins, cuisine, filage, corvées et milice saisonnière restent activités secondaires. chapitre régional ; profil territorial proposé Budget civil 0,00 % ; coefficient 0,000000 ; part de filière 0,000 %. Zéro proposé : Budget local de cette filière nul ou coefficient non retenu ; aucune interdiction universelle. Réseaux, exclusion, dettes et compétences ; statut légal distinct de noblesse.";0;0;0
Tueur à gages;Opérateur d’activités illicites;0;0;0.0;A — activité attestée;BR42;"Contexte régional ; taille et fréquence locales proposées. Profil résidentiel rural/mixte ; jardins, cuisine, filage, corvées et milice saisonnière restent activités secondaires. chapitre régional ; profil territorial proposé Budget civil 0,00 % ; coefficient 0,000000 ; part de filière 0,000 %. Zéro proposé : Budget local de cette filière nul ou coefficient non retenu ; aucune interdiction universelle. Réseaux, exclusion, dettes et compétences ; statut légal distinct de noblesse.";0;0;0
Pickpocket;Opérateur d’activités illicites;0;0;0.0;A — activité attestée;BR42;"Contexte régional ; taille et fréquence locales proposées. Profil résidentiel rural/mixte ; jardins, cuisine, filage, corvées et milice saisonnière restent activités secondaires. chapitre régional ; profil territorial proposé Budget civil 0,00 % ; coefficient 0,000000 ; part de filière 0,000 %. Zéro proposé : Budget local de cette filière nul ou coefficient non retenu ; aucune interdiction universelle. Réseaux, exclusion, dettes et compétences ; statut légal distinct de noblesse.";0;0;0
Contrebandier;Opérateur d’activités illicites;0;0;0.0;A — activité attestée;BR42;"Contexte régional ; taille et fréquence locales proposées. Profil résidentiel rural/mixte ; jardins, cuisine, filage, corvées et milice saisonnière restent activités secondaires. chapitre régional ; profil territorial proposé Budget civil 0,00 % ; coefficient 0,000000 ; part de filière 0,000 %. Zéro proposé : Budget local de cette filière nul ou coefficient non retenu ; aucune interdiction universelle. Réseaux, exclusion, dettes et compétences ; statut légal distinct de noblesse.";0;0;0
Pirate;Opérateur d’activités illicites;0;0;0.0;A — activité attestée;MJ136;"Contexte régional ; taille et fréquence locales proposées. Profil résidentiel rural/mixte ; jardins, cuisine, filage, corvées et milice saisonnière restent activités secondaires. chapitre régional ; profil territorial proposé Budget civil 0,00 % ; coefficient 0,000000 ; part de filière 0,000 %. Zéro proposé : Budget local de cette filière nul ou coefficient non retenu ; aucune interdiction universelle. Réseaux, exclusion, dettes et compétences ; statut légal distinct de noblesse.";0;0;0
Cultivateur de tubercules;Agriculteur;0;0;0.0;A — activité attestée;"SB120; SB168";"Contexte régional ; taille et fréquence locales proposées. Profil résidentiel rural/mixte ; jardins, cuisine, filage, corvées et milice saisonnière restent activités secondaires. chapitre régional ; profil territorial proposé Budget civil 75,00 % ; coefficient 0,000000 ; part de filière 0,000 %. Zéro proposé : Climat, matière ou culture hors filière régionale retenue ; aucun établissement exceptionnel proposé. Transmission familiale, terre/eau, droits d’usage et outils ; les tâches saisonnières restent secondaires.";0;0;0
Cartographe;Cartographe;0;0;0.0;A — activité attestée;MJ128;"Contexte régional ; taille et fréquence locales proposées. Profil résidentiel rural/mixte ; jardins, cuisine, filage, corvées et milice saisonnière restent activités secondaires. chapitre régional ; profil territorial proposé Budget civil 0,50 % ; coefficient 0,000000 ; part de filière 0,000 %. Zéro proposé : Spécialité avancée non installée dans le profil rural ordinaire : apprentissage, matériel et clientèle insuffisamment établis. Long apprentissage, frais, bourses, talent, licence ou secret ; titre ne donne pas maîtrise.";0;0;0
Sans métier actif;Statut;2.2614;3.3462562888428535;791.49;P;;Personnes productives occupées + personnes sans emploi disponibles recherchant une activité. Inclut aide familiale, subsistance, apprentissage productif et travail partiel.;0.015600000000000001;1.9482;0.29760000000000003
Hors activité;Statut;32.419999999999995;0;11346.999999999998;P;;"Tous habitants recensés dans les catégories sources; enfants, étudiants et retraités ne sont exclus de l’activité que sans contribution productive. Pas de seuil humain de 18 ans imposé.";0.72;30.559999999999995;1.1400000000000001
