Métier;Base;% habitants;% actifs;Effectif attendu;Appui activité;Références;Justification proposée;Milieu privilégié, noblesse non établie / % de tous habitants;Milieu ordinaire, noblesse non établie / % de tous habitants;Milieu précaire, noblesse non établie / % de tous habitants
Agriculteur généraliste;Agriculteur;0.5301665616443606;0.8790690791649156;185.5582965755262;A — activité attestée;"SB90; SB198";"Anneaux autour arbres, ponts/ascenseurs, équipements de breithwood; niveaux supérieurs Conseil, prêtres, élémentalistes. Professions des résidents ; lieu de travail et commanditaires peuvent être extérieurs au quartier. Visiteurs exclus du stock. activité/institution locale Budget civil 20,00 % ; coefficient 4,000000 ; part de filière 4,716 %. Transmission familiale, terre/eau, droits d’usage et outils ; les tâches saisonnières restent secondaires.";0.0036999809840790373;0.499557938841233;0.026908641819048503
Céréalier;Agriculteur;0.10603331232887211;0.1758138158329831;37.11165931510524;D — activité déduite;"SB90; SB198";"Anneaux autour arbres, ponts/ascenseurs, équipements de breithwood; niveaux supérieurs Conseil, prêtres, élémentalistes. Professions des résidents ; lieu de travail et commanditaires peuvent être extérieurs au quartier. Visiteurs exclus du stock. activité/institution locale Budget civil 20,00 % ; coefficient 0,800000 ; part de filière 0,943 %. Transmission familiale, terre/eau, droits d’usage et outils ; les tâches saisonnières restent secondaires.";0.0007399961968158073;0.0999115877682466;0.005381728363809701
Riziculteur;Agriculteur;0;0;0.0;A — activité attestée;SB198;"Anneaux autour arbres, ponts/ascenseurs, équipements de breithwood; niveaux supérieurs Conseil, prêtres, élémentalistes. Professions des résidents ; lieu de travail et commanditaires peuvent être extérieurs au quartier. Visiteurs exclus du stock. activité/institution locale Budget civil 20,00 % ; coefficient 0,000000 ; part de filière 0,000 %. Zéro proposé : Climat, matière ou culture hors filière régionale retenue ; aucun établissement exceptionnel proposé. Transmission familiale, terre/eau, droits d’usage et outils ; les tâches saisonnières restent secondaires.";0;0;0
Vigneron;Agriculteur;0;0;0.0;A — activité attestée;MJ128;"Anneaux autour arbres, ponts/ascenseurs, équipements de breithwood; niveaux supérieurs Conseil, prêtres, élémentalistes. Professions des résidents ; lieu de travail et commanditaires peuvent être extérieurs au quartier. Visiteurs exclus du stock. activité/institution locale Budget civil 3,00 % ; coefficient 0,000000 ; part de filière 0,000 %. Zéro proposé : Climat, matière ou culture hors filière régionale retenue ; aucun établissement exceptionnel proposé. Savoir-faire de terrain et sécurité ; procédé spécialisé distinct du rang social.";0;0;0
Cultivateur d’épices;Agriculteur;0;0;0.0;A — activité attestée;SB182;"Anneaux autour arbres, ponts/ascenseurs, équipements de breithwood; niveaux supérieurs Conseil, prêtres, élémentalistes. Professions des résidents ; lieu de travail et commanditaires peuvent être extérieurs au quartier. Visiteurs exclus du stock. activité/institution locale Budget civil 3,00 % ; coefficient 0,000000 ; part de filière 0,000 %. Zéro proposé : Climat, matière ou culture hors filière régionale retenue ; aucun établissement exceptionnel proposé. Savoir-faire de terrain et sécurité ; procédé spécialisé distinct du rang social.";0;0;0
Cultivateur d’herbes pour thé;Agriculteur;0;0;0.0;D — activité déduite;SB198;"Anneaux autour arbres, ponts/ascenseurs, équipements de breithwood; niveaux supérieurs Conseil, prêtres, élémentalistes. Professions des résidents ; lieu de travail et commanditaires peuvent être extérieurs au quartier. Visiteurs exclus du stock. activité/institution locale Budget civil 3,00 % ; coefficient 0,000000 ; part de filière 0,000 %. Zéro proposé : Climat, matière ou culture hors filière régionale retenue ; aucun établissement exceptionnel proposé. Savoir-faire de terrain et sécurité ; procédé spécialisé distinct du rang social.";0;0;0
Maraîcher;Agriculteur;1.6965329972619538;2.81302105332773;593.7865490416839;D — activité déduite;"SB90; SB198";"Anneaux autour arbres, ponts/ascenseurs, équipements de breithwood; niveaux supérieurs Conseil, prêtres, élémentalistes. Professions des résidents ; lieu de travail et commanditaires peuvent être extérieurs au quartier. Visiteurs exclus du stock. activité/institution locale Budget civil 20,00 % ; coefficient 12,800000 ; part de filière 15,090 %. Transmission familiale, terre/eau, droits d’usage et outils ; les tâches saisonnières restent secondaires.";0.011839939149052917;1.5985854042919456;0.08610765382095521
Jardinier;Horticulteur;0.31056941160220985;0.5149550847325648;108.69929406077344;A — activité attestée;"SB29; SB161";"Anneaux autour arbres, ponts/ascenseurs, équipements de breithwood; niveaux supérieurs Conseil, prêtres, élémentalistes. Professions des résidents ; lieu de travail et commanditaires peuvent être extérieurs au quartier. Visiteurs exclus du stock. activité/institution locale Budget civil 3,00 % ; coefficient 3,000000 ; part de filière 18,416 %. Savoir-faire de terrain et sécurité ; procédé spécialisé distinct du rang social.";0.00430482461593231;0.29061086009114073;0.01565372689513682
Fleuriste;Horticulteur;0.31056941160220985;0.5149550847325648;108.69929406077344;A — activité attestée;"SB29; SB161";"Anneaux autour arbres, ponts/ascenseurs, équipements de breithwood; niveaux supérieurs Conseil, prêtres, élémentalistes. Professions des résidents ; lieu de travail et commanditaires peuvent être extérieurs au quartier. Visiteurs exclus du stock. activité/institution locale Budget civil 3,00 % ; coefficient 3,000000 ; part de filière 18,416 %. Savoir-faire de terrain et sécurité ; procédé spécialisé distinct du rang social.";0.00430482461593231;0.29061086009114073;0.01565372689513682
Arboriculteur de verger;Horticulteur;4.771499054799245;7.911621712484239;1670.0246691797356;D — activité déduite;"SB29; SB161";"Anneaux autour arbres, ponts/ascenseurs, équipements de breithwood; niveaux supérieurs Conseil, prêtres, élémentalistes. Professions des résidents ; lieu de travail et commanditaires peuvent être extérieurs au quartier. Visiteurs exclus du stock. activité/institution locale Budget civil 20,00 % ; coefficient 36,000000 ; part de filière 42,441 %. Transmission familiale, terre/eau, droits d’usage et outils ; les tâches saisonnières restent secondaires.";0.03329982885671133;4.496021449571097;0.24217777637143656
Jardinier de roses magiques;Horticulteur;0;0;0.0;A — activité attestée;SB157;"Anneaux autour arbres, ponts/ascenseurs, équipements de breithwood; niveaux supérieurs Conseil, prêtres, élémentalistes. Professions des résidents ; lieu de travail et commanditaires peuvent être extérieurs au quartier. Visiteurs exclus du stock. activité/institution locale Budget civil 3,00 % ; coefficient 0,000000 ; part de filière 0,000 %. Zéro proposé : Technique de site, institution, secret ou habilitation concentrée dans les implantations autorisées du scénario. Savoir-faire de terrain et sécurité ; procédé spécialisé distinct du rang social.";0;0;0
Arboriculteur de breithwood;Horticulteur;0.31056941160220985;0.5149550847325648;108.69929406077344;D — activité déduite;SB152;"Anneaux autour arbres, ponts/ascenseurs, équipements de breithwood; niveaux supérieurs Conseil, prêtres, élémentalistes. Professions des résidents ; lieu de travail et commanditaires peuvent être extérieurs au quartier. Visiteurs exclus du stock. activité/institution locale Budget civil 3,00 % ; coefficient 3,000000 ; part de filière 18,416 %. Savoir-faire de terrain et sécurité ; procédé spécialisé distinct du rang social.";0.00430482461593231;0.29061086009114073;0.01565372689513682
Éleveur généraliste;Éleveur;0.00497031151541588;0.008241272617171082;1.739609030395558;A — activité attestée;"SB120; SB182";"Anneaux autour arbres, ponts/ascenseurs, équipements de breithwood; niveaux supérieurs Conseil, prêtres, élémentalistes. Professions des résidents ; lieu de travail et commanditaires peuvent être extérieurs au quartier. Visiteurs exclus du stock. activité/institution locale Budget civil 20,00 % ; coefficient 0,037500 ; part de filière 0,044 %. Transmission familiale, terre/eau, droits d’usage et outils ; les tâches saisonnières restent secondaires.";3.468732172574095e-05;0.0046833556766365594;0.00025226851705357985
Berger;Éleveur;9.94062303083176e-05;0.00016482545234342165;0.03479218060791116;A — activité attestée;MJ135;"Anneaux autour arbres, ponts/ascenseurs, équipements de breithwood; niveaux supérieurs Conseil, prêtres, élémentalistes. Professions des résidents ; lieu de travail et commanditaires peuvent être extérieurs au quartier. Visiteurs exclus du stock. activité/institution locale Budget civil 20,00 % ; coefficient 0,000750 ; part de filière 0,001 %. Transmission familiale, terre/eau, droits d’usage et outils ; les tâches saisonnières restent secondaires.";6.937464345148191e-07;9.366711353273119e-05;5.045370341071594e-06
Éleveur de yaks;Éleveur;0;0;0.0;A — activité attestée;SB120;"Anneaux autour arbres, ponts/ascenseurs, équipements de breithwood; niveaux supérieurs Conseil, prêtres, élémentalistes. Professions des résidents ; lieu de travail et commanditaires peuvent être extérieurs au quartier. Visiteurs exclus du stock. activité/institution locale Budget civil 20,00 % ; coefficient 0,000000 ; part de filière 0,000 %. Zéro proposé : Climat, matière ou culture hors filière régionale retenue ; aucun établissement exceptionnel proposé. Transmission familiale, terre/eau, droits d’usage et outils ; les tâches saisonnières restent secondaires.";0;0;0
Éleveur de chevaux;Éleveur;0.0015528470580110493;0.002574775423662824;0.5434964703038673;A — activité attestée;SB182;"Anneaux autour arbres, ponts/ascenseurs, équipements de breithwood; niveaux supérieurs Conseil, prêtres, élémentalistes. Professions des résidents ; lieu de travail et commanditaires peuvent être extérieurs au quartier. Visiteurs exclus du stock. activité/institution locale Budget civil 3,00 % ; coefficient 0,015000 ; part de filière 0,092 %. Savoir-faire de terrain et sécurité ; procédé spécialisé distinct du rang social.";2.1524123079661554e-05;0.0014530543004557038;7.826863447568406e-05
Éleveur de chameaux;Éleveur;0;0;0.0;A — activité attestée;SB182;"Anneaux autour arbres, ponts/ascenseurs, équipements de breithwood; niveaux supérieurs Conseil, prêtres, élémentalistes. Professions des résidents ; lieu de travail et commanditaires peuvent être extérieurs au quartier. Visiteurs exclus du stock. activité/institution locale Budget civil 3,00 % ; coefficient 0,000000 ; part de filière 0,000 %. Zéro proposé : Climat, matière ou culture hors filière régionale retenue ; aucun établissement exceptionnel proposé. Savoir-faire de terrain et sécurité ; procédé spécialisé distinct du rang social.";0;0;0
Éleveur de vers à soie;Éleveur;0;0;0.0;A — activité attestée;SB198;"Anneaux autour arbres, ponts/ascenseurs, équipements de breithwood; niveaux supérieurs Conseil, prêtres, élémentalistes. Professions des résidents ; lieu de travail et commanditaires peuvent être extérieurs au quartier. Visiteurs exclus du stock. activité/institution locale Budget civil 3,00 % ; coefficient 0,000000 ; part de filière 0,000 %. Zéro proposé : Climat, matière ou culture hors filière régionale retenue ; aucun établissement exceptionnel proposé. Savoir-faire de terrain et sécurité ; procédé spécialisé distinct du rang social.";0;0;0
Éleveur de loups géants;Éleveur;0;0;0.0;A — activité attestée;SB191;"Anneaux autour arbres, ponts/ascenseurs, équipements de breithwood; niveaux supérieurs Conseil, prêtres, élémentalistes. Professions des résidents ; lieu de travail et commanditaires peuvent être extérieurs au quartier. Visiteurs exclus du stock. activité/institution locale Budget civil 3,00 % ; coefficient 0,000000 ; part de filière 0,000 %. Zéro proposé : Filière régionale non retenue dans ce scénario, sans interdiction universelle. Savoir-faire de terrain et sécurité ; procédé spécialisé distinct du rang social.";0;0;0
Éleveur de montures volantes;Éleveur;0;0;0.0;A — activité attestée;"SB124; SB107";"Anneaux autour arbres, ponts/ascenseurs, équipements de breithwood; niveaux supérieurs Conseil, prêtres, élémentalistes. Professions des résidents ; lieu de travail et commanditaires peuvent être extérieurs au quartier. Visiteurs exclus du stock. activité/institution locale Budget civil 3,00 % ; coefficient 0,000000 ; part de filière 0,000 %. Zéro proposé : Climat, matière ou culture hors filière régionale retenue ; aucun établissement exceptionnel proposé. Savoir-faire de terrain et sécurité ; procédé spécialisé distinct du rang social.";0;0;0
Apiculteur;Éleveur;0.0994062303083176;0.16482545234342166;34.79218060791116;P — activité proposée;SB152;"Anneaux autour arbres, ponts/ascenseurs, équipements de breithwood; niveaux supérieurs Conseil, prêtres, élémentalistes. Professions des résidents ; lieu de travail et commanditaires peuvent être extérieurs au quartier. Visiteurs exclus du stock. activité/institution locale Budget civil 20,00 % ; coefficient 0,750000 ; part de filière 0,884 %. Transmission familiale, terre/eau, droits d’usage et outils ; les tâches saisonnières restent secondaires.";0.0006937464345148194;0.09366711353273119;0.005045370341071595
Chasseur de gibier;Chasseur;0.0033135410102772536;0.005494181744780722;1.1597393535970388;A — activité attestée;"MJ139; PG20";"Anneaux autour arbres, ponts/ascenseurs, équipements de breithwood; niveaux supérieurs Conseil, prêtres, élémentalistes. Professions des résidents ; lieu de travail et commanditaires peuvent être extérieurs au quartier. Visiteurs exclus du stock. activité/institution locale Budget civil 20,00 % ; coefficient 0,025000 ; part de filière 0,029 %. Transmission familiale, terre/eau, droits d’usage et outils ; les tâches saisonnières restent secondaires.";2.3124881150493978e-05;0.0031222371177577063;0.00016817901136905315
Trappeur;Chasseur;0.0013254164041109017;0.0021976726979122895;0.4638957414388156;A — activité attestée;MJ140;"Anneaux autour arbres, ponts/ascenseurs, équipements de breithwood; niveaux supérieurs Conseil, prêtres, élémentalistes. Professions des résidents ; lieu de travail et commanditaires peuvent être extérieurs au quartier. Visiteurs exclus du stock. activité/institution locale Budget civil 20,00 % ; coefficient 0,010000 ; part de filière 0,012 %. Transmission familiale, terre/eau, droits d’usage et outils ; les tâches saisonnières restent secondaires.";9.249952460197591e-06;0.0012488948471030827;6.727160454762129e-05
Chasseur de monstres;Chasseur;0.0038304019283840413;0.006351188738822818;1.3406406749344146;A — activité attestée;PG58;"Anneaux autour arbres, ponts/ascenseurs, équipements de breithwood; niveaux supérieurs Conseil, prêtres, élémentalistes. Professions des résidents ; lieu de travail et commanditaires peuvent être extérieurs au quartier. Visiteurs exclus du stock. activité/institution locale Budget civil 2,00 % ; coefficient 0,100000 ; part de filière 0,341 %. Long apprentissage, frais, bourses, talent, licence ou secret ; titre ne donne pas maîtrise.";0.0005962711248783489;0.0032202541085103974;1.3876694995295052e-05
Chasseur de monstres marins;Chasseur;0;0;0.0;A — activité attestée;SB148;"Anneaux autour arbres, ponts/ascenseurs, équipements de breithwood; niveaux supérieurs Conseil, prêtres, élémentalistes. Professions des résidents ; lieu de travail et commanditaires peuvent être extérieurs au quartier. Visiteurs exclus du stock. activité/institution locale Budget civil 2,00 % ; coefficient 0,000000 ; part de filière 0,000 %. Zéro proposé : Filière régionale non retenue dans ce scénario, sans interdiction universelle. Long apprentissage, frais, bourses, talent, licence ou secret ; titre ne donne pas maîtrise.";0;0;0
Chasseur de dragons;Chasseur;0;0;0.0;A — activité attestée;SB220;"Anneaux autour arbres, ponts/ascenseurs, équipements de breithwood; niveaux supérieurs Conseil, prêtres, élémentalistes. Professions des résidents ; lieu de travail et commanditaires peuvent être extérieurs au quartier. Visiteurs exclus du stock. activité/institution locale Budget civil 2,00 % ; coefficient 0,000000 ; part de filière 0,000 %. Zéro proposé : Technique de site, institution, secret ou habilitation concentrée dans les implantations autorisées du scénario. Long apprentissage, frais, bourses, talent, licence ou secret ; titre ne donne pas maîtrise.";0;0;0
Cueilleur;Collecteur de ressources;3.817199243839396;6.329297369987391;1336.0197353437886;A — activité attestée;"MJ139; SB153";"Anneaux autour arbres, ponts/ascenseurs, équipements de breithwood; niveaux supérieurs Conseil, prêtres, élémentalistes. Professions des résidents ; lieu de travail et commanditaires peuvent être extérieurs au quartier. Visiteurs exclus du stock. activité/institution locale Budget civil 20,00 % ; coefficient 28,800000 ; part de filière 33,953 %. Transmission familiale, terre/eau, droits d’usage et outils ; les tâches saisonnières restent secondaires.";0.026639863085369052;3.5968171596568776;0.1937422210971492
Herboriste de collecte;Collecteur de ressources;0.24845552928176795;0.41196406778605194;86.95943524861877;D — activité déduite;BR55;"Anneaux autour arbres, ponts/ascenseurs, équipements de breithwood; niveaux supérieurs Conseil, prêtres, élémentalistes. Professions des résidents ; lieu de travail et commanditaires peuvent être extérieurs au quartier. Visiteurs exclus du stock. activité/institution locale Budget civil 3,00 % ; coefficient 2,400000 ; part de filière 14,733 %. Savoir-faire de terrain et sécurité ; procédé spécialisé distinct du rang social.";0.0034438596927458503;0.23248868807291265;0.012522981516109456
Collecteur de composants de créatures;Collecteur de ressources;0.24845552928176795;0.41196406778605194;86.95943524861877;A — activité attestée;"SB104; SB139";"Anneaux autour arbres, ponts/ascenseurs, équipements de breithwood; niveaux supérieurs Conseil, prêtres, élémentalistes. Professions des résidents ; lieu de travail et commanditaires peuvent être extérieurs au quartier. Visiteurs exclus du stock. activité/institution locale Budget civil 3,00 % ; coefficient 2,400000 ; part de filière 14,733 %. Savoir-faire de terrain et sécurité ; procédé spécialisé distinct du rang social.";0.0034438596927458503;0.23248868807291265;0.012522981516109456
Collecteur de perles;Collecteur de ressources;0;0;0.0;D — activité déduite;SB149;"Anneaux autour arbres, ponts/ascenseurs, équipements de breithwood; niveaux supérieurs Conseil, prêtres, élémentalistes. Professions des résidents ; lieu de travail et commanditaires peuvent être extérieurs au quartier. Visiteurs exclus du stock. activité/institution locale Budget civil 3,00 % ; coefficient 0,000000 ; part de filière 0,000 %. Zéro proposé : Filière régionale non retenue dans ce scénario, sans interdiction universelle. Savoir-faire de terrain et sécurité ; procédé spécialisé distinct du rang social.";0;0;0
Récupérateur de reliques penumbrales;Collecteur de ressources;0;0;0.0;A — activité attestée;PG8;"Anneaux autour arbres, ponts/ascenseurs, équipements de breithwood; niveaux supérieurs Conseil, prêtres, élémentalistes. Professions des résidents ; lieu de travail et commanditaires peuvent être extérieurs au quartier. Visiteurs exclus du stock. activité/institution locale Budget civil 3,00 % ; coefficient 0,000000 ; part de filière 0,000 %. Zéro proposé : Filière régionale non retenue dans ce scénario, sans interdiction universelle. Savoir-faire de terrain et sécurité ; procédé spécialisé distinct du rang social.";0;0;0
Bûcheron;Travailleur forestier;0.05176156860036831;0.08582584745542747;18.116549010128907;A — activité attestée;"MJ135; SB107";"Anneaux autour arbres, ponts/ascenseurs, équipements de breithwood; niveaux supérieurs Conseil, prêtres, élémentalistes. Professions des résidents ; lieu de travail et commanditaires peuvent être extérieurs au quartier. Visiteurs exclus du stock. activité/institution locale Budget civil 3,00 % ; coefficient 0,500000 ; part de filière 3,069 %. Savoir-faire de terrain et sécurité ; procédé spécialisé distinct du rang social.";0.000717470769322052;0.04843514334852346;0.0026089544825228027
Forestier;Travailleur forestier;0.05176156860036831;0.08582584745542747;18.116549010128907;A — activité attestée;MJ140;"Anneaux autour arbres, ponts/ascenseurs, équipements de breithwood; niveaux supérieurs Conseil, prêtres, élémentalistes. Professions des résidents ; lieu de travail et commanditaires peuvent être extérieurs au quartier. Visiteurs exclus du stock. activité/institution locale Budget civil 3,00 % ; coefficient 0,500000 ; part de filière 3,069 %. Savoir-faire de terrain et sécurité ; procédé spécialisé distinct du rang social.";0.000717470769322052;0.04843514334852346;0.0026089544825228027
Scieur;Travailleur forestier;0.05176156860036831;0.08582584745542747;18.116549010128907;D — activité déduite;SB99;"Anneaux autour arbres, ponts/ascenseurs, équipements de breithwood; niveaux supérieurs Conseil, prêtres, élémentalistes. Professions des résidents ; lieu de travail et commanditaires peuvent être extérieurs au quartier. Visiteurs exclus du stock. activité/institution locale Budget civil 3,00 % ; coefficient 0,500000 ; part de filière 3,069 %. Savoir-faire de terrain et sécurité ; procédé spécialisé distinct du rang social.";0.000717470769322052;0.04843514334852346;0.0026089544825228027
Pêcheur maritime;Pêcheur;0;0;0.0;A — activité attestée;"SB110; SB168";"Anneaux autour arbres, ponts/ascenseurs, équipements de breithwood; niveaux supérieurs Conseil, prêtres, élémentalistes. Professions des résidents ; lieu de travail et commanditaires peuvent être extérieurs au quartier. Visiteurs exclus du stock. activité/institution locale Budget civil 20,00 % ; coefficient 0,000000 ; part de filière 0,000 %. Zéro proposé : Poids technique nul dans la filière locale du scénario. Transmission familiale, terre/eau, droits d’usage et outils ; les tâches saisonnières restent secondaires.";0;0;0
Pêcheur d’eau douce;Pêcheur;0.21206662465774423;0.3516276316659662;74.22331863021049;A — activité attestée;SB138;"Anneaux autour arbres, ponts/ascenseurs, équipements de breithwood; niveaux supérieurs Conseil, prêtres, élémentalistes. Professions des résidents ; lieu de travail et commanditaires peuvent être extérieurs au quartier. Visiteurs exclus du stock. activité/institution locale Budget civil 20,00 % ; coefficient 1,600000 ; part de filière 1,886 %. Transmission familiale, terre/eau, droits d’usage et outils ; les tâches saisonnières restent secondaires.";0.0014799923936316146;0.1998231755364932;0.010763456727619402
Cultivateur marin;Pêcheur;0;0;0.0;P — activité proposée;SB149;"Anneaux autour arbres, ponts/ascenseurs, équipements de breithwood; niveaux supérieurs Conseil, prêtres, élémentalistes. Professions des résidents ; lieu de travail et commanditaires peuvent être extérieurs au quartier. Visiteurs exclus du stock. activité/institution locale Budget civil 20,00 % ; coefficient 0,000000 ; part de filière 0,000 %. Zéro proposé : Filière régionale non retenue dans ce scénario, sans interdiction universelle. Transmission familiale, terre/eau, droits d’usage et outils ; les tâches saisonnières restent secondaires.";0;0;0
Mineur;Extracteur de ressources minérales;0.007764235290055247;0.012873877118314121;2.7174823515193363;A — activité attestée;"MJ135; SB160";"Anneaux autour arbres, ponts/ascenseurs, équipements de breithwood; niveaux supérieurs Conseil, prêtres, élémentalistes. Professions des résidents ; lieu de travail et commanditaires peuvent être extérieurs au quartier. Visiteurs exclus du stock. activité/institution locale Budget civil 3,00 % ; coefficient 0,075000 ; part de filière 0,460 %. Savoir-faire de terrain et sécurité ; procédé spécialisé distinct du rang social.";0.00010762061539830781;0.0072652715022785185;0.00039134317237842045
Carrier;Extracteur de ressources minérales;0.007764235290055247;0.012873877118314121;2.7174823515193363;D — activité déduite;"MJ135; SB160";"Anneaux autour arbres, ponts/ascenseurs, équipements de breithwood; niveaux supérieurs Conseil, prêtres, élémentalistes. Professions des résidents ; lieu de travail et commanditaires peuvent être extérieurs au quartier. Visiteurs exclus du stock. activité/institution locale Budget civil 3,00 % ; coefficient 0,075000 ; part de filière 0,460 %. Savoir-faire de terrain et sécurité ; procédé spécialisé distinct du rang social.";0.00010762061539830781;0.0072652715022785185;0.00039134317237842045
Salinier;Extracteur de ressources minérales;0;0;0.0;P — activité proposée;SB120;"Anneaux autour arbres, ponts/ascenseurs, équipements de breithwood; niveaux supérieurs Conseil, prêtres, élémentalistes. Professions des résidents ; lieu de travail et commanditaires peuvent être extérieurs au quartier. Visiteurs exclus du stock. activité/institution locale Budget civil 3,00 % ; coefficient 0,000000 ; part de filière 0,000 %. Zéro proposé : Climat, matière ou culture hors filière régionale retenue ; aucun établissement exceptionnel proposé. Savoir-faire de terrain et sécurité ; procédé spécialisé distinct du rang social.";0;0;0
Mineur de bauronite;Extracteur de ressources minérales;0;0;0.0;A — activité attestée;"SB174; SB182";"Anneaux autour arbres, ponts/ascenseurs, équipements de breithwood; niveaux supérieurs Conseil, prêtres, élémentalistes. Professions des résidents ; lieu de travail et commanditaires peuvent être extérieurs au quartier. Visiteurs exclus du stock. activité/institution locale Budget civil 3,00 % ; coefficient 0,000000 ; part de filière 0,000 %. Zéro proposé : Climat, matière ou culture hors filière régionale retenue ; aucun établissement exceptionnel proposé. Savoir-faire de terrain et sécurité ; procédé spécialisé distinct du rang social.";0;0;0
Mineur de tameranium;Extracteur de ressources minérales;0;0;0.0;A — activité attestée;"SB168; SB198";"Anneaux autour arbres, ponts/ascenseurs, équipements de breithwood; niveaux supérieurs Conseil, prêtres, élémentalistes. Professions des résidents ; lieu de travail et commanditaires peuvent être extérieurs au quartier. Visiteurs exclus du stock. activité/institution locale Budget civil 3,00 % ; coefficient 0,000000 ; part de filière 0,000 %. Zéro proposé : Climat, matière ou culture hors filière régionale retenue ; aucun établissement exceptionnel proposé. Savoir-faire de terrain et sécurité ; procédé spécialisé distinct du rang social.";0;0;0
Extracteur d’obsidienne;Extracteur de ressources minérales;0;0;0.0;A — activité attestée;SB190;"Anneaux autour arbres, ponts/ascenseurs, équipements de breithwood; niveaux supérieurs Conseil, prêtres, élémentalistes. Professions des résidents ; lieu de travail et commanditaires peuvent être extérieurs au quartier. Visiteurs exclus du stock. activité/institution locale Budget civil 3,00 % ; coefficient 0,000000 ; part de filière 0,000 %. Zéro proposé : Filière régionale non retenue dans ce scénario, sans interdiction universelle. Savoir-faire de terrain et sécurité ; procédé spécialisé distinct du rang social.";0;0;0
Extracteur de soufre;Extracteur de ressources minérales;0;0;0.0;A — activité attestée;SB190;"Anneaux autour arbres, ponts/ascenseurs, équipements de breithwood; niveaux supérieurs Conseil, prêtres, élémentalistes. Professions des résidents ; lieu de travail et commanditaires peuvent être extérieurs au quartier. Visiteurs exclus du stock. activité/institution locale Budget civil 3,00 % ; coefficient 0,000000 ; part de filière 0,000 %. Zéro proposé : Filière régionale non retenue dans ce scénario, sans interdiction universelle. Savoir-faire de terrain et sécurité ; procédé spécialisé distinct du rang social.";0;0;0
Prospecteur;Extracteur de ressources minérales;0.007764235290055247;0.012873877118314121;2.7174823515193363;D — activité déduite;SB104;"Anneaux autour arbres, ponts/ascenseurs, équipements de breithwood; niveaux supérieurs Conseil, prêtres, élémentalistes. Professions des résidents ; lieu de travail et commanditaires peuvent être extérieurs au quartier. Visiteurs exclus du stock. activité/institution locale Budget civil 3,00 % ; coefficient 0,075000 ; part de filière 0,460 %. Savoir-faire de terrain et sécurité ; procédé spécialisé distinct du rang social.";0.00010762061539830781;0.0072652715022785185;0.00039134317237842045
Meunier;Meunier;0.15258807865317192;0.2530062653841352;53.40582752861017;D — activité déduite;SB121;"Anneaux autour arbres, ponts/ascenseurs, équipements de breithwood; niveaux supérieurs Conseil, prêtres, élémentalistes. Professions des résidents ; lieu de travail et commanditaires peuvent être extérieurs au quartier. Visiteurs exclus du stock. activité/institution locale Budget civil 34,00 % ; coefficient 1,750000 ; part de filière 0,798 %. Apprentissage, atelier, combustible et outils ; titre noble ne remplace pas qualification.";0.010019639128996434;0.13528151341189446;0.00728692611228104
Boucher;Boucher;0.013950910048290004;0.0231320014065495;4.8828185169015015;D — activité déduite;SB99;"Anneaux autour arbres, ponts/ascenseurs, équipements de breithwood; niveaux supérieurs Conseil, prêtres, élémentalistes. Professions des résidents ; lieu de travail et commanditaires peuvent être extérieurs au quartier. Visiteurs exclus du stock. activité/institution locale Budget civil 34,00 % ; coefficient 0,160000 ; part de filière 0,073 %. Apprentissage, atelier, combustible et outils ; titre noble ne remplace pas qualification.";0.0009160812917939597;0.012368595511944636;0.000666233244551409
Écorcheur;Boucher;0.005580364019316001;0.009252800562619798;1.9531274067606004;A — activité attestée;MJ128;"Anneaux autour arbres, ponts/ascenseurs, équipements de breithwood; niveaux supérieurs Conseil, prêtres, élémentalistes. Professions des résidents ; lieu de travail et commanditaires peuvent être extérieurs au quartier. Visiteurs exclus du stock. activité/institution locale Budget civil 34,00 % ; coefficient 0,064000 ; part de filière 0,029 %. Apprentissage, atelier, combustible et outils ; titre noble ne remplace pas qualification.";0.0003664325167175839;0.004947438204777854;0.0002664932978205637
Boulanger;Boulanger;0.37057104815770314;0.6144437873614709;129.6998668551961;A — activité attestée;MJ128;"Anneaux autour arbres, ponts/ascenseurs, équipements de breithwood; niveaux supérieurs Conseil, prêtres, élémentalistes. Professions des résidents ; lieu de travail et commanditaires peuvent être extérieurs au quartier. Visiteurs exclus du stock. activité/institution locale Budget civil 34,00 % ; coefficient 4,250000 ; part de filière 1,939 %. Apprentissage, atelier, combustible et outils ; titre noble ne remplace pas qualification.";0.024333409313277047;0.3285408182860293;0.0176968205583968
Cuisinier;Cuisinier;0.8610630099565992;1.4277284197589108;301.3720534848097;A — activité attestée;MJ128;"Anneaux autour arbres, ponts/ascenseurs, équipements de breithwood; niveaux supérieurs Conseil, prêtres, élémentalistes. Professions des résidents ; lieu de travail et commanditaires peuvent être extérieurs au quartier. Visiteurs exclus du stock. activité/institution locale Budget civil 12,00 % ; coefficient 7,500000 ; part de filière 12,765 %. Apprentissage et qualification variable ; soins avancés et thérapie magique exigent formation.";0.00602967763325703;0.8141050841364599;0.040928248186882364
Cuisinier de haute cuisine;Cuisinier;0;0;0.0;A — activité attestée;"PG28; CC52";"Anneaux autour arbres, ponts/ascenseurs, équipements de breithwood; niveaux supérieurs Conseil, prêtres, élémentalistes. Professions des résidents ; lieu de travail et commanditaires peuvent être extérieurs au quartier. Visiteurs exclus du stock. activité/institution locale Budget civil 12,00 % ; coefficient 0,000000 ; part de filière 0,000 %. Zéro proposé : Haute cuisine concentrée auprès de clientèle et maîtres attestés/proposés ; cuisine ordinaire conservée. Apprentissage et qualification variable ; soins avancés et thérapie magique exigent formation.";0;0;0
Poissonnier;Transformateur alimentaire;0.11335114414235627;0.18794751142821467;39.672900449824695;D — activité déduite;"SB120; SB149";"Anneaux autour arbres, ponts/ascenseurs, équipements de breithwood; niveaux supérieurs Conseil, prêtres, élémentalistes. Professions des résidents ; lieu de travail et commanditaires peuvent être extérieurs au quartier. Visiteurs exclus du stock. activité/institution locale Budget civil 34,00 % ; coefficient 1,300000 ; part de filière 0,593 %. Apprentissage, atelier, combustible et outils ; titre noble ne remplace pas qualification.";0.007443160495825924;0.10049483853455014;0.005413145111980201
Saleur et sécheur alimentaire;Transformateur alimentaire;0.11335114414235627;0.18794751142821467;39.672900449824695;D — activité déduite;"SB120; SB149";"Anneaux autour arbres, ponts/ascenseurs, équipements de breithwood; niveaux supérieurs Conseil, prêtres, élémentalistes. Professions des résidents ; lieu de travail et commanditaires peuvent être extérieurs au quartier. Visiteurs exclus du stock. activité/institution locale Budget civil 34,00 % ; coefficient 1,300000 ; part de filière 0,593 %. Apprentissage, atelier, combustible et outils ; titre noble ne remplace pas qualification.";0.007443160495825924;0.10049483853455014;0.005413145111980201
Fromager;Transformateur alimentaire;0.11335114414235627;0.18794751142821467;39.672900449824695;A — activité attestée;"SB120; SB149";"Anneaux autour arbres, ponts/ascenseurs, équipements de breithwood; niveaux supérieurs Conseil, prêtres, élémentalistes. Professions des résidents ; lieu de travail et commanditaires peuvent être extérieurs au quartier. Visiteurs exclus du stock. activité/institution locale Budget civil 34,00 % ; coefficient 1,300000 ; part de filière 0,593 %. Apprentissage, atelier, combustible et outils ; titre noble ne remplace pas qualification.";0.007443160495825924;0.10049483853455014;0.005413145111980201
Huilier;Transformateur alimentaire;0.11335114414235627;0.18794751142821467;39.672900449824695;P — activité proposée;"SB120; SB149";"Anneaux autour arbres, ponts/ascenseurs, équipements de breithwood; niveaux supérieurs Conseil, prêtres, élémentalistes. Professions des résidents ; lieu de travail et commanditaires peuvent être extérieurs au quartier. Visiteurs exclus du stock. activité/institution locale Budget civil 34,00 % ; coefficient 1,300000 ; part de filière 0,593 %. Apprentissage, atelier, combustible et outils ; titre noble ne remplace pas qualification.";0.007443160495825924;0.10049483853455014;0.005413145111980201
Brasseur;Fabricant de boissons;0.10463182536217501;0.17349001054912122;36.62113887676125;A — activité attestée;"MJ128; SB120";"Anneaux autour arbres, ponts/ascenseurs, équipements de breithwood; niveaux supérieurs Conseil, prêtres, élémentalistes. Professions des résidents ; lieu de travail et commanditaires peuvent être extérieurs au quartier. Visiteurs exclus du stock. activité/institution locale Budget civil 34,00 % ; coefficient 1,200000 ; part de filière 0,547 %. Apprentissage, atelier, combustible et outils ; titre noble ne remplace pas qualification.";0.0068706096884547;0.09276446633958474;0.004996749334135568
Distillateur;Fabricant de boissons;0.10463182536217501;0.17349001054912122;36.62113887676125;A — activité attestée;"MJ128; SB120";"Anneaux autour arbres, ponts/ascenseurs, équipements de breithwood; niveaux supérieurs Conseil, prêtres, élémentalistes. Professions des résidents ; lieu de travail et commanditaires peuvent être extérieurs au quartier. Visiteurs exclus du stock. activité/institution locale Budget civil 34,00 % ; coefficient 1,200000 ; part de filière 0,547 %. Apprentissage, atelier, combustible et outils ; titre noble ne remplace pas qualification.";0.0068706096884547;0.09276446633958474;0.004996749334135568
Distillateur de Highlandtuber;Fabricant de boissons;0;0;0.0;A — activité attestée;"SB120; SB121";"Anneaux autour arbres, ponts/ascenseurs, équipements de breithwood; niveaux supérieurs Conseil, prêtres, élémentalistes. Professions des résidents ; lieu de travail et commanditaires peuvent être extérieurs au quartier. Visiteurs exclus du stock. activité/institution locale Budget civil 34,00 % ; coefficient 0,000000 ; part de filière 0,000 %. Zéro proposé : Filière régionale non retenue dans ce scénario, sans interdiction universelle. Apprentissage, atelier, combustible et outils ; titre noble ne remplace pas qualification.";0;0;0
Maître de cérémonie du thé;Maître de cérémonie du thé;0;0;0.0;A — activité attestée;SB201;"Anneaux autour arbres, ponts/ascenseurs, équipements de breithwood; niveaux supérieurs Conseil, prêtres, élémentalistes. Professions des résidents ; lieu de travail et commanditaires peuvent être extérieurs au quartier. Visiteurs exclus du stock. activité/institution locale Budget civil 1,00 % ; coefficient 0,000000 ; part de filière 0,000 %. Zéro proposé : Filière régionale non retenue dans ce scénario, sans interdiction universelle. Apprentissage, audition et réseau ; accès au mérite notamment Mustardseed.";0;0;0
Alchimiste;Alchimiste;0.09576004820960103;0.15877971847057043;33.516016873360364;A — activité attestée;"MJ128; BR55";"Anneaux autour arbres, ponts/ascenseurs, équipements de breithwood; niveaux supérieurs Conseil, prêtres, élémentalistes. Professions des résidents ; lieu de travail et commanditaires peuvent être extérieurs au quartier. Visiteurs exclus du stock. activité/institution locale Budget civil 2,00 % ; coefficient 2,500000 ; part de filière 8,518 %. Long apprentissage, frais, bourses, talent, licence ou secret ; titre ne donne pas maîtrise.";0.014906778121958729;0.08050635271275992;0.00034691737488237625
Apothicaire;Alchimiste;0.038304019283840404;0.06351188738822816;13.406406749344141;A — activité attestée;"MJ128; BR55";"Anneaux autour arbres, ponts/ascenseurs, équipements de breithwood; niveaux supérieurs Conseil, prêtres, élémentalistes. Professions des résidents ; lieu de travail et commanditaires peuvent être extérieurs au quartier. Visiteurs exclus du stock. activité/institution locale Budget civil 2,00 % ; coefficient 1,000000 ; part de filière 3,407 %. Long apprentissage, frais, bourses, talent, licence ou secret ; titre ne donne pas maîtrise.";0.0059627112487834885;0.03220254108510397;0.00013876694995295047
Préparateur de poisons;Alchimiste;0.038304019283840404;0.06351188738822816;13.406406749344141;D — activité déduite;"BR55; SB193";"Anneaux autour arbres, ponts/ascenseurs, équipements de breithwood; niveaux supérieurs Conseil, prêtres, élémentalistes. Professions des résidents ; lieu de travail et commanditaires peuvent être extérieurs au quartier. Visiteurs exclus du stock. activité/institution locale Budget civil 2,00 % ; coefficient 1,000000 ; part de filière 3,407 %. Long apprentissage, frais, bourses, talent, licence ou secret ; titre ne donne pas maîtrise.";0.0059627112487834885;0.03220254108510397;0.00013876694995295047
Préparateur de potions;Alchimiste;0.038304019283840404;0.06351188738822816;13.406406749344141;A — activité attestée;SB138;"Anneaux autour arbres, ponts/ascenseurs, équipements de breithwood; niveaux supérieurs Conseil, prêtres, élémentalistes. Professions des résidents ; lieu de travail et commanditaires peuvent être extérieurs au quartier. Visiteurs exclus du stock. activité/institution locale Budget civil 2,00 % ; coefficient 1,000000 ; part de filière 3,407 %. Long apprentissage, frais, bourses, talent, licence ou secret ; titre ne donne pas maîtrise.";0.0059627112487834885;0.03220254108510397;0.00013876694995295047
Préparateur d’Estelindea;Alchimiste;0.038304019283840404;0.06351188738822816;13.406406749344141;A — activité attestée;SB153;"Anneaux autour arbres, ponts/ascenseurs, équipements de breithwood; niveaux supérieurs Conseil, prêtres, élémentalistes. Professions des résidents ; lieu de travail et commanditaires peuvent être extérieurs au quartier. Visiteurs exclus du stock. activité/institution locale Budget civil 2,00 % ; coefficient 1,000000 ; part de filière 3,407 %. Long apprentissage, frais, bourses, talent, licence ou secret ; titre ne donne pas maîtrise.";0.0059627112487834885;0.03220254108510397;0.00013876694995295047
Charbonnier;Charbonnier;0.07764235290055246;0.1287387711831412;27.17482351519336;P — activité proposée;SB128;"Anneaux autour arbres, ponts/ascenseurs, équipements de breithwood; niveaux supérieurs Conseil, prêtres, élémentalistes. Professions des résidents ; lieu de travail et commanditaires peuvent être extérieurs au quartier. Visiteurs exclus du stock. activité/institution locale Budget civil 3,00 % ; coefficient 0,750000 ; part de filière 4,604 %. Savoir-faire de terrain et sécurité ; procédé spécialisé distinct du rang social.";0.0010762061539830775;0.07265271502278518;0.003913431723784205
Fondeur et affineur;Métallurgiste;0.061035231461268755;0.10120250615365403;21.362331011444063;D — activité déduite;"SB198; SB160";"Anneaux autour arbres, ponts/ascenseurs, équipements de breithwood; niveaux supérieurs Conseil, prêtres, élémentalistes. Professions des résidents ; lieu de travail et commanditaires peuvent être extérieurs au quartier. Visiteurs exclus du stock. activité/institution locale Budget civil 34,00 % ; coefficient 0,700000 ; part de filière 0,319 %. Apprentissage, atelier, combustible et outils ; titre noble ne remplace pas qualification.";0.004007855651598575;0.05411260536475777;0.0029147704449124148
Aciériste;Métallurgiste;0.061035231461268755;0.10120250615365403;21.362331011444063;D — activité déduite;SB198;"Anneaux autour arbres, ponts/ascenseurs, équipements de breithwood; niveaux supérieurs Conseil, prêtres, élémentalistes. Professions des résidents ; lieu de travail et commanditaires peuvent être extérieurs au quartier. Visiteurs exclus du stock. activité/institution locale Budget civil 34,00 % ; coefficient 0,700000 ; part de filière 0,319 %. Apprentissage, atelier, combustible et outils ; titre noble ne remplace pas qualification.";0.004007855651598575;0.05411260536475777;0.0029147704449124148
Forgeron;Forgeron;0.4359659390090626;0.7228750439546718;152.58807865317192;A — activité attestée;MJ128;"Anneaux autour arbres, ponts/ascenseurs, équipements de breithwood; niveaux supérieurs Conseil, prêtres, élémentalistes. Professions des résidents ; lieu de travail et commanditaires peuvent être extérieurs au quartier. Visiteurs exclus du stock. activité/institution locale Budget civil 34,00 % ; coefficient 5,000000 ; part de filière 2,281 %. Apprentissage, atelier, combustible et outils ; titre noble ne remplace pas qualification.";0.02862754036856124;0.38651860974826985;0.020819788892231534
Armurier;Forgeron;0.17438637560362505;0.2891500175818687;61.035231461268765;A — activité attestée;MJ128;"Anneaux autour arbres, ponts/ascenseurs, équipements de breithwood; niveaux supérieurs Conseil, prêtres, élémentalistes. Professions des résidents ; lieu de travail et commanditaires peuvent être extérieurs au quartier. Visiteurs exclus du stock. activité/institution locale Budget civil 34,00 % ; coefficient 2,000000 ; part de filière 0,912 %. Apprentissage, atelier, combustible et outils ; titre noble ne remplace pas qualification.";0.011451016147424492;0.15460744389930794;0.008327915556892612
Coutelier;Forgeron;0.17438637560362505;0.2891500175818687;61.035231461268765;D — activité déduite;MJ128;"Anneaux autour arbres, ponts/ascenseurs, équipements de breithwood; niveaux supérieurs Conseil, prêtres, élémentalistes. Professions des résidents ; lieu de travail et commanditaires peuvent être extérieurs au quartier. Visiteurs exclus du stock. activité/institution locale Budget civil 34,00 % ; coefficient 2,000000 ; part de filière 0,912 %. Apprentissage, atelier, combustible et outils ; titre noble ne remplace pas qualification.";0.011451016147424492;0.15460744389930794;0.008327915556892612
Rémouleur;Forgeron;0.17438637560362505;0.2891500175818687;61.035231461268765;D — activité déduite;MJ128;"Anneaux autour arbres, ponts/ascenseurs, équipements de breithwood; niveaux supérieurs Conseil, prêtres, élémentalistes. Professions des résidents ; lieu de travail et commanditaires peuvent être extérieurs au quartier. Visiteurs exclus du stock. activité/institution locale Budget civil 34,00 % ; coefficient 2,000000 ; part de filière 0,912 %. Apprentissage, atelier, combustible et outils ; titre noble ne remplace pas qualification.";0.011451016147424492;0.15460744389930794;0.008327915556892612
Serrurier;Mécanicien et artisan du métal;0.10463182536217501;0.17349001054912122;36.62113887676125;A — activité attestée;"MJ128; SB174";"Anneaux autour arbres, ponts/ascenseurs, équipements de breithwood; niveaux supérieurs Conseil, prêtres, élémentalistes. Professions des résidents ; lieu de travail et commanditaires peuvent être extérieurs au quartier. Visiteurs exclus du stock. activité/institution locale Budget civil 34,00 % ; coefficient 1,200000 ; part de filière 0,547 %. Apprentissage, atelier, combustible et outils ; titre noble ne remplace pas qualification.";0.0068706096884547;0.09276446633958474;0.004996749334135568
Rétameur;Mécanicien et artisan du métal;0.10463182536217501;0.17349001054912122;36.62113887676125;A — activité attestée;"MJ128; SB174";"Anneaux autour arbres, ponts/ascenseurs, équipements de breithwood; niveaux supérieurs Conseil, prêtres, élémentalistes. Professions des résidents ; lieu de travail et commanditaires peuvent être extérieurs au quartier. Visiteurs exclus du stock. activité/institution locale Budget civil 34,00 % ; coefficient 1,200000 ; part de filière 0,547 %. Apprentissage, atelier, combustible et outils ; titre noble ne remplace pas qualification.";0.0068706096884547;0.09276446633958474;0.004996749334135568
Réparateur et bricoleur;Mécanicien et artisan du métal;0.10463182536217501;0.17349001054912122;36.62113887676125;A — activité attestée;"MJ128; SB174";"Anneaux autour arbres, ponts/ascenseurs, équipements de breithwood; niveaux supérieurs Conseil, prêtres, élémentalistes. Professions des résidents ; lieu de travail et commanditaires peuvent être extérieurs au quartier. Visiteurs exclus du stock. activité/institution locale Budget civil 34,00 % ; coefficient 1,200000 ; part de filière 0,547 %. Apprentissage, atelier, combustible et outils ; titre noble ne remplace pas qualification.";0.0068706096884547;0.09276446633958474;0.004996749334135568
Horloger;Mécanicien et artisan du métal;0;0;0.0;D — activité déduite;SB174;"Anneaux autour arbres, ponts/ascenseurs, équipements de breithwood; niveaux supérieurs Conseil, prêtres, élémentalistes. Professions des résidents ; lieu de travail et commanditaires peuvent être extérieurs au quartier. Visiteurs exclus du stock. activité/institution locale Budget civil 34,00 % ; coefficient 0,000000 ; part de filière 0,000 %. Zéro proposé : Climat, matière ou culture hors filière régionale retenue ; aucun établissement exceptionnel proposé. Apprentissage, atelier, combustible et outils ; titre noble ne remplace pas qualification.";0;0;0
Fabricant d’outils de précision;Mécanicien et artisan du métal;0;0;0.0;A — activité attestée;SB174;"Anneaux autour arbres, ponts/ascenseurs, équipements de breithwood; niveaux supérieurs Conseil, prêtres, élémentalistes. Professions des résidents ; lieu de travail et commanditaires peuvent être extérieurs au quartier. Visiteurs exclus du stock. activité/institution locale Budget civil 34,00 % ; coefficient 0,000000 ; part de filière 0,000 %. Zéro proposé : Climat, matière ou culture hors filière régionale retenue ; aucun établissement exceptionnel proposé. Apprentissage, atelier, combustible et outils ; titre noble ne remplace pas qualification.";0;0;0
Fabricant d’instruments de navigation;Mécanicien et artisan du métal;0;0;0.0;D — activité déduite;SB174;"Anneaux autour arbres, ponts/ascenseurs, équipements de breithwood; niveaux supérieurs Conseil, prêtres, élémentalistes. Professions des résidents ; lieu de travail et commanditaires peuvent être extérieurs au quartier. Visiteurs exclus du stock. activité/institution locale Budget civil 34,00 % ; coefficient 0,000000 ; part de filière 0,000 %. Zéro proposé : Climat, matière ou culture hors filière régionale retenue ; aucun établissement exceptionnel proposé. Apprentissage, atelier, combustible et outils ; titre noble ne remplace pas qualification.";0;0;0
Bijoutier;Bijoutier;0.17438637560362505;0.2891500175818687;61.035231461268765;A — activité attestée;MJ128;"Anneaux autour arbres, ponts/ascenseurs, équipements de breithwood; niveaux supérieurs Conseil, prêtres, élémentalistes. Professions des résidents ; lieu de travail et commanditaires peuvent être extérieurs au quartier. Visiteurs exclus du stock. activité/institution locale Budget civil 34,00 % ; coefficient 2,000000 ; part de filière 0,912 %. Apprentissage, atelier, combustible et outils ; titre noble ne remplace pas qualification.";0.011451016147424492;0.15460744389930794;0.008327915556892612
Orfèvre;Bijoutier;0.06975455024145003;0.1156600070327475;24.414092584507507;A — activité attestée;MJ128;"Anneaux autour arbres, ponts/ascenseurs, équipements de breithwood; niveaux supérieurs Conseil, prêtres, élémentalistes. Professions des résidents ; lieu de travail et commanditaires peuvent être extérieurs au quartier. Visiteurs exclus du stock. activité/institution locale Budget civil 34,00 % ; coefficient 0,800000 ; part de filière 0,365 %. Apprentissage, atelier, combustible et outils ; titre noble ne remplace pas qualification.";0.004580406458969799;0.061842977559723185;0.0033311662227570463
Lapidaire et tailleur de gemmes;Bijoutier;0.06975455024145003;0.1156600070327475;24.414092584507507;A — activité attestée;MJ128;"Anneaux autour arbres, ponts/ascenseurs, équipements de breithwood; niveaux supérieurs Conseil, prêtres, élémentalistes. Professions des résidents ; lieu de travail et commanditaires peuvent être extérieurs au quartier. Visiteurs exclus du stock. activité/institution locale Budget civil 34,00 % ; coefficient 0,800000 ; part de filière 0,365 %. Apprentissage, atelier, combustible et outils ; titre noble ne remplace pas qualification.";0.004580406458969799;0.061842977559723185;0.0033311662227570463
Tanneur;Tanneur;0.016348722712839846;0.027107814148300192;5.722052949493945;A — activité attestée;MJ128;"Anneaux autour arbres, ponts/ascenseurs, équipements de breithwood; niveaux supérieurs Conseil, prêtres, élémentalistes. Professions des résidents ; lieu de travail et commanditaires peuvent être extérieurs au quartier. Visiteurs exclus du stock. activité/institution locale Budget civil 34,00 % ; coefficient 0,187500 ; part de filière 0,086 %. Apprentissage, atelier, combustible et outils ; titre noble ne remplace pas qualification.";0.0010735327638210466;0.014494447865560117;0.0007807420834586825
Fourreur;Tanneur;0.006539489085135938;0.010843125659320076;2.288821179797578;D — activité déduite;"SB120; SB133";"Anneaux autour arbres, ponts/ascenseurs, équipements de breithwood; niveaux supérieurs Conseil, prêtres, élémentalistes. Professions des résidents ; lieu de travail et commanditaires peuvent être extérieurs au quartier. Visiteurs exclus du stock. activité/institution locale Budget civil 34,00 % ; coefficient 0,075000 ; part de filière 0,034 %. Apprentissage, atelier, combustible et outils ; titre noble ne remplace pas qualification.";0.00042941310552841876;0.005797779146224046;0.000312296833383473
Maroquinier;Artisan du cuir;0.13950910048290005;0.231320014065495;48.828185169015015;A — activité attestée;MJ128;"Anneaux autour arbres, ponts/ascenseurs, équipements de breithwood; niveaux supérieurs Conseil, prêtres, élémentalistes. Professions des résidents ; lieu de travail et commanditaires peuvent être extérieurs au quartier. Visiteurs exclus du stock. activité/institution locale Budget civil 34,00 % ; coefficient 1,600000 ; part de filière 0,730 %. Apprentissage, atelier, combustible et outils ; titre noble ne remplace pas qualification.";0.009160812917939598;0.12368595511944637;0.006662332445514093
Bourrelier et sellier;Artisan du cuir;0.13950910048290005;0.231320014065495;48.828185169015015;D — activité déduite;"MJ128; SB163";"Anneaux autour arbres, ponts/ascenseurs, équipements de breithwood; niveaux supérieurs Conseil, prêtres, élémentalistes. Professions des résidents ; lieu de travail et commanditaires peuvent être extérieurs au quartier. Visiteurs exclus du stock. activité/institution locale Budget civil 34,00 % ; coefficient 1,600000 ; part de filière 0,730 %. Apprentissage, atelier, combustible et outils ; titre noble ne remplace pas qualification.";0.009160812917939598;0.12368595511944637;0.006662332445514093
Boursier, fabricant de bourses;Artisan du cuir;0.13950910048290005;0.231320014065495;48.828185169015015;D — activité déduite;MJ128;"Anneaux autour arbres, ponts/ascenseurs, équipements de breithwood; niveaux supérieurs Conseil, prêtres, élémentalistes. Professions des résidents ; lieu de travail et commanditaires peuvent être extérieurs au quartier. Visiteurs exclus du stock. activité/institution locale Budget civil 34,00 % ; coefficient 1,600000 ; part de filière 0,730 %. Apprentissage, atelier, combustible et outils ; titre noble ne remplace pas qualification.";0.009160812917939598;0.12368595511944637;0.006662332445514093
Gantier;Artisan du cuir;0.13950910048290005;0.231320014065495;48.828185169015015;D — activité déduite;MJ128;"Anneaux autour arbres, ponts/ascenseurs, équipements de breithwood; niveaux supérieurs Conseil, prêtres, élémentalistes. Professions des résidents ; lieu de travail et commanditaires peuvent être extérieurs au quartier. Visiteurs exclus du stock. activité/institution locale Budget civil 34,00 % ; coefficient 1,600000 ; part de filière 0,730 %. Apprentissage, atelier, combustible et outils ; titre noble ne remplace pas qualification.";0.009160812917939598;0.12368595511944637;0.006662332445514093
Cordonnier;Artisan du cuir;0.13950910048290005;0.231320014065495;48.828185169015015;A — activité attestée;MJ128;"Anneaux autour arbres, ponts/ascenseurs, équipements de breithwood; niveaux supérieurs Conseil, prêtres, élémentalistes. Professions des résidents ; lieu de travail et commanditaires peuvent être extérieurs au quartier. Visiteurs exclus du stock. activité/institution locale Budget civil 34,00 % ; coefficient 1,600000 ; part de filière 0,730 %. Apprentissage, atelier, combustible et outils ; titre noble ne remplace pas qualification.";0.009160812917939598;0.12368595511944637;0.006662332445514093
Fileur;Artisan textile;0.17438637560362505;0.2891500175818687;61.035231461268765;D — activité déduite;MJ128;"Anneaux autour arbres, ponts/ascenseurs, équipements de breithwood; niveaux supérieurs Conseil, prêtres, élémentalistes. Professions des résidents ; lieu de travail et commanditaires peuvent être extérieurs au quartier. Visiteurs exclus du stock. activité/institution locale Budget civil 34,00 % ; coefficient 2,000000 ; part de filière 0,912 %. Apprentissage, atelier, combustible et outils ; titre noble ne remplace pas qualification.";0.011451016147424492;0.15460744389930794;0.008327915556892612
Tisserand;Artisan textile;0.17438637560362505;0.2891500175818687;61.035231461268765;A — activité attestée;MJ128;"Anneaux autour arbres, ponts/ascenseurs, équipements de breithwood; niveaux supérieurs Conseil, prêtres, élémentalistes. Professions des résidents ; lieu de travail et commanditaires peuvent être extérieurs au quartier. Visiteurs exclus du stock. activité/institution locale Budget civil 34,00 % ; coefficient 2,000000 ; part de filière 0,912 %. Apprentissage, atelier, combustible et outils ; titre noble ne remplace pas qualification.";0.011451016147424492;0.15460744389930794;0.008327915556892612
Teinturier;Artisan textile;0.17438637560362505;0.2891500175818687;61.035231461268765;A — activité attestée;MJ128;"Anneaux autour arbres, ponts/ascenseurs, équipements de breithwood; niveaux supérieurs Conseil, prêtres, élémentalistes. Professions des résidents ; lieu de travail et commanditaires peuvent être extérieurs au quartier. Visiteurs exclus du stock. activité/institution locale Budget civil 34,00 % ; coefficient 2,000000 ; part de filière 0,912 %. Apprentissage, atelier, combustible et outils ; titre noble ne remplace pas qualification.";0.011451016147424492;0.15460744389930794;0.008327915556892612
Tailleur;Tailleur de vêtements;0.17438637560362505;0.2891500175818687;61.035231461268765;D — activité déduite;"MJ128; SB139";"Anneaux autour arbres, ponts/ascenseurs, équipements de breithwood; niveaux supérieurs Conseil, prêtres, élémentalistes. Professions des résidents ; lieu de travail et commanditaires peuvent être extérieurs au quartier. Visiteurs exclus du stock. activité/institution locale Budget civil 34,00 % ; coefficient 2,000000 ; part de filière 0,912 %. Apprentissage, atelier, combustible et outils ; titre noble ne remplace pas qualification.";0.011451016147424492;0.15460744389930794;0.008327915556892612
Modiste et fabricant de coiffes;Tailleur de vêtements;0.17438637560362505;0.2891500175818687;61.035231461268765;D — activité déduite;"SB139; SB120";"Anneaux autour arbres, ponts/ascenseurs, équipements de breithwood; niveaux supérieurs Conseil, prêtres, élémentalistes. Professions des résidents ; lieu de travail et commanditaires peuvent être extérieurs au quartier. Visiteurs exclus du stock. activité/institution locale Budget civil 34,00 % ; coefficient 2,000000 ; part de filière 0,912 %. Apprentissage, atelier, combustible et outils ; titre noble ne remplace pas qualification.";0.011451016147424492;0.15460744389930794;0.008327915556892612
Tapissier;Tapissier;0.08719318780181252;0.14457500879093435;30.517615730634382;D — activité déduite;SB200;"Anneaux autour arbres, ponts/ascenseurs, équipements de breithwood; niveaux supérieurs Conseil, prêtres, élémentalistes. Professions des résidents ; lieu de travail et commanditaires peuvent être extérieurs au quartier. Visiteurs exclus du stock. activité/institution locale Budget civil 34,00 % ; coefficient 1,000000 ; part de filière 0,456 %. Apprentissage, atelier, combustible et outils ; titre noble ne remplace pas qualification.";0.005725508073712246;0.07730372194965397;0.004163957778446306
Menuisier;Menuisier;3.9236934510815633;6.505875395592047;1373.2927078785472;D — activité déduite;"MJ128; SB152";"Anneaux autour arbres, ponts/ascenseurs, équipements de breithwood; niveaux supérieurs Conseil, prêtres, élémentalistes. Professions des résidents ; lieu de travail et commanditaires peuvent être extérieurs au quartier. Visiteurs exclus du stock. activité/institution locale Budget civil 34,00 % ; coefficient 45,000000 ; part de filière 20,530 %. Apprentissage, atelier, combustible et outils ; titre noble ne remplace pas qualification.";0.25764786331705103;3.4786674877344286;0.18737810003008376
Ébéniste;Menuisier;1.5694773804326254;2.6023501582368187;549.317083151419;D — activité déduite;MJ128;"Anneaux autour arbres, ponts/ascenseurs, équipements de breithwood; niveaux supérieurs Conseil, prêtres, élémentalistes. Professions des résidents ; lieu de travail et commanditaires peuvent être extérieurs au quartier. Visiteurs exclus du stock. activité/institution locale Budget civil 34,00 % ; coefficient 18,000000 ; part de filière 8,212 %. Apprentissage, atelier, combustible et outils ; titre noble ne remplace pas qualification.";0.10305914532682049;1.3914669950937715;0.07495124001203354
Sculpteur sur bois;Menuisier;1.5694773804326254;2.6023501582368187;549.317083151419;A — activité attestée;MJ128;"Anneaux autour arbres, ponts/ascenseurs, équipements de breithwood; niveaux supérieurs Conseil, prêtres, élémentalistes. Professions des résidents ; lieu de travail et commanditaires peuvent être extérieurs au quartier. Visiteurs exclus du stock. activité/institution locale Budget civil 34,00 % ; coefficient 18,000000 ; part de filière 8,212 %. Apprentissage, atelier, combustible et outils ; titre noble ne remplace pas qualification.";0.10305914532682049;1.3914669950937715;0.07495124001203354
Tonnelier;Menuisier;1.5694773804326254;2.6023501582368187;549.317083151419;A — activité attestée;MJ128;"Anneaux autour arbres, ponts/ascenseurs, équipements de breithwood; niveaux supérieurs Conseil, prêtres, élémentalistes. Professions des résidents ; lieu de travail et commanditaires peuvent être extérieurs au quartier. Visiteurs exclus du stock. activité/institution locale Budget civil 34,00 % ; coefficient 18,000000 ; part de filière 8,212 %. Apprentissage, atelier, combustible et outils ; titre noble ne remplace pas qualification.";0.10305914532682049;1.3914669950937715;0.07495124001203354
Charron;Menuisier;1.5694773804326254;2.6023501582368187;549.317083151419;A — activité attestée;MJ128;"Anneaux autour arbres, ponts/ascenseurs, équipements de breithwood; niveaux supérieurs Conseil, prêtres, élémentalistes. Professions des résidents ; lieu de travail et commanditaires peuvent être extérieurs au quartier. Visiteurs exclus du stock. activité/institution locale Budget civil 34,00 % ; coefficient 18,000000 ; part de filière 8,212 %. Apprentissage, atelier, combustible et outils ; titre noble ne remplace pas qualification.";0.10305914532682049;1.3914669950937715;0.07495124001203354
Charpentier;Charpentier;0.28337786035589063;0.4698687785705366;99.18225112456172;A — activité attestée;MJ128;"Anneaux autour arbres, ponts/ascenseurs, équipements de breithwood; niveaux supérieurs Conseil, prêtres, élémentalistes. Professions des résidents ; lieu de travail et commanditaires peuvent être extérieurs au quartier. Visiteurs exclus du stock. activité/institution locale Budget civil 34,00 % ; coefficient 3,250000 ; part de filière 1,483 %. Apprentissage, atelier, combustible et outils ; titre noble ne remplace pas qualification.";0.018607901239564798;0.25123709633637537;0.013532862779950493
Couvreur;Charpentier;0.11335114414235627;0.18794751142821467;39.672900449824695;A — activité attestée;MJ128;"Anneaux autour arbres, ponts/ascenseurs, équipements de breithwood; niveaux supérieurs Conseil, prêtres, élémentalistes. Professions des résidents ; lieu de travail et commanditaires peuvent être extérieurs au quartier. Visiteurs exclus du stock. activité/institution locale Budget civil 34,00 % ; coefficient 1,300000 ; part de filière 0,593 %. Apprentissage, atelier, combustible et outils ; titre noble ne remplace pas qualification.";0.007443160495825924;0.10049483853455014;0.005413145111980201
Constructeur naval;Constructeur naval;0.013078978170271876;0.021686251318640153;4.577642359595156;A — activité attestée;"MJ128; SB148";"Anneaux autour arbres, ponts/ascenseurs, équipements de breithwood; niveaux supérieurs Conseil, prêtres, élémentalistes. Professions des résidents ; lieu de travail et commanditaires peuvent être extérieurs au quartier. Visiteurs exclus du stock. activité/institution locale Budget civil 34,00 % ; coefficient 0,150000 ; part de filière 0,068 %. Apprentissage, atelier, combustible et outils ; titre noble ne remplace pas qualification.";0.0008588262110568375;0.011595558292448092;0.000624593666766946
Calfat;Constructeur naval;0.005231591268108752;0.008674500527456063;1.831056943838063;D — activité déduite;"MJ128; SB148";"Anneaux autour arbres, ponts/ascenseurs, équipements de breithwood; niveaux supérieurs Conseil, prêtres, élémentalistes. Professions des résidents ; lieu de travail et commanditaires peuvent être extérieurs au quartier. Visiteurs exclus du stock. activité/institution locale Budget civil 34,00 % ; coefficient 0,060000 ; part de filière 0,027 %. Apprentissage, atelier, combustible et outils ; titre noble ne remplace pas qualification.";0.0003435304844227349;0.004638223316979238;0.00024983746670677846
Constructeur de drakkars;Constructeur naval;0;0;0.0;A — activité attestée;SB130;"Anneaux autour arbres, ponts/ascenseurs, équipements de breithwood; niveaux supérieurs Conseil, prêtres, élémentalistes. Professions des résidents ; lieu de travail et commanditaires peuvent être extérieurs au quartier. Visiteurs exclus du stock. activité/institution locale Budget civil 34,00 % ; coefficient 0,000000 ; part de filière 0,000 %. Zéro proposé : Filière régionale non retenue dans ce scénario, sans interdiction universelle. Apprentissage, atelier, combustible et outils ; titre noble ne remplace pas qualification.";0;0;0
Cordier;Cordier;0.10899148475226565;0.18071876098866796;38.14701966329298;D — activité déduite;SB130;"Anneaux autour arbres, ponts/ascenseurs, équipements de breithwood; niveaux supérieurs Conseil, prêtres, élémentalistes. Professions des résidents ; lieu de travail et commanditaires peuvent être extérieurs au quartier. Visiteurs exclus du stock. activité/institution locale Budget civil 34,00 % ; coefficient 1,250000 ; part de filière 0,570 %. Apprentissage, atelier, combustible et outils ; titre noble ne remplace pas qualification.";0.00715688509214031;0.09662965243706746;0.0052049472230578835
Voilier;Cordier;0.04359659390090626;0.07228750439546718;15.258807865317191;A — activité attestée;MJ128;"Anneaux autour arbres, ponts/ascenseurs, équipements de breithwood; niveaux supérieurs Conseil, prêtres, élémentalistes. Professions des résidents ; lieu de travail et commanditaires peuvent être extérieurs au quartier. Visiteurs exclus du stock. activité/institution locale Budget civil 34,00 % ; coefficient 0,500000 ; part de filière 0,228 %. Apprentissage, atelier, combustible et outils ; titre noble ne remplace pas qualification.";0.002862754036856123;0.038651860974826986;0.002081978889223153
Facteur d’arcs;Facteur d’arcs;0.3487727512072501;0.5783000351637374;122.07046292253753;A — activité attestée;"MJ128; SB152";"Anneaux autour arbres, ponts/ascenseurs, équipements de breithwood; niveaux supérieurs Conseil, prêtres, élémentalistes. Professions des résidents ; lieu de travail et commanditaires peuvent être extérieurs au quartier. Visiteurs exclus du stock. activité/institution locale Budget civil 34,00 % ; coefficient 4,000000 ; part de filière 1,825 %. Apprentissage, atelier, combustible et outils ; titre noble ne remplace pas qualification.";0.022902032294848985;0.3092148877986159;0.016655831113785224
Fabricant de flèches;Facteur d’arcs;0.13950910048290005;0.231320014065495;48.828185169015015;A — activité attestée;SB152;"Anneaux autour arbres, ponts/ascenseurs, équipements de breithwood; niveaux supérieurs Conseil, prêtres, élémentalistes. Professions des résidents ; lieu de travail et commanditaires peuvent être extérieurs au quartier. Visiteurs exclus du stock. activité/institution locale Budget civil 34,00 % ; coefficient 1,600000 ; part de filière 0,730 %. Apprentissage, atelier, combustible et outils ; titre noble ne remplace pas qualification.";0.009160812917939598;0.12368595511944637;0.006662332445514093
Luthier et facteur d’instruments;Luthier;0.06539489085135938;0.10843125659320077;22.88821179797578;D — activité déduite;BR55;"Anneaux autour arbres, ponts/ascenseurs, équipements de breithwood; niveaux supérieurs Conseil, prêtres, élémentalistes. Professions des résidents ; lieu de travail et commanditaires peuvent être extérieurs au quartier. Visiteurs exclus du stock. activité/institution locale Budget civil 34,00 % ; coefficient 0,750000 ; part de filière 0,342 %. Apprentissage, atelier, combustible et outils ; titre noble ne remplace pas qualification.";0.004294131055284187;0.05797779146224047;0.00312296833383473
Tailleur de pierre;Tailleur de pierre;0.2179829695045313;0.3614375219773359;76.29403932658596;A — activité attestée;"MJ128; SB161";"Anneaux autour arbres, ponts/ascenseurs, équipements de breithwood; niveaux supérieurs Conseil, prêtres, élémentalistes. Professions des résidents ; lieu de travail et commanditaires peuvent être extérieurs au quartier. Visiteurs exclus du stock. activité/institution locale Budget civil 34,00 % ; coefficient 2,500000 ; part de filière 1,141 %. Apprentissage, atelier, combustible et outils ; titre noble ne remplace pas qualification.";0.01431377018428062;0.19325930487413492;0.010409894446115767
Sculpteur sur pierre;Tailleur de pierre;0.08719318780181252;0.14457500879093435;30.517615730634382;D — activité déduite;"MJ128; SB161";"Anneaux autour arbres, ponts/ascenseurs, équipements de breithwood; niveaux supérieurs Conseil, prêtres, élémentalistes. Professions des résidents ; lieu de travail et commanditaires peuvent être extérieurs au quartier. Visiteurs exclus du stock. activité/institution locale Budget civil 34,00 % ; coefficient 1,000000 ; part de filière 0,456 %. Apprentissage, atelier, combustible et outils ; titre noble ne remplace pas qualification.";0.005725508073712246;0.07730372194965397;0.004163957778446306
Sculpteur de statues de Stone Spirits;Tailleur de pierre;0;0;0.0;A — activité attestée;SB161;"Anneaux autour arbres, ponts/ascenseurs, équipements de breithwood; niveaux supérieurs Conseil, prêtres, élémentalistes. Professions des résidents ; lieu de travail et commanditaires peuvent être extérieurs au quartier. Visiteurs exclus du stock. activité/institution locale Budget civil 34,00 % ; coefficient 0,000000 ; part de filière 0,000 %. Zéro proposé : Filière régionale non retenue dans ce scénario, sans interdiction universelle. Apprentissage, atelier, combustible et outils ; titre noble ne remplace pas qualification.";0;0;0
Maçon;Maçon;0.8719318780181252;1.4457500879093437;305.17615730634384;A — activité attestée;"MJ128; SB90";"Anneaux autour arbres, ponts/ascenseurs, équipements de breithwood; niveaux supérieurs Conseil, prêtres, élémentalistes. Professions des résidents ; lieu de travail et commanditaires peuvent être extérieurs au quartier. Visiteurs exclus du stock. activité/institution locale Budget civil 34,00 % ; coefficient 10,000000 ; part de filière 4,562 %. Apprentissage, atelier, combustible et outils ; titre noble ne remplace pas qualification.";0.05725508073712248;0.7730372194965397;0.04163957778446307
Plâtrier;Maçon;0.3487727512072501;0.5783000351637374;122.07046292253753;A — activité attestée;"MJ128; SB90";"Anneaux autour arbres, ponts/ascenseurs, équipements de breithwood; niveaux supérieurs Conseil, prêtres, élémentalistes. Professions des résidents ; lieu de travail et commanditaires peuvent être extérieurs au quartier. Visiteurs exclus du stock. activité/institution locale Budget civil 34,00 % ; coefficient 4,000000 ; part de filière 1,825 %. Apprentissage, atelier, combustible et outils ; titre noble ne remplace pas qualification.";0.022902032294848985;0.3092148877986159;0.016655831113785224
Manœuvre de chantier;Maçon;0.3487727512072501;0.5783000351637374;122.07046292253753;A — activité attestée;SB90;"Anneaux autour arbres, ponts/ascenseurs, équipements de breithwood; niveaux supérieurs Conseil, prêtres, élémentalistes. Professions des résidents ; lieu de travail et commanditaires peuvent être extérieurs au quartier. Visiteurs exclus du stock. activité/institution locale Budget civil 34,00 % ; coefficient 4,000000 ; part de filière 1,825 %. Apprentissage, atelier, combustible et outils ; titre noble ne remplace pas qualification.";0.011839742272010926;0.3197117645343472;0.01722124440089198
Architecte;Architecte;0.17438637560362505;0.2891500175818687;61.035231461268765;A — activité attestée;SB174;"Anneaux autour arbres, ponts/ascenseurs, équipements de breithwood; niveaux supérieurs Conseil, prêtres, élémentalistes. Professions des résidents ; lieu de travail et commanditaires peuvent être extérieurs au quartier. Visiteurs exclus du stock. activité/institution locale Budget civil 34,00 % ; coefficient 2,000000 ; part de filière 0,912 %. Apprentissage, atelier, combustible et outils ; titre noble ne remplace pas qualification.";0.011451016147424492;0.15460744389930794;0.008327915556892612
Géomètre et arpenteur;Architecte;0.06975455024145003;0.1156600070327475;24.414092584507507;A — activité attestée;MJ128;"Anneaux autour arbres, ponts/ascenseurs, équipements de breithwood; niveaux supérieurs Conseil, prêtres, élémentalistes. Professions des résidents ; lieu de travail et commanditaires peuvent être extérieurs au quartier. Visiteurs exclus du stock. activité/institution locale Budget civil 34,00 % ; coefficient 0,800000 ; part de filière 0,365 %. Apprentissage, atelier, combustible et outils ; titre noble ne remplace pas qualification.";0.004580406458969799;0.061842977559723185;0.0033311662227570463
Potier;Potier;0.2179829695045313;0.3614375219773359;76.29403932658596;A — activité attestée;"MJ128; SB200";"Anneaux autour arbres, ponts/ascenseurs, équipements de breithwood; niveaux supérieurs Conseil, prêtres, élémentalistes. Professions des résidents ; lieu de travail et commanditaires peuvent être extérieurs au quartier. Visiteurs exclus du stock. activité/institution locale Budget civil 34,00 % ; coefficient 2,500000 ; part de filière 1,141 %. Apprentissage, atelier, combustible et outils ; titre noble ne remplace pas qualification.";0.01431377018428062;0.19325930487413492;0.010409894446115767
Tuilier;Potier;0.08719318780181252;0.14457500879093435;30.517615730634382;A — activité attestée;"MJ128; SB200";"Anneaux autour arbres, ponts/ascenseurs, équipements de breithwood; niveaux supérieurs Conseil, prêtres, élémentalistes. Professions des résidents ; lieu de travail et commanditaires peuvent être extérieurs au quartier. Visiteurs exclus du stock. activité/institution locale Budget civil 34,00 % ; coefficient 1,000000 ; part de filière 0,456 %. Apprentissage, atelier, combustible et outils ; titre noble ne remplace pas qualification.";0.005725508073712246;0.07730372194965397;0.004163957778446306
Porcelainier;Potier;0.08719318780181252;0.14457500879093435;30.517615730634382;D — activité déduite;SB200;"Anneaux autour arbres, ponts/ascenseurs, équipements de breithwood; niveaux supérieurs Conseil, prêtres, élémentalistes. Professions des résidents ; lieu de travail et commanditaires peuvent être extérieurs au quartier. Visiteurs exclus du stock. activité/institution locale Budget civil 34,00 % ; coefficient 1,000000 ; part de filière 0,456 %. Apprentissage, atelier, combustible et outils ; titre noble ne remplace pas qualification.";0.005725508073712246;0.07730372194965397;0.004163957778446306
Souffleur de verre;Verrier;0.061035231461268755;0.10120250615365403;21.362331011444063;A — activité attestée;"MJ128; SB174";"Anneaux autour arbres, ponts/ascenseurs, équipements de breithwood; niveaux supérieurs Conseil, prêtres, élémentalistes. Professions des résidents ; lieu de travail et commanditaires peuvent être extérieurs au quartier. Visiteurs exclus du stock. activité/institution locale Budget civil 34,00 % ; coefficient 0,700000 ; part de filière 0,319 %. Apprentissage, atelier, combustible et outils ; titre noble ne remplace pas qualification.";0.004007855651598575;0.05411260536475777;0.0029147704449124148
Vitrier;Verrier;0.061035231461268755;0.10120250615365403;21.362331011444063;A — activité attestée;"MJ128; SB174";"Anneaux autour arbres, ponts/ascenseurs, équipements de breithwood; niveaux supérieurs Conseil, prêtres, élémentalistes. Professions des résidents ; lieu de travail et commanditaires peuvent être extérieurs au quartier. Visiteurs exclus du stock. activité/institution locale Budget civil 34,00 % ; coefficient 0,700000 ; part de filière 0,319 %. Apprentissage, atelier, combustible et outils ; titre noble ne remplace pas qualification.";0.004007855651598575;0.05411260536475777;0.0029147704449124148
Opticien et fabricant de lentilles;Verrier;0;0;0.0;D — activité déduite;SB174;"Anneaux autour arbres, ponts/ascenseurs, équipements de breithwood; niveaux supérieurs Conseil, prêtres, élémentalistes. Professions des résidents ; lieu de travail et commanditaires peuvent être extérieurs au quartier. Visiteurs exclus du stock. activité/institution locale Budget civil 34,00 % ; coefficient 0,000000 ; part de filière 0,000 %. Zéro proposé : Climat, matière ou culture hors filière régionale retenue ; aucun établissement exceptionnel proposé. Apprentissage, atelier, combustible et outils ; titre noble ne remplace pas qualification.";0;0;0
Papetier;Papetier et artisan du livre;0.06975455024145003;0.1156600070327475;24.414092584507507;A — activité attestée;SB138;"Anneaux autour arbres, ponts/ascenseurs, équipements de breithwood; niveaux supérieurs Conseil, prêtres, élémentalistes. Professions des résidents ; lieu de travail et commanditaires peuvent être extérieurs au quartier. Visiteurs exclus du stock. activité/institution locale Budget civil 34,00 % ; coefficient 0,800000 ; part de filière 0,365 %. Apprentissage, atelier, combustible et outils ; titre noble ne remplace pas qualification.";0.004580406458969799;0.061842977559723185;0.0033311662227570463
Relieur;Papetier et artisan du livre;0.06975455024145003;0.1156600070327475;24.414092584507507;D — activité déduite;"SB138; MJ128";"Anneaux autour arbres, ponts/ascenseurs, équipements de breithwood; niveaux supérieurs Conseil, prêtres, élémentalistes. Professions des résidents ; lieu de travail et commanditaires peuvent être extérieurs au quartier. Visiteurs exclus du stock. activité/institution locale Budget civil 34,00 % ; coefficient 0,800000 ; part de filière 0,365 %. Apprentissage, atelier, combustible et outils ; titre noble ne remplace pas qualification.";0.004580406458969799;0.061842977559723185;0.0033311662227570463
Chandelier;Chandelier;0.10899148475226565;0.18071876098866796;38.14701966329298;P — activité proposée;SB98;"Anneaux autour arbres, ponts/ascenseurs, équipements de breithwood; niveaux supérieurs Conseil, prêtres, élémentalistes. Professions des résidents ; lieu de travail et commanditaires peuvent être extérieurs au quartier. Visiteurs exclus du stock. activité/institution locale Budget civil 34,00 % ; coefficient 1,250000 ; part de filière 0,570 %. Apprentissage, atelier, combustible et outils ; titre noble ne remplace pas qualification.";0.00715688509214031;0.09662965243706746;0.0052049472230578835
Peintre;Peintre;0.17438637560362505;0.2891500175818687;61.035231461268765;A — activité attestée;"MJ128; SB190";"Anneaux autour arbres, ponts/ascenseurs, équipements de breithwood; niveaux supérieurs Conseil, prêtres, élémentalistes. Professions des résidents ; lieu de travail et commanditaires peuvent être extérieurs au quartier. Visiteurs exclus du stock. activité/institution locale Budget civil 34,00 % ; coefficient 2,000000 ; part de filière 0,912 %. Apprentissage, atelier, combustible et outils ; titre noble ne remplace pas qualification.";0.011451016147424492;0.15460744389930794;0.008327915556892612
Fabricant d’enseignes;Peintre;0.06975455024145003;0.1156600070327475;24.414092584507507;A — activité attestée;"MJ128; SB190";"Anneaux autour arbres, ponts/ascenseurs, équipements de breithwood; niveaux supérieurs Conseil, prêtres, élémentalistes. Professions des résidents ; lieu de travail et commanditaires peuvent être extérieurs au quartier. Visiteurs exclus du stock. activité/institution locale Budget civil 34,00 % ; coefficient 0,800000 ; part de filière 0,365 %. Apprentissage, atelier, combustible et outils ; titre noble ne remplace pas qualification.";0.004580406458969799;0.061842977559723185;0.0033311662227570463
Enlumineur;Peintre;0.06975455024145003;0.1156600070327475;24.414092584507507;A — activité attestée;"MJ128; SB190";"Anneaux autour arbres, ponts/ascenseurs, équipements de breithwood; niveaux supérieurs Conseil, prêtres, élémentalistes. Professions des résidents ; lieu de travail et commanditaires peuvent être extérieurs au quartier. Visiteurs exclus du stock. activité/institution locale Budget civil 34,00 % ; coefficient 0,800000 ; part de filière 0,365 %. Apprentissage, atelier, combustible et outils ; titre noble ne remplace pas qualification.";0.004580406458969799;0.061842977559723185;0.0033311662227570463
Peintre de guerre spirituel;Peintre;0;0;0.0;A — activité attestée;SB193;"Anneaux autour arbres, ponts/ascenseurs, équipements de breithwood; niveaux supérieurs Conseil, prêtres, élémentalistes. Professions des résidents ; lieu de travail et commanditaires peuvent être extérieurs au quartier. Visiteurs exclus du stock. activité/institution locale Initiation de la Red Mother ou apprentissage autorisé; recette complète non librement disponible Budget civil 34,00 % ; coefficient 0,000000 ; part de filière 0,000 %. Zéro proposé : Filière régionale non retenue dans ce scénario, sans interdiction universelle. Apprentissage, atelier, combustible et outils ; titre noble ne remplace pas qualification.";0;0;0
Tatoueur rituel;Peintre;0;0;0.0;D — activité déduite;"SB200; SB204";"Anneaux autour arbres, ponts/ascenseurs, équipements de breithwood; niveaux supérieurs Conseil, prêtres, élémentalistes. Professions des résidents ; lieu de travail et commanditaires peuvent être extérieurs au quartier. Visiteurs exclus du stock. activité/institution locale Budget civil 34,00 % ; coefficient 0,000000 ; part de filière 0,000 %. Zéro proposé : Filière régionale non retenue dans ce scénario, sans interdiction universelle. Apprentissage, atelier, combustible et outils ; titre noble ne remplace pas qualification.";0;0;0
Portefaix;Transporteur terrestre;0.30779592816635154;0.5103563723534265;107.72857485822304;D — activité déduite;"MJ132; SB121";"Anneaux autour arbres, ponts/ascenseurs, équipements de breithwood; niveaux supérieurs Conseil, prêtres, élémentalistes. Professions des résidents ; lieu de travail et commanditaires peuvent être extérieurs au quartier. Visiteurs exclus du stock. activité/institution locale Budget civil 14,00 % ; coefficient 12,000000 ; part de filière 3,911 %. Réseau, itinéraires, confiance et capital ; manutention distincte de propriété du fret.";0.0152632614288565;0.2747719858454843;0.01776068089201076
Docker;Transporteur terrestre;0.30779592816635154;0.5103563723534265;107.72857485822304;D — activité déduite;"MJ132; SB121";"Anneaux autour arbres, ponts/ascenseurs, équipements de breithwood; niveaux supérieurs Conseil, prêtres, élémentalistes. Professions des résidents ; lieu de travail et commanditaires peuvent être extérieurs au quartier. Visiteurs exclus du stock. activité/institution locale Budget civil 14,00 % ; coefficient 12,000000 ; part de filière 3,911 %. Réseau, itinéraires, confiance et capital ; manutention distincte de propriété du fret.";0.0152632614288565;0.2747719858454843;0.01776068089201076
Magasinier;Transporteur terrestre;0.3077959281663516;0.5103563723534266;107.72857485822306;D — activité déduite;"MJ132; SB121";"Anneaux autour arbres, ponts/ascenseurs, équipements de breithwood; niveaux supérieurs Conseil, prêtres, élémentalistes. Professions des résidents ; lieu de travail et commanditaires peuvent être extérieurs au quartier. Visiteurs exclus du stock. activité/institution locale Budget civil 14,00 % ; coefficient 12,000000 ; part de filière 3,911 %. Réseau, itinéraires, confiance et capital ; manutention distincte de propriété du fret.";0.02908426610137355;0.2617901026848764;0.01692155938010167
Charretier et cocher;Transporteur terrestre;0.3077959281663516;0.5103563723534266;107.72857485822306;D — activité déduite;"MJ132; SB121";"Anneaux autour arbres, ponts/ascenseurs, équipements de breithwood; niveaux supérieurs Conseil, prêtres, élémentalistes. Professions des résidents ; lieu de travail et commanditaires peuvent être extérieurs au quartier. Visiteurs exclus du stock. activité/institution locale Budget civil 14,00 % ; coefficient 12,000000 ; part de filière 3,911 %. Réseau, itinéraires, confiance et capital ; manutention distincte de propriété du fret.";0.02908426610137355;0.2617901026848764;0.01692155938010167
Chef de caravane;Transporteur terrestre;0.3077959281663516;0.5103563723534266;107.72857485822306;A — activité attestée;MJ132;"Anneaux autour arbres, ponts/ascenseurs, équipements de breithwood; niveaux supérieurs Conseil, prêtres, élémentalistes. Professions des résidents ; lieu de travail et commanditaires peuvent être extérieurs au quartier. Visiteurs exclus du stock. activité/institution locale Budget civil 14,00 % ; coefficient 12,000000 ; part de filière 3,911 %. Réseau, itinéraires, confiance et capital ; manutention distincte de propriété du fret.";0.02908426610137355;0.2617901026848764;0.01692155938010167
Coursier et messager;Transporteur terrestre;0.3077959281663516;0.5103563723534266;107.72857485822306;D — activité déduite;"MJ132; SB121";"Anneaux autour arbres, ponts/ascenseurs, équipements de breithwood; niveaux supérieurs Conseil, prêtres, élémentalistes. Professions des résidents ; lieu de travail et commanditaires peuvent être extérieurs au quartier. Visiteurs exclus du stock. activité/institution locale Budget civil 14,00 % ; coefficient 12,000000 ; part de filière 3,911 %. Réseau, itinéraires, confiance et capital ; manutention distincte de propriété du fret.";0.02908426610137355;0.2617901026848764;0.01692155938010167
Porteur d’eau;Transporteur terrestre;0.3077959281663516;0.5103563723534266;107.72857485822306;P — activité proposée;"MJ132; SB121";"Anneaux autour arbres, ponts/ascenseurs, équipements de breithwood; niveaux supérieurs Conseil, prêtres, élémentalistes. Professions des résidents ; lieu de travail et commanditaires peuvent être extérieurs au quartier. Visiteurs exclus du stock. activité/institution locale Budget civil 14,00 % ; coefficient 12,000000 ; part de filière 3,911 %. Réseau, itinéraires, confiance et capital ; manutention distincte de propriété du fret.";0.02908426610137355;0.2617901026848764;0.01692155938010167
Transporteur de canopée;Transporteur terrestre;3.6935511379962196;6.124276468241121;1292.742898298677;D — activité déduite;SB154;"Anneaux autour arbres, ponts/ascenseurs, équipements de breithwood; niveaux supérieurs Conseil, prêtres, élémentalistes. Professions des résidents ; lieu de travail et commanditaires peuvent être extérieurs au quartier. Visiteurs exclus du stock. activité/institution locale Budget civil 14,00 % ; coefficient 144,000000 ; part de filière 46,933 %. Réseau, itinéraires, confiance et capital ; manutention distincte de propriété du fret.";0.3490111932164825;3.141481232218517;0.20305871256122002
Opérateur de Stone Disks;Transporteur terrestre;0;0;0.0;A — activité attestée;PG13;"Anneaux autour arbres, ponts/ascenseurs, équipements de breithwood; niveaux supérieurs Conseil, prêtres, élémentalistes. Professions des résidents ; lieu de travail et commanditaires peuvent être extérieurs au quartier. Visiteurs exclus du stock. activité/institution locale Prêtre nain de Dorsi; Formation spécialisée Budget civil 14,00 % ; coefficient 0,000000 ; part de filière 0,000 %. Zéro proposé : Filière régionale non retenue dans ce scénario, sans interdiction universelle. Réseau, itinéraires, confiance et capital ; manutention distincte de propriété du fret.";0;0;0
Palefrenier et soigneur d’écurie;Transporteur terrestre;0.3077959281663516;0.5103563723534266;107.72857485822306;D — activité déduite;SB123;"Anneaux autour arbres, ponts/ascenseurs, équipements de breithwood; niveaux supérieurs Conseil, prêtres, élémentalistes. Professions des résidents ; lieu de travail et commanditaires peuvent être extérieurs au quartier. Visiteurs exclus du stock. activité/institution locale Budget civil 14,00 % ; coefficient 12,000000 ; part de filière 3,911 %. Réseau, itinéraires, confiance et capital ; manutention distincte de propriété du fret.";0.02908426610137355;0.2617901026848764;0.01692155938010167
Marin;Marin;0.06412415170132325;0.10632424424029721;22.443453095463138;A — activité attestée;MJ136;"Anneaux autour arbres, ponts/ascenseurs, équipements de breithwood; niveaux supérieurs Conseil, prêtres, élémentalistes. Professions des résidents ; lieu de travail et commanditaires peuvent être extérieurs au quartier. Visiteurs exclus du stock. activité/institution locale Budget civil 14,00 % ; coefficient 2,500000 ; part de filière 0,815 %. Réseau, itinéraires, confiance et capital ; manutention distincte de propriété du fret.";0.006059222104452824;0.05453960472601592;0.003525324870854514
Navigateur;Marin;0.0256496606805293;0.04252969769611888;8.977381238185256;A — activité attestée;MJ136;"Anneaux autour arbres, ponts/ascenseurs, équipements de breithwood; niveaux supérieurs Conseil, prêtres, élémentalistes. Professions des résidents ; lieu de travail et commanditaires peuvent être extérieurs au quartier. Visiteurs exclus du stock. activité/institution locale Budget civil 14,00 % ; coefficient 1,000000 ; part de filière 0,326 %. Réseau, itinéraires, confiance et capital ; manutention distincte de propriété du fret.";0.00242368884178113;0.021815841890406366;0.0014101299483418052
Pilote de port;Marin;0.0256496606805293;0.04252969769611888;8.977381238185256;D — activité déduite;MJ136;"Anneaux autour arbres, ponts/ascenseurs, équipements de breithwood; niveaux supérieurs Conseil, prêtres, élémentalistes. Professions des résidents ; lieu de travail et commanditaires peuvent être extérieurs au quartier. Visiteurs exclus du stock. activité/institution locale Budget civil 14,00 % ; coefficient 1,000000 ; part de filière 0,326 %. Réseau, itinéraires, confiance et capital ; manutention distincte de propriété du fret.";0.00242368884178113;0.021815841890406366;0.0014101299483418052
Capitaine de navire;Marin;0.0256496606805293;0.04252969769611888;8.977381238185256;A — activité attestée;MJ136;"Anneaux autour arbres, ponts/ascenseurs, équipements de breithwood; niveaux supérieurs Conseil, prêtres, élémentalistes. Professions des résidents ; lieu de travail et commanditaires peuvent être extérieurs au quartier. Visiteurs exclus du stock. activité/institution locale Budget civil 14,00 % ; coefficient 1,000000 ; part de filière 0,326 %. Réseau, itinéraires, confiance et capital ; manutention distincte de propriété du fret.";0.00242368884178113;0.021815841890406366;0.0014101299483418052
Pilote de véhicule volant;Marin;0;0;0.0;D — activité déduite;"SB142; SB174";"Anneaux autour arbres, ponts/ascenseurs, équipements de breithwood; niveaux supérieurs Conseil, prêtres, élémentalistes. Professions des résidents ; lieu de travail et commanditaires peuvent être extérieurs au quartier. Visiteurs exclus du stock. activité/institution locale Budget civil 14,00 % ; coefficient 0,000000 ; part de filière 0,000 %. Zéro proposé : Climat, matière ou culture hors filière régionale retenue ; aucun établissement exceptionnel proposé. Réseau, itinéraires, confiance et capital ; manutention distincte de propriété du fret.";0;0;0
Aubergiste;Hôte professionnel;0.34442520398263976;0.5710913679035645;120.54882139392392;D — activité déduite;"SB110; SB123";"Anneaux autour arbres, ponts/ascenseurs, équipements de breithwood; niveaux supérieurs Conseil, prêtres, élémentalistes. Professions des résidents ; lieu de travail et commanditaires peuvent être extérieurs au quartier. Visiteurs exclus du stock. activité/institution locale Budget civil 12,00 % ; coefficient 3,000000 ; part de filière 5,106 %. Apprentissage et qualification variable ; soins avancés et thérapie magique exigent formation.";0.0024118710533028126;0.325642033654584;0.016371299274752952
Tavernier;Hôte professionnel;0.34442520398263976;0.5710913679035645;120.54882139392392;A — activité attestée;"SB108; SB149";"Anneaux autour arbres, ponts/ascenseurs, équipements de breithwood; niveaux supérieurs Conseil, prêtres, élémentalistes. Professions des résidents ; lieu de travail et commanditaires peuvent être extérieurs au quartier. Visiteurs exclus du stock. activité/institution locale Budget civil 12,00 % ; coefficient 3,000000 ; part de filière 5,106 %. Apprentissage et qualification variable ; soins avancés et thérapie magique exigent formation.";0.0024118710533028126;0.325642033654584;0.016371299274752952
Barbier;Barbier;0.8610630099565992;1.4277284197589108;301.3720534848097;P — activité proposée;"MJ135; PG40";"Anneaux autour arbres, ponts/ascenseurs, équipements de breithwood; niveaux supérieurs Conseil, prêtres, élémentalistes. Professions des résidents ; lieu de travail et commanditaires peuvent être extérieurs au quartier. Visiteurs exclus du stock. activité/institution locale Budget civil 12,00 % ; coefficient 7,500000 ; part de filière 12,765 %. Apprentissage et qualification variable ; soins avancés et thérapie magique exigent formation.";0.00602967763325703;0.8141050841364599;0.040928248186882364
Domestique;Employé domestique et aide familiale;2.296168026550932;3.8072757860237636;803.6588092928262;A — activité attestée;"MJ135; PG40";"Anneaux autour arbres, ponts/ascenseurs, équipements de breithwood; niveaux supérieurs Conseil, prêtres, élémentalistes. Professions des résidents ; lieu de travail et commanditaires peuvent être extérieurs au quartier. Visiteurs exclus du stock. activité/institution locale Budget civil 12,00 % ; coefficient 20,000000 ; part de filière 34,040 %. Apprentissage et qualification variable ; soins avancés et thérapie magique exigent formation.";0.016079140355352076;2.1709468910305603;0.10914199516501966
Gardien d’enfants;Employé domestique et aide familiale;1.148084013275466;1.9036378930118818;401.8294046464131;A — activité attestée;PG40;"Anneaux autour arbres, ponts/ascenseurs, équipements de breithwood; niveaux supérieurs Conseil, prêtres, élémentalistes. Professions des résidents ; lieu de travail et commanditaires peuvent être extérieurs au quartier. Visiteurs exclus du stock. activité/institution locale Budget civil 12,00 % ; coefficient 10,000000 ; part de filière 17,020 %. Apprentissage et qualification variable ; soins avancés et thérapie magique exigent formation.";0.008039570177676038;1.0854734455152801;0.05457099758250983
Terrassier d’hygiène urbaine;Agent d’entretien;0.2296168026550931;0.3807275786023762;80.36588092928258;P — activité proposée;SB90;"Anneaux autour arbres, ponts/ascenseurs, équipements de breithwood; niveaux supérieurs Conseil, prêtres, élémentalistes. Professions des résidents ; lieu de travail et commanditaires peuvent être extérieurs au quartier. Visiteurs exclus du stock. activité/institution locale Budget civil 12,00 % ; coefficient 2,000000 ; part de filière 3,404 %. Apprentissage et qualification variable ; soins avancés et thérapie magique exigent formation.";0.0008067818018596747;0.2178574731956113;0.010952547657622134
Ramoneur;Agent d’entretien;0.22961680265509316;0.3807275786023763;80.3658809292826;P — activité proposée;SB90;"Anneaux autour arbres, ponts/ascenseurs, équipements de breithwood; niveaux supérieurs Conseil, prêtres, élémentalistes. Professions des résidents ; lieu de travail et commanditaires peuvent être extérieurs au quartier. Visiteurs exclus du stock. activité/institution locale Budget civil 12,00 % ; coefficient 2,000000 ; part de filière 3,404 %. Apprentissage et qualification variable ; soins avancés et thérapie magique exigent formation.";0.001607914035535208;0.217094689103056;0.010914199516501969
Fossoyeur;Agent funéraire;0.06888504079652795;0.1142182735807129;24.109764278784784;A — activité attestée;"MJ135; SB99; SB182";"Anneaux autour arbres, ponts/ascenseurs, équipements de breithwood; niveaux supérieurs Conseil, prêtres, élémentalistes. Professions des résidents ; lieu de travail et commanditaires peuvent être extérieurs au quartier. Visiteurs exclus du stock. activité/institution locale Budget civil 12,00 % ; coefficient 0,600000 ; part de filière 1,021 %. Apprentissage et qualification variable ; soins avancés et thérapie magique exigent formation.";0.0004823742106605625;0.0651284067309168;0.0032742598549505898
Gardien de cimetière;Agent funéraire;0.06888504079652795;0.1142182735807129;24.109764278784784;A — activité attestée;"MJ135; SB99; SB182";"Anneaux autour arbres, ponts/ascenseurs, équipements de breithwood; niveaux supérieurs Conseil, prêtres, élémentalistes. Professions des résidents ; lieu de travail et commanditaires peuvent être extérieurs au quartier. Visiteurs exclus du stock. activité/institution locale Budget civil 12,00 % ; coefficient 0,600000 ; part de filière 1,021 %. Apprentissage et qualification variable ; soins avancés et thérapie magique exigent formation.";0.0004823742106605625;0.0651284067309168;0.0032742598549505898
Momificateur;Agent funéraire;0;0;0.0;A — activité attestée;SB182;"Anneaux autour arbres, ponts/ascenseurs, équipements de breithwood; niveaux supérieurs Conseil, prêtres, élémentalistes. Professions des résidents ; lieu de travail et commanditaires peuvent être extérieurs au quartier. Visiteurs exclus du stock. activité/institution locale Budget civil 12,00 % ; coefficient 0,000000 ; part de filière 0,000 %. Zéro proposé : Filière régionale non retenue dans ce scénario, sans interdiction universelle. Apprentissage et qualification variable ; soins avancés et thérapie magique exigent formation.";0;0;0
Gardien d’arbres funéraires;Agent funéraire;0.06888504079652795;0.1142182735807129;24.109764278784784;D — activité déduite;SB155;"Anneaux autour arbres, ponts/ascenseurs, équipements de breithwood; niveaux supérieurs Conseil, prêtres, élémentalistes. Professions des résidents ; lieu de travail et commanditaires peuvent être extérieurs au quartier. Visiteurs exclus du stock. activité/institution locale Budget civil 12,00 % ; coefficient 0,600000 ; part de filière 1,021 %. Apprentissage et qualification variable ; soins avancés et thérapie magique exigent formation.";0.0004823742106605625;0.0651284067309168;0.0032742598549505898
Marchand;Marchand;0.5771173653119093;0.956918198162675;201.99107785916826;A — activité attestée;"MJ128; SB139";"Anneaux autour arbres, ponts/ascenseurs, équipements de breithwood; niveaux supérieurs Conseil, prêtres, élémentalistes. Professions des résidents ; lieu de travail et commanditaires peuvent être extérieurs au quartier. Visiteurs exclus du stock. activité/institution locale Budget civil 14,00 % ; coefficient 22,500000 ; part de filière 7,333 %. Réseau, itinéraires, confiance et capital ; manutention distincte de propriété du fret.";0.05453299894007542;0.4908564425341433;0.031727923837690616
Colporteur;Marchand;0.23084694612476372;0.38276727926507004;80.7964311436673;A — activité attestée;SB121;"Anneaux autour arbres, ponts/ascenseurs, équipements de breithwood; niveaux supérieurs Conseil, prêtres, élémentalistes. Professions des résidents ; lieu de travail et commanditaires peuvent être extérieurs au quartier. Visiteurs exclus du stock. activité/institution locale Budget civil 14,00 % ; coefficient 9,000000 ; part de filière 2,933 %. Réseau, itinéraires, confiance et capital ; manutention distincte de propriété du fret.";0.021813199576030156;0.19634257701365732;0.012691169535076251
Courtier;Marchand;0.23084694612476372;0.38276727926507004;80.7964311436673;A — activité attestée;SB149;"Anneaux autour arbres, ponts/ascenseurs, équipements de breithwood; niveaux supérieurs Conseil, prêtres, élémentalistes. Professions des résidents ; lieu de travail et commanditaires peuvent être extérieurs au quartier. Visiteurs exclus du stock. activité/institution locale Budget civil 14,00 % ; coefficient 9,000000 ; part de filière 2,933 %. Réseau, itinéraires, confiance et capital ; manutention distincte de propriété du fret.";0.021813199576030156;0.19634257701365732;0.012691169535076251
Commissaire-priseur d’objets magiques;Marchand;0;0;0.0;A — activité attestée;SB139;"Anneaux autour arbres, ponts/ascenseurs, équipements de breithwood; niveaux supérieurs Conseil, prêtres, élémentalistes. Professions des résidents ; lieu de travail et commanditaires peuvent être extérieurs au quartier. Visiteurs exclus du stock. activité/institution locale Budget civil 14,00 % ; coefficient 0,000000 ; part de filière 0,000 %. Zéro proposé : Filière régionale non retenue dans ce scénario, sans interdiction universelle. Réseau, itinéraires, confiance et capital ; manutention distincte de propriété du fret.";0;0;0
Comptable;Professionnel de finance;0.0256496606805293;0.04252969769611888;8.977381238185256;D — activité déduite;"SB212; SB213";"Anneaux autour arbres, ponts/ascenseurs, équipements de breithwood; niveaux supérieurs Conseil, prêtres, élémentalistes. Professions des résidents ; lieu de travail et commanditaires peuvent être extérieurs au quartier. Visiteurs exclus du stock. activité/institution locale Budget civil 14,00 % ; coefficient 1,000000 ; part de filière 0,326 %. Réseau, itinéraires, confiance et capital ; manutention distincte de propriété du fret.";0.00242368884178113;0.021815841890406366;0.0014101299483418052
Banquier et employé de banque;Professionnel de finance;0.002051972854442344;0.0034023758156895107;0.7181904990548205;A — activité attestée;"SB212; SB213";"Anneaux autour arbres, ponts/ascenseurs, équipements de breithwood; niveaux supérieurs Conseil, prêtres, élémentalistes. Professions des résidents ; lieu de travail et commanditaires peuvent être extérieurs au quartier. Visiteurs exclus du stock. activité/institution locale Budget civil 14,00 % ; coefficient 0,080000 ; part de filière 0,026 %. Réseau, itinéraires, confiance et capital ; manutention distincte de propriété du fret.";0.00019389510734249034;0.0017452673512325092;0.00011281039586734445
Usurier et prêteur sur gages;Professionnel de finance;0.0256496606805293;0.04252969769611888;8.977381238185256;D — activité déduite;"SB212; SB213";"Anneaux autour arbres, ponts/ascenseurs, équipements de breithwood; niveaux supérieurs Conseil, prêtres, élémentalistes. Professions des résidents ; lieu de travail et commanditaires peuvent être extérieurs au quartier. Visiteurs exclus du stock. activité/institution locale Budget civil 14,00 % ; coefficient 1,000000 ; part de filière 0,326 %. Réseau, itinéraires, confiance et capital ; manutention distincte de propriété du fret.";0.00242368884178113;0.021815841890406366;0.0014101299483418052
Changeur;Professionnel de finance;0.0256496606805293;0.04252969769611888;8.977381238185256;D — activité déduite;"SB212; SB213";"Anneaux autour arbres, ponts/ascenseurs, équipements de breithwood; niveaux supérieurs Conseil, prêtres, élémentalistes. Professions des résidents ; lieu de travail et commanditaires peuvent être extérieurs au quartier. Visiteurs exclus du stock. activité/institution locale Budget civil 14,00 % ; coefficient 1,000000 ; part de filière 0,326 %. Réseau, itinéraires, confiance et capital ; manutention distincte de propriété du fret.";0.00242368884178113;0.021815841890406366;0.0014101299483418052
Assureur;Professionnel de finance;0.002051972854442344;0.0034023758156895107;0.7181904990548205;D — activité déduite;"SB212; SB213";"Anneaux autour arbres, ponts/ascenseurs, équipements de breithwood; niveaux supérieurs Conseil, prêtres, élémentalistes. Professions des résidents ; lieu de travail et commanditaires peuvent être extérieurs au quartier. Visiteurs exclus du stock. activité/institution locale Budget civil 14,00 % ; coefficient 0,080000 ; part de filière 0,026 %. Réseau, itinéraires, confiance et capital ; manutention distincte de propriété du fret.";0.00019389510734249034;0.0017452673512325092;0.00011281039586734445
Estimateur;Professionnel de finance;0.002051972854442344;0.0034023758156895107;0.7181904990548205;A — activité attestée;"SB212; SB213";"Anneaux autour arbres, ponts/ascenseurs, équipements de breithwood; niveaux supérieurs Conseil, prêtres, élémentalistes. Professions des résidents ; lieu de travail et commanditaires peuvent être extérieurs au quartier. Visiteurs exclus du stock. activité/institution locale Budget civil 14,00 % ; coefficient 0,080000 ; part de filière 0,026 %. Réseau, itinéraires, confiance et capital ; manutention distincte de propriété du fret.";0.00019389510734249034;0.0017452673512325092;0.00011281039586734445
Négociateur;Professionnel de finance;0.002051972854442344;0.0034023758156895107;0.7181904990548205;A — activité attestée;"SB212; SB213";"Anneaux autour arbres, ponts/ascenseurs, équipements de breithwood; niveaux supérieurs Conseil, prêtres, élémentalistes. Professions des résidents ; lieu de travail et commanditaires peuvent être extérieurs au quartier. Visiteurs exclus du stock. activité/institution locale Budget civil 14,00 % ; coefficient 0,080000 ; part de filière 0,026 %. Réseau, itinéraires, confiance et capital ; manutention distincte de propriété du fret.";0.00019389510734249034;0.0017452673512325092;0.00011281039586734445
Scribe;Scribe et auteur;0.08814592993585173;0.1461547503496132;30.851075477548108;A — activité attestée;"MJ128; SB32";"Anneaux autour arbres, ponts/ascenseurs, équipements de breithwood; niveaux supérieurs Conseil, prêtres, élémentalistes. Professions des résidents ; lieu de travail et commanditaires peuvent être extérieurs au quartier. Visiteurs exclus du stock. activité/institution locale Budget civil 11,00 % ; coefficient 2,000000 ; part de filière 1,426 %. Instruction, autorisation ou initiation ; clergé, caste et office ne rendent pas noble.";0.008742990219596491;0.07869644361605335;0.000706496100201881
Calligraphe;Scribe et auteur;0.08814592993585173;0.1461547503496132;30.851075477548108;A — activité attestée;"MJ128; SB32";"Anneaux autour arbres, ponts/ascenseurs, équipements de breithwood; niveaux supérieurs Conseil, prêtres, élémentalistes. Professions des résidents ; lieu de travail et commanditaires peuvent être extérieurs au quartier. Visiteurs exclus du stock. activité/institution locale Budget civil 11,00 % ; coefficient 2,000000 ; part de filière 1,426 %. Instruction, autorisation ou initiation ; clergé, caste et office ne rendent pas noble.";0.008742990219596491;0.07869644361605335;0.000706496100201881
Écrivain;Scribe et auteur;0.07660803856768081;0.12702377477645632;26.812813498688282;A — activité attestée;"MJ128; SB32";"Anneaux autour arbres, ponts/ascenseurs, équipements de breithwood; niveaux supérieurs Conseil, prêtres, élémentalistes. Professions des résidents ; lieu de travail et commanditaires peuvent être extérieurs au quartier. Visiteurs exclus du stock. activité/institution locale Budget civil 2,00 % ; coefficient 2,000000 ; part de filière 6,814 %. Long apprentissage, frais, bourses, talent, licence ou secret ; titre ne donne pas maîtrise.";0.011925422497566977;0.06440508217020793;0.00027753389990590094
Journaliste et rédacteur;Scribe et auteur;0.07660803856768081;0.12702377477645632;26.812813498688282;A — activité attestée;CC9;"Anneaux autour arbres, ponts/ascenseurs, équipements de breithwood; niveaux supérieurs Conseil, prêtres, élémentalistes. Professions des résidents ; lieu de travail et commanditaires peuvent être extérieurs au quartier. Visiteurs exclus du stock. activité/institution locale Budget civil 2,00 % ; coefficient 2,000000 ; part de filière 6,814 %. Long apprentissage, frais, bourses, talent, licence ou secret ; titre ne donne pas maîtrise.";0.011925422497566977;0.06440508217020793;0.00027753389990590094
Traducteur;Scribe et auteur;0.08814592993585173;0.1461547503496132;30.851075477548108;D — activité déduite;SB198;"Anneaux autour arbres, ponts/ascenseurs, équipements de breithwood; niveaux supérieurs Conseil, prêtres, élémentalistes. Professions des résidents ; lieu de travail et commanditaires peuvent être extérieurs au quartier. Visiteurs exclus du stock. activité/institution locale Budget civil 11,00 % ; coefficient 2,000000 ; part de filière 1,426 %. Instruction, autorisation ou initiation ; clergé, caste et office ne rendent pas noble.";0.008742990219596491;0.07869644361605335;0.000706496100201881
Bibliothécaire;Érudit;0.05729485445830362;0.09500058772724859;20.053199060406268;A — activité attestée;MJ138;"Anneaux autour arbres, ponts/ascenseurs, équipements de breithwood; niveaux supérieurs Conseil, prêtres, élémentalistes. Professions des résidents ; lieu de travail et commanditaires peuvent être extérieurs au quartier. Visiteurs exclus du stock. activité/institution locale Budget civil 11,00 % ; coefficient 1,300000 ; part de filière 0,927 %. Instruction, autorisation ou initiation ; clergé, caste et office ne rendent pas noble.";0.00568294364273772;0.05115268835043468;0.0004592224651312228
Conservateur de musée;Érudit;0.05729485445830362;0.09500058772724859;20.053199060406268;A — activité attestée;PG48;"Anneaux autour arbres, ponts/ascenseurs, équipements de breithwood; niveaux supérieurs Conseil, prêtres, élémentalistes. Professions des résidents ; lieu de travail et commanditaires peuvent être extérieurs au quartier. Visiteurs exclus du stock. activité/institution locale Budget civil 11,00 % ; coefficient 1,300000 ; part de filière 0,927 %. Instruction, autorisation ou initiation ; clergé, caste et office ne rendent pas noble.";0.00568294364273772;0.05115268835043468;0.0004592224651312228
Historien;Érudit;0.049795225068992525;0.08256545360469661;17.428328774147385;A — activité attestée;PG46;"Anneaux autour arbres, ponts/ascenseurs, équipements de breithwood; niveaux supérieurs Conseil, prêtres, élémentalistes. Professions des résidents ; lieu de travail et commanditaires peuvent être extérieurs au quartier. Visiteurs exclus du stock. activité/institution locale Budget civil 2,00 % ; coefficient 1,300000 ; part de filière 4,429 %. Long apprentissage, frais, bourses, talent, licence ou secret ; titre ne donne pas maîtrise.";0.007751524623418535;0.041863303410635155;0.00018039703493883565
Astronome;Érudit;0.049795225068992525;0.08256545360469661;17.428328774147385;A — activité attestée;MJ138;"Anneaux autour arbres, ponts/ascenseurs, équipements de breithwood; niveaux supérieurs Conseil, prêtres, élémentalistes. Professions des résidents ; lieu de travail et commanditaires peuvent être extérieurs au quartier. Visiteurs exclus du stock. activité/institution locale Budget civil 2,00 % ; coefficient 1,300000 ; part de filière 4,429 %. Long apprentissage, frais, bourses, talent, licence ou secret ; titre ne donne pas maîtrise.";0.007751524623418535;0.041863303410635155;0.00018039703493883565
Chercheur non arcanique;Érudit;0.049795225068992525;0.08256545360469661;17.428328774147385;A — activité attestée;"MJ138; PG46";"Anneaux autour arbres, ponts/ascenseurs, équipements de breithwood; niveaux supérieurs Conseil, prêtres, élémentalistes. Professions des résidents ; lieu de travail et commanditaires peuvent être extérieurs au quartier. Visiteurs exclus du stock. activité/institution locale Budget civil 2,00 % ; coefficient 1,300000 ; part de filière 4,429 %. Long apprentissage, frais, bourses, talent, licence ou secret ; titre ne donne pas maîtrise.";0.007751524623418535;0.041863303410635155;0.00018039703493883565
Mathématicien;Érudit;0.03485665754829477;0.057795817523287635;12.199830141903169;A — activité attestée;SB174;"Anneaux autour arbres, ponts/ascenseurs, équipements de breithwood; niveaux supérieurs Conseil, prêtres, élémentalistes. Professions des résidents ; lieu de travail et commanditaires peuvent être extérieurs au quartier. Visiteurs exclus du stock. activité/institution locale Budget civil 2,00 % ; coefficient 0,910000 ; part de filière 3,100 %. Long apprentissage, frais, bourses, talent, licence ou secret ; titre ne donne pas maîtrise.";0.005426067236392976;0.029304312387444607;0.00012627792445718487
Philosophe;Érudit;0.03485665754829477;0.057795817523287635;12.199830141903169;A — activité attestée;SB178;"Anneaux autour arbres, ponts/ascenseurs, équipements de breithwood; niveaux supérieurs Conseil, prêtres, élémentalistes. Professions des résidents ; lieu de travail et commanditaires peuvent être extérieurs au quartier. Visiteurs exclus du stock. activité/institution locale Budget civil 2,00 % ; coefficient 0,910000 ; part de filière 3,100 %. Long apprentissage, frais, bourses, talent, licence ou secret ; titre ne donne pas maîtrise.";0.005426067236392976;0.029304312387444607;0.00012627792445718487
Archéologue;Érudit;0.049795225068992525;0.08256545360469661;17.428328774147385;D — activité déduite;PG48;"Anneaux autour arbres, ponts/ascenseurs, équipements de breithwood; niveaux supérieurs Conseil, prêtres, élémentalistes. Professions des résidents ; lieu de travail et commanditaires peuvent être extérieurs au quartier. Visiteurs exclus du stock. activité/institution locale Budget civil 2,00 % ; coefficient 1,300000 ; part de filière 4,429 %. Long apprentissage, frais, bourses, talent, licence ou secret ; titre ne donne pas maîtrise.";0.007751524623418535;0.041863303410635155;0.00018039703493883565
Professeur;Enseignant;0.07492404044547397;0.12423153779717125;26.22341415591589;A — activité attestée;"MJ138; SB141";"Anneaux autour arbres, ponts/ascenseurs, équipements de breithwood; niveaux supérieurs Conseil, prêtres, élémentalistes. Professions des résidents ; lieu de travail et commanditaires peuvent être extérieurs au quartier. Visiteurs exclus du stock. activité/institution locale Budget civil 11,00 % ; coefficient 1,700000 ; part de filière 1,212 %. Instruction, autorisation ou initiation ; clergé, caste et office ne rendent pas noble.";0.007431541686657019;0.06689197707364536;0.000600521685171599
Enseignant de magie arcanique;Enseignant;0.0019535049834758606;0.003239106256799636;0.6837267442165512;A — activité attestée;SB141;"Anneaux autour arbres, ponts/ascenseurs, équipements de breithwood; niveaux supérieurs Conseil, prêtres, élémentalistes. Professions des résidents ; lieu de travail et commanditaires peuvent être extérieurs au quartier. Visiteurs exclus du stock. activité/institution locale Budget civil 2,00 % ; coefficient 0,051000 ; part de filière 0,174 %. Long apprentissage, frais, bourses, talent, licence ou secret ; titre ne donne pas maîtrise.";0.00030409827368795797;0.0016423295953403023;7.077114447600477e-06
Instructeur martial;Enseignant;0;0;0.0;A — activité attestée;SB94;"Anneaux autour arbres, ponts/ascenseurs, équipements de breithwood; niveaux supérieurs Conseil, prêtres, élémentalistes. Professions des résidents ; lieu de travail et commanditaires peuvent être extérieurs au quartier. Visiteurs exclus du stock. activité/institution locale Budget civil 11,00 % ; coefficient 0,000000 ; part de filière 0,000 %. Zéro proposé : Technique de site, institution, secret ou habilitation concentrée dans les implantations autorisées du scénario. Instruction, autorisation ou initiation ; clergé, caste et office ne rendent pas noble.";0;0;0
Formateur de tir à l’arc;Enseignant;0;0;0.0;A — activité attestée;SB155;"Anneaux autour arbres, ponts/ascenseurs, équipements de breithwood; niveaux supérieurs Conseil, prêtres, élémentalistes. Professions des résidents ; lieu de travail et commanditaires peuvent être extérieurs au quartier. Visiteurs exclus du stock. activité/institution locale Budget civil 11,00 % ; coefficient 0,000000 ; part de filière 0,000 %. Zéro proposé : Technique de site, institution, secret ou habilitation concentrée dans les implantations autorisées du scénario. Instruction, autorisation ou initiation ; clergé, caste et office ne rendent pas noble.";0;0;0
Ingénieur;Ingénieur;0.09576004820960103;0.15877971847057043;33.516016873360364;A — activité attestée;SB174;"Anneaux autour arbres, ponts/ascenseurs, équipements de breithwood; niveaux supérieurs Conseil, prêtres, élémentalistes. Professions des résidents ; lieu de travail et commanditaires peuvent être extérieurs au quartier. Visiteurs exclus du stock. activité/institution locale Budget civil 2,00 % ; coefficient 2,500000 ; part de filière 8,518 %. Long apprentissage, frais, bourses, talent, licence ou secret ; titre ne donne pas maîtrise.";0.014906778121958729;0.08050635271275992;0.00034691737488237625
Inventeur;Ingénieur;0.022982411570304246;0.0381071324329369;8.043844049606486;A — activité attestée;SB178;"Anneaux autour arbres, ponts/ascenseurs, équipements de breithwood; niveaux supérieurs Conseil, prêtres, élémentalistes. Professions des résidents ; lieu de travail et commanditaires peuvent être extérieurs au quartier. Visiteurs exclus du stock. activité/institution locale Budget civil 2,00 % ; coefficient 0,600000 ; part de filière 2,044 %. Long apprentissage, frais, bourses, talent, licence ou secret ; titre ne donne pas maîtrise.";0.003577626749270094;0.01932152465106238;8.326016997177029e-05
Ingénieur mystique;Ingénieur;0.038304019283840404;0.06351188738822816;13.406406749344141;A — activité attestée;SB174;"Anneaux autour arbres, ponts/ascenseurs, équipements de breithwood; niveaux supérieurs Conseil, prêtres, élémentalistes. Professions des résidents ; lieu de travail et commanditaires peuvent être extérieurs au quartier. Visiteurs exclus du stock. activité/institution locale Budget civil 2,00 % ; coefficient 1,000000 ; part de filière 3,407 %. Long apprentissage, frais, bourses, talent, licence ou secret ; titre ne donne pas maîtrise.";0.0059627112487834885;0.03220254108510397;0.00013876694995295047
Créateur et mainteneur de golems;Ingénieur;0.038304019283840404;0.06351188738822816;13.406406749344141;D — activité déduite;SB174;"Anneaux autour arbres, ponts/ascenseurs, équipements de breithwood; niveaux supérieurs Conseil, prêtres, élémentalistes. Professions des résidents ; lieu de travail et commanditaires peuvent être extérieurs au quartier. Visiteurs exclus du stock. activité/institution locale Budget civil 2,00 % ; coefficient 1,000000 ; part de filière 3,407 %. Long apprentissage, frais, bourses, talent, licence ou secret ; titre ne donne pas maîtrise.";0.0059627112487834885;0.03220254108510397;0.00013876694995295047
Chercheur en golems;Ingénieur;0.03064321542707233;0.05080950991058254;10.725125399475317;A — activité attestée;SB178;"Anneaux autour arbres, ponts/ascenseurs, équipements de breithwood; niveaux supérieurs Conseil, prêtres, élémentalistes. Professions des résidents ; lieu de travail et commanditaires peuvent être extérieurs au quartier. Visiteurs exclus du stock. activité/institution locale Budget civil 2,00 % ; coefficient 0,800000 ; part de filière 2,726 %. Long apprentissage, frais, bourses, talent, licence ou secret ; titre ne donne pas maîtrise.";0.004770168999026791;0.02576203286808318;0.00011101355996236042
Ingénieur de réacteurs de bauronite;Ingénieur;0;0;0.0;D — activité déduite;SB174;"Anneaux autour arbres, ponts/ascenseurs, équipements de breithwood; niveaux supérieurs Conseil, prêtres, élémentalistes. Professions des résidents ; lieu de travail et commanditaires peuvent être extérieurs au quartier. Visiteurs exclus du stock. activité/institution locale Accès aux secrets des réacteurs; savoir détenu par un petit nombre Budget civil 2,00 % ; coefficient 0,000000 ; part de filière 0,000 %. Zéro proposé : Filière régionale non retenue dans ce scénario, sans interdiction universelle. Long apprentissage, frais, bourses, talent, licence ou secret ; titre ne donne pas maîtrise.";0;0;0
Technicien de communication runique;Ingénieur;0;0;0.0;D — activité déduite;SB174;"Anneaux autour arbres, ponts/ascenseurs, équipements de breithwood; niveaux supérieurs Conseil, prêtres, élémentalistes. Professions des résidents ; lieu de travail et commanditaires peuvent être extérieurs au quartier. Visiteurs exclus du stock. activité/institution locale Budget civil 2,00 % ; coefficient 0,000000 ; part de filière 0,000 %. Zéro proposé : Filière régionale non retenue dans ce scénario, sans interdiction universelle. Long apprentissage, frais, bourses, talent, licence ou secret ; titre ne donne pas maîtrise.";0;0;0
Chercheur en magie;Praticien des services arcaniques;0.0011491205785152123;0.001905356621646845;0.4021922024803243;A — activité attestée;"SB138; SB139";"Anneaux autour arbres, ponts/ascenseurs, équipements de breithwood; niveaux supérieurs Conseil, prêtres, élémentalistes. Professions des résidents ; lieu de travail et commanditaires peuvent être extérieurs au quartier. Visiteurs exclus du stock. activité/institution locale Budget civil 2,00 % ; coefficient 0,030000 ; part de filière 0,102 %. Long apprentissage, frais, bourses, talent, licence ou secret ; titre ne donne pas maîtrise.";0.0001788813374635047;0.0009660762325531192;4.163008498588516e-06
Fabricant d’objets magiques;Praticien des services arcaniques;0.038304019283840404;0.06351188738822816;13.406406749344141;A — activité attestée;SB138;"Anneaux autour arbres, ponts/ascenseurs, équipements de breithwood; niveaux supérieurs Conseil, prêtres, élémentalistes. Professions des résidents ; lieu de travail et commanditaires peuvent être extérieurs au quartier. Visiteurs exclus du stock. activité/institution locale Budget civil 2,00 % ; coefficient 1,000000 ; part de filière 3,407 %. Long apprentissage, frais, bourses, talent, licence ou secret ; titre ne donne pas maîtrise.";0.0059627112487834885;0.03220254108510397;0.00013876694995295047
Fabricant de parchemins magiques;Praticien des services arcaniques;0.038304019283840404;0.06351188738822816;13.406406749344141;A — activité attestée;SB138;"Anneaux autour arbres, ponts/ascenseurs, équipements de breithwood; niveaux supérieurs Conseil, prêtres, élémentalistes. Professions des résidents ; lieu de travail et commanditaires peuvent être extérieurs au quartier. Visiteurs exclus du stock. activité/institution locale Budget civil 2,00 % ; coefficient 1,000000 ; part de filière 3,407 %. Long apprentissage, frais, bourses, talent, licence ou secret ; titre ne donne pas maîtrise.";0.0059627112487834885;0.03220254108510397;0.00013876694995295047
Nécromancien de service;Praticien des services arcaniques;0.038304019283840404;0.06351188738822816;13.406406749344141;D — activité déduite;"SB108; SB170";"Anneaux autour arbres, ponts/ascenseurs, équipements de breithwood; niveaux supérieurs Conseil, prêtres, élémentalistes. Professions des résidents ; lieu de travail et commanditaires peuvent être extérieurs au quartier. Visiteurs exclus du stock. activité/institution locale Budget civil 2,00 % ; coefficient 1,000000 ; part de filière 3,407 %. Long apprentissage, frais, bourses, talent, licence ou secret ; titre ne donne pas maîtrise.";0.0059627112487834885;0.03220254108510397;0.00013876694995295047
Illusionniste de service;Praticien des services arcaniques;0.038304019283840404;0.06351188738822816;13.406406749344141;D — activité déduite;"SB107; SB142";"Anneaux autour arbres, ponts/ascenseurs, équipements de breithwood; niveaux supérieurs Conseil, prêtres, élémentalistes. Professions des résidents ; lieu de travail et commanditaires peuvent être extérieurs au quartier. Visiteurs exclus du stock. activité/institution locale Budget civil 2,00 % ; coefficient 1,000000 ; part de filière 3,407 %. Long apprentissage, frais, bourses, talent, licence ou secret ; titre ne donne pas maîtrise.";0.0059627112487834885;0.03220254108510397;0.00013876694995295047
Chercheur en aethermancy;Praticien des services arcaniques;0;0;0.0;A — activité attestée;SB140;"Anneaux autour arbres, ponts/ascenseurs, équipements de breithwood; niveaux supérieurs Conseil, prêtres, élémentalistes. Professions des résidents ; lieu de travail et commanditaires peuvent être extérieurs au quartier. Visiteurs exclus du stock. activité/institution locale Budget civil 2,00 % ; coefficient 0,000000 ; part de filière 0,000 %. Zéro proposé : Filière régionale non retenue dans ce scénario, sans interdiction universelle. Long apprentissage, frais, bourses, talent, licence ou secret ; titre ne donne pas maîtrise.";0;0;0
Chercheur en biomancy;Praticien des services arcaniques;0;0;0.0;A — activité attestée;SB140;"Anneaux autour arbres, ponts/ascenseurs, équipements de breithwood; niveaux supérieurs Conseil, prêtres, élémentalistes. Professions des résidents ; lieu de travail et commanditaires peuvent être extérieurs au quartier. Visiteurs exclus du stock. activité/institution locale Budget civil 2,00 % ; coefficient 0,000000 ; part de filière 0,000 %. Zéro proposé : Filière régionale non retenue dans ce scénario, sans interdiction universelle. Long apprentissage, frais, bourses, talent, licence ou secret ; titre ne donne pas maîtrise.";0;0;0
Désenchanteur et récupérateur arcanique;Praticien des services arcaniques;0;0;0.0;A — activité attestée;SB139;"Anneaux autour arbres, ponts/ascenseurs, équipements de breithwood; niveaux supérieurs Conseil, prêtres, élémentalistes. Professions des résidents ; lieu de travail et commanditaires peuvent être extérieurs au quartier. Visiteurs exclus du stock. activité/institution locale Budget civil 2,00 % ; coefficient 0,000000 ; part de filière 0,000 %. Zéro proposé : Filière régionale non retenue dans ce scénario, sans interdiction universelle. Long apprentissage, frais, bourses, talent, licence ou secret ; titre ne donne pas maîtrise.";0;0;0
Extracteur de mémoire;Praticien des services arcaniques;0;0;0.0;A — activité attestée;SB140;"Anneaux autour arbres, ponts/ascenseurs, équipements de breithwood; niveaux supérieurs Conseil, prêtres, élémentalistes. Professions des résidents ; lieu de travail et commanditaires peuvent être extérieurs au quartier. Visiteurs exclus du stock. activité/institution locale Budget civil 2,00 % ; coefficient 0,000000 ; part de filière 0,000 %. Zéro proposé : Filière régionale non retenue dans ce scénario, sans interdiction universelle. Long apprentissage, frais, bourses, talent, licence ou secret ; titre ne donne pas maîtrise.";0;0;0
Certificateur et inspecteur arcanique;Praticien des services arcaniques;0;0;0.0;A — activité attestée;SB139;"Anneaux autour arbres, ponts/ascenseurs, équipements de breithwood; niveaux supérieurs Conseil, prêtres, élémentalistes. Professions des résidents ; lieu de travail et commanditaires peuvent être extérieurs au quartier. Visiteurs exclus du stock. activité/institution locale Budget civil 2,00 % ; coefficient 0,000000 ; part de filière 0,000 %. Zéro proposé : Filière régionale non retenue dans ce scénario, sans interdiction universelle. Long apprentissage, frais, bourses, talent, licence ou secret ; titre ne donne pas maîtrise.";0;0;0
Opérateur de transport magique;Praticien des services arcaniques;0.038304019283840404;0.06351188738822816;13.406406749344141;D — activité déduite;SB142;"Anneaux autour arbres, ponts/ascenseurs, équipements de breithwood; niveaux supérieurs Conseil, prêtres, élémentalistes. Professions des résidents ; lieu de travail et commanditaires peuvent être extérieurs au quartier. Visiteurs exclus du stock. activité/institution locale Budget civil 2,00 % ; coefficient 1,000000 ; part de filière 3,407 %. Long apprentissage, frais, bourses, talent, licence ou secret ; titre ne donne pas maîtrise.";0.0059627112487834885;0.03220254108510397;0.00013876694995295047
Restaurateur de runes de tunnels;Praticien des services arcaniques;0;0;0.0;A — activité attestée;SB161;"Anneaux autour arbres, ponts/ascenseurs, équipements de breithwood; niveaux supérieurs Conseil, prêtres, élémentalistes. Professions des résidents ; lieu de travail et commanditaires peuvent être extérieurs au quartier. Visiteurs exclus du stock. activité/institution locale Budget civil 2,00 % ; coefficient 0,000000 ; part de filière 0,000 %. Zéro proposé : Filière régionale non retenue dans ce scénario, sans interdiction universelle. Long apprentissage, frais, bourses, talent, licence ou secret ; titre ne donne pas maîtrise.";0;0;0
Artificier psychique;Praticien des services arcaniques;0;0;0.0;A — activité attestée;PG8;"Anneaux autour arbres, ponts/ascenseurs, équipements de breithwood; niveaux supérieurs Conseil, prêtres, élémentalistes. Professions des résidents ; lieu de travail et commanditaires peuvent être extérieurs au quartier. Visiteurs exclus du stock. activité/institution locale Budget civil 2,00 % ; coefficient 0,000000 ; part de filière 0,000 %. Zéro proposé : Filière régionale non retenue dans ce scénario, sans interdiction universelle. Long apprentissage, frais, bourses, talent, licence ou secret ; titre ne donne pas maîtrise.";0;0;0
Guérisseur;Soigneur;0.1951742822568292;0.32361844181201993;68.31099878989022;A — activité attestée;"MJ141; PG36";"Anneaux autour arbres, ponts/ascenseurs, équipements de breithwood; niveaux supérieurs Conseil, prêtres, élémentalistes. Professions des résidents ; lieu de travail et commanditaires peuvent être extérieurs au quartier. Visiteurs exclus du stock. activité/institution locale Budget civil 12,00 % ; coefficient 1,700000 ; part de filière 2,893 %. Apprentissage et qualification variable ; soins avancés et thérapie magique exigent formation.";0.0013667269302049265;0.1845304857375976;0.009277069589026674
Chirurgien;Soigneur;0.02927614233852438;0.048542766271802984;10.246649818483533;P — activité proposée;"MJ141; PG36";"Anneaux autour arbres, ponts/ascenseurs, équipements de breithwood; niveaux supérieurs Conseil, prêtres, élémentalistes. Professions des résidents ; lieu de travail et commanditaires peuvent être extérieurs au quartier. Visiteurs exclus du stock. activité/institution locale Budget civil 12,00 % ; coefficient 0,255000 ; part de filière 0,434 %. Apprentissage et qualification variable ; soins avancés et thérapie magique exigent formation.";0.000205009039530739;0.02767957286063964;0.001391560438354001
Praticien de psychosurgery;Soigneur;0;0;0.0;D — activité déduite;SB94;"Anneaux autour arbres, ponts/ascenseurs, équipements de breithwood; niveaux supérieurs Conseil, prêtres, élémentalistes. Professions des résidents ; lieu de travail et commanditaires peuvent être extérieurs au quartier. Visiteurs exclus du stock. activité/institution locale Budget civil 12,00 % ; coefficient 0,000000 ; part de filière 0,000 %. Zéro proposé : Filière régionale non retenue dans ce scénario, sans interdiction universelle. Apprentissage et qualification variable ; soins avancés et thérapie magique exigent formation.";0;0;0
Opérateur de thérapie onirique;Soigneur;0;0;0.0;D — activité déduite;"SB141; SB228";"Anneaux autour arbres, ponts/ascenseurs, équipements de breithwood; niveaux supérieurs Conseil, prêtres, élémentalistes. Professions des résidents ; lieu de travail et commanditaires peuvent être extérieurs au quartier. Visiteurs exclus du stock. activité/institution locale Budget civil 12,00 % ; coefficient 0,000000 ; part de filière 0,000 %. Zéro proposé : Technique de site, institution, secret ou habilitation concentrée dans les implantations autorisées du scénario. Apprentissage et qualification variable ; soins avancés et thérapie magique exigent formation.";0;0;0
Prêtre et officiant;Officiant religieux;0.5288755796151103;0.8769285020976791;185.10645286528862;A — activité attestée;"MJ127; SB182";"Anneaux autour arbres, ponts/ascenseurs, équipements de breithwood; niveaux supérieurs Conseil, prêtres, élémentalistes. Professions des résidents ; lieu de travail et commanditaires peuvent être extérieurs au quartier. Visiteurs exclus du stock. activité/institution locale Budget civil 11,00 % ; coefficient 12,000000 ; part de filière 8,553 %. Instruction, autorisation ou initiation ; clergé, caste et office ne rendent pas noble.";0.052457941317578936;0.4721786616963201;0.004238976601211287
Acolyte;Officiant religieux;0.5288755796151103;0.8769285020976791;185.10645286528862;A — activité attestée;"MJ127; SB182";"Anneaux autour arbres, ponts/ascenseurs, équipements de breithwood; niveaux supérieurs Conseil, prêtres, élémentalistes. Professions des résidents ; lieu de travail et commanditaires peuvent être extérieurs au quartier. Visiteurs exclus du stock. activité/institution locale Budget civil 11,00 % ; coefficient 12,000000 ; part de filière 8,553 %. Instruction, autorisation ou initiation ; clergé, caste et office ne rendent pas noble.";0.052457941317578936;0.4721786616963201;0.004238976601211287
Shaman;Officiant religieux;0.5288755796151103;0.8769285020976791;185.10645286528862;A — activité attestée;"SB129; SB191";"Anneaux autour arbres, ponts/ascenseurs, équipements de breithwood; niveaux supérieurs Conseil, prêtres, élémentalistes. Professions des résidents ; lieu de travail et commanditaires peuvent être extérieurs au quartier. Visiteurs exclus du stock. activité/institution locale Budget civil 11,00 % ; coefficient 12,000000 ; part de filière 8,553 %. Instruction, autorisation ou initiation ; clergé, caste et office ne rendent pas noble.";0.052457941317578936;0.4721786616963201;0.004238976601211287
Sugenja;Officiant religieux;0;0;0.0;A — activité attestée;SB198;"Anneaux autour arbres, ponts/ascenseurs, équipements de breithwood; niveaux supérieurs Conseil, prêtres, élémentalistes. Professions des résidents ; lieu de travail et commanditaires peuvent être extérieurs au quartier. Visiteurs exclus du stock. activité/institution locale Budget civil 11,00 % ; coefficient 0,000000 ; part de filière 0,000 %. Zéro proposé : Filière régionale non retenue dans ce scénario, sans interdiction universelle. Instruction, autorisation ou initiation ; clergé, caste et office ne rendent pas noble.";0;0;0
Gardien et officiant druidique;Officiant religieux;0.5288755796151103;0.8769285020976791;185.10645286528862;A — activité attestée;SB153;"Anneaux autour arbres, ponts/ascenseurs, équipements de breithwood; niveaux supérieurs Conseil, prêtres, élémentalistes. Professions des résidents ; lieu de travail et commanditaires peuvent être extérieurs au quartier. Visiteurs exclus du stock. activité/institution locale Budget civil 11,00 % ; coefficient 12,000000 ; part de filière 8,553 %. Instruction, autorisation ou initiation ; clergé, caste et office ne rendent pas noble.";0.052457941317578936;0.4721786616963201;0.004238976601211287
Gardien-purificateur de Mother Tree;Officiant religieux;0.5288755796151103;0.8769285020976791;185.10645286528862;A — activité attestée;SB153;"Anneaux autour arbres, ponts/ascenseurs, équipements de breithwood; niveaux supérieurs Conseil, prêtres, élémentalistes. Professions des résidents ; lieu de travail et commanditaires peuvent être extérieurs au quartier. Visiteurs exclus du stock. activité/institution locale Budget civil 11,00 % ; coefficient 12,000000 ; part de filière 8,553 %. Instruction, autorisation ou initiation ; clergé, caste et office ne rendent pas noble.";0.052457941317578936;0.4721786616963201;0.004238976601211287
Officiant des rites Ba-Akhu;Officiant religieux;0;0;0.0;A — activité attestée;SB184;"Anneaux autour arbres, ponts/ascenseurs, équipements de breithwood; niveaux supérieurs Conseil, prêtres, élémentalistes. Professions des résidents ; lieu de travail et commanditaires peuvent être extérieurs au quartier. Visiteurs exclus du stock. activité/institution locale Budget civil 11,00 % ; coefficient 0,000000 ; part de filière 0,000 %. Zéro proposé : Filière régionale non retenue dans ce scénario, sans interdiction universelle. Instruction, autorisation ou initiation ; clergé, caste et office ne rendent pas noble.";0;0;0
Garde et sentinelle;Garde et surveillant;0.1662639906338028;0.2756822925448562;58.192396721830974;A — activité attestée;"MJ140; SB90";"Anneaux autour arbres, ponts/ascenseurs, équipements de breithwood; niveaux supérieurs Conseil, prêtres, élémentalistes. Professions des résidents ; lieu de travail et commanditaires peuvent être extérieurs au quartier. Visiteurs exclus du stock. activité/institution locale Budget civil 3,00 % ; coefficient 7,000000 ; part de filière 9,859 %. Entraînement, loyauté, armes et habilitations ; aucun métier verrouillé par naissance sauf source explicite.";0.00803066854536977;0.1548959399407223;0.0033373821477107263
Garde du corps;Garde et surveillant;0.1662639906338028;0.2756822925448562;58.192396721830974;A — activité attestée;"MJ140; SB90";"Anneaux autour arbres, ponts/ascenseurs, équipements de breithwood; niveaux supérieurs Conseil, prêtres, élémentalistes. Professions des résidents ; lieu de travail et commanditaires peuvent être extérieurs au quartier. Visiteurs exclus du stock. activité/institution locale Budget civil 3,00 % ; coefficient 7,000000 ; part de filière 9,859 %. Entraînement, loyauté, armes et habilitations ; aucun métier verrouillé par naissance sauf source explicite.";0.00803066854536977;0.1548959399407223;0.0033373821477107263
Soldat;Combattant professionnel;0.8560364999999999;1.4193939645166636;299.61277499999994;A — activité attestée;"MJ140; SB90";"Anneaux autour arbres, ponts/ascenseurs, équipements de breithwood; niveaux supérieurs Conseil, prêtres, élémentalistes. Professions des résidents ; lieu de travail et commanditaires peuvent être extérieurs au quartier. Visiteurs exclus du stock. activité/institution locale Garnison incluse dans les résidents par convention proposée, comptée une seule fois. Entraînement, loyauté, armes et habilitations ; aucun métier verrouillé par naissance sauf source explicite.";0.04134716945041728;0.797506289760064;0.01718304078951861
Mercenaire;Combattant professionnel;0.1662639906338028;0.2756822925448562;58.192396721830974;A — activité attestée;"MJ140; SB90";"Anneaux autour arbres, ponts/ascenseurs, équipements de breithwood; niveaux supérieurs Conseil, prêtres, élémentalistes. Professions des résidents ; lieu de travail et commanditaires peuvent être extérieurs au quartier. Visiteurs exclus du stock. activité/institution locale Budget civil 3,00 % ; coefficient 7,000000 ; part de filière 9,859 %. Entraînement, loyauté, armes et habilitations ; aucun métier verrouillé par naissance sauf source explicite.";0.00803066854536977;0.1548959399407223;0.0033373821477107263
Éclaireur;Combattant professionnel;0.1662639906338028;0.2756822925448562;58.192396721830974;A — activité attestée;"MJ140; SB90";"Anneaux autour arbres, ponts/ascenseurs, équipements de breithwood; niveaux supérieurs Conseil, prêtres, élémentalistes. Professions des résidents ; lieu de travail et commanditaires peuvent être extérieurs au quartier. Visiteurs exclus du stock. activité/institution locale Budget civil 3,00 % ; coefficient 7,000000 ; part de filière 9,859 %. Entraînement, loyauté, armes et habilitations ; aucun métier verrouillé par naissance sauf source explicite.";0.00803066854536977;0.1548959399407223;0.0033373821477107263
Chasseur de primes;Combattant professionnel;0.1662639906338028;0.2756822925448562;58.192396721830974;A — activité attestée;MJ140;"Anneaux autour arbres, ponts/ascenseurs, équipements de breithwood; niveaux supérieurs Conseil, prêtres, élémentalistes. Professions des résidents ; lieu de travail et commanditaires peuvent être extérieurs au quartier. Visiteurs exclus du stock. activité/institution locale Budget civil 3,00 % ; coefficient 7,000000 ; part de filière 9,859 %. Entraînement, loyauté, armes et habilitations ; aucun métier verrouillé par naissance sauf source explicite.";0.00803066854536977;0.1548959399407223;0.0033373821477107263
Gladiateur;Combattant professionnel;0.1662639906338028;0.2756822925448562;58.192396721830974;A — activité attestée;MJ130;"Anneaux autour arbres, ponts/ascenseurs, équipements de breithwood; niveaux supérieurs Conseil, prêtres, élémentalistes. Professions des résidents ; lieu de travail et commanditaires peuvent être extérieurs au quartier. Visiteurs exclus du stock. activité/institution locale Budget civil 3,00 % ; coefficient 7,000000 ; part de filière 9,859 %. Entraînement, loyauté, armes et habilitations ; aucun métier verrouillé par naissance sauf source explicite.";0.00803066854536977;0.1548959399407223;0.0033373821477107263
Champion d’arène;Combattant professionnel;0.1662639906338028;0.2756822925448562;58.192396721830974;A — activité attestée;SB90;"Anneaux autour arbres, ponts/ascenseurs, équipements de breithwood; niveaux supérieurs Conseil, prêtres, élémentalistes. Professions des résidents ; lieu de travail et commanditaires peuvent être extérieurs au quartier. Visiteurs exclus du stock. activité/institution locale Budget civil 3,00 % ; coefficient 7,000000 ; part de filière 9,859 %. Entraînement, loyauté, armes et habilitations ; aucun métier verrouillé par naissance sauf source explicite.";0.00803066854536977;0.1548959399407223;0.0033373821477107263
Veilleur de nuit;Garde et surveillant;0.1662639906338028;0.2756822925448562;58.192396721830974;P — activité proposée;"MJ140; SB90";"Anneaux autour arbres, ponts/ascenseurs, équipements de breithwood; niveaux supérieurs Conseil, prêtres, élémentalistes. Professions des résidents ; lieu de travail et commanditaires peuvent être extérieurs au quartier. Visiteurs exclus du stock. activité/institution locale Budget civil 3,00 % ; coefficient 7,000000 ; part de filière 9,859 %. Entraînement, loyauté, armes et habilitations ; aucun métier verrouillé par naissance sauf source explicite.";0.00803066854536977;0.1548959399407223;0.0033373821477107263
Guide;Guide;0.4488690619092627;0.7442697096820804;157.10417166824195;A — activité attestée;MJ140;"Anneaux autour arbres, ponts/ascenseurs, équipements de breithwood; niveaux supérieurs Conseil, prêtres, élémentalistes. Professions des résidents ; lieu de travail et commanditaires peuvent être extérieurs au quartier. Visiteurs exclus du stock. activité/institution locale Budget civil 14,00 % ; coefficient 17,500000 ; part de filière 5,704 %. Réseau, itinéraires, confiance et capital ; manutention distincte de propriété du fret.";0.04241455473116975;0.38177723308211137;0.024677274095981586
Gardien de domaine;Garde et surveillant;0.1662639906338028;0.2756822925448562;58.192396721830974;A — activité attestée;MJ140;"Anneaux autour arbres, ponts/ascenseurs, équipements de breithwood; niveaux supérieurs Conseil, prêtres, élémentalistes. Professions des résidents ; lieu de travail et commanditaires peuvent être extérieurs au quartier. Visiteurs exclus du stock. activité/institution locale Budget civil 3,00 % ; coefficient 7,000000 ; part de filière 9,859 %. Entraînement, loyauté, armes et habilitations ; aucun métier verrouillé par naissance sauf source explicite.";0.00803066854536977;0.1548959399407223;0.0033373821477107263
Spellshield;Protecteur et contrôleur arcanique;0;0;0.0;A — activité attestée;SB140;"Anneaux autour arbres, ponts/ascenseurs, équipements de breithwood; niveaux supérieurs Conseil, prêtres, élémentalistes. Professions des résidents ; lieu de travail et commanditaires peuvent être extérieurs au quartier. Visiteurs exclus du stock. activité/institution locale Budget civil 3,00 % ; coefficient 0,000000 ; part de filière 0,000 %. Zéro proposé : Filière régionale non retenue dans ce scénario, sans interdiction universelle. Entraînement, loyauté, armes et habilitations ; aucun métier verrouillé par naissance sauf source explicite.";0;0;0
Warden des Arcane Enforcers;Protecteur et contrôleur arcanique;0;0;0.0;A — activité attestée;SB140;"Anneaux autour arbres, ponts/ascenseurs, équipements de breithwood; niveaux supérieurs Conseil, prêtres, élémentalistes. Professions des résidents ; lieu de travail et commanditaires peuvent être extérieurs au quartier. Visiteurs exclus du stock. activité/institution locale Budget civil 3,00 % ; coefficient 0,000000 ; part de filière 0,000 %. Zéro proposé : Filière régionale non retenue dans ce scénario, sans interdiction universelle. Entraînement, loyauté, armes et habilitations ; aucun métier verrouillé par naissance sauf source explicite.";0;0;0
Inquisiteur;Garde et surveillant;0;0;0.0;A — activité attestée;SB29;"Anneaux autour arbres, ponts/ascenseurs, équipements de breithwood; niveaux supérieurs Conseil, prêtres, élémentalistes. Professions des résidents ; lieu de travail et commanditaires peuvent être extérieurs au quartier. Visiteurs exclus du stock. activité/institution locale Budget civil 3,00 % ; coefficient 0,000000 ; part de filière 0,000 %. Zéro proposé : Inquisiteur bauronien : aucun établissement de son Église habilité dans ce profil, notamment les ordres cirrus indépendants. Entraînement, loyauté, armes et habilitations ; aucun métier verrouillé par naissance sauf source explicite.";0;0;0
Mage impérial chargé du contrôle;Protecteur et contrôleur arcanique;0;0;0.0;A — activité attestée;SB98;"Anneaux autour arbres, ponts/ascenseurs, équipements de breithwood; niveaux supérieurs Conseil, prêtres, élémentalistes. Professions des résidents ; lieu de travail et commanditaires peuvent être extérieurs au quartier. Visiteurs exclus du stock. activité/institution locale Budget civil 3,00 % ; coefficient 0,000000 ; part de filière 0,000 %. Zéro proposé : Filière régionale non retenue dans ce scénario, sans interdiction universelle. Entraînement, loyauté, armes et habilitations ; aucun métier verrouillé par naissance sauf source explicite.";0;0;0
Chasseur de morts-vivants;Combattant professionnel;0.1662639906338028;0.2756822925448562;58.192396721830974;A — activité attestée;SB210;"Anneaux autour arbres, ponts/ascenseurs, équipements de breithwood; niveaux supérieurs Conseil, prêtres, élémentalistes. Professions des résidents ; lieu de travail et commanditaires peuvent être extérieurs au quartier. Visiteurs exclus du stock. activité/institution locale Budget civil 3,00 % ; coefficient 7,000000 ; part de filière 9,859 %. Entraînement, loyauté, armes et habilitations ; aucun métier verrouillé par naissance sauf source explicite.";0.00803066854536977;0.1548959399407223;0.0033373821477107263
Détective;Enquêteur et agent de renseignement;0.011875999330985914;0.01969159232463259;4.15659976584507;A — activité attestée;"PG9; BR42";"Anneaux autour arbres, ponts/ascenseurs, équipements de breithwood; niveaux supérieurs Conseil, prêtres, élémentalistes. Professions des résidents ; lieu de travail et commanditaires peuvent être extérieurs au quartier. Visiteurs exclus du stock. activité/institution locale Budget civil 3,00 % ; coefficient 0,500000 ; part de filière 0,704 %. Entraînement, loyauté, armes et habilitations ; aucun métier verrouillé par naissance sauf source explicite.";0.0005736191818121266;0.011063995710051592;0.00023838443912219473
Espion;Enquêteur et agent de renseignement;0.011875999330985914;0.01969159232463259;4.15659976584507;A — activité attestée;"PG9; BR42";"Anneaux autour arbres, ponts/ascenseurs, équipements de breithwood; niveaux supérieurs Conseil, prêtres, élémentalistes. Professions des résidents ; lieu de travail et commanditaires peuvent être extérieurs au quartier. Visiteurs exclus du stock. activité/institution locale Budget civil 3,00 % ; coefficient 0,500000 ; part de filière 0,704 %. Entraînement, loyauté, armes et habilitations ; aucun métier verrouillé par naissance sauf source explicite.";0.0005736191818121266;0.011063995710051592;0.00023838443912219473
Détective arcanique;Enquêteur et agent de renseignement;0;0;0.0;A — activité attestée;SB140;"Anneaux autour arbres, ponts/ascenseurs, équipements de breithwood; niveaux supérieurs Conseil, prêtres, élémentalistes. Professions des résidents ; lieu de travail et commanditaires peuvent être extérieurs au quartier. Visiteurs exclus du stock. activité/institution locale Budget civil 3,00 % ; coefficient 0,000000 ; part de filière 0,000 %. Zéro proposé : Filière régionale non retenue dans ce scénario, sans interdiction universelle. Entraînement, loyauté, armes et habilitations ; aucun métier verrouillé par naissance sauf source explicite.";0;0;0
Fonctionnaire;Administrateur et juriste;0.44072964967925865;0.730773751748066;154.25537738774054;A — activité attestée;"SB90; SB213";"Anneaux autour arbres, ponts/ascenseurs, équipements de breithwood; niveaux supérieurs Conseil, prêtres, élémentalistes. Professions des résidents ; lieu de travail et commanditaires peuvent être extérieurs au quartier. Visiteurs exclus du stock. activité/institution locale Budget civil 11,00 % ; coefficient 10,000000 ; part de filière 7,128 %. Instruction, autorisation ou initiation ; clergé, caste et office ne rendent pas noble.";0.043714951097982464;0.3934822180802668;0.003532480501009407
Percepteur;Administrateur et juriste;0.44072964967925865;0.730773751748066;154.25537738774054;A — activité attestée;SB132;"Anneaux autour arbres, ponts/ascenseurs, équipements de breithwood; niveaux supérieurs Conseil, prêtres, élémentalistes. Professions des résidents ; lieu de travail et commanditaires peuvent être extérieurs au quartier. Visiteurs exclus du stock. activité/institution locale Budget civil 11,00 % ; coefficient 10,000000 ; part de filière 7,128 %. Instruction, autorisation ou initiation ; clergé, caste et office ne rendent pas noble.";0.043714951097982464;0.3934822180802668;0.003532480501009407
Juge;Administrateur et juriste;0.44072964967925865;0.730773751748066;154.25537738774054;A — activité attestée;"SB90; SB213";"Anneaux autour arbres, ponts/ascenseurs, équipements de breithwood; niveaux supérieurs Conseil, prêtres, élémentalistes. Professions des résidents ; lieu de travail et commanditaires peuvent être extérieurs au quartier. Visiteurs exclus du stock. activité/institution locale Budget civil 11,00 % ; coefficient 10,000000 ; part de filière 7,128 %. Instruction, autorisation ou initiation ; clergé, caste et office ne rendent pas noble.";0.043714951097982464;0.3934822180802668;0.003532480501009407
Avocat;Administrateur et juriste;0.44072964967925865;0.730773751748066;154.25537738774054;A — activité attestée;"SB90; SB213";"Anneaux autour arbres, ponts/ascenseurs, équipements de breithwood; niveaux supérieurs Conseil, prêtres, élémentalistes. Professions des résidents ; lieu de travail et commanditaires peuvent être extérieurs au quartier. Visiteurs exclus du stock. activité/institution locale Budget civil 11,00 % ; coefficient 10,000000 ; part de filière 7,128 %. Instruction, autorisation ou initiation ; clergé, caste et office ne rendent pas noble.";0.043714951097982464;0.3934822180802668;0.003532480501009407
Diplomate et émissaire;Administrateur et juriste;0.44072964967925865;0.730773751748066;154.25537738774054;A — activité attestée;PG46;"Anneaux autour arbres, ponts/ascenseurs, équipements de breithwood; niveaux supérieurs Conseil, prêtres, élémentalistes. Professions des résidents ; lieu de travail et commanditaires peuvent être extérieurs au quartier. Visiteurs exclus du stock. activité/institution locale Budget civil 11,00 % ; coefficient 10,000000 ; part de filière 7,128 %. Instruction, autorisation ou initiation ; clergé, caste et office ne rendent pas noble.";0.043714951097982464;0.3934822180802668;0.003532480501009407
Recruteur et agent de missions;Administrateur et juriste;0.44072964967925865;0.730773751748066;154.25537738774054;D — activité déduite;SB105;"Anneaux autour arbres, ponts/ascenseurs, équipements de breithwood; niveaux supérieurs Conseil, prêtres, élémentalistes. Professions des résidents ; lieu de travail et commanditaires peuvent être extérieurs au quartier. Visiteurs exclus du stock. activité/institution locale Budget civil 11,00 % ; coefficient 10,000000 ; part de filière 7,128 %. Instruction, autorisation ou initiation ; clergé, caste et office ne rendent pas noble.";0.043714951097982464;0.3934822180802668;0.003532480501009407
Bourreau;Administrateur et juriste;0.44072964967925865;0.730773751748066;154.25537738774054;A — activité attestée;SB148;"Anneaux autour arbres, ponts/ascenseurs, équipements de breithwood; niveaux supérieurs Conseil, prêtres, élémentalistes. Professions des résidents ; lieu de travail et commanditaires peuvent être extérieurs au quartier. Visiteurs exclus du stock. activité/institution locale Budget civil 11,00 % ; coefficient 10,000000 ; part de filière 7,128 %. Instruction, autorisation ou initiation ; clergé, caste et office ne rendent pas noble.";0.043714951097982464;0.3934822180802668;0.003532480501009407
Acteur et comédien;Artiste du spectacle;0.043916455859374995;0.07281786745046426;15.370759550781248;A — activité attestée;MJ129;"Anneaux autour arbres, ponts/ascenseurs, équipements de breithwood; niveaux supérieurs Conseil, prêtres, élémentalistes. Professions des résidents ; lieu de travail et commanditaires peuvent être extérieurs au quartier. Visiteurs exclus du stock. activité/institution locale Budget civil 1,00 % ; coefficient 1,500000 ; part de filière 7,812 %. Apprentissage, audition et réseau ; accès au mérite notamment Mustardseed.";0.002988414094150966;0.040348477240883494;0.0005795645243405348
Danseur;Artiste du spectacle;0.043916455859374995;0.07281786745046426;15.370759550781248;A — activité attestée;MJ129;"Anneaux autour arbres, ponts/ascenseurs, équipements de breithwood; niveaux supérieurs Conseil, prêtres, élémentalistes. Professions des résidents ; lieu de travail et commanditaires peuvent être extérieurs au quartier. Visiteurs exclus du stock. activité/institution locale Budget civil 1,00 % ; coefficient 1,500000 ; part de filière 7,812 %. Apprentissage, audition et réseau ; accès au mérite notamment Mustardseed.";0.002988414094150966;0.040348477240883494;0.0005795645243405348
Musicien;Artiste du spectacle;0.043916455859374995;0.07281786745046426;15.370759550781248;A — activité attestée;MJ129;"Anneaux autour arbres, ponts/ascenseurs, équipements de breithwood; niveaux supérieurs Conseil, prêtres, élémentalistes. Professions des résidents ; lieu de travail et commanditaires peuvent être extérieurs au quartier. Visiteurs exclus du stock. activité/institution locale Budget civil 1,00 % ; coefficient 1,500000 ; part de filière 7,812 %. Apprentissage, audition et réseau ; accès au mérite notamment Mustardseed.";0.002988414094150966;0.040348477240883494;0.0005795645243405348
Chanteur;Artiste du spectacle;0.043916455859374995;0.07281786745046426;15.370759550781248;A — activité attestée;MJ129;"Anneaux autour arbres, ponts/ascenseurs, équipements de breithwood; niveaux supérieurs Conseil, prêtres, élémentalistes. Professions des résidents ; lieu de travail et commanditaires peuvent être extérieurs au quartier. Visiteurs exclus du stock. activité/institution locale Budget civil 1,00 % ; coefficient 1,500000 ; part de filière 7,812 %. Apprentissage, audition et réseau ; accès au mérite notamment Mustardseed.";0.002988414094150966;0.040348477240883494;0.0005795645243405348
Poète;Artiste du spectacle;0.043916455859374995;0.07281786745046426;15.370759550781248;A — activité attestée;MJ129;"Anneaux autour arbres, ponts/ascenseurs, équipements de breithwood; niveaux supérieurs Conseil, prêtres, élémentalistes. Professions des résidents ; lieu de travail et commanditaires peuvent être extérieurs au quartier. Visiteurs exclus du stock. activité/institution locale Budget civil 1,00 % ; coefficient 1,500000 ; part de filière 7,812 %. Apprentissage, audition et réseau ; accès au mérite notamment Mustardseed.";0.002988414094150966;0.040348477240883494;0.0005795645243405348
Conteur;Artiste du spectacle;0.043916455859374995;0.07281786745046426;15.370759550781248;A — activité attestée;MJ129;"Anneaux autour arbres, ponts/ascenseurs, équipements de breithwood; niveaux supérieurs Conseil, prêtres, élémentalistes. Professions des résidents ; lieu de travail et commanditaires peuvent être extérieurs au quartier. Visiteurs exclus du stock. activité/institution locale Budget civil 1,00 % ; coefficient 1,500000 ; part de filière 7,812 %. Apprentissage, audition et réseau ; accès au mérite notamment Mustardseed.";0.002988414094150966;0.040348477240883494;0.0005795645243405348
Bouffon;Artiste du spectacle;0.043916455859374995;0.07281786745046426;15.370759550781248;A — activité attestée;MJ129;"Anneaux autour arbres, ponts/ascenseurs, équipements de breithwood; niveaux supérieurs Conseil, prêtres, élémentalistes. Professions des résidents ; lieu de travail et commanditaires peuvent être extérieurs au quartier. Visiteurs exclus du stock. activité/institution locale Budget civil 1,00 % ; coefficient 1,500000 ; part de filière 7,812 %. Apprentissage, audition et réseau ; accès au mérite notamment Mustardseed.";0.002988414094150966;0.040348477240883494;0.0005795645243405348
Jongleur;Artiste du spectacle;0.043916455859374995;0.07281786745046426;15.370759550781248;A — activité attestée;MJ129;"Anneaux autour arbres, ponts/ascenseurs, équipements de breithwood; niveaux supérieurs Conseil, prêtres, élémentalistes. Professions des résidents ; lieu de travail et commanditaires peuvent être extérieurs au quartier. Visiteurs exclus du stock. activité/institution locale Budget civil 1,00 % ; coefficient 1,500000 ; part de filière 7,812 %. Apprentissage, audition et réseau ; accès au mérite notamment Mustardseed.";0.002988414094150966;0.040348477240883494;0.0005795645243405348
Acrobate;Artiste du spectacle;0.043916455859374995;0.07281786745046426;15.370759550781248;A — activité attestée;MJ129;"Anneaux autour arbres, ponts/ascenseurs, équipements de breithwood; niveaux supérieurs Conseil, prêtres, élémentalistes. Professions des résidents ; lieu de travail et commanditaires peuvent être extérieurs au quartier. Visiteurs exclus du stock. activité/institution locale Budget civil 1,00 % ; coefficient 1,500000 ; part de filière 7,812 %. Apprentissage, audition et réseau ; accès au mérite notamment Mustardseed.";0.002988414094150966;0.040348477240883494;0.0005795645243405348
Cracheur de feu;Artiste du spectacle;0.043916455859374995;0.07281786745046426;15.370759550781248;A — activité attestée;MJ129;"Anneaux autour arbres, ponts/ascenseurs, équipements de breithwood; niveaux supérieurs Conseil, prêtres, élémentalistes. Professions des résidents ; lieu de travail et commanditaires peuvent être extérieurs au quartier. Visiteurs exclus du stock. activité/institution locale Budget civil 1,00 % ; coefficient 1,500000 ; part de filière 7,812 %. Apprentissage, audition et réseau ; accès au mérite notamment Mustardseed.";0.002988414094150966;0.040348477240883494;0.0005795645243405348
Compositeur;Artiste du spectacle;0.043916455859374995;0.07281786745046426;15.370759550781248;A — activité attestée;PG28;"Anneaux autour arbres, ponts/ascenseurs, équipements de breithwood; niveaux supérieurs Conseil, prêtres, élémentalistes. Professions des résidents ; lieu de travail et commanditaires peuvent être extérieurs au quartier. Visiteurs exclus du stock. activité/institution locale Budget civil 1,00 % ; coefficient 1,500000 ; part de filière 7,812 %. Apprentissage, audition et réseau ; accès au mérite notamment Mustardseed.";0.002988414094150966;0.040348477240883494;0.0005795645243405348
Crieur public;Artiste du spectacle;0.043916455859374995;0.07281786745046426;15.370759550781248;P — activité proposée;MJ129;"Anneaux autour arbres, ponts/ascenseurs, équipements de breithwood; niveaux supérieurs Conseil, prêtres, élémentalistes. Professions des résidents ; lieu de travail et commanditaires peuvent être extérieurs au quartier. Visiteurs exclus du stock. activité/institution locale Budget civil 1,00 % ; coefficient 1,500000 ; part de filière 7,812 %. Apprentissage, audition et réseau ; accès au mérite notamment Mustardseed.";0.002988414094150966;0.040348477240883494;0.0005795645243405348
Joueur professionnel;Professionnel du jeu;0.011711054895833333;0.01941809798679047;4.098869213541667;P — activité proposée;SB99;"Anneaux autour arbres, ponts/ascenseurs, équipements de breithwood; niveaux supérieurs Conseil, prêtres, élémentalistes. Professions des résidents ; lieu de travail et commanditaires peuvent être extérieurs au quartier. Visiteurs exclus du stock. activité/institution locale Budget civil 1,00 % ; coefficient 0,400000 ; part de filière 2,083 %. Apprentissage, audition et réseau ; accès au mérite notamment Mustardseed.";0.0007969104251069246;0.010759593930902266;0.0001545505398241426
Croupier;Professionnel du jeu;0.011711054895833333;0.01941809798679047;4.098869213541667;D — activité déduite;SB99;"Anneaux autour arbres, ponts/ascenseurs, équipements de breithwood; niveaux supérieurs Conseil, prêtres, élémentalistes. Professions des résidents ; lieu de travail et commanditaires peuvent être extérieurs au quartier. Visiteurs exclus du stock. activité/institution locale Budget civil 1,00 % ; coefficient 0,400000 ; part de filière 2,083 %. Apprentissage, audition et réseau ; accès au mérite notamment Mustardseed.";0.0007969104251069246;0.010759593930902266;0.0001545505398241426
Preneur de paris;Professionnel du jeu;0.011711054895833333;0.01941809798679047;4.098869213541667;D — activité déduite;SB99;"Anneaux autour arbres, ponts/ascenseurs, équipements de breithwood; niveaux supérieurs Conseil, prêtres, élémentalistes. Professions des résidents ; lieu de travail et commanditaires peuvent être extérieurs au quartier. Visiteurs exclus du stock. activité/institution locale Budget civil 1,00 % ; coefficient 0,400000 ; part de filière 2,083 %. Apprentissage, audition et réseau ; accès au mérite notamment Mustardseed.";0.0007969104251069246;0.010759593930902266;0.0001545505398241426
Maître-chanteur;Opérateur d’activités illicites;0;0;0.0;A — activité attestée;BR42;"Anneaux autour arbres, ponts/ascenseurs, équipements de breithwood; niveaux supérieurs Conseil, prêtres, élémentalistes. Professions des résidents ; lieu de travail et commanditaires peuvent être extérieurs au quartier. Visiteurs exclus du stock. activité/institution locale Budget civil 0,00 % ; coefficient 0,000000 ; part de filière 0,000 %. Zéro proposé : Budget local de cette filière nul ou coefficient non retenu ; aucune interdiction universelle. Réseaux, exclusion, dettes et compétences ; statut légal distinct de noblesse.";0;0;0
Cambrioleur;Opérateur d’activités illicites;0;0;0.0;A — activité attestée;BR42;"Anneaux autour arbres, ponts/ascenseurs, équipements de breithwood; niveaux supérieurs Conseil, prêtres, élémentalistes. Professions des résidents ; lieu de travail et commanditaires peuvent être extérieurs au quartier. Visiteurs exclus du stock. activité/institution locale Budget civil 0,00 % ; coefficient 0,000000 ; part de filière 0,000 %. Zéro proposé : Budget local de cette filière nul ou coefficient non retenu ; aucune interdiction universelle. Réseaux, exclusion, dettes et compétences ; statut légal distinct de noblesse.";0;0;0
Homme de main;Opérateur d’activités illicites;0;0;0.0;A — activité attestée;BR42;"Anneaux autour arbres, ponts/ascenseurs, équipements de breithwood; niveaux supérieurs Conseil, prêtres, élémentalistes. Professions des résidents ; lieu de travail et commanditaires peuvent être extérieurs au quartier. Visiteurs exclus du stock. activité/institution locale Budget civil 0,00 % ; coefficient 0,000000 ; part de filière 0,000 %. Zéro proposé : Budget local de cette filière nul ou coefficient non retenu ; aucune interdiction universelle. Réseaux, exclusion, dettes et compétences ; statut légal distinct de noblesse.";0;0;0
Receleur;Opérateur d’activités illicites;0;0;0.0;A — activité attestée;BR42;"Anneaux autour arbres, ponts/ascenseurs, équipements de breithwood; niveaux supérieurs Conseil, prêtres, élémentalistes. Professions des résidents ; lieu de travail et commanditaires peuvent être extérieurs au quartier. Visiteurs exclus du stock. activité/institution locale Budget civil 0,00 % ; coefficient 0,000000 ; part de filière 0,000 %. Zéro proposé : Budget local de cette filière nul ou coefficient non retenu ; aucune interdiction universelle. Réseaux, exclusion, dettes et compétences ; statut légal distinct de noblesse.";0;0;0
Voleur de grand chemin;Opérateur d’activités illicites;0;0;0.0;A — activité attestée;BR42;"Anneaux autour arbres, ponts/ascenseurs, équipements de breithwood; niveaux supérieurs Conseil, prêtres, élémentalistes. Professions des résidents ; lieu de travail et commanditaires peuvent être extérieurs au quartier. Visiteurs exclus du stock. activité/institution locale Budget civil 0,00 % ; coefficient 0,000000 ; part de filière 0,000 %. Zéro proposé : Budget local de cette filière nul ou coefficient non retenu ; aucune interdiction universelle. Réseaux, exclusion, dettes et compétences ; statut légal distinct de noblesse.";0;0;0
Tueur à gages;Opérateur d’activités illicites;0;0;0.0;A — activité attestée;BR42;"Anneaux autour arbres, ponts/ascenseurs, équipements de breithwood; niveaux supérieurs Conseil, prêtres, élémentalistes. Professions des résidents ; lieu de travail et commanditaires peuvent être extérieurs au quartier. Visiteurs exclus du stock. activité/institution locale Budget civil 0,00 % ; coefficient 0,000000 ; part de filière 0,000 %. Zéro proposé : Budget local de cette filière nul ou coefficient non retenu ; aucune interdiction universelle. Réseaux, exclusion, dettes et compétences ; statut légal distinct de noblesse.";0;0;0
Pickpocket;Opérateur d’activités illicites;0;0;0.0;A — activité attestée;BR42;"Anneaux autour arbres, ponts/ascenseurs, équipements de breithwood; niveaux supérieurs Conseil, prêtres, élémentalistes. Professions des résidents ; lieu de travail et commanditaires peuvent être extérieurs au quartier. Visiteurs exclus du stock. activité/institution locale Budget civil 0,00 % ; coefficient 0,000000 ; part de filière 0,000 %. Zéro proposé : Budget local de cette filière nul ou coefficient non retenu ; aucune interdiction universelle. Réseaux, exclusion, dettes et compétences ; statut légal distinct de noblesse.";0;0;0
Contrebandier;Opérateur d’activités illicites;0;0;0.0;A — activité attestée;BR42;"Anneaux autour arbres, ponts/ascenseurs, équipements de breithwood; niveaux supérieurs Conseil, prêtres, élémentalistes. Professions des résidents ; lieu de travail et commanditaires peuvent être extérieurs au quartier. Visiteurs exclus du stock. activité/institution locale Budget civil 0,00 % ; coefficient 0,000000 ; part de filière 0,000 %. Zéro proposé : Budget local de cette filière nul ou coefficient non retenu ; aucune interdiction universelle. Réseaux, exclusion, dettes et compétences ; statut légal distinct de noblesse.";0;0;0
Pirate;Opérateur d’activités illicites;0;0;0.0;A — activité attestée;MJ136;"Anneaux autour arbres, ponts/ascenseurs, équipements de breithwood; niveaux supérieurs Conseil, prêtres, élémentalistes. Professions des résidents ; lieu de travail et commanditaires peuvent être extérieurs au quartier. Visiteurs exclus du stock. activité/institution locale Budget civil 0,00 % ; coefficient 0,000000 ; part de filière 0,000 %. Zéro proposé : Budget local de cette filière nul ou coefficient non retenu ; aucune interdiction universelle. Réseaux, exclusion, dettes et compétences ; statut légal distinct de noblesse.";0;0;0
Cultivateur de tubercules;Agriculteur;0;0;0.0;A — activité attestée;"SB120; SB168";"Anneaux autour arbres, ponts/ascenseurs, équipements de breithwood; niveaux supérieurs Conseil, prêtres, élémentalistes. Professions des résidents ; lieu de travail et commanditaires peuvent être extérieurs au quartier. Visiteurs exclus du stock. activité/institution locale Budget civil 20,00 % ; coefficient 0,000000 ; part de filière 0,000 %. Zéro proposé : Climat, matière ou culture hors filière régionale retenue ; aucun établissement exceptionnel proposé. Transmission familiale, terre/eau, droits d’usage et outils ; les tâches saisonnières restent secondaires.";0;0;0
Cartographe;Cartographe;0.02872801446288031;0.047633915541171135;10.054805062008109;A — activité attestée;MJ128;"Anneaux autour arbres, ponts/ascenseurs, équipements de breithwood; niveaux supérieurs Conseil, prêtres, élémentalistes. Professions des résidents ; lieu de travail et commanditaires peuvent être extérieurs au quartier. Visiteurs exclus du stock. activité/institution locale Budget civil 2,00 % ; coefficient 0,750000 ; part de filière 2,555 %. Long apprentissage, frais, bourses, talent, licence ou secret ; titre ne donne pas maîtrise.";0.004472033436587617;0.02415190581382798;0.00010407521246471289
Sans métier actif;Statut;3.2408999999999994;5.373735698889072;1134.3149999999998;P;;Personnes productives occupées + personnes sans emploi disponibles recherchant une activité. Inclut aide familiale, subsistance, apprentissage productif et travail partiel.;0.062400000000000004;2.7144999999999997;0.46399999999999997
Hors activité;Statut;39.69;0;13891.5;P;;"Tous habitants recensés dans les catégories sources; enfants, étudiants et retraités ne sont exclus de l’activité que sans contribution productive. Pas de seuil humain de 18 ans imposé.";2.88;34.71;2.1
