Métier;Base;% habitants;% actifs;Effectif attendu;Appui activité;Références;Justification proposée;Milieu privilégié, noblesse non établie / % de tous habitants;Milieu ordinaire, noblesse non établie / % de tous habitants;Milieu précaire, noblesse non établie / % de tous habitants
Agriculteur généraliste;Agriculteur;2.352068366666667;3.907739436229717;94.08273466666668;A — activité attestée;"SB90; SB198";"Bandits, salters, mercenaires, saloons, inns, general stores, blacksmiths, stables, ranches, bardes; autorité Kibral. Professions des résidents ; lieu de travail et commanditaires peuvent être extérieurs au quartier. Visiteurs exclus du stock. activité/institution locale Même total vivrier et mêmes effectifs sociaux qu’en V2 ; répartition P revue par culture/habitat. Delta exact, anciennes parts et nouvelles parts enregistrés dans food_reallocation_v3. Ajustement IPF conservant strates et espèces ; aucune création de personne. Transmission familiale, terre/eau, droits d’usage et outils ; les tâches saisonnières restent secondaires.";0.014100857927332235;1.9995177400516388;0.3384497686876955
Céréalier;Agriculteur;9.912288116666664;16.468330481253805;396.4915246666666;D — activité déduite;"SB90; SB198";"Bandits, salters, mercenaires, saloons, inns, general stores, blacksmiths, stables, ranches, bardes; autorité Kibral. Professions des résidents ; lieu de travail et commanditaires peuvent être extérieurs au quartier. Visiteurs exclus du stock. activité/institution locale Même total vivrier et mêmes effectifs sociaux qu’en V2 ; répartition P revue par culture/habitat. Delta exact, anciennes parts et nouvelles parts enregistrés dans food_reallocation_v3. Ajustement IPF conservant strates et espèces ; aucune création de personne. Transmission familiale, terre/eau, droits d’usage et outils ; les tâches saisonnières restent secondaires.";0.059425044122328685;8.426539047360476;1.4263240251838591
Riziculteur;Agriculteur;0;0;0.0;A — activité attestée;SB198;"Bandits, salters, mercenaires, saloons, inns, general stores, blacksmiths, stables, ranches, bardes; autorité Kibral. Professions des résidents ; lieu de travail et commanditaires peuvent être extérieurs au quartier. Visiteurs exclus du stock. activité/institution locale Budget civil 30,00 % ; coefficient 0,000000 ; part de filière 0,000 %. Zéro proposé : Climat, matière ou culture hors filière régionale retenue ; aucun établissement exceptionnel proposé. Transmission familiale, terre/eau, droits d’usage et outils ; les tâches saisonnières restent secondaires.";0;0;0
Vigneron;Agriculteur;0.046491917400419275;0.07724192955710131;1.859676696016771;A — activité attestée;MJ128;"Bandits, salters, mercenaires, saloons, inns, general stores, blacksmiths, stables, ranches, bardes; autorité Kibral. Professions des résidents ; lieu de travail et commanditaires peuvent être extérieurs au quartier. Visiteurs exclus du stock. activité/institution locale Budget civil 2,00 % ; coefficient 1,000000 ; part de filière 4,193 %. Savoir-faire de terrain et sécurité ; procédé spécialisé distinct du rang social.";0.0005541242910426791;0.03928772830147205;0.006650064807904549
Cultivateur d’épices;Agriculteur;0.27895150440251565;0.4634515773426078;11.158060176100626;A — activité attestée;SB182;"Bandits, salters, mercenaires, saloons, inns, general stores, blacksmiths, stables, ranches, bardes; autorité Kibral. Professions des résidents ; lieu de travail et commanditaires peuvent être extérieurs au quartier. Visiteurs exclus du stock. activité/institution locale Budget civil 2,00 % ; coefficient 6,000000 ; part de filière 25,157 %. Savoir-faire de terrain et sécurité ; procédé spécialisé distinct du rang social.";0.003324745746256074;0.2357263698088323;0.0399003888474273
Cultivateur d’herbes pour thé;Agriculteur;0;0;0.0;D — activité déduite;SB198;"Bandits, salters, mercenaires, saloons, inns, general stores, blacksmiths, stables, ranches, bardes; autorité Kibral. Professions des résidents ; lieu de travail et commanditaires peuvent être extérieurs au quartier. Visiteurs exclus du stock. activité/institution locale Budget civil 2,00 % ; coefficient 0,000000 ; part de filière 0,000 %. Zéro proposé : Climat, matière ou culture hors filière régionale retenue ; aucun établissement exceptionnel proposé. Savoir-faire de terrain et sécurité ; procédé spécialisé distinct du rang social.";0;0;0
Maraîcher;Agriculteur;1.5120439499999998;2.512118209004818;60.48175799999999;D — activité déduite;"SB90; SB198";"Bandits, salters, mercenaires, saloons, inns, general stores, blacksmiths, stables, ranches, bardes; autorité Kibral. Professions des résidents ; lieu de travail et commanditaires peuvent être extérieurs au quartier. Visiteurs exclus du stock. activité/institution locale Même total vivrier et mêmes effectifs sociaux qu’en V2 ; répartition P revue par culture/habitat. Delta exact, anciennes parts et nouvelles parts enregistrés dans food_reallocation_v3. Ajustement IPF conservant strates et espèces ; aucune création de personne. Transmission familiale, terre/eau, droits d’usage et outils ; les tâches saisonnières restent secondaires.";0.009064837238999295;1.2854042614617678;0.21757485129923274
Jardinier;Horticulteur;0.09298383480083855;0.15448385911420262;3.719353392033542;A — activité attestée;"SB29; SB161";"Bandits, salters, mercenaires, saloons, inns, general stores, blacksmiths, stables, ranches, bardes; autorité Kibral. Professions des résidents ; lieu de travail et commanditaires peuvent être extérieurs au quartier. Visiteurs exclus du stock. activité/institution locale Budget civil 2,00 % ; coefficient 2,000000 ; part de filière 8,386 %. Savoir-faire de terrain et sécurité ; procédé spécialisé distinct du rang social.";0.0011082485820853583;0.0785754566029441;0.013300129615809097
Fleuriste;Horticulteur;0.09298383480083855;0.15448385911420262;3.719353392033542;A — activité attestée;"SB29; SB161";"Bandits, salters, mercenaires, saloons, inns, general stores, blacksmiths, stables, ranches, bardes; autorité Kibral. Professions des résidents ; lieu de travail et commanditaires peuvent être extérieurs au quartier. Visiteurs exclus du stock. activité/institution locale Budget civil 2,00 % ; coefficient 2,000000 ; part de filière 8,386 %. Savoir-faire de terrain et sécurité ; procédé spécialisé distinct du rang social.";0.0011082485820853583;0.0785754566029441;0.013300129615809097
Arboriculteur de verger;Horticulteur;1.0080292999999998;1.6747454726698783;40.32117199999999;D — activité déduite;"SB29; SB161";"Bandits, salters, mercenaires, saloons, inns, general stores, blacksmiths, stables, ranches, bardes; autorité Kibral. Professions des résidents ; lieu de travail et commanditaires peuvent être extérieurs au quartier. Visiteurs exclus du stock. activité/institution locale Même total vivrier et mêmes effectifs sociaux qu’en V2 ; répartition P revue par culture/habitat. Delta exact, anciennes parts et nouvelles parts enregistrés dans food_reallocation_v3. Ajustement IPF conservant strates et espèces ; aucune création de personne. Transmission familiale, terre/eau, droits d’usage et outils ; les tâches saisonnières restent secondaires.";0.006043224825999525;0.8569361743078452;0.1450499008661551
Jardinier de roses magiques;Horticulteur;0;0;0.0;A — activité attestée;SB157;"Bandits, salters, mercenaires, saloons, inns, general stores, blacksmiths, stables, ranches, bardes; autorité Kibral. Professions des résidents ; lieu de travail et commanditaires peuvent être extérieurs au quartier. Visiteurs exclus du stock. activité/institution locale Budget civil 2,00 % ; coefficient 0,000000 ; part de filière 0,000 %. Zéro proposé : Filière régionale non retenue dans ce scénario, sans interdiction universelle. Savoir-faire de terrain et sécurité ; procédé spécialisé distinct du rang social.";0;0;0
Arboriculteur de breithwood;Horticulteur;0;0;0.0;D — activité déduite;SB152;"Bandits, salters, mercenaires, saloons, inns, general stores, blacksmiths, stables, ranches, bardes; autorité Kibral. Professions des résidents ; lieu de travail et commanditaires peuvent être extérieurs au quartier. Visiteurs exclus du stock. activité/institution locale Budget civil 2,00 % ; coefficient 0,000000 ; part de filière 0,000 %. Zéro proposé : Filière régionale non retenue dans ce scénario, sans interdiction universelle. Savoir-faire de terrain et sécurité ; procédé spécialisé distinct du rang social.";0;0;0
Éleveur généraliste;Éleveur;0.8400244166666666;1.395621227224899;33.60097666666667;A — activité attestée;"SB120; SB182";"Bandits, salters, mercenaires, saloons, inns, general stores, blacksmiths, stables, ranches, bardes; autorité Kibral. Professions des résidents ; lieu de travail et commanditaires peuvent être extérieurs au quartier. Visiteurs exclus du stock. activité/institution locale Même total vivrier et mêmes effectifs sociaux qu’en V2 ; répartition P revue par culture/habitat. Delta exact, anciennes parts et nouvelles parts enregistrés dans food_reallocation_v3. Ajustement IPF conservant strates et espèces ; aucune création de personne. Transmission familiale, terre/eau, droits d’usage et outils ; les tâches saisonnières restent secondaires.";0.005036020688332941;0.714113478589871;0.12087491738846266
Berger;Éleveur;0.33600976666666665;0.5582484908899595;13.440390666666667;A — activité attestée;MJ135;"Bandits, salters, mercenaires, saloons, inns, general stores, blacksmiths, stables, ranches, bardes; autorité Kibral. Professions des résidents ; lieu de travail et commanditaires peuvent être extérieurs au quartier. Visiteurs exclus du stock. activité/institution locale Même total vivrier et mêmes effectifs sociaux qu’en V2 ; répartition P revue par culture/habitat. Delta exact, anciennes parts et nouvelles parts enregistrés dans food_reallocation_v3. Ajustement IPF conservant strates et espèces ; aucune création de personne. Transmission familiale, terre/eau, droits d’usage et outils ; les tâches saisonnières restent secondaires.";0.0020144082753331747;0.28564539143594847;0.04834996695538503
Éleveur de yaks;Éleveur;0;0;0.0;A — activité attestée;SB120;"Bandits, salters, mercenaires, saloons, inns, general stores, blacksmiths, stables, ranches, bardes; autorité Kibral. Professions des résidents ; lieu de travail et commanditaires peuvent être extérieurs au quartier. Visiteurs exclus du stock. activité/institution locale Budget civil 30,00 % ; coefficient 0,000000 ; part de filière 0,000 %. Zéro proposé : Climat, matière ou culture hors filière régionale retenue ; aucun établissement exceptionnel proposé. Transmission familiale, terre/eau, droits d’usage et outils ; les tâches saisonnières restent secondaires.";0;0;0
Éleveur de chevaux;Éleveur;0.046491917400419275;0.07724192955710131;1.859676696016771;A — activité attestée;SB182;"Bandits, salters, mercenaires, saloons, inns, general stores, blacksmiths, stables, ranches, bardes; autorité Kibral. Professions des résidents ; lieu de travail et commanditaires peuvent être extérieurs au quartier. Visiteurs exclus du stock. activité/institution locale Budget civil 2,00 % ; coefficient 1,000000 ; part de filière 4,193 %. Savoir-faire de terrain et sécurité ; procédé spécialisé distinct du rang social.";0.0005541242910426791;0.03928772830147205;0.006650064807904549
Éleveur de chameaux;Éleveur;0;0;0.0;A — activité attestée;SB182;"Bandits, salters, mercenaires, saloons, inns, general stores, blacksmiths, stables, ranches, bardes; autorité Kibral. Professions des résidents ; lieu de travail et commanditaires peuvent être extérieurs au quartier. Visiteurs exclus du stock. activité/institution locale Budget civil 2,00 % ; coefficient 0,000000 ; part de filière 0,000 %. Zéro proposé : Climat, matière ou culture hors filière régionale retenue ; aucun établissement exceptionnel proposé. Savoir-faire de terrain et sécurité ; procédé spécialisé distinct du rang social.";0;0;0
Éleveur de vers à soie;Éleveur;0;0;0.0;A — activité attestée;SB198;"Bandits, salters, mercenaires, saloons, inns, general stores, blacksmiths, stables, ranches, bardes; autorité Kibral. Professions des résidents ; lieu de travail et commanditaires peuvent être extérieurs au quartier. Visiteurs exclus du stock. activité/institution locale Budget civil 2,00 % ; coefficient 0,000000 ; part de filière 0,000 %. Zéro proposé : Climat, matière ou culture hors filière régionale retenue ; aucun établissement exceptionnel proposé. Savoir-faire de terrain et sécurité ; procédé spécialisé distinct du rang social.";0;0;0
Éleveur de loups géants;Éleveur;0;0;0.0;A — activité attestée;SB191;"Bandits, salters, mercenaires, saloons, inns, general stores, blacksmiths, stables, ranches, bardes; autorité Kibral. Professions des résidents ; lieu de travail et commanditaires peuvent être extérieurs au quartier. Visiteurs exclus du stock. activité/institution locale Budget civil 2,00 % ; coefficient 0,000000 ; part de filière 0,000 %. Zéro proposé : Filière régionale non retenue dans ce scénario, sans interdiction universelle. Savoir-faire de terrain et sécurité ; procédé spécialisé distinct du rang social.";0;0;0
Éleveur de montures volantes;Éleveur;0;0;0.0;A — activité attestée;"SB124; SB107";"Bandits, salters, mercenaires, saloons, inns, general stores, blacksmiths, stables, ranches, bardes; autorité Kibral. Professions des résidents ; lieu de travail et commanditaires peuvent être extérieurs au quartier. Visiteurs exclus du stock. activité/institution locale Budget civil 2,00 % ; coefficient 0,000000 ; part de filière 0,000 %. Zéro proposé : Climat, matière ou culture hors filière régionale retenue ; aucun établissement exceptionnel proposé. Savoir-faire de terrain et sécurité ; procédé spécialisé distinct du rang social.";0;0;0
Apiculteur;Éleveur;0;0;0.0;P — activité proposée;SB152;"Bandits, salters, mercenaires, saloons, inns, general stores, blacksmiths, stables, ranches, bardes; autorité Kibral. Professions des résidents ; lieu de travail et commanditaires peuvent être extérieurs au quartier. Visiteurs exclus du stock. activité/institution locale Même total vivrier et mêmes effectifs sociaux qu’en V2 ; répartition P revue par culture/habitat. Delta exact, anciennes parts et nouvelles parts enregistrés dans food_reallocation_v3. Ajustement IPF conservant strates et espèces ; aucune création de personne. Zéro proposé : Réaffectation vivrière V3 : quota de capture/habitat limité ou remplacement par culture/pastoralisme ; zéro de scénario, pas interdiction universelle. Transmission familiale, terre/eau, droits d’usage et outils ; les tâches saisonnières restent secondaires.";0;0;0
Chasseur de gibier;Chasseur;0.033600976666666664;0.05582484908899595;1.3440390666666664;A — activité attestée;"MJ139; PG20";"Bandits, salters, mercenaires, saloons, inns, general stores, blacksmiths, stables, ranches, bardes; autorité Kibral. Professions des résidents ; lieu de travail et commanditaires peuvent être extérieurs au quartier. Visiteurs exclus du stock. activité/institution locale Même total vivrier et mêmes effectifs sociaux qu’en V2 ; répartition P revue par culture/habitat. Delta exact, anciennes parts et nouvelles parts enregistrés dans food_reallocation_v3. Ajustement IPF conservant strates et espèces ; aucune création de personne. Transmission familiale, terre/eau, droits d’usage et outils ; les tâches saisonnières restent secondaires.";0.0002014408275333176;0.028564539143594837;0.0048349966955385055
Trappeur;Chasseur;0;0;0.0;A — activité attestée;MJ140;"Bandits, salters, mercenaires, saloons, inns, general stores, blacksmiths, stables, ranches, bardes; autorité Kibral. Professions des résidents ; lieu de travail et commanditaires peuvent être extérieurs au quartier. Visiteurs exclus du stock. activité/institution locale Même total vivrier et mêmes effectifs sociaux qu’en V2 ; répartition P revue par culture/habitat. Delta exact, anciennes parts et nouvelles parts enregistrés dans food_reallocation_v3. Ajustement IPF conservant strates et espèces ; aucune création de personne. Zéro proposé : Réaffectation vivrière V3 : quota de capture/habitat limité ou remplacement par culture/pastoralisme ; zéro de scénario, pas interdiction universelle. Transmission familiale, terre/eau, droits d’usage et outils ; les tâches saisonnières restent secondaires.";0;0;0
Chasseur de monstres;Chasseur;0.009317604702362946;0.015480320156775123;0.37270418809451783;A — activité attestée;PG58;"Bandits, salters, mercenaires, saloons, inns, general stores, blacksmiths, stables, ranches, bardes; autorité Kibral. Professions des résidents ; lieu de travail et commanditaires peuvent être extérieurs au quartier. Visiteurs exclus du stock. activité/institution locale Budget civil 1,00 % ; coefficient 0,500000 ; part de filière 1,681 %. Long apprentissage, frais, bourses, talent, licence ou secret ; titre ne donne pas maîtrise.";0.0013806206379026987;0.007830943257479185;0.00010604080698106134
Chasseur de monstres marins;Chasseur;0;0;0.0;A — activité attestée;SB148;"Bandits, salters, mercenaires, saloons, inns, general stores, blacksmiths, stables, ranches, bardes; autorité Kibral. Professions des résidents ; lieu de travail et commanditaires peuvent être extérieurs au quartier. Visiteurs exclus du stock. activité/institution locale Budget civil 1,00 % ; coefficient 0,000000 ; part de filière 0,000 %. Zéro proposé : Filière régionale non retenue dans ce scénario, sans interdiction universelle. Long apprentissage, frais, bourses, talent, licence ou secret ; titre ne donne pas maîtrise.";0;0;0
Chasseur de dragons;Chasseur;0;0;0.0;A — activité attestée;SB220;"Bandits, salters, mercenaires, saloons, inns, general stores, blacksmiths, stables, ranches, bardes; autorité Kibral. Professions des résidents ; lieu de travail et commanditaires peuvent être extérieurs au quartier. Visiteurs exclus du stock. activité/institution locale Budget civil 1,00 % ; coefficient 0,000000 ; part de filière 0,000 %. Zéro proposé : Technique de site, institution, secret ou habilitation concentrée dans les implantations autorisées du scénario. Long apprentissage, frais, bourses, talent, licence ou secret ; titre ne donne pas maîtrise.";0;0;0
Cueilleur;Collecteur de ressources;0.13440390666666666;0.2232993963559838;5.376156266666666;A — activité attestée;"MJ139; SB153";"Bandits, salters, mercenaires, saloons, inns, general stores, blacksmiths, stables, ranches, bardes; autorité Kibral. Professions des résidents ; lieu de travail et commanditaires peuvent être extérieurs au quartier. Visiteurs exclus du stock. activité/institution locale Même total vivrier et mêmes effectifs sociaux qu’en V2 ; répartition P revue par culture/habitat. Delta exact, anciennes parts et nouvelles parts enregistrés dans food_reallocation_v3. Ajustement IPF conservant strates et espèces ; aucune création de personne. Transmission familiale, terre/eau, droits d’usage et outils ; les tâches saisonnières restent secondaires.";0.0008057633101332704;0.11425815657437936;0.019339986782154022
Herboriste de collecte;Collecteur de ressources;0.03719353392033543;0.06179354364568106;1.487741356813417;D — activité déduite;BR55;"Bandits, salters, mercenaires, saloons, inns, general stores, blacksmiths, stables, ranches, bardes; autorité Kibral. Professions des résidents ; lieu de travail et commanditaires peuvent être extérieurs au quartier. Visiteurs exclus du stock. activité/institution locale Budget civil 2,00 % ; coefficient 0,800000 ; part de filière 3,354 %. Savoir-faire de terrain et sécurité ; procédé spécialisé distinct du rang social.";0.0004432994328341432;0.03143018264117764;0.0053200518463236415
Collecteur de composants de créatures;Collecteur de ressources;0.03719353392033543;0.06179354364568106;1.487741356813417;A — activité attestée;"SB104; SB139";"Bandits, salters, mercenaires, saloons, inns, general stores, blacksmiths, stables, ranches, bardes; autorité Kibral. Professions des résidents ; lieu de travail et commanditaires peuvent être extérieurs au quartier. Visiteurs exclus du stock. activité/institution locale Budget civil 2,00 % ; coefficient 0,800000 ; part de filière 3,354 %. Savoir-faire de terrain et sécurité ; procédé spécialisé distinct du rang social.";0.0004432994328341432;0.03143018264117764;0.0053200518463236415
Collecteur de perles;Collecteur de ressources;0;0;0.0;D — activité déduite;SB149;"Bandits, salters, mercenaires, saloons, inns, general stores, blacksmiths, stables, ranches, bardes; autorité Kibral. Professions des résidents ; lieu de travail et commanditaires peuvent être extérieurs au quartier. Visiteurs exclus du stock. activité/institution locale Budget civil 2,00 % ; coefficient 0,000000 ; part de filière 0,000 %. Zéro proposé : Filière régionale non retenue dans ce scénario, sans interdiction universelle. Savoir-faire de terrain et sécurité ; procédé spécialisé distinct du rang social.";0;0;0
Récupérateur de reliques penumbrales;Collecteur de ressources;0;0;0.0;A — activité attestée;PG8;"Bandits, salters, mercenaires, saloons, inns, general stores, blacksmiths, stables, ranches, bardes; autorité Kibral. Professions des résidents ; lieu de travail et commanditaires peuvent être extérieurs au quartier. Visiteurs exclus du stock. activité/institution locale Budget civil 2,00 % ; coefficient 0,000000 ; part de filière 0,000 %. Zéro proposé : Filière régionale non retenue dans ce scénario, sans interdiction universelle. Savoir-faire de terrain et sécurité ; procédé spécialisé distinct du rang social.";0;0;0
Bûcheron;Travailleur forestier;0.023245958700209637;0.038620964778550655;0.9298383480083855;A — activité attestée;"MJ135; SB107";"Bandits, salters, mercenaires, saloons, inns, general stores, blacksmiths, stables, ranches, bardes; autorité Kibral. Professions des résidents ; lieu de travail et commanditaires peuvent être extérieurs au quartier. Visiteurs exclus du stock. activité/institution locale Budget civil 2,00 % ; coefficient 0,500000 ; part de filière 2,096 %. Savoir-faire de terrain et sécurité ; procédé spécialisé distinct du rang social.";0.00027706214552133956;0.019643864150736025;0.0033250324039522743
Forestier;Travailleur forestier;0.023245958700209637;0.038620964778550655;0.9298383480083855;A — activité attestée;MJ140;"Bandits, salters, mercenaires, saloons, inns, general stores, blacksmiths, stables, ranches, bardes; autorité Kibral. Professions des résidents ; lieu de travail et commanditaires peuvent être extérieurs au quartier. Visiteurs exclus du stock. activité/institution locale Budget civil 2,00 % ; coefficient 0,500000 ; part de filière 2,096 %. Savoir-faire de terrain et sécurité ; procédé spécialisé distinct du rang social.";0.00027706214552133956;0.019643864150736025;0.0033250324039522743
Scieur;Travailleur forestier;0.023245958700209637;0.038620964778550655;0.9298383480083855;D — activité déduite;SB99;"Bandits, salters, mercenaires, saloons, inns, general stores, blacksmiths, stables, ranches, bardes; autorité Kibral. Professions des résidents ; lieu de travail et commanditaires peuvent être extérieurs au quartier. Visiteurs exclus du stock. activité/institution locale Budget civil 2,00 % ; coefficient 0,500000 ; part de filière 2,096 %. Savoir-faire de terrain et sécurité ; procédé spécialisé distinct du rang social.";0.00027706214552133956;0.019643864150736025;0.0033250324039522743
Pêcheur maritime;Pêcheur;0.25200732499999995;0.41868636816746957;10.080292999999998;A — activité attestée;"SB110; SB168";"Bandits, salters, mercenaires, saloons, inns, general stores, blacksmiths, stables, ranches, bardes; autorité Kibral. Professions des résidents ; lieu de travail et commanditaires peuvent être extérieurs au quartier. Visiteurs exclus du stock. activité/institution locale Même total vivrier et mêmes effectifs sociaux qu’en V2 ; répartition P revue par culture/habitat. Delta exact, anciennes parts et nouvelles parts enregistrés dans food_reallocation_v3. Ajustement IPF conservant strates et espèces ; aucune création de personne. Transmission familiale, terre/eau, droits d’usage et outils ; les tâches saisonnières restent secondaires.";0.0015108062064998812;0.2142340435769613;0.036262475216538775
Pêcheur d’eau douce;Pêcheur;0.25200732499999995;0.41868636816746957;10.080292999999998;A — activité attestée;SB138;"Bandits, salters, mercenaires, saloons, inns, general stores, blacksmiths, stables, ranches, bardes; autorité Kibral. Professions des résidents ; lieu de travail et commanditaires peuvent être extérieurs au quartier. Visiteurs exclus du stock. activité/institution locale Même total vivrier et mêmes effectifs sociaux qu’en V2 ; répartition P revue par culture/habitat. Delta exact, anciennes parts et nouvelles parts enregistrés dans food_reallocation_v3. Ajustement IPF conservant strates et espèces ; aucune création de personne. Transmission familiale, terre/eau, droits d’usage et outils ; les tâches saisonnières restent secondaires.";0.0015108062064998818;0.2142340435769613;0.03626247521653878
Cultivateur marin;Pêcheur;0;0;0.0;P — activité proposée;SB149;"Bandits, salters, mercenaires, saloons, inns, general stores, blacksmiths, stables, ranches, bardes; autorité Kibral. Professions des résidents ; lieu de travail et commanditaires peuvent être extérieurs au quartier. Visiteurs exclus du stock. activité/institution locale Budget civil 30,00 % ; coefficient 0,000000 ; part de filière 0,000 %. Zéro proposé : Filière régionale non retenue dans ce scénario, sans interdiction universelle. Transmission familiale, terre/eau, droits d’usage et outils ; les tâches saisonnières restent secondaires.";0;0;0
Mineur;Extracteur de ressources minérales;0.09298383480083855;0.15448385911420262;3.719353392033542;A — activité attestée;"MJ135; SB160";"Bandits, salters, mercenaires, saloons, inns, general stores, blacksmiths, stables, ranches, bardes; autorité Kibral. Professions des résidents ; lieu de travail et commanditaires peuvent être extérieurs au quartier. Visiteurs exclus du stock. activité/institution locale Budget civil 2,00 % ; coefficient 2,000000 ; part de filière 8,386 %. Savoir-faire de terrain et sécurité ; procédé spécialisé distinct du rang social.";0.0011082485820853583;0.0785754566029441;0.013300129615809097
Carrier;Extracteur de ressources minérales;0.09298383480083855;0.15448385911420262;3.719353392033542;D — activité déduite;"MJ135; SB160";"Bandits, salters, mercenaires, saloons, inns, general stores, blacksmiths, stables, ranches, bardes; autorité Kibral. Professions des résidents ; lieu de travail et commanditaires peuvent être extérieurs au quartier. Visiteurs exclus du stock. activité/institution locale Budget civil 2,00 % ; coefficient 2,000000 ; part de filière 8,386 %. Savoir-faire de terrain et sécurité ; procédé spécialisé distinct du rang social.";0.0011082485820853583;0.0785754566029441;0.013300129615809097
Salinier;Extracteur de ressources minérales;0;0;0.0;P — activité proposée;SB120;"Bandits, salters, mercenaires, saloons, inns, general stores, blacksmiths, stables, ranches, bardes; autorité Kibral. Professions des résidents ; lieu de travail et commanditaires peuvent être extérieurs au quartier. Visiteurs exclus du stock. activité/institution locale Budget civil 2,00 % ; coefficient 0,000000 ; part de filière 0,000 %. Zéro proposé : Climat, matière ou culture hors filière régionale retenue ; aucun établissement exceptionnel proposé. Savoir-faire de terrain et sécurité ; procédé spécialisé distinct du rang social.";0;0;0
Mineur de bauronite;Extracteur de ressources minérales;0.09298383480083855;0.15448385911420262;3.719353392033542;A — activité attestée;"SB174; SB182";"Bandits, salters, mercenaires, saloons, inns, general stores, blacksmiths, stables, ranches, bardes; autorité Kibral. Professions des résidents ; lieu de travail et commanditaires peuvent être extérieurs au quartier. Visiteurs exclus du stock. activité/institution locale Budget civil 2,00 % ; coefficient 2,000000 ; part de filière 8,386 %. Savoir-faire de terrain et sécurité ; procédé spécialisé distinct du rang social.";0.0011082485820853583;0.0785754566029441;0.013300129615809097
Mineur de tameranium;Extracteur de ressources minérales;0;0;0.0;A — activité attestée;"SB168; SB198";"Bandits, salters, mercenaires, saloons, inns, general stores, blacksmiths, stables, ranches, bardes; autorité Kibral. Professions des résidents ; lieu de travail et commanditaires peuvent être extérieurs au quartier. Visiteurs exclus du stock. activité/institution locale Budget civil 2,00 % ; coefficient 0,000000 ; part de filière 0,000 %. Zéro proposé : Climat, matière ou culture hors filière régionale retenue ; aucun établissement exceptionnel proposé. Savoir-faire de terrain et sécurité ; procédé spécialisé distinct du rang social.";0;0;0
Extracteur d’obsidienne;Extracteur de ressources minérales;0;0;0.0;A — activité attestée;SB190;"Bandits, salters, mercenaires, saloons, inns, general stores, blacksmiths, stables, ranches, bardes; autorité Kibral. Professions des résidents ; lieu de travail et commanditaires peuvent être extérieurs au quartier. Visiteurs exclus du stock. activité/institution locale Budget civil 2,00 % ; coefficient 0,000000 ; part de filière 0,000 %. Zéro proposé : Filière régionale non retenue dans ce scénario, sans interdiction universelle. Savoir-faire de terrain et sécurité ; procédé spécialisé distinct du rang social.";0;0;0
Extracteur de soufre;Extracteur de ressources minérales;0;0;0.0;A — activité attestée;SB190;"Bandits, salters, mercenaires, saloons, inns, general stores, blacksmiths, stables, ranches, bardes; autorité Kibral. Professions des résidents ; lieu de travail et commanditaires peuvent être extérieurs au quartier. Visiteurs exclus du stock. activité/institution locale Budget civil 2,00 % ; coefficient 0,000000 ; part de filière 0,000 %. Zéro proposé : Filière régionale non retenue dans ce scénario, sans interdiction universelle. Savoir-faire de terrain et sécurité ; procédé spécialisé distinct du rang social.";0;0;0
Prospecteur;Extracteur de ressources minérales;0.09298383480083855;0.15448385911420262;3.719353392033542;D — activité déduite;SB104;"Bandits, salters, mercenaires, saloons, inns, general stores, blacksmiths, stables, ranches, bardes; autorité Kibral. Professions des résidents ; lieu de travail et commanditaires peuvent être extérieurs au quartier. Visiteurs exclus du stock. activité/institution locale Budget civil 2,00 % ; coefficient 2,000000 ; part de filière 8,386 %. Savoir-faire de terrain et sécurité ; procédé spécialisé distinct du rang social.";0.0011082485820853583;0.0785754566029441;0.013300129615809097
Meunier;Meunier;0.13570656710756365;0.22546364364107604;5.428262684302545;D — activité déduite;SB121;"Bandits, salters, mercenaires, saloons, inns, general stores, blacksmiths, stables, ranches, bardes; autorité Kibral. Professions des résidents ; lieu de travail et commanditaires peuvent être extérieurs au quartier. Visiteurs exclus du stock. activité/institution locale Budget civil 23,00 % ; coefficient 1,750000 ; part de filière 1,064 %. Apprentissage, atelier, combustible et outils ; titre noble ne remplace pas qualification.";0.007719231467552434;0.10945958280324339;0.018527752836767837
Boucher;Boucher;0.15509321955150132;0.25767273558980114;6.203728782060053;D — activité déduite;SB99;"Bandits, salters, mercenaires, saloons, inns, general stores, blacksmiths, stables, ranches, bardes; autorité Kibral. Professions des résidents ; lieu de travail et commanditaires peuvent être extérieurs au quartier. Visiteurs exclus du stock. activité/institution locale Budget civil 23,00 % ; coefficient 2,000000 ; part de filière 1,216 %. Apprentissage, atelier, combustible et outils ; titre noble ne remplace pas qualification.";0.008821978820059927;0.12509666606084957;0.021174574670591823
Écorcheur;Boucher;0.062037287820600535;0.10306909423592049;2.481491512824021;A — activité attestée;MJ128;"Bandits, salters, mercenaires, saloons, inns, general stores, blacksmiths, stables, ranches, bardes; autorité Kibral. Professions des résidents ; lieu de travail et commanditaires peuvent être extérieurs au quartier. Visiteurs exclus du stock. activité/institution locale Budget civil 23,00 % ; coefficient 0,800000 ; part de filière 0,487 %. Apprentissage, atelier, combustible et outils ; titre noble ne remplace pas qualification.";0.003528791528023971;0.05003866642433984;0.008469829868236729
Boulanger;Boulanger;0.3295730915469403;0.5475545631283275;13.182923661877613;A — activité attestée;MJ128;"Bandits, salters, mercenaires, saloons, inns, general stores, blacksmiths, stables, ranches, bardes; autorité Kibral. Professions des résidents ; lieu de travail et commanditaires peuvent être extérieurs au quartier. Visiteurs exclus du stock. activité/institution locale Budget civil 23,00 % ; coefficient 4,250000 ; part de filière 2,585 %. Apprentissage, atelier, combustible et outils ; titre noble ne remplace pas qualification.";0.018746704992627348;0.26583041537930535;0.04499597117500763
Cuisinier;Cuisinier;0.7644106371873152;1.269996074409894;30.576425487492607;A — activité attestée;MJ128;"Bandits, salters, mercenaires, saloons, inns, general stores, blacksmiths, stables, ranches, bardes; autorité Kibral. Professions des résidents ; lieu de travail et commanditaires peuvent être extérieurs au quartier. Visiteurs exclus du stock. activité/institution locale Budget civil 14,00 % ; coefficient 7,500000 ; part de filière 9,848 %. Apprentissage et qualification variable ; soins avancés et thérapie magique exigent formation.";0.004627096987355528;0.6561276312998969;0.10365590890006268
Cuisinier de haute cuisine;Cuisinier;0;0;0.0;A — activité attestée;"PG28; CC52";"Bandits, salters, mercenaires, saloons, inns, general stores, blacksmiths, stables, ranches, bardes; autorité Kibral. Professions des résidents ; lieu de travail et commanditaires peuvent être extérieurs au quartier. Visiteurs exclus du stock. activité/institution locale Budget civil 14,00 % ; coefficient 0,000000 ; part de filière 0,000 %. Zéro proposé : Haute cuisine concentrée auprès de clientèle et maîtres attestés/proposés ; cuisine ordinaire conservée. Apprentissage et qualification variable ; soins avancés et thérapie magique exigent formation.";0;0;0
Poissonnier;Transformateur alimentaire;0.10081059270847588;0.1674872781333708;4.032423708339035;D — activité déduite;"SB120; SB149";"Bandits, salters, mercenaires, saloons, inns, general stores, blacksmiths, stables, ranches, bardes; autorité Kibral. Professions des résidents ; lieu de travail et commanditaires peuvent être extérieurs au quartier. Visiteurs exclus du stock. activité/institution locale Budget civil 23,00 % ; coefficient 1,300000 ; part de filière 0,791 %. Apprentissage, atelier, combustible et outils ; titre noble ne remplace pas qualification.";0.005734286233038952;0.08131283293955224;0.01376347353588468
Saleur et sécheur alimentaire;Transformateur alimentaire;0.10081059270847588;0.1674872781333708;4.032423708339035;D — activité déduite;"SB120; SB149";"Bandits, salters, mercenaires, saloons, inns, general stores, blacksmiths, stables, ranches, bardes; autorité Kibral. Professions des résidents ; lieu de travail et commanditaires peuvent être extérieurs au quartier. Visiteurs exclus du stock. activité/institution locale Budget civil 23,00 % ; coefficient 1,300000 ; part de filière 0,791 %. Apprentissage, atelier, combustible et outils ; titre noble ne remplace pas qualification.";0.005734286233038952;0.08131283293955224;0.01376347353588468
Fromager;Transformateur alimentaire;0.10081059270847588;0.1674872781333708;4.032423708339035;A — activité attestée;"SB120; SB149";"Bandits, salters, mercenaires, saloons, inns, general stores, blacksmiths, stables, ranches, bardes; autorité Kibral. Professions des résidents ; lieu de travail et commanditaires peuvent être extérieurs au quartier. Visiteurs exclus du stock. activité/institution locale Budget civil 23,00 % ; coefficient 1,300000 ; part de filière 0,791 %. Apprentissage, atelier, combustible et outils ; titre noble ne remplace pas qualification.";0.005734286233038952;0.08131283293955224;0.01376347353588468
Huilier;Transformateur alimentaire;0.10081059270847588;0.1674872781333708;4.032423708339035;P — activité proposée;"SB120; SB149";"Bandits, salters, mercenaires, saloons, inns, general stores, blacksmiths, stables, ranches, bardes; autorité Kibral. Professions des résidents ; lieu de travail et commanditaires peuvent être extérieurs au quartier. Visiteurs exclus du stock. activité/institution locale Budget civil 23,00 % ; coefficient 1,300000 ; part de filière 0,791 %. Apprentissage, atelier, combustible et outils ; titre noble ne remplace pas qualification.";0.005734286233038952;0.08131283293955224;0.01376347353588468
Brasseur;Fabricant de boissons;0.09305593173090078;0.1546036413538807;3.722237269236031;A — activité attestée;"MJ128; SB120";"Bandits, salters, mercenaires, saloons, inns, general stores, blacksmiths, stables, ranches, bardes; autorité Kibral. Professions des résidents ; lieu de travail et commanditaires peuvent être extérieurs au quartier. Visiteurs exclus du stock. activité/institution locale Budget civil 23,00 % ; coefficient 1,200000 ; part de filière 0,730 %. Apprentissage, atelier, combustible et outils ; titre noble ne remplace pas qualification.";0.005293187292035952;0.07505799963650975;0.012704744802355082
Distillateur;Fabricant de boissons;0.09305593173090078;0.1546036413538807;3.722237269236031;A — activité attestée;"MJ128; SB120";"Bandits, salters, mercenaires, saloons, inns, general stores, blacksmiths, stables, ranches, bardes; autorité Kibral. Professions des résidents ; lieu de travail et commanditaires peuvent être extérieurs au quartier. Visiteurs exclus du stock. activité/institution locale Budget civil 23,00 % ; coefficient 1,200000 ; part de filière 0,730 %. Apprentissage, atelier, combustible et outils ; titre noble ne remplace pas qualification.";0.005293187292035952;0.07505799963650975;0.012704744802355082
Distillateur de Highlandtuber;Fabricant de boissons;0;0;0.0;A — activité attestée;"SB120; SB121";"Bandits, salters, mercenaires, saloons, inns, general stores, blacksmiths, stables, ranches, bardes; autorité Kibral. Professions des résidents ; lieu de travail et commanditaires peuvent être extérieurs au quartier. Visiteurs exclus du stock. activité/institution locale Budget civil 23,00 % ; coefficient 0,000000 ; part de filière 0,000 %. Zéro proposé : Filière régionale non retenue dans ce scénario, sans interdiction universelle. Apprentissage, atelier, combustible et outils ; titre noble ne remplace pas qualification.";0;0;0
Maître de cérémonie du thé;Maître de cérémonie du thé;0;0;0.0;A — activité attestée;SB201;"Bandits, salters, mercenaires, saloons, inns, general stores, blacksmiths, stables, ranches, bardes; autorité Kibral. Professions des résidents ; lieu de travail et commanditaires peuvent être extérieurs au quartier. Visiteurs exclus du stock. activité/institution locale Budget civil 1,00 % ; coefficient 0,000000 ; part de filière 0,000 %. Zéro proposé : Filière régionale non retenue dans ce scénario, sans interdiction universelle. Apprentissage, audition et réseau ; accès au mérite notamment Mustardseed.";0;0;0
Alchimiste;Alchimiste;0.04658802351181473;0.0774016007838756;1.863520940472589;A — activité attestée;"MJ128; BR55";"Bandits, salters, mercenaires, saloons, inns, general stores, blacksmiths, stables, ranches, bardes; autorité Kibral. Professions des résidents ; lieu de travail et commanditaires peuvent être extérieurs au quartier. Visiteurs exclus du stock. activité/institution locale Budget civil 1,00 % ; coefficient 2,500000 ; part de filière 8,403 %. Long apprentissage, frais, bourses, talent, licence ou secret ; titre ne donne pas maîtrise.";0.006903103189513498;0.039154716287395926;0.0005302040349053068
Apothicaire;Alchimiste;0.01863520940472589;0.030960640313550246;0.7454083761890357;A — activité attestée;"MJ128; BR55";"Bandits, salters, mercenaires, saloons, inns, general stores, blacksmiths, stables, ranches, bardes; autorité Kibral. Professions des résidents ; lieu de travail et commanditaires peuvent être extérieurs au quartier. Visiteurs exclus du stock. activité/institution locale Budget civil 1,00 % ; coefficient 1,000000 ; part de filière 3,361 %. Long apprentissage, frais, bourses, talent, licence ou secret ; titre ne donne pas maîtrise.";0.0027612412758053974;0.01566188651495837;0.00021208161396212268
Préparateur de poisons;Alchimiste;0.01863520940472589;0.030960640313550246;0.7454083761890357;D — activité déduite;"BR55; SB193";"Bandits, salters, mercenaires, saloons, inns, general stores, blacksmiths, stables, ranches, bardes; autorité Kibral. Professions des résidents ; lieu de travail et commanditaires peuvent être extérieurs au quartier. Visiteurs exclus du stock. activité/institution locale Budget civil 1,00 % ; coefficient 1,000000 ; part de filière 3,361 %. Long apprentissage, frais, bourses, talent, licence ou secret ; titre ne donne pas maîtrise.";0.0027612412758053974;0.01566188651495837;0.00021208161396212268
Préparateur de potions;Alchimiste;0.01863520940472589;0.030960640313550246;0.7454083761890357;A — activité attestée;SB138;"Bandits, salters, mercenaires, saloons, inns, general stores, blacksmiths, stables, ranches, bardes; autorité Kibral. Professions des résidents ; lieu de travail et commanditaires peuvent être extérieurs au quartier. Visiteurs exclus du stock. activité/institution locale Budget civil 1,00 % ; coefficient 1,000000 ; part de filière 3,361 %. Long apprentissage, frais, bourses, talent, licence ou secret ; titre ne donne pas maîtrise.";0.0027612412758053974;0.01566188651495837;0.00021208161396212268
Préparateur d’Estelindea;Alchimiste;0;0;0.0;A — activité attestée;SB153;"Bandits, salters, mercenaires, saloons, inns, general stores, blacksmiths, stables, ranches, bardes; autorité Kibral. Professions des résidents ; lieu de travail et commanditaires peuvent être extérieurs au quartier. Visiteurs exclus du stock. activité/institution locale Budget civil 1,00 % ; coefficient 0,000000 ; part de filière 0,000 %. Zéro proposé : Filière régionale non retenue dans ce scénario, sans interdiction universelle. Long apprentissage, frais, bourses, talent, licence ou secret ; titre ne donne pas maîtrise.";0;0;0
Charbonnier;Charbonnier;0.034868938050314456;0.05793144716782597;1.3947575220125783;P — activité proposée;SB128;"Bandits, salters, mercenaires, saloons, inns, general stores, blacksmiths, stables, ranches, bardes; autorité Kibral. Professions des résidents ; lieu de travail et commanditaires peuvent être extérieurs au quartier. Visiteurs exclus du stock. activité/institution locale Budget civil 2,00 % ; coefficient 0,750000 ; part de filière 3,145 %. Savoir-faire de terrain et sécurité ; procédé spécialisé distinct du rang social.";0.00041559321828200924;0.029465796226104037;0.004987548605928412
Fondeur et affineur;Métallurgiste;0.1628478805290764;0.2705563723692912;6.513915221163057;D — activité déduite;"SB198; SB160";"Bandits, salters, mercenaires, saloons, inns, general stores, blacksmiths, stables, ranches, bardes; autorité Kibral. Professions des résidents ; lieu de travail et commanditaires peuvent être extérieurs au quartier. Visiteurs exclus du stock. activité/institution locale Budget civil 23,00 % ; coefficient 2,100000 ; part de filière 1,277 %. Apprentissage, atelier, combustible et outils ; titre noble ne remplace pas qualification.";0.009263077761062916;0.13135149936389207;0.022233303404121402
Aciériste;Métallurgiste;0.1628478805290764;0.2705563723692912;6.513915221163057;D — activité déduite;SB198;"Bandits, salters, mercenaires, saloons, inns, general stores, blacksmiths, stables, ranches, bardes; autorité Kibral. Professions des résidents ; lieu de travail et commanditaires peuvent être extérieurs au quartier. Visiteurs exclus du stock. activité/institution locale Budget civil 23,00 % ; coefficient 2,100000 ; part de filière 1,277 %. Apprentissage, atelier, combustible et outils ; titre noble ne remplace pas qualification.";0.009263077761062916;0.13135149936389207;0.022233303404121402
Forgeron;Forgeron;1.16319914663626;1.932545516923509;46.5279658654504;A — activité attestée;MJ128;"Bandits, salters, mercenaires, saloons, inns, general stores, blacksmiths, stables, ranches, bardes; autorité Kibral. Professions des résidents ; lieu de travail et commanditaires peuvent être extérieurs au quartier. Visiteurs exclus du stock. activité/institution locale Budget civil 23,00 % ; coefficient 15,000000 ; part de filière 9,122 %. Apprentissage, atelier, combustible et outils ; titre noble ne remplace pas qualification.";0.06616484115044942;0.938224995456372;0.15880931002943857
Armurier;Forgeron;0.46527965865450394;0.7730182067694035;18.61118634618016;A — activité attestée;MJ128;"Bandits, salters, mercenaires, saloons, inns, general stores, blacksmiths, stables, ranches, bardes; autorité Kibral. Professions des résidents ; lieu de travail et commanditaires peuvent être extérieurs au quartier. Visiteurs exclus du stock. activité/institution locale Budget civil 23,00 % ; coefficient 6,000000 ; part de filière 3,649 %. Apprentissage, atelier, combustible et outils ; titre noble ne remplace pas qualification.";0.02646593646017976;0.3752899981825487;0.06352372401177545
Coutelier;Forgeron;0.46527965865450394;0.7730182067694035;18.61118634618016;D — activité déduite;MJ128;"Bandits, salters, mercenaires, saloons, inns, general stores, blacksmiths, stables, ranches, bardes; autorité Kibral. Professions des résidents ; lieu de travail et commanditaires peuvent être extérieurs au quartier. Visiteurs exclus du stock. activité/institution locale Budget civil 23,00 % ; coefficient 6,000000 ; part de filière 3,649 %. Apprentissage, atelier, combustible et outils ; titre noble ne remplace pas qualification.";0.02646593646017976;0.3752899981825487;0.06352372401177545
Rémouleur;Forgeron;0.46527965865450394;0.7730182067694035;18.61118634618016;D — activité déduite;MJ128;"Bandits, salters, mercenaires, saloons, inns, general stores, blacksmiths, stables, ranches, bardes; autorité Kibral. Professions des résidents ; lieu de travail et commanditaires peuvent être extérieurs au quartier. Visiteurs exclus du stock. activité/institution locale Budget civil 23,00 % ; coefficient 6,000000 ; part de filière 3,649 %. Apprentissage, atelier, combustible et outils ; titre noble ne remplace pas qualification.";0.02646593646017976;0.3752899981825487;0.06352372401177545
Serrurier;Mécanicien et artisan du métal;0.09305593173090078;0.1546036413538807;3.722237269236031;A — activité attestée;"MJ128; SB174";"Bandits, salters, mercenaires, saloons, inns, general stores, blacksmiths, stables, ranches, bardes; autorité Kibral. Professions des résidents ; lieu de travail et commanditaires peuvent être extérieurs au quartier. Visiteurs exclus du stock. activité/institution locale Budget civil 23,00 % ; coefficient 1,200000 ; part de filière 0,730 %. Apprentissage, atelier, combustible et outils ; titre noble ne remplace pas qualification.";0.005293187292035952;0.07505799963650975;0.012704744802355082
Rétameur;Mécanicien et artisan du métal;0.09305593173090078;0.1546036413538807;3.722237269236031;A — activité attestée;"MJ128; SB174";"Bandits, salters, mercenaires, saloons, inns, general stores, blacksmiths, stables, ranches, bardes; autorité Kibral. Professions des résidents ; lieu de travail et commanditaires peuvent être extérieurs au quartier. Visiteurs exclus du stock. activité/institution locale Budget civil 23,00 % ; coefficient 1,200000 ; part de filière 0,730 %. Apprentissage, atelier, combustible et outils ; titre noble ne remplace pas qualification.";0.005293187292035952;0.07505799963650975;0.012704744802355082
Réparateur et bricoleur;Mécanicien et artisan du métal;0.09305593173090078;0.1546036413538807;3.722237269236031;A — activité attestée;"MJ128; SB174";"Bandits, salters, mercenaires, saloons, inns, general stores, blacksmiths, stables, ranches, bardes; autorité Kibral. Professions des résidents ; lieu de travail et commanditaires peuvent être extérieurs au quartier. Visiteurs exclus du stock. activité/institution locale Budget civil 23,00 % ; coefficient 1,200000 ; part de filière 0,730 %. Apprentissage, atelier, combustible et outils ; titre noble ne remplace pas qualification.";0.005293187292035952;0.07505799963650975;0.012704744802355082
Horloger;Mécanicien et artisan du métal;0;0;0.0;D — activité déduite;SB174;"Bandits, salters, mercenaires, saloons, inns, general stores, blacksmiths, stables, ranches, bardes; autorité Kibral. Professions des résidents ; lieu de travail et commanditaires peuvent être extérieurs au quartier. Visiteurs exclus du stock. activité/institution locale Budget civil 23,00 % ; coefficient 0,000000 ; part de filière 0,000 %. Zéro proposé : Climat, matière ou culture hors filière régionale retenue ; aucun établissement exceptionnel proposé. Apprentissage, atelier, combustible et outils ; titre noble ne remplace pas qualification.";0;0;0
Fabricant d’outils de précision;Mécanicien et artisan du métal;0;0;0.0;A — activité attestée;SB174;"Bandits, salters, mercenaires, saloons, inns, general stores, blacksmiths, stables, ranches, bardes; autorité Kibral. Professions des résidents ; lieu de travail et commanditaires peuvent être extérieurs au quartier. Visiteurs exclus du stock. activité/institution locale Budget civil 23,00 % ; coefficient 0,000000 ; part de filière 0,000 %. Zéro proposé : Climat, matière ou culture hors filière régionale retenue ; aucun établissement exceptionnel proposé. Apprentissage, atelier, combustible et outils ; titre noble ne remplace pas qualification.";0;0;0
Fabricant d’instruments de navigation;Mécanicien et artisan du métal;0;0;0.0;D — activité déduite;SB174;"Bandits, salters, mercenaires, saloons, inns, general stores, blacksmiths, stables, ranches, bardes; autorité Kibral. Professions des résidents ; lieu de travail et commanditaires peuvent être extérieurs au quartier. Visiteurs exclus du stock. activité/institution locale Budget civil 23,00 % ; coefficient 0,000000 ; part de filière 0,000 %. Zéro proposé : Climat, matière ou culture hors filière régionale retenue ; aucun établissement exceptionnel proposé. Apprentissage, atelier, combustible et outils ; titre noble ne remplace pas qualification.";0;0;0
Bijoutier;Bijoutier;0.4652796586545041;0.7730182067694037;18.611186346180162;A — activité attestée;MJ128;"Bandits, salters, mercenaires, saloons, inns, general stores, blacksmiths, stables, ranches, bardes; autorité Kibral. Professions des résidents ; lieu de travail et commanditaires peuvent être extérieurs au quartier. Visiteurs exclus du stock. activité/institution locale Budget civil 23,00 % ; coefficient 6,000000 ; part de filière 3,649 %. Apprentissage, atelier, combustible et outils ; titre noble ne remplace pas qualification.";0.026465936460179775;0.3752899981825488;0.06352372401177549
Orfèvre;Bijoutier;0.1861118634618016;0.3092072827077615;7.444474538472065;A — activité attestée;MJ128;"Bandits, salters, mercenaires, saloons, inns, general stores, blacksmiths, stables, ranches, bardes; autorité Kibral. Professions des résidents ; lieu de travail et commanditaires peuvent être extérieurs au quartier. Visiteurs exclus du stock. activité/institution locale Budget civil 23,00 % ; coefficient 2,400000 ; part de filière 1,460 %. Apprentissage, atelier, combustible et outils ; titre noble ne remplace pas qualification.";0.010586374584071908;0.15011599927301952;0.025409489604710175
Lapidaire et tailleur de gemmes;Bijoutier;0.1861118634618016;0.3092072827077615;7.444474538472065;A — activité attestée;MJ128;"Bandits, salters, mercenaires, saloons, inns, general stores, blacksmiths, stables, ranches, bardes; autorité Kibral. Professions des résidents ; lieu de travail et commanditaires peuvent être extérieurs au quartier. Visiteurs exclus du stock. activité/institution locale Budget civil 23,00 % ; coefficient 2,400000 ; part de filière 1,460 %. Apprentissage, atelier, combustible et outils ; titre noble ne remplace pas qualification.";0.010586374584071908;0.15011599927301952;0.025409489604710175
Tanneur;Tanneur;0.024233315554922082;0.04026136493590644;0.9693326221968833;A — activité attestée;MJ128;"Bandits, salters, mercenaires, saloons, inns, general stores, blacksmiths, stables, ranches, bardes; autorité Kibral. Professions des résidents ; lieu de travail et commanditaires peuvent être extérieurs au quartier. Visiteurs exclus du stock. activité/institution locale Budget civil 23,00 % ; coefficient 0,312500 ; part de filière 0,190 %. Apprentissage, atelier, combustible et outils ; titre noble ne remplace pas qualification.";0.001378434190634363;0.01954635407200775;0.0033085272922799705
Fourreur;Tanneur;0.009693326221968833;0.01610454597436257;0.3877330488787533;D — activité déduite;"SB120; SB133";"Bandits, salters, mercenaires, saloons, inns, general stores, blacksmiths, stables, ranches, bardes; autorité Kibral. Professions des résidents ; lieu de travail et commanditaires peuvent être extérieurs au quartier. Visiteurs exclus du stock. activité/institution locale Budget civil 23,00 % ; coefficient 0,125000 ; part de filière 0,076 %. Apprentissage, atelier, combustible et outils ; titre noble ne remplace pas qualification.";0.0005513736762537455;0.007818541628803098;0.001323410916911989
Maroquinier;Artisan du cuir;0.062037287820600535;0.10306909423592049;2.481491512824021;A — activité attestée;MJ128;"Bandits, salters, mercenaires, saloons, inns, general stores, blacksmiths, stables, ranches, bardes; autorité Kibral. Professions des résidents ; lieu de travail et commanditaires peuvent être extérieurs au quartier. Visiteurs exclus du stock. activité/institution locale Budget civil 23,00 % ; coefficient 0,800000 ; part de filière 0,487 %. Apprentissage, atelier, combustible et outils ; titre noble ne remplace pas qualification.";0.003528791528023971;0.05003866642433984;0.008469829868236729
Bourrelier et sellier;Artisan du cuir;0.062037287820600535;0.10306909423592049;2.481491512824021;D — activité déduite;"MJ128; SB163";"Bandits, salters, mercenaires, saloons, inns, general stores, blacksmiths, stables, ranches, bardes; autorité Kibral. Professions des résidents ; lieu de travail et commanditaires peuvent être extérieurs au quartier. Visiteurs exclus du stock. activité/institution locale Budget civil 23,00 % ; coefficient 0,800000 ; part de filière 0,487 %. Apprentissage, atelier, combustible et outils ; titre noble ne remplace pas qualification.";0.003528791528023971;0.05003866642433984;0.008469829868236729
Boursier, fabricant de bourses;Artisan du cuir;0.062037287820600535;0.10306909423592049;2.481491512824021;D — activité déduite;MJ128;"Bandits, salters, mercenaires, saloons, inns, general stores, blacksmiths, stables, ranches, bardes; autorité Kibral. Professions des résidents ; lieu de travail et commanditaires peuvent être extérieurs au quartier. Visiteurs exclus du stock. activité/institution locale Budget civil 23,00 % ; coefficient 0,800000 ; part de filière 0,487 %. Apprentissage, atelier, combustible et outils ; titre noble ne remplace pas qualification.";0.003528791528023971;0.05003866642433984;0.008469829868236729
Gantier;Artisan du cuir;0.062037287820600535;0.10306909423592049;2.481491512824021;D — activité déduite;MJ128;"Bandits, salters, mercenaires, saloons, inns, general stores, blacksmiths, stables, ranches, bardes; autorité Kibral. Professions des résidents ; lieu de travail et commanditaires peuvent être extérieurs au quartier. Visiteurs exclus du stock. activité/institution locale Budget civil 23,00 % ; coefficient 0,800000 ; part de filière 0,487 %. Apprentissage, atelier, combustible et outils ; titre noble ne remplace pas qualification.";0.003528791528023971;0.05003866642433984;0.008469829868236729
Cordonnier;Artisan du cuir;0.062037287820600535;0.10306909423592049;2.481491512824021;A — activité attestée;MJ128;"Bandits, salters, mercenaires, saloons, inns, general stores, blacksmiths, stables, ranches, bardes; autorité Kibral. Professions des résidents ; lieu de travail et commanditaires peuvent être extérieurs au quartier. Visiteurs exclus du stock. activité/institution locale Budget civil 23,00 % ; coefficient 0,800000 ; part de filière 0,487 %. Apprentissage, atelier, combustible et outils ; titre noble ne remplace pas qualification.";0.003528791528023971;0.05003866642433984;0.008469829868236729
Fileur;Artisan textile;0.15509321955150132;0.25767273558980114;6.203728782060053;D — activité déduite;MJ128;"Bandits, salters, mercenaires, saloons, inns, general stores, blacksmiths, stables, ranches, bardes; autorité Kibral. Professions des résidents ; lieu de travail et commanditaires peuvent être extérieurs au quartier. Visiteurs exclus du stock. activité/institution locale Budget civil 23,00 % ; coefficient 2,000000 ; part de filière 1,216 %. Apprentissage, atelier, combustible et outils ; titre noble ne remplace pas qualification.";0.008821978820059927;0.12509666606084957;0.021174574670591823
Tisserand;Artisan textile;0.15509321955150132;0.25767273558980114;6.203728782060053;A — activité attestée;MJ128;"Bandits, salters, mercenaires, saloons, inns, general stores, blacksmiths, stables, ranches, bardes; autorité Kibral. Professions des résidents ; lieu de travail et commanditaires peuvent être extérieurs au quartier. Visiteurs exclus du stock. activité/institution locale Budget civil 23,00 % ; coefficient 2,000000 ; part de filière 1,216 %. Apprentissage, atelier, combustible et outils ; titre noble ne remplace pas qualification.";0.008821978820059927;0.12509666606084957;0.021174574670591823
Teinturier;Artisan textile;0.15509321955150132;0.25767273558980114;6.203728782060053;A — activité attestée;MJ128;"Bandits, salters, mercenaires, saloons, inns, general stores, blacksmiths, stables, ranches, bardes; autorité Kibral. Professions des résidents ; lieu de travail et commanditaires peuvent être extérieurs au quartier. Visiteurs exclus du stock. activité/institution locale Budget civil 23,00 % ; coefficient 2,000000 ; part de filière 1,216 %. Apprentissage, atelier, combustible et outils ; titre noble ne remplace pas qualification.";0.008821978820059927;0.12509666606084957;0.021174574670591823
Tailleur;Tailleur de vêtements;0.15509321955150132;0.25767273558980114;6.203728782060053;D — activité déduite;"MJ128; SB139";"Bandits, salters, mercenaires, saloons, inns, general stores, blacksmiths, stables, ranches, bardes; autorité Kibral. Professions des résidents ; lieu de travail et commanditaires peuvent être extérieurs au quartier. Visiteurs exclus du stock. activité/institution locale Budget civil 23,00 % ; coefficient 2,000000 ; part de filière 1,216 %. Apprentissage, atelier, combustible et outils ; titre noble ne remplace pas qualification.";0.008821978820059927;0.12509666606084957;0.021174574670591823
Modiste et fabricant de coiffes;Tailleur de vêtements;0.15509321955150132;0.25767273558980114;6.203728782060053;D — activité déduite;"SB139; SB120";"Bandits, salters, mercenaires, saloons, inns, general stores, blacksmiths, stables, ranches, bardes; autorité Kibral. Professions des résidents ; lieu de travail et commanditaires peuvent être extérieurs au quartier. Visiteurs exclus du stock. activité/institution locale Budget civil 23,00 % ; coefficient 2,000000 ; part de filière 1,216 %. Apprentissage, atelier, combustible et outils ; titre noble ne remplace pas qualification.";0.008821978820059927;0.12509666606084957;0.021174574670591823
Tapissier;Tapissier;0.07754660977575066;0.12883636779490057;3.1018643910300265;D — activité déduite;SB200;"Bandits, salters, mercenaires, saloons, inns, general stores, blacksmiths, stables, ranches, bardes; autorité Kibral. Professions des résidents ; lieu de travail et commanditaires peuvent être extérieurs au quartier. Visiteurs exclus du stock. activité/institution locale Budget civil 23,00 % ; coefficient 1,000000 ; part de filière 0,608 %. Apprentissage, atelier, combustible et outils ; titre noble ne remplace pas qualification.";0.004410989410029964;0.06254833303042479;0.010587287335295912
Menuisier;Menuisier;0.3877330488787533;0.644181838974503;15.509321955150133;D — activité déduite;"MJ128; SB152";"Bandits, salters, mercenaires, saloons, inns, general stores, blacksmiths, stables, ranches, bardes; autorité Kibral. Professions des résidents ; lieu de travail et commanditaires peuvent être extérieurs au quartier. Visiteurs exclus du stock. activité/institution locale Budget civil 23,00 % ; coefficient 5,000000 ; part de filière 3,041 %. Apprentissage, atelier, combustible et outils ; titre noble ne remplace pas qualification.";0.022054947050149806;0.312741665152124;0.05293643667647953
Ébéniste;Menuisier;0.15509321955150132;0.25767273558980114;6.203728782060053;D — activité déduite;MJ128;"Bandits, salters, mercenaires, saloons, inns, general stores, blacksmiths, stables, ranches, bardes; autorité Kibral. Professions des résidents ; lieu de travail et commanditaires peuvent être extérieurs au quartier. Visiteurs exclus du stock. activité/institution locale Budget civil 23,00 % ; coefficient 2,000000 ; part de filière 1,216 %. Apprentissage, atelier, combustible et outils ; titre noble ne remplace pas qualification.";0.008821978820059927;0.12509666606084957;0.021174574670591823
Sculpteur sur bois;Menuisier;0.15509321955150132;0.25767273558980114;6.203728782060053;A — activité attestée;MJ128;"Bandits, salters, mercenaires, saloons, inns, general stores, blacksmiths, stables, ranches, bardes; autorité Kibral. Professions des résidents ; lieu de travail et commanditaires peuvent être extérieurs au quartier. Visiteurs exclus du stock. activité/institution locale Budget civil 23,00 % ; coefficient 2,000000 ; part de filière 1,216 %. Apprentissage, atelier, combustible et outils ; titre noble ne remplace pas qualification.";0.008821978820059927;0.12509666606084957;0.021174574670591823
Tonnelier;Menuisier;0.15509321955150132;0.25767273558980114;6.203728782060053;A — activité attestée;MJ128;"Bandits, salters, mercenaires, saloons, inns, general stores, blacksmiths, stables, ranches, bardes; autorité Kibral. Professions des résidents ; lieu de travail et commanditaires peuvent être extérieurs au quartier. Visiteurs exclus du stock. activité/institution locale Budget civil 23,00 % ; coefficient 2,000000 ; part de filière 1,216 %. Apprentissage, atelier, combustible et outils ; titre noble ne remplace pas qualification.";0.008821978820059927;0.12509666606084957;0.021174574670591823
Charron;Menuisier;0.15509321955150132;0.25767273558980114;6.203728782060053;A — activité attestée;MJ128;"Bandits, salters, mercenaires, saloons, inns, general stores, blacksmiths, stables, ranches, bardes; autorité Kibral. Professions des résidents ; lieu de travail et commanditaires peuvent être extérieurs au quartier. Visiteurs exclus du stock. activité/institution locale Budget civil 23,00 % ; coefficient 2,000000 ; part de filière 1,216 %. Apprentissage, atelier, combustible et outils ; titre noble ne remplace pas qualification.";0.008821978820059927;0.12509666606084957;0.021174574670591823
Charpentier;Charpentier;0.25202648177118964;0.4187181953334269;10.081059270847584;A — activité attestée;MJ128;"Bandits, salters, mercenaires, saloons, inns, general stores, blacksmiths, stables, ranches, bardes; autorité Kibral. Professions des résidents ; lieu de travail et commanditaires peuvent être extérieurs au quartier. Visiteurs exclus du stock. activité/institution locale Budget civil 23,00 % ; coefficient 3,250000 ; part de filière 1,976 %. Apprentissage, atelier, combustible et outils ; titre noble ne remplace pas qualification.";0.014335715582597377;0.2032820823488806;0.03440868383971169
Couvreur;Charpentier;0.10081059270847588;0.1674872781333708;4.032423708339035;A — activité attestée;MJ128;"Bandits, salters, mercenaires, saloons, inns, general stores, blacksmiths, stables, ranches, bardes; autorité Kibral. Professions des résidents ; lieu de travail et commanditaires peuvent être extérieurs au quartier. Visiteurs exclus du stock. activité/institution locale Budget civil 23,00 % ; coefficient 1,300000 ; part de filière 0,791 %. Apprentissage, atelier, combustible et outils ; titre noble ne remplace pas qualification.";0.005734286233038952;0.08131283293955224;0.01376347353588468
Constructeur naval;Constructeur naval;0.11631991466362598;0.19325455169235087;4.65279658654504;A — activité attestée;"MJ128; SB148";"Bandits, salters, mercenaires, saloons, inns, general stores, blacksmiths, stables, ranches, bardes; autorité Kibral. Professions des résidents ; lieu de travail et commanditaires peuvent être extérieurs au quartier. Visiteurs exclus du stock. activité/institution locale Budget civil 23,00 % ; coefficient 1,500000 ; part de filière 0,912 %. Apprentissage, atelier, combustible et outils ; titre noble ne remplace pas qualification.";0.00661648411504494;0.09382249954563718;0.01588093100294386
Calfat;Constructeur naval;0.04652796586545039;0.07730182067694034;1.8611186346180155;D — activité déduite;"MJ128; SB148";"Bandits, salters, mercenaires, saloons, inns, general stores, blacksmiths, stables, ranches, bardes; autorité Kibral. Professions des résidents ; lieu de travail et commanditaires peuvent être extérieurs au quartier. Visiteurs exclus du stock. activité/institution locale Budget civil 23,00 % ; coefficient 0,600000 ; part de filière 0,365 %. Apprentissage, atelier, combustible et outils ; titre noble ne remplace pas qualification.";0.002646593646017976;0.037528999818254874;0.006352372401177541
Constructeur de drakkars;Constructeur naval;0;0;0.0;A — activité attestée;SB130;"Bandits, salters, mercenaires, saloons, inns, general stores, blacksmiths, stables, ranches, bardes; autorité Kibral. Professions des résidents ; lieu de travail et commanditaires peuvent être extérieurs au quartier. Visiteurs exclus du stock. activité/institution locale Budget civil 23,00 % ; coefficient 0,000000 ; part de filière 0,000 %. Zéro proposé : Filière régionale non retenue dans ce scénario, sans interdiction universelle. Apprentissage, atelier, combustible et outils ; titre noble ne remplace pas qualification.";0;0;0
Cordier;Cordier;0.09693326221968833;0.16104545974362575;3.8773304887875333;D — activité déduite;SB130;"Bandits, salters, mercenaires, saloons, inns, general stores, blacksmiths, stables, ranches, bardes; autorité Kibral. Professions des résidents ; lieu de travail et commanditaires peuvent être extérieurs au quartier. Visiteurs exclus du stock. activité/institution locale Budget civil 23,00 % ; coefficient 1,250000 ; part de filière 0,760 %. Apprentissage, atelier, combustible et outils ; titre noble ne remplace pas qualification.";0.005513736762537452;0.078185416288031;0.013234109169119882
Voilier;Cordier;0.03877330488787533;0.06441818389745028;1.5509321955150133;A — activité attestée;MJ128;"Bandits, salters, mercenaires, saloons, inns, general stores, blacksmiths, stables, ranches, bardes; autorité Kibral. Professions des résidents ; lieu de travail et commanditaires peuvent être extérieurs au quartier. Visiteurs exclus du stock. activité/institution locale Budget civil 23,00 % ; coefficient 0,500000 ; part de filière 0,304 %. Apprentissage, atelier, combustible et outils ; titre noble ne remplace pas qualification.";0.002205494705014982;0.03127416651521239;0.005293643667647956
Facteur d’arcs;Facteur d’arcs;0.07754660977575066;0.12883636779490057;3.1018643910300265;A — activité attestée;"MJ128; SB152";"Bandits, salters, mercenaires, saloons, inns, general stores, blacksmiths, stables, ranches, bardes; autorité Kibral. Professions des résidents ; lieu de travail et commanditaires peuvent être extérieurs au quartier. Visiteurs exclus du stock. activité/institution locale Budget civil 23,00 % ; coefficient 1,000000 ; part de filière 0,608 %. Apprentissage, atelier, combustible et outils ; titre noble ne remplace pas qualification.";0.004410989410029964;0.06254833303042479;0.010587287335295912
Fabricant de flèches;Facteur d’arcs;0.031018643910300268;0.051534547117960246;1.2407457564120106;A — activité attestée;SB152;"Bandits, salters, mercenaires, saloons, inns, general stores, blacksmiths, stables, ranches, bardes; autorité Kibral. Professions des résidents ; lieu de travail et commanditaires peuvent être extérieurs au quartier. Visiteurs exclus du stock. activité/institution locale Budget civil 23,00 % ; coefficient 0,400000 ; part de filière 0,243 %. Apprentissage, atelier, combustible et outils ; titre noble ne remplace pas qualification.";0.0017643957640119856;0.02501933321216992;0.0042349149341183645
Luthier et facteur d’instruments;Luthier;0.05815995733181299;0.09662727584617543;2.32639829327252;D — activité déduite;BR55;"Bandits, salters, mercenaires, saloons, inns, general stores, blacksmiths, stables, ranches, bardes; autorité Kibral. Professions des résidents ; lieu de travail et commanditaires peuvent être extérieurs au quartier. Visiteurs exclus du stock. activité/institution locale Budget civil 23,00 % ; coefficient 0,750000 ; part de filière 0,456 %. Apprentissage, atelier, combustible et outils ; titre noble ne remplace pas qualification.";0.00330824205752247;0.04691124977281859;0.00794046550147193
Tailleur de pierre;Tailleur de pierre;0.58159957331813;0.9662727584617545;23.2639829327252;A — activité attestée;"MJ128; SB161";"Bandits, salters, mercenaires, saloons, inns, general stores, blacksmiths, stables, ranches, bardes; autorité Kibral. Professions des résidents ; lieu de travail et commanditaires peuvent être extérieurs au quartier. Visiteurs exclus du stock. activité/institution locale Budget civil 23,00 % ; coefficient 7,500000 ; part de filière 4,561 %. Apprentissage, atelier, combustible et outils ; titre noble ne remplace pas qualification.";0.03308242057522471;0.469112497728186;0.07940465501471929
Sculpteur sur pierre;Tailleur de pierre;0.23263982932725197;0.38650910338470174;9.30559317309008;D — activité déduite;"MJ128; SB161";"Bandits, salters, mercenaires, saloons, inns, general stores, blacksmiths, stables, ranches, bardes; autorité Kibral. Professions des résidents ; lieu de travail et commanditaires peuvent être extérieurs au quartier. Visiteurs exclus du stock. activité/institution locale Budget civil 23,00 % ; coefficient 3,000000 ; part de filière 1,824 %. Apprentissage, atelier, combustible et outils ; titre noble ne remplace pas qualification.";0.01323296823008988;0.18764499909127436;0.03176186200588772
Sculpteur de statues de Stone Spirits;Tailleur de pierre;0.23263982932725197;0.38650910338470174;9.30559317309008;A — activité attestée;SB161;"Bandits, salters, mercenaires, saloons, inns, general stores, blacksmiths, stables, ranches, bardes; autorité Kibral. Professions des résidents ; lieu de travail et commanditaires peuvent être extérieurs au quartier. Visiteurs exclus du stock. activité/institution locale Budget civil 23,00 % ; coefficient 3,000000 ; part de filière 1,824 %. Apprentissage, atelier, combustible et outils ; titre noble ne remplace pas qualification.";0.01323296823008988;0.18764499909127436;0.03176186200588772
Maçon;Maçon;1.2407457564120106;2.061381884718409;49.629830256480425;A — activité attestée;"MJ128; SB90";"Bandits, salters, mercenaires, saloons, inns, general stores, blacksmiths, stables, ranches, bardes; autorité Kibral. Professions des résidents ; lieu de travail et commanditaires peuvent être extérieurs au quartier. Visiteurs exclus du stock. activité/institution locale Budget civil 23,00 % ; coefficient 16,000000 ; part de filière 9,730 %. Apprentissage, atelier, combustible et outils ; titre noble ne remplace pas qualification.";0.07057583056047942;1.0007733284867966;0.16939659736473459
Plâtrier;Maçon;0.4962983025648043;0.8245527538873639;19.85193210259217;A — activité attestée;"MJ128; SB90";"Bandits, salters, mercenaires, saloons, inns, general stores, blacksmiths, stables, ranches, bardes; autorité Kibral. Professions des résidents ; lieu de travail et commanditaires peuvent être extérieurs au quartier. Visiteurs exclus du stock. activité/institution locale Budget civil 23,00 % ; coefficient 6,400000 ; part de filière 3,892 %. Apprentissage, atelier, combustible et outils ; titre noble ne remplace pas qualification.";0.02823033222419177;0.4003093313947187;0.06775863894589383
Manœuvre de chantier;Maçon;0.49629830256480434;0.8245527538873639;19.851932102592173;A — activité attestée;SB90;"Bandits, salters, mercenaires, saloons, inns, general stores, blacksmiths, stables, ranches, bardes; autorité Kibral. Professions des résidents ; lieu de travail et commanditaires peuvent être extérieurs au quartier. Visiteurs exclus du stock. activité/institution locale Budget civil 23,00 % ; coefficient 6,400000 ; part de filière 3,892 %. Apprentissage, atelier, combustible et outils ; titre noble ne remplace pas qualification.";0.01452836578522796;0.41202776839860733;0.06974216838096904
Architecte;Architecte;0.15509321955150132;0.25767273558980114;6.203728782060053;A — activité attestée;SB174;"Bandits, salters, mercenaires, saloons, inns, general stores, blacksmiths, stables, ranches, bardes; autorité Kibral. Professions des résidents ; lieu de travail et commanditaires peuvent être extérieurs au quartier. Visiteurs exclus du stock. activité/institution locale Budget civil 23,00 % ; coefficient 2,000000 ; part de filière 1,216 %. Apprentissage, atelier, combustible et outils ; titre noble ne remplace pas qualification.";0.008821978820059927;0.12509666606084957;0.021174574670591823
Géomètre et arpenteur;Architecte;0.062037287820600535;0.10306909423592049;2.481491512824021;A — activité attestée;MJ128;"Bandits, salters, mercenaires, saloons, inns, general stores, blacksmiths, stables, ranches, bardes; autorité Kibral. Professions des résidents ; lieu de travail et commanditaires peuvent être extérieurs au quartier. Visiteurs exclus du stock. activité/institution locale Budget civil 23,00 % ; coefficient 0,800000 ; part de filière 0,487 %. Apprentissage, atelier, combustible et outils ; titre noble ne remplace pas qualification.";0.003528791528023971;0.05003866642433984;0.008469829868236729
Potier;Potier;0.19386652443937666;0.3220909194872515;7.754660977575067;A — activité attestée;"MJ128; SB200";"Bandits, salters, mercenaires, saloons, inns, general stores, blacksmiths, stables, ranches, bardes; autorité Kibral. Professions des résidents ; lieu de travail et commanditaires peuvent être extérieurs au quartier. Visiteurs exclus du stock. activité/institution locale Budget civil 23,00 % ; coefficient 2,500000 ; part de filière 1,520 %. Apprentissage, atelier, combustible et outils ; titre noble ne remplace pas qualification.";0.011027473525074903;0.156370832576062;0.026468218338239764
Tuilier;Potier;0.07754660977575066;0.12883636779490057;3.1018643910300265;A — activité attestée;"MJ128; SB200";"Bandits, salters, mercenaires, saloons, inns, general stores, blacksmiths, stables, ranches, bardes; autorité Kibral. Professions des résidents ; lieu de travail et commanditaires peuvent être extérieurs au quartier. Visiteurs exclus du stock. activité/institution locale Budget civil 23,00 % ; coefficient 1,000000 ; part de filière 0,608 %. Apprentissage, atelier, combustible et outils ; titre noble ne remplace pas qualification.";0.004410989410029964;0.06254833303042479;0.010587287335295912
Porcelainier;Potier;0.07754660977575066;0.12883636779490057;3.1018643910300265;D — activité déduite;SB200;"Bandits, salters, mercenaires, saloons, inns, general stores, blacksmiths, stables, ranches, bardes; autorité Kibral. Professions des résidents ; lieu de travail et commanditaires peuvent être extérieurs au quartier. Visiteurs exclus du stock. activité/institution locale Budget civil 23,00 % ; coefficient 1,000000 ; part de filière 0,608 %. Apprentissage, atelier, combustible et outils ; titre noble ne remplace pas qualification.";0.004410989410029964;0.06254833303042479;0.010587287335295912
Souffleur de verre;Verrier;0.054282626843025455;0.0901854574564304;2.171305073721018;A — activité attestée;"MJ128; SB174";"Bandits, salters, mercenaires, saloons, inns, general stores, blacksmiths, stables, ranches, bardes; autorité Kibral. Professions des résidents ; lieu de travail et commanditaires peuvent être extérieurs au quartier. Visiteurs exclus du stock. activité/institution locale Budget civil 23,00 % ; coefficient 0,700000 ; part de filière 0,426 %. Apprentissage, atelier, combustible et outils ; titre noble ne remplace pas qualification.";0.003087692587020973;0.04378383312129735;0.007411101134707136
Vitrier;Verrier;0.054282626843025455;0.0901854574564304;2.171305073721018;A — activité attestée;"MJ128; SB174";"Bandits, salters, mercenaires, saloons, inns, general stores, blacksmiths, stables, ranches, bardes; autorité Kibral. Professions des résidents ; lieu de travail et commanditaires peuvent être extérieurs au quartier. Visiteurs exclus du stock. activité/institution locale Budget civil 23,00 % ; coefficient 0,700000 ; part de filière 0,426 %. Apprentissage, atelier, combustible et outils ; titre noble ne remplace pas qualification.";0.003087692587020973;0.04378383312129735;0.007411101134707136
Opticien et fabricant de lentilles;Verrier;0;0;0.0;D — activité déduite;SB174;"Bandits, salters, mercenaires, saloons, inns, general stores, blacksmiths, stables, ranches, bardes; autorité Kibral. Professions des résidents ; lieu de travail et commanditaires peuvent être extérieurs au quartier. Visiteurs exclus du stock. activité/institution locale Budget civil 23,00 % ; coefficient 0,000000 ; part de filière 0,000 %. Zéro proposé : Climat, matière ou culture hors filière régionale retenue ; aucun établissement exceptionnel proposé. Apprentissage, atelier, combustible et outils ; titre noble ne remplace pas qualification.";0;0;0
Papetier;Papetier et artisan du livre;0.062037287820600535;0.10306909423592049;2.481491512824021;A — activité attestée;SB138;"Bandits, salters, mercenaires, saloons, inns, general stores, blacksmiths, stables, ranches, bardes; autorité Kibral. Professions des résidents ; lieu de travail et commanditaires peuvent être extérieurs au quartier. Visiteurs exclus du stock. activité/institution locale Budget civil 23,00 % ; coefficient 0,800000 ; part de filière 0,487 %. Apprentissage, atelier, combustible et outils ; titre noble ne remplace pas qualification.";0.003528791528023971;0.05003866642433984;0.008469829868236729
Relieur;Papetier et artisan du livre;0.062037287820600535;0.10306909423592049;2.481491512824021;D — activité déduite;"SB138; MJ128";"Bandits, salters, mercenaires, saloons, inns, general stores, blacksmiths, stables, ranches, bardes; autorité Kibral. Professions des résidents ; lieu de travail et commanditaires peuvent être extérieurs au quartier. Visiteurs exclus du stock. activité/institution locale Budget civil 23,00 % ; coefficient 0,800000 ; part de filière 0,487 %. Apprentissage, atelier, combustible et outils ; titre noble ne remplace pas qualification.";0.003528791528023971;0.05003866642433984;0.008469829868236729
Chandelier;Chandelier;0.09693326221968833;0.16104545974362575;3.8773304887875333;P — activité proposée;SB98;"Bandits, salters, mercenaires, saloons, inns, general stores, blacksmiths, stables, ranches, bardes; autorité Kibral. Professions des résidents ; lieu de travail et commanditaires peuvent être extérieurs au quartier. Visiteurs exclus du stock. activité/institution locale Budget civil 23,00 % ; coefficient 1,250000 ; part de filière 0,760 %. Apprentissage, atelier, combustible et outils ; titre noble ne remplace pas qualification.";0.005513736762537452;0.078185416288031;0.013234109169119882
Peintre;Peintre;0.15509321955150132;0.25767273558980114;6.203728782060053;A — activité attestée;"MJ128; SB190";"Bandits, salters, mercenaires, saloons, inns, general stores, blacksmiths, stables, ranches, bardes; autorité Kibral. Professions des résidents ; lieu de travail et commanditaires peuvent être extérieurs au quartier. Visiteurs exclus du stock. activité/institution locale Budget civil 23,00 % ; coefficient 2,000000 ; part de filière 1,216 %. Apprentissage, atelier, combustible et outils ; titre noble ne remplace pas qualification.";0.008821978820059927;0.12509666606084957;0.021174574670591823
Fabricant d’enseignes;Peintre;0.062037287820600535;0.10306909423592049;2.481491512824021;A — activité attestée;"MJ128; SB190";"Bandits, salters, mercenaires, saloons, inns, general stores, blacksmiths, stables, ranches, bardes; autorité Kibral. Professions des résidents ; lieu de travail et commanditaires peuvent être extérieurs au quartier. Visiteurs exclus du stock. activité/institution locale Budget civil 23,00 % ; coefficient 0,800000 ; part de filière 0,487 %. Apprentissage, atelier, combustible et outils ; titre noble ne remplace pas qualification.";0.003528791528023971;0.05003866642433984;0.008469829868236729
Enlumineur;Peintre;0.062037287820600535;0.10306909423592049;2.481491512824021;A — activité attestée;"MJ128; SB190";"Bandits, salters, mercenaires, saloons, inns, general stores, blacksmiths, stables, ranches, bardes; autorité Kibral. Professions des résidents ; lieu de travail et commanditaires peuvent être extérieurs au quartier. Visiteurs exclus du stock. activité/institution locale Budget civil 23,00 % ; coefficient 0,800000 ; part de filière 0,487 %. Apprentissage, atelier, combustible et outils ; titre noble ne remplace pas qualification.";0.003528791528023971;0.05003866642433984;0.008469829868236729
Peintre de guerre spirituel;Peintre;0;0;0.0;A — activité attestée;SB193;"Bandits, salters, mercenaires, saloons, inns, general stores, blacksmiths, stables, ranches, bardes; autorité Kibral. Professions des résidents ; lieu de travail et commanditaires peuvent être extérieurs au quartier. Visiteurs exclus du stock. activité/institution locale Initiation de la Red Mother ou apprentissage autorisé; recette complète non librement disponible Budget civil 23,00 % ; coefficient 0,000000 ; part de filière 0,000 %. Zéro proposé : Filière régionale non retenue dans ce scénario, sans interdiction universelle. Apprentissage, atelier, combustible et outils ; titre noble ne remplace pas qualification.";0;0;0
Tatoueur rituel;Peintre;0;0;0.0;D — activité déduite;"SB200; SB204";"Bandits, salters, mercenaires, saloons, inns, general stores, blacksmiths, stables, ranches, bardes; autorité Kibral. Professions des résidents ; lieu de travail et commanditaires peuvent être extérieurs au quartier. Visiteurs exclus du stock. activité/institution locale Budget civil 23,00 % ; coefficient 0,000000 ; part de filière 0,000 %. Zéro proposé : Filière régionale non retenue dans ce scénario, sans interdiction universelle. Apprentissage, atelier, combustible et outils ; titre noble ne remplace pas qualification.";0;0;0
Portefaix;Transporteur terrestre;0.1644067556836903;0.2731462962015124;6.576270227347611;D — activité déduite;"MJ132; SB121";"Bandits, salters, mercenaires, saloons, inns, general stores, blacksmiths, stables, ranches, bardes; autorité Kibral. Professions des résidents ; lieu de travail et commanditaires peuvent être extérieurs au quartier. Visiteurs exclus du stock. activité/institution locale Budget civil 12,00 % ; coefficient 6,000000 ; part de filière 2,471 %. Réseau, itinéraires, confiance et capital ; manutention distincte de propriété du fret.";0.006923220542285525;0.13089607610098883;0.026587459040415925
Docker;Transporteur terrestre;0.1644067556836903;0.2731462962015124;6.576270227347611;D — activité déduite;"MJ132; SB121";"Bandits, salters, mercenaires, saloons, inns, general stores, blacksmiths, stables, ranches, bardes; autorité Kibral. Professions des résidents ; lieu de travail et commanditaires peuvent être extérieurs au quartier. Visiteurs exclus du stock. activité/institution locale Budget civil 12,00 % ; coefficient 6,000000 ; part de filière 2,471 %. Réseau, itinéraires, confiance et capital ; manutention distincte de propriété du fret.";0.006923220542285525;0.13089607610098883;0.026587459040415925
Magasinier;Transporteur terrestre;0.1644067556836903;0.2731462962015124;6.576270227347611;D — activité déduite;"MJ132; SB121";"Bandits, salters, mercenaires, saloons, inns, general stores, blacksmiths, stables, ranches, bardes; autorité Kibral. Professions des résidents ; lieu de travail et commanditaires peuvent être extérieurs au quartier. Visiteurs exclus du stock. activité/institution locale Budget civil 12,00 % ; coefficient 6,000000 ; part de filière 2,471 %. Réseau, itinéraires, confiance et capital ; manutention distincte de propriété du fret.";0.013286924487032918;0.12560673664662694;0.025513094550030434
Charretier et cocher;Transporteur terrestre;0.1644067556836903;0.2731462962015124;6.576270227347611;D — activité déduite;"MJ132; SB121";"Bandits, salters, mercenaires, saloons, inns, general stores, blacksmiths, stables, ranches, bardes; autorité Kibral. Professions des résidents ; lieu de travail et commanditaires peuvent être extérieurs au quartier. Visiteurs exclus du stock. activité/institution locale Budget civil 12,00 % ; coefficient 6,000000 ; part de filière 2,471 %. Réseau, itinéraires, confiance et capital ; manutention distincte de propriété du fret.";0.013286924487032918;0.12560673664662694;0.025513094550030434
Chef de caravane;Transporteur terrestre;0.1644067556836903;0.2731462962015124;6.576270227347611;A — activité attestée;MJ132;"Bandits, salters, mercenaires, saloons, inns, general stores, blacksmiths, stables, ranches, bardes; autorité Kibral. Professions des résidents ; lieu de travail et commanditaires peuvent être extérieurs au quartier. Visiteurs exclus du stock. activité/institution locale Budget civil 12,00 % ; coefficient 6,000000 ; part de filière 2,471 %. Réseau, itinéraires, confiance et capital ; manutention distincte de propriété du fret.";0.013286924487032918;0.12560673664662694;0.025513094550030434
Coursier et messager;Transporteur terrestre;0.1644067556836903;0.2731462962015124;6.576270227347611;D — activité déduite;"MJ132; SB121";"Bandits, salters, mercenaires, saloons, inns, general stores, blacksmiths, stables, ranches, bardes; autorité Kibral. Professions des résidents ; lieu de travail et commanditaires peuvent être extérieurs au quartier. Visiteurs exclus du stock. activité/institution locale Budget civil 12,00 % ; coefficient 6,000000 ; part de filière 2,471 %. Réseau, itinéraires, confiance et capital ; manutention distincte de propriété du fret.";0.013286924487032918;0.12560673664662694;0.025513094550030434
Porteur d’eau;Transporteur terrestre;0.1644067556836903;0.2731462962015124;6.576270227347611;P — activité proposée;"MJ132; SB121";"Bandits, salters, mercenaires, saloons, inns, general stores, blacksmiths, stables, ranches, bardes; autorité Kibral. Professions des résidents ; lieu de travail et commanditaires peuvent être extérieurs au quartier. Visiteurs exclus du stock. activité/institution locale Budget civil 12,00 % ; coefficient 6,000000 ; part de filière 2,471 %. Réseau, itinéraires, confiance et capital ; manutention distincte de propriété du fret.";0.013286924487032918;0.12560673664662694;0.025513094550030434
Transporteur de canopée;Transporteur terrestre;0;0;0.0;D — activité déduite;SB154;"Bandits, salters, mercenaires, saloons, inns, general stores, blacksmiths, stables, ranches, bardes; autorité Kibral. Professions des résidents ; lieu de travail et commanditaires peuvent être extérieurs au quartier. Visiteurs exclus du stock. activité/institution locale Budget civil 12,00 % ; coefficient 0,000000 ; part de filière 0,000 %. Zéro proposé : Filière régionale non retenue dans ce scénario, sans interdiction universelle. Réseau, itinéraires, confiance et capital ; manutention distincte de propriété du fret.";0;0;0
Opérateur de Stone Disks;Transporteur terrestre;0;0;0.0;A — activité attestée;PG13;"Bandits, salters, mercenaires, saloons, inns, general stores, blacksmiths, stables, ranches, bardes; autorité Kibral. Professions des résidents ; lieu de travail et commanditaires peuvent être extérieurs au quartier. Visiteurs exclus du stock. activité/institution locale Prêtre nain de Dorsi; Formation spécialisée Budget civil 12,00 % ; coefficient 0,000000 ; part de filière 0,000 %. Zéro proposé : Technique de site, institution, secret ou habilitation concentrée dans les implantations autorisées du scénario. Réseau, itinéraires, confiance et capital ; manutention distincte de propriété du fret.";0;0;0
Palefrenier et soigneur d’écurie;Transporteur terrestre;0.9864405341021417;1.6388777772090741;39.45762136408567;D — activité déduite;SB123;"Bandits, salters, mercenaires, saloons, inns, general stores, blacksmiths, stables, ranches, bardes; autorité Kibral. Professions des résidents ; lieu de travail et commanditaires peuvent être extérieurs au quartier. Visiteurs exclus du stock. activité/institution locale Budget civil 12,00 % ; coefficient 36,000000 ; part de filière 14,827 %. Réseau, itinéraires, confiance et capital ; manutention distincte de propriété du fret.";0.07972154692219749;0.7536404198797617;0.15307856730018254
Marin;Marin;0.0685028148682043;0.11381095675063017;2.740112594728172;A — activité attestée;MJ136;"Bandits, salters, mercenaires, saloons, inns, general stores, blacksmiths, stables, ranches, bardes; autorité Kibral. Professions des résidents ; lieu de travail et commanditaires peuvent être extérieurs au quartier. Visiteurs exclus du stock. activité/institution locale Budget civil 12,00 % ; coefficient 2,500000 ; part de filière 1,030 %. Réseau, itinéraires, confiance et capital ; manutention distincte de propriété du fret.";0.005536218536263714;0.052336140269427914;0.010630456062512674
Navigateur;Marin;0.027401125947281717;0.04552438270025207;1.0960450378912687;A — activité attestée;MJ136;"Bandits, salters, mercenaires, saloons, inns, general stores, blacksmiths, stables, ranches, bardes; autorité Kibral. Professions des résidents ; lieu de travail et commanditaires peuvent être extérieurs au quartier. Visiteurs exclus du stock. activité/institution locale Budget civil 12,00 % ; coefficient 1,000000 ; part de filière 0,412 %. Réseau, itinéraires, confiance et capital ; manutention distincte de propriété du fret.";0.0022144874145054857;0.02093445610777116;0.00425218242500507
Pilote de port;Marin;0.027401125947281717;0.04552438270025207;1.0960450378912687;D — activité déduite;MJ136;"Bandits, salters, mercenaires, saloons, inns, general stores, blacksmiths, stables, ranches, bardes; autorité Kibral. Professions des résidents ; lieu de travail et commanditaires peuvent être extérieurs au quartier. Visiteurs exclus du stock. activité/institution locale Budget civil 12,00 % ; coefficient 1,000000 ; part de filière 0,412 %. Réseau, itinéraires, confiance et capital ; manutention distincte de propriété du fret.";0.0022144874145054857;0.02093445610777116;0.00425218242500507
Capitaine de navire;Marin;0.027401125947281717;0.04552438270025207;1.0960450378912687;A — activité attestée;MJ136;"Bandits, salters, mercenaires, saloons, inns, general stores, blacksmiths, stables, ranches, bardes; autorité Kibral. Professions des résidents ; lieu de travail et commanditaires peuvent être extérieurs au quartier. Visiteurs exclus du stock. activité/institution locale Budget civil 12,00 % ; coefficient 1,000000 ; part de filière 0,412 %. Réseau, itinéraires, confiance et capital ; manutention distincte de propriété du fret.";0.0022144874145054857;0.02093445610777116;0.00425218242500507
Pilote de véhicule volant;Marin;0;0;0.0;D — activité déduite;"SB142; SB174";"Bandits, salters, mercenaires, saloons, inns, general stores, blacksmiths, stables, ranches, bardes; autorité Kibral. Professions des résidents ; lieu de travail et commanditaires peuvent être extérieurs au quartier. Visiteurs exclus du stock. activité/institution locale Budget civil 12,00 % ; coefficient 0,000000 ; part de filière 0,000 %. Zéro proposé : Climat, matière ou culture hors filière régionale retenue ; aucun établissement exceptionnel proposé. Réseau, itinéraires, confiance et capital ; manutention distincte de propriété du fret.";0;0;0
Aubergiste;Hôte professionnel;1.2230570194997046;2.031993719055831;48.922280779988185;D — activité déduite;"SB110; SB123";"Bandits, salters, mercenaires, saloons, inns, general stores, blacksmiths, stables, ranches, bardes; autorité Kibral. Professions des résidents ; lieu de travail et commanditaires peuvent être extérieurs au quartier. Visiteurs exclus du stock. activité/institution locale Budget civil 14,00 % ; coefficient 12,000000 ; part de filière 15,757 %. Apprentissage et qualification variable ; soins avancés et thérapie magique exigent formation.";0.007403355179768847;1.0498042100798355;0.16584945424010034
Tavernier;Hôte professionnel;1.2230570194997046;2.031993719055831;48.922280779988185;A — activité attestée;"SB108; SB149";"Bandits, salters, mercenaires, saloons, inns, general stores, blacksmiths, stables, ranches, bardes; autorité Kibral. Professions des résidents ; lieu de travail et commanditaires peuvent être extérieurs au quartier. Visiteurs exclus du stock. activité/institution locale Budget civil 14,00 % ; coefficient 12,000000 ; part de filière 15,757 %. Apprentissage et qualification variable ; soins avancés et thérapie magique exigent formation.";0.007403355179768847;1.0498042100798355;0.16584945424010034
Barbier;Barbier;0.7644106371873152;1.269996074409894;30.576425487492607;P — activité proposée;"MJ135; PG40";"Bandits, salters, mercenaires, saloons, inns, general stores, blacksmiths, stables, ranches, bardes; autorité Kibral. Professions des résidents ; lieu de travail et commanditaires peuvent être extérieurs au quartier. Visiteurs exclus du stock. activité/institution locale Budget civil 14,00 % ; coefficient 7,500000 ; part de filière 9,848 %. Apprentissage et qualification variable ; soins avancés et thérapie magique exigent formation.";0.004627096987355528;0.6561276312998969;0.10365590890006268
Domestique;Employé domestique et aide familiale;2.0384283658328406;3.386656198426384;81.53713463331363;A — activité attestée;"MJ135; PG40";"Bandits, salters, mercenaires, saloons, inns, general stores, blacksmiths, stables, ranches, bardes; autorité Kibral. Professions des résidents ; lieu de travail et commanditaires peuvent être extérieurs au quartier. Visiteurs exclus du stock. activité/institution locale Budget civil 14,00 % ; coefficient 20,000000 ; part de filière 26,262 %. Apprentissage et qualification variable ; soins avancés et thérapie magique exigent formation.";0.012338925299614745;1.749673683466392;0.2764157570668339
Gardien d’enfants;Employé domestique et aide familiale;1.0192141829164203;1.693328099213192;40.768567316656814;A — activité attestée;PG40;"Bandits, salters, mercenaires, saloons, inns, general stores, blacksmiths, stables, ranches, bardes; autorité Kibral. Professions des résidents ; lieu de travail et commanditaires peuvent être extérieurs au quartier. Visiteurs exclus du stock. activité/institution locale Budget civil 14,00 % ; coefficient 10,000000 ; part de filière 13,131 %. Apprentissage et qualification variable ; soins avancés et thérapie magique exigent formation.";0.0061694626498073725;0.874836841733196;0.13820787853341696
Terrassier d’hygiène urbaine;Agent d’entretien;0.2038428365832841;0.3386656198426385;8.153713463331364;P — activité proposée;SB90;"Bandits, salters, mercenaires, saloons, inns, general stores, blacksmiths, stables, ranches, bardes; autorité Kibral. Professions des résidents ; lieu de travail et commanditaires peuvent être extérieurs au quartier. Visiteurs exclus du stock. activité/institution locale Budget civil 14,00 % ; coefficient 2,000000 ; part de filière 2,626 %. Apprentissage et qualification variable ; soins avancés et thérapie magique exigent formation.";0.0006188191695268928;0.17549852834906754;0.027725489064689652
Ramoneur;Agent d’entretien;0.2038428365832841;0.3386656198426385;8.153713463331364;P — activité proposée;SB90;"Bandits, salters, mercenaires, saloons, inns, general stores, blacksmiths, stables, ranches, bardes; autorité Kibral. Professions des résidents ; lieu de travail et commanditaires peuvent être extérieurs au quartier. Visiteurs exclus du stock. activité/institution locale Budget civil 14,00 % ; coefficient 2,000000 ; part de filière 2,626 %. Apprentissage et qualification variable ; soins avancés et thérapie magique exigent formation.";0.0012338925299614741;0.17496736834663923;0.02764157570668338
Fossoyeur;Agent funéraire;0.06115285097498523;0.10159968595279155;2.4461140389994096;A — activité attestée;"MJ135; SB99; SB182";"Bandits, salters, mercenaires, saloons, inns, general stores, blacksmiths, stables, ranches, bardes; autorité Kibral. Professions des résidents ; lieu de travail et commanditaires peuvent être extérieurs au quartier. Visiteurs exclus du stock. activité/institution locale Budget civil 14,00 % ; coefficient 0,600000 ; part de filière 0,788 %. Apprentissage et qualification variable ; soins avancés et thérapie magique exigent formation.";0.0003701677589884426;0.052490210503991774;0.008292472712005018
Gardien de cimetière;Agent funéraire;0.06115285097498523;0.10159968595279155;2.4461140389994096;A — activité attestée;"MJ135; SB99; SB182";"Bandits, salters, mercenaires, saloons, inns, general stores, blacksmiths, stables, ranches, bardes; autorité Kibral. Professions des résidents ; lieu de travail et commanditaires peuvent être extérieurs au quartier. Visiteurs exclus du stock. activité/institution locale Budget civil 14,00 % ; coefficient 0,600000 ; part de filière 0,788 %. Apprentissage et qualification variable ; soins avancés et thérapie magique exigent formation.";0.0003701677589884426;0.052490210503991774;0.008292472712005018
Momificateur;Agent funéraire;0;0;0.0;A — activité attestée;SB182;"Bandits, salters, mercenaires, saloons, inns, general stores, blacksmiths, stables, ranches, bardes; autorité Kibral. Professions des résidents ; lieu de travail et commanditaires peuvent être extérieurs au quartier. Visiteurs exclus du stock. activité/institution locale Budget civil 14,00 % ; coefficient 0,000000 ; part de filière 0,000 %. Zéro proposé : Filière régionale non retenue dans ce scénario, sans interdiction universelle. Apprentissage et qualification variable ; soins avancés et thérapie magique exigent formation.";0;0;0
Gardien d’arbres funéraires;Agent funéraire;0;0;0.0;D — activité déduite;SB155;"Bandits, salters, mercenaires, saloons, inns, general stores, blacksmiths, stables, ranches, bardes; autorité Kibral. Professions des résidents ; lieu de travail et commanditaires peuvent être extérieurs au quartier. Visiteurs exclus du stock. activité/institution locale Budget civil 14,00 % ; coefficient 0,000000 ; part de filière 0,000 %. Zéro proposé : Filière régionale non retenue dans ce scénario, sans interdiction universelle. Apprentissage et qualification variable ; soins avancés et thérapie magique exigent formation.";0;0;0
Marchand;Marchand;1.2330506676276771;2.048597221511343;49.322026705107085;A — activité attestée;"MJ128; SB139";"Bandits, salters, mercenaires, saloons, inns, general stores, blacksmiths, stables, ranches, bardes; autorité Kibral. Professions des résidents ; lieu de travail et commanditaires peuvent être extérieurs au quartier. Visiteurs exclus du stock. activité/institution locale Budget civil 12,00 % ; coefficient 45,000000 ; part de filière 18,534 %. Réseau, itinéraires, confiance et capital ; manutention distincte de propriété du fret.";0.09965193365274683;0.9420505248497021;0.19134820912522818
Colporteur;Marchand;0.49322026705107086;0.8194388886045371;19.728810682042834;A — activité attestée;SB121;"Bandits, salters, mercenaires, saloons, inns, general stores, blacksmiths, stables, ranches, bardes; autorité Kibral. Professions des résidents ; lieu de travail et commanditaires peuvent être extérieurs au quartier. Visiteurs exclus du stock. activité/institution locale Budget civil 12,00 % ; coefficient 18,000000 ; part de filière 7,414 %. Réseau, itinéraires, confiance et capital ; manutention distincte de propriété du fret.";0.039860773461098745;0.37682020993988086;0.07653928365009127
Courtier;Marchand;0.49322026705107086;0.8194388886045371;19.728810682042834;A — activité attestée;SB149;"Bandits, salters, mercenaires, saloons, inns, general stores, blacksmiths, stables, ranches, bardes; autorité Kibral. Professions des résidents ; lieu de travail et commanditaires peuvent être extérieurs au quartier. Visiteurs exclus du stock. activité/institution locale Budget civil 12,00 % ; coefficient 18,000000 ; part de filière 7,414 %. Réseau, itinéraires, confiance et capital ; manutention distincte de propriété du fret.";0.039860773461098745;0.37682020993988086;0.07653928365009127
Commissaire-priseur d’objets magiques;Marchand;0;0;0.0;A — activité attestée;SB139;"Bandits, salters, mercenaires, saloons, inns, general stores, blacksmiths, stables, ranches, bardes; autorité Kibral. Professions des résidents ; lieu de travail et commanditaires peuvent être extérieurs au quartier. Visiteurs exclus du stock. activité/institution locale Budget civil 12,00 % ; coefficient 0,000000 ; part de filière 0,000 %. Zéro proposé : Filière régionale non retenue dans ce scénario, sans interdiction universelle. Réseau, itinéraires, confiance et capital ; manutention distincte de propriété du fret.";0;0;0
Comptable;Professionnel de finance;0.0685028148682043;0.11381095675063017;2.740112594728172;D — activité déduite;"SB212; SB213";"Bandits, salters, mercenaires, saloons, inns, general stores, blacksmiths, stables, ranches, bardes; autorité Kibral. Professions des résidents ; lieu de travail et commanditaires peuvent être extérieurs au quartier. Visiteurs exclus du stock. activité/institution locale Budget civil 12,00 % ; coefficient 2,500000 ; part de filière 1,030 %. Réseau, itinéraires, confiance et capital ; manutention distincte de propriété du fret.";0.005536218536263714;0.052336140269427914;0.010630456062512674
Banquier et employé de banque;Professionnel de finance;0.005480225189456343;0.009104876540050412;0.2192090075782537;A — activité attestée;"SB212; SB213";"Bandits, salters, mercenaires, saloons, inns, general stores, blacksmiths, stables, ranches, bardes; autorité Kibral. Professions des résidents ; lieu de travail et commanditaires peuvent être extérieurs au quartier. Visiteurs exclus du stock. activité/institution locale Budget civil 12,00 % ; coefficient 0,200000 ; part de filière 0,082 %. Réseau, itinéraires, confiance et capital ; manutention distincte de propriété du fret.";0.00044289748290109697;0.004186891221554232;0.000850436485001014
Usurier et prêteur sur gages;Professionnel de finance;0.0685028148682043;0.11381095675063017;2.740112594728172;D — activité déduite;"SB212; SB213";"Bandits, salters, mercenaires, saloons, inns, general stores, blacksmiths, stables, ranches, bardes; autorité Kibral. Professions des résidents ; lieu de travail et commanditaires peuvent être extérieurs au quartier. Visiteurs exclus du stock. activité/institution locale Budget civil 12,00 % ; coefficient 2,500000 ; part de filière 1,030 %. Réseau, itinéraires, confiance et capital ; manutention distincte de propriété du fret.";0.005536218536263714;0.052336140269427914;0.010630456062512674
Changeur;Professionnel de finance;0.0685028148682043;0.11381095675063017;2.740112594728172;D — activité déduite;"SB212; SB213";"Bandits, salters, mercenaires, saloons, inns, general stores, blacksmiths, stables, ranches, bardes; autorité Kibral. Professions des résidents ; lieu de travail et commanditaires peuvent être extérieurs au quartier. Visiteurs exclus du stock. activité/institution locale Budget civil 12,00 % ; coefficient 2,500000 ; part de filière 1,030 %. Réseau, itinéraires, confiance et capital ; manutention distincte de propriété du fret.";0.005536218536263714;0.052336140269427914;0.010630456062512674
Assureur;Professionnel de finance;0.005480225189456343;0.009104876540050412;0.2192090075782537;D — activité déduite;"SB212; SB213";"Bandits, salters, mercenaires, saloons, inns, general stores, blacksmiths, stables, ranches, bardes; autorité Kibral. Professions des résidents ; lieu de travail et commanditaires peuvent être extérieurs au quartier. Visiteurs exclus du stock. activité/institution locale Budget civil 12,00 % ; coefficient 0,200000 ; part de filière 0,082 %. Réseau, itinéraires, confiance et capital ; manutention distincte de propriété du fret.";0.00044289748290109697;0.004186891221554232;0.000850436485001014
Estimateur;Professionnel de finance;0.005480225189456343;0.009104876540050412;0.2192090075782537;A — activité attestée;"SB212; SB213";"Bandits, salters, mercenaires, saloons, inns, general stores, blacksmiths, stables, ranches, bardes; autorité Kibral. Professions des résidents ; lieu de travail et commanditaires peuvent être extérieurs au quartier. Visiteurs exclus du stock. activité/institution locale Budget civil 12,00 % ; coefficient 0,200000 ; part de filière 0,082 %. Réseau, itinéraires, confiance et capital ; manutention distincte de propriété du fret.";0.00044289748290109697;0.004186891221554232;0.000850436485001014
Négociateur;Professionnel de finance;0.005480225189456343;0.009104876540050412;0.2192090075782537;A — activité attestée;"SB212; SB213";"Bandits, salters, mercenaires, saloons, inns, general stores, blacksmiths, stables, ranches, bardes; autorité Kibral. Professions des résidents ; lieu de travail et commanditaires peuvent être extérieurs au quartier. Visiteurs exclus du stock. activité/institution locale Budget civil 12,00 % ; coefficient 0,200000 ; part de filière 0,082 %. Réseau, itinéraires, confiance et capital ; manutention distincte de propriété du fret.";0.00044289748290109697;0.004186891221554232;0.000850436485001014
Scribe;Scribe et auteur;0.05805404345549739;0.09645130994433858;2.322161738219896;A — activité attestée;"MJ128; SB32";"Bandits, salters, mercenaires, saloons, inns, general stores, blacksmiths, stables, ranches, bardes; autorité Kibral. Professions des résidents ; lieu de travail et commanditaires peuvent être extérieurs au quartier. Visiteurs exclus du stock. activité/institution locale Budget civil 3,00 % ; coefficient 2,000000 ; part de filière 3,490 %. Instruction, autorisation ou initiation ; clergé, caste et office ne rendent pas noble.";0.005415439094225486;0.05119436275852026;0.001444241602751645
Calligraphe;Scribe et auteur;0.05805404345549739;0.09645130994433858;2.322161738219896;A — activité attestée;"MJ128; SB32";"Bandits, salters, mercenaires, saloons, inns, general stores, blacksmiths, stables, ranches, bardes; autorité Kibral. Professions des résidents ; lieu de travail et commanditaires peuvent être extérieurs au quartier. Visiteurs exclus du stock. activité/institution locale Budget civil 3,00 % ; coefficient 2,000000 ; part de filière 3,490 %. Instruction, autorisation ou initiation ; clergé, caste et office ne rendent pas noble.";0.005415439094225486;0.05119436275852026;0.001444241602751645
Écrivain;Scribe et auteur;0.03727041880945178;0.06192128062710049;1.4908167523780713;A — activité attestée;"MJ128; SB32";"Bandits, salters, mercenaires, saloons, inns, general stores, blacksmiths, stables, ranches, bardes; autorité Kibral. Professions des résidents ; lieu de travail et commanditaires peuvent être extérieurs au quartier. Visiteurs exclus du stock. activité/institution locale Budget civil 1,00 % ; coefficient 2,000000 ; part de filière 6,722 %. Long apprentissage, frais, bourses, talent, licence ou secret ; titre ne donne pas maîtrise.";0.005522482551610795;0.03132377302991674;0.00042416322792424537
Journaliste et rédacteur;Scribe et auteur;0.03727041880945178;0.06192128062710049;1.4908167523780713;A — activité attestée;CC9;"Bandits, salters, mercenaires, saloons, inns, general stores, blacksmiths, stables, ranches, bardes; autorité Kibral. Professions des résidents ; lieu de travail et commanditaires peuvent être extérieurs au quartier. Visiteurs exclus du stock. activité/institution locale Budget civil 1,00 % ; coefficient 2,000000 ; part de filière 6,722 %. Long apprentissage, frais, bourses, talent, licence ou secret ; titre ne donne pas maîtrise.";0.005522482551610795;0.03132377302991674;0.00042416322792424537
Traducteur;Scribe et auteur;0.05805404345549739;0.09645130994433858;2.322161738219896;D — activité déduite;SB198;"Bandits, salters, mercenaires, saloons, inns, general stores, blacksmiths, stables, ranches, bardes; autorité Kibral. Professions des résidents ; lieu de travail et commanditaires peuvent être extérieurs au quartier. Visiteurs exclus du stock. activité/institution locale Budget civil 3,00 % ; coefficient 2,000000 ; part de filière 3,490 %. Instruction, autorisation ou initiation ; clergé, caste et office ne rendent pas noble.";0.005415439094225486;0.05119436275852026;0.001444241602751645
Bibliothécaire;Érudit;0.03773512824607331;0.06269335146382009;1.5094051298429323;A — activité attestée;MJ138;"Bandits, salters, mercenaires, saloons, inns, general stores, blacksmiths, stables, ranches, bardes; autorité Kibral. Professions des résidents ; lieu de travail et commanditaires peuvent être extérieurs au quartier. Visiteurs exclus du stock. activité/institution locale Budget civil 3,00 % ; coefficient 1,300000 ; part de filière 2,269 %. Instruction, autorisation ou initiation ; clergé, caste et office ne rendent pas noble.";0.003520035411246565;0.033276335793038174;0.000938757041788569
Conservateur de musée;Érudit;0.03773512824607331;0.06269335146382009;1.5094051298429323;A — activité attestée;PG48;"Bandits, salters, mercenaires, saloons, inns, general stores, blacksmiths, stables, ranches, bardes; autorité Kibral. Professions des résidents ; lieu de travail et commanditaires peuvent être extérieurs au quartier. Visiteurs exclus du stock. activité/institution locale Budget civil 3,00 % ; coefficient 1,300000 ; part de filière 2,269 %. Instruction, autorisation ou initiation ; clergé, caste et office ne rendent pas noble.";0.003520035411246565;0.033276335793038174;0.000938757041788569
Historien;Érudit;0.02422577222614366;0.040248832407615315;0.9690308890457463;A — activité attestée;PG46;"Bandits, salters, mercenaires, saloons, inns, general stores, blacksmiths, stables, ranches, bardes; autorité Kibral. Professions des résidents ; lieu de travail et commanditaires peuvent être extérieurs au quartier. Visiteurs exclus du stock. activité/institution locale Budget civil 1,00 % ; coefficient 1,300000 ; part de filière 4,370 %. Long apprentissage, frais, bourses, talent, licence ou secret ; titre ne donne pas maîtrise.";0.0035896136585470174;0.020360452469445883;0.0002757060981507596
Astronome;Érudit;0.02422577222614366;0.040248832407615315;0.9690308890457463;A — activité attestée;MJ138;"Bandits, salters, mercenaires, saloons, inns, general stores, blacksmiths, stables, ranches, bardes; autorité Kibral. Professions des résidents ; lieu de travail et commanditaires peuvent être extérieurs au quartier. Visiteurs exclus du stock. activité/institution locale Budget civil 1,00 % ; coefficient 1,300000 ; part de filière 4,370 %. Long apprentissage, frais, bourses, talent, licence ou secret ; titre ne donne pas maîtrise.";0.0035896136585470174;0.020360452469445883;0.0002757060981507596
Chercheur non arcanique;Érudit;0.02422577222614366;0.040248832407615315;0.9690308890457463;A — activité attestée;"MJ138; PG46";"Bandits, salters, mercenaires, saloons, inns, general stores, blacksmiths, stables, ranches, bardes; autorité Kibral. Professions des résidents ; lieu de travail et commanditaires peuvent être extérieurs au quartier. Visiteurs exclus du stock. activité/institution locale Budget civil 1,00 % ; coefficient 1,300000 ; part de filière 4,370 %. Long apprentissage, frais, bourses, talent, licence ou secret ; titre ne donne pas maîtrise.";0.0035896136585470174;0.020360452469445883;0.0002757060981507596
Mathématicien;Érudit;0.016958040558300563;0.028174182685330725;0.6783216223320225;A — activité attestée;SB174;"Bandits, salters, mercenaires, saloons, inns, general stores, blacksmiths, stables, ranches, bardes; autorité Kibral. Professions des résidents ; lieu de travail et commanditaires peuvent être extérieurs au quartier. Visiteurs exclus du stock. activité/institution locale Budget civil 1,00 % ; coefficient 0,910000 ; part de filière 3,059 %. Long apprentissage, frais, bourses, talent, licence ou secret ; titre ne donne pas maîtrise.";0.0025127295609829116;0.014252316728612118;0.00019299426870553175
Philosophe;Érudit;0.016958040558300563;0.028174182685330725;0.6783216223320225;A — activité attestée;SB178;"Bandits, salters, mercenaires, saloons, inns, general stores, blacksmiths, stables, ranches, bardes; autorité Kibral. Professions des résidents ; lieu de travail et commanditaires peuvent être extérieurs au quartier. Visiteurs exclus du stock. activité/institution locale Budget civil 1,00 % ; coefficient 0,910000 ; part de filière 3,059 %. Long apprentissage, frais, bourses, talent, licence ou secret ; titre ne donne pas maîtrise.";0.0025127295609829116;0.014252316728612118;0.00019299426870553175
Archéologue;Érudit;0.02422577222614366;0.040248832407615315;0.9690308890457463;D — activité déduite;PG48;"Bandits, salters, mercenaires, saloons, inns, general stores, blacksmiths, stables, ranches, bardes; autorité Kibral. Professions des résidents ; lieu de travail et commanditaires peuvent être extérieurs au quartier. Visiteurs exclus du stock. activité/institution locale Budget civil 1,00 % ; coefficient 1,300000 ; part de filière 4,370 %. Long apprentissage, frais, bourses, talent, licence ou secret ; titre ne donne pas maîtrise.";0.0035896136585470174;0.020360452469445883;0.0002757060981507596
Professeur;Enseignant;0.049345936937172784;0.0819836134526878;1.9738374774869112;A — activité attestée;"MJ138; SB141";"Bandits, salters, mercenaires, saloons, inns, general stores, blacksmiths, stables, ranches, bardes; autorité Kibral. Professions des résidents ; lieu de travail et commanditaires peuvent être extérieurs au quartier. Visiteurs exclus du stock. activité/institution locale Budget civil 3,00 % ; coefficient 1,700000 ; part de filière 2,967 %. Instruction, autorisation ou initiation ; clergé, caste et office ne rendent pas noble.";0.004603123230091666;0.04351520834474222;0.0012276053623388984
Enseignant de magie arcanique;Enseignant;0.0009503956796410204;0.0015789926559910622;0.03801582718564081;A — activité attestée;SB141;"Bandits, salters, mercenaires, saloons, inns, general stores, blacksmiths, stables, ranches, bardes; autorité Kibral. Professions des résidents ; lieu de travail et commanditaires peuvent être extérieurs au quartier. Visiteurs exclus du stock. activité/institution locale Budget civil 1,00 % ; coefficient 0,051000 ; part de filière 0,171 %. Long apprentissage, frais, bourses, talent, licence ou secret ; titre ne donne pas maîtrise.";0.00014082330506607528;0.0007987562122628768;1.0816162312068259e-05
Instructeur martial;Enseignant;0;0;0.0;A — activité attestée;SB94;"Bandits, salters, mercenaires, saloons, inns, general stores, blacksmiths, stables, ranches, bardes; autorité Kibral. Professions des résidents ; lieu de travail et commanditaires peuvent être extérieurs au quartier. Visiteurs exclus du stock. activité/institution locale Budget civil 3,00 % ; coefficient 0,000000 ; part de filière 0,000 %. Zéro proposé : Technique de site, institution, secret ou habilitation concentrée dans les implantations autorisées du scénario. Instruction, autorisation ou initiation ; clergé, caste et office ne rendent pas noble.";0;0;0
Formateur de tir à l’arc;Enseignant;0;0;0.0;A — activité attestée;SB155;"Bandits, salters, mercenaires, saloons, inns, general stores, blacksmiths, stables, ranches, bardes; autorité Kibral. Professions des résidents ; lieu de travail et commanditaires peuvent être extérieurs au quartier. Visiteurs exclus du stock. activité/institution locale Budget civil 3,00 % ; coefficient 0,000000 ; part de filière 0,000 %. Zéro proposé : Technique de site, institution, secret ou habilitation concentrée dans les implantations autorisées du scénario. Instruction, autorisation ou initiation ; clergé, caste et office ne rendent pas noble.";0;0;0
Ingénieur;Ingénieur;0.04658802351181473;0.0774016007838756;1.863520940472589;A — activité attestée;SB174;"Bandits, salters, mercenaires, saloons, inns, general stores, blacksmiths, stables, ranches, bardes; autorité Kibral. Professions des résidents ; lieu de travail et commanditaires peuvent être extérieurs au quartier. Visiteurs exclus du stock. activité/institution locale Budget civil 1,00 % ; coefficient 2,500000 ; part de filière 8,403 %. Long apprentissage, frais, bourses, talent, licence ou secret ; titre ne donne pas maîtrise.";0.006903103189513498;0.039154716287395926;0.0005302040349053068
Inventeur;Ingénieur;0.011181125642835533;0.018576384188130145;0.44724502571342134;A — activité attestée;SB178;"Bandits, salters, mercenaires, saloons, inns, general stores, blacksmiths, stables, ranches, bardes; autorité Kibral. Professions des résidents ; lieu de travail et commanditaires peuvent être extérieurs au quartier. Visiteurs exclus du stock. activité/institution locale Budget civil 1,00 % ; coefficient 0,600000 ; part de filière 2,017 %. Long apprentissage, frais, bourses, talent, licence ou secret ; titre ne donne pas maîtrise.";0.001656744765483239;0.00939713190897502;0.00012724896837727363
Ingénieur mystique;Ingénieur;0.01863520940472589;0.030960640313550246;0.7454083761890357;A — activité attestée;SB174;"Bandits, salters, mercenaires, saloons, inns, general stores, blacksmiths, stables, ranches, bardes; autorité Kibral. Professions des résidents ; lieu de travail et commanditaires peuvent être extérieurs au quartier. Visiteurs exclus du stock. activité/institution locale Budget civil 1,00 % ; coefficient 1,000000 ; part de filière 3,361 %. Long apprentissage, frais, bourses, talent, licence ou secret ; titre ne donne pas maîtrise.";0.0027612412758053974;0.01566188651495837;0.00021208161396212268
Créateur et mainteneur de golems;Ingénieur;0.01863520940472589;0.030960640313550246;0.7454083761890357;D — activité déduite;SB174;"Bandits, salters, mercenaires, saloons, inns, general stores, blacksmiths, stables, ranches, bardes; autorité Kibral. Professions des résidents ; lieu de travail et commanditaires peuvent être extérieurs au quartier. Visiteurs exclus du stock. activité/institution locale Budget civil 1,00 % ; coefficient 1,000000 ; part de filière 3,361 %. Long apprentissage, frais, bourses, talent, licence ou secret ; titre ne donne pas maîtrise.";0.0027612412758053974;0.01566188651495837;0.00021208161396212268
Chercheur en golems;Ingénieur;0.014908167523780715;0.024768512250840202;0.5963267009512286;A — activité attestée;SB178;"Bandits, salters, mercenaires, saloons, inns, general stores, blacksmiths, stables, ranches, bardes; autorité Kibral. Professions des résidents ; lieu de travail et commanditaires peuvent être extérieurs au quartier. Visiteurs exclus du stock. activité/institution locale Budget civil 1,00 % ; coefficient 0,800000 ; part de filière 2,689 %. Long apprentissage, frais, bourses, talent, licence ou secret ; titre ne donne pas maîtrise.";0.002208993020644319;0.012529509211966697;0.0001696652911696982
Ingénieur de réacteurs de bauronite;Ingénieur;0;0;0.0;D — activité déduite;SB174;"Bandits, salters, mercenaires, saloons, inns, general stores, blacksmiths, stables, ranches, bardes; autorité Kibral. Professions des résidents ; lieu de travail et commanditaires peuvent être extérieurs au quartier. Visiteurs exclus du stock. activité/institution locale Accès aux secrets des réacteurs; savoir détenu par un petit nombre Budget civil 1,00 % ; coefficient 0,000000 ; part de filière 0,000 %. Zéro proposé : Filière régionale non retenue dans ce scénario, sans interdiction universelle. Long apprentissage, frais, bourses, talent, licence ou secret ; titre ne donne pas maîtrise.";0;0;0
Technicien de communication runique;Ingénieur;0;0;0.0;D — activité déduite;SB174;"Bandits, salters, mercenaires, saloons, inns, general stores, blacksmiths, stables, ranches, bardes; autorité Kibral. Professions des résidents ; lieu de travail et commanditaires peuvent être extérieurs au quartier. Visiteurs exclus du stock. activité/institution locale Budget civil 1,00 % ; coefficient 0,000000 ; part de filière 0,000 %. Zéro proposé : Filière régionale non retenue dans ce scénario, sans interdiction universelle. Long apprentissage, frais, bourses, talent, licence ou secret ; titre ne donne pas maîtrise.";0;0;0
Chercheur en magie;Praticien des services arcaniques;0.0005590562821417767;0.0009288192094065072;0.02236225128567107;A — activité attestée;"SB138; SB139";"Bandits, salters, mercenaires, saloons, inns, general stores, blacksmiths, stables, ranches, bardes; autorité Kibral. Professions des résidents ; lieu de travail et commanditaires peuvent être extérieurs au quartier. Visiteurs exclus du stock. activité/institution locale Budget civil 1,00 % ; coefficient 0,030000 ; part de filière 0,101 %. Long apprentissage, frais, bourses, talent, licence ou secret ; titre ne donne pas maîtrise.";8.283723827416192e-05;0.00046985659544875107;6.362448418863682e-06
Fabricant d’objets magiques;Praticien des services arcaniques;0.01863520940472589;0.030960640313550246;0.7454083761890357;A — activité attestée;SB138;"Bandits, salters, mercenaires, saloons, inns, general stores, blacksmiths, stables, ranches, bardes; autorité Kibral. Professions des résidents ; lieu de travail et commanditaires peuvent être extérieurs au quartier. Visiteurs exclus du stock. activité/institution locale Budget civil 1,00 % ; coefficient 1,000000 ; part de filière 3,361 %. Long apprentissage, frais, bourses, talent, licence ou secret ; titre ne donne pas maîtrise.";0.0027612412758053974;0.01566188651495837;0.00021208161396212268
Fabricant de parchemins magiques;Praticien des services arcaniques;0.01863520940472589;0.030960640313550246;0.7454083761890357;A — activité attestée;SB138;"Bandits, salters, mercenaires, saloons, inns, general stores, blacksmiths, stables, ranches, bardes; autorité Kibral. Professions des résidents ; lieu de travail et commanditaires peuvent être extérieurs au quartier. Visiteurs exclus du stock. activité/institution locale Budget civil 1,00 % ; coefficient 1,000000 ; part de filière 3,361 %. Long apprentissage, frais, bourses, talent, licence ou secret ; titre ne donne pas maîtrise.";0.0027612412758053974;0.01566188651495837;0.00021208161396212268
Nécromancien de service;Praticien des services arcaniques;0.01863520940472589;0.030960640313550246;0.7454083761890357;D — activité déduite;"SB108; SB170";"Bandits, salters, mercenaires, saloons, inns, general stores, blacksmiths, stables, ranches, bardes; autorité Kibral. Professions des résidents ; lieu de travail et commanditaires peuvent être extérieurs au quartier. Visiteurs exclus du stock. activité/institution locale Budget civil 1,00 % ; coefficient 1,000000 ; part de filière 3,361 %. Long apprentissage, frais, bourses, talent, licence ou secret ; titre ne donne pas maîtrise.";0.0027612412758053974;0.01566188651495837;0.00021208161396212268
Illusionniste de service;Praticien des services arcaniques;0.01863520940472589;0.030960640313550246;0.7454083761890357;D — activité déduite;"SB107; SB142";"Bandits, salters, mercenaires, saloons, inns, general stores, blacksmiths, stables, ranches, bardes; autorité Kibral. Professions des résidents ; lieu de travail et commanditaires peuvent être extérieurs au quartier. Visiteurs exclus du stock. activité/institution locale Budget civil 1,00 % ; coefficient 1,000000 ; part de filière 3,361 %. Long apprentissage, frais, bourses, talent, licence ou secret ; titre ne donne pas maîtrise.";0.0027612412758053974;0.01566188651495837;0.00021208161396212268
Chercheur en aethermancy;Praticien des services arcaniques;0;0;0.0;A — activité attestée;SB140;"Bandits, salters, mercenaires, saloons, inns, general stores, blacksmiths, stables, ranches, bardes; autorité Kibral. Professions des résidents ; lieu de travail et commanditaires peuvent être extérieurs au quartier. Visiteurs exclus du stock. activité/institution locale Budget civil 1,00 % ; coefficient 0,000000 ; part de filière 0,000 %. Zéro proposé : Filière régionale non retenue dans ce scénario, sans interdiction universelle. Long apprentissage, frais, bourses, talent, licence ou secret ; titre ne donne pas maîtrise.";0;0;0
Chercheur en biomancy;Praticien des services arcaniques;0;0;0.0;A — activité attestée;SB140;"Bandits, salters, mercenaires, saloons, inns, general stores, blacksmiths, stables, ranches, bardes; autorité Kibral. Professions des résidents ; lieu de travail et commanditaires peuvent être extérieurs au quartier. Visiteurs exclus du stock. activité/institution locale Budget civil 1,00 % ; coefficient 0,000000 ; part de filière 0,000 %. Zéro proposé : Filière régionale non retenue dans ce scénario, sans interdiction universelle. Long apprentissage, frais, bourses, talent, licence ou secret ; titre ne donne pas maîtrise.";0;0;0
Désenchanteur et récupérateur arcanique;Praticien des services arcaniques;0;0;0.0;A — activité attestée;SB139;"Bandits, salters, mercenaires, saloons, inns, general stores, blacksmiths, stables, ranches, bardes; autorité Kibral. Professions des résidents ; lieu de travail et commanditaires peuvent être extérieurs au quartier. Visiteurs exclus du stock. activité/institution locale Budget civil 1,00 % ; coefficient 0,000000 ; part de filière 0,000 %. Zéro proposé : Filière régionale non retenue dans ce scénario, sans interdiction universelle. Long apprentissage, frais, bourses, talent, licence ou secret ; titre ne donne pas maîtrise.";0;0;0
Extracteur de mémoire;Praticien des services arcaniques;0;0;0.0;A — activité attestée;SB140;"Bandits, salters, mercenaires, saloons, inns, general stores, blacksmiths, stables, ranches, bardes; autorité Kibral. Professions des résidents ; lieu de travail et commanditaires peuvent être extérieurs au quartier. Visiteurs exclus du stock. activité/institution locale Budget civil 1,00 % ; coefficient 0,000000 ; part de filière 0,000 %. Zéro proposé : Filière régionale non retenue dans ce scénario, sans interdiction universelle. Long apprentissage, frais, bourses, talent, licence ou secret ; titre ne donne pas maîtrise.";0;0;0
Certificateur et inspecteur arcanique;Praticien des services arcaniques;0;0;0.0;A — activité attestée;SB139;"Bandits, salters, mercenaires, saloons, inns, general stores, blacksmiths, stables, ranches, bardes; autorité Kibral. Professions des résidents ; lieu de travail et commanditaires peuvent être extérieurs au quartier. Visiteurs exclus du stock. activité/institution locale Budget civil 1,00 % ; coefficient 0,000000 ; part de filière 0,000 %. Zéro proposé : Filière régionale non retenue dans ce scénario, sans interdiction universelle. Long apprentissage, frais, bourses, talent, licence ou secret ; titre ne donne pas maîtrise.";0;0;0
Opérateur de transport magique;Praticien des services arcaniques;0.01863520940472589;0.030960640313550246;0.7454083761890357;D — activité déduite;SB142;"Bandits, salters, mercenaires, saloons, inns, general stores, blacksmiths, stables, ranches, bardes; autorité Kibral. Professions des résidents ; lieu de travail et commanditaires peuvent être extérieurs au quartier. Visiteurs exclus du stock. activité/institution locale Budget civil 1,00 % ; coefficient 1,000000 ; part de filière 3,361 %. Long apprentissage, frais, bourses, talent, licence ou secret ; titre ne donne pas maîtrise.";0.0027612412758053974;0.01566188651495837;0.00021208161396212268
Restaurateur de runes de tunnels;Praticien des services arcaniques;0.01863520940472589;0.030960640313550246;0.7454083761890357;A — activité attestée;SB161;"Bandits, salters, mercenaires, saloons, inns, general stores, blacksmiths, stables, ranches, bardes; autorité Kibral. Professions des résidents ; lieu de travail et commanditaires peuvent être extérieurs au quartier. Visiteurs exclus du stock. activité/institution locale Budget civil 1,00 % ; coefficient 1,000000 ; part de filière 3,361 %. Long apprentissage, frais, bourses, talent, licence ou secret ; titre ne donne pas maîtrise.";0.0027612412758053974;0.01566188651495837;0.00021208161396212268
Artificier psychique;Praticien des services arcaniques;0;0;0.0;A — activité attestée;PG8;"Bandits, salters, mercenaires, saloons, inns, general stores, blacksmiths, stables, ranches, bardes; autorité Kibral. Professions des résidents ; lieu de travail et commanditaires peuvent être extérieurs au quartier. Visiteurs exclus du stock. activité/institution locale Budget civil 1,00 % ; coefficient 0,000000 ; part de filière 0,000 %. Zéro proposé : Filière régionale non retenue dans ce scénario, sans interdiction universelle. Long apprentissage, frais, bourses, talent, licence ou secret ; titre ne donne pas maîtrise.";0;0;0
Guérisseur;Soigneur;0.1732664110957915;0.2878657768662427;6.930656443831659;A — activité attestée;"MJ141; PG36";"Bandits, salters, mercenaires, saloons, inns, general stores, blacksmiths, stables, ranches, bardes; autorité Kibral. Professions des résidents ; lieu de travail et commanditaires peuvent être extérieurs au quartier. Visiteurs exclus du stock. activité/institution locale Budget civil 14,00 % ; coefficient 1,700000 ; part de filière 2,232 %. Apprentissage et qualification variable ; soins avancés et thérapie magique exigent formation.";0.0010488086504672537;0.14872226309464334;0.023495339350680888
Chirurgien;Soigneur;0.02598996166436872;0.0431798665299364;1.0395984665747486;P — activité proposée;"MJ141; PG36";"Bandits, salters, mercenaires, saloons, inns, general stores, blacksmiths, stables, ranches, bardes; autorité Kibral. Professions des résidents ; lieu de travail et commanditaires peuvent être extérieurs au quartier. Visiteurs exclus du stock. activité/institution locale Budget civil 14,00 % ; coefficient 0,255000 ; part de filière 0,335 %. Apprentissage et qualification variable ; soins avancés et thérapie magique exigent formation.";0.00015732129757008802;0.022308339464196497;0.0035243009026021343
Praticien de psychosurgery;Soigneur;0;0;0.0;D — activité déduite;SB94;"Bandits, salters, mercenaires, saloons, inns, general stores, blacksmiths, stables, ranches, bardes; autorité Kibral. Professions des résidents ; lieu de travail et commanditaires peuvent être extérieurs au quartier. Visiteurs exclus du stock. activité/institution locale Budget civil 14,00 % ; coefficient 0,000000 ; part de filière 0,000 %. Zéro proposé : Filière régionale non retenue dans ce scénario, sans interdiction universelle. Apprentissage et qualification variable ; soins avancés et thérapie magique exigent formation.";0;0;0
Opérateur de thérapie onirique;Soigneur;0;0;0.0;D — activité déduite;"SB141; SB228";"Bandits, salters, mercenaires, saloons, inns, general stores, blacksmiths, stables, ranches, bardes; autorité Kibral. Professions des résidents ; lieu de travail et commanditaires peuvent être extérieurs au quartier. Visiteurs exclus du stock. activité/institution locale Budget civil 14,00 % ; coefficient 0,000000 ; part de filière 0,000 %. Zéro proposé : Technique de site, institution, secret ou habilitation concentrée dans les implantations autorisées du scénario. Apprentissage et qualification variable ; soins avancés et thérapie magique exigent formation.";0;0;0
Prêtre et officiant;Officiant religieux;0.08708106518324608;0.1446769649165079;3.4832426073298435;A — activité attestée;"MJ127; SB182";"Bandits, salters, mercenaires, saloons, inns, general stores, blacksmiths, stables, ranches, bardes; autorité Kibral. Professions des résidents ; lieu de travail et commanditaires peuvent être extérieurs au quartier. Visiteurs exclus du stock. activité/institution locale Budget civil 3,00 % ; coefficient 3,000000 ; part de filière 5,236 %. Instruction, autorisation ou initiation ; clergé, caste et office ne rendent pas noble.";0.00812315864133823;0.07679154413778039;0.0021663624041274665
Acolyte;Officiant religieux;0.08708106518324608;0.1446769649165079;3.4832426073298435;A — activité attestée;"MJ127; SB182";"Bandits, salters, mercenaires, saloons, inns, general stores, blacksmiths, stables, ranches, bardes; autorité Kibral. Professions des résidents ; lieu de travail et commanditaires peuvent être extérieurs au quartier. Visiteurs exclus du stock. activité/institution locale Budget civil 3,00 % ; coefficient 3,000000 ; part de filière 5,236 %. Instruction, autorisation ou initiation ; clergé, caste et office ne rendent pas noble.";0.00812315864133823;0.07679154413778039;0.0021663624041274665
Shaman;Officiant religieux;0.08708106518324608;0.1446769649165079;3.4832426073298435;A — activité attestée;"SB129; SB191";"Bandits, salters, mercenaires, saloons, inns, general stores, blacksmiths, stables, ranches, bardes; autorité Kibral. Professions des résidents ; lieu de travail et commanditaires peuvent être extérieurs au quartier. Visiteurs exclus du stock. activité/institution locale Budget civil 3,00 % ; coefficient 3,000000 ; part de filière 5,236 %. Instruction, autorisation ou initiation ; clergé, caste et office ne rendent pas noble.";0.00812315864133823;0.07679154413778039;0.0021663624041274665
Sugenja;Officiant religieux;0;0;0.0;A — activité attestée;SB198;"Bandits, salters, mercenaires, saloons, inns, general stores, blacksmiths, stables, ranches, bardes; autorité Kibral. Professions des résidents ; lieu de travail et commanditaires peuvent être extérieurs au quartier. Visiteurs exclus du stock. activité/institution locale Budget civil 3,00 % ; coefficient 0,000000 ; part de filière 0,000 %. Zéro proposé : Filière régionale non retenue dans ce scénario, sans interdiction universelle. Instruction, autorisation ou initiation ; clergé, caste et office ne rendent pas noble.";0;0;0
Gardien et officiant druidique;Officiant religieux;0.08708106518324608;0.1446769649165079;3.4832426073298435;A — activité attestée;SB153;"Bandits, salters, mercenaires, saloons, inns, general stores, blacksmiths, stables, ranches, bardes; autorité Kibral. Professions des résidents ; lieu de travail et commanditaires peuvent être extérieurs au quartier. Visiteurs exclus du stock. activité/institution locale Budget civil 3,00 % ; coefficient 3,000000 ; part de filière 5,236 %. Instruction, autorisation ou initiation ; clergé, caste et office ne rendent pas noble.";0.00812315864133823;0.07679154413778039;0.0021663624041274665
Gardien-purificateur de Mother Tree;Officiant religieux;0;0;0.0;A — activité attestée;SB153;"Bandits, salters, mercenaires, saloons, inns, general stores, blacksmiths, stables, ranches, bardes; autorité Kibral. Professions des résidents ; lieu de travail et commanditaires peuvent être extérieurs au quartier. Visiteurs exclus du stock. activité/institution locale Budget civil 3,00 % ; coefficient 0,000000 ; part de filière 0,000 %. Zéro proposé : Filière régionale non retenue dans ce scénario, sans interdiction universelle. Instruction, autorisation ou initiation ; clergé, caste et office ne rendent pas noble.";0;0;0
Officiant des rites Ba-Akhu;Officiant religieux;0;0;0.0;A — activité attestée;SB184;"Bandits, salters, mercenaires, saloons, inns, general stores, blacksmiths, stables, ranches, bardes; autorité Kibral. Professions des résidents ; lieu de travail et commanditaires peuvent être extérieurs au quartier. Visiteurs exclus du stock. activité/institution locale Budget civil 3,00 % ; coefficient 0,000000 ; part de filière 0,000 %. Zéro proposé : Filière régionale non retenue dans ce scénario, sans interdiction universelle. Instruction, autorisation ou initiation ; clergé, caste et office ne rendent pas noble.";0;0;0
Garde et sentinelle;Garde et surveillant;0.39500384783715004;0.656261584710334;15.800153913486001;A — activité attestée;"MJ140; SB90";"Bandits, salters, mercenaires, saloons, inns, general stores, blacksmiths, stables, ranches, bardes; autorité Kibral. Professions des résidents ; lieu de travail et commanditaires peuvent être extérieurs au quartier. Visiteurs exclus du stock. activité/institution locale Budget civil 10,00 % ; coefficient 28,000000 ; part de filière 7,125 %. Entraînement, loyauté, armes et habilitations ; aucun métier verrouillé par naissance sauf source explicite.";0.01745576119605028;0.353606692965352;0.02394139367574776
Garde du corps;Garde et surveillant;0.39500384783715004;0.656261584710334;15.800153913486001;A — activité attestée;"MJ140; SB90";"Bandits, salters, mercenaires, saloons, inns, general stores, blacksmiths, stables, ranches, bardes; autorité Kibral. Professions des résidents ; lieu de travail et commanditaires peuvent être extérieurs au quartier. Visiteurs exclus du stock. activité/institution locale Budget civil 10,00 % ; coefficient 28,000000 ; part de filière 7,125 %. Entraînement, loyauté, armes et habilitations ; aucun métier verrouillé par naissance sauf source explicite.";0.01745576119605028;0.353606692965352;0.02394139367574776
Soldat;Combattant professionnel;0.8442884999999999;1.4027055989367003;33.771539999999995;A — activité attestée;"MJ140; SB90";"Bandits, salters, mercenaires, saloons, inns, general stores, blacksmiths, stables, ranches, bardes; autorité Kibral. Professions des résidents ; lieu de travail et commanditaires peuvent être extérieurs au quartier. Visiteurs exclus du stock. activité/institution locale Garnison incluse dans les résidents par convention proposée, comptée une seule fois. Entraînement, loyauté, armes et habilitations ; aucun métier verrouillé par naissance sauf source explicite.";0.037310265500622344;0.7558054586768492;0.05117277582252829
Mercenaire;Combattant professionnel;1.9750192391857506;3.2813079235516707;79.00076956743003;A — activité attestée;"MJ140; SB90";"Bandits, salters, mercenaires, saloons, inns, general stores, blacksmiths, stables, ranches, bardes; autorité Kibral. Professions des résidents ; lieu de travail et commanditaires peuvent être extérieurs au quartier. Visiteurs exclus du stock. activité/institution locale Budget civil 10,00 % ; coefficient 140,000000 ; part de filière 35,623 %. Entraînement, loyauté, armes et habilitations ; aucun métier verrouillé par naissance sauf source explicite.";0.08727880598025142;1.7680334648267604;0.11970696837873877
Éclaireur;Combattant professionnel;0.39500384783715004;0.656261584710334;15.800153913486001;A — activité attestée;"MJ140; SB90";"Bandits, salters, mercenaires, saloons, inns, general stores, blacksmiths, stables, ranches, bardes; autorité Kibral. Professions des résidents ; lieu de travail et commanditaires peuvent être extérieurs au quartier. Visiteurs exclus du stock. activité/institution locale Budget civil 10,00 % ; coefficient 28,000000 ; part de filière 7,125 %. Entraînement, loyauté, armes et habilitations ; aucun métier verrouillé par naissance sauf source explicite.";0.01745576119605028;0.353606692965352;0.02394139367574776
Chasseur de primes;Combattant professionnel;0.39500384783715004;0.656261584710334;15.800153913486001;A — activité attestée;MJ140;"Bandits, salters, mercenaires, saloons, inns, general stores, blacksmiths, stables, ranches, bardes; autorité Kibral. Professions des résidents ; lieu de travail et commanditaires peuvent être extérieurs au quartier. Visiteurs exclus du stock. activité/institution locale Budget civil 10,00 % ; coefficient 28,000000 ; part de filière 7,125 %. Entraînement, loyauté, armes et habilitations ; aucun métier verrouillé par naissance sauf source explicite.";0.01745576119605028;0.353606692965352;0.02394139367574776
Gladiateur;Combattant professionnel;0.39500384783715004;0.656261584710334;15.800153913486001;A — activité attestée;MJ130;"Bandits, salters, mercenaires, saloons, inns, general stores, blacksmiths, stables, ranches, bardes; autorité Kibral. Professions des résidents ; lieu de travail et commanditaires peuvent être extérieurs au quartier. Visiteurs exclus du stock. activité/institution locale Budget civil 10,00 % ; coefficient 28,000000 ; part de filière 7,125 %. Entraînement, loyauté, armes et habilitations ; aucun métier verrouillé par naissance sauf source explicite.";0.01745576119605028;0.353606692965352;0.02394139367574776
Champion d’arène;Combattant professionnel;0.39500384783715004;0.656261584710334;15.800153913486001;A — activité attestée;SB90;"Bandits, salters, mercenaires, saloons, inns, general stores, blacksmiths, stables, ranches, bardes; autorité Kibral. Professions des résidents ; lieu de travail et commanditaires peuvent être extérieurs au quartier. Visiteurs exclus du stock. activité/institution locale Budget civil 10,00 % ; coefficient 28,000000 ; part de filière 7,125 %. Entraînement, loyauté, armes et habilitations ; aucun métier verrouillé par naissance sauf source explicite.";0.01745576119605028;0.353606692965352;0.02394139367574776
Veilleur de nuit;Garde et surveillant;0.39500384783715004;0.656261584710334;15.800153913486001;P — activité proposée;"MJ140; SB90";"Bandits, salters, mercenaires, saloons, inns, general stores, blacksmiths, stables, ranches, bardes; autorité Kibral. Professions des résidents ; lieu de travail et commanditaires peuvent être extérieurs au quartier. Visiteurs exclus du stock. activité/institution locale Budget civil 10,00 % ; coefficient 28,000000 ; part de filière 7,125 %. Entraînement, loyauté, armes et habilitations ; aucun métier verrouillé par naissance sauf source explicite.";0.01745576119605028;0.353606692965352;0.02394139367574776
Guide;Guide;1.91807881630972;3.1867067890176446;76.7231526523888;A — activité attestée;MJ140;"Bandits, salters, mercenaires, saloons, inns, general stores, blacksmiths, stables, ranches, bardes; autorité Kibral. Professions des résidents ; lieu de travail et commanditaires peuvent être extérieurs au quartier. Visiteurs exclus du stock. activité/institution locale Budget civil 12,00 % ; coefficient 70,000000 ; part de filière 28,830 %. Réseau, itinéraires, confiance et capital ; manutention distincte de propriété du fret.";0.15501411901538403;1.465411927543981;0.297652769750355
Gardien de domaine;Garde et surveillant;0.39500384783715004;0.656261584710334;15.800153913486001;A — activité attestée;MJ140;"Bandits, salters, mercenaires, saloons, inns, general stores, blacksmiths, stables, ranches, bardes; autorité Kibral. Professions des résidents ; lieu de travail et commanditaires peuvent être extérieurs au quartier. Visiteurs exclus du stock. activité/institution locale Budget civil 10,00 % ; coefficient 28,000000 ; part de filière 7,125 %. Entraînement, loyauté, armes et habilitations ; aucun métier verrouillé par naissance sauf source explicite.";0.01745576119605028;0.353606692965352;0.02394139367574776
Spellshield;Protecteur et contrôleur arcanique;0;0;0.0;A — activité attestée;SB140;"Bandits, salters, mercenaires, saloons, inns, general stores, blacksmiths, stables, ranches, bardes; autorité Kibral. Professions des résidents ; lieu de travail et commanditaires peuvent être extérieurs au quartier. Visiteurs exclus du stock. activité/institution locale Budget civil 10,00 % ; coefficient 0,000000 ; part de filière 0,000 %. Zéro proposé : Filière régionale non retenue dans ce scénario, sans interdiction universelle. Entraînement, loyauté, armes et habilitations ; aucun métier verrouillé par naissance sauf source explicite.";0;0;0
Warden des Arcane Enforcers;Protecteur et contrôleur arcanique;0;0;0.0;A — activité attestée;SB140;"Bandits, salters, mercenaires, saloons, inns, general stores, blacksmiths, stables, ranches, bardes; autorité Kibral. Professions des résidents ; lieu de travail et commanditaires peuvent être extérieurs au quartier. Visiteurs exclus du stock. activité/institution locale Budget civil 10,00 % ; coefficient 0,000000 ; part de filière 0,000 %. Zéro proposé : Filière régionale non retenue dans ce scénario, sans interdiction universelle. Entraînement, loyauté, armes et habilitations ; aucun métier verrouillé par naissance sauf source explicite.";0;0;0
Inquisiteur;Garde et surveillant;0;0;0.0;A — activité attestée;SB29;"Bandits, salters, mercenaires, saloons, inns, general stores, blacksmiths, stables, ranches, bardes; autorité Kibral. Professions des résidents ; lieu de travail et commanditaires peuvent être extérieurs au quartier. Visiteurs exclus du stock. activité/institution locale Budget civil 10,00 % ; coefficient 0,000000 ; part de filière 0,000 %. Zéro proposé : Inquisiteur bauronien : aucun établissement de son Église habilité dans ce profil, notamment les ordres cirrus indépendants. Entraînement, loyauté, armes et habilitations ; aucun métier verrouillé par naissance sauf source explicite.";0;0;0
Mage impérial chargé du contrôle;Protecteur et contrôleur arcanique;0;0;0.0;A — activité attestée;SB98;"Bandits, salters, mercenaires, saloons, inns, general stores, blacksmiths, stables, ranches, bardes; autorité Kibral. Professions des résidents ; lieu de travail et commanditaires peuvent être extérieurs au quartier. Visiteurs exclus du stock. activité/institution locale Budget civil 10,00 % ; coefficient 0,000000 ; part de filière 0,000 %. Zéro proposé : Filière régionale non retenue dans ce scénario, sans interdiction universelle. Entraînement, loyauté, armes et habilitations ; aucun métier verrouillé par naissance sauf source explicite.";0;0;0
Chasseur de morts-vivants;Combattant professionnel;0.39500384783715004;0.656261584710334;15.800153913486001;A — activité attestée;SB210;"Bandits, salters, mercenaires, saloons, inns, general stores, blacksmiths, stables, ranches, bardes; autorité Kibral. Professions des résidents ; lieu de travail et commanditaires peuvent être extérieurs au quartier. Visiteurs exclus du stock. activité/institution locale Budget civil 10,00 % ; coefficient 28,000000 ; part de filière 7,125 %. Entraînement, loyauté, armes et habilitations ; aucun métier verrouillé par naissance sauf source explicite.";0.01745576119605028;0.353606692965352;0.02394139367574776
Détective;Enquêteur et agent de renseignement;0.0070536401399491095;0.011718956869827395;0.28214560559796437;A — activité attestée;"PG9; BR42";"Bandits, salters, mercenaires, saloons, inns, general stores, blacksmiths, stables, ranches, bardes; autorité Kibral. Professions des résidents ; lieu de travail et commanditaires peuvent être extérieurs au quartier. Visiteurs exclus du stock. activité/institution locale Budget civil 10,00 % ; coefficient 0,500000 ; part de filière 0,127 %. Entraînement, loyauté, armes et habilitations ; aucun métier verrouillé par naissance sauf source explicite.";0.0003117100213580407;0.006314405231524145;0.0004275248870669242
Espion;Enquêteur et agent de renseignement;0.0070536401399491095;0.011718956869827395;0.28214560559796437;A — activité attestée;"PG9; BR42";"Bandits, salters, mercenaires, saloons, inns, general stores, blacksmiths, stables, ranches, bardes; autorité Kibral. Professions des résidents ; lieu de travail et commanditaires peuvent être extérieurs au quartier. Visiteurs exclus du stock. activité/institution locale Budget civil 10,00 % ; coefficient 0,500000 ; part de filière 0,127 %. Entraînement, loyauté, armes et habilitations ; aucun métier verrouillé par naissance sauf source explicite.";0.0003117100213580407;0.006314405231524145;0.0004275248870669242
Détective arcanique;Enquêteur et agent de renseignement;0;0;0.0;A — activité attestée;SB140;"Bandits, salters, mercenaires, saloons, inns, general stores, blacksmiths, stables, ranches, bardes; autorité Kibral. Professions des résidents ; lieu de travail et commanditaires peuvent être extérieurs au quartier. Visiteurs exclus du stock. activité/institution locale Budget civil 10,00 % ; coefficient 0,000000 ; part de filière 0,000 %. Zéro proposé : Filière régionale non retenue dans ce scénario, sans interdiction universelle. Entraînement, loyauté, armes et habilitations ; aucun métier verrouillé par naissance sauf source explicite.";0;0;0
Fonctionnaire;Administrateur et juriste;0.1451351086387435;0.24112827486084645;5.805404345549739;A — activité attestée;"SB90; SB213";"Bandits, salters, mercenaires, saloons, inns, general stores, blacksmiths, stables, ranches, bardes; autorité Kibral. Professions des résidents ; lieu de travail et commanditaires peuvent être extérieurs au quartier. Visiteurs exclus du stock. activité/institution locale Budget civil 3,00 % ; coefficient 5,000000 ; part de filière 8,726 %. Instruction, autorisation ou initiation ; clergé, caste et office ne rendent pas noble.";0.013538597735563715;0.12798590689630066;0.003610604006879113
Percepteur;Administrateur et juriste;0.1451351086387435;0.24112827486084645;5.805404345549739;A — activité attestée;SB132;"Bandits, salters, mercenaires, saloons, inns, general stores, blacksmiths, stables, ranches, bardes; autorité Kibral. Professions des résidents ; lieu de travail et commanditaires peuvent être extérieurs au quartier. Visiteurs exclus du stock. activité/institution locale Budget civil 3,00 % ; coefficient 5,000000 ; part de filière 8,726 %. Instruction, autorisation ou initiation ; clergé, caste et office ne rendent pas noble.";0.013538597735563715;0.12798590689630066;0.003610604006879113
Juge;Administrateur et juriste;0.1451351086387435;0.24112827486084645;5.805404345549739;A — activité attestée;"SB90; SB213";"Bandits, salters, mercenaires, saloons, inns, general stores, blacksmiths, stables, ranches, bardes; autorité Kibral. Professions des résidents ; lieu de travail et commanditaires peuvent être extérieurs au quartier. Visiteurs exclus du stock. activité/institution locale Budget civil 3,00 % ; coefficient 5,000000 ; part de filière 8,726 %. Instruction, autorisation ou initiation ; clergé, caste et office ne rendent pas noble.";0.013538597735563715;0.12798590689630066;0.003610604006879113
Avocat;Administrateur et juriste;0.1451351086387435;0.24112827486084645;5.805404345549739;A — activité attestée;"SB90; SB213";"Bandits, salters, mercenaires, saloons, inns, general stores, blacksmiths, stables, ranches, bardes; autorité Kibral. Professions des résidents ; lieu de travail et commanditaires peuvent être extérieurs au quartier. Visiteurs exclus du stock. activité/institution locale Budget civil 3,00 % ; coefficient 5,000000 ; part de filière 8,726 %. Instruction, autorisation ou initiation ; clergé, caste et office ne rendent pas noble.";0.013538597735563715;0.12798590689630066;0.003610604006879113
Diplomate et émissaire;Administrateur et juriste;0.1451351086387435;0.24112827486084645;5.805404345549739;A — activité attestée;PG46;"Bandits, salters, mercenaires, saloons, inns, general stores, blacksmiths, stables, ranches, bardes; autorité Kibral. Professions des résidents ; lieu de travail et commanditaires peuvent être extérieurs au quartier. Visiteurs exclus du stock. activité/institution locale Budget civil 3,00 % ; coefficient 5,000000 ; part de filière 8,726 %. Instruction, autorisation ou initiation ; clergé, caste et office ne rendent pas noble.";0.013538597735563715;0.12798590689630066;0.003610604006879113
Recruteur et agent de missions;Administrateur et juriste;0.1451351086387435;0.24112827486084645;5.805404345549739;D — activité déduite;SB105;"Bandits, salters, mercenaires, saloons, inns, general stores, blacksmiths, stables, ranches, bardes; autorité Kibral. Professions des résidents ; lieu de travail et commanditaires peuvent être extérieurs au quartier. Visiteurs exclus du stock. activité/institution locale Budget civil 3,00 % ; coefficient 5,000000 ; part de filière 8,726 %. Instruction, autorisation ou initiation ; clergé, caste et office ne rendent pas noble.";0.013538597735563715;0.12798590689630066;0.003610604006879113
Bourreau;Administrateur et juriste;0.1451351086387435;0.24112827486084645;5.805404345549739;A — activité attestée;SB148;"Bandits, salters, mercenaires, saloons, inns, general stores, blacksmiths, stables, ranches, bardes; autorité Kibral. Professions des résidents ; lieu de travail et commanditaires peuvent être extérieurs au quartier. Visiteurs exclus du stock. activité/institution locale Budget civil 3,00 % ; coefficient 5,000000 ; part de filière 8,726 %. Instruction, autorisation ou initiation ; clergé, caste et office ne rendent pas noble.";0.013538597735563715;0.12798590689630066;0.003610604006879113
Acteur et comédien;Artiste du spectacle;0.043313758984375006;0.07196171952878386;1.7325503593750002;A — activité attestée;MJ129;"Bandits, salters, mercenaires, saloons, inns, general stores, blacksmiths, stables, ranches, bardes; autorité Kibral. Professions des résidents ; lieu de travail et commanditaires peuvent être extérieurs au quartier. Visiteurs exclus du stock. activité/institution locale Budget civil 1,00 % ; coefficient 1,500000 ; part de filière 7,812 %. Apprentissage, audition et réseau ; accès au mérite notamment Mustardseed.";0.0027378821476057836;0.0388234811847662;0.001752395652003018
Danseur;Artiste du spectacle;0.043313758984375006;0.07196171952878386;1.7325503593750002;A — activité attestée;MJ129;"Bandits, salters, mercenaires, saloons, inns, general stores, blacksmiths, stables, ranches, bardes; autorité Kibral. Professions des résidents ; lieu de travail et commanditaires peuvent être extérieurs au quartier. Visiteurs exclus du stock. activité/institution locale Budget civil 1,00 % ; coefficient 1,500000 ; part de filière 7,812 %. Apprentissage, audition et réseau ; accès au mérite notamment Mustardseed.";0.0027378821476057836;0.0388234811847662;0.001752395652003018
Musicien;Artiste du spectacle;0.043313758984375006;0.07196171952878386;1.7325503593750002;A — activité attestée;MJ129;"Bandits, salters, mercenaires, saloons, inns, general stores, blacksmiths, stables, ranches, bardes; autorité Kibral. Professions des résidents ; lieu de travail et commanditaires peuvent être extérieurs au quartier. Visiteurs exclus du stock. activité/institution locale Budget civil 1,00 % ; coefficient 1,500000 ; part de filière 7,812 %. Apprentissage, audition et réseau ; accès au mérite notamment Mustardseed.";0.0027378821476057836;0.0388234811847662;0.001752395652003018
Chanteur;Artiste du spectacle;0.043313758984375006;0.07196171952878386;1.7325503593750002;A — activité attestée;MJ129;"Bandits, salters, mercenaires, saloons, inns, general stores, blacksmiths, stables, ranches, bardes; autorité Kibral. Professions des résidents ; lieu de travail et commanditaires peuvent être extérieurs au quartier. Visiteurs exclus du stock. activité/institution locale Budget civil 1,00 % ; coefficient 1,500000 ; part de filière 7,812 %. Apprentissage, audition et réseau ; accès au mérite notamment Mustardseed.";0.0027378821476057836;0.0388234811847662;0.001752395652003018
Poète;Artiste du spectacle;0.043313758984375006;0.07196171952878386;1.7325503593750002;A — activité attestée;MJ129;"Bandits, salters, mercenaires, saloons, inns, general stores, blacksmiths, stables, ranches, bardes; autorité Kibral. Professions des résidents ; lieu de travail et commanditaires peuvent être extérieurs au quartier. Visiteurs exclus du stock. activité/institution locale Budget civil 1,00 % ; coefficient 1,500000 ; part de filière 7,812 %. Apprentissage, audition et réseau ; accès au mérite notamment Mustardseed.";0.0027378821476057836;0.0388234811847662;0.001752395652003018
Conteur;Artiste du spectacle;0.043313758984375006;0.07196171952878386;1.7325503593750002;A — activité attestée;MJ129;"Bandits, salters, mercenaires, saloons, inns, general stores, blacksmiths, stables, ranches, bardes; autorité Kibral. Professions des résidents ; lieu de travail et commanditaires peuvent être extérieurs au quartier. Visiteurs exclus du stock. activité/institution locale Budget civil 1,00 % ; coefficient 1,500000 ; part de filière 7,812 %. Apprentissage, audition et réseau ; accès au mérite notamment Mustardseed.";0.0027378821476057836;0.0388234811847662;0.001752395652003018
Bouffon;Artiste du spectacle;0.043313758984375006;0.07196171952878386;1.7325503593750002;A — activité attestée;MJ129;"Bandits, salters, mercenaires, saloons, inns, general stores, blacksmiths, stables, ranches, bardes; autorité Kibral. Professions des résidents ; lieu de travail et commanditaires peuvent être extérieurs au quartier. Visiteurs exclus du stock. activité/institution locale Budget civil 1,00 % ; coefficient 1,500000 ; part de filière 7,812 %. Apprentissage, audition et réseau ; accès au mérite notamment Mustardseed.";0.0027378821476057836;0.0388234811847662;0.001752395652003018
Jongleur;Artiste du spectacle;0.043313758984375006;0.07196171952878386;1.7325503593750002;A — activité attestée;MJ129;"Bandits, salters, mercenaires, saloons, inns, general stores, blacksmiths, stables, ranches, bardes; autorité Kibral. Professions des résidents ; lieu de travail et commanditaires peuvent être extérieurs au quartier. Visiteurs exclus du stock. activité/institution locale Budget civil 1,00 % ; coefficient 1,500000 ; part de filière 7,812 %. Apprentissage, audition et réseau ; accès au mérite notamment Mustardseed.";0.0027378821476057836;0.0388234811847662;0.001752395652003018
Acrobate;Artiste du spectacle;0.043313758984375006;0.07196171952878386;1.7325503593750002;A — activité attestée;MJ129;"Bandits, salters, mercenaires, saloons, inns, general stores, blacksmiths, stables, ranches, bardes; autorité Kibral. Professions des résidents ; lieu de travail et commanditaires peuvent être extérieurs au quartier. Visiteurs exclus du stock. activité/institution locale Budget civil 1,00 % ; coefficient 1,500000 ; part de filière 7,812 %. Apprentissage, audition et réseau ; accès au mérite notamment Mustardseed.";0.0027378821476057836;0.0388234811847662;0.001752395652003018
Cracheur de feu;Artiste du spectacle;0.043313758984375006;0.07196171952878386;1.7325503593750002;A — activité attestée;MJ129;"Bandits, salters, mercenaires, saloons, inns, general stores, blacksmiths, stables, ranches, bardes; autorité Kibral. Professions des résidents ; lieu de travail et commanditaires peuvent être extérieurs au quartier. Visiteurs exclus du stock. activité/institution locale Budget civil 1,00 % ; coefficient 1,500000 ; part de filière 7,812 %. Apprentissage, audition et réseau ; accès au mérite notamment Mustardseed.";0.0027378821476057836;0.0388234811847662;0.001752395652003018
Compositeur;Artiste du spectacle;0.043313758984375006;0.07196171952878386;1.7325503593750002;A — activité attestée;PG28;"Bandits, salters, mercenaires, saloons, inns, general stores, blacksmiths, stables, ranches, bardes; autorité Kibral. Professions des résidents ; lieu de travail et commanditaires peuvent être extérieurs au quartier. Visiteurs exclus du stock. activité/institution locale Budget civil 1,00 % ; coefficient 1,500000 ; part de filière 7,812 %. Apprentissage, audition et réseau ; accès au mérite notamment Mustardseed.";0.0027378821476057836;0.0388234811847662;0.001752395652003018
Crieur public;Artiste du spectacle;0.043313758984375006;0.07196171952878386;1.7325503593750002;P — activité proposée;MJ129;"Bandits, salters, mercenaires, saloons, inns, general stores, blacksmiths, stables, ranches, bardes; autorité Kibral. Professions des résidents ; lieu de travail et commanditaires peuvent être extérieurs au quartier. Visiteurs exclus du stock. activité/institution locale Budget civil 1,00 % ; coefficient 1,500000 ; part de filière 7,812 %. Apprentissage, audition et réseau ; accès au mérite notamment Mustardseed.";0.0027378821476057836;0.0388234811847662;0.001752395652003018
Joueur professionnel;Professionnel du jeu;0.01155033572916667;0.019189791874342367;0.4620134291666668;P — activité proposée;SB99;"Bandits, salters, mercenaires, saloons, inns, general stores, blacksmiths, stables, ranches, bardes; autorité Kibral. Professions des résidents ; lieu de travail et commanditaires peuvent être extérieurs au quartier. Visiteurs exclus du stock. activité/institution locale Budget civil 1,00 % ; coefficient 0,400000 ; part de filière 2,083 %. Apprentissage, audition et réseau ; accès au mérite notamment Mustardseed.";0.000730101906028209;0.010352928315937655;0.0004673055072008047
Croupier;Professionnel du jeu;0.01155033572916667;0.019189791874342367;0.4620134291666668;D — activité déduite;SB99;"Bandits, salters, mercenaires, saloons, inns, general stores, blacksmiths, stables, ranches, bardes; autorité Kibral. Professions des résidents ; lieu de travail et commanditaires peuvent être extérieurs au quartier. Visiteurs exclus du stock. activité/institution locale Budget civil 1,00 % ; coefficient 0,400000 ; part de filière 2,083 %. Apprentissage, audition et réseau ; accès au mérite notamment Mustardseed.";0.000730101906028209;0.010352928315937655;0.0004673055072008047
Preneur de paris;Professionnel du jeu;0.01155033572916667;0.019189791874342367;0.4620134291666668;D — activité déduite;SB99;"Bandits, salters, mercenaires, saloons, inns, general stores, blacksmiths, stables, ranches, bardes; autorité Kibral. Professions des résidents ; lieu de travail et commanditaires peuvent être extérieurs au quartier. Visiteurs exclus du stock. activité/institution locale Budget civil 1,00 % ; coefficient 0,400000 ; part de filière 2,083 %. Apprentissage, audition et réseau ; accès au mérite notamment Mustardseed.";0.000730101906028209;0.010352928315937655;0.0004673055072008047
Maître-chanteur;Opérateur d’activités illicites;0.24640716222222225;0.40938222665263707;9.85628648888889;A — activité attestée;BR42;"Bandits, salters, mercenaires, saloons, inns, general stores, blacksmiths, stables, ranches, bardes; autorité Kibral. Professions des résidents ; lieu de travail et commanditaires peuvent être extérieurs au quartier. Visiteurs exclus du stock. activité/institution locale Budget civil 4,00 % ; coefficient 9,000000 ; part de filière 11,111 %. Réseaux, exclusion, dettes et compétences ; statut légal distinct de noblesse.";0.009762329170160523;0.18457458839789959;0.05207024465416214
Cambrioleur;Opérateur d’activités illicites;0.24640716222222225;0.40938222665263707;9.85628648888889;A — activité attestée;BR42;"Bandits, salters, mercenaires, saloons, inns, general stores, blacksmiths, stables, ranches, bardes; autorité Kibral. Professions des résidents ; lieu de travail et commanditaires peuvent être extérieurs au quartier. Visiteurs exclus du stock. activité/institution locale Budget civil 4,00 % ; coefficient 9,000000 ; part de filière 11,111 %. Réseaux, exclusion, dettes et compétences ; statut légal distinct de noblesse.";0.009762329170160523;0.18457458839789959;0.05207024465416214
Homme de main;Opérateur d’activités illicites;0.24640716222222225;0.40938222665263707;9.85628648888889;A — activité attestée;BR42;"Bandits, salters, mercenaires, saloons, inns, general stores, blacksmiths, stables, ranches, bardes; autorité Kibral. Professions des résidents ; lieu de travail et commanditaires peuvent être extérieurs au quartier. Visiteurs exclus du stock. activité/institution locale Budget civil 4,00 % ; coefficient 9,000000 ; part de filière 11,111 %. Réseaux, exclusion, dettes et compétences ; statut légal distinct de noblesse.";0.009762329170160523;0.18457458839789959;0.05207024465416214
Receleur;Opérateur d’activités illicites;0.24640716222222225;0.40938222665263707;9.85628648888889;A — activité attestée;BR42;"Bandits, salters, mercenaires, saloons, inns, general stores, blacksmiths, stables, ranches, bardes; autorité Kibral. Professions des résidents ; lieu de travail et commanditaires peuvent être extérieurs au quartier. Visiteurs exclus du stock. activité/institution locale Budget civil 4,00 % ; coefficient 9,000000 ; part de filière 11,111 %. Réseaux, exclusion, dettes et compétences ; statut légal distinct de noblesse.";0.009762329170160523;0.18457458839789959;0.05207024465416214
Voleur de grand chemin;Opérateur d’activités illicites;0.24640716222222225;0.40938222665263707;9.85628648888889;A — activité attestée;BR42;"Bandits, salters, mercenaires, saloons, inns, general stores, blacksmiths, stables, ranches, bardes; autorité Kibral. Professions des résidents ; lieu de travail et commanditaires peuvent être extérieurs au quartier. Visiteurs exclus du stock. activité/institution locale Budget civil 4,00 % ; coefficient 9,000000 ; part de filière 11,111 %. Réseaux, exclusion, dettes et compétences ; statut légal distinct de noblesse.";0.009762329170160523;0.18457458839789959;0.05207024465416214
Tueur à gages;Opérateur d’activités illicites;0.24640716222222225;0.40938222665263707;9.85628648888889;A — activité attestée;BR42;"Bandits, salters, mercenaires, saloons, inns, general stores, blacksmiths, stables, ranches, bardes; autorité Kibral. Professions des résidents ; lieu de travail et commanditaires peuvent être extérieurs au quartier. Visiteurs exclus du stock. activité/institution locale Budget civil 4,00 % ; coefficient 9,000000 ; part de filière 11,111 %. Réseaux, exclusion, dettes et compétences ; statut légal distinct de noblesse.";0.009762329170160523;0.18457458839789959;0.05207024465416214
Pickpocket;Opérateur d’activités illicites;0.24640716222222225;0.40938222665263707;9.85628648888889;A — activité attestée;BR42;"Bandits, salters, mercenaires, saloons, inns, general stores, blacksmiths, stables, ranches, bardes; autorité Kibral. Professions des résidents ; lieu de travail et commanditaires peuvent être extérieurs au quartier. Visiteurs exclus du stock. activité/institution locale Budget civil 4,00 % ; coefficient 9,000000 ; part de filière 11,111 %. Réseaux, exclusion, dettes et compétences ; statut légal distinct de noblesse.";0.009762329170160523;0.18457458839789959;0.05207024465416214
Contrebandier;Opérateur d’activités illicites;0.24640716222222225;0.40938222665263707;9.85628648888889;A — activité attestée;BR42;"Bandits, salters, mercenaires, saloons, inns, general stores, blacksmiths, stables, ranches, bardes; autorité Kibral. Professions des résidents ; lieu de travail et commanditaires peuvent être extérieurs au quartier. Visiteurs exclus du stock. activité/institution locale Budget civil 4,00 % ; coefficient 9,000000 ; part de filière 11,111 %. Réseaux, exclusion, dettes et compétences ; statut légal distinct de noblesse.";0.009762329170160523;0.18457458839789959;0.05207024465416214
Pirate;Opérateur d’activités illicites;0.24640716222222225;0.40938222665263707;9.85628648888889;A — activité attestée;MJ136;"Bandits, salters, mercenaires, saloons, inns, general stores, blacksmiths, stables, ranches, bardes; autorité Kibral. Professions des résidents ; lieu de travail et commanditaires peuvent être extérieurs au quartier. Visiteurs exclus du stock. activité/institution locale Budget civil 4,00 % ; coefficient 9,000000 ; part de filière 11,111 %. Réseaux, exclusion, dettes et compétences ; statut légal distinct de noblesse.";0.009762329170160523;0.18457458839789959;0.05207024465416214
Cultivateur de tubercules;Agriculteur;0;0;0.0;A — activité attestée;"SB120; SB168";"Bandits, salters, mercenaires, saloons, inns, general stores, blacksmiths, stables, ranches, bardes; autorité Kibral. Professions des résidents ; lieu de travail et commanditaires peuvent être extérieurs au quartier. Visiteurs exclus du stock. activité/institution locale Budget civil 30,00 % ; coefficient 0,000000 ; part de filière 0,000 %. Zéro proposé : Climat, matière ou culture hors filière régionale retenue ; aucun établissement exceptionnel proposé. Transmission familiale, terre/eau, droits d’usage et outils ; les tâches saisonnières restent secondaires.";0;0;0
Cartographe;Cartographe;0.013976407053544419;0.023220480235162683;0.5590562821417767;A — activité attestée;MJ128;"Bandits, salters, mercenaires, saloons, inns, general stores, blacksmiths, stables, ranches, bardes; autorité Kibral. Professions des résidents ; lieu de travail et commanditaires peuvent être extérieurs au quartier. Visiteurs exclus du stock. activité/institution locale Budget civil 1,00 % ; coefficient 0,750000 ; part de filière 2,521 %. Long apprentissage, frais, bourses, talent, licence ou secret ; titre ne donne pas maîtrise.";0.002070930956854048;0.011746414886218779;0.00015906121047159206
Sans métier actif;Statut;3.9040999999999997;6.48629340421997;156.164;P;;Personnes productives occupées + personnes sans emploi disponibles recherchant une activité. Inclut aide familiale, subsistance, apprentissage productif et travail partiel.;0.0416;2.4705;1.392
Hors activité;Statut;39.81;0;1592.4;P;;"Tous habitants recensés dans les catégories sources; enfants, étudiants et retraités ne sont exclus de l’activité que sans contribution productive. Pas de seuil humain de 18 ans imposé.";1.92;31.59;6.300000000000001
