Métier;Base;% habitants;% actifs;Effectif attendu;Appui activité;Références;Justification proposée;Milieu privilégié, noblesse non établie / % de tous habitants;Milieu ordinaire, noblesse non établie / % de tous habitants;Milieu précaire, noblesse non établie / % de tous habitants
Agriculteur généraliste;Agriculteur;0.9306484971098264;1.5385162789053175;837.5836473988437;A — activité attestée;"SB90; SB198";"Contexte régional ; taille et fréquence locales proposées. Professions des résidents ; lieu de travail et commanditaires peuvent être extérieurs au quartier. Visiteurs exclus du stock. chapitre régional ; profil territorial proposé Budget civil 10,00 % ; coefficient 5,000000 ; part de filière 16,515 %. Transmission familiale, terre/eau, droits d’usage et outils ; les tâches saisonnières restent secondaires.";0.004863875556018806;0.8832673786735163;0.04251724288029126
Céréalier;Agriculteur;1.861296994219653;3.077032557810635;1675.1672947976874;D — activité déduite;"SB90; SB198";"Contexte régional ; taille et fréquence locales proposées. Professions des résidents ; lieu de travail et commanditaires peuvent être extérieurs au quartier. Visiteurs exclus du stock. chapitre régional ; profil territorial proposé Budget civil 10,00 % ; coefficient 10,000000 ; part de filière 33,031 %. Transmission familiale, terre/eau, droits d’usage et outils ; les tâches saisonnières restent secondaires.";0.009727751112037612;1.7665347573470327;0.08503448576058252
Riziculteur;Agriculteur;0;0;0.0;A — activité attestée;SB198;"Contexte régional ; taille et fréquence locales proposées. Professions des résidents ; lieu de travail et commanditaires peuvent être extérieurs au quartier. Visiteurs exclus du stock. chapitre régional ; profil territorial proposé Budget civil 10,00 % ; coefficient 0,000000 ; part de filière 0,000 %. Zéro proposé : Climat, matière ou culture hors filière régionale retenue ; aucun établissement exceptionnel proposé. Transmission familiale, terre/eau, droits d’usage et outils ; les tâches saisonnières restent secondaires.";0;0;0
Vigneron;Agriculteur;0.1994717398230088;0.329759860841476;179.5245658407079;A — activité attestée;MJ128;"Contexte régional ; taille et fréquence locales proposées. Professions des résidents ; lieu de travail et commanditaires peuvent être extérieurs au quartier. Visiteurs exclus du stock. chapitre régional ; profil territorial proposé Budget civil 28,00 % ; coefficient 1,000000 ; part de filière 1,264 %. Savoir-faire de terrain et sécurité ; procédé spécialisé distinct du rang social.";0.002074169723008511;0.18833196214268208;0.009065607957318223
Cultivateur d’épices;Agriculteur;1.196830438938053;1.9785591650488563;1077.1473950442478;A — activité attestée;SB182;"Contexte régional ; taille et fréquence locales proposées. Professions des résidents ; lieu de travail et commanditaires peuvent être extérieurs au quartier. Visiteurs exclus du stock. chapitre régional ; profil territorial proposé Budget civil 28,00 % ; coefficient 6,000000 ; part de filière 7,585 %. Savoir-faire de terrain et sécurité ; procédé spécialisé distinct du rang social.";0.012445018338051072;1.1299917728560926;0.05439364774390934
Cultivateur d’herbes pour thé;Agriculteur;0;0;0.0;D — activité déduite;SB198;"Contexte régional ; taille et fréquence locales proposées. Professions des résidents ; lieu de travail et commanditaires peuvent être extérieurs au quartier. Visiteurs exclus du stock. chapitre régional ; profil territorial proposé Budget civil 28,00 % ; coefficient 0,000000 ; part de filière 0,000 %. Zéro proposé : Climat, matière ou culture hors filière régionale retenue ; aucun établissement exceptionnel proposé. Savoir-faire de terrain et sécurité ; procédé spécialisé distinct du rang social.";0;0;0
Maraîcher;Agriculteur;1.116778196531792;1.8462195346863812;1005.1003768786127;D — activité déduite;"SB90; SB198";"Contexte régional ; taille et fréquence locales proposées. Professions des résidents ; lieu de travail et commanditaires peuvent être extérieurs au quartier. Visiteurs exclus du stock. chapitre régional ; profil territorial proposé Budget civil 10,00 % ; coefficient 6,000000 ; part de filière 19,818 %. Transmission familiale, terre/eau, droits d’usage et outils ; les tâches saisonnières restent secondaires.";0.0058366506672225685;1.05992085440822;0.05102069145634956
Jardinier;Horticulteur;0.3989434796460176;0.659519721682952;359.0491316814158;A — activité attestée;"SB29; SB161";"Contexte régional ; taille et fréquence locales proposées. Professions des résidents ; lieu de travail et commanditaires peuvent être extérieurs au quartier. Visiteurs exclus du stock. chapitre régional ; profil territorial proposé Budget civil 28,00 % ; coefficient 2,000000 ; part de filière 2,528 %. Savoir-faire de terrain et sécurité ; procédé spécialisé distinct du rang social.";0.004148339446017022;0.37666392428536416;0.018131215914636446
Fleuriste;Horticulteur;0.3989434796460176;0.659519721682952;359.0491316814158;A — activité attestée;"SB29; SB161";"Contexte régional ; taille et fréquence locales proposées. Professions des résidents ; lieu de travail et commanditaires peuvent être extérieurs au quartier. Visiteurs exclus du stock. chapitre régional ; profil territorial proposé Budget civil 28,00 % ; coefficient 2,000000 ; part de filière 2,528 %. Savoir-faire de terrain et sécurité ; procédé spécialisé distinct du rang social.";0.004148339446017022;0.37666392428536416;0.018131215914636446
Arboriculteur de verger;Horticulteur;0.37225939884393067;0.6154065115621271;335.0334589595376;D — activité déduite;"SB29; SB161";"Contexte régional ; taille et fréquence locales proposées. Professions des résidents ; lieu de travail et commanditaires peuvent être extérieurs au quartier. Visiteurs exclus du stock. chapitre régional ; profil territorial proposé Budget civil 10,00 % ; coefficient 2,000000 ; part de filière 6,606 %. Transmission familiale, terre/eau, droits d’usage et outils ; les tâches saisonnières restent secondaires.";0.0019455502224075228;0.3533069514694066;0.017006897152116517
Jardinier de roses magiques;Horticulteur;0;0;0.0;A — activité attestée;SB157;"Contexte régional ; taille et fréquence locales proposées. Professions des résidents ; lieu de travail et commanditaires peuvent être extérieurs au quartier. Visiteurs exclus du stock. chapitre régional ; profil territorial proposé Budget civil 28,00 % ; coefficient 0,000000 ; part de filière 0,000 %. Zéro proposé : Filière régionale non retenue dans ce scénario, sans interdiction universelle. Savoir-faire de terrain et sécurité ; procédé spécialisé distinct du rang social.";0;0;0
Arboriculteur de breithwood;Horticulteur;0;0;0.0;D — activité déduite;SB152;"Contexte régional ; taille et fréquence locales proposées. Professions des résidents ; lieu de travail et commanditaires peuvent être extérieurs au quartier. Visiteurs exclus du stock. chapitre régional ; profil territorial proposé Budget civil 28,00 % ; coefficient 0,000000 ; part de filière 0,000 %. Zéro proposé : Filière régionale non retenue dans ce scénario, sans interdiction universelle. Savoir-faire de terrain et sécurité ; procédé spécialisé distinct du rang social.";0;0;0
Éleveur généraliste;Éleveur;0.1163310621387283;0.1923145348631647;104.69795592485546;A — activité attestée;"SB120; SB182";"Contexte régional ; taille et fréquence locales proposées. Professions des résidents ; lieu de travail et commanditaires peuvent être extérieurs au quartier. Visiteurs exclus du stock. chapitre régional ; profil territorial proposé Budget civil 10,00 % ; coefficient 0,625000 ; part de filière 2,064 %. Transmission familiale, terre/eau, droits d’usage et outils ; les tâches saisonnières restent secondaires.";0.0006079844445023507;0.11040842233418954;0.0053146553600364075
Berger;Éleveur;0.04653242485549133;0.07692581394526589;41.8791823699422;A — activité attestée;MJ135;"Contexte régional ; taille et fréquence locales proposées. Professions des résidents ; lieu de travail et commanditaires peuvent être extérieurs au quartier. Visiteurs exclus du stock. chapitre régional ; profil territorial proposé Budget civil 10,00 % ; coefficient 0,250000 ; part de filière 0,826 %. Transmission familiale, terre/eau, droits d’usage et outils ; les tâches saisonnières restent secondaires.";0.00024319377780094035;0.044163368933675826;0.0021258621440145647
Éleveur de yaks;Éleveur;0;0;0.0;A — activité attestée;SB120;"Contexte régional ; taille et fréquence locales proposées. Professions des résidents ; lieu de travail et commanditaires peuvent être extérieurs au quartier. Visiteurs exclus du stock. chapitre régional ; profil territorial proposé Budget civil 10,00 % ; coefficient 0,000000 ; part de filière 0,000 %. Zéro proposé : Climat, matière ou culture hors filière régionale retenue ; aucun établissement exceptionnel proposé. Transmission familiale, terre/eau, droits d’usage et outils ; les tâches saisonnières restent secondaires.";0;0;0
Éleveur de chevaux;Éleveur;0.0498679349557522;0.082439965210369;44.88114146017698;A — activité attestée;SB182;"Contexte régional ; taille et fréquence locales proposées. Professions des résidents ; lieu de travail et commanditaires peuvent être extérieurs au quartier. Visiteurs exclus du stock. chapitre régional ; profil territorial proposé Budget civil 28,00 % ; coefficient 0,250000 ; part de filière 0,316 %. Savoir-faire de terrain et sécurité ; procédé spécialisé distinct du rang social.";0.0005185424307521277;0.04708299053567052;0.0022664019893295557
Éleveur de chameaux;Éleveur;0;0;0.0;A — activité attestée;SB182;"Contexte régional ; taille et fréquence locales proposées. Professions des résidents ; lieu de travail et commanditaires peuvent être extérieurs au quartier. Visiteurs exclus du stock. chapitre régional ; profil territorial proposé Budget civil 28,00 % ; coefficient 0,000000 ; part de filière 0,000 %. Zéro proposé : Climat, matière ou culture hors filière régionale retenue ; aucun établissement exceptionnel proposé. Savoir-faire de terrain et sécurité ; procédé spécialisé distinct du rang social.";0;0;0
Éleveur de vers à soie;Éleveur;0;0;0.0;A — activité attestée;SB198;"Contexte régional ; taille et fréquence locales proposées. Professions des résidents ; lieu de travail et commanditaires peuvent être extérieurs au quartier. Visiteurs exclus du stock. chapitre régional ; profil territorial proposé Budget civil 28,00 % ; coefficient 0,000000 ; part de filière 0,000 %. Zéro proposé : Climat, matière ou culture hors filière régionale retenue ; aucun établissement exceptionnel proposé. Savoir-faire de terrain et sécurité ; procédé spécialisé distinct du rang social.";0;0;0
Éleveur de loups géants;Éleveur;0;0;0.0;A — activité attestée;SB191;"Contexte régional ; taille et fréquence locales proposées. Professions des résidents ; lieu de travail et commanditaires peuvent être extérieurs au quartier. Visiteurs exclus du stock. chapitre régional ; profil territorial proposé Budget civil 28,00 % ; coefficient 0,000000 ; part de filière 0,000 %. Zéro proposé : Filière régionale non retenue dans ce scénario, sans interdiction universelle. Savoir-faire de terrain et sécurité ; procédé spécialisé distinct du rang social.";0;0;0
Éleveur de montures volantes;Éleveur;0;0;0.0;A — activité attestée;"SB124; SB107";"Contexte régional ; taille et fréquence locales proposées. Professions des résidents ; lieu de travail et commanditaires peuvent être extérieurs au quartier. Visiteurs exclus du stock. chapitre régional ; profil territorial proposé Budget civil 28,00 % ; coefficient 0,000000 ; part de filière 0,000 %. Zéro proposé : Climat, matière ou culture hors filière régionale retenue ; aucun établissement exceptionnel proposé. Savoir-faire de terrain et sécurité ; procédé spécialisé distinct du rang social.";0;0;0
Apiculteur;Éleveur;0.04653242485549133;0.07692581394526589;41.8791823699422;P — activité proposée;SB152;"Contexte régional ; taille et fréquence locales proposées. Professions des résidents ; lieu de travail et commanditaires peuvent être extérieurs au quartier. Visiteurs exclus du stock. chapitre régional ; profil territorial proposé Budget civil 10,00 % ; coefficient 0,250000 ; part de filière 0,826 %. Transmission familiale, terre/eau, droits d’usage et outils ; les tâches saisonnières restent secondaires.";0.00024319377780094035;0.044163368933675826;0.0021258621440145647
Chasseur de gibier;Chasseur;0.2326621242774566;0.3846290697263294;209.39591184971093;A — activité attestée;"MJ139; PG20";"Contexte régional ; taille et fréquence locales proposées. Professions des résidents ; lieu de travail et commanditaires peuvent être extérieurs au quartier. Visiteurs exclus du stock. chapitre régional ; profil territorial proposé Budget civil 10,00 % ; coefficient 1,250000 ; part de filière 4,129 %. Transmission familiale, terre/eau, droits d’usage et outils ; les tâches saisonnières restent secondaires.";0.0012159688890047014;0.2208168446683791;0.010629310720072815
Trappeur;Chasseur;0.09306484971098267;0.15385162789053178;83.7583647398844;A — activité attestée;MJ140;"Contexte régional ; taille et fréquence locales proposées. Professions des résidents ; lieu de travail et commanditaires peuvent être extérieurs au quartier. Visiteurs exclus du stock. chapitre régional ; profil territorial proposé Budget civil 10,00 % ; coefficient 0,500000 ; part de filière 1,652 %. Transmission familiale, terre/eau, droits d’usage et outils ; les tâches saisonnières restent secondaires.";0.0004863875556018807;0.08832673786735165;0.004251724288029129
Chasseur de monstres;Chasseur;0.009470398726093239;0.01565613940501445;8.523358853483915;A — activité attestée;PG58;"Contexte régional ; taille et fréquence locales proposées. Professions des résidents ; lieu de travail et commanditaires peuvent être extérieurs au quartier. Visiteurs exclus du stock. chapitre régional ; profil territorial proposé Budget civil 1,00 % ; coefficient 0,500000 ; part de filière 1,681 %. Long apprentissage, frais, bourses, talent, licence ou secret ; titre ne donne pas maîtrise.";0.0011421305735857098;0.00829631980683043;3.1948345677098836e-05
Chasseur de monstres marins;Chasseur;0;0;0.0;A — activité attestée;SB148;"Contexte régional ; taille et fréquence locales proposées. Professions des résidents ; lieu de travail et commanditaires peuvent être extérieurs au quartier. Visiteurs exclus du stock. chapitre régional ; profil territorial proposé Budget civil 1,00 % ; coefficient 0,000000 ; part de filière 0,000 %. Zéro proposé : Filière régionale non retenue dans ce scénario, sans interdiction universelle. Long apprentissage, frais, bourses, talent, licence ou secret ; titre ne donne pas maîtrise.";0;0;0
Chasseur de dragons;Chasseur;0;0;0.0;A — activité attestée;SB220;"Contexte régional ; taille et fréquence locales proposées. Professions des résidents ; lieu de travail et commanditaires peuvent être extérieurs au quartier. Visiteurs exclus du stock. chapitre régional ; profil territorial proposé Budget civil 1,00 % ; coefficient 0,000000 ; part de filière 0,000 %. Zéro proposé : Technique de site, institution, secret ou habilitation concentrée dans les implantations autorisées du scénario. Long apprentissage, frais, bourses, talent, licence ou secret ; titre ne donne pas maîtrise.";0;0;0
Cueilleur;Collecteur de ressources;0.14890375953757223;0.2461626046248508;134.013383583815;A — activité attestée;"MJ139; SB153";"Contexte régional ; taille et fréquence locales proposées. Professions des résidents ; lieu de travail et commanditaires peuvent être extérieurs au quartier. Visiteurs exclus du stock. chapitre régional ; profil territorial proposé Budget civil 10,00 % ; coefficient 0,800000 ; part de filière 2,642 %. Transmission familiale, terre/eau, droits d’usage et outils ; les tâches saisonnières restent secondaires.";0.0007782200889630085;0.14132278058776263;0.006802758860846603
Herboriste de collecte;Collecteur de ressources;0.15957739185840708;0.26380788867318083;143.61965267256636;D — activité déduite;BR55;"Contexte régional ; taille et fréquence locales proposées. Professions des résidents ; lieu de travail et commanditaires peuvent être extérieurs au quartier. Visiteurs exclus du stock. chapitre régional ; profil territorial proposé Budget civil 28,00 % ; coefficient 0,800000 ; part de filière 1,011 %. Savoir-faire de terrain et sécurité ; procédé spécialisé distinct du rang social.";0.0016593357784068102;0.1506655697141457;0.007252486365854581
Collecteur de composants de créatures;Collecteur de ressources;0.15957739185840708;0.26380788867318083;143.61965267256636;A — activité attestée;"SB104; SB139";"Contexte régional ; taille et fréquence locales proposées. Professions des résidents ; lieu de travail et commanditaires peuvent être extérieurs au quartier. Visiteurs exclus du stock. chapitre régional ; profil territorial proposé Budget civil 28,00 % ; coefficient 0,800000 ; part de filière 1,011 %. Savoir-faire de terrain et sécurité ; procédé spécialisé distinct du rang social.";0.0016593357784068102;0.1506655697141457;0.007252486365854581
Collecteur de perles;Collecteur de ressources;0;0;0.0;D — activité déduite;SB149;"Contexte régional ; taille et fréquence locales proposées. Professions des résidents ; lieu de travail et commanditaires peuvent être extérieurs au quartier. Visiteurs exclus du stock. chapitre régional ; profil territorial proposé Budget civil 28,00 % ; coefficient 0,000000 ; part de filière 0,000 %. Zéro proposé : Filière régionale non retenue dans ce scénario, sans interdiction universelle. Savoir-faire de terrain et sécurité ; procédé spécialisé distinct du rang social.";0;0;0
Récupérateur de reliques penumbrales;Collecteur de ressources;0;0;0.0;A — activité attestée;PG8;"Contexte régional ; taille et fréquence locales proposées. Professions des résidents ; lieu de travail et commanditaires peuvent être extérieurs au quartier. Visiteurs exclus du stock. chapitre régional ; profil territorial proposé Budget civil 28,00 % ; coefficient 0,000000 ; part de filière 0,000 %. Zéro proposé : Filière régionale non retenue dans ce scénario, sans interdiction universelle. Savoir-faire de terrain et sécurité ; procédé spécialisé distinct du rang social.";0;0;0
Bûcheron;Travailleur forestier;0.0997358699115044;0.164879930420738;89.76228292035395;A — activité attestée;"MJ135; SB107";"Contexte régional ; taille et fréquence locales proposées. Professions des résidents ; lieu de travail et commanditaires peuvent être extérieurs au quartier. Visiteurs exclus du stock. chapitre régional ; profil territorial proposé Budget civil 28,00 % ; coefficient 0,500000 ; part de filière 0,632 %. Savoir-faire de terrain et sécurité ; procédé spécialisé distinct du rang social.";0.0010370848615042555;0.09416598107134104;0.004532803978659111
Forestier;Travailleur forestier;0.0997358699115044;0.164879930420738;89.76228292035395;A — activité attestée;MJ140;"Contexte régional ; taille et fréquence locales proposées. Professions des résidents ; lieu de travail et commanditaires peuvent être extérieurs au quartier. Visiteurs exclus du stock. chapitre régional ; profil territorial proposé Budget civil 28,00 % ; coefficient 0,500000 ; part de filière 0,632 %. Savoir-faire de terrain et sécurité ; procédé spécialisé distinct du rang social.";0.0010370848615042555;0.09416598107134104;0.004532803978659111
Scieur;Travailleur forestier;0.0997358699115044;0.164879930420738;89.76228292035395;D — activité déduite;SB99;"Contexte régional ; taille et fréquence locales proposées. Professions des résidents ; lieu de travail et commanditaires peuvent être extérieurs au quartier. Visiteurs exclus du stock. chapitre régional ; profil territorial proposé Budget civil 28,00 % ; coefficient 0,500000 ; part de filière 0,632 %. Savoir-faire de terrain et sécurité ; procédé spécialisé distinct du rang social.";0.0010370848615042555;0.09416598107134104;0.004532803978659111
Pêcheur maritime;Pêcheur;0.37225939884393067;0.6154065115621271;335.0334589595376;A — activité attestée;"SB110; SB168";"Contexte régional ; taille et fréquence locales proposées. Professions des résidents ; lieu de travail et commanditaires peuvent être extérieurs au quartier. Visiteurs exclus du stock. chapitre régional ; profil territorial proposé Budget civil 10,00 % ; coefficient 2,000000 ; part de filière 6,606 %. Transmission familiale, terre/eau, droits d’usage et outils ; les tâches saisonnières restent secondaires.";0.0019455502224075228;0.3533069514694066;0.017006897152116517
Pêcheur d’eau douce;Pêcheur;0.29780751907514447;0.4923252092497016;268.02676716763;A — activité attestée;SB138;"Contexte régional ; taille et fréquence locales proposées. Professions des résidents ; lieu de travail et commanditaires peuvent être extérieurs au quartier. Visiteurs exclus du stock. chapitre régional ; profil territorial proposé Budget civil 10,00 % ; coefficient 1,600000 ; part de filière 5,285 %. Transmission familiale, terre/eau, droits d’usage et outils ; les tâches saisonnières restent secondaires.";0.001556440177926017;0.28264556117552525;0.013605517721693206
Cultivateur marin;Pêcheur;0;0;0.0;P — activité proposée;SB149;"Contexte régional ; taille et fréquence locales proposées. Professions des résidents ; lieu de travail et commanditaires peuvent être extérieurs au quartier. Visiteurs exclus du stock. chapitre régional ; profil territorial proposé Budget civil 10,00 % ; coefficient 0,000000 ; part de filière 0,000 %. Zéro proposé : Filière régionale non retenue dans ce scénario, sans interdiction universelle. Transmission familiale, terre/eau, droits d’usage et outils ; les tâches saisonnières restent secondaires.";0;0;0
Mineur;Extracteur de ressources minérales;3.191547837168141;5.276157773463616;2872.3930534513265;A — activité attestée;"MJ135; SB160";"Contexte régional ; taille et fréquence locales proposées. Professions des résidents ; lieu de travail et commanditaires peuvent être extérieurs au quartier. Visiteurs exclus du stock. chapitre régional ; profil territorial proposé Budget civil 28,00 % ; coefficient 16,000000 ; part de filière 20,228 %. Savoir-faire de terrain et sécurité ; procédé spécialisé distinct du rang social.";0.033186715568136176;3.0133113942829133;0.14504972731709156
Carrier;Extracteur de ressources minérales;3.191547837168141;5.276157773463616;2872.3930534513265;D — activité déduite;"MJ135; SB160";"Contexte régional ; taille et fréquence locales proposées. Professions des résidents ; lieu de travail et commanditaires peuvent être extérieurs au quartier. Visiteurs exclus du stock. chapitre régional ; profil territorial proposé Budget civil 28,00 % ; coefficient 16,000000 ; part de filière 20,228 %. Savoir-faire de terrain et sécurité ; procédé spécialisé distinct du rang social.";0.033186715568136176;3.0133113942829133;0.14504972731709156
Salinier;Extracteur de ressources minérales;0;0;0.0;P — activité proposée;SB120;"Contexte régional ; taille et fréquence locales proposées. Professions des résidents ; lieu de travail et commanditaires peuvent être extérieurs au quartier. Visiteurs exclus du stock. chapitre régional ; profil territorial proposé Budget civil 28,00 % ; coefficient 0,000000 ; part de filière 0,000 %. Zéro proposé : Climat, matière ou culture hors filière régionale retenue ; aucun établissement exceptionnel proposé. Savoir-faire de terrain et sécurité ; procédé spécialisé distinct du rang social.";0;0;0
Mineur de bauronite;Extracteur de ressources minérales;3.191547837168141;5.276157773463616;2872.3930534513265;A — activité attestée;"SB174; SB182";"Contexte régional ; taille et fréquence locales proposées. Professions des résidents ; lieu de travail et commanditaires peuvent être extérieurs au quartier. Visiteurs exclus du stock. chapitre régional ; profil territorial proposé Budget civil 28,00 % ; coefficient 16,000000 ; part de filière 20,228 %. Savoir-faire de terrain et sécurité ; procédé spécialisé distinct du rang social.";0.033186715568136176;3.0133113942829133;0.14504972731709156
Mineur de tameranium;Extracteur de ressources minérales;0;0;0.0;A — activité attestée;"SB168; SB198";"Contexte régional ; taille et fréquence locales proposées. Professions des résidents ; lieu de travail et commanditaires peuvent être extérieurs au quartier. Visiteurs exclus du stock. chapitre régional ; profil territorial proposé Budget civil 28,00 % ; coefficient 0,000000 ; part de filière 0,000 %. Zéro proposé : Climat, matière ou culture hors filière régionale retenue ; aucun établissement exceptionnel proposé. Savoir-faire de terrain et sécurité ; procédé spécialisé distinct du rang social.";0;0;0
Extracteur d’obsidienne;Extracteur de ressources minérales;0;0;0.0;A — activité attestée;SB190;"Contexte régional ; taille et fréquence locales proposées. Professions des résidents ; lieu de travail et commanditaires peuvent être extérieurs au quartier. Visiteurs exclus du stock. chapitre régional ; profil territorial proposé Budget civil 28,00 % ; coefficient 0,000000 ; part de filière 0,000 %. Zéro proposé : Filière régionale non retenue dans ce scénario, sans interdiction universelle. Savoir-faire de terrain et sécurité ; procédé spécialisé distinct du rang social.";0;0;0
Extracteur de soufre;Extracteur de ressources minérales;0;0;0.0;A — activité attestée;SB190;"Contexte régional ; taille et fréquence locales proposées. Professions des résidents ; lieu de travail et commanditaires peuvent être extérieurs au quartier. Visiteurs exclus du stock. chapitre régional ; profil territorial proposé Budget civil 28,00 % ; coefficient 0,000000 ; part de filière 0,000 %. Zéro proposé : Filière régionale non retenue dans ce scénario, sans interdiction universelle. Savoir-faire de terrain et sécurité ; procédé spécialisé distinct du rang social.";0;0;0
Prospecteur;Extracteur de ressources minérales;3.191547837168141;5.276157773463616;2872.3930534513265;D — activité déduite;SB104;"Contexte régional ; taille et fréquence locales proposées. Professions des résidents ; lieu de travail et commanditaires peuvent être extérieurs au quartier. Visiteurs exclus du stock. chapitre régional ; profil territorial proposé Budget civil 28,00 % ; coefficient 16,000000 ; part de filière 20,228 %. Savoir-faire de terrain et sécurité ; procédé spécialisé distinct du rang social.";0.033186715568136176;3.0133113942829133;0.14504972731709156
Meunier;Meunier;0.13407077244476814;0.22164121746531354;120.66369520029133;D — activité déduite;SB121;"Contexte régional ; taille et fréquence locales proposées. Professions des résidents ; lieu de travail et commanditaires peuvent être extérieurs au quartier. Visiteurs exclus du stock. chapitre régional ; profil territorial proposé Budget civil 35,00 % ; coefficient 1,750000 ; part de filière 0,680 %. Apprentissage, atelier, combustible et outils ; titre noble ne remplace pas qualification.";0.0066921993887506985;0.1215286317173096;0.00584994133870785
Boucher;Boucher;0.1532237399368779;0.25330424853178696;137.90136594319011;D — activité déduite;SB99;"Contexte régional ; taille et fréquence locales proposées. Professions des résidents ; lieu de travail et commanditaires peuvent être extérieurs au quartier. Visiteurs exclus du stock. chapitre régional ; profil territorial proposé Budget civil 35,00 % ; coefficient 2,000000 ; part de filière 0,777 %. Apprentissage, atelier, combustible et outils ; titre noble ne remplace pas qualification.";0.0076482278728579435;0.1388898648197824;0.00668564724423754
Écorcheur;Boucher;0.061289495974751154;0.10132169941271475;55.16054637727604;A — activité attestée;MJ128;"Contexte régional ; taille et fréquence locales proposées. Professions des résidents ; lieu de travail et commanditaires peuvent être extérieurs au quartier. Visiteurs exclus du stock. chapitre régional ; profil territorial proposé Budget civil 35,00 % ; coefficient 0,800000 ; part de filière 0,311 %. Apprentissage, atelier, combustible et outils ; titre noble ne remplace pas qualification.";0.003059291149143177;0.05555594592791296;0.0026742588976950165
Boulanger;Boulanger;0.3256004473658655;0.5382715281300472;293.04040262927896;A — activité attestée;MJ128;"Contexte régional ; taille et fréquence locales proposées. Professions des résidents ; lieu de travail et commanditaires peuvent être extérieurs au quartier. Visiteurs exclus du stock. chapitre régional ; profil territorial proposé Budget civil 35,00 % ; coefficient 4,250000 ; part de filière 1,651 %. Apprentissage, atelier, combustible et outils ; titre noble ne remplace pas qualification.";0.016252484229823127;0.2951409627420376;0.01420700039400478
Cuisinier;Cuisinier;0.43603894635027085;0.7208446790383054;392.43505171524373;A — activité attestée;MJ128;"Contexte régional ; taille et fréquence locales proposées. Professions des résidents ; lieu de travail et commanditaires peuvent être extérieurs au quartier. Visiteurs exclus du stock. chapitre régional ; profil territorial proposé Budget civil 6,00 % ; coefficient 7,500000 ; part de filière 12,897 %. Apprentissage et qualification variable ; soins avancés et thérapie magique exigent formation.";0.0022858451586733742;0.41510364278472356;0.01864945840687393
Cuisinier de haute cuisine;Cuisinier;0;0;0.0;A — activité attestée;"PG28; CC52";"Contexte régional ; taille et fréquence locales proposées. Professions des résidents ; lieu de travail et commanditaires peuvent être extérieurs au quartier. Visiteurs exclus du stock. chapitre régional ; profil territorial proposé Budget civil 6,00 % ; coefficient 0,000000 ; part de filière 0,000 %. Zéro proposé : Haute cuisine concentrée auprès de clientèle et maîtres attestés/proposés ; cuisine ordinaire conservée. Apprentissage et qualification variable ; soins avancés et thérapie magique exigent formation.";0;0;0
Poissonnier;Transformateur alimentaire;0.09959543095897062;0.1646477615456615;89.63588786307356;D — activité déduite;"SB120; SB149";"Contexte régional ; taille et fréquence locales proposées. Professions des résidents ; lieu de travail et commanditaires peuvent être extérieurs au quartier. Visiteurs exclus du stock. chapitre régional ; profil territorial proposé Budget civil 35,00 % ; coefficient 1,300000 ; part de filière 0,505 %. Apprentissage, atelier, combustible et outils ; titre noble ne remplace pas qualification.";0.004971348117357664;0.09027841213285856;0.004345670708754402
Saleur et sécheur alimentaire;Transformateur alimentaire;0.09959543095897062;0.1646477615456615;89.63588786307356;D — activité déduite;"SB120; SB149";"Contexte régional ; taille et fréquence locales proposées. Professions des résidents ; lieu de travail et commanditaires peuvent être extérieurs au quartier. Visiteurs exclus du stock. chapitre régional ; profil territorial proposé Budget civil 35,00 % ; coefficient 1,300000 ; part de filière 0,505 %. Apprentissage, atelier, combustible et outils ; titre noble ne remplace pas qualification.";0.004971348117357664;0.09027841213285856;0.004345670708754402
Fromager;Transformateur alimentaire;0.09959543095897062;0.1646477615456615;89.63588786307356;A — activité attestée;"SB120; SB149";"Contexte régional ; taille et fréquence locales proposées. Professions des résidents ; lieu de travail et commanditaires peuvent être extérieurs au quartier. Visiteurs exclus du stock. chapitre régional ; profil territorial proposé Budget civil 35,00 % ; coefficient 1,300000 ; part de filière 0,505 %. Apprentissage, atelier, combustible et outils ; titre noble ne remplace pas qualification.";0.004971348117357664;0.09027841213285856;0.004345670708754402
Huilier;Transformateur alimentaire;0.09959543095897062;0.1646477615456615;89.63588786307356;P — activité proposée;"SB120; SB149";"Contexte régional ; taille et fréquence locales proposées. Professions des résidents ; lieu de travail et commanditaires peuvent être extérieurs au quartier. Visiteurs exclus du stock. chapitre régional ; profil territorial proposé Budget civil 35,00 % ; coefficient 1,300000 ; part de filière 0,505 %. Apprentissage, atelier, combustible et outils ; titre noble ne remplace pas qualification.";0.004971348117357664;0.09027841213285856;0.004345670708754402
Brasseur;Fabricant de boissons;0.09193424396212672;0.15198254911907214;82.74081956591404;A — activité attestée;"MJ128; SB120";"Contexte régional ; taille et fréquence locales proposées. Professions des résidents ; lieu de travail et commanditaires peuvent être extérieurs au quartier. Visiteurs exclus du stock. chapitre régional ; profil territorial proposé Budget civil 35,00 % ; coefficient 1,200000 ; part de filière 0,466 %. Apprentissage, atelier, combustible et outils ; titre noble ne remplace pas qualification.";0.004588936723714764;0.08333391889186943;0.004011388346542524
Distillateur;Fabricant de boissons;0.09193424396212672;0.15198254911907214;82.74081956591404;A — activité attestée;"MJ128; SB120";"Contexte régional ; taille et fréquence locales proposées. Professions des résidents ; lieu de travail et commanditaires peuvent être extérieurs au quartier. Visiteurs exclus du stock. chapitre régional ; profil territorial proposé Budget civil 35,00 % ; coefficient 1,200000 ; part de filière 0,466 %. Apprentissage, atelier, combustible et outils ; titre noble ne remplace pas qualification.";0.004588936723714764;0.08333391889186943;0.004011388346542524
Distillateur de Highlandtuber;Fabricant de boissons;0;0;0.0;A — activité attestée;"SB120; SB121";"Contexte régional ; taille et fréquence locales proposées. Professions des résidents ; lieu de travail et commanditaires peuvent être extérieurs au quartier. Visiteurs exclus du stock. chapitre régional ; profil territorial proposé Budget civil 35,00 % ; coefficient 0,000000 ; part de filière 0,000 %. Zéro proposé : Filière régionale non retenue dans ce scénario, sans interdiction universelle. Apprentissage, atelier, combustible et outils ; titre noble ne remplace pas qualification.";0;0;0
Maître de cérémonie du thé;Maître de cérémonie du thé;0;0;0.0;A — activité attestée;SB201;"Contexte régional ; taille et fréquence locales proposées. Professions des résidents ; lieu de travail et commanditaires peuvent être extérieurs au quartier. Visiteurs exclus du stock. chapitre régional ; profil territorial proposé Budget civil 0,00 % ; coefficient 0,000000 ; part de filière 0,000 %. Zéro proposé : Filière régionale non retenue dans ce scénario, sans interdiction universelle. Apprentissage, audition et réseau ; accès au mérite notamment Mustardseed.";0;0;0
Alchimiste;Alchimiste;0.0473519936304662;0.07828069702507226;42.61679426741958;A — activité attestée;"MJ128; BR55";"Contexte régional ; taille et fréquence locales proposées. Professions des résidents ; lieu de travail et commanditaires peuvent être extérieurs au quartier. Visiteurs exclus du stock. chapitre régional ; profil territorial proposé Budget civil 1,00 % ; coefficient 2,500000 ; part de filière 8,403 %. Long apprentissage, frais, bourses, talent, licence ou secret ; titre ne donne pas maîtrise.";0.00571065286792855;0.041481599034152154;0.00015974172838549417
Apothicaire;Alchimiste;0.018940797452186478;0.0313122788100289;17.04671770696783;A — activité attestée;"MJ128; BR55";"Contexte régional ; taille et fréquence locales proposées. Professions des résidents ; lieu de travail et commanditaires peuvent être extérieurs au quartier. Visiteurs exclus du stock. chapitre régional ; profil territorial proposé Budget civil 1,00 % ; coefficient 1,000000 ; part de filière 3,361 %. Long apprentissage, frais, bourses, talent, licence ou secret ; titre ne donne pas maîtrise.";0.0022842611471714197;0.01659263961366086;6.389669135419767e-05
Préparateur de poisons;Alchimiste;0.018940797452186478;0.0313122788100289;17.04671770696783;D — activité déduite;"BR55; SB193";"Contexte régional ; taille et fréquence locales proposées. Professions des résidents ; lieu de travail et commanditaires peuvent être extérieurs au quartier. Visiteurs exclus du stock. chapitre régional ; profil territorial proposé Budget civil 1,00 % ; coefficient 1,000000 ; part de filière 3,361 %. Long apprentissage, frais, bourses, talent, licence ou secret ; titre ne donne pas maîtrise.";0.0022842611471714197;0.01659263961366086;6.389669135419767e-05
Préparateur de potions;Alchimiste;0.018940797452186478;0.0313122788100289;17.04671770696783;A — activité attestée;SB138;"Contexte régional ; taille et fréquence locales proposées. Professions des résidents ; lieu de travail et commanditaires peuvent être extérieurs au quartier. Visiteurs exclus du stock. chapitre régional ; profil territorial proposé Budget civil 1,00 % ; coefficient 1,000000 ; part de filière 3,361 %. Long apprentissage, frais, bourses, talent, licence ou secret ; titre ne donne pas maîtrise.";0.0022842611471714197;0.01659263961366086;6.389669135419767e-05
Préparateur d’Estelindea;Alchimiste;0;0;0.0;A — activité attestée;SB153;"Contexte régional ; taille et fréquence locales proposées. Professions des résidents ; lieu de travail et commanditaires peuvent être extérieurs au quartier. Visiteurs exclus du stock. chapitre régional ; profil territorial proposé Budget civil 1,00 % ; coefficient 0,000000 ; part de filière 0,000 %. Zéro proposé : Filière régionale non retenue dans ce scénario, sans interdiction universelle. Long apprentissage, frais, bourses, talent, licence ou secret ; titre ne donne pas maîtrise.";0;0;0
Charbonnier;Charbonnier;0.14960380486725663;0.24731989563110704;134.64342438053097;P — activité proposée;SB128;"Contexte régional ; taille et fréquence locales proposées. Professions des résidents ; lieu de travail et commanditaires peuvent être extérieurs au quartier. Visiteurs exclus du stock. chapitre régional ; profil territorial proposé Budget civil 28,00 % ; coefficient 0,750000 ; part de filière 0,948 %. Savoir-faire de terrain et sécurité ; procédé spécialisé distinct du rang social.";0.001555627292256384;0.14124897160701158;0.0067992059679886675
Fondeur et affineur;Métallurgiste;0.16088492693372175;0.2659694609583762;144.79643424034958;D — activité déduite;"SB198; SB160";"Contexte régional ; taille et fréquence locales proposées. Professions des résidents ; lieu de travail et commanditaires peuvent être extérieurs au quartier. Visiteurs exclus du stock. chapitre régional ; profil territorial proposé Budget civil 35,00 % ; coefficient 2,100000 ; part de filière 0,816 %. Apprentissage, atelier, combustible et outils ; titre noble ne remplace pas qualification.";0.00803063926650084;0.1458343580607715;0.007019929606449418
Aciériste;Métallurgiste;0.16088492693372175;0.2659694609583762;144.79643424034958;D — activité déduite;SB198;"Contexte régional ; taille et fréquence locales proposées. Professions des résidents ; lieu de travail et commanditaires peuvent être extérieurs au quartier. Visiteurs exclus du stock. chapitre régional ; profil territorial proposé Budget civil 35,00 % ; coefficient 2,100000 ; part de filière 0,816 %. Apprentissage, atelier, combustible et outils ; titre noble ne remplace pas qualification.";0.00803063926650084;0.1458343580607715;0.007019929606449418
Forgeron;Forgeron;3.447534148579753;5.699345591965206;3102.780733721778;A — activité attestée;MJ128;"Contexte régional ; taille et fréquence locales proposées. Professions des résidents ; lieu de travail et commanditaires peuvent être extérieurs au quartier. Visiteurs exclus du stock. chapitre régional ; profil territorial proposé Budget civil 35,00 % ; coefficient 45,000000 ; part de filière 17,480 %. Apprentissage, atelier, combustible et outils ; titre noble ne remplace pas qualification.";0.17208512713930374;3.1250219584451044;0.1504270629953447
Armurier;Forgeron;1.3790136594319007;2.2797382367860815;1241.1122934887105;A — activité attestée;MJ128;"Contexte régional ; taille et fréquence locales proposées. Professions des résidents ; lieu de travail et commanditaires peuvent être extérieurs au quartier. Visiteurs exclus du stock. chapitre régional ; profil territorial proposé Budget civil 35,00 % ; coefficient 18,000000 ; part de filière 6,992 %. Apprentissage, atelier, combustible et outils ; titre noble ne remplace pas qualification.";0.06883405085572149;1.2500087833780413;0.0601708251981379
Coutelier;Forgeron;1.3790136594319007;2.2797382367860815;1241.1122934887105;D — activité déduite;MJ128;"Contexte régional ; taille et fréquence locales proposées. Professions des résidents ; lieu de travail et commanditaires peuvent être extérieurs au quartier. Visiteurs exclus du stock. chapitre régional ; profil territorial proposé Budget civil 35,00 % ; coefficient 18,000000 ; part de filière 6,992 %. Apprentissage, atelier, combustible et outils ; titre noble ne remplace pas qualification.";0.06883405085572149;1.2500087833780413;0.0601708251981379
Rémouleur;Forgeron;1.3790136594319007;2.2797382367860815;1241.1122934887105;D — activité déduite;MJ128;"Contexte régional ; taille et fréquence locales proposées. Professions des résidents ; lieu de travail et commanditaires peuvent être extérieurs au quartier. Visiteurs exclus du stock. chapitre régional ; profil territorial proposé Budget civil 35,00 % ; coefficient 18,000000 ; part de filière 6,992 %. Apprentissage, atelier, combustible et outils ; titre noble ne remplace pas qualification.";0.06883405085572149;1.2500087833780413;0.0601708251981379
Serrurier;Mécanicien et artisan du métal;0.09193424396212672;0.15198254911907214;82.74081956591404;A — activité attestée;"MJ128; SB174";"Contexte régional ; taille et fréquence locales proposées. Professions des résidents ; lieu de travail et commanditaires peuvent être extérieurs au quartier. Visiteurs exclus du stock. chapitre régional ; profil territorial proposé Budget civil 35,00 % ; coefficient 1,200000 ; part de filière 0,466 %. Apprentissage, atelier, combustible et outils ; titre noble ne remplace pas qualification.";0.004588936723714764;0.08333391889186943;0.004011388346542524
Rétameur;Mécanicien et artisan du métal;0.09193424396212672;0.15198254911907214;82.74081956591404;A — activité attestée;"MJ128; SB174";"Contexte régional ; taille et fréquence locales proposées. Professions des résidents ; lieu de travail et commanditaires peuvent être extérieurs au quartier. Visiteurs exclus du stock. chapitre régional ; profil territorial proposé Budget civil 35,00 % ; coefficient 1,200000 ; part de filière 0,466 %. Apprentissage, atelier, combustible et outils ; titre noble ne remplace pas qualification.";0.004588936723714764;0.08333391889186943;0.004011388346542524
Réparateur et bricoleur;Mécanicien et artisan du métal;0.09193424396212672;0.15198254911907214;82.74081956591404;A — activité attestée;"MJ128; SB174";"Contexte régional ; taille et fréquence locales proposées. Professions des résidents ; lieu de travail et commanditaires peuvent être extérieurs au quartier. Visiteurs exclus du stock. chapitre régional ; profil territorial proposé Budget civil 35,00 % ; coefficient 1,200000 ; part de filière 0,466 %. Apprentissage, atelier, combustible et outils ; titre noble ne remplace pas qualification.";0.004588936723714764;0.08333391889186943;0.004011388346542524
Horloger;Mécanicien et artisan du métal;0;0;0.0;D — activité déduite;SB174;"Contexte régional ; taille et fréquence locales proposées. Professions des résidents ; lieu de travail et commanditaires peuvent être extérieurs au quartier. Visiteurs exclus du stock. chapitre régional ; profil territorial proposé Budget civil 35,00 % ; coefficient 0,000000 ; part de filière 0,000 %. Zéro proposé : Climat, matière ou culture hors filière régionale retenue ; aucun établissement exceptionnel proposé. Apprentissage, atelier, combustible et outils ; titre noble ne remplace pas qualification.";0;0;0
Fabricant d’outils de précision;Mécanicien et artisan du métal;0;0;0.0;A — activité attestée;SB174;"Contexte régional ; taille et fréquence locales proposées. Professions des résidents ; lieu de travail et commanditaires peuvent être extérieurs au quartier. Visiteurs exclus du stock. chapitre régional ; profil territorial proposé Budget civil 35,00 % ; coefficient 0,000000 ; part de filière 0,000 %. Zéro proposé : Climat, matière ou culture hors filière régionale retenue ; aucun établissement exceptionnel proposé. Apprentissage, atelier, combustible et outils ; titre noble ne remplace pas qualification.";0;0;0
Fabricant d’instruments de navigation;Mécanicien et artisan du métal;0;0;0.0;D — activité déduite;SB174;"Contexte régional ; taille et fréquence locales proposées. Professions des résidents ; lieu de travail et commanditaires peuvent être extérieurs au quartier. Visiteurs exclus du stock. chapitre régional ; profil territorial proposé Budget civil 35,00 % ; coefficient 0,000000 ; part de filière 0,000 %. Zéro proposé : Climat, matière ou culture hors filière régionale retenue ; aucun établissement exceptionnel proposé. Apprentissage, atelier, combustible et outils ; titre noble ne remplace pas qualification.";0;0;0
Bijoutier;Bijoutier;0.45967121981063364;0.7599127455953607;413.70409782957023;A — activité attestée;MJ128;"Contexte régional ; taille et fréquence locales proposées. Professions des résidents ; lieu de travail et commanditaires peuvent être extérieurs au quartier. Visiteurs exclus du stock. chapitre régional ; profil territorial proposé Budget civil 35,00 % ; coefficient 6,000000 ; part de filière 2,331 %. Apprentissage, atelier, combustible et outils ; titre noble ne remplace pas qualification.";0.022944683618573828;0.4166695944593472;0.02005694173271263
Orfèvre;Bijoutier;0.18386848792425348;0.3039650982381443;165.48163913182813;A — activité attestée;MJ128;"Contexte régional ; taille et fréquence locales proposées. Professions des résidents ; lieu de travail et commanditaires peuvent être extérieurs au quartier. Visiteurs exclus du stock. chapitre régional ; profil territorial proposé Budget civil 35,00 % ; coefficient 2,400000 ; part de filière 0,932 %. Apprentissage, atelier, combustible et outils ; titre noble ne remplace pas qualification.";0.00917787344742953;0.1666678377837389;0.00802277669308505
Lapidaire et tailleur de gemmes;Bijoutier;0.18386848792425348;0.3039650982381443;165.48163913182813;A — activité attestée;MJ128;"Contexte régional ; taille et fréquence locales proposées. Professions des résidents ; lieu de travail et commanditaires peuvent être extérieurs au quartier. Visiteurs exclus du stock. chapitre régional ; profil territorial proposé Budget civil 35,00 % ; coefficient 2,400000 ; part de filière 0,932 %. Apprentissage, atelier, combustible et outils ; titre noble ne remplace pas qualification.";0.00917787344742953;0.1666678377837389;0.00802277669308505
Tanneur;Tanneur;0.023941209365137165;0.039578788833091696;21.547088428623447;A — activité attestée;MJ128;"Contexte régional ; taille et fréquence locales proposées. Professions des résidents ; lieu de travail et commanditaires peuvent être extérieurs au quartier. Visiteurs exclus du stock. chapitre régional ; profil territorial proposé Budget civil 35,00 % ; coefficient 0,312500 ; part de filière 0,121 %. Apprentissage, atelier, combustible et outils ; titre noble ne remplace pas qualification.";0.0011950356051340534;0.021701541378090997;0.0010446323819121154
Fourreur;Tanneur;0.00957648374605487;0.015831515533236685;8.618835371449382;D — activité déduite;"SB120; SB133";"Contexte régional ; taille et fréquence locales proposées. Professions des résidents ; lieu de travail et commanditaires peuvent être extérieurs au quartier. Visiteurs exclus du stock. chapitre régional ; profil territorial proposé Budget civil 35,00 % ; coefficient 0,125000 ; part de filière 0,049 %. Apprentissage, atelier, combustible et outils ; titre noble ne remplace pas qualification.";0.00047801424205362147;0.0086806165512364;0.00041785295276484626
Maroquinier;Artisan du cuir;0.061289495974751154;0.10132169941271475;55.16054637727604;A — activité attestée;MJ128;"Contexte régional ; taille et fréquence locales proposées. Professions des résidents ; lieu de travail et commanditaires peuvent être extérieurs au quartier. Visiteurs exclus du stock. chapitre régional ; profil territorial proposé Budget civil 35,00 % ; coefficient 0,800000 ; part de filière 0,311 %. Apprentissage, atelier, combustible et outils ; titre noble ne remplace pas qualification.";0.003059291149143177;0.05555594592791296;0.0026742588976950165
Bourrelier et sellier;Artisan du cuir;0.061289495974751154;0.10132169941271475;55.16054637727604;D — activité déduite;"MJ128; SB163";"Contexte régional ; taille et fréquence locales proposées. Professions des résidents ; lieu de travail et commanditaires peuvent être extérieurs au quartier. Visiteurs exclus du stock. chapitre régional ; profil territorial proposé Budget civil 35,00 % ; coefficient 0,800000 ; part de filière 0,311 %. Apprentissage, atelier, combustible et outils ; titre noble ne remplace pas qualification.";0.003059291149143177;0.05555594592791296;0.0026742588976950165
Boursier, fabricant de bourses;Artisan du cuir;0.061289495974751154;0.10132169941271475;55.16054637727604;D — activité déduite;MJ128;"Contexte régional ; taille et fréquence locales proposées. Professions des résidents ; lieu de travail et commanditaires peuvent être extérieurs au quartier. Visiteurs exclus du stock. chapitre régional ; profil territorial proposé Budget civil 35,00 % ; coefficient 0,800000 ; part de filière 0,311 %. Apprentissage, atelier, combustible et outils ; titre noble ne remplace pas qualification.";0.003059291149143177;0.05555594592791296;0.0026742588976950165
Gantier;Artisan du cuir;0.061289495974751154;0.10132169941271475;55.16054637727604;D — activité déduite;MJ128;"Contexte régional ; taille et fréquence locales proposées. Professions des résidents ; lieu de travail et commanditaires peuvent être extérieurs au quartier. Visiteurs exclus du stock. chapitre régional ; profil territorial proposé Budget civil 35,00 % ; coefficient 0,800000 ; part de filière 0,311 %. Apprentissage, atelier, combustible et outils ; titre noble ne remplace pas qualification.";0.003059291149143177;0.05555594592791296;0.0026742588976950165
Cordonnier;Artisan du cuir;0.061289495974751154;0.10132169941271475;55.16054637727604;A — activité attestée;MJ128;"Contexte régional ; taille et fréquence locales proposées. Professions des résidents ; lieu de travail et commanditaires peuvent être extérieurs au quartier. Visiteurs exclus du stock. chapitre régional ; profil territorial proposé Budget civil 35,00 % ; coefficient 0,800000 ; part de filière 0,311 %. Apprentissage, atelier, combustible et outils ; titre noble ne remplace pas qualification.";0.003059291149143177;0.05555594592791296;0.0026742588976950165
Fileur;Artisan textile;0.1532237399368779;0.25330424853178696;137.90136594319011;D — activité déduite;MJ128;"Contexte régional ; taille et fréquence locales proposées. Professions des résidents ; lieu de travail et commanditaires peuvent être extérieurs au quartier. Visiteurs exclus du stock. chapitre régional ; profil territorial proposé Budget civil 35,00 % ; coefficient 2,000000 ; part de filière 0,777 %. Apprentissage, atelier, combustible et outils ; titre noble ne remplace pas qualification.";0.0076482278728579435;0.1388898648197824;0.00668564724423754
Tisserand;Artisan textile;0.1532237399368779;0.25330424853178696;137.90136594319011;A — activité attestée;MJ128;"Contexte régional ; taille et fréquence locales proposées. Professions des résidents ; lieu de travail et commanditaires peuvent être extérieurs au quartier. Visiteurs exclus du stock. chapitre régional ; profil territorial proposé Budget civil 35,00 % ; coefficient 2,000000 ; part de filière 0,777 %. Apprentissage, atelier, combustible et outils ; titre noble ne remplace pas qualification.";0.0076482278728579435;0.1388898648197824;0.00668564724423754
Teinturier;Artisan textile;0.1532237399368779;0.25330424853178696;137.90136594319011;A — activité attestée;MJ128;"Contexte régional ; taille et fréquence locales proposées. Professions des résidents ; lieu de travail et commanditaires peuvent être extérieurs au quartier. Visiteurs exclus du stock. chapitre régional ; profil territorial proposé Budget civil 35,00 % ; coefficient 2,000000 ; part de filière 0,777 %. Apprentissage, atelier, combustible et outils ; titre noble ne remplace pas qualification.";0.0076482278728579435;0.1388898648197824;0.00668564724423754
Tailleur;Tailleur de vêtements;0.1532237399368779;0.25330424853178696;137.90136594319011;D — activité déduite;"MJ128; SB139";"Contexte régional ; taille et fréquence locales proposées. Professions des résidents ; lieu de travail et commanditaires peuvent être extérieurs au quartier. Visiteurs exclus du stock. chapitre régional ; profil territorial proposé Budget civil 35,00 % ; coefficient 2,000000 ; part de filière 0,777 %. Apprentissage, atelier, combustible et outils ; titre noble ne remplace pas qualification.";0.0076482278728579435;0.1388898648197824;0.00668564724423754
Modiste et fabricant de coiffes;Tailleur de vêtements;0.1532237399368779;0.25330424853178696;137.90136594319011;D — activité déduite;"SB139; SB120";"Contexte régional ; taille et fréquence locales proposées. Professions des résidents ; lieu de travail et commanditaires peuvent être extérieurs au quartier. Visiteurs exclus du stock. chapitre régional ; profil territorial proposé Budget civil 35,00 % ; coefficient 2,000000 ; part de filière 0,777 %. Apprentissage, atelier, combustible et outils ; titre noble ne remplace pas qualification.";0.0076482278728579435;0.1388898648197824;0.00668564724423754
Tapissier;Tapissier;0.07661186996843895;0.12665212426589348;68.95068297159506;D — activité déduite;SB200;"Contexte régional ; taille et fréquence locales proposées. Professions des résidents ; lieu de travail et commanditaires peuvent être extérieurs au quartier. Visiteurs exclus du stock. chapitre régional ; profil territorial proposé Budget civil 35,00 % ; coefficient 1,000000 ; part de filière 0,388 %. Apprentissage, atelier, combustible et outils ; titre noble ne remplace pas qualification.";0.0038241139364289718;0.0694449324098912;0.00334282362211877
Menuisier;Menuisier;0.38305934984219464;0.6332606213294671;344.75341485797514;D — activité déduite;"MJ128; SB152";"Contexte régional ; taille et fréquence locales proposées. Professions des résidents ; lieu de travail et commanditaires peuvent être extérieurs au quartier. Visiteurs exclus du stock. chapitre régional ; profil territorial proposé Budget civil 35,00 % ; coefficient 5,000000 ; part de filière 1,942 %. Apprentissage, atelier, combustible et outils ; titre noble ne remplace pas qualification.";0.019120569682144855;0.34722466204945596;0.016714118110593847
Ébéniste;Menuisier;0.1532237399368779;0.25330424853178696;137.90136594319011;D — activité déduite;MJ128;"Contexte régional ; taille et fréquence locales proposées. Professions des résidents ; lieu de travail et commanditaires peuvent être extérieurs au quartier. Visiteurs exclus du stock. chapitre régional ; profil territorial proposé Budget civil 35,00 % ; coefficient 2,000000 ; part de filière 0,777 %. Apprentissage, atelier, combustible et outils ; titre noble ne remplace pas qualification.";0.0076482278728579435;0.1388898648197824;0.00668564724423754
Sculpteur sur bois;Menuisier;0.1532237399368779;0.25330424853178696;137.90136594319011;A — activité attestée;MJ128;"Contexte régional ; taille et fréquence locales proposées. Professions des résidents ; lieu de travail et commanditaires peuvent être extérieurs au quartier. Visiteurs exclus du stock. chapitre régional ; profil territorial proposé Budget civil 35,00 % ; coefficient 2,000000 ; part de filière 0,777 %. Apprentissage, atelier, combustible et outils ; titre noble ne remplace pas qualification.";0.0076482278728579435;0.1388898648197824;0.00668564724423754
Tonnelier;Menuisier;0.1532237399368779;0.25330424853178696;137.90136594319011;A — activité attestée;MJ128;"Contexte régional ; taille et fréquence locales proposées. Professions des résidents ; lieu de travail et commanditaires peuvent être extérieurs au quartier. Visiteurs exclus du stock. chapitre régional ; profil territorial proposé Budget civil 35,00 % ; coefficient 2,000000 ; part de filière 0,777 %. Apprentissage, atelier, combustible et outils ; titre noble ne remplace pas qualification.";0.0076482278728579435;0.1388898648197824;0.00668564724423754
Charron;Menuisier;0.1532237399368779;0.25330424853178696;137.90136594319011;A — activité attestée;MJ128;"Contexte régional ; taille et fréquence locales proposées. Professions des résidents ; lieu de travail et commanditaires peuvent être extérieurs au quartier. Visiteurs exclus du stock. chapitre régional ; profil territorial proposé Budget civil 35,00 % ; coefficient 2,000000 ; part de filière 0,777 %. Apprentissage, atelier, combustible et outils ; titre noble ne remplace pas qualification.";0.0076482278728579435;0.1388898648197824;0.00668564724423754
Charpentier;Charpentier;0.24898857739742655;0.4116194038641537;224.0897196576839;A — activité attestée;MJ128;"Contexte régional ; taille et fréquence locales proposées. Professions des résidents ; lieu de travail et commanditaires peuvent être extérieurs au quartier. Visiteurs exclus du stock. chapitre régional ; profil territorial proposé Budget civil 35,00 % ; coefficient 3,250000 ; part de filière 1,262 %. Apprentissage, atelier, combustible et outils ; titre noble ne remplace pas qualification.";0.012428370293394159;0.22569603033214639;0.010864176771886008
Couvreur;Charpentier;0.09959543095897062;0.1646477615456615;89.63588786307356;A — activité attestée;MJ128;"Contexte régional ; taille et fréquence locales proposées. Professions des résidents ; lieu de travail et commanditaires peuvent être extérieurs au quartier. Visiteurs exclus du stock. chapitre régional ; profil territorial proposé Budget civil 35,00 % ; coefficient 1,300000 ; part de filière 0,505 %. Apprentissage, atelier, combustible et outils ; titre noble ne remplace pas qualification.";0.004971348117357664;0.09027841213285856;0.004345670708754402
Constructeur naval;Constructeur naval;0.1149178049526584;0.18997818639884015;103.42602445739256;A — activité attestée;"MJ128; SB148";"Contexte régional ; taille et fréquence locales proposées. Professions des résidents ; lieu de travail et commanditaires peuvent être extérieurs au quartier. Visiteurs exclus du stock. chapitre régional ; profil territorial proposé Budget civil 35,00 % ; coefficient 1,500000 ; part de filière 0,583 %. Apprentissage, atelier, combustible et outils ; titre noble ne remplace pas qualification.";0.005736170904643456;0.10416739861483679;0.005014235433178156
Calfat;Constructeur naval;0.04596712198106336;0.07599127455953607;41.37040978295702;D — activité déduite;"MJ128; SB148";"Contexte régional ; taille et fréquence locales proposées. Professions des résidents ; lieu de travail et commanditaires peuvent être extérieurs au quartier. Visiteurs exclus du stock. chapitre régional ; profil territorial proposé Budget civil 35,00 % ; coefficient 0,600000 ; part de filière 0,233 %. Apprentissage, atelier, combustible et outils ; titre noble ne remplace pas qualification.";0.002294468361857382;0.041666959445934716;0.002005694173271262
Constructeur de drakkars;Constructeur naval;0;0;0.0;A — activité attestée;SB130;"Contexte régional ; taille et fréquence locales proposées. Professions des résidents ; lieu de travail et commanditaires peuvent être extérieurs au quartier. Visiteurs exclus du stock. chapitre régional ; profil territorial proposé Budget civil 35,00 % ; coefficient 0,000000 ; part de filière 0,000 %. Zéro proposé : Filière régionale non retenue dans ce scénario, sans interdiction universelle. Apprentissage, atelier, combustible et outils ; titre noble ne remplace pas qualification.";0;0;0
Cordier;Cordier;0.09576483746054866;0.15831515533236679;86.18835371449379;D — activité déduite;SB130;"Contexte régional ; taille et fréquence locales proposées. Professions des résidents ; lieu de travail et commanditaires peuvent être extérieurs au quartier. Visiteurs exclus du stock. chapitre régional ; profil territorial proposé Budget civil 35,00 % ; coefficient 1,250000 ; part de filière 0,486 %. Apprentissage, atelier, combustible et outils ; titre noble ne remplace pas qualification.";0.004780142420536214;0.08680616551236399;0.004178529527648462
Voilier;Cordier;0.03830593498421948;0.06332606213294674;34.47534148579753;A — activité attestée;MJ128;"Contexte régional ; taille et fréquence locales proposées. Professions des résidents ; lieu de travail et commanditaires peuvent être extérieurs au quartier. Visiteurs exclus du stock. chapitre régional ; profil territorial proposé Budget civil 35,00 % ; coefficient 0,500000 ; part de filière 0,194 %. Apprentissage, atelier, combustible et outils ; titre noble ne remplace pas qualification.";0.0019120569682144859;0.0347224662049456;0.001671411811059385
Facteur d’arcs;Facteur d’arcs;0.07661186996843895;0.12665212426589348;68.95068297159506;A — activité attestée;"MJ128; SB152";"Contexte régional ; taille et fréquence locales proposées. Professions des résidents ; lieu de travail et commanditaires peuvent être extérieurs au quartier. Visiteurs exclus du stock. chapitre régional ; profil territorial proposé Budget civil 35,00 % ; coefficient 1,000000 ; part de filière 0,388 %. Apprentissage, atelier, combustible et outils ; titre noble ne remplace pas qualification.";0.0038241139364289718;0.0694449324098912;0.00334282362211877
Fabricant de flèches;Facteur d’arcs;0.030644747987375577;0.050660849706357376;27.58027318863802;A — activité attestée;SB152;"Contexte régional ; taille et fréquence locales proposées. Professions des résidents ; lieu de travail et commanditaires peuvent être extérieurs au quartier. Visiteurs exclus du stock. chapitre régional ; profil territorial proposé Budget civil 35,00 % ; coefficient 0,400000 ; part de filière 0,155 %. Apprentissage, atelier, combustible et outils ; titre noble ne remplace pas qualification.";0.0015296455745715885;0.02777797296395648;0.0013371294488475083
Luthier et facteur d’instruments;Luthier;0.0574589024763292;0.09498909319942007;51.71301222869628;D — activité déduite;BR55;"Contexte régional ; taille et fréquence locales proposées. Professions des résidents ; lieu de travail et commanditaires peuvent être extérieurs au quartier. Visiteurs exclus du stock. chapitre régional ; profil territorial proposé Budget civil 35,00 % ; coefficient 0,750000 ; part de filière 0,291 %. Apprentissage, atelier, combustible et outils ; titre noble ne remplace pas qualification.";0.002868085452321728;0.052083699307418393;0.002507117716589078
Tailleur de pierre;Tailleur de pierre;1.7237670742898765;2.849672795982603;1551.390366860889;A — activité attestée;"MJ128; SB161";"Contexte régional ; taille et fréquence locales proposées. Professions des résidents ; lieu de travail et commanditaires peuvent être extérieurs au quartier. Visiteurs exclus du stock. chapitre régional ; profil territorial proposé Budget civil 35,00 % ; coefficient 22,500000 ; part de filière 8,740 %. Apprentissage, atelier, combustible et outils ; titre noble ne remplace pas qualification.";0.08604256356965187;1.5625109792225522;0.07521353149767235
Sculpteur sur pierre;Tailleur de pierre;0.6895068297159503;1.1398691183930407;620.5561467443553;D — activité déduite;"MJ128; SB161";"Contexte régional ; taille et fréquence locales proposées. Professions des résidents ; lieu de travail et commanditaires peuvent être extérieurs au quartier. Visiteurs exclus du stock. chapitre régional ; profil territorial proposé Budget civil 35,00 % ; coefficient 9,000000 ; part de filière 3,496 %. Apprentissage, atelier, combustible et outils ; titre noble ne remplace pas qualification.";0.034417025427860744;0.6250043916890207;0.03008541259906895
Sculpteur de statues de Stone Spirits;Tailleur de pierre;0.6895068297159503;1.1398691183930407;620.5561467443553;A — activité attestée;SB161;"Contexte régional ; taille et fréquence locales proposées. Professions des résidents ; lieu de travail et commanditaires peuvent être extérieurs au quartier. Visiteurs exclus du stock. chapitre régional ; profil territorial proposé Budget civil 35,00 % ; coefficient 9,000000 ; part de filière 3,496 %. Apprentissage, atelier, combustible et outils ; titre noble ne remplace pas qualification.";0.034417025427860744;0.6250043916890207;0.03008541259906895
Maçon;Maçon;1.2257899194950233;2.0264339882542957;1103.210927545521;A — activité attestée;"MJ128; SB90";"Contexte régional ; taille et fréquence locales proposées. Professions des résidents ; lieu de travail et commanditaires peuvent être extérieurs au quartier. Visiteurs exclus du stock. chapitre régional ; profil territorial proposé Budget civil 35,00 % ; coefficient 16,000000 ; part de filière 6,215 %. Apprentissage, atelier, combustible et outils ; titre noble ne remplace pas qualification.";0.06118582298286355;1.1111189185582593;0.05348517795390032
Plâtrier;Maçon;0.49031596779800923;0.810573595301718;441.28437101820833;A — activité attestée;"MJ128; SB90";"Contexte régional ; taille et fréquence locales proposées. Professions des résidents ; lieu de travail et commanditaires peuvent être extérieurs au quartier. Visiteurs exclus du stock. chapitre régional ; profil territorial proposé Budget civil 35,00 % ; coefficient 6,400000 ; part de filière 2,486 %. Apprentissage, atelier, combustible et outils ; titre noble ne remplace pas qualification.";0.024474329193145416;0.44444756742330366;0.021394071181560132
Manœuvre de chantier;Maçon;0.49031596779800923;0.810573595301718;441.28437101820833;A — activité attestée;SB90;"Contexte régional ; taille et fréquence locales proposées. Professions des résidents ; lieu de travail et commanditaires peuvent être extérieurs au quartier. Visiteurs exclus du stock. chapitre régional ; profil territorial proposé Budget civil 35,00 % ; coefficient 6,400000 ; part de filière 2,486 %. Apprentissage, atelier, combustible et outils ; titre noble ne remplace pas qualification.";0.012550393705164913;0.4558238886504419;0.021941685442402468
Architecte;Architecte;0.1532237399368779;0.25330424853178696;137.90136594319011;A — activité attestée;SB174;"Contexte régional ; taille et fréquence locales proposées. Professions des résidents ; lieu de travail et commanditaires peuvent être extérieurs au quartier. Visiteurs exclus du stock. chapitre régional ; profil territorial proposé Budget civil 35,00 % ; coefficient 2,000000 ; part de filière 0,777 %. Apprentissage, atelier, combustible et outils ; titre noble ne remplace pas qualification.";0.0076482278728579435;0.1388898648197824;0.00668564724423754
Géomètre et arpenteur;Architecte;0.061289495974751154;0.10132169941271475;55.16054637727604;A — activité attestée;MJ128;"Contexte régional ; taille et fréquence locales proposées. Professions des résidents ; lieu de travail et commanditaires peuvent être extérieurs au quartier. Visiteurs exclus du stock. chapitre régional ; profil territorial proposé Budget civil 35,00 % ; coefficient 0,800000 ; part de filière 0,311 %. Apprentissage, atelier, combustible et outils ; titre noble ne remplace pas qualification.";0.003059291149143177;0.05555594592791296;0.0026742588976950165
Potier;Potier;0.19152967492109732;0.31663031066473357;172.37670742898757;A — activité attestée;"MJ128; SB200";"Contexte régional ; taille et fréquence locales proposées. Professions des résidents ; lieu de travail et commanditaires peuvent être extérieurs au quartier. Visiteurs exclus du stock. chapitre régional ; profil territorial proposé Budget civil 35,00 % ; coefficient 2,500000 ; part de filière 0,971 %. Apprentissage, atelier, combustible et outils ; titre noble ne remplace pas qualification.";0.009560284841072427;0.17361233102472798;0.008357059055296923
Tuilier;Potier;0.07661186996843895;0.12665212426589348;68.95068297159506;A — activité attestée;"MJ128; SB200";"Contexte régional ; taille et fréquence locales proposées. Professions des résidents ; lieu de travail et commanditaires peuvent être extérieurs au quartier. Visiteurs exclus du stock. chapitre régional ; profil territorial proposé Budget civil 35,00 % ; coefficient 1,000000 ; part de filière 0,388 %. Apprentissage, atelier, combustible et outils ; titre noble ne remplace pas qualification.";0.0038241139364289718;0.0694449324098912;0.00334282362211877
Porcelainier;Potier;0.07661186996843895;0.12665212426589348;68.95068297159506;D — activité déduite;SB200;"Contexte régional ; taille et fréquence locales proposées. Professions des résidents ; lieu de travail et commanditaires peuvent être extérieurs au quartier. Visiteurs exclus du stock. chapitre régional ; profil territorial proposé Budget civil 35,00 % ; coefficient 1,000000 ; part de filière 0,388 %. Apprentissage, atelier, combustible et outils ; titre noble ne remplace pas qualification.";0.0038241139364289718;0.0694449324098912;0.00334282362211877
Souffleur de verre;Verrier;0.053628308977907255;0.08865648698612541;48.26547808011653;A — activité attestée;"MJ128; SB174";"Contexte régional ; taille et fréquence locales proposées. Professions des résidents ; lieu de travail et commanditaires peuvent être extérieurs au quartier. Visiteurs exclus du stock. chapitre régional ; profil territorial proposé Budget civil 35,00 % ; coefficient 0,700000 ; part de filière 0,272 %. Apprentissage, atelier, combustible et outils ; titre noble ne remplace pas qualification.";0.002676879755500281;0.04861145268692384;0.00233997653548314
Vitrier;Verrier;0.053628308977907255;0.08865648698612541;48.26547808011653;A — activité attestée;"MJ128; SB174";"Contexte régional ; taille et fréquence locales proposées. Professions des résidents ; lieu de travail et commanditaires peuvent être extérieurs au quartier. Visiteurs exclus du stock. chapitre régional ; profil territorial proposé Budget civil 35,00 % ; coefficient 0,700000 ; part de filière 0,272 %. Apprentissage, atelier, combustible et outils ; titre noble ne remplace pas qualification.";0.002676879755500281;0.04861145268692384;0.00233997653548314
Opticien et fabricant de lentilles;Verrier;0;0;0.0;D — activité déduite;SB174;"Contexte régional ; taille et fréquence locales proposées. Professions des résidents ; lieu de travail et commanditaires peuvent être extérieurs au quartier. Visiteurs exclus du stock. chapitre régional ; profil territorial proposé Budget civil 35,00 % ; coefficient 0,000000 ; part de filière 0,000 %. Zéro proposé : Climat, matière ou culture hors filière régionale retenue ; aucun établissement exceptionnel proposé. Apprentissage, atelier, combustible et outils ; titre noble ne remplace pas qualification.";0;0;0
Papetier;Papetier et artisan du livre;0.061289495974751154;0.10132169941271475;55.16054637727604;A — activité attestée;SB138;"Contexte régional ; taille et fréquence locales proposées. Professions des résidents ; lieu de travail et commanditaires peuvent être extérieurs au quartier. Visiteurs exclus du stock. chapitre régional ; profil territorial proposé Budget civil 35,00 % ; coefficient 0,800000 ; part de filière 0,311 %. Apprentissage, atelier, combustible et outils ; titre noble ne remplace pas qualification.";0.003059291149143177;0.05555594592791296;0.0026742588976950165
Relieur;Papetier et artisan du livre;0.061289495974751154;0.10132169941271475;55.16054637727604;D — activité déduite;"SB138; MJ128";"Contexte régional ; taille et fréquence locales proposées. Professions des résidents ; lieu de travail et commanditaires peuvent être extérieurs au quartier. Visiteurs exclus du stock. chapitre régional ; profil territorial proposé Budget civil 35,00 % ; coefficient 0,800000 ; part de filière 0,311 %. Apprentissage, atelier, combustible et outils ; titre noble ne remplace pas qualification.";0.003059291149143177;0.05555594592791296;0.0026742588976950165
Chandelier;Chandelier;0.09576483746054866;0.15831515533236679;86.18835371449379;P — activité proposée;SB98;"Contexte régional ; taille et fréquence locales proposées. Professions des résidents ; lieu de travail et commanditaires peuvent être extérieurs au quartier. Visiteurs exclus du stock. chapitre régional ; profil territorial proposé Budget civil 35,00 % ; coefficient 1,250000 ; part de filière 0,486 %. Apprentissage, atelier, combustible et outils ; titre noble ne remplace pas qualification.";0.004780142420536214;0.08680616551236399;0.004178529527648462
Peintre;Peintre;0.1532237399368779;0.25330424853178696;137.90136594319011;A — activité attestée;"MJ128; SB190";"Contexte régional ; taille et fréquence locales proposées. Professions des résidents ; lieu de travail et commanditaires peuvent être extérieurs au quartier. Visiteurs exclus du stock. chapitre régional ; profil territorial proposé Budget civil 35,00 % ; coefficient 2,000000 ; part de filière 0,777 %. Apprentissage, atelier, combustible et outils ; titre noble ne remplace pas qualification.";0.0076482278728579435;0.1388898648197824;0.00668564724423754
Fabricant d’enseignes;Peintre;0.061289495974751154;0.10132169941271475;55.16054637727604;A — activité attestée;"MJ128; SB190";"Contexte régional ; taille et fréquence locales proposées. Professions des résidents ; lieu de travail et commanditaires peuvent être extérieurs au quartier. Visiteurs exclus du stock. chapitre régional ; profil territorial proposé Budget civil 35,00 % ; coefficient 0,800000 ; part de filière 0,311 %. Apprentissage, atelier, combustible et outils ; titre noble ne remplace pas qualification.";0.003059291149143177;0.05555594592791296;0.0026742588976950165
Enlumineur;Peintre;0.061289495974751154;0.10132169941271475;55.16054637727604;A — activité attestée;"MJ128; SB190";"Contexte régional ; taille et fréquence locales proposées. Professions des résidents ; lieu de travail et commanditaires peuvent être extérieurs au quartier. Visiteurs exclus du stock. chapitre régional ; profil territorial proposé Budget civil 35,00 % ; coefficient 0,800000 ; part de filière 0,311 %. Apprentissage, atelier, combustible et outils ; titre noble ne remplace pas qualification.";0.003059291149143177;0.05555594592791296;0.0026742588976950165
Peintre de guerre spirituel;Peintre;0;0;0.0;A — activité attestée;SB193;"Contexte régional ; taille et fréquence locales proposées. Professions des résidents ; lieu de travail et commanditaires peuvent être extérieurs au quartier. Visiteurs exclus du stock. chapitre régional ; profil territorial proposé Initiation de la Red Mother ou apprentissage autorisé; recette complète non librement disponible Budget civil 35,00 % ; coefficient 0,000000 ; part de filière 0,000 %. Zéro proposé : Filière régionale non retenue dans ce scénario, sans interdiction universelle. Apprentissage, atelier, combustible et outils ; titre noble ne remplace pas qualification.";0;0;0
Tatoueur rituel;Peintre;0;0;0.0;D — activité déduite;"SB200; SB204";"Contexte régional ; taille et fréquence locales proposées. Professions des résidents ; lieu de travail et commanditaires peuvent être extérieurs au quartier. Visiteurs exclus du stock. chapitre régional ; profil territorial proposé Budget civil 35,00 % ; coefficient 0,000000 ; part de filière 0,000 %. Zéro proposé : Filière régionale non retenue dans ce scénario, sans interdiction universelle. Apprentissage, atelier, combustible et outils ; titre noble ne remplace pas qualification.";0;0;0
Portefaix;Transporteur terrestre;0.39491610095110957;0.6528617969104142;355.4244908559986;D — activité déduite;"MJ132; SB121";"Contexte régional ; taille et fréquence locales proposées. Professions des résidents ; lieu de travail et commanditaires peuvent être extérieurs au quartier. Visiteurs exclus du stock. chapitre régional ; profil territorial proposé Budget civil 14,00 % ; coefficient 6,000000 ; part de filière 5,006 %. Réseau, itinéraires, confiance et capital ; manutention distincte de propriété du fret.";0.01483998605803193;0.35932047559095925;0.020755639302118368
Docker;Transporteur terrestre;0.39491610095110957;0.6528617969104142;355.4244908559986;D — activité déduite;"MJ132; SB121";"Contexte régional ; taille et fréquence locales proposées. Professions des résidents ; lieu de travail et commanditaires peuvent être extérieurs au quartier. Visiteurs exclus du stock. chapitre régional ; profil territorial proposé Budget civil 14,00 % ; coefficient 6,000000 ; part de filière 5,006 %. Réseau, itinéraires, confiance et capital ; manutention distincte de propriété du fret.";0.01483998605803193;0.35932047559095925;0.020755639302118368
Magasinier;Transporteur terrestre;0.3949161009511095;0.6528617969104142;355.4244908559986;D — activité déduite;"MJ132; SB121";"Contexte régional ; taille et fréquence locales proposées. Professions des résidents ; lieu de travail et commanditaires peuvent être extérieurs au quartier. Visiteurs exclus du stock. chapitre régional ; profil territorial proposé Budget civil 14,00 % ; coefficient 6,000000 ; part de filière 5,006 %. Réseau, itinéraires, confiance et capital ; manutention distincte de propriété du fret.";0.02860506344144217;0.3463070975907533;0.02000393991891408
Charretier et cocher;Transporteur terrestre;0.3949161009511095;0.6528617969104142;355.4244908559986;D — activité déduite;"MJ132; SB121";"Contexte régional ; taille et fréquence locales proposées. Professions des résidents ; lieu de travail et commanditaires peuvent être extérieurs au quartier. Visiteurs exclus du stock. chapitre régional ; profil territorial proposé Budget civil 14,00 % ; coefficient 6,000000 ; part de filière 5,006 %. Réseau, itinéraires, confiance et capital ; manutention distincte de propriété du fret.";0.02860506344144217;0.3463070975907533;0.02000393991891408
Chef de caravane;Transporteur terrestre;0.3949161009511095;0.6528617969104142;355.4244908559986;A — activité attestée;MJ132;"Contexte régional ; taille et fréquence locales proposées. Professions des résidents ; lieu de travail et commanditaires peuvent être extérieurs au quartier. Visiteurs exclus du stock. chapitre régional ; profil territorial proposé Budget civil 14,00 % ; coefficient 6,000000 ; part de filière 5,006 %. Réseau, itinéraires, confiance et capital ; manutention distincte de propriété du fret.";0.02860506344144217;0.3463070975907533;0.02000393991891408
Coursier et messager;Transporteur terrestre;0.3949161009511095;0.6528617969104142;355.4244908559986;D — activité déduite;"MJ132; SB121";"Contexte régional ; taille et fréquence locales proposées. Professions des résidents ; lieu de travail et commanditaires peuvent être extérieurs au quartier. Visiteurs exclus du stock. chapitre régional ; profil territorial proposé Budget civil 14,00 % ; coefficient 6,000000 ; part de filière 5,006 %. Réseau, itinéraires, confiance et capital ; manutention distincte de propriété du fret.";0.02860506344144217;0.3463070975907533;0.02000393991891408
Porteur d’eau;Transporteur terrestre;0.3949161009511095;0.6528617969104142;355.4244908559986;P — activité proposée;"MJ132; SB121";"Contexte régional ; taille et fréquence locales proposées. Professions des résidents ; lieu de travail et commanditaires peuvent être extérieurs au quartier. Visiteurs exclus du stock. chapitre régional ; profil territorial proposé Budget civil 14,00 % ; coefficient 6,000000 ; part de filière 5,006 %. Réseau, itinéraires, confiance et capital ; manutention distincte de propriété du fret.";0.02860506344144217;0.3463070975907533;0.02000393991891408
Transporteur de canopée;Transporteur terrestre;0;0;0.0;D — activité déduite;SB154;"Contexte régional ; taille et fréquence locales proposées. Professions des résidents ; lieu de travail et commanditaires peuvent être extérieurs au quartier. Visiteurs exclus du stock. chapitre régional ; profil territorial proposé Budget civil 14,00 % ; coefficient 0,000000 ; part de filière 0,000 %. Zéro proposé : Filière régionale non retenue dans ce scénario, sans interdiction universelle. Réseau, itinéraires, confiance et capital ; manutention distincte de propriété du fret.";0;0;0
Opérateur de Stone Disks;Transporteur terrestre;0.003949161009511096;0.006528617969104144;3.5542449085599865;A — activité attestée;PG13;"Contexte régional ; taille et fréquence locales proposées. Professions des résidents ; lieu de travail et commanditaires peuvent être extérieurs au quartier. Visiteurs exclus du stock. chapitre régional ; profil territorial proposé Prêtre nain de Dorsi; Formation spécialisée Budget civil 14,00 % ; coefficient 0,060000 ; part de filière 0,050 %. Réseau, itinéraires, confiance et capital ; manutention distincte de propriété du fret.";0.0002860506344144217;0.0034630709759075336;0.00020003939918914084
Palefrenier et soigneur d’écurie;Transporteur terrestre;0.3949161009511095;0.6528617969104142;355.4244908559986;D — activité déduite;SB123;"Contexte régional ; taille et fréquence locales proposées. Professions des résidents ; lieu de travail et commanditaires peuvent être extérieurs au quartier. Visiteurs exclus du stock. chapitre régional ; profil territorial proposé Budget civil 14,00 % ; coefficient 6,000000 ; part de filière 5,006 %. Réseau, itinéraires, confiance et capital ; manutention distincte de propriété du fret.";0.02860506344144217;0.3463070975907533;0.02000393991891408
Marin;Marin;0.16454837539629563;0.2720257487126726;148.09353785666607;A — activité attestée;MJ136;"Contexte régional ; taille et fréquence locales proposées. Professions des résidents ; lieu de travail et commanditaires peuvent être extérieurs au quartier. Visiteurs exclus du stock. chapitre régional ; profil territorial proposé Budget civil 14,00 % ; coefficient 2,500000 ; part de filière 2,086 %. Réseau, itinéraires, confiance et capital ; manutention distincte de propriété du fret.";0.011918776433934243;0.1442946239961472;0.008334974966214199
Navigateur;Marin;0.06581935015851827;0.10881029948506907;59.23741514266644;A — activité attestée;MJ136;"Contexte régional ; taille et fréquence locales proposées. Professions des résidents ; lieu de travail et commanditaires peuvent être extérieurs au quartier. Visiteurs exclus du stock. chapitre régional ; profil territorial proposé Budget civil 14,00 % ; coefficient 1,000000 ; part de filière 0,834 %. Réseau, itinéraires, confiance et capital ; manutention distincte de propriété du fret.";0.004767510573573696;0.057717849598458895;0.0033339899864856803
Pilote de port;Marin;0.06581935015851827;0.10881029948506907;59.23741514266644;D — activité déduite;MJ136;"Contexte régional ; taille et fréquence locales proposées. Professions des résidents ; lieu de travail et commanditaires peuvent être extérieurs au quartier. Visiteurs exclus du stock. chapitre régional ; profil territorial proposé Budget civil 14,00 % ; coefficient 1,000000 ; part de filière 0,834 %. Réseau, itinéraires, confiance et capital ; manutention distincte de propriété du fret.";0.004767510573573696;0.057717849598458895;0.0033339899864856803
Capitaine de navire;Marin;0.06581935015851827;0.10881029948506907;59.23741514266644;A — activité attestée;MJ136;"Contexte régional ; taille et fréquence locales proposées. Professions des résidents ; lieu de travail et commanditaires peuvent être extérieurs au quartier. Visiteurs exclus du stock. chapitre régional ; profil territorial proposé Budget civil 14,00 % ; coefficient 1,000000 ; part de filière 0,834 %. Réseau, itinéraires, confiance et capital ; manutention distincte de propriété du fret.";0.004767510573573696;0.057717849598458895;0.0033339899864856803
Pilote de véhicule volant;Marin;0;0;0.0;D — activité déduite;"SB142; SB174";"Contexte régional ; taille et fréquence locales proposées. Professions des résidents ; lieu de travail et commanditaires peuvent être extérieurs au quartier. Visiteurs exclus du stock. chapitre régional ; profil territorial proposé Budget civil 14,00 % ; coefficient 0,000000 ; part de filière 0,000 %. Zéro proposé : Climat, matière ou culture hors filière régionale retenue ; aucun établissement exceptionnel proposé. Réseau, itinéraires, confiance et capital ; manutention distincte de propriété du fret.";0;0;0
Aubergiste;Hôte professionnel;0.17441557854010833;0.2883378716153221;156.9740206860975;D — activité déduite;"SB110; SB123";"Contexte régional ; taille et fréquence locales proposées. Professions des résidents ; lieu de travail et commanditaires peuvent être extérieurs au quartier. Visiteurs exclus du stock. chapitre régional ; profil territorial proposé Budget civil 6,00 % ; coefficient 3,000000 ; part de filière 5,159 %. Apprentissage et qualification variable ; soins avancés et thérapie magique exigent formation.";0.0009143380634693495;0.1660414571138894;0.007459783362749573
Tavernier;Hôte professionnel;0.17441557854010833;0.2883378716153221;156.9740206860975;A — activité attestée;"SB108; SB149";"Contexte régional ; taille et fréquence locales proposées. Professions des résidents ; lieu de travail et commanditaires peuvent être extérieurs au quartier. Visiteurs exclus du stock. chapitre régional ; profil territorial proposé Budget civil 6,00 % ; coefficient 3,000000 ; part de filière 5,159 %. Apprentissage et qualification variable ; soins avancés et thérapie magique exigent formation.";0.0009143380634693495;0.1660414571138894;0.007459783362749573
Barbier;Barbier;0.43603894635027085;0.7208446790383054;392.43505171524373;P — activité proposée;"MJ135; PG40";"Contexte régional ; taille et fréquence locales proposées. Professions des résidents ; lieu de travail et commanditaires peuvent être extérieurs au quartier. Visiteurs exclus du stock. chapitre régional ; profil territorial proposé Budget civil 6,00 % ; coefficient 7,500000 ; part de filière 12,897 %. Apprentissage et qualification variable ; soins avancés et thérapie magique exigent formation.";0.0022858451586733742;0.41510364278472356;0.01864945840687393
Domestique;Employé domestique et aide familiale;1.1627705236007222;1.9222524774354808;1046.49347124065;A — activité attestée;"MJ135; PG40";"Contexte régional ; taille et fréquence locales proposées. Professions des résidents ; lieu de travail et commanditaires peuvent être extérieurs au quartier. Visiteurs exclus du stock. chapitre régional ; profil territorial proposé Budget civil 6,00 % ; coefficient 20,000000 ; part de filière 34,391 %. Apprentissage et qualification variable ; soins avancés et thérapie magique exigent formation.";0.0060955870897956635;1.1069430474259294;0.04973188908499715
Gardien d’enfants;Employé domestique et aide familiale;0.5813852618003611;0.9611262387177404;523.246735620325;A — activité attestée;PG40;"Contexte régional ; taille et fréquence locales proposées. Professions des résidents ; lieu de travail et commanditaires peuvent être extérieurs au quartier. Visiteurs exclus du stock. chapitre régional ; profil territorial proposé Budget civil 6,00 % ; coefficient 10,000000 ; part de filière 17,195 %. Apprentissage et qualification variable ; soins avancés et thérapie magique exigent formation.";0.0030477935448978317;0.5534715237129647;0.024865944542498575
Terrassier d’hygiène urbaine;Agent d’entretien;0.11627705236007221;0.19222524774354807;104.64934712406499;P — activité proposée;SB90;"Contexte régional ; taille et fréquence locales proposées. Professions des résidents ; lieu de travail et commanditaires peuvent être extérieurs au quartier. Visiteurs exclus du stock. chapitre régional ; profil territorial proposé Budget civil 6,00 % ; coefficient 2,000000 ; part de filière 3,439 %. Apprentissage et qualification variable ; soins avancés et thérapie magique exigent formation.";0.0003055803257264059;0.1109852134043859;0.004986258629959907
Ramoneur;Agent d’entretien;0.1162770523600722;0.19222524774354804;104.64934712406499;P — activité proposée;SB90;"Contexte régional ; taille et fréquence locales proposées. Professions des résidents ; lieu de travail et commanditaires peuvent être extérieurs au quartier. Visiteurs exclus du stock. chapitre régional ; profil territorial proposé Budget civil 6,00 % ; coefficient 2,000000 ; part de filière 3,439 %. Apprentissage et qualification variable ; soins avancés et thérapie magique exigent formation.";0.0006095587089795665;0.11069430474259292;0.004973188908499715
Fossoyeur;Agent funéraire;0.034883115708021675;0.057667574323064436;31.39480413721951;A — activité attestée;"MJ135; SB99; SB182";"Contexte régional ; taille et fréquence locales proposées. Professions des résidents ; lieu de travail et commanditaires peuvent être extérieurs au quartier. Visiteurs exclus du stock. chapitre régional ; profil territorial proposé Budget civil 6,00 % ; coefficient 0,600000 ; part de filière 1,032 %. Apprentissage et qualification variable ; soins avancés et thérapie magique exigent formation.";0.00018286761269387;0.03320829142277789;0.001491956672549915
Gardien de cimetière;Agent funéraire;0.034883115708021675;0.057667574323064436;31.39480413721951;A — activité attestée;"MJ135; SB99; SB182";"Contexte régional ; taille et fréquence locales proposées. Professions des résidents ; lieu de travail et commanditaires peuvent être extérieurs au quartier. Visiteurs exclus du stock. chapitre régional ; profil territorial proposé Budget civil 6,00 % ; coefficient 0,600000 ; part de filière 1,032 %. Apprentissage et qualification variable ; soins avancés et thérapie magique exigent formation.";0.00018286761269387;0.03320829142277789;0.001491956672549915
Momificateur;Agent funéraire;0;0;0.0;A — activité attestée;SB182;"Contexte régional ; taille et fréquence locales proposées. Professions des résidents ; lieu de travail et commanditaires peuvent être extérieurs au quartier. Visiteurs exclus du stock. chapitre régional ; profil territorial proposé Budget civil 6,00 % ; coefficient 0,000000 ; part de filière 0,000 %. Zéro proposé : Filière régionale non retenue dans ce scénario, sans interdiction universelle. Apprentissage et qualification variable ; soins avancés et thérapie magique exigent formation.";0;0;0
Gardien d’arbres funéraires;Agent funéraire;0;0;0.0;D — activité déduite;SB155;"Contexte régional ; taille et fréquence locales proposées. Professions des résidents ; lieu de travail et commanditaires peuvent être extérieurs au quartier. Visiteurs exclus du stock. chapitre régional ; profil territorial proposé Budget civil 6,00 % ; coefficient 0,000000 ; part de filière 0,000 %. Zéro proposé : Filière régionale non retenue dans ce scénario, sans interdiction universelle. Apprentissage et qualification variable ; soins avancés et thérapie magique exigent formation.";0;0;0
Marchand;Marchand;1.480935378566661;2.4482317384140537;1332.841840709995;A — activité attestée;"MJ128; SB139";"Contexte régional ; taille et fréquence locales proposées. Professions des résidents ; lieu de travail et commanditaires peuvent être extérieurs au quartier. Visiteurs exclus du stock. chapitre régional ; profil territorial proposé Budget civil 14,00 % ; coefficient 22,500000 ; part de filière 18,772 %. Réseau, itinéraires, confiance et capital ; manutention distincte de propriété du fret.";0.10726898790540816;1.298651615965325;0.07501477469592781
Colporteur;Marchand;0.5923741514266643;0.9792926953656214;533.1367362839978;A — activité attestée;SB121;"Contexte régional ; taille et fréquence locales proposées. Professions des résidents ; lieu de travail et commanditaires peuvent être extérieurs au quartier. Visiteurs exclus du stock. chapitre régional ; profil territorial proposé Budget civil 14,00 % ; coefficient 9,000000 ; part de filière 7,509 %. Réseau, itinéraires, confiance et capital ; manutention distincte de propriété du fret.";0.042907595162163255;0.5194606463861299;0.030005909878371116
Courtier;Marchand;0.5923741514266643;0.9792926953656214;533.1367362839978;A — activité attestée;SB149;"Contexte régional ; taille et fréquence locales proposées. Professions des résidents ; lieu de travail et commanditaires peuvent être extérieurs au quartier. Visiteurs exclus du stock. chapitre régional ; profil territorial proposé Budget civil 14,00 % ; coefficient 9,000000 ; part de filière 7,509 %. Réseau, itinéraires, confiance et capital ; manutention distincte de propriété du fret.";0.042907595162163255;0.5194606463861299;0.030005909878371116
Commissaire-priseur d’objets magiques;Marchand;0;0;0.0;A — activité attestée;SB139;"Contexte régional ; taille et fréquence locales proposées. Professions des résidents ; lieu de travail et commanditaires peuvent être extérieurs au quartier. Visiteurs exclus du stock. chapitre régional ; profil territorial proposé Budget civil 14,00 % ; coefficient 0,000000 ; part de filière 0,000 %. Zéro proposé : Filière régionale non retenue dans ce scénario, sans interdiction universelle. Réseau, itinéraires, confiance et capital ; manutention distincte de propriété du fret.";0;0;0
Comptable;Professionnel de finance;0.16454837539629563;0.2720257487126726;148.09353785666607;D — activité déduite;"SB212; SB213";"Contexte régional ; taille et fréquence locales proposées. Professions des résidents ; lieu de travail et commanditaires peuvent être extérieurs au quartier. Visiteurs exclus du stock. chapitre régional ; profil territorial proposé Budget civil 14,00 % ; coefficient 2,500000 ; part de filière 2,086 %. Réseau, itinéraires, confiance et capital ; manutention distincte de propriété du fret.";0.011918776433934243;0.1442946239961472;0.008334974966214199
Banquier et employé de banque;Professionnel de finance;0.013163870031703655;0.021762059897013814;11.847483028533288;A — activité attestée;"SB212; SB213";"Contexte régional ; taille et fréquence locales proposées. Professions des résidents ; lieu de travail et commanditaires peuvent être extérieurs au quartier. Visiteurs exclus du stock. chapitre régional ; profil territorial proposé Budget civil 14,00 % ; coefficient 0,200000 ; part de filière 0,167 %. Réseau, itinéraires, confiance et capital ; manutention distincte de propriété du fret.";0.0009535021147147393;0.01154356991969178;0.0006667979972971362
Usurier et prêteur sur gages;Professionnel de finance;0.16454837539629563;0.2720257487126726;148.09353785666607;D — activité déduite;"SB212; SB213";"Contexte régional ; taille et fréquence locales proposées. Professions des résidents ; lieu de travail et commanditaires peuvent être extérieurs au quartier. Visiteurs exclus du stock. chapitre régional ; profil territorial proposé Budget civil 14,00 % ; coefficient 2,500000 ; part de filière 2,086 %. Réseau, itinéraires, confiance et capital ; manutention distincte de propriété du fret.";0.011918776433934243;0.1442946239961472;0.008334974966214199
Changeur;Professionnel de finance;0.16454837539629563;0.2720257487126726;148.09353785666607;D — activité déduite;"SB212; SB213";"Contexte régional ; taille et fréquence locales proposées. Professions des résidents ; lieu de travail et commanditaires peuvent être extérieurs au quartier. Visiteurs exclus du stock. chapitre régional ; profil territorial proposé Budget civil 14,00 % ; coefficient 2,500000 ; part de filière 2,086 %. Réseau, itinéraires, confiance et capital ; manutention distincte de propriété du fret.";0.011918776433934243;0.1442946239961472;0.008334974966214199
Assureur;Professionnel de finance;0.013163870031703655;0.021762059897013814;11.847483028533288;D — activité déduite;"SB212; SB213";"Contexte régional ; taille et fréquence locales proposées. Professions des résidents ; lieu de travail et commanditaires peuvent être extérieurs au quartier. Visiteurs exclus du stock. chapitre régional ; profil territorial proposé Budget civil 14,00 % ; coefficient 0,200000 ; part de filière 0,167 %. Réseau, itinéraires, confiance et capital ; manutention distincte de propriété du fret.";0.0009535021147147393;0.01154356991969178;0.0006667979972971362
Estimateur;Professionnel de finance;0.013163870031703655;0.021762059897013814;11.847483028533288;A — activité attestée;"SB212; SB213";"Contexte régional ; taille et fréquence locales proposées. Professions des résidents ; lieu de travail et commanditaires peuvent être extérieurs au quartier. Visiteurs exclus du stock. chapitre régional ; profil territorial proposé Budget civil 14,00 % ; coefficient 0,200000 ; part de filière 0,167 %. Réseau, itinéraires, confiance et capital ; manutention distincte de propriété du fret.";0.0009535021147147393;0.01154356991969178;0.0006667979972971362
Négociateur;Professionnel de finance;0.013163870031703655;0.021762059897013814;11.847483028533288;A — activité attestée;"SB212; SB213";"Contexte régional ; taille et fréquence locales proposées. Professions des résidents ; lieu de travail et commanditaires peuvent être extérieurs au quartier. Visiteurs exclus du stock. chapitre régional ; profil territorial proposé Budget civil 14,00 % ; coefficient 0,200000 ; part de filière 0,167 %. Réseau, itinéraires, confiance et capital ; manutention distincte de propriété du fret.";0.0009535021147147393;0.01154356991969178;0.0006667979972971362
Scribe;Scribe et auteur;0.07867471762652704;0.13006235349070433;70.80724586387434;A — activité attestée;"MJ128; SB32";"Contexte régional ; taille et fréquence locales proposées. Professions des résidents ; lieu de travail et commanditaires peuvent être extérieurs au quartier. Visiteurs exclus du stock. chapitre régional ; profil territorial proposé Budget civil 4,00 % ; coefficient 2,000000 ; part de filière 3,490 %. Instruction, autorisation ou initiation ; clergé, caste et office ne rendent pas noble.";0.005958570237375852;0.07213740913109622;0.0005787382580549738
Calligraphe;Scribe et auteur;0.07867471762652704;0.13006235349070433;70.80724586387434;A — activité attestée;"MJ128; SB32";"Contexte régional ; taille et fréquence locales proposées. Professions des résidents ; lieu de travail et commanditaires peuvent être extérieurs au quartier. Visiteurs exclus du stock. chapitre régional ; profil territorial proposé Budget civil 4,00 % ; coefficient 2,000000 ; part de filière 3,490 %. Instruction, autorisation ou initiation ; clergé, caste et office ne rendent pas noble.";0.005958570237375852;0.07213740913109622;0.0005787382580549738
Écrivain;Scribe et auteur;0.037881594904372956;0.0626245576200578;34.09343541393566;A — activité attestée;"MJ128; SB32";"Contexte régional ; taille et fréquence locales proposées. Professions des résidents ; lieu de travail et commanditaires peuvent être extérieurs au quartier. Visiteurs exclus du stock. chapitre régional ; profil territorial proposé Budget civil 1,00 % ; coefficient 2,000000 ; part de filière 6,722 %. Long apprentissage, frais, bourses, talent, licence ou secret ; titre ne donne pas maîtrise.";0.004568522294342839;0.03318527922732172;0.00012779338270839534
Journaliste et rédacteur;Scribe et auteur;0.037881594904372956;0.0626245576200578;34.09343541393566;A — activité attestée;CC9;"Contexte régional ; taille et fréquence locales proposées. Professions des résidents ; lieu de travail et commanditaires peuvent être extérieurs au quartier. Visiteurs exclus du stock. chapitre régional ; profil territorial proposé Budget civil 1,00 % ; coefficient 2,000000 ; part de filière 6,722 %. Long apprentissage, frais, bourses, talent, licence ou secret ; titre ne donne pas maîtrise.";0.004568522294342839;0.03318527922732172;0.00012779338270839534
Traducteur;Scribe et auteur;0.07867471762652704;0.13006235349070433;70.80724586387434;D — activité déduite;SB198;"Contexte régional ; taille et fréquence locales proposées. Professions des résidents ; lieu de travail et commanditaires peuvent être extérieurs au quartier. Visiteurs exclus du stock. chapitre régional ; profil territorial proposé Budget civil 4,00 % ; coefficient 2,000000 ; part de filière 3,490 %. Instruction, autorisation ou initiation ; clergé, caste et office ne rendent pas noble.";0.005958570237375852;0.07213740913109622;0.0005787382580549738
Bibliothécaire;Érudit;0.05113856645724259;0.08454052976895783;46.024709811518335;A — activité attestée;MJ138;"Contexte régional ; taille et fréquence locales proposées. Professions des résidents ; lieu de travail et commanditaires peuvent être extérieurs au quartier. Visiteurs exclus du stock. chapitre régional ; profil territorial proposé Budget civil 4,00 % ; coefficient 1,300000 ; part de filière 2,269 %. Instruction, autorisation ou initiation ; clergé, caste et office ne rendent pas noble.";0.0038730706542943047;0.04688931593521255;0.00037617986773573275
Conservateur de musée;Érudit;0.05113856645724259;0.08454052976895783;46.024709811518335;A — activité attestée;PG48;"Contexte régional ; taille et fréquence locales proposées. Professions des résidents ; lieu de travail et commanditaires peuvent être extérieurs au quartier. Visiteurs exclus du stock. chapitre régional ; profil territorial proposé Budget civil 4,00 % ; coefficient 1,300000 ; part de filière 2,269 %. Instruction, autorisation ou initiation ; clergé, caste et office ne rendent pas noble.";0.0038730706542943047;0.04688931593521255;0.00037617986773573275
Historien;Érudit;0.024623036687842423;0.04070596245303757;22.16073301905818;A — activité attestée;PG46;"Contexte régional ; taille et fréquence locales proposées. Professions des résidents ; lieu de travail et commanditaires peuvent être extérieurs au quartier. Visiteurs exclus du stock. chapitre régional ; profil territorial proposé Budget civil 1,00 % ; coefficient 1,300000 ; part de filière 4,370 %. Long apprentissage, frais, bourses, talent, licence ou secret ; titre ne donne pas maîtrise.";0.0029695394913228455;0.02157043149775912;8.306569876045695e-05
Astronome;Érudit;0.024623036687842423;0.04070596245303757;22.16073301905818;A — activité attestée;MJ138;"Contexte régional ; taille et fréquence locales proposées. Professions des résidents ; lieu de travail et commanditaires peuvent être extérieurs au quartier. Visiteurs exclus du stock. chapitre régional ; profil territorial proposé Budget civil 1,00 % ; coefficient 1,300000 ; part de filière 4,370 %. Long apprentissage, frais, bourses, talent, licence ou secret ; titre ne donne pas maîtrise.";0.0029695394913228455;0.02157043149775912;8.306569876045695e-05
Chercheur non arcanique;Érudit;0.024623036687842423;0.04070596245303757;22.16073301905818;A — activité attestée;"MJ138; PG46";"Contexte régional ; taille et fréquence locales proposées. Professions des résidents ; lieu de travail et commanditaires peuvent être extérieurs au quartier. Visiteurs exclus du stock. chapitre régional ; profil territorial proposé Budget civil 1,00 % ; coefficient 1,300000 ; part de filière 4,370 %. Long apprentissage, frais, bourses, talent, licence ou secret ; titre ne donne pas maîtrise.";0.0029695394913228455;0.02157043149775912;8.306569876045695e-05
Mathématicien;Érudit;0.017236125681489693;0.028494173717126293;15.512513113340724;A — activité attestée;SB174;"Contexte régional ; taille et fréquence locales proposées. Professions des résidents ; lieu de travail et commanditaires peuvent être extérieurs au quartier. Visiteurs exclus du stock. chapitre régional ; profil territorial proposé Budget civil 1,00 % ; coefficient 0,910000 ; part de filière 3,059 %. Long apprentissage, frais, bourses, talent, licence ou secret ; titre ne donne pas maîtrise.";0.0020786776439259934;0.015099302048431379;5.8145989132319874e-05
Philosophe;Érudit;0.017236125681489693;0.028494173717126293;15.512513113340724;A — activité attestée;SB178;"Contexte régional ; taille et fréquence locales proposées. Professions des résidents ; lieu de travail et commanditaires peuvent être extérieurs au quartier. Visiteurs exclus du stock. chapitre régional ; profil territorial proposé Budget civil 1,00 % ; coefficient 0,910000 ; part de filière 3,059 %. Long apprentissage, frais, bourses, talent, licence ou secret ; titre ne donne pas maîtrise.";0.0020786776439259934;0.015099302048431379;5.8145989132319874e-05
Archéologue;Érudit;0.024623036687842423;0.04070596245303757;22.16073301905818;D — activité déduite;PG48;"Contexte régional ; taille et fréquence locales proposées. Professions des résidents ; lieu de travail et commanditaires peuvent être extérieurs au quartier. Visiteurs exclus du stock. chapitre régional ; profil territorial proposé Budget civil 1,00 % ; coefficient 1,300000 ; part de filière 4,370 %. Long apprentissage, frais, bourses, talent, licence ou secret ; titre ne donne pas maîtrise.";0.0029695394913228455;0.02157043149775912;8.306569876045695e-05
Professeur;Enseignant;0.06687350998254797;0.11055300046709866;60.18615898429317;A — activité attestée;"MJ138; SB141";"Contexte régional ; taille et fréquence locales proposées. Professions des résidents ; lieu de travail et commanditaires peuvent être extérieurs au quartier. Visiteurs exclus du stock. chapitre régional ; profil territorial proposé Budget civil 4,00 % ; coefficient 1,700000 ; part de filière 2,967 %. Instruction, autorisation ou initiation ; clergé, caste et office ne rendent pas noble.";0.0050647847017694725;0.06131679776143178;0.0004919275193467274
Enseignant de magie arcanique;Enseignant;0.0009659806700615103;0.0015969262193114735;0.8693826030553592;A — activité attestée;SB141;"Contexte régional ; taille et fréquence locales proposées. Professions des résidents ; lieu de travail et commanditaires peuvent être extérieurs au quartier. Visiteurs exclus du stock. chapitre régional ; profil territorial proposé Budget civil 1,00 % ; coefficient 0,051000 ; part de filière 0,171 %. Long apprentissage, frais, bourses, talent, licence ou secret ; titre ne donne pas maîtrise.";0.00011649731850574239;0.0008462246202967038;3.2587312590640796e-06
Instructeur martial;Enseignant;0;0;0.0;A — activité attestée;SB94;"Contexte régional ; taille et fréquence locales proposées. Professions des résidents ; lieu de travail et commanditaires peuvent être extérieurs au quartier. Visiteurs exclus du stock. chapitre régional ; profil territorial proposé Budget civil 4,00 % ; coefficient 0,000000 ; part de filière 0,000 %. Zéro proposé : Technique de site, institution, secret ou habilitation concentrée dans les implantations autorisées du scénario. Instruction, autorisation ou initiation ; clergé, caste et office ne rendent pas noble.";0;0;0
Formateur de tir à l’arc;Enseignant;0;0;0.0;A — activité attestée;SB155;"Contexte régional ; taille et fréquence locales proposées. Professions des résidents ; lieu de travail et commanditaires peuvent être extérieurs au quartier. Visiteurs exclus du stock. chapitre régional ; profil territorial proposé Budget civil 4,00 % ; coefficient 0,000000 ; part de filière 0,000 %. Zéro proposé : Technique de site, institution, secret ou habilitation concentrée dans les implantations autorisées du scénario. Instruction, autorisation ou initiation ; clergé, caste et office ne rendent pas noble.";0;0;0
Ingénieur;Ingénieur;0.0473519936304662;0.07828069702507226;42.61679426741958;A — activité attestée;SB174;"Contexte régional ; taille et fréquence locales proposées. Professions des résidents ; lieu de travail et commanditaires peuvent être extérieurs au quartier. Visiteurs exclus du stock. chapitre régional ; profil territorial proposé Budget civil 1,00 % ; coefficient 2,500000 ; part de filière 8,403 %. Long apprentissage, frais, bourses, talent, licence ou secret ; titre ne donne pas maîtrise.";0.00571065286792855;0.041481599034152154;0.00015974172838549417
Inventeur;Ingénieur;0.011364478471311886;0.018787367286017338;10.228030624180697;A — activité attestée;SB178;"Contexte régional ; taille et fréquence locales proposées. Professions des résidents ; lieu de travail et commanditaires peuvent être extérieurs au quartier. Visiteurs exclus du stock. chapitre régional ; profil territorial proposé Budget civil 1,00 % ; coefficient 0,600000 ; part de filière 2,017 %. Long apprentissage, frais, bourses, talent, licence ou secret ; titre ne donne pas maîtrise.";0.0013705566883028526;0.009955583768196516;3.8338014812518594e-05
Ingénieur mystique;Ingénieur;0.018940797452186478;0.0313122788100289;17.04671770696783;A — activité attestée;SB174;"Contexte régional ; taille et fréquence locales proposées. Professions des résidents ; lieu de travail et commanditaires peuvent être extérieurs au quartier. Visiteurs exclus du stock. chapitre régional ; profil territorial proposé Budget civil 1,00 % ; coefficient 1,000000 ; part de filière 3,361 %. Long apprentissage, frais, bourses, talent, licence ou secret ; titre ne donne pas maîtrise.";0.0022842611471714197;0.01659263961366086;6.389669135419767e-05
Créateur et mainteneur de golems;Ingénieur;0.018940797452186478;0.0313122788100289;17.04671770696783;D — activité déduite;SB174;"Contexte régional ; taille et fréquence locales proposées. Professions des résidents ; lieu de travail et commanditaires peuvent être extérieurs au quartier. Visiteurs exclus du stock. chapitre régional ; profil territorial proposé Budget civil 1,00 % ; coefficient 1,000000 ; part de filière 3,361 %. Long apprentissage, frais, bourses, talent, licence ou secret ; titre ne donne pas maîtrise.";0.0022842611471714197;0.01659263961366086;6.389669135419767e-05
Chercheur en golems;Ingénieur;0.015152637961749186;0.025049823048023123;13.637374165574267;A — activité attestée;SB178;"Contexte régional ; taille et fréquence locales proposées. Professions des résidents ; lieu de travail et commanditaires peuvent être extérieurs au quartier. Visiteurs exclus du stock. chapitre régional ; profil territorial proposé Budget civil 1,00 % ; coefficient 0,800000 ; part de filière 2,689 %. Long apprentissage, frais, bourses, talent, licence ou secret ; titre ne donne pas maîtrise.";0.0018274089177371365;0.013274111690928691;5.1117353083358136e-05
Ingénieur de réacteurs de bauronite;Ingénieur;0;0;0.0;D — activité déduite;SB174;"Contexte régional ; taille et fréquence locales proposées. Professions des résidents ; lieu de travail et commanditaires peuvent être extérieurs au quartier. Visiteurs exclus du stock. chapitre régional ; profil territorial proposé Accès aux secrets des réacteurs; savoir détenu par un petit nombre Budget civil 1,00 % ; coefficient 0,000000 ; part de filière 0,000 %. Zéro proposé : Filière régionale non retenue dans ce scénario, sans interdiction universelle. Long apprentissage, frais, bourses, talent, licence ou secret ; titre ne donne pas maîtrise.";0;0;0
Technicien de communication runique;Ingénieur;0;0;0.0;D — activité déduite;SB174;"Contexte régional ; taille et fréquence locales proposées. Professions des résidents ; lieu de travail et commanditaires peuvent être extérieurs au quartier. Visiteurs exclus du stock. chapitre régional ; profil territorial proposé Budget civil 1,00 % ; coefficient 0,000000 ; part de filière 0,000 %. Zéro proposé : Filière régionale non retenue dans ce scénario, sans interdiction universelle. Long apprentissage, frais, bourses, talent, licence ou secret ; titre ne donne pas maîtrise.";0;0;0
Chercheur en magie;Praticien des services arcaniques;0.0005682239235655944;0.000939368364300867;0.511401531209035;A — activité attestée;"SB138; SB139";"Contexte régional ; taille et fréquence locales proposées. Professions des résidents ; lieu de travail et commanditaires peuvent être extérieurs au quartier. Visiteurs exclus du stock. chapitre régional ; profil territorial proposé Budget civil 1,00 % ; coefficient 0,030000 ; part de filière 0,101 %. Long apprentissage, frais, bourses, talent, licence ou secret ; titre ne donne pas maîtrise.";6.852783441514262e-05;0.0004977791884098259;1.9169007406259293e-06
Fabricant d’objets magiques;Praticien des services arcaniques;0.018940797452186478;0.0313122788100289;17.04671770696783;A — activité attestée;SB138;"Contexte régional ; taille et fréquence locales proposées. Professions des résidents ; lieu de travail et commanditaires peuvent être extérieurs au quartier. Visiteurs exclus du stock. chapitre régional ; profil territorial proposé Budget civil 1,00 % ; coefficient 1,000000 ; part de filière 3,361 %. Long apprentissage, frais, bourses, talent, licence ou secret ; titre ne donne pas maîtrise.";0.0022842611471714197;0.01659263961366086;6.389669135419767e-05
Fabricant de parchemins magiques;Praticien des services arcaniques;0.018940797452186478;0.0313122788100289;17.04671770696783;A — activité attestée;SB138;"Contexte régional ; taille et fréquence locales proposées. Professions des résidents ; lieu de travail et commanditaires peuvent être extérieurs au quartier. Visiteurs exclus du stock. chapitre régional ; profil territorial proposé Budget civil 1,00 % ; coefficient 1,000000 ; part de filière 3,361 %. Long apprentissage, frais, bourses, talent, licence ou secret ; titre ne donne pas maîtrise.";0.0022842611471714197;0.01659263961366086;6.389669135419767e-05
Nécromancien de service;Praticien des services arcaniques;0.018940797452186478;0.0313122788100289;17.04671770696783;D — activité déduite;"SB108; SB170";"Contexte régional ; taille et fréquence locales proposées. Professions des résidents ; lieu de travail et commanditaires peuvent être extérieurs au quartier. Visiteurs exclus du stock. chapitre régional ; profil territorial proposé Budget civil 1,00 % ; coefficient 1,000000 ; part de filière 3,361 %. Long apprentissage, frais, bourses, talent, licence ou secret ; titre ne donne pas maîtrise.";0.0022842611471714197;0.01659263961366086;6.389669135419767e-05
Illusionniste de service;Praticien des services arcaniques;0.018940797452186478;0.0313122788100289;17.04671770696783;D — activité déduite;"SB107; SB142";"Contexte régional ; taille et fréquence locales proposées. Professions des résidents ; lieu de travail et commanditaires peuvent être extérieurs au quartier. Visiteurs exclus du stock. chapitre régional ; profil territorial proposé Budget civil 1,00 % ; coefficient 1,000000 ; part de filière 3,361 %. Long apprentissage, frais, bourses, talent, licence ou secret ; titre ne donne pas maîtrise.";0.0022842611471714197;0.01659263961366086;6.389669135419767e-05
Chercheur en aethermancy;Praticien des services arcaniques;0;0;0.0;A — activité attestée;SB140;"Contexte régional ; taille et fréquence locales proposées. Professions des résidents ; lieu de travail et commanditaires peuvent être extérieurs au quartier. Visiteurs exclus du stock. chapitre régional ; profil territorial proposé Budget civil 1,00 % ; coefficient 0,000000 ; part de filière 0,000 %. Zéro proposé : Filière régionale non retenue dans ce scénario, sans interdiction universelle. Long apprentissage, frais, bourses, talent, licence ou secret ; titre ne donne pas maîtrise.";0;0;0
Chercheur en biomancy;Praticien des services arcaniques;0;0;0.0;A — activité attestée;SB140;"Contexte régional ; taille et fréquence locales proposées. Professions des résidents ; lieu de travail et commanditaires peuvent être extérieurs au quartier. Visiteurs exclus du stock. chapitre régional ; profil territorial proposé Budget civil 1,00 % ; coefficient 0,000000 ; part de filière 0,000 %. Zéro proposé : Filière régionale non retenue dans ce scénario, sans interdiction universelle. Long apprentissage, frais, bourses, talent, licence ou secret ; titre ne donne pas maîtrise.";0;0;0
Désenchanteur et récupérateur arcanique;Praticien des services arcaniques;0;0;0.0;A — activité attestée;SB139;"Contexte régional ; taille et fréquence locales proposées. Professions des résidents ; lieu de travail et commanditaires peuvent être extérieurs au quartier. Visiteurs exclus du stock. chapitre régional ; profil territorial proposé Budget civil 1,00 % ; coefficient 0,000000 ; part de filière 0,000 %. Zéro proposé : Filière régionale non retenue dans ce scénario, sans interdiction universelle. Long apprentissage, frais, bourses, talent, licence ou secret ; titre ne donne pas maîtrise.";0;0;0
Extracteur de mémoire;Praticien des services arcaniques;0;0;0.0;A — activité attestée;SB140;"Contexte régional ; taille et fréquence locales proposées. Professions des résidents ; lieu de travail et commanditaires peuvent être extérieurs au quartier. Visiteurs exclus du stock. chapitre régional ; profil territorial proposé Budget civil 1,00 % ; coefficient 0,000000 ; part de filière 0,000 %. Zéro proposé : Filière régionale non retenue dans ce scénario, sans interdiction universelle. Long apprentissage, frais, bourses, talent, licence ou secret ; titre ne donne pas maîtrise.";0;0;0
Certificateur et inspecteur arcanique;Praticien des services arcaniques;0;0;0.0;A — activité attestée;SB139;"Contexte régional ; taille et fréquence locales proposées. Professions des résidents ; lieu de travail et commanditaires peuvent être extérieurs au quartier. Visiteurs exclus du stock. chapitre régional ; profil territorial proposé Budget civil 1,00 % ; coefficient 0,000000 ; part de filière 0,000 %. Zéro proposé : Filière régionale non retenue dans ce scénario, sans interdiction universelle. Long apprentissage, frais, bourses, talent, licence ou secret ; titre ne donne pas maîtrise.";0;0;0
Opérateur de transport magique;Praticien des services arcaniques;0.018940797452186478;0.0313122788100289;17.04671770696783;D — activité déduite;SB142;"Contexte régional ; taille et fréquence locales proposées. Professions des résidents ; lieu de travail et commanditaires peuvent être extérieurs au quartier. Visiteurs exclus du stock. chapitre régional ; profil territorial proposé Budget civil 1,00 % ; coefficient 1,000000 ; part de filière 3,361 %. Long apprentissage, frais, bourses, talent, licence ou secret ; titre ne donne pas maîtrise.";0.0022842611471714197;0.01659263961366086;6.389669135419767e-05
Restaurateur de runes de tunnels;Praticien des services arcaniques;0.018940797452186478;0.0313122788100289;17.04671770696783;A — activité attestée;SB161;"Contexte régional ; taille et fréquence locales proposées. Professions des résidents ; lieu de travail et commanditaires peuvent être extérieurs au quartier. Visiteurs exclus du stock. chapitre régional ; profil territorial proposé Budget civil 1,00 % ; coefficient 1,000000 ; part de filière 3,361 %. Long apprentissage, frais, bourses, talent, licence ou secret ; titre ne donne pas maîtrise.";0.0022842611471714197;0.01659263961366086;6.389669135419767e-05
Artificier psychique;Praticien des services arcaniques;0;0;0.0;A — activité attestée;PG8;"Contexte régional ; taille et fréquence locales proposées. Professions des résidents ; lieu de travail et commanditaires peuvent être extérieurs au quartier. Visiteurs exclus du stock. chapitre régional ; profil territorial proposé Budget civil 1,00 % ; coefficient 0,000000 ; part de filière 0,000 %. Zéro proposé : Filière régionale non retenue dans ce scénario, sans interdiction universelle. Long apprentissage, frais, bourses, talent, licence ou secret ; titre ne donne pas maîtrise.";0;0;0
Guérisseur;Soigneur;0.0988354945060614;0.16339146058201587;88.95194505545525;A — activité attestée;"MJ141; PG36";"Contexte régional ; taille et fréquence locales proposées. Professions des résidents ; lieu de travail et commanditaires peuvent être extérieurs au quartier. Visiteurs exclus du stock. chapitre régional ; profil territorial proposé Budget civil 6,00 % ; coefficient 1,700000 ; part de filière 2,923 %. Apprentissage et qualification variable ; soins avancés et thérapie magique exigent formation.";0.0005181249026326314;0.094090159031204;0.004227210572224758
Chirurgien;Soigneur;0.01482532417590921;0.024508719087302382;13.34279175831829;P — activité proposée;"MJ141; PG36";"Contexte régional ; taille et fréquence locales proposées. Professions des résidents ; lieu de travail et commanditaires peuvent être extérieurs au quartier. Visiteurs exclus du stock. chapitre régional ; profil territorial proposé Budget civil 6,00 % ; coefficient 0,255000 ; part de filière 0,438 %. Apprentissage et qualification variable ; soins avancés et thérapie magique exigent formation.";7.771873539489475e-05;0.014113523854680602;0.0006340815858337137
Praticien de psychosurgery;Soigneur;0;0;0.0;D — activité déduite;SB94;"Contexte régional ; taille et fréquence locales proposées. Professions des résidents ; lieu de travail et commanditaires peuvent être extérieurs au quartier. Visiteurs exclus du stock. chapitre régional ; profil territorial proposé Budget civil 6,00 % ; coefficient 0,000000 ; part de filière 0,000 %. Zéro proposé : Filière régionale non retenue dans ce scénario, sans interdiction universelle. Apprentissage et qualification variable ; soins avancés et thérapie magique exigent formation.";0;0;0
Opérateur de thérapie onirique;Soigneur;0;0;0.0;D — activité déduite;"SB141; SB228";"Contexte régional ; taille et fréquence locales proposées. Professions des résidents ; lieu de travail et commanditaires peuvent être extérieurs au quartier. Visiteurs exclus du stock. chapitre régional ; profil territorial proposé Budget civil 6,00 % ; coefficient 0,000000 ; part de filière 0,000 %. Zéro proposé : Technique de site, institution, secret ou habilitation concentrée dans les implantations autorisées du scénario. Apprentissage et qualification variable ; soins avancés et thérapie magique exigent formation.";0;0;0
Prêtre et officiant;Officiant religieux;0.11801207643979057;0.19509353023605652;106.2108687958115;A — activité attestée;"MJ127; SB182";"Contexte régional ; taille et fréquence locales proposées. Professions des résidents ; lieu de travail et commanditaires peuvent être extérieurs au quartier. Visiteurs exclus du stock. chapitre régional ; profil territorial proposé Budget civil 4,00 % ; coefficient 3,000000 ; part de filière 5,236 %. Instruction, autorisation ou initiation ; clergé, caste et office ne rendent pas noble.";0.00893785535606378;0.10820611369664433;0.0008681073870824601
Acolyte;Officiant religieux;0.11801207643979057;0.19509353023605652;106.2108687958115;A — activité attestée;"MJ127; SB182";"Contexte régional ; taille et fréquence locales proposées. Professions des résidents ; lieu de travail et commanditaires peuvent être extérieurs au quartier. Visiteurs exclus du stock. chapitre régional ; profil territorial proposé Budget civil 4,00 % ; coefficient 3,000000 ; part de filière 5,236 %. Instruction, autorisation ou initiation ; clergé, caste et office ne rendent pas noble.";0.00893785535606378;0.10820611369664433;0.0008681073870824601
Shaman;Officiant religieux;0.11801207643979057;0.19509353023605652;106.2108687958115;A — activité attestée;"SB129; SB191";"Contexte régional ; taille et fréquence locales proposées. Professions des résidents ; lieu de travail et commanditaires peuvent être extérieurs au quartier. Visiteurs exclus du stock. chapitre régional ; profil territorial proposé Budget civil 4,00 % ; coefficient 3,000000 ; part de filière 5,236 %. Instruction, autorisation ou initiation ; clergé, caste et office ne rendent pas noble.";0.00893785535606378;0.10820611369664433;0.0008681073870824601
Sugenja;Officiant religieux;0;0;0.0;A — activité attestée;SB198;"Contexte régional ; taille et fréquence locales proposées. Professions des résidents ; lieu de travail et commanditaires peuvent être extérieurs au quartier. Visiteurs exclus du stock. chapitre régional ; profil territorial proposé Budget civil 4,00 % ; coefficient 0,000000 ; part de filière 0,000 %. Zéro proposé : Filière régionale non retenue dans ce scénario, sans interdiction universelle. Instruction, autorisation ou initiation ; clergé, caste et office ne rendent pas noble.";0;0;0
Gardien et officiant druidique;Officiant religieux;0.11801207643979057;0.19509353023605652;106.2108687958115;A — activité attestée;SB153;"Contexte régional ; taille et fréquence locales proposées. Professions des résidents ; lieu de travail et commanditaires peuvent être extérieurs au quartier. Visiteurs exclus du stock. chapitre régional ; profil territorial proposé Budget civil 4,00 % ; coefficient 3,000000 ; part de filière 5,236 %. Instruction, autorisation ou initiation ; clergé, caste et office ne rendent pas noble.";0.00893785535606378;0.10820611369664433;0.0008681073870824601
Gardien-purificateur de Mother Tree;Officiant religieux;0;0;0.0;A — activité attestée;SB153;"Contexte régional ; taille et fréquence locales proposées. Professions des résidents ; lieu de travail et commanditaires peuvent être extérieurs au quartier. Visiteurs exclus du stock. chapitre régional ; profil territorial proposé Budget civil 4,00 % ; coefficient 0,000000 ; part de filière 0,000 %. Zéro proposé : Filière régionale non retenue dans ce scénario, sans interdiction universelle. Instruction, autorisation ou initiation ; clergé, caste et office ne rendent pas noble.";0;0;0
Officiant des rites Ba-Akhu;Officiant religieux;0;0;0.0;A — activité attestée;SB184;"Contexte régional ; taille et fréquence locales proposées. Professions des résidents ; lieu de travail et commanditaires peuvent être extérieurs au quartier. Visiteurs exclus du stock. chapitre régional ; profil territorial proposé Budget civil 4,00 % ; coefficient 0,000000 ; part de filière 0,000 %. Zéro proposé : Filière régionale non retenue dans ce scénario, sans interdiction universelle. Instruction, autorisation ou initiation ; clergé, caste et office ne rendent pas noble.";0;0;0
Garde et sentinelle;Garde et surveillant;0.11111418746478872;0.183690176003949;100.00276871830985;A — activité attestée;"MJ140; SB90";"Contexte régional ; taille et fréquence locales proposées. Professions des résidents ; lieu de travail et commanditaires peuvent être extérieurs au quartier. Visiteurs exclus du stock. chapitre régional ; profil territorial proposé Budget civil 2,00 % ; coefficient 7,000000 ; part de filière 9,859 %. Entraînement, loyauté, armes et habilitations ; aucun métier verrouillé par naissance sauf source explicite.";0.004049055328557874;0.10504258663014188;0.0020225455060889777
Garde du corps;Garde et surveillant;0.11111418746478872;0.183690176003949;100.00276871830985;A — activité attestée;"MJ140; SB90";"Contexte régional ; taille et fréquence locales proposées. Professions des résidents ; lieu de travail et commanditaires peuvent être extérieurs au quartier. Visiteurs exclus du stock. chapitre régional ; profil territorial proposé Budget civil 2,00 % ; coefficient 7,000000 ; part de filière 9,859 %. Entraînement, loyauté, armes et habilitations ; aucun métier verrouillé par naissance sauf source explicite.";0.004049055328557874;0.10504258663014188;0.0020225455060889777
Soldat;Combattant professionnel;0.8581335;1.4186369647875683;772.32015;A — activité attestée;"MJ140; SB90";"Contexte régional ; taille et fréquence locales proposées. Professions des résidents ; lieu de travail et commanditaires peuvent être extérieurs au quartier. Visiteurs exclus du stock. chapitre régional ; profil territorial proposé Garnison incluse dans les résidents par convention proposée, comptée une seule fois. Entraînement, loyauté, armes et habilitations ; aucun métier verrouillé par naissance sauf source explicite.";0.03127080438661446;0.8112426016033437;0.015620094010041786
Mercenaire;Combattant professionnel;0.11111418746478872;0.183690176003949;100.00276871830985;A — activité attestée;"MJ140; SB90";"Contexte régional ; taille et fréquence locales proposées. Professions des résidents ; lieu de travail et commanditaires peuvent être extérieurs au quartier. Visiteurs exclus du stock. chapitre régional ; profil territorial proposé Budget civil 2,00 % ; coefficient 7,000000 ; part de filière 9,859 %. Entraînement, loyauté, armes et habilitations ; aucun métier verrouillé par naissance sauf source explicite.";0.004049055328557874;0.10504258663014188;0.0020225455060889777
Éclaireur;Combattant professionnel;0.11111418746478872;0.183690176003949;100.00276871830985;A — activité attestée;"MJ140; SB90";"Contexte régional ; taille et fréquence locales proposées. Professions des résidents ; lieu de travail et commanditaires peuvent être extérieurs au quartier. Visiteurs exclus du stock. chapitre régional ; profil territorial proposé Budget civil 2,00 % ; coefficient 7,000000 ; part de filière 9,859 %. Entraînement, loyauté, armes et habilitations ; aucun métier verrouillé par naissance sauf source explicite.";0.004049055328557874;0.10504258663014188;0.0020225455060889777
Chasseur de primes;Combattant professionnel;0.11111418746478872;0.183690176003949;100.00276871830985;A — activité attestée;MJ140;"Contexte régional ; taille et fréquence locales proposées. Professions des résidents ; lieu de travail et commanditaires peuvent être extérieurs au quartier. Visiteurs exclus du stock. chapitre régional ; profil territorial proposé Budget civil 2,00 % ; coefficient 7,000000 ; part de filière 9,859 %. Entraînement, loyauté, armes et habilitations ; aucun métier verrouillé par naissance sauf source explicite.";0.004049055328557874;0.10504258663014188;0.0020225455060889777
Gladiateur;Combattant professionnel;0.11111418746478872;0.183690176003949;100.00276871830985;A — activité attestée;MJ130;"Contexte régional ; taille et fréquence locales proposées. Professions des résidents ; lieu de travail et commanditaires peuvent être extérieurs au quartier. Visiteurs exclus du stock. chapitre régional ; profil territorial proposé Budget civil 2,00 % ; coefficient 7,000000 ; part de filière 9,859 %. Entraînement, loyauté, armes et habilitations ; aucun métier verrouillé par naissance sauf source explicite.";0.004049055328557874;0.10504258663014188;0.0020225455060889777
Champion d’arène;Combattant professionnel;0.11111418746478872;0.183690176003949;100.00276871830985;A — activité attestée;SB90;"Contexte régional ; taille et fréquence locales proposées. Professions des résidents ; lieu de travail et commanditaires peuvent être extérieurs au quartier. Visiteurs exclus du stock. chapitre régional ; profil territorial proposé Budget civil 2,00 % ; coefficient 7,000000 ; part de filière 9,859 %. Entraînement, loyauté, armes et habilitations ; aucun métier verrouillé par naissance sauf source explicite.";0.004049055328557874;0.10504258663014188;0.0020225455060889777
Veilleur de nuit;Garde et surveillant;0.11111418746478872;0.183690176003949;100.00276871830985;P — activité proposée;"MJ140; SB90";"Contexte régional ; taille et fréquence locales proposées. Professions des résidents ; lieu de travail et commanditaires peuvent être extérieurs au quartier. Visiteurs exclus du stock. chapitre régional ; profil territorial proposé Budget civil 2,00 % ; coefficient 7,000000 ; part de filière 9,859 %. Entraînement, loyauté, armes et habilitations ; aucun métier verrouillé par naissance sauf source explicite.";0.004049055328557874;0.10504258663014188;0.0020225455060889777
Guide;Guide;1.1518386277740695;1.9041802409887083;1036.6547649966626;A — activité attestée;MJ140;"Contexte régional ; taille et fréquence locales proposées. Professions des résidents ; lieu de travail et commanditaires peuvent être extérieurs au quartier. Visiteurs exclus du stock. chapitre régional ; profil territorial proposé Budget civil 14,00 % ; coefficient 17,500000 ; part de filière 14,600 %. Réseau, itinéraires, confiance et capital ; manutention distincte de propriété du fret.";0.08343143503753965;1.0100623679730305;0.05834482476349939
Gardien de domaine;Garde et surveillant;0.11111418746478872;0.183690176003949;100.00276871830985;A — activité attestée;MJ140;"Contexte régional ; taille et fréquence locales proposées. Professions des résidents ; lieu de travail et commanditaires peuvent être extérieurs au quartier. Visiteurs exclus du stock. chapitre régional ; profil territorial proposé Budget civil 2,00 % ; coefficient 7,000000 ; part de filière 9,859 %. Entraînement, loyauté, armes et habilitations ; aucun métier verrouillé par naissance sauf source explicite.";0.004049055328557874;0.10504258663014188;0.0020225455060889777
Spellshield;Protecteur et contrôleur arcanique;0;0;0.0;A — activité attestée;SB140;"Contexte régional ; taille et fréquence locales proposées. Professions des résidents ; lieu de travail et commanditaires peuvent être extérieurs au quartier. Visiteurs exclus du stock. chapitre régional ; profil territorial proposé Budget civil 2,00 % ; coefficient 0,000000 ; part de filière 0,000 %. Zéro proposé : Filière régionale non retenue dans ce scénario, sans interdiction universelle. Entraînement, loyauté, armes et habilitations ; aucun métier verrouillé par naissance sauf source explicite.";0;0;0
Warden des Arcane Enforcers;Protecteur et contrôleur arcanique;0;0;0.0;A — activité attestée;SB140;"Contexte régional ; taille et fréquence locales proposées. Professions des résidents ; lieu de travail et commanditaires peuvent être extérieurs au quartier. Visiteurs exclus du stock. chapitre régional ; profil territorial proposé Budget civil 2,00 % ; coefficient 0,000000 ; part de filière 0,000 %. Zéro proposé : Filière régionale non retenue dans ce scénario, sans interdiction universelle. Entraînement, loyauté, armes et habilitations ; aucun métier verrouillé par naissance sauf source explicite.";0;0;0
Inquisiteur;Garde et surveillant;0;0;0.0;A — activité attestée;SB29;"Contexte régional ; taille et fréquence locales proposées. Professions des résidents ; lieu de travail et commanditaires peuvent être extérieurs au quartier. Visiteurs exclus du stock. chapitre régional ; profil territorial proposé Budget civil 2,00 % ; coefficient 0,000000 ; part de filière 0,000 %. Zéro proposé : Inquisiteur bauronien : aucun établissement de son Église habilité dans ce profil, notamment les ordres cirrus indépendants. Entraînement, loyauté, armes et habilitations ; aucun métier verrouillé par naissance sauf source explicite.";0;0;0
Mage impérial chargé du contrôle;Protecteur et contrôleur arcanique;0;0;0.0;A — activité attestée;SB98;"Contexte régional ; taille et fréquence locales proposées. Professions des résidents ; lieu de travail et commanditaires peuvent être extérieurs au quartier. Visiteurs exclus du stock. chapitre régional ; profil territorial proposé Budget civil 2,00 % ; coefficient 0,000000 ; part de filière 0,000 %. Zéro proposé : Filière régionale non retenue dans ce scénario, sans interdiction universelle. Entraînement, loyauté, armes et habilitations ; aucun métier verrouillé par naissance sauf source explicite.";0;0;0
Chasseur de morts-vivants;Combattant professionnel;0.11111418746478872;0.183690176003949;100.00276871830985;A — activité attestée;SB210;"Contexte régional ; taille et fréquence locales proposées. Professions des résidents ; lieu de travail et commanditaires peuvent être extérieurs au quartier. Visiteurs exclus du stock. chapitre régional ; profil territorial proposé Budget civil 2,00 % ; coefficient 7,000000 ; part de filière 9,859 %. Entraînement, loyauté, armes et habilitations ; aucun métier verrouillé par naissance sauf source explicite.";0.004049055328557874;0.10504258663014188;0.0020225455060889777
Détective;Enquêteur et agent de renseignement;0.007936727676056337;0.013120726857424925;7.143054908450704;A — activité attestée;"PG9; BR42";"Contexte régional ; taille et fréquence locales proposées. Professions des résidents ; lieu de travail et commanditaires peuvent être extérieurs au quartier. Visiteurs exclus du stock. chapitre régional ; profil territorial proposé Budget civil 2,00 % ; coefficient 0,500000 ; part de filière 0,704 %. Entraînement, loyauté, armes et habilitations ; aucun métier verrouillé par naissance sauf source explicite.";0.0002892182377541336;0.0075030419021529906;0.0001444675361492126
Espion;Enquêteur et agent de renseignement;0.007936727676056337;0.013120726857424925;7.143054908450704;A — activité attestée;"PG9; BR42";"Contexte régional ; taille et fréquence locales proposées. Professions des résidents ; lieu de travail et commanditaires peuvent être extérieurs au quartier. Visiteurs exclus du stock. chapitre régional ; profil territorial proposé Budget civil 2,00 % ; coefficient 0,500000 ; part de filière 0,704 %. Entraînement, loyauté, armes et habilitations ; aucun métier verrouillé par naissance sauf source explicite.";0.0002892182377541336;0.0075030419021529906;0.0001444675361492126
Détective arcanique;Enquêteur et agent de renseignement;0;0;0.0;A — activité attestée;SB140;"Contexte régional ; taille et fréquence locales proposées. Professions des résidents ; lieu de travail et commanditaires peuvent être extérieurs au quartier. Visiteurs exclus du stock. chapitre régional ; profil territorial proposé Budget civil 2,00 % ; coefficient 0,000000 ; part de filière 0,000 %. Zéro proposé : Filière régionale non retenue dans ce scénario, sans interdiction universelle. Entraînement, loyauté, armes et habilitations ; aucun métier verrouillé par naissance sauf source explicite.";0;0;0
Fonctionnaire;Administrateur et juriste;0.1966867940663176;0.3251558837267608;177.0181146596858;A — activité attestée;"SB90; SB213";"Contexte régional ; taille et fréquence locales proposées. Professions des résidents ; lieu de travail et commanditaires peuvent être extérieurs au quartier. Visiteurs exclus du stock. chapitre régional ; profil territorial proposé Budget civil 4,00 % ; coefficient 5,000000 ; part de filière 8,726 %. Instruction, autorisation ou initiation ; clergé, caste et office ne rendent pas noble.";0.01489642559343963;0.18034352282774052;0.001446845645137433
Percepteur;Administrateur et juriste;0.1966867940663176;0.3251558837267608;177.0181146596858;A — activité attestée;SB132;"Contexte régional ; taille et fréquence locales proposées. Professions des résidents ; lieu de travail et commanditaires peuvent être extérieurs au quartier. Visiteurs exclus du stock. chapitre régional ; profil territorial proposé Budget civil 4,00 % ; coefficient 5,000000 ; part de filière 8,726 %. Instruction, autorisation ou initiation ; clergé, caste et office ne rendent pas noble.";0.01489642559343963;0.18034352282774052;0.001446845645137433
Juge;Administrateur et juriste;0.1966867940663176;0.3251558837267608;177.0181146596858;A — activité attestée;"SB90; SB213";"Contexte régional ; taille et fréquence locales proposées. Professions des résidents ; lieu de travail et commanditaires peuvent être extérieurs au quartier. Visiteurs exclus du stock. chapitre régional ; profil territorial proposé Budget civil 4,00 % ; coefficient 5,000000 ; part de filière 8,726 %. Instruction, autorisation ou initiation ; clergé, caste et office ne rendent pas noble.";0.01489642559343963;0.18034352282774052;0.001446845645137433
Avocat;Administrateur et juriste;0.1966867940663176;0.3251558837267608;177.0181146596858;A — activité attestée;"SB90; SB213";"Contexte régional ; taille et fréquence locales proposées. Professions des résidents ; lieu de travail et commanditaires peuvent être extérieurs au quartier. Visiteurs exclus du stock. chapitre régional ; profil territorial proposé Budget civil 4,00 % ; coefficient 5,000000 ; part de filière 8,726 %. Instruction, autorisation ou initiation ; clergé, caste et office ne rendent pas noble.";0.01489642559343963;0.18034352282774052;0.001446845645137433
Diplomate et émissaire;Administrateur et juriste;0.1966867940663176;0.3251558837267608;177.0181146596858;A — activité attestée;PG46;"Contexte régional ; taille et fréquence locales proposées. Professions des résidents ; lieu de travail et commanditaires peuvent être extérieurs au quartier. Visiteurs exclus du stock. chapitre régional ; profil territorial proposé Budget civil 4,00 % ; coefficient 5,000000 ; part de filière 8,726 %. Instruction, autorisation ou initiation ; clergé, caste et office ne rendent pas noble.";0.01489642559343963;0.18034352282774052;0.001446845645137433
Recruteur et agent de missions;Administrateur et juriste;0.1966867940663176;0.3251558837267608;177.0181146596858;D — activité déduite;SB105;"Contexte régional ; taille et fréquence locales proposées. Professions des résidents ; lieu de travail et commanditaires peuvent être extérieurs au quartier. Visiteurs exclus du stock. chapitre régional ; profil territorial proposé Budget civil 4,00 % ; coefficient 5,000000 ; part de filière 8,726 %. Instruction, autorisation ou initiation ; clergé, caste et office ne rendent pas noble.";0.01489642559343963;0.18034352282774052;0.001446845645137433
Bourreau;Administrateur et juriste;0.1966867940663176;0.3251558837267608;177.0181146596858;A — activité attestée;SB148;"Contexte régional ; taille et fréquence locales proposées. Professions des résidents ; lieu de travail et commanditaires peuvent être extérieurs au quartier. Visiteurs exclus du stock. chapitre régional ; profil territorial proposé Budget civil 4,00 % ; coefficient 5,000000 ; part de filière 8,726 %. Instruction, autorisation ou initiation ; clergé, caste et office ne rendent pas noble.";0.01489642559343963;0.18034352282774052;0.001446845645137433
Acteur et comédien;Artiste du spectacle;0;0;0.0;A — activité attestée;MJ129;"Contexte régional ; taille et fréquence locales proposées. Professions des résidents ; lieu de travail et commanditaires peuvent être extérieurs au quartier. Visiteurs exclus du stock. chapitre régional ; profil territorial proposé Budget civil 0,00 % ; coefficient 0,000000 ; part de filière 0,000 %. Zéro proposé : Budget local de cette filière nul ou coefficient non retenu ; aucune interdiction universelle. Apprentissage, audition et réseau ; accès au mérite notamment Mustardseed.";0;0;0
Danseur;Artiste du spectacle;0;0;0.0;A — activité attestée;MJ129;"Contexte régional ; taille et fréquence locales proposées. Professions des résidents ; lieu de travail et commanditaires peuvent être extérieurs au quartier. Visiteurs exclus du stock. chapitre régional ; profil territorial proposé Budget civil 0,00 % ; coefficient 0,000000 ; part de filière 0,000 %. Zéro proposé : Budget local de cette filière nul ou coefficient non retenu ; aucune interdiction universelle. Apprentissage, audition et réseau ; accès au mérite notamment Mustardseed.";0;0;0
Musicien;Artiste du spectacle;0;0;0.0;A — activité attestée;MJ129;"Contexte régional ; taille et fréquence locales proposées. Professions des résidents ; lieu de travail et commanditaires peuvent être extérieurs au quartier. Visiteurs exclus du stock. chapitre régional ; profil territorial proposé Budget civil 0,00 % ; coefficient 0,000000 ; part de filière 0,000 %. Zéro proposé : Budget local de cette filière nul ou coefficient non retenu ; aucune interdiction universelle. Apprentissage, audition et réseau ; accès au mérite notamment Mustardseed.";0;0;0
Chanteur;Artiste du spectacle;0;0;0.0;A — activité attestée;MJ129;"Contexte régional ; taille et fréquence locales proposées. Professions des résidents ; lieu de travail et commanditaires peuvent être extérieurs au quartier. Visiteurs exclus du stock. chapitre régional ; profil territorial proposé Budget civil 0,00 % ; coefficient 0,000000 ; part de filière 0,000 %. Zéro proposé : Budget local de cette filière nul ou coefficient non retenu ; aucune interdiction universelle. Apprentissage, audition et réseau ; accès au mérite notamment Mustardseed.";0;0;0
Poète;Artiste du spectacle;0;0;0.0;A — activité attestée;MJ129;"Contexte régional ; taille et fréquence locales proposées. Professions des résidents ; lieu de travail et commanditaires peuvent être extérieurs au quartier. Visiteurs exclus du stock. chapitre régional ; profil territorial proposé Budget civil 0,00 % ; coefficient 0,000000 ; part de filière 0,000 %. Zéro proposé : Budget local de cette filière nul ou coefficient non retenu ; aucune interdiction universelle. Apprentissage, audition et réseau ; accès au mérite notamment Mustardseed.";0;0;0
Conteur;Artiste du spectacle;0;0;0.0;A — activité attestée;MJ129;"Contexte régional ; taille et fréquence locales proposées. Professions des résidents ; lieu de travail et commanditaires peuvent être extérieurs au quartier. Visiteurs exclus du stock. chapitre régional ; profil territorial proposé Budget civil 0,00 % ; coefficient 0,000000 ; part de filière 0,000 %. Zéro proposé : Budget local de cette filière nul ou coefficient non retenu ; aucune interdiction universelle. Apprentissage, audition et réseau ; accès au mérite notamment Mustardseed.";0;0;0
Bouffon;Artiste du spectacle;0;0;0.0;A — activité attestée;MJ129;"Contexte régional ; taille et fréquence locales proposées. Professions des résidents ; lieu de travail et commanditaires peuvent être extérieurs au quartier. Visiteurs exclus du stock. chapitre régional ; profil territorial proposé Budget civil 0,00 % ; coefficient 0,000000 ; part de filière 0,000 %. Zéro proposé : Budget local de cette filière nul ou coefficient non retenu ; aucune interdiction universelle. Apprentissage, audition et réseau ; accès au mérite notamment Mustardseed.";0;0;0
Jongleur;Artiste du spectacle;0;0;0.0;A — activité attestée;MJ129;"Contexte régional ; taille et fréquence locales proposées. Professions des résidents ; lieu de travail et commanditaires peuvent être extérieurs au quartier. Visiteurs exclus du stock. chapitre régional ; profil territorial proposé Budget civil 0,00 % ; coefficient 0,000000 ; part de filière 0,000 %. Zéro proposé : Budget local de cette filière nul ou coefficient non retenu ; aucune interdiction universelle. Apprentissage, audition et réseau ; accès au mérite notamment Mustardseed.";0;0;0
Acrobate;Artiste du spectacle;0;0;0.0;A — activité attestée;MJ129;"Contexte régional ; taille et fréquence locales proposées. Professions des résidents ; lieu de travail et commanditaires peuvent être extérieurs au quartier. Visiteurs exclus du stock. chapitre régional ; profil territorial proposé Budget civil 0,00 % ; coefficient 0,000000 ; part de filière 0,000 %. Zéro proposé : Budget local de cette filière nul ou coefficient non retenu ; aucune interdiction universelle. Apprentissage, audition et réseau ; accès au mérite notamment Mustardseed.";0;0;0
Cracheur de feu;Artiste du spectacle;0;0;0.0;A — activité attestée;MJ129;"Contexte régional ; taille et fréquence locales proposées. Professions des résidents ; lieu de travail et commanditaires peuvent être extérieurs au quartier. Visiteurs exclus du stock. chapitre régional ; profil territorial proposé Budget civil 0,00 % ; coefficient 0,000000 ; part de filière 0,000 %. Zéro proposé : Budget local de cette filière nul ou coefficient non retenu ; aucune interdiction universelle. Apprentissage, audition et réseau ; accès au mérite notamment Mustardseed.";0;0;0
Compositeur;Artiste du spectacle;0;0;0.0;A — activité attestée;PG28;"Contexte régional ; taille et fréquence locales proposées. Professions des résidents ; lieu de travail et commanditaires peuvent être extérieurs au quartier. Visiteurs exclus du stock. chapitre régional ; profil territorial proposé Budget civil 0,00 % ; coefficient 0,000000 ; part de filière 0,000 %. Zéro proposé : Budget local de cette filière nul ou coefficient non retenu ; aucune interdiction universelle. Apprentissage, audition et réseau ; accès au mérite notamment Mustardseed.";0;0;0
Crieur public;Artiste du spectacle;0;0;0.0;P — activité proposée;MJ129;"Contexte régional ; taille et fréquence locales proposées. Professions des résidents ; lieu de travail et commanditaires peuvent être extérieurs au quartier. Visiteurs exclus du stock. chapitre régional ; profil territorial proposé Budget civil 0,00 % ; coefficient 0,000000 ; part de filière 0,000 %. Zéro proposé : Budget local de cette filière nul ou coefficient non retenu ; aucune interdiction universelle. Apprentissage, audition et réseau ; accès au mérite notamment Mustardseed.";0;0;0
Joueur professionnel;Professionnel du jeu;0;0;0.0;P — activité proposée;SB99;"Contexte régional ; taille et fréquence locales proposées. Professions des résidents ; lieu de travail et commanditaires peuvent être extérieurs au quartier. Visiteurs exclus du stock. chapitre régional ; profil territorial proposé Budget civil 0,00 % ; coefficient 0,000000 ; part de filière 0,000 %. Zéro proposé : Budget local de cette filière nul ou coefficient non retenu ; aucune interdiction universelle. Apprentissage, audition et réseau ; accès au mérite notamment Mustardseed.";0;0;0
Croupier;Professionnel du jeu;0;0;0.0;D — activité déduite;SB99;"Contexte régional ; taille et fréquence locales proposées. Professions des résidents ; lieu de travail et commanditaires peuvent être extérieurs au quartier. Visiteurs exclus du stock. chapitre régional ; profil territorial proposé Budget civil 0,00 % ; coefficient 0,000000 ; part de filière 0,000 %. Zéro proposé : Budget local de cette filière nul ou coefficient non retenu ; aucune interdiction universelle. Apprentissage, audition et réseau ; accès au mérite notamment Mustardseed.";0;0;0
Preneur de paris;Professionnel du jeu;0;0;0.0;D — activité déduite;SB99;"Contexte régional ; taille et fréquence locales proposées. Professions des résidents ; lieu de travail et commanditaires peuvent être extérieurs au quartier. Visiteurs exclus du stock. chapitre régional ; profil territorial proposé Budget civil 0,00 % ; coefficient 0,000000 ; part de filière 0,000 %. Zéro proposé : Budget local de cette filière nul ou coefficient non retenu ; aucune interdiction universelle. Apprentissage, audition et réseau ; accès au mérite notamment Mustardseed.";0;0;0
Maître-chanteur;Opérateur d’activités illicites;0;0;0.0;A — activité attestée;BR42;"Contexte régional ; taille et fréquence locales proposées. Professions des résidents ; lieu de travail et commanditaires peuvent être extérieurs au quartier. Visiteurs exclus du stock. chapitre régional ; profil territorial proposé Budget civil 0,00 % ; coefficient 0,000000 ; part de filière 0,000 %. Zéro proposé : Budget local de cette filière nul ou coefficient non retenu ; aucune interdiction universelle. Réseaux, exclusion, dettes et compétences ; statut légal distinct de noblesse.";0;0;0
Cambrioleur;Opérateur d’activités illicites;0;0;0.0;A — activité attestée;BR42;"Contexte régional ; taille et fréquence locales proposées. Professions des résidents ; lieu de travail et commanditaires peuvent être extérieurs au quartier. Visiteurs exclus du stock. chapitre régional ; profil territorial proposé Budget civil 0,00 % ; coefficient 0,000000 ; part de filière 0,000 %. Zéro proposé : Budget local de cette filière nul ou coefficient non retenu ; aucune interdiction universelle. Réseaux, exclusion, dettes et compétences ; statut légal distinct de noblesse.";0;0;0
Homme de main;Opérateur d’activités illicites;0;0;0.0;A — activité attestée;BR42;"Contexte régional ; taille et fréquence locales proposées. Professions des résidents ; lieu de travail et commanditaires peuvent être extérieurs au quartier. Visiteurs exclus du stock. chapitre régional ; profil territorial proposé Budget civil 0,00 % ; coefficient 0,000000 ; part de filière 0,000 %. Zéro proposé : Budget local de cette filière nul ou coefficient non retenu ; aucune interdiction universelle. Réseaux, exclusion, dettes et compétences ; statut légal distinct de noblesse.";0;0;0
Receleur;Opérateur d’activités illicites;0;0;0.0;A — activité attestée;BR42;"Contexte régional ; taille et fréquence locales proposées. Professions des résidents ; lieu de travail et commanditaires peuvent être extérieurs au quartier. Visiteurs exclus du stock. chapitre régional ; profil territorial proposé Budget civil 0,00 % ; coefficient 0,000000 ; part de filière 0,000 %. Zéro proposé : Budget local de cette filière nul ou coefficient non retenu ; aucune interdiction universelle. Réseaux, exclusion, dettes et compétences ; statut légal distinct de noblesse.";0;0;0
Voleur de grand chemin;Opérateur d’activités illicites;0;0;0.0;A — activité attestée;BR42;"Contexte régional ; taille et fréquence locales proposées. Professions des résidents ; lieu de travail et commanditaires peuvent être extérieurs au quartier. Visiteurs exclus du stock. chapitre régional ; profil territorial proposé Budget civil 0,00 % ; coefficient 0,000000 ; part de filière 0,000 %. Zéro proposé : Budget local de cette filière nul ou coefficient non retenu ; aucune interdiction universelle. Réseaux, exclusion, dettes et compétences ; statut légal distinct de noblesse.";0;0;0
Tueur à gages;Opérateur d’activités illicites;0;0;0.0;A — activité attestée;BR42;"Contexte régional ; taille et fréquence locales proposées. Professions des résidents ; lieu de travail et commanditaires peuvent être extérieurs au quartier. Visiteurs exclus du stock. chapitre régional ; profil territorial proposé Budget civil 0,00 % ; coefficient 0,000000 ; part de filière 0,000 %. Zéro proposé : Budget local de cette filière nul ou coefficient non retenu ; aucune interdiction universelle. Réseaux, exclusion, dettes et compétences ; statut légal distinct de noblesse.";0;0;0
Pickpocket;Opérateur d’activités illicites;0;0;0.0;A — activité attestée;BR42;"Contexte régional ; taille et fréquence locales proposées. Professions des résidents ; lieu de travail et commanditaires peuvent être extérieurs au quartier. Visiteurs exclus du stock. chapitre régional ; profil territorial proposé Budget civil 0,00 % ; coefficient 0,000000 ; part de filière 0,000 %. Zéro proposé : Budget local de cette filière nul ou coefficient non retenu ; aucune interdiction universelle. Réseaux, exclusion, dettes et compétences ; statut légal distinct de noblesse.";0;0;0
Contrebandier;Opérateur d’activités illicites;0;0;0.0;A — activité attestée;BR42;"Contexte régional ; taille et fréquence locales proposées. Professions des résidents ; lieu de travail et commanditaires peuvent être extérieurs au quartier. Visiteurs exclus du stock. chapitre régional ; profil territorial proposé Budget civil 0,00 % ; coefficient 0,000000 ; part de filière 0,000 %. Zéro proposé : Budget local de cette filière nul ou coefficient non retenu ; aucune interdiction universelle. Réseaux, exclusion, dettes et compétences ; statut légal distinct de noblesse.";0;0;0
Pirate;Opérateur d’activités illicites;0;0;0.0;A — activité attestée;MJ136;"Contexte régional ; taille et fréquence locales proposées. Professions des résidents ; lieu de travail et commanditaires peuvent être extérieurs au quartier. Visiteurs exclus du stock. chapitre régional ; profil territorial proposé Budget civil 0,00 % ; coefficient 0,000000 ; part de filière 0,000 %. Zéro proposé : Budget local de cette filière nul ou coefficient non retenu ; aucune interdiction universelle. Réseaux, exclusion, dettes et compétences ; statut légal distinct de noblesse.";0;0;0
Cultivateur de tubercules;Agriculteur;0;0;0.0;A — activité attestée;"SB120; SB168";"Contexte régional ; taille et fréquence locales proposées. Professions des résidents ; lieu de travail et commanditaires peuvent être extérieurs au quartier. Visiteurs exclus du stock. chapitre régional ; profil territorial proposé Budget civil 10,00 % ; coefficient 0,000000 ; part de filière 0,000 %. Zéro proposé : Climat, matière ou culture hors filière régionale retenue ; aucun établissement exceptionnel proposé. Transmission familiale, terre/eau, droits d’usage et outils ; les tâches saisonnières restent secondaires.";0;0;0
Cartographe;Cartographe;0.014205598089139859;0.023484209107521675;12.785038280225871;A — activité attestée;MJ128;"Contexte régional ; taille et fréquence locales proposées. Professions des résidents ; lieu de travail et commanditaires peuvent être extérieurs au quartier. Visiteurs exclus du stock. chapitre régional ; profil territorial proposé Budget civil 1,00 % ; coefficient 0,750000 ; part de filière 2,521 %. Long apprentissage, frais, bourses, talent, licence ou secret ; titre ne donne pas maîtrise.";0.0017131958603785653;0.012444479710245645;4.792251851564823e-05
Sans métier actif;Statut;3.2811;5.424202347495454;2952.99;P;;Personnes productives occupées + personnes sans emploi disponibles recherchant une activité. Inclut aide familiale, subsistance, apprentissage productif et travail partiel.;0.0416;2.7755;0.46399999999999997
Hors activité;Statut;39.510000000000005;0;35559.00000000001;P;;"Tous habitants recensés dans les catégories sources; enfants, étudiants et retraités ne sont exclus de l’activité que sans contribution productive. Pas de seuil humain de 18 ans imposé.";1.92;35.49;2.1
