Métier;Base;% habitants;% actifs;Effectif attendu;Appui activité;Références;Justification proposée;Milieu privilégié, noblesse non établie / % de tous habitants;Milieu ordinaire, noblesse non établie / % de tous habitants;Milieu précaire, noblesse non établie / % de tous habitants
Agriculteur généraliste;Agriculteur;1.9294481294117645;3.203998886436009;385.8896258823529;A — activité attestée;"SB90; SB198";"Activités de la localité détaillées dans la notice régionale ; libellé technique remplacé par mécanisme du scénario. Professions des résidents ; lieu de travail et commanditaires peuvent être extérieurs au quartier. Visiteurs exclus du stock. activité/institution locale Budget civil 15,00 % ; coefficient 5,000000 ; part de filière 23,529 %. Transmission familiale, terre/eau, droits d’usage et outils ; les tâches saisonnières restent secondaires.";0.004308268924011914;1.5763260205318521;0.3488138399559004
Céréalier;Agriculteur;0.7717792517647059;1.2815995545744037;154.3558503529412;D — activité déduite;"SB90; SB198";"Activités de la localité détaillées dans la notice régionale ; libellé technique remplacé par mécanisme du scénario. Professions des résidents ; lieu de travail et commanditaires peuvent être extérieurs au quartier. Visiteurs exclus du stock. activité/institution locale Budget civil 15,00 % ; coefficient 2,000000 ; part de filière 9,412 %. Transmission familiale, terre/eau, droits d’usage et outils ; les tâches saisonnières restent secondaires.";0.0017233075696047656;0.6305304082127409;0.1395255359823602
Riziculteur;Agriculteur;0;0;0.0;A — activité attestée;SB198;"Activités de la localité détaillées dans la notice régionale ; libellé technique remplacé par mécanisme du scénario. Professions des résidents ; lieu de travail et commanditaires peuvent être extérieurs au quartier. Visiteurs exclus du stock. activité/institution locale Budget civil 15,00 % ; coefficient 0,000000 ; part de filière 0,000 %. Zéro proposé : Climat, matière ou culture hors filière régionale retenue ; aucun établissement exceptionnel proposé. Transmission familiale, terre/eau, droits d’usage et outils ; les tâches saisonnières restent secondaires.";0;0;0
Vigneron;Agriculteur;0;0;0.0;A — activité attestée;MJ128;"Activités de la localité détaillées dans la notice régionale ; libellé technique remplacé par mécanisme du scénario. Professions des résidents ; lieu de travail et commanditaires peuvent être extérieurs au quartier. Visiteurs exclus du stock. activité/institution locale Budget civil 3,00 % ; coefficient 0,000000 ; part de filière 0,000 %. Zéro proposé : Climat, matière ou culture hors filière régionale retenue ; aucun établissement exceptionnel proposé. Savoir-faire de terrain et sécurité ; procédé spécialisé distinct du rang social.";0;0;0
Cultivateur d’épices;Agriculteur;0;0;0.0;A — activité attestée;SB182;"Activités de la localité détaillées dans la notice régionale ; libellé technique remplacé par mécanisme du scénario. Professions des résidents ; lieu de travail et commanditaires peuvent être extérieurs au quartier. Visiteurs exclus du stock. activité/institution locale Budget civil 3,00 % ; coefficient 0,000000 ; part de filière 0,000 %. Zéro proposé : Climat, matière ou culture hors filière régionale retenue ; aucun établissement exceptionnel proposé. Savoir-faire de terrain et sécurité ; procédé spécialisé distinct du rang social.";0;0;0
Cultivateur d’herbes pour thé;Agriculteur;0;0;0.0;D — activité déduite;SB198;"Activités de la localité détaillées dans la notice régionale ; libellé technique remplacé par mécanisme du scénario. Professions des résidents ; lieu de travail et commanditaires peuvent être extérieurs au quartier. Visiteurs exclus du stock. activité/institution locale Budget civil 3,00 % ; coefficient 0,000000 ; part de filière 0,000 %. Zéro proposé : Climat, matière ou culture hors filière régionale retenue ; aucun établissement exceptionnel proposé. Savoir-faire de terrain et sécurité ; procédé spécialisé distinct du rang social.";0;0;0
Maraîcher;Agriculteur;0.15435585035294117;0.2563199109148807;30.87117007058823;D — activité déduite;"SB90; SB198";"Activités de la localité détaillées dans la notice régionale ; libellé technique remplacé par mécanisme du scénario. Professions des résidents ; lieu de travail et commanditaires peuvent être extérieurs au quartier. Visiteurs exclus du stock. activité/institution locale Budget civil 15,00 % ; coefficient 0,400000 ; part de filière 1,882 %. Transmission familiale, terre/eau, droits d’usage et outils ; les tâches saisonnières restent secondaires.";0.0003446615139209532;0.12610608164254816;0.027905107196472042
Jardinier;Horticulteur;0.06599721971830984;0.10959352327849525;13.199443943661969;A — activité attestée;"SB29; SB161";"Activités de la localité détaillées dans la notice régionale ; libellé technique remplacé par mécanisme du scénario. Professions des résidents ; lieu de travail et commanditaires peuvent être extérieurs au quartier. Visiteurs exclus du stock. activité/institution locale Budget civil 3,00 % ; coefficient 1,000000 ; part de filière 4,024 %. Savoir-faire de terrain et sécurité ; procédé spécialisé distinct du rang social.";0.000294074032311705;0.053798469556073515;0.011904676129924623
Fleuriste;Horticulteur;0.06599721971830984;0.10959352327849525;13.199443943661969;A — activité attestée;"SB29; SB161";"Activités de la localité détaillées dans la notice régionale ; libellé technique remplacé par mécanisme du scénario. Professions des résidents ; lieu de travail et commanditaires peuvent être extérieurs au quartier. Visiteurs exclus du stock. activité/institution locale Budget civil 3,00 % ; coefficient 1,000000 ; part de filière 4,024 %. Savoir-faire de terrain et sécurité ; procédé spécialisé distinct du rang social.";0.000294074032311705;0.053798469556073515;0.011904676129924623
Arboriculteur de verger;Horticulteur;0.3858896258823529;0.6407997772872018;77.1779251764706;D — activité déduite;"SB29; SB161";"Activités de la localité détaillées dans la notice régionale ; libellé technique remplacé par mécanisme du scénario. Professions des résidents ; lieu de travail et commanditaires peuvent être extérieurs au quartier. Visiteurs exclus du stock. activité/institution locale Budget civil 15,00 % ; coefficient 1,000000 ; part de filière 4,706 %. Transmission familiale, terre/eau, droits d’usage et outils ; les tâches saisonnières restent secondaires.";0.0008616537848023828;0.31526520410637043;0.0697627679911801
Jardinier de roses magiques;Horticulteur;0;0;0.0;A — activité attestée;SB157;"Activités de la localité détaillées dans la notice régionale ; libellé technique remplacé par mécanisme du scénario. Professions des résidents ; lieu de travail et commanditaires peuvent être extérieurs au quartier. Visiteurs exclus du stock. activité/institution locale Budget civil 3,00 % ; coefficient 0,000000 ; part de filière 0,000 %. Zéro proposé : Filière régionale non retenue dans ce scénario, sans interdiction universelle. Savoir-faire de terrain et sécurité ; procédé spécialisé distinct du rang social.";0;0;0
Arboriculteur de breithwood;Horticulteur;0;0;0.0;D — activité déduite;SB152;"Activités de la localité détaillées dans la notice régionale ; libellé technique remplacé par mécanisme du scénario. Professions des résidents ; lieu de travail et commanditaires peuvent être extérieurs au quartier. Visiteurs exclus du stock. activité/institution locale Budget civil 3,00 % ; coefficient 0,000000 ; part de filière 0,000 %. Zéro proposé : Filière régionale non retenue dans ce scénario, sans interdiction universelle. Savoir-faire de terrain et sécurité ; procédé spécialisé distinct du rang social.";0;0;0
Éleveur généraliste;Éleveur;1.9294481294117645;3.203998886436009;385.8896258823529;A — activité attestée;"SB120; SB182";"Activités de la localité détaillées dans la notice régionale ; libellé technique remplacé par mécanisme du scénario. Professions des résidents ; lieu de travail et commanditaires peuvent être extérieurs au quartier. Visiteurs exclus du stock. activité/institution locale Budget civil 15,00 % ; coefficient 5,000000 ; part de filière 23,529 %. Transmission familiale, terre/eau, droits d’usage et outils ; les tâches saisonnières restent secondaires.";0.004308268924011914;1.5763260205318521;0.3488138399559004
Berger;Éleveur;0.3858896258823529;0.6407997772872018;77.1779251764706;A — activité attestée;MJ135;"Activités de la localité détaillées dans la notice régionale ; libellé technique remplacé par mécanisme du scénario. Professions des résidents ; lieu de travail et commanditaires peuvent être extérieurs au quartier. Visiteurs exclus du stock. activité/institution locale Budget civil 15,00 % ; coefficient 1,000000 ; part de filière 4,706 %. Transmission familiale, terre/eau, droits d’usage et outils ; les tâches saisonnières restent secondaires.";0.0008616537848023828;0.31526520410637043;0.0697627679911801
Éleveur de yaks;Éleveur;0;0;0.0;A — activité attestée;SB120;"Activités de la localité détaillées dans la notice régionale ; libellé technique remplacé par mécanisme du scénario. Professions des résidents ; lieu de travail et commanditaires peuvent être extérieurs au quartier. Visiteurs exclus du stock. activité/institution locale Budget civil 15,00 % ; coefficient 0,000000 ; part de filière 0,000 %. Zéro proposé : Climat, matière ou culture hors filière régionale retenue ; aucun établissement exceptionnel proposé. Transmission familiale, terre/eau, droits d’usage et outils ; les tâches saisonnières restent secondaires.";0;0;0
Éleveur de chevaux;Éleveur;0.13199443943661968;0.2191870465569905;26.398887887323937;A — activité attestée;SB182;"Activités de la localité détaillées dans la notice régionale ; libellé technique remplacé par mécanisme du scénario. Professions des résidents ; lieu de travail et commanditaires peuvent être extérieurs au quartier. Visiteurs exclus du stock. activité/institution locale Budget civil 3,00 % ; coefficient 2,000000 ; part de filière 8,048 %. Savoir-faire de terrain et sécurité ; procédé spécialisé distinct du rang social.";0.00058814806462341;0.10759693911214703;0.023809352259849245
Éleveur de chameaux;Éleveur;0;0;0.0;A — activité attestée;SB182;"Activités de la localité détaillées dans la notice régionale ; libellé technique remplacé par mécanisme du scénario. Professions des résidents ; lieu de travail et commanditaires peuvent être extérieurs au quartier. Visiteurs exclus du stock. activité/institution locale Budget civil 3,00 % ; coefficient 0,000000 ; part de filière 0,000 %. Zéro proposé : Climat, matière ou culture hors filière régionale retenue ; aucun établissement exceptionnel proposé. Savoir-faire de terrain et sécurité ; procédé spécialisé distinct du rang social.";0;0;0
Éleveur de vers à soie;Éleveur;0;0;0.0;A — activité attestée;SB198;"Activités de la localité détaillées dans la notice régionale ; libellé technique remplacé par mécanisme du scénario. Professions des résidents ; lieu de travail et commanditaires peuvent être extérieurs au quartier. Visiteurs exclus du stock. activité/institution locale Budget civil 3,00 % ; coefficient 0,000000 ; part de filière 0,000 %. Zéro proposé : Climat, matière ou culture hors filière régionale retenue ; aucun établissement exceptionnel proposé. Savoir-faire de terrain et sécurité ; procédé spécialisé distinct du rang social.";0;0;0
Éleveur de loups géants;Éleveur;0.7919666366197182;1.3151222793419433;158.39332732394365;A — activité attestée;SB191;"Activités de la localité détaillées dans la notice régionale ; libellé technique remplacé par mécanisme du scénario. Professions des résidents ; lieu de travail et commanditaires peuvent être extérieurs au quartier. Visiteurs exclus du stock. activité/institution locale Budget civil 3,00 % ; coefficient 12,000000 ; part de filière 48,290 %. Savoir-faire de terrain et sécurité ; procédé spécialisé distinct du rang social.";0.003528888387740461;0.6455816346728823;0.14285611355909547
Éleveur de montures volantes;Éleveur;0;0;0.0;A — activité attestée;"SB124; SB107";"Activités de la localité détaillées dans la notice régionale ; libellé technique remplacé par mécanisme du scénario. Professions des résidents ; lieu de travail et commanditaires peuvent être extérieurs au quartier. Visiteurs exclus du stock. activité/institution locale Budget civil 3,00 % ; coefficient 0,000000 ; part de filière 0,000 %. Zéro proposé : Climat, matière ou culture hors filière régionale retenue ; aucun établissement exceptionnel proposé. Savoir-faire de terrain et sécurité ; procédé spécialisé distinct du rang social.";0;0;0
Apiculteur;Éleveur;0;0;0.0;P — activité proposée;SB152;"Activités de la localité détaillées dans la notice régionale ; libellé technique remplacé par mécanisme du scénario. Professions des résidents ; lieu de travail et commanditaires peuvent être extérieurs au quartier. Visiteurs exclus du stock. activité/institution locale Budget civil 15,00 % ; coefficient 0,000000 ; part de filière 0,000 %. Zéro proposé : Climat, matière ou culture hors filière régionale retenue ; aucun établissement exceptionnel proposé. Transmission familiale, terre/eau, droits d’usage et outils ; les tâches saisonnières restent secondaires.";0;0;0
Chasseur de gibier;Chasseur;1.4470860970588235;2.402999164827007;289.41721941176473;A — activité attestée;"MJ139; PG20";"Activités de la localité détaillées dans la notice régionale ; libellé technique remplacé par mécanisme du scénario. Professions des résidents ; lieu de travail et commanditaires peuvent être extérieurs au quartier. Visiteurs exclus du stock. activité/institution locale Budget civil 15,00 % ; coefficient 3,750000 ; part de filière 17,647 %. Transmission familiale, terre/eau, droits d’usage et outils ; les tâches saisonnières restent secondaires.";0.0032312016930089353;1.1822445153988892;0.2616103799669253
Trappeur;Chasseur;0.5788344388235291;0.9611996659308022;115.76688776470583;A — activité attestée;MJ140;"Activités de la localité détaillées dans la notice régionale ; libellé technique remplacé par mécanisme du scénario. Professions des résidents ; lieu de travail et commanditaires peuvent être extérieurs au quartier. Visiteurs exclus du stock. activité/institution locale Budget civil 15,00 % ; coefficient 1,500000 ; part de filière 7,059 %. Transmission familiale, terre/eau, droits d’usage et outils ; les tâches saisonnières restent secondaires.";0.0012924806772035742;0.47289780615955546;0.10464415198677016
Chasseur de monstres;Chasseur;0.031249398079341486;0.05189205924832529;6.249879615868297;A — activité attestée;PG58;"Activités de la localité détaillées dans la notice régionale ; libellé technique remplacé par mécanisme du scénario. Professions des résidents ; lieu de travail et commanditaires peuvent être extérieurs au quartier. Visiteurs exclus du stock. activité/institution locale Budget civil 1,00 % ; coefficient 1,500000 ; part de filière 5,716 %. Long apprentissage, frais, bourses, talent, licence ou secret ; titre ne donne pas maîtrise.";0.0019660586769277245;0.02877396471757507;0.0005093746848386887
Chasseur de monstres marins;Chasseur;0;0;0.0;A — activité attestée;SB148;"Activités de la localité détaillées dans la notice régionale ; libellé technique remplacé par mécanisme du scénario. Professions des résidents ; lieu de travail et commanditaires peuvent être extérieurs au quartier. Visiteurs exclus du stock. activité/institution locale Budget civil 1,00 % ; coefficient 0,000000 ; part de filière 0,000 %. Zéro proposé : Filière régionale non retenue dans ce scénario, sans interdiction universelle. Long apprentissage, frais, bourses, talent, licence ou secret ; titre ne donne pas maîtrise.";0;0;0
Chasseur de dragons;Chasseur;0;0;0.0;A — activité attestée;SB220;"Activités de la localité détaillées dans la notice régionale ; libellé technique remplacé par mécanisme du scénario. Professions des résidents ; lieu de travail et commanditaires peuvent être extérieurs au quartier. Visiteurs exclus du stock. activité/institution locale Budget civil 1,00 % ; coefficient 0,000000 ; part de filière 0,000 %. Zéro proposé : Technique de site, institution, secret ou habilitation concentrée dans les implantations autorisées du scénario. Long apprentissage, frais, bourses, talent, licence ou secret ; titre ne donne pas maîtrise.";0;0;0
Cueilleur;Collecteur de ressources;0.30871170070588233;0.5126398218297614;61.74234014117646;A — activité attestée;"MJ139; SB153";"Activités de la localité détaillées dans la notice régionale ; libellé technique remplacé par mécanisme du scénario. Professions des résidents ; lieu de travail et commanditaires peuvent être extérieurs au quartier. Visiteurs exclus du stock. activité/institution locale Budget civil 15,00 % ; coefficient 0,800000 ; part de filière 3,765 %. Transmission familiale, terre/eau, droits d’usage et outils ; les tâches saisonnières restent secondaires.";0.0006893230278419064;0.2522121632850963;0.055810214392944084
Herboriste de collecte;Collecteur de ressources;0.052797775774647886;0.08767481862279622;10.559555154929576;D — activité déduite;BR55;"Activités de la localité détaillées dans la notice régionale ; libellé technique remplacé par mécanisme du scénario. Professions des résidents ; lieu de travail et commanditaires peuvent être extérieurs au quartier. Visiteurs exclus du stock. activité/institution locale Budget civil 3,00 % ; coefficient 0,800000 ; part de filière 3,219 %. Savoir-faire de terrain et sécurité ; procédé spécialisé distinct du rang social.";0.00023525922584936404;0.04303877564485882;0.009523740903939702
Collecteur de composants de créatures;Collecteur de ressources;0.052797775774647886;0.08767481862279622;10.559555154929576;A — activité attestée;"SB104; SB139";"Activités de la localité détaillées dans la notice régionale ; libellé technique remplacé par mécanisme du scénario. Professions des résidents ; lieu de travail et commanditaires peuvent être extérieurs au quartier. Visiteurs exclus du stock. activité/institution locale Budget civil 3,00 % ; coefficient 0,800000 ; part de filière 3,219 %. Savoir-faire de terrain et sécurité ; procédé spécialisé distinct du rang social.";0.00023525922584936404;0.04303877564485882;0.009523740903939702
Collecteur de perles;Collecteur de ressources;0;0;0.0;D — activité déduite;SB149;"Activités de la localité détaillées dans la notice régionale ; libellé technique remplacé par mécanisme du scénario. Professions des résidents ; lieu de travail et commanditaires peuvent être extérieurs au quartier. Visiteurs exclus du stock. activité/institution locale Budget civil 3,00 % ; coefficient 0,000000 ; part de filière 0,000 %. Zéro proposé : Filière régionale non retenue dans ce scénario, sans interdiction universelle. Savoir-faire de terrain et sécurité ; procédé spécialisé distinct du rang social.";0;0;0
Récupérateur de reliques penumbrales;Collecteur de ressources;0;0;0.0;A — activité attestée;PG8;"Activités de la localité détaillées dans la notice régionale ; libellé technique remplacé par mécanisme du scénario. Professions des résidents ; lieu de travail et commanditaires peuvent être extérieurs au quartier. Visiteurs exclus du stock. activité/institution locale Budget civil 3,00 % ; coefficient 0,000000 ; part de filière 0,000 %. Zéro proposé : Filière régionale non retenue dans ce scénario, sans interdiction universelle. Savoir-faire de terrain et sécurité ; procédé spécialisé distinct du rang social.";0;0;0
Bûcheron;Travailleur forestier;0.03299860985915492;0.054796761639247626;6.599721971830984;A — activité attestée;"MJ135; SB107";"Activités de la localité détaillées dans la notice régionale ; libellé technique remplacé par mécanisme du scénario. Professions des résidents ; lieu de travail et commanditaires peuvent être extérieurs au quartier. Visiteurs exclus du stock. activité/institution locale Budget civil 3,00 % ; coefficient 0,500000 ; part de filière 2,012 %. Savoir-faire de terrain et sécurité ; procédé spécialisé distinct du rang social.";0.0001470370161558525;0.026899234778036758;0.005952338064962311
Forestier;Travailleur forestier;0.03299860985915492;0.054796761639247626;6.599721971830984;A — activité attestée;MJ140;"Activités de la localité détaillées dans la notice régionale ; libellé technique remplacé par mécanisme du scénario. Professions des résidents ; lieu de travail et commanditaires peuvent être extérieurs au quartier. Visiteurs exclus du stock. activité/institution locale Budget civil 3,00 % ; coefficient 0,500000 ; part de filière 2,012 %. Savoir-faire de terrain et sécurité ; procédé spécialisé distinct du rang social.";0.0001470370161558525;0.026899234778036758;0.005952338064962311
Scieur;Travailleur forestier;0.03299860985915492;0.054796761639247626;6.599721971830984;D — activité déduite;SB99;"Activités de la localité détaillées dans la notice régionale ; libellé technique remplacé par mécanisme du scénario. Professions des résidents ; lieu de travail et commanditaires peuvent être extérieurs au quartier. Visiteurs exclus du stock. activité/institution locale Budget civil 3,00 % ; coefficient 0,500000 ; part de filière 2,012 %. Savoir-faire de terrain et sécurité ; procédé spécialisé distinct du rang social.";0.0001470370161558525;0.026899234778036758;0.005952338064962311
Pêcheur maritime;Pêcheur;0;0;0.0;A — activité attestée;"SB110; SB168";"Activités de la localité détaillées dans la notice régionale ; libellé technique remplacé par mécanisme du scénario. Professions des résidents ; lieu de travail et commanditaires peuvent être extérieurs au quartier. Visiteurs exclus du stock. activité/institution locale Budget civil 15,00 % ; coefficient 0,000000 ; part de filière 0,000 %. Zéro proposé : Poids technique nul dans la filière locale du scénario. Transmission familiale, terre/eau, droits d’usage et outils ; les tâches saisonnières restent secondaires.";0;0;0
Pêcheur d’eau douce;Pêcheur;0.30871170070588233;0.5126398218297614;61.74234014117646;A — activité attestée;SB138;"Activités de la localité détaillées dans la notice régionale ; libellé technique remplacé par mécanisme du scénario. Professions des résidents ; lieu de travail et commanditaires peuvent être extérieurs au quartier. Visiteurs exclus du stock. activité/institution locale Budget civil 15,00 % ; coefficient 0,800000 ; part de filière 3,765 %. Transmission familiale, terre/eau, droits d’usage et outils ; les tâches saisonnières restent secondaires.";0.0006893230278419064;0.2522121632850963;0.055810214392944084
Cultivateur marin;Pêcheur;0;0;0.0;P — activité proposée;SB149;"Activités de la localité détaillées dans la notice régionale ; libellé technique remplacé par mécanisme du scénario. Professions des résidents ; lieu de travail et commanditaires peuvent être extérieurs au quartier. Visiteurs exclus du stock. activité/institution locale Budget civil 15,00 % ; coefficient 0,000000 ; part de filière 0,000 %. Zéro proposé : Filière régionale non retenue dans ce scénario, sans interdiction universelle. Transmission familiale, terre/eau, droits d’usage et outils ; les tâches saisonnières restent secondaires.";0;0;0
Mineur;Extracteur de ressources minérales;0.06599721971830984;0.10959352327849525;13.199443943661969;A — activité attestée;"MJ135; SB160";"Activités de la localité détaillées dans la notice régionale ; libellé technique remplacé par mécanisme du scénario. Professions des résidents ; lieu de travail et commanditaires peuvent être extérieurs au quartier. Visiteurs exclus du stock. activité/institution locale Budget civil 3,00 % ; coefficient 1,000000 ; part de filière 4,024 %. Savoir-faire de terrain et sécurité ; procédé spécialisé distinct du rang social.";0.000294074032311705;0.053798469556073515;0.011904676129924623
Carrier;Extracteur de ressources minérales;0.06599721971830984;0.10959352327849525;13.199443943661969;D — activité déduite;"MJ135; SB160";"Activités de la localité détaillées dans la notice régionale ; libellé technique remplacé par mécanisme du scénario. Professions des résidents ; lieu de travail et commanditaires peuvent être extérieurs au quartier. Visiteurs exclus du stock. activité/institution locale Budget civil 3,00 % ; coefficient 1,000000 ; part de filière 4,024 %. Savoir-faire de terrain et sécurité ; procédé spécialisé distinct du rang social.";0.000294074032311705;0.053798469556073515;0.011904676129924623
Salinier;Extracteur de ressources minérales;0;0;0.0;P — activité proposée;SB120;"Activités de la localité détaillées dans la notice régionale ; libellé technique remplacé par mécanisme du scénario. Professions des résidents ; lieu de travail et commanditaires peuvent être extérieurs au quartier. Visiteurs exclus du stock. activité/institution locale Budget civil 3,00 % ; coefficient 0,000000 ; part de filière 0,000 %. Zéro proposé : Climat, matière ou culture hors filière régionale retenue ; aucun établissement exceptionnel proposé. Savoir-faire de terrain et sécurité ; procédé spécialisé distinct du rang social.";0;0;0
Mineur de bauronite;Extracteur de ressources minérales;0;0;0.0;A — activité attestée;"SB174; SB182";"Activités de la localité détaillées dans la notice régionale ; libellé technique remplacé par mécanisme du scénario. Professions des résidents ; lieu de travail et commanditaires peuvent être extérieurs au quartier. Visiteurs exclus du stock. activité/institution locale Budget civil 3,00 % ; coefficient 0,000000 ; part de filière 0,000 %. Zéro proposé : Climat, matière ou culture hors filière régionale retenue ; aucun établissement exceptionnel proposé. Savoir-faire de terrain et sécurité ; procédé spécialisé distinct du rang social.";0;0;0
Mineur de tameranium;Extracteur de ressources minérales;0;0;0.0;A — activité attestée;"SB168; SB198";"Activités de la localité détaillées dans la notice régionale ; libellé technique remplacé par mécanisme du scénario. Professions des résidents ; lieu de travail et commanditaires peuvent être extérieurs au quartier. Visiteurs exclus du stock. activité/institution locale Budget civil 3,00 % ; coefficient 0,000000 ; part de filière 0,000 %. Zéro proposé : Climat, matière ou culture hors filière régionale retenue ; aucun établissement exceptionnel proposé. Savoir-faire de terrain et sécurité ; procédé spécialisé distinct du rang social.";0;0;0
Extracteur d’obsidienne;Extracteur de ressources minérales;0.06599721971830984;0.10959352327849525;13.199443943661969;A — activité attestée;SB190;"Activités de la localité détaillées dans la notice régionale ; libellé technique remplacé par mécanisme du scénario. Professions des résidents ; lieu de travail et commanditaires peuvent être extérieurs au quartier. Visiteurs exclus du stock. activité/institution locale Budget civil 3,00 % ; coefficient 1,000000 ; part de filière 4,024 %. Savoir-faire de terrain et sécurité ; procédé spécialisé distinct du rang social.";0.000294074032311705;0.053798469556073515;0.011904676129924623
Extracteur de soufre;Extracteur de ressources minérales;0.06599721971830984;0.10959352327849525;13.199443943661969;A — activité attestée;SB190;"Activités de la localité détaillées dans la notice régionale ; libellé technique remplacé par mécanisme du scénario. Professions des résidents ; lieu de travail et commanditaires peuvent être extérieurs au quartier. Visiteurs exclus du stock. activité/institution locale Budget civil 3,00 % ; coefficient 1,000000 ; part de filière 4,024 %. Savoir-faire de terrain et sécurité ; procédé spécialisé distinct du rang social.";0.000294074032311705;0.053798469556073515;0.011904676129924623
Prospecteur;Extracteur de ressources minérales;0.06599721971830984;0.10959352327849525;13.199443943661969;D — activité déduite;SB104;"Activités de la localité détaillées dans la notice régionale ; libellé technique remplacé par mécanisme du scénario. Professions des résidents ; lieu de travail et commanditaires peuvent être extérieurs au quartier. Visiteurs exclus du stock. activité/institution locale Budget civil 3,00 % ; coefficient 1,000000 ; part de filière 4,024 %. Savoir-faire de terrain et sécurité ; procédé spécialisé distinct du rang social.";0.000294074032311705;0.053798469556073515;0.011904676129924623
Meunier;Meunier;0.22922090334349812;0.38063916197857545;45.84418066869963;D — activité déduite;SB121;"Activités de la localité détaillées dans la notice régionale ; libellé technique remplacé par mécanisme du scénario. Professions des résidents ; lieu de travail et commanditaires peuvent être extérieurs au quartier. Visiteurs exclus du stock. activité/institution locale Budget civil 33,00 % ; coefficient 1,750000 ; part de filière 1,271 %. Apprentissage, atelier, combustible et outils ; titre noble ne remplace pas qualification.";0.005017447314305339;0.1835802940272837;0.04062316200190908
Boucher;Boucher;0.2619667466782836;0.435016185118372;52.39334933565672;D — activité déduite;SB99;"Activités de la localité détaillées dans la notice régionale ; libellé technique remplacé par mécanisme du scénario. Professions des résidents ; lieu de travail et commanditaires peuvent être extérieurs au quartier. Visiteurs exclus du stock. activité/institution locale Budget civil 33,00 % ; coefficient 2,000000 ; part de filière 1,452 %. Apprentissage, atelier, combustible et outils ; titre noble ne remplace pas qualification.";0.005734225502063244;0.2098060503168957;0.046426470859324664
Écorcheur;Boucher;0.10478669867131345;0.1740064740473488;20.957339734262693;A — activité attestée;MJ128;"Activités de la localité détaillées dans la notice régionale ; libellé technique remplacé par mécanisme du scénario. Professions des résidents ; lieu de travail et commanditaires peuvent être extérieurs au quartier. Visiteurs exclus du stock. activité/institution locale Budget civil 33,00 % ; coefficient 0,800000 ; part de filière 0,581 %. Apprentissage, atelier, combustible et outils ; titre noble ne remplace pas qualification.";0.002293690200825299;0.08392242012675827;0.018570588343729873
Boulanger;Boulanger;0.5566793366913526;0.9244093933765404;111.33586733827053;A — activité attestée;MJ128;"Activités de la localité détaillées dans la notice régionale ; libellé technique remplacé par mécanisme du scénario. Professions des résidents ; lieu de travail et commanditaires peuvent être extérieurs au quartier. Visiteurs exclus du stock. activité/institution locale Budget civil 33,00 % ; coefficient 4,250000 ; part de filière 3,086 %. Apprentissage, atelier, combustible et outils ; titre noble ne remplace pas qualification.";0.012185229191884393;0.4458378569234033;0.0986562505760649
Cuisinier;Cuisinier;0.7669071358428804;1.2735090266404523;153.3814271685761;A — activité attestée;MJ128;"Activités de la localité détaillées dans la notice régionale ; libellé technique remplacé par mécanisme du scénario. Professions des résidents ; lieu de travail et commanditaires peuvent être extérieurs au quartier. Visiteurs exclus du stock. activité/institution locale Budget civil 12,00 % ; coefficient 7,500000 ; part de filière 11,690 %. Apprentissage et qualification variable ; soins avancés et thérapie magique exigent formation.";0.0017333190642545156;0.6341934524189321;0.13098036435969382
Cuisinier de haute cuisine;Cuisinier;0;0;0.0;A — activité attestée;"PG28; CC52";"Activités de la localité détaillées dans la notice régionale ; libellé technique remplacé par mécanisme du scénario. Professions des résidents ; lieu de travail et commanditaires peuvent être extérieurs au quartier. Visiteurs exclus du stock. activité/institution locale Budget civil 12,00 % ; coefficient 0,000000 ; part de filière 0,000 %. Zéro proposé : Haute cuisine concentrée auprès de clientèle et maîtres attestés/proposés ; cuisine ordinaire conservée. Apprentissage et qualification variable ; soins avancés et thérapie magique exigent formation.";0;0;0
Poissonnier;Transformateur alimentaire;0.17027838534088438;0.2827605203269419;34.05567706817688;D — activité déduite;"SB120; SB149";"Activités de la localité détaillées dans la notice régionale ; libellé technique remplacé par mécanisme du scénario. Professions des résidents ; lieu de travail et commanditaires peuvent être extérieurs au quartier. Visiteurs exclus du stock. activité/institution locale Budget civil 33,00 % ; coefficient 1,300000 ; part de filière 0,944 %. Apprentissage, atelier, combustible et outils ; titre noble ne remplace pas qualification.";0.0037272465763411094;0.13637393270598222;0.030177206058561043
Saleur et sécheur alimentaire;Transformateur alimentaire;0.17027838534088438;0.2827605203269419;34.05567706817688;D — activité déduite;"SB120; SB149";"Activités de la localité détaillées dans la notice régionale ; libellé technique remplacé par mécanisme du scénario. Professions des résidents ; lieu de travail et commanditaires peuvent être extérieurs au quartier. Visiteurs exclus du stock. activité/institution locale Budget civil 33,00 % ; coefficient 1,300000 ; part de filière 0,944 %. Apprentissage, atelier, combustible et outils ; titre noble ne remplace pas qualification.";0.0037272465763411094;0.13637393270598222;0.030177206058561043
Fromager;Transformateur alimentaire;0.17027838534088438;0.2827605203269419;34.05567706817688;A — activité attestée;"SB120; SB149";"Activités de la localité détaillées dans la notice régionale ; libellé technique remplacé par mécanisme du scénario. Professions des résidents ; lieu de travail et commanditaires peuvent être extérieurs au quartier. Visiteurs exclus du stock. activité/institution locale Budget civil 33,00 % ; coefficient 1,300000 ; part de filière 0,944 %. Apprentissage, atelier, combustible et outils ; titre noble ne remplace pas qualification.";0.0037272465763411094;0.13637393270598222;0.030177206058561043
Huilier;Transformateur alimentaire;0.17027838534088438;0.2827605203269419;34.05567706817688;P — activité proposée;"SB120; SB149";"Activités de la localité détaillées dans la notice régionale ; libellé technique remplacé par mécanisme du scénario. Professions des résidents ; lieu de travail et commanditaires peuvent être extérieurs au quartier. Visiteurs exclus du stock. activité/institution locale Budget civil 33,00 % ; coefficient 1,300000 ; part de filière 0,944 %. Apprentissage, atelier, combustible et outils ; titre noble ne remplace pas qualification.";0.0037272465763411094;0.13637393270598222;0.030177206058561043
Brasseur;Fabricant de boissons;0.15718004800697016;0.26100971107102316;31.436009601394034;A — activité attestée;"MJ128; SB120";"Activités de la localité détaillées dans la notice régionale ; libellé technique remplacé par mécanisme du scénario. Professions des résidents ; lieu de travail et commanditaires peuvent être extérieurs au quartier. Visiteurs exclus du stock. activité/institution locale Budget civil 33,00 % ; coefficient 1,200000 ; part de filière 0,871 %. Apprentissage, atelier, combustible et outils ; titre noble ne remplace pas qualification.";0.003440535301237947;0.1258836301901374;0.027855882515594805
Distillateur;Fabricant de boissons;0.15718004800697016;0.26100971107102316;31.436009601394034;A — activité attestée;"MJ128; SB120";"Activités de la localité détaillées dans la notice régionale ; libellé technique remplacé par mécanisme du scénario. Professions des résidents ; lieu de travail et commanditaires peuvent être extérieurs au quartier. Visiteurs exclus du stock. activité/institution locale Budget civil 33,00 % ; coefficient 1,200000 ; part de filière 0,871 %. Apprentissage, atelier, combustible et outils ; titre noble ne remplace pas qualification.";0.003440535301237947;0.1258836301901374;0.027855882515594805
Distillateur de Highlandtuber;Fabricant de boissons;0;0;0.0;A — activité attestée;"SB120; SB121";"Activités de la localité détaillées dans la notice régionale ; libellé technique remplacé par mécanisme du scénario. Professions des résidents ; lieu de travail et commanditaires peuvent être extérieurs au quartier. Visiteurs exclus du stock. activité/institution locale Budget civil 33,00 % ; coefficient 0,000000 ; part de filière 0,000 %. Zéro proposé : Filière régionale non retenue dans ce scénario, sans interdiction universelle. Apprentissage, atelier, combustible et outils ; titre noble ne remplace pas qualification.";0;0;0
Maître de cérémonie du thé;Maître de cérémonie du thé;0;0;0.0;A — activité attestée;SB201;"Activités de la localité détaillées dans la notice régionale ; libellé technique remplacé par mécanisme du scénario. Professions des résidents ; lieu de travail et commanditaires peuvent être extérieurs au quartier. Visiteurs exclus du stock. activité/institution locale Budget civil 1,00 % ; coefficient 0,000000 ; part de filière 0,000 %. Zéro proposé : Filière régionale non retenue dans ce scénario, sans interdiction universelle. Apprentissage, audition et réseau ; accès au mérite notamment Mustardseed.";0;0;0
Alchimiste;Alchimiste;0.05208233013223581;0.08648676541387547;10.416466026447162;A — activité attestée;"MJ128; BR55";"Activités de la localité détaillées dans la notice régionale ; libellé technique remplacé par mécanisme du scénario. Professions des résidents ; lieu de travail et commanditaires peuvent être extérieurs au quartier. Visiteurs exclus du stock. activité/institution locale Budget civil 1,00 % ; coefficient 2,500000 ; part de filière 9,527 %. Long apprentissage, frais, bourses, talent, licence ou secret ; titre ne donne pas maîtrise.";0.003276764461546208;0.04795660786262512;0.0008489578080644812
Apothicaire;Alchimiste;0.02083293205289432;0.03459470616555018;4.166586410578864;A — activité attestée;"MJ128; BR55";"Activités de la localité détaillées dans la notice régionale ; libellé technique remplacé par mécanisme du scénario. Professions des résidents ; lieu de travail et commanditaires peuvent être extérieurs au quartier. Visiteurs exclus du stock. activité/institution locale Budget civil 1,00 % ; coefficient 1,000000 ; part de filière 3,811 %. Long apprentissage, frais, bourses, talent, licence ou secret ; titre ne donne pas maîtrise.";0.001310705784618483;0.019182643145050044;0.0003395831232257923
Préparateur de poisons;Alchimiste;0.02083293205289432;0.03459470616555018;4.166586410578864;D — activité déduite;"BR55; SB193";"Activités de la localité détaillées dans la notice régionale ; libellé technique remplacé par mécanisme du scénario. Professions des résidents ; lieu de travail et commanditaires peuvent être extérieurs au quartier. Visiteurs exclus du stock. activité/institution locale Budget civil 1,00 % ; coefficient 1,000000 ; part de filière 3,811 %. Long apprentissage, frais, bourses, talent, licence ou secret ; titre ne donne pas maîtrise.";0.001310705784618483;0.019182643145050044;0.0003395831232257923
Préparateur de potions;Alchimiste;0.02083293205289432;0.03459470616555018;4.166586410578864;A — activité attestée;SB138;"Activités de la localité détaillées dans la notice régionale ; libellé technique remplacé par mécanisme du scénario. Professions des résidents ; lieu de travail et commanditaires peuvent être extérieurs au quartier. Visiteurs exclus du stock. activité/institution locale Budget civil 1,00 % ; coefficient 1,000000 ; part de filière 3,811 %. Long apprentissage, frais, bourses, talent, licence ou secret ; titre ne donne pas maîtrise.";0.001310705784618483;0.019182643145050044;0.0003395831232257923
Préparateur d’Estelindea;Alchimiste;0;0;0.0;A — activité attestée;SB153;"Activités de la localité détaillées dans la notice régionale ; libellé technique remplacé par mécanisme du scénario. Professions des résidents ; lieu de travail et commanditaires peuvent être extérieurs au quartier. Visiteurs exclus du stock. activité/institution locale Budget civil 1,00 % ; coefficient 0,000000 ; part de filière 0,000 %. Zéro proposé : Filière régionale non retenue dans ce scénario, sans interdiction universelle. Long apprentissage, frais, bourses, talent, licence ou secret ; titre ne donne pas maîtrise.";0;0;0
Charbonnier;Charbonnier;0.04949791478873239;0.08219514245887145;9.899582957746478;P — activité proposée;SB128;"Activités de la localité détaillées dans la notice régionale ; libellé technique remplacé par mécanisme du scénario. Professions des résidents ; lieu de travail et commanditaires peuvent être extérieurs au quartier. Visiteurs exclus du stock. activité/institution locale Budget civil 3,00 % ; coefficient 0,750000 ; part de filière 3,018 %. Savoir-faire de terrain et sécurité ; procédé spécialisé distinct du rang social.";0.0002205555242337788;0.040348852167055145;0.008928507097443467
Fondeur et affineur;Métallurgiste;0.09168836133739927;0.1522556647914302;18.337672267479853;D — activité déduite;"SB198; SB160";"Activités de la localité détaillées dans la notice régionale ; libellé technique remplacé par mécanisme du scénario. Professions des résidents ; lieu de travail et commanditaires peuvent être extérieurs au quartier. Visiteurs exclus du stock. activité/institution locale Budget civil 33,00 % ; coefficient 0,700000 ; part de filière 0,508 %. Apprentissage, atelier, combustible et outils ; titre noble ne remplace pas qualification.";0.0020069789257221365;0.07343211761091349;0.016249264800763642
Aciériste;Métallurgiste;0.09168836133739927;0.1522556647914302;18.337672267479853;D — activité déduite;SB198;"Activités de la localité détaillées dans la notice régionale ; libellé technique remplacé par mécanisme du scénario. Professions des résidents ; lieu de travail et commanditaires peuvent être extérieurs au quartier. Visiteurs exclus du stock. activité/institution locale Budget civil 33,00 % ; coefficient 0,700000 ; part de filière 0,508 %. Apprentissage, atelier, combustible et outils ; titre noble ne remplace pas qualification.";0.0020069789257221365;0.07343211761091349;0.016249264800763642
Forgeron;Forgeron;1.309833733391418;2.17508092559186;261.9667466782836;A — activité attestée;MJ128;"Activités de la localité détaillées dans la notice régionale ; libellé technique remplacé par mécanisme du scénario. Professions des résidents ; lieu de travail et commanditaires peuvent être extérieurs au quartier. Visiteurs exclus du stock. activité/institution locale Budget civil 33,00 % ; coefficient 10,000000 ; part de filière 7,261 %. Apprentissage, atelier, combustible et outils ; titre noble ne remplace pas qualification.";0.02867112751031622;1.0490302515844785;0.23213235429662332
Armurier;Forgeron;0.5239334933565672;0.870032370236744;104.78669867131345;A — activité attestée;MJ128;"Activités de la localité détaillées dans la notice régionale ; libellé technique remplacé par mécanisme du scénario. Professions des résidents ; lieu de travail et commanditaires peuvent être extérieurs au quartier. Visiteurs exclus du stock. activité/institution locale Budget civil 33,00 % ; coefficient 4,000000 ; part de filière 2,904 %. Apprentissage, atelier, combustible et outils ; titre noble ne remplace pas qualification.";0.011468451004126488;0.4196121006337914;0.09285294171864933
Coutelier;Forgeron;0.5239334933565672;0.870032370236744;104.78669867131345;D — activité déduite;MJ128;"Activités de la localité détaillées dans la notice régionale ; libellé technique remplacé par mécanisme du scénario. Professions des résidents ; lieu de travail et commanditaires peuvent être extérieurs au quartier. Visiteurs exclus du stock. activité/institution locale Budget civil 33,00 % ; coefficient 4,000000 ; part de filière 2,904 %. Apprentissage, atelier, combustible et outils ; titre noble ne remplace pas qualification.";0.011468451004126488;0.4196121006337914;0.09285294171864933
Rémouleur;Forgeron;0.5239334933565672;0.870032370236744;104.78669867131345;D — activité déduite;MJ128;"Activités de la localité détaillées dans la notice régionale ; libellé technique remplacé par mécanisme du scénario. Professions des résidents ; lieu de travail et commanditaires peuvent être extérieurs au quartier. Visiteurs exclus du stock. activité/institution locale Budget civil 33,00 % ; coefficient 4,000000 ; part de filière 2,904 %. Apprentissage, atelier, combustible et outils ; titre noble ne remplace pas qualification.";0.011468451004126488;0.4196121006337914;0.09285294171864933
Serrurier;Mécanicien et artisan du métal;0.15718004800697016;0.26100971107102316;31.436009601394034;A — activité attestée;"MJ128; SB174";"Activités de la localité détaillées dans la notice régionale ; libellé technique remplacé par mécanisme du scénario. Professions des résidents ; lieu de travail et commanditaires peuvent être extérieurs au quartier. Visiteurs exclus du stock. activité/institution locale Budget civil 33,00 % ; coefficient 1,200000 ; part de filière 0,871 %. Apprentissage, atelier, combustible et outils ; titre noble ne remplace pas qualification.";0.003440535301237947;0.1258836301901374;0.027855882515594805
Rétameur;Mécanicien et artisan du métal;0.15718004800697016;0.26100971107102316;31.436009601394034;A — activité attestée;"MJ128; SB174";"Activités de la localité détaillées dans la notice régionale ; libellé technique remplacé par mécanisme du scénario. Professions des résidents ; lieu de travail et commanditaires peuvent être extérieurs au quartier. Visiteurs exclus du stock. activité/institution locale Budget civil 33,00 % ; coefficient 1,200000 ; part de filière 0,871 %. Apprentissage, atelier, combustible et outils ; titre noble ne remplace pas qualification.";0.003440535301237947;0.1258836301901374;0.027855882515594805
Réparateur et bricoleur;Mécanicien et artisan du métal;0.15718004800697016;0.26100971107102316;31.436009601394034;A — activité attestée;"MJ128; SB174";"Activités de la localité détaillées dans la notice régionale ; libellé technique remplacé par mécanisme du scénario. Professions des résidents ; lieu de travail et commanditaires peuvent être extérieurs au quartier. Visiteurs exclus du stock. activité/institution locale Budget civil 33,00 % ; coefficient 1,200000 ; part de filière 0,871 %. Apprentissage, atelier, combustible et outils ; titre noble ne remplace pas qualification.";0.003440535301237947;0.1258836301901374;0.027855882515594805
Horloger;Mécanicien et artisan du métal;0;0;0.0;D — activité déduite;SB174;"Activités de la localité détaillées dans la notice régionale ; libellé technique remplacé par mécanisme du scénario. Professions des résidents ; lieu de travail et commanditaires peuvent être extérieurs au quartier. Visiteurs exclus du stock. activité/institution locale Budget civil 33,00 % ; coefficient 0,000000 ; part de filière 0,000 %. Zéro proposé : Climat, matière ou culture hors filière régionale retenue ; aucun établissement exceptionnel proposé. Apprentissage, atelier, combustible et outils ; titre noble ne remplace pas qualification.";0;0;0
Fabricant d’outils de précision;Mécanicien et artisan du métal;0;0;0.0;A — activité attestée;SB174;"Activités de la localité détaillées dans la notice régionale ; libellé technique remplacé par mécanisme du scénario. Professions des résidents ; lieu de travail et commanditaires peuvent être extérieurs au quartier. Visiteurs exclus du stock. activité/institution locale Budget civil 33,00 % ; coefficient 0,000000 ; part de filière 0,000 %. Zéro proposé : Climat, matière ou culture hors filière régionale retenue ; aucun établissement exceptionnel proposé. Apprentissage, atelier, combustible et outils ; titre noble ne remplace pas qualification.";0;0;0
Fabricant d’instruments de navigation;Mécanicien et artisan du métal;0;0;0.0;D — activité déduite;SB174;"Activités de la localité détaillées dans la notice régionale ; libellé technique remplacé par mécanisme du scénario. Professions des résidents ; lieu de travail et commanditaires peuvent être extérieurs au quartier. Visiteurs exclus du stock. activité/institution locale Budget civil 33,00 % ; coefficient 0,000000 ; part de filière 0,000 %. Zéro proposé : Climat, matière ou culture hors filière régionale retenue ; aucun établissement exceptionnel proposé. Apprentissage, atelier, combustible et outils ; titre noble ne remplace pas qualification.";0;0;0
Bijoutier;Bijoutier;0.2619667466782836;0.435016185118372;52.39334933565672;A — activité attestée;MJ128;"Activités de la localité détaillées dans la notice régionale ; libellé technique remplacé par mécanisme du scénario. Professions des résidents ; lieu de travail et commanditaires peuvent être extérieurs au quartier. Visiteurs exclus du stock. activité/institution locale Budget civil 33,00 % ; coefficient 2,000000 ; part de filière 1,452 %. Apprentissage, atelier, combustible et outils ; titre noble ne remplace pas qualification.";0.005734225502063244;0.2098060503168957;0.046426470859324664
Orfèvre;Bijoutier;0.10478669867131345;0.1740064740473488;20.957339734262693;A — activité attestée;MJ128;"Activités de la localité détaillées dans la notice régionale ; libellé technique remplacé par mécanisme du scénario. Professions des résidents ; lieu de travail et commanditaires peuvent être extérieurs au quartier. Visiteurs exclus du stock. activité/institution locale Budget civil 33,00 % ; coefficient 0,800000 ; part de filière 0,581 %. Apprentissage, atelier, combustible et outils ; titre noble ne remplace pas qualification.";0.002293690200825299;0.08392242012675827;0.018570588343729873
Lapidaire et tailleur de gemmes;Bijoutier;0.10478669867131345;0.1740064740473488;20.957339734262693;A — activité attestée;MJ128;"Activités de la localité détaillées dans la notice régionale ; libellé technique remplacé par mécanisme du scénario. Professions des résidents ; lieu de travail et commanditaires peuvent être extérieurs au quartier. Visiteurs exclus du stock. activité/institution locale Budget civil 33,00 % ; coefficient 0,800000 ; part de filière 0,581 %. Apprentissage, atelier, combustible et outils ; titre noble ne remplace pas qualification.";0.002293690200825299;0.08392242012675827;0.018570588343729873
Tanneur;Tanneur;0.49118765002178166;0.8156553470969474;98.23753000435634;A — activité attestée;MJ128;"Activités de la localité détaillées dans la notice régionale ; libellé technique remplacé par mécanisme du scénario. Professions des résidents ; lieu de travail et commanditaires peuvent être extérieurs au quartier. Visiteurs exclus du stock. activité/institution locale Budget civil 33,00 % ; coefficient 3,750000 ; part de filière 2,723 %. Apprentissage, atelier, combustible et outils ; titre noble ne remplace pas qualification.";0.010751672816368579;0.39338634434417935;0.08704963286123375
Fourreur;Tanneur;0.19647506000871268;0.32626213883877897;39.295012001742535;D — activité déduite;"SB120; SB133";"Activités de la localité détaillées dans la notice régionale ; libellé technique remplacé par mécanisme du scénario. Professions des résidents ; lieu de travail et commanditaires peuvent être extérieurs au quartier. Visiteurs exclus du stock. activité/institution locale Budget civil 33,00 % ; coefficient 1,500000 ; part de filière 1,089 %. Apprentissage, atelier, combustible et outils ; titre noble ne remplace pas qualification.";0.004300669126547435;0.15735453773767175;0.0348198531444935
Maroquinier;Artisan du cuir;0.4191467946852538;0.6960258961893953;83.82935893705077;A — activité attestée;MJ128;"Activités de la localité détaillées dans la notice régionale ; libellé technique remplacé par mécanisme du scénario. Professions des résidents ; lieu de travail et commanditaires peuvent être extérieurs au quartier. Visiteurs exclus du stock. activité/institution locale Budget civil 33,00 % ; coefficient 3,200000 ; part de filière 2,323 %. Apprentissage, atelier, combustible et outils ; titre noble ne remplace pas qualification.";0.009174760803301195;0.3356896805070331;0.0742823533749195
Bourrelier et sellier;Artisan du cuir;0.4191467946852538;0.6960258961893953;83.82935893705077;D — activité déduite;"MJ128; SB163";"Activités de la localité détaillées dans la notice régionale ; libellé technique remplacé par mécanisme du scénario. Professions des résidents ; lieu de travail et commanditaires peuvent être extérieurs au quartier. Visiteurs exclus du stock. activité/institution locale Budget civil 33,00 % ; coefficient 3,200000 ; part de filière 2,323 %. Apprentissage, atelier, combustible et outils ; titre noble ne remplace pas qualification.";0.009174760803301195;0.3356896805070331;0.0742823533749195
Boursier, fabricant de bourses;Artisan du cuir;0.4191467946852538;0.6960258961893953;83.82935893705077;D — activité déduite;MJ128;"Activités de la localité détaillées dans la notice régionale ; libellé technique remplacé par mécanisme du scénario. Professions des résidents ; lieu de travail et commanditaires peuvent être extérieurs au quartier. Visiteurs exclus du stock. activité/institution locale Budget civil 33,00 % ; coefficient 3,200000 ; part de filière 2,323 %. Apprentissage, atelier, combustible et outils ; titre noble ne remplace pas qualification.";0.009174760803301195;0.3356896805070331;0.0742823533749195
Gantier;Artisan du cuir;0.4191467946852538;0.6960258961893953;83.82935893705077;D — activité déduite;MJ128;"Activités de la localité détaillées dans la notice régionale ; libellé technique remplacé par mécanisme du scénario. Professions des résidents ; lieu de travail et commanditaires peuvent être extérieurs au quartier. Visiteurs exclus du stock. activité/institution locale Budget civil 33,00 % ; coefficient 3,200000 ; part de filière 2,323 %. Apprentissage, atelier, combustible et outils ; titre noble ne remplace pas qualification.";0.009174760803301195;0.3356896805070331;0.0742823533749195
Cordonnier;Artisan du cuir;0.4191467946852538;0.6960258961893953;83.82935893705077;A — activité attestée;MJ128;"Activités de la localité détaillées dans la notice régionale ; libellé technique remplacé par mécanisme du scénario. Professions des résidents ; lieu de travail et commanditaires peuvent être extérieurs au quartier. Visiteurs exclus du stock. activité/institution locale Budget civil 33,00 % ; coefficient 3,200000 ; part de filière 2,323 %. Apprentissage, atelier, combustible et outils ; titre noble ne remplace pas qualification.";0.009174760803301195;0.3356896805070331;0.0742823533749195
Fileur;Artisan textile;0.2619667466782836;0.435016185118372;52.39334933565672;D — activité déduite;MJ128;"Activités de la localité détaillées dans la notice régionale ; libellé technique remplacé par mécanisme du scénario. Professions des résidents ; lieu de travail et commanditaires peuvent être extérieurs au quartier. Visiteurs exclus du stock. activité/institution locale Budget civil 33,00 % ; coefficient 2,000000 ; part de filière 1,452 %. Apprentissage, atelier, combustible et outils ; titre noble ne remplace pas qualification.";0.005734225502063244;0.2098060503168957;0.046426470859324664
Tisserand;Artisan textile;0.2619667466782836;0.435016185118372;52.39334933565672;A — activité attestée;MJ128;"Activités de la localité détaillées dans la notice régionale ; libellé technique remplacé par mécanisme du scénario. Professions des résidents ; lieu de travail et commanditaires peuvent être extérieurs au quartier. Visiteurs exclus du stock. activité/institution locale Budget civil 33,00 % ; coefficient 2,000000 ; part de filière 1,452 %. Apprentissage, atelier, combustible et outils ; titre noble ne remplace pas qualification.";0.005734225502063244;0.2098060503168957;0.046426470859324664
Teinturier;Artisan textile;0.2619667466782836;0.435016185118372;52.39334933565672;A — activité attestée;MJ128;"Activités de la localité détaillées dans la notice régionale ; libellé technique remplacé par mécanisme du scénario. Professions des résidents ; lieu de travail et commanditaires peuvent être extérieurs au quartier. Visiteurs exclus du stock. activité/institution locale Budget civil 33,00 % ; coefficient 2,000000 ; part de filière 1,452 %. Apprentissage, atelier, combustible et outils ; titre noble ne remplace pas qualification.";0.005734225502063244;0.2098060503168957;0.046426470859324664
Tailleur;Tailleur de vêtements;0.2619667466782836;0.435016185118372;52.39334933565672;D — activité déduite;"MJ128; SB139";"Activités de la localité détaillées dans la notice régionale ; libellé technique remplacé par mécanisme du scénario. Professions des résidents ; lieu de travail et commanditaires peuvent être extérieurs au quartier. Visiteurs exclus du stock. activité/institution locale Budget civil 33,00 % ; coefficient 2,000000 ; part de filière 1,452 %. Apprentissage, atelier, combustible et outils ; titre noble ne remplace pas qualification.";0.005734225502063244;0.2098060503168957;0.046426470859324664
Modiste et fabricant de coiffes;Tailleur de vêtements;0.2619667466782836;0.435016185118372;52.39334933565672;D — activité déduite;"SB139; SB120";"Activités de la localité détaillées dans la notice régionale ; libellé technique remplacé par mécanisme du scénario. Professions des résidents ; lieu de travail et commanditaires peuvent être extérieurs au quartier. Visiteurs exclus du stock. activité/institution locale Budget civil 33,00 % ; coefficient 2,000000 ; part de filière 1,452 %. Apprentissage, atelier, combustible et outils ; titre noble ne remplace pas qualification.";0.005734225502063244;0.2098060503168957;0.046426470859324664
Tapissier;Tapissier;0.1309833733391418;0.217508092559186;26.19667466782836;D — activité déduite;SB200;"Activités de la localité détaillées dans la notice régionale ; libellé technique remplacé par mécanisme du scénario. Professions des résidents ; lieu de travail et commanditaires peuvent être extérieurs au quartier. Visiteurs exclus du stock. activité/institution locale Budget civil 33,00 % ; coefficient 1,000000 ; part de filière 0,726 %. Apprentissage, atelier, combustible et outils ; titre noble ne remplace pas qualification.";0.002867112751031622;0.10490302515844785;0.023213235429662332
Menuisier;Menuisier;0.654916866695709;1.08754046279593;130.9833733391418;D — activité déduite;"MJ128; SB152";"Activités de la localité détaillées dans la notice régionale ; libellé technique remplacé par mécanisme du scénario. Professions des résidents ; lieu de travail et commanditaires peuvent être extérieurs au quartier. Visiteurs exclus du stock. activité/institution locale Budget civil 33,00 % ; coefficient 5,000000 ; part de filière 3,630 %. Apprentissage, atelier, combustible et outils ; titre noble ne remplace pas qualification.";0.01433556375515811;0.5245151257922392;0.11606617714831166
Ébéniste;Menuisier;0.2619667466782836;0.435016185118372;52.39334933565672;D — activité déduite;MJ128;"Activités de la localité détaillées dans la notice régionale ; libellé technique remplacé par mécanisme du scénario. Professions des résidents ; lieu de travail et commanditaires peuvent être extérieurs au quartier. Visiteurs exclus du stock. activité/institution locale Budget civil 33,00 % ; coefficient 2,000000 ; part de filière 1,452 %. Apprentissage, atelier, combustible et outils ; titre noble ne remplace pas qualification.";0.005734225502063244;0.2098060503168957;0.046426470859324664
Sculpteur sur bois;Menuisier;0.2619667466782836;0.435016185118372;52.39334933565672;A — activité attestée;MJ128;"Activités de la localité détaillées dans la notice régionale ; libellé technique remplacé par mécanisme du scénario. Professions des résidents ; lieu de travail et commanditaires peuvent être extérieurs au quartier. Visiteurs exclus du stock. activité/institution locale Budget civil 33,00 % ; coefficient 2,000000 ; part de filière 1,452 %. Apprentissage, atelier, combustible et outils ; titre noble ne remplace pas qualification.";0.005734225502063244;0.2098060503168957;0.046426470859324664
Tonnelier;Menuisier;0.2619667466782836;0.435016185118372;52.39334933565672;A — activité attestée;MJ128;"Activités de la localité détaillées dans la notice régionale ; libellé technique remplacé par mécanisme du scénario. Professions des résidents ; lieu de travail et commanditaires peuvent être extérieurs au quartier. Visiteurs exclus du stock. activité/institution locale Budget civil 33,00 % ; coefficient 2,000000 ; part de filière 1,452 %. Apprentissage, atelier, combustible et outils ; titre noble ne remplace pas qualification.";0.005734225502063244;0.2098060503168957;0.046426470859324664
Charron;Menuisier;0.2619667466782836;0.435016185118372;52.39334933565672;A — activité attestée;MJ128;"Activités de la localité détaillées dans la notice régionale ; libellé technique remplacé par mécanisme du scénario. Professions des résidents ; lieu de travail et commanditaires peuvent être extérieurs au quartier. Visiteurs exclus du stock. activité/institution locale Budget civil 33,00 % ; coefficient 2,000000 ; part de filière 1,452 %. Apprentissage, atelier, combustible et outils ; titre noble ne remplace pas qualification.";0.005734225502063244;0.2098060503168957;0.046426470859324664
Charpentier;Charpentier;0.4256959633522108;0.7069013008173544;85.13919267044217;A — activité attestée;MJ128;"Activités de la localité détaillées dans la notice régionale ; libellé technique remplacé par mécanisme du scénario. Professions des résidents ; lieu de travail et commanditaires peuvent être extérieurs au quartier. Visiteurs exclus du stock. activité/institution locale Budget civil 33,00 % ; coefficient 3,250000 ; part de filière 2,360 %. Apprentissage, atelier, combustible et outils ; titre noble ne remplace pas qualification.";0.009318116440852774;0.3409348317649555;0.07544301514640257
Couvreur;Charpentier;0.17027838534088438;0.2827605203269419;34.05567706817688;A — activité attestée;MJ128;"Activités de la localité détaillées dans la notice régionale ; libellé technique remplacé par mécanisme du scénario. Professions des résidents ; lieu de travail et commanditaires peuvent être extérieurs au quartier. Visiteurs exclus du stock. activité/institution locale Budget civil 33,00 % ; coefficient 1,300000 ; part de filière 0,944 %. Apprentissage, atelier, combustible et outils ; titre noble ne remplace pas qualification.";0.0037272465763411094;0.13637393270598222;0.030177206058561043
Constructeur naval;Constructeur naval;0.19647506000871268;0.32626213883877897;39.295012001742535;A — activité attestée;"MJ128; SB148";"Activités de la localité détaillées dans la notice régionale ; libellé technique remplacé par mécanisme du scénario. Professions des résidents ; lieu de travail et commanditaires peuvent être extérieurs au quartier. Visiteurs exclus du stock. activité/institution locale Budget civil 33,00 % ; coefficient 1,500000 ; part de filière 1,089 %. Apprentissage, atelier, combustible et outils ; titre noble ne remplace pas qualification.";0.004300669126547435;0.15735453773767175;0.0348198531444935
Calfat;Constructeur naval;0.07859002400348508;0.13050485553551158;15.718004800697017;D — activité déduite;"MJ128; SB148";"Activités de la localité détaillées dans la notice régionale ; libellé technique remplacé par mécanisme du scénario. Professions des résidents ; lieu de travail et commanditaires peuvent être extérieurs au quartier. Visiteurs exclus du stock. activité/institution locale Budget civil 33,00 % ; coefficient 0,600000 ; part de filière 0,436 %. Apprentissage, atelier, combustible et outils ; titre noble ne remplace pas qualification.";0.0017202676506189736;0.0629418150950687;0.013927941257797402
Constructeur de drakkars;Constructeur naval;0;0;0.0;A — activité attestée;SB130;"Activités de la localité détaillées dans la notice régionale ; libellé technique remplacé par mécanisme du scénario. Professions des résidents ; lieu de travail et commanditaires peuvent être extérieurs au quartier. Visiteurs exclus du stock. activité/institution locale Budget civil 33,00 % ; coefficient 0,000000 ; part de filière 0,000 %. Zéro proposé : Filière régionale non retenue dans ce scénario, sans interdiction universelle. Apprentissage, atelier, combustible et outils ; titre noble ne remplace pas qualification.";0;0;0
Cordier;Cordier;0.16372921667392726;0.2718851156989825;32.74584333478545;D — activité déduite;SB130;"Activités de la localité détaillées dans la notice régionale ; libellé technique remplacé par mécanisme du scénario. Professions des résidents ; lieu de travail et commanditaires peuvent être extérieurs au quartier. Visiteurs exclus du stock. activité/institution locale Budget civil 33,00 % ; coefficient 1,250000 ; part de filière 0,908 %. Apprentissage, atelier, combustible et outils ; titre noble ne remplace pas qualification.";0.0035838909387895276;0.1311287814480598;0.029016544287077915
Voilier;Cordier;0.0654916866695709;0.108754046279593;13.09833733391418;A — activité attestée;MJ128;"Activités de la localité détaillées dans la notice régionale ; libellé technique remplacé par mécanisme du scénario. Professions des résidents ; lieu de travail et commanditaires peuvent être extérieurs au quartier. Visiteurs exclus du stock. activité/institution locale Budget civil 33,00 % ; coefficient 0,500000 ; part de filière 0,363 %. Apprentissage, atelier, combustible et outils ; titre noble ne remplace pas qualification.";0.001433556375515811;0.052451512579223925;0.011606617714831166
Facteur d’arcs;Facteur d’arcs;0.1309833733391418;0.217508092559186;26.19667466782836;A — activité attestée;"MJ128; SB152";"Activités de la localité détaillées dans la notice régionale ; libellé technique remplacé par mécanisme du scénario. Professions des résidents ; lieu de travail et commanditaires peuvent être extérieurs au quartier. Visiteurs exclus du stock. activité/institution locale Budget civil 33,00 % ; coefficient 1,000000 ; part de filière 0,726 %. Apprentissage, atelier, combustible et outils ; titre noble ne remplace pas qualification.";0.002867112751031622;0.10490302515844785;0.023213235429662332
Fabricant de flèches;Facteur d’arcs;0.05239334933565672;0.0870032370236744;10.478669867131346;A — activité attestée;SB152;"Activités de la localité détaillées dans la notice régionale ; libellé technique remplacé par mécanisme du scénario. Professions des résidents ; lieu de travail et commanditaires peuvent être extérieurs au quartier. Visiteurs exclus du stock. activité/institution locale Budget civil 33,00 % ; coefficient 0,400000 ; part de filière 0,290 %. Apprentissage, atelier, combustible et outils ; titre noble ne remplace pas qualification.";0.0011468451004126494;0.041961210063379134;0.009285294171864937
Luthier et facteur d’instruments;Luthier;0.09823753000435634;0.16313106941938949;19.647506000871267;D — activité déduite;BR55;"Activités de la localité détaillées dans la notice régionale ; libellé technique remplacé par mécanisme du scénario. Professions des résidents ; lieu de travail et commanditaires peuvent être extérieurs au quartier. Visiteurs exclus du stock. activité/institution locale Budget civil 33,00 % ; coefficient 0,750000 ; part de filière 0,545 %. Apprentissage, atelier, combustible et outils ; titre noble ne remplace pas qualification.";0.0021503345632737174;0.07867726886883587;0.01740992657224675
Tailleur de pierre;Tailleur de pierre;0.3274584333478545;0.543770231397965;65.4916866695709;A — activité attestée;"MJ128; SB161";"Activités de la localité détaillées dans la notice régionale ; libellé technique remplacé par mécanisme du scénario. Professions des résidents ; lieu de travail et commanditaires peuvent être extérieurs au quartier. Visiteurs exclus du stock. activité/institution locale Budget civil 33,00 % ; coefficient 2,500000 ; part de filière 1,815 %. Apprentissage, atelier, combustible et outils ; titre noble ne remplace pas qualification.";0.007167781877579055;0.2622575628961196;0.05803308857415583
Sculpteur sur pierre;Tailleur de pierre;0.1309833733391418;0.217508092559186;26.19667466782836;D — activité déduite;"MJ128; SB161";"Activités de la localité détaillées dans la notice régionale ; libellé technique remplacé par mécanisme du scénario. Professions des résidents ; lieu de travail et commanditaires peuvent être extérieurs au quartier. Visiteurs exclus du stock. activité/institution locale Budget civil 33,00 % ; coefficient 1,000000 ; part de filière 0,726 %. Apprentissage, atelier, combustible et outils ; titre noble ne remplace pas qualification.";0.002867112751031622;0.10490302515844785;0.023213235429662332
Sculpteur de statues de Stone Spirits;Tailleur de pierre;0;0;0.0;A — activité attestée;SB161;"Activités de la localité détaillées dans la notice régionale ; libellé technique remplacé par mécanisme du scénario. Professions des résidents ; lieu de travail et commanditaires peuvent être extérieurs au quartier. Visiteurs exclus du stock. activité/institution locale Budget civil 33,00 % ; coefficient 0,000000 ; part de filière 0,000 %. Zéro proposé : Filière régionale non retenue dans ce scénario, sans interdiction universelle. Apprentissage, atelier, combustible et outils ; titre noble ne remplace pas qualification.";0;0;0
Maçon;Maçon;1.309833733391418;2.17508092559186;261.9667466782836;A — activité attestée;"MJ128; SB90";"Activités de la localité détaillées dans la notice régionale ; libellé technique remplacé par mécanisme du scénario. Professions des résidents ; lieu de travail et commanditaires peuvent être extérieurs au quartier. Visiteurs exclus du stock. activité/institution locale Budget civil 33,00 % ; coefficient 10,000000 ; part de filière 7,261 %. Apprentissage, atelier, combustible et outils ; titre noble ne remplace pas qualification.";0.02867112751031622;1.0490302515844785;0.23213235429662332
Plâtrier;Maçon;0.5239334933565672;0.870032370236744;104.78669867131345;A — activité attestée;"MJ128; SB90";"Activités de la localité détaillées dans la notice régionale ; libellé technique remplacé par mécanisme du scénario. Professions des résidents ; lieu de travail et commanditaires peuvent être extérieurs au quartier. Visiteurs exclus du stock. activité/institution locale Budget civil 33,00 % ; coefficient 4,000000 ; part de filière 2,904 %. Apprentissage, atelier, combustible et outils ; titre noble ne remplace pas qualification.";0.011468451004126488;0.4196121006337914;0.09285294171864933
Manœuvre de chantier;Maçon;0.5239334933565671;0.8700323702367438;104.78669867131343;A — activité attestée;SB90;"Activités de la localité détaillées dans la notice régionale ; libellé technique remplacé par mécanisme du scénario. Professions des résidents ; lieu de travail et commanditaires peuvent être extérieurs au quartier. Visiteurs exclus du stock. activité/institution locale Budget civil 33,00 % ; coefficient 4,000000 ; part de filière 2,904 %. Apprentissage, atelier, combustible et outils ; titre noble ne remplace pas qualification.";0.0057976785869057815;0.4242553924284532;0.09388042234120814
Architecte;Architecte;0.1309833733391418;0.217508092559186;26.19667466782836;A — activité attestée;SB174;"Activités de la localité détaillées dans la notice régionale ; libellé technique remplacé par mécanisme du scénario. Professions des résidents ; lieu de travail et commanditaires peuvent être extérieurs au quartier. Visiteurs exclus du stock. activité/institution locale Budget civil 33,00 % ; coefficient 1,000000 ; part de filière 0,726 %. Apprentissage, atelier, combustible et outils ; titre noble ne remplace pas qualification.";0.002867112751031622;0.10490302515844785;0.023213235429662332
Géomètre et arpenteur;Architecte;0.05239334933565672;0.0870032370236744;10.478669867131346;A — activité attestée;MJ128;"Activités de la localité détaillées dans la notice régionale ; libellé technique remplacé par mécanisme du scénario. Professions des résidents ; lieu de travail et commanditaires peuvent être extérieurs au quartier. Visiteurs exclus du stock. activité/institution locale Budget civil 33,00 % ; coefficient 0,400000 ; part de filière 0,290 %. Apprentissage, atelier, combustible et outils ; titre noble ne remplace pas qualification.";0.0011468451004126494;0.041961210063379134;0.009285294171864937
Potier;Potier;0.3274584333478545;0.543770231397965;65.4916866695709;A — activité attestée;"MJ128; SB200";"Activités de la localité détaillées dans la notice régionale ; libellé technique remplacé par mécanisme du scénario. Professions des résidents ; lieu de travail et commanditaires peuvent être extérieurs au quartier. Visiteurs exclus du stock. activité/institution locale Budget civil 33,00 % ; coefficient 2,500000 ; part de filière 1,815 %. Apprentissage, atelier, combustible et outils ; titre noble ne remplace pas qualification.";0.007167781877579055;0.2622575628961196;0.05803308857415583
Tuilier;Potier;0.1309833733391418;0.217508092559186;26.19667466782836;A — activité attestée;"MJ128; SB200";"Activités de la localité détaillées dans la notice régionale ; libellé technique remplacé par mécanisme du scénario. Professions des résidents ; lieu de travail et commanditaires peuvent être extérieurs au quartier. Visiteurs exclus du stock. activité/institution locale Budget civil 33,00 % ; coefficient 1,000000 ; part de filière 0,726 %. Apprentissage, atelier, combustible et outils ; titre noble ne remplace pas qualification.";0.002867112751031622;0.10490302515844785;0.023213235429662332
Porcelainier;Potier;0.1309833733391418;0.217508092559186;26.19667466782836;D — activité déduite;SB200;"Activités de la localité détaillées dans la notice régionale ; libellé technique remplacé par mécanisme du scénario. Professions des résidents ; lieu de travail et commanditaires peuvent être extérieurs au quartier. Visiteurs exclus du stock. activité/institution locale Budget civil 33,00 % ; coefficient 1,000000 ; part de filière 0,726 %. Apprentissage, atelier, combustible et outils ; titre noble ne remplace pas qualification.";0.002867112751031622;0.10490302515844785;0.023213235429662332
Souffleur de verre;Verrier;0.09168836133739927;0.1522556647914302;18.337672267479853;A — activité attestée;"MJ128; SB174";"Activités de la localité détaillées dans la notice régionale ; libellé technique remplacé par mécanisme du scénario. Professions des résidents ; lieu de travail et commanditaires peuvent être extérieurs au quartier. Visiteurs exclus du stock. activité/institution locale Budget civil 33,00 % ; coefficient 0,700000 ; part de filière 0,508 %. Apprentissage, atelier, combustible et outils ; titre noble ne remplace pas qualification.";0.0020069789257221365;0.07343211761091349;0.016249264800763642
Vitrier;Verrier;0.09168836133739927;0.1522556647914302;18.337672267479853;A — activité attestée;"MJ128; SB174";"Activités de la localité détaillées dans la notice régionale ; libellé technique remplacé par mécanisme du scénario. Professions des résidents ; lieu de travail et commanditaires peuvent être extérieurs au quartier. Visiteurs exclus du stock. activité/institution locale Budget civil 33,00 % ; coefficient 0,700000 ; part de filière 0,508 %. Apprentissage, atelier, combustible et outils ; titre noble ne remplace pas qualification.";0.0020069789257221365;0.07343211761091349;0.016249264800763642
Opticien et fabricant de lentilles;Verrier;0;0;0.0;D — activité déduite;SB174;"Activités de la localité détaillées dans la notice régionale ; libellé technique remplacé par mécanisme du scénario. Professions des résidents ; lieu de travail et commanditaires peuvent être extérieurs au quartier. Visiteurs exclus du stock. activité/institution locale Budget civil 33,00 % ; coefficient 0,000000 ; part de filière 0,000 %. Zéro proposé : Climat, matière ou culture hors filière régionale retenue ; aucun établissement exceptionnel proposé. Apprentissage, atelier, combustible et outils ; titre noble ne remplace pas qualification.";0;0;0
Papetier;Papetier et artisan du livre;0.031436009601394026;0.05220194221420462;6.287201920278806;A — activité attestée;SB138;"Activités de la localité détaillées dans la notice régionale ; libellé technique remplacé par mécanisme du scénario. Professions des résidents ; lieu de travail et commanditaires peuvent être extérieurs au quartier. Visiteurs exclus du stock. activité/institution locale Budget civil 33,00 % ; coefficient 0,240000 ; part de filière 0,174 %. Apprentissage, atelier, combustible et outils ; titre noble ne remplace pas qualification.";0.0006881070602475892;0.02517672603802748;0.005571176503118959
Relieur;Papetier et artisan du livre;0.031436009601394026;0.05220194221420462;6.287201920278806;D — activité déduite;"SB138; MJ128";"Activités de la localité détaillées dans la notice régionale ; libellé technique remplacé par mécanisme du scénario. Professions des résidents ; lieu de travail et commanditaires peuvent être extérieurs au quartier. Visiteurs exclus du stock. activité/institution locale Budget civil 33,00 % ; coefficient 0,240000 ; part de filière 0,174 %. Apprentissage, atelier, combustible et outils ; titre noble ne remplace pas qualification.";0.0006881070602475892;0.02517672603802748;0.005571176503118959
Chandelier;Chandelier;0.16372921667392726;0.2718851156989825;32.74584333478545;P — activité proposée;SB98;"Activités de la localité détaillées dans la notice régionale ; libellé technique remplacé par mécanisme du scénario. Professions des résidents ; lieu de travail et commanditaires peuvent être extérieurs au quartier. Visiteurs exclus du stock. activité/institution locale Budget civil 33,00 % ; coefficient 1,250000 ; part de filière 0,908 %. Apprentissage, atelier, combustible et outils ; titre noble ne remplace pas qualification.";0.0035838909387895276;0.1311287814480598;0.029016544287077915
Peintre;Peintre;0.2619667466782836;0.435016185118372;52.39334933565672;A — activité attestée;"MJ128; SB190";"Activités de la localité détaillées dans la notice régionale ; libellé technique remplacé par mécanisme du scénario. Professions des résidents ; lieu de travail et commanditaires peuvent être extérieurs au quartier. Visiteurs exclus du stock. activité/institution locale Budget civil 33,00 % ; coefficient 2,000000 ; part de filière 1,452 %. Apprentissage, atelier, combustible et outils ; titre noble ne remplace pas qualification.";0.005734225502063244;0.2098060503168957;0.046426470859324664
Fabricant d’enseignes;Peintre;0.10478669867131345;0.1740064740473488;20.957339734262693;A — activité attestée;"MJ128; SB190";"Activités de la localité détaillées dans la notice régionale ; libellé technique remplacé par mécanisme du scénario. Professions des résidents ; lieu de travail et commanditaires peuvent être extérieurs au quartier. Visiteurs exclus du stock. activité/institution locale Budget civil 33,00 % ; coefficient 0,800000 ; part de filière 0,581 %. Apprentissage, atelier, combustible et outils ; titre noble ne remplace pas qualification.";0.002293690200825299;0.08392242012675827;0.018570588343729873
Enlumineur;Peintre;0.10478669867131345;0.1740064740473488;20.957339734262693;A — activité attestée;"MJ128; SB190";"Activités de la localité détaillées dans la notice régionale ; libellé technique remplacé par mécanisme du scénario. Professions des résidents ; lieu de travail et commanditaires peuvent être extérieurs au quartier. Visiteurs exclus du stock. activité/institution locale Budget civil 33,00 % ; coefficient 0,800000 ; part de filière 0,581 %. Apprentissage, atelier, combustible et outils ; titre noble ne remplace pas qualification.";0.002293690200825299;0.08392242012675827;0.018570588343729873
Peintre de guerre spirituel;Peintre;0.10478669867131345;0.1740064740473488;20.957339734262693;A — activité attestée;SB193;"Activités de la localité détaillées dans la notice régionale ; libellé technique remplacé par mécanisme du scénario. Professions des résidents ; lieu de travail et commanditaires peuvent être extérieurs au quartier. Visiteurs exclus du stock. activité/institution locale Initiation de la Red Mother ou apprentissage autorisé; recette complète non librement disponible Budget civil 33,00 % ; coefficient 0,800000 ; part de filière 0,581 %. Apprentissage, atelier, combustible et outils ; titre noble ne remplace pas qualification.";0.002293690200825299;0.08392242012675827;0.018570588343729873
Tatoueur rituel;Peintre;0;0;0.0;D — activité déduite;"SB200; SB204";"Activités de la localité détaillées dans la notice régionale ; libellé technique remplacé par mécanisme du scénario. Professions des résidents ; lieu de travail et commanditaires peuvent être extérieurs au quartier. Visiteurs exclus du stock. activité/institution locale Budget civil 33,00 % ; coefficient 0,000000 ; part de filière 0,000 %. Zéro proposé : Filière régionale non retenue dans ce scénario, sans interdiction universelle. Apprentissage, atelier, combustible et outils ; titre noble ne remplace pas qualification.";0;0;0
Portefaix;Transporteur terrestre;0.4732944227023126;0.7859422495886957;94.65888454046251;D — activité déduite;"MJ132; SB121";"Activités de la localité détaillées dans la notice régionale ; libellé technique remplacé par mécanisme du scénario. Professions des résidents ; lieu de travail et commanditaires peuvent être extérieurs au quartier. Visiteurs exclus du stock. activité/institution locale Budget civil 18,00 % ; coefficient 12,000000 ; part de filière 4,810 %. Réseau, itinéraires, confiance et capital ; manutention distincte de propriété du fret.";0.007543896465975053;0.3680253176780529;0.09772520855828463
Docker;Transporteur terrestre;0.4732944227023126;0.7859422495886957;94.65888454046251;D — activité déduite;"MJ132; SB121";"Activités de la localité détaillées dans la notice régionale ; libellé technique remplacé par mécanisme du scénario. Professions des résidents ; lieu de travail et commanditaires peuvent être extérieurs au quartier. Visiteurs exclus du stock. activité/institution locale Budget civil 18,00 % ; coefficient 12,000000 ; part de filière 4,810 %. Réseau, itinéraires, confiance et capital ; manutention distincte de propriété du fret.";0.007543896465975053;0.3680253176780529;0.09772520855828463
Magasinier;Transporteur terrestre;0.4732944227023126;0.7859422495886957;94.65888454046251;D — activité déduite;"MJ132; SB121";"Activités de la localité détaillées dans la notice régionale ; libellé technique remplacé par mécanisme du scénario. Professions des résidents ; lieu de travail et commanditaires peuvent être extérieurs au quartier. Visiteurs exclus du stock. activité/institution locale Budget civil 18,00 % ; coefficient 12,000000 ; part de filière 4,810 %. Réseau, itinéraires, confiance et capital ; manutention distincte de propriété du fret.";0.014851079793164539;0.3622513500412325;0.09619199286791556
Charretier et cocher;Transporteur terrestre;0.4732944227023126;0.7859422495886957;94.65888454046251;D — activité déduite;"MJ132; SB121";"Activités de la localité détaillées dans la notice régionale ; libellé technique remplacé par mécanisme du scénario. Professions des résidents ; lieu de travail et commanditaires peuvent être extérieurs au quartier. Visiteurs exclus du stock. activité/institution locale Budget civil 18,00 % ; coefficient 12,000000 ; part de filière 4,810 %. Réseau, itinéraires, confiance et capital ; manutention distincte de propriété du fret.";0.014851079793164539;0.3622513500412325;0.09619199286791556
Chef de caravane;Transporteur terrestre;0.4732944227023126;0.7859422495886957;94.65888454046251;A — activité attestée;MJ132;"Activités de la localité détaillées dans la notice régionale ; libellé technique remplacé par mécanisme du scénario. Professions des résidents ; lieu de travail et commanditaires peuvent être extérieurs au quartier. Visiteurs exclus du stock. activité/institution locale Budget civil 18,00 % ; coefficient 12,000000 ; part de filière 4,810 %. Réseau, itinéraires, confiance et capital ; manutention distincte de propriété du fret.";0.014851079793164539;0.3622513500412325;0.09619199286791556
Coursier et messager;Transporteur terrestre;0.4732944227023126;0.7859422495886957;94.65888454046251;D — activité déduite;"MJ132; SB121";"Activités de la localité détaillées dans la notice régionale ; libellé technique remplacé par mécanisme du scénario. Professions des résidents ; lieu de travail et commanditaires peuvent être extérieurs au quartier. Visiteurs exclus du stock. activité/institution locale Budget civil 18,00 % ; coefficient 12,000000 ; part de filière 4,810 %. Réseau, itinéraires, confiance et capital ; manutention distincte de propriété du fret.";0.014851079793164539;0.3622513500412325;0.09619199286791556
Porteur d’eau;Transporteur terrestre;0.4732944227023126;0.7859422495886957;94.65888454046251;P — activité proposée;"MJ132; SB121";"Activités de la localité détaillées dans la notice régionale ; libellé technique remplacé par mécanisme du scénario. Professions des résidents ; lieu de travail et commanditaires peuvent être extérieurs au quartier. Visiteurs exclus du stock. activité/institution locale Budget civil 18,00 % ; coefficient 12,000000 ; part de filière 4,810 %. Réseau, itinéraires, confiance et capital ; manutention distincte de propriété du fret.";0.014851079793164539;0.3622513500412325;0.09619199286791556
Transporteur de canopée;Transporteur terrestre;0;0;0.0;D — activité déduite;SB154;"Activités de la localité détaillées dans la notice régionale ; libellé technique remplacé par mécanisme du scénario. Professions des résidents ; lieu de travail et commanditaires peuvent être extérieurs au quartier. Visiteurs exclus du stock. activité/institution locale Budget civil 18,00 % ; coefficient 0,000000 ; part de filière 0,000 %. Zéro proposé : Filière régionale non retenue dans ce scénario, sans interdiction universelle. Réseau, itinéraires, confiance et capital ; manutention distincte de propriété du fret.";0;0;0
Opérateur de Stone Disks;Transporteur terrestre;0;0;0.0;A — activité attestée;PG13;"Activités de la localité détaillées dans la notice régionale ; libellé technique remplacé par mécanisme du scénario. Professions des résidents ; lieu de travail et commanditaires peuvent être extérieurs au quartier. Visiteurs exclus du stock. activité/institution locale Prêtre nain de Dorsi; Formation spécialisée Budget civil 18,00 % ; coefficient 0,000000 ; part de filière 0,000 %. Zéro proposé : Filière régionale non retenue dans ce scénario, sans interdiction universelle. Réseau, itinéraires, confiance et capital ; manutention distincte de propriété du fret.";0;0;0
Palefrenier et soigneur d’écurie;Transporteur terrestre;0.4732944227023126;0.7859422495886957;94.65888454046251;D — activité déduite;SB123;"Activités de la localité détaillées dans la notice régionale ; libellé technique remplacé par mécanisme du scénario. Professions des résidents ; lieu de travail et commanditaires peuvent être extérieurs au quartier. Visiteurs exclus du stock. activité/institution locale Budget civil 18,00 % ; coefficient 12,000000 ; part de filière 4,810 %. Réseau, itinéraires, confiance et capital ; manutention distincte de propriété du fret.";0.014851079793164539;0.3622513500412325;0.09619199286791556
Marin;Marin;0.09860300472964845;0.16373796866431162;19.72060094592969;A — activité attestée;MJ136;"Activités de la localité détaillées dans la notice régionale ; libellé technique remplacé par mécanisme du scénario. Professions des résidents ; lieu de travail et commanditaires peuvent être extérieurs au quartier. Visiteurs exclus du stock. activité/institution locale Budget civil 18,00 % ; coefficient 2,500000 ; part de filière 1,002 %. Réseau, itinéraires, confiance et capital ; manutention distincte de propriété du fret.";0.003093974956909279;0.0754690312585901;0.020039998514149074
Navigateur;Marin;0.03944120189185938;0.06549518746572465;7.888240378371876;A — activité attestée;MJ136;"Activités de la localité détaillées dans la notice régionale ; libellé technique remplacé par mécanisme du scénario. Professions des résidents ; lieu de travail et commanditaires peuvent être extérieurs au quartier. Visiteurs exclus du stock. activité/institution locale Budget civil 18,00 % ; coefficient 1,000000 ; part de filière 0,401 %. Réseau, itinéraires, confiance et capital ; manutention distincte de propriété du fret.";0.0012375899827637119;0.03018761250343604;0.008015999405659628
Pilote de port;Marin;0.03944120189185938;0.06549518746572465;7.888240378371876;D — activité déduite;MJ136;"Activités de la localité détaillées dans la notice régionale ; libellé technique remplacé par mécanisme du scénario. Professions des résidents ; lieu de travail et commanditaires peuvent être extérieurs au quartier. Visiteurs exclus du stock. activité/institution locale Budget civil 18,00 % ; coefficient 1,000000 ; part de filière 0,401 %. Réseau, itinéraires, confiance et capital ; manutention distincte de propriété du fret.";0.0012375899827637119;0.03018761250343604;0.008015999405659628
Capitaine de navire;Marin;0.03944120189185938;0.06549518746572465;7.888240378371876;A — activité attestée;MJ136;"Activités de la localité détaillées dans la notice régionale ; libellé technique remplacé par mécanisme du scénario. Professions des résidents ; lieu de travail et commanditaires peuvent être extérieurs au quartier. Visiteurs exclus du stock. activité/institution locale Budget civil 18,00 % ; coefficient 1,000000 ; part de filière 0,401 %. Réseau, itinéraires, confiance et capital ; manutention distincte de propriété du fret.";0.0012375899827637119;0.03018761250343604;0.008015999405659628
Pilote de véhicule volant;Marin;0;0;0.0;D — activité déduite;"SB142; SB174";"Activités de la localité détaillées dans la notice régionale ; libellé technique remplacé par mécanisme du scénario. Professions des résidents ; lieu de travail et commanditaires peuvent être extérieurs au quartier. Visiteurs exclus du stock. activité/institution locale Budget civil 18,00 % ; coefficient 0,000000 ; part de filière 0,000 %. Zéro proposé : Climat, matière ou culture hors filière régionale retenue ; aucun établissement exceptionnel proposé. Réseau, itinéraires, confiance et capital ; manutention distincte de propriété du fret.";0;0;0
Aubergiste;Hôte professionnel;0.6135257086743043;1.0188072213123618;122.70514173486086;D — activité déduite;"SB110; SB123";"Activités de la localité détaillées dans la notice régionale ; libellé technique remplacé par mécanisme du scénario. Professions des résidents ; lieu de travail et commanditaires peuvent être extérieurs au quartier. Visiteurs exclus du stock. activité/institution locale Budget civil 12,00 % ; coefficient 6,000000 ; part de filière 9,352 %. Apprentissage et qualification variable ; soins avancés et thérapie magique exigent formation.";0.001386655251403613;0.5073547619351456;0.10478429148775513
Tavernier;Hôte professionnel;0.6135257086743043;1.0188072213123618;122.70514173486086;A — activité attestée;"SB108; SB149";"Activités de la localité détaillées dans la notice régionale ; libellé technique remplacé par mécanisme du scénario. Professions des résidents ; lieu de travail et commanditaires peuvent être extérieurs au quartier. Visiteurs exclus du stock. activité/institution locale Budget civil 12,00 % ; coefficient 6,000000 ; part de filière 9,352 %. Apprentissage et qualification variable ; soins avancés et thérapie magique exigent formation.";0.001386655251403613;0.5073547619351456;0.10478429148775513
Barbier;Barbier;0.7669071358428804;1.2735090266404523;153.3814271685761;P — activité proposée;"MJ135; PG40";"Activités de la localité détaillées dans la notice régionale ; libellé technique remplacé par mécanisme du scénario. Professions des résidents ; lieu de travail et commanditaires peuvent être extérieurs au quartier. Visiteurs exclus du stock. activité/institution locale Budget civil 12,00 % ; coefficient 7,500000 ; part de filière 11,690 %. Apprentissage et qualification variable ; soins avancés et thérapie magique exigent formation.";0.0017333190642545156;0.6341934524189321;0.13098036435969382
Domestique;Employé domestique et aide familiale;2.0450856955810144;3.3960240710412064;409.0171391162029;A — activité attestée;"MJ135; PG40";"Activités de la localité détaillées dans la notice régionale ; libellé technique remplacé par mécanisme du scénario. Professions des résidents ; lieu de travail et commanditaires peuvent être extérieurs au quartier. Visiteurs exclus du stock. activité/institution locale Budget civil 12,00 % ; coefficient 20,000000 ; part de filière 31,174 %. Apprentissage et qualification variable ; soins avancés et thérapie magique exigent formation.";0.0046221841713453725;1.691182539783819;0.3492809716258501
Gardien d’enfants;Employé domestique et aide familiale;1.0225428477905072;1.6980120355206032;204.50856955810144;A — activité attestée;PG40;"Activités de la localité détaillées dans la notice régionale ; libellé technique remplacé par mécanisme du scénario. Professions des résidents ; lieu de travail et commanditaires peuvent être extérieurs au quartier. Visiteurs exclus du stock. activité/institution locale Budget civil 12,00 % ; coefficient 10,000000 ; part de filière 15,587 %. Apprentissage et qualification variable ; soins avancés et thérapie magique exigent formation.";0.0023110920856726862;0.8455912698919095;0.17464048581292504
Terrassier d’hygiène urbaine;Agent d’entretien;0.20450856955810146;0.33960240710412065;40.90171391162029;P — activité proposée;SB90;"Activités de la localité détaillées dans la notice régionale ; libellé technique remplacé par mécanisme du scénario. Professions des résidents ; lieu de travail et commanditaires peuvent être extérieurs au quartier. Visiteurs exclus du stock. activité/institution locale Budget civil 12,00 % ; coefficient 2,000000 ; part de filière 3,117 %. Apprentissage et qualification variable ; soins avancés et thérapie magique exigent formation.";0.00023137067386154635;0.16930958583537847;0.03496761304886142
Ramoneur;Agent d’entretien;0.20450856955810148;0.3396024071041207;40.9017139116203;P — activité proposée;SB90;"Activités de la localité détaillées dans la notice régionale ; libellé technique remplacé par mécanisme du scénario. Professions des résidents ; lieu de travail et commanditaires peuvent être extérieurs au quartier. Visiteurs exclus du stock. activité/institution locale Budget civil 12,00 % ; coefficient 2,000000 ; part de filière 3,117 %. Apprentissage et qualification variable ; soins avancés et thérapie magique exigent formation.";0.00046221841713453733;0.16911825397838193;0.034928097162585006
Fossoyeur;Agent funéraire;0.061352570867430435;0.1018807221312362;12.270514173486088;A — activité attestée;"MJ135; SB99; SB182";"Activités de la localité détaillées dans la notice régionale ; libellé technique remplacé par mécanisme du scénario. Professions des résidents ; lieu de travail et commanditaires peuvent être extérieurs au quartier. Visiteurs exclus du stock. activité/institution locale Budget civil 12,00 % ; coefficient 0,600000 ; part de filière 0,935 %. Apprentissage et qualification variable ; soins avancés et thérapie magique exigent formation.";0.00013866552514036124;0.05073547619351457;0.010478429148775505
Gardien de cimetière;Agent funéraire;0.061352570867430435;0.1018807221312362;12.270514173486088;A — activité attestée;"MJ135; SB99; SB182";"Activités de la localité détaillées dans la notice régionale ; libellé technique remplacé par mécanisme du scénario. Professions des résidents ; lieu de travail et commanditaires peuvent être extérieurs au quartier. Visiteurs exclus du stock. activité/institution locale Budget civil 12,00 % ; coefficient 0,600000 ; part de filière 0,935 %. Apprentissage et qualification variable ; soins avancés et thérapie magique exigent formation.";0.00013866552514036124;0.05073547619351457;0.010478429148775505
Momificateur;Agent funéraire;0;0;0.0;A — activité attestée;SB182;"Activités de la localité détaillées dans la notice régionale ; libellé technique remplacé par mécanisme du scénario. Professions des résidents ; lieu de travail et commanditaires peuvent être extérieurs au quartier. Visiteurs exclus du stock. activité/institution locale Budget civil 12,00 % ; coefficient 0,000000 ; part de filière 0,000 %. Zéro proposé : Filière régionale non retenue dans ce scénario, sans interdiction universelle. Apprentissage et qualification variable ; soins avancés et thérapie magique exigent formation.";0;0;0
Gardien d’arbres funéraires;Agent funéraire;0;0;0.0;D — activité déduite;SB155;"Activités de la localité détaillées dans la notice régionale ; libellé technique remplacé par mécanisme du scénario. Professions des résidents ; lieu de travail et commanditaires peuvent être extérieurs au quartier. Visiteurs exclus du stock. activité/institution locale Budget civil 12,00 % ; coefficient 0,000000 ; part de filière 0,000 %. Zéro proposé : Filière régionale non retenue dans ce scénario, sans interdiction universelle. Apprentissage et qualification variable ; soins avancés et thérapie magique exigent formation.";0;0;0
Marchand;Marchand;0.887427042566836;1.4736417179788044;177.48540851336722;A — activité attestée;"MJ128; SB139";"Activités de la localité détaillées dans la notice régionale ; libellé technique remplacé par mécanisme du scénario. Professions des résidents ; lieu de travail et commanditaires peuvent être extérieurs au quartier. Visiteurs exclus du stock. activité/institution locale Budget civil 18,00 % ; coefficient 22,500000 ; part de filière 9,018 %. Réseau, itinéraires, confiance et capital ; manutention distincte de propriété du fret.";0.027845774612183516;0.6792212813273109;0.18035998662734162
Colporteur;Marchand;0.3549708170267345;0.5894566871915219;70.9941634053469;A — activité attestée;SB121;"Activités de la localité détaillées dans la notice régionale ; libellé technique remplacé par mécanisme du scénario. Professions des résidents ; lieu de travail et commanditaires peuvent être extérieurs au quartier. Visiteurs exclus du stock. activité/institution locale Budget civil 18,00 % ; coefficient 9,000000 ; part de filière 3,607 %. Réseau, itinéraires, confiance et capital ; manutention distincte de propriété du fret.";0.011138309844873406;0.2716885125309244;0.07214399465093665
Courtier;Marchand;0.3549708170267345;0.5894566871915219;70.9941634053469;A — activité attestée;SB149;"Activités de la localité détaillées dans la notice régionale ; libellé technique remplacé par mécanisme du scénario. Professions des résidents ; lieu de travail et commanditaires peuvent être extérieurs au quartier. Visiteurs exclus du stock. activité/institution locale Budget civil 18,00 % ; coefficient 9,000000 ; part de filière 3,607 %. Réseau, itinéraires, confiance et capital ; manutention distincte de propriété du fret.";0.011138309844873406;0.2716885125309244;0.07214399465093665
Commissaire-priseur d’objets magiques;Marchand;0;0;0.0;A — activité attestée;SB139;"Activités de la localité détaillées dans la notice régionale ; libellé technique remplacé par mécanisme du scénario. Professions des résidents ; lieu de travail et commanditaires peuvent être extérieurs au quartier. Visiteurs exclus du stock. activité/institution locale Budget civil 18,00 % ; coefficient 0,000000 ; part de filière 0,000 %. Zéro proposé : Filière régionale non retenue dans ce scénario, sans interdiction universelle. Réseau, itinéraires, confiance et capital ; manutention distincte de propriété du fret.";0;0;0
Comptable;Professionnel de finance;0.029580901418894537;0.049121390599293484;5.916180283778907;D — activité déduite;"SB212; SB213";"Activités de la localité détaillées dans la notice régionale ; libellé technique remplacé par mécanisme du scénario. Professions des résidents ; lieu de travail et commanditaires peuvent être extérieurs au quartier. Visiteurs exclus du stock. activité/institution locale Budget civil 18,00 % ; coefficient 0,750000 ; part de filière 0,301 %. Réseau, itinéraires, confiance et capital ; manutention distincte de propriété du fret.";0.0009281924870727837;0.02264070937757703;0.006011999554244723
Banquier et employé de banque;Professionnel de finance;0.0023664721135115627;0.003929711247943478;0.47329442270231253;A — activité attestée;"SB212; SB213";"Activités de la localité détaillées dans la notice régionale ; libellé technique remplacé par mécanisme du scénario. Professions des résidents ; lieu de travail et commanditaires peuvent être extérieurs au quartier. Visiteurs exclus du stock. activité/institution locale Budget civil 18,00 % ; coefficient 0,060000 ; part de filière 0,024 %. Réseau, itinéraires, confiance et capital ; manutention distincte de propriété du fret.";7.425539896582267e-05;0.0018112567502061622;0.00048095996433957774
Usurier et prêteur sur gages;Professionnel de finance;0.029580901418894537;0.049121390599293484;5.916180283778907;D — activité déduite;"SB212; SB213";"Activités de la localité détaillées dans la notice régionale ; libellé technique remplacé par mécanisme du scénario. Professions des résidents ; lieu de travail et commanditaires peuvent être extérieurs au quartier. Visiteurs exclus du stock. activité/institution locale Budget civil 18,00 % ; coefficient 0,750000 ; part de filière 0,301 %. Réseau, itinéraires, confiance et capital ; manutention distincte de propriété du fret.";0.0009281924870727837;0.02264070937757703;0.006011999554244723
Changeur;Professionnel de finance;0.029580901418894537;0.049121390599293484;5.916180283778907;D — activité déduite;"SB212; SB213";"Activités de la localité détaillées dans la notice régionale ; libellé technique remplacé par mécanisme du scénario. Professions des résidents ; lieu de travail et commanditaires peuvent être extérieurs au quartier. Visiteurs exclus du stock. activité/institution locale Budget civil 18,00 % ; coefficient 0,750000 ; part de filière 0,301 %. Réseau, itinéraires, confiance et capital ; manutention distincte de propriété du fret.";0.0009281924870727837;0.02264070937757703;0.006011999554244723
Assureur;Professionnel de finance;0.0023664721135115627;0.003929711247943478;0.47329442270231253;D — activité déduite;"SB212; SB213";"Activités de la localité détaillées dans la notice régionale ; libellé technique remplacé par mécanisme du scénario. Professions des résidents ; lieu de travail et commanditaires peuvent être extérieurs au quartier. Visiteurs exclus du stock. activité/institution locale Budget civil 18,00 % ; coefficient 0,060000 ; part de filière 0,024 %. Réseau, itinéraires, confiance et capital ; manutention distincte de propriété du fret.";7.425539896582267e-05;0.0018112567502061622;0.00048095996433957774
Estimateur;Professionnel de finance;0.0023664721135115627;0.003929711247943478;0.47329442270231253;A — activité attestée;"SB212; SB213";"Activités de la localité détaillées dans la notice régionale ; libellé technique remplacé par mécanisme du scénario. Professions des résidents ; lieu de travail et commanditaires peuvent être extérieurs au quartier. Visiteurs exclus du stock. activité/institution locale Budget civil 18,00 % ; coefficient 0,060000 ; part de filière 0,024 %. Réseau, itinéraires, confiance et capital ; manutention distincte de propriété du fret.";7.425539896582267e-05;0.0018112567502061622;0.00048095996433957774
Négociateur;Professionnel de finance;0.0023664721135115627;0.003929711247943478;0.47329442270231253;A — activité attestée;"SB212; SB213";"Activités de la localité détaillées dans la notice régionale ; libellé technique remplacé par mécanisme du scénario. Professions des résidents ; lieu de travail et commanditaires peuvent être extérieurs au quartier. Visiteurs exclus du stock. activité/institution locale Budget civil 18,00 % ; coefficient 0,060000 ; part de filière 0,024 %. Réseau, itinéraires, confiance et capital ; manutention distincte de propriété du fret.";7.425539896582267e-05;0.0018112567502061622;0.00048095996433957774
Scribe;Scribe et auteur;0.12755795966666664;0.21181992638104724;25.511591933333328;A — activité attestée;"MJ128; SB32";"Activités de la localité détaillées dans la notice régionale ; libellé technique remplacé par mécanisme du scénario. Professions des résidents ; lieu de travail et commanditaires peuvent être extérieurs au quartier. Visiteurs exclus du stock. activité/institution locale Budget civil 7,00 % ; coefficient 2,000000 ; part de filière 3,333 %. Instruction, autorisation ou initiation ; clergé, caste et office ne rendent pas noble.";0.004851615155066836;0.11834184209368975;0.004364502417910047
Calligraphe;Scribe et auteur;0.12755795966666664;0.21181992638104724;25.511591933333328;A — activité attestée;"MJ128; SB32";"Activités de la localité détaillées dans la notice régionale ; libellé technique remplacé par mécanisme du scénario. Professions des résidents ; lieu de travail et commanditaires peuvent être extérieurs au quartier. Visiteurs exclus du stock. activité/institution locale Budget civil 7,00 % ; coefficient 2,000000 ; part de filière 3,333 %. Instruction, autorisation ou initiation ; clergé, caste et office ne rendent pas noble.";0.004851615155066836;0.11834184209368975;0.004364502417910047
Écrivain;Scribe et auteur;0.04166586410578864;0.06918941233110036;8.333172821157728;A — activité attestée;"MJ128; SB32";"Activités de la localité détaillées dans la notice régionale ; libellé technique remplacé par mécanisme du scénario. Professions des résidents ; lieu de travail et commanditaires peuvent être extérieurs au quartier. Visiteurs exclus du stock. activité/institution locale Budget civil 1,00 % ; coefficient 2,000000 ; part de filière 7,622 %. Long apprentissage, frais, bourses, talent, licence ou secret ; titre ne donne pas maîtrise.";0.002621411569236966;0.03836528629010009;0.0006791662464515847
Journaliste et rédacteur;Scribe et auteur;0.04166586410578864;0.06918941233110036;8.333172821157728;A — activité attestée;CC9;"Activités de la localité détaillées dans la notice régionale ; libellé technique remplacé par mécanisme du scénario. Professions des résidents ; lieu de travail et commanditaires peuvent être extérieurs au quartier. Visiteurs exclus du stock. activité/institution locale Budget civil 1,00 % ; coefficient 2,000000 ; part de filière 7,622 %. Long apprentissage, frais, bourses, talent, licence ou secret ; titre ne donne pas maîtrise.";0.002621411569236966;0.03836528629010009;0.0006791662464515847
Traducteur;Scribe et auteur;0.12755795966666664;0.21181992638104724;25.511591933333328;D — activité déduite;SB198;"Activités de la localité détaillées dans la notice régionale ; libellé technique remplacé par mécanisme du scénario. Professions des résidents ; lieu de travail et commanditaires peuvent être extérieurs au quartier. Visiteurs exclus du stock. activité/institution locale Budget civil 7,00 % ; coefficient 2,000000 ; part de filière 3,333 %. Instruction, autorisation ou initiation ; clergé, caste et office ne rendent pas noble.";0.004851615155066836;0.11834184209368975;0.004364502417910047
Bibliothécaire;Érudit;0.04145633689166666;0.06884147607384035;8.291267378333332;A — activité attestée;MJ138;"Activités de la localité détaillées dans la notice régionale ; libellé technique remplacé par mécanisme du scénario. Professions des résidents ; lieu de travail et commanditaires peuvent être extérieurs au quartier. Visiteurs exclus du stock. activité/institution locale Budget civil 7,00 % ; coefficient 0,650000 ; part de filière 1,083 %. Instruction, autorisation ou initiation ; clergé, caste et office ne rendent pas noble.";0.0015767749253967217;0.038461098680449175;0.0014184632858207655
Conservateur de musée;Érudit;0.04145633689166666;0.06884147607384035;8.291267378333332;A — activité attestée;PG48;"Activités de la localité détaillées dans la notice régionale ; libellé technique remplacé par mécanisme du scénario. Professions des résidents ; lieu de travail et commanditaires peuvent être extérieurs au quartier. Visiteurs exclus du stock. activité/institution locale Budget civil 7,00 % ; coefficient 0,650000 ; part de filière 1,083 %. Instruction, autorisation ou initiation ; clergé, caste et office ne rendent pas noble.";0.0015767749253967217;0.038461098680449175;0.0014184632858207655
Historien;Érudit;0.01354140583438131;0.022486559007607623;2.708281166876262;A — activité attestée;PG46;"Activités de la localité détaillées dans la notice régionale ; libellé technique remplacé par mécanisme du scénario. Professions des résidents ; lieu de travail et commanditaires peuvent être extérieurs au quartier. Visiteurs exclus du stock. activité/institution locale Budget civil 1,00 % ; coefficient 0,650000 ; part de filière 2,477 %. Long apprentissage, frais, bourses, talent, licence ou secret ; titre ne donne pas maîtrise.";0.0008519587600020141;0.012468718044282531;0.00022072903009676516
Astronome;Érudit;0.01354140583438131;0.022486559007607623;2.708281166876262;A — activité attestée;MJ138;"Activités de la localité détaillées dans la notice régionale ; libellé technique remplacé par mécanisme du scénario. Professions des résidents ; lieu de travail et commanditaires peuvent être extérieurs au quartier. Visiteurs exclus du stock. activité/institution locale Budget civil 1,00 % ; coefficient 0,650000 ; part de filière 2,477 %. Long apprentissage, frais, bourses, talent, licence ou secret ; titre ne donne pas maîtrise.";0.0008519587600020141;0.012468718044282531;0.00022072903009676516
Chercheur non arcanique;Érudit;0.01354140583438131;0.022486559007607623;2.708281166876262;A — activité attestée;"MJ138; PG46";"Activités de la localité détaillées dans la notice régionale ; libellé technique remplacé par mécanisme du scénario. Professions des résidents ; lieu de travail et commanditaires peuvent être extérieurs au quartier. Visiteurs exclus du stock. activité/institution locale Budget civil 1,00 % ; coefficient 0,650000 ; part de filière 2,477 %. Long apprentissage, frais, bourses, talent, licence ou secret ; titre ne donne pas maîtrise.";0.0008519587600020141;0.012468718044282531;0.00022072903009676516
Mathématicien;Érudit;0.009478984084066916;0.015740591305325333;1.8957968168133832;A — activité attestée;SB174;"Activités de la localité détaillées dans la notice régionale ; libellé technique remplacé par mécanisme du scénario. Professions des résidents ; lieu de travail et commanditaires peuvent être extérieurs au quartier. Visiteurs exclus du stock. activité/institution locale Budget civil 1,00 % ; coefficient 0,455000 ; part de filière 1,734 %. Long apprentissage, frais, bourses, talent, licence ou secret ; titre ne donne pas maîtrise.";0.0005963711320014095;0.008728102630997771;0.00015451032106773553
Philosophe;Érudit;0.009478984084066916;0.015740591305325333;1.8957968168133832;A — activité attestée;SB178;"Activités de la localité détaillées dans la notice régionale ; libellé technique remplacé par mécanisme du scénario. Professions des résidents ; lieu de travail et commanditaires peuvent être extérieurs au quartier. Visiteurs exclus du stock. activité/institution locale Budget civil 1,00 % ; coefficient 0,455000 ; part de filière 1,734 %. Long apprentissage, frais, bourses, talent, licence ou secret ; titre ne donne pas maîtrise.";0.0005963711320014095;0.008728102630997771;0.00015451032106773553
Archéologue;Érudit;0.01354140583438131;0.022486559007607623;2.708281166876262;D — activité déduite;PG48;"Activités de la localité détaillées dans la notice régionale ; libellé technique remplacé par mécanisme du scénario. Professions des résidents ; lieu de travail et commanditaires peuvent être extérieurs au quartier. Visiteurs exclus du stock. activité/institution locale Budget civil 1,00 % ; coefficient 0,650000 ; part de filière 2,477 %. Long apprentissage, frais, bourses, talent, licence ou secret ; titre ne donne pas maîtrise.";0.0008519587600020141;0.012468718044282531;0.00022072903009676516
Professeur;Enseignant;0.10842426571666665;0.18004693742389014;21.68485314333333;A — activité attestée;"MJ138; SB141";"Activités de la localité détaillées dans la notice régionale ; libellé technique remplacé par mécanisme du scénario. Professions des résidents ; lieu de travail et commanditaires peuvent être extérieurs au quartier. Visiteurs exclus du stock. activité/institution locale Budget civil 7,00 % ; coefficient 1,700000 ; part de filière 2,833 %. Instruction, autorisation ou initiation ; clergé, caste et office ne rendent pas noble.";0.00412387288180681;0.10059056577963629;0.0037098270552235403
Enseignant de magie arcanique;Enseignant;0.0010624795346976105;0.0017643300144430597;0.2124959069395221;A — activité attestée;SB141;"Activités de la localité détaillées dans la notice régionale ; libellé technique remplacé par mécanisme du scénario. Professions des résidents ; lieu de travail et commanditaires peuvent être extérieurs au quartier. Visiteurs exclus du stock. activité/institution locale Budget civil 1,00 % ; coefficient 0,051000 ; part de filière 0,194 %. Long apprentissage, frais, bourses, talent, licence ou secret ; titre ne donne pas maîtrise.";6.684599501554262e-05;0.0009783148003975524;1.7318739284515417e-05
Instructeur martial;Enseignant;0;0;0.0;A — activité attestée;SB94;"Activités de la localité détaillées dans la notice régionale ; libellé technique remplacé par mécanisme du scénario. Professions des résidents ; lieu de travail et commanditaires peuvent être extérieurs au quartier. Visiteurs exclus du stock. activité/institution locale Budget civil 7,00 % ; coefficient 0,000000 ; part de filière 0,000 %. Zéro proposé : Technique de site, institution, secret ou habilitation concentrée dans les implantations autorisées du scénario. Instruction, autorisation ou initiation ; clergé, caste et office ne rendent pas noble.";0;0;0
Formateur de tir à l’arc;Enseignant;0;0;0.0;A — activité attestée;SB155;"Activités de la localité détaillées dans la notice régionale ; libellé technique remplacé par mécanisme du scénario. Professions des résidents ; lieu de travail et commanditaires peuvent être extérieurs au quartier. Visiteurs exclus du stock. activité/institution locale Budget civil 7,00 % ; coefficient 0,000000 ; part de filière 0,000 %. Zéro proposé : Technique de site, institution, secret ou habilitation concentrée dans les implantations autorisées du scénario. Instruction, autorisation ou initiation ; clergé, caste et office ne rendent pas noble.";0;0;0
Ingénieur;Ingénieur;0.05208233013223581;0.08648676541387547;10.416466026447162;A — activité attestée;SB174;"Activités de la localité détaillées dans la notice régionale ; libellé technique remplacé par mécanisme du scénario. Professions des résidents ; lieu de travail et commanditaires peuvent être extérieurs au quartier. Visiteurs exclus du stock. activité/institution locale Budget civil 1,00 % ; coefficient 2,500000 ; part de filière 9,527 %. Long apprentissage, frais, bourses, talent, licence ou secret ; titre ne donne pas maîtrise.";0.003276764461546208;0.04795660786262512;0.0008489578080644812
Inventeur;Ingénieur;0.012499759231736594;0.020756823699330115;2.4999518463473187;A — activité attestée;SB178;"Activités de la localité détaillées dans la notice régionale ; libellé technique remplacé par mécanisme du scénario. Professions des résidents ; lieu de travail et commanditaires peuvent être extérieurs au quartier. Visiteurs exclus du stock. activité/institution locale Budget civil 1,00 % ; coefficient 0,600000 ; part de filière 2,286 %. Long apprentissage, frais, bourses, talent, licence ou secret ; titre ne donne pas maîtrise.";0.0007864234707710896;0.011509585887030029;0.0002037498739354755
Ingénieur mystique;Ingénieur;0.02083293205289432;0.03459470616555018;4.166586410578864;A — activité attestée;SB174;"Activités de la localité détaillées dans la notice régionale ; libellé technique remplacé par mécanisme du scénario. Professions des résidents ; lieu de travail et commanditaires peuvent être extérieurs au quartier. Visiteurs exclus du stock. activité/institution locale Budget civil 1,00 % ; coefficient 1,000000 ; part de filière 3,811 %. Long apprentissage, frais, bourses, talent, licence ou secret ; titre ne donne pas maîtrise.";0.001310705784618483;0.019182643145050044;0.0003395831232257923
Créateur et mainteneur de golems;Ingénieur;0.02083293205289432;0.03459470616555018;4.166586410578864;D — activité déduite;SB174;"Activités de la localité détaillées dans la notice régionale ; libellé technique remplacé par mécanisme du scénario. Professions des résidents ; lieu de travail et commanditaires peuvent être extérieurs au quartier. Visiteurs exclus du stock. activité/institution locale Budget civil 1,00 % ; coefficient 1,000000 ; part de filière 3,811 %. Long apprentissage, frais, bourses, talent, licence ou secret ; titre ne donne pas maîtrise.";0.001310705784618483;0.019182643145050044;0.0003395831232257923
Chercheur en golems;Ingénieur;0.016666345642315464;0.02767576493244016;3.3332691284630926;A — activité attestée;SB178;"Activités de la localité détaillées dans la notice régionale ; libellé technique remplacé par mécanisme du scénario. Professions des résidents ; lieu de travail et commanditaires peuvent être extérieurs au quartier. Visiteurs exclus du stock. activité/institution locale Budget civil 1,00 % ; coefficient 0,800000 ; part de filière 3,049 %. Long apprentissage, frais, bourses, talent, licence ou secret ; titre ne donne pas maîtrise.";0.001048564627694787;0.015346114516040042;0.0002716664985806341
Ingénieur de réacteurs de bauronite;Ingénieur;0;0;0.0;D — activité déduite;SB174;"Activités de la localité détaillées dans la notice régionale ; libellé technique remplacé par mécanisme du scénario. Professions des résidents ; lieu de travail et commanditaires peuvent être extérieurs au quartier. Visiteurs exclus du stock. activité/institution locale Accès aux secrets des réacteurs; savoir détenu par un petit nombre Budget civil 1,00 % ; coefficient 0,000000 ; part de filière 0,000 %. Zéro proposé : Filière régionale non retenue dans ce scénario, sans interdiction universelle. Long apprentissage, frais, bourses, talent, licence ou secret ; titre ne donne pas maîtrise.";0;0;0
Technicien de communication runique;Ingénieur;0;0;0.0;D — activité déduite;SB174;"Activités de la localité détaillées dans la notice régionale ; libellé technique remplacé par mécanisme du scénario. Professions des résidents ; lieu de travail et commanditaires peuvent être extérieurs au quartier. Visiteurs exclus du stock. activité/institution locale Budget civil 1,00 % ; coefficient 0,000000 ; part de filière 0,000 %. Zéro proposé : Filière régionale non retenue dans ce scénario, sans interdiction universelle. Long apprentissage, frais, bourses, talent, licence ou secret ; titre ne donne pas maîtrise.";0;0;0
Chercheur en magie;Praticien des services arcaniques;0.0006249879615868296;0.0010378411849665055;0.12499759231736592;A — activité attestée;"SB138; SB139";"Activités de la localité détaillées dans la notice régionale ; libellé technique remplacé par mécanisme du scénario. Professions des résidents ; lieu de travail et commanditaires peuvent être extérieurs au quartier. Visiteurs exclus du stock. activité/institution locale Budget civil 1,00 % ; coefficient 0,030000 ; part de filière 0,114 %. Long apprentissage, frais, bourses, talent, licence ou secret ; titre ne donne pas maîtrise.";3.932117353855448e-05;0.0005754792943515013;1.0187493696773773e-05
Fabricant d’objets magiques;Praticien des services arcaniques;0.02083293205289432;0.03459470616555018;4.166586410578864;A — activité attestée;SB138;"Activités de la localité détaillées dans la notice régionale ; libellé technique remplacé par mécanisme du scénario. Professions des résidents ; lieu de travail et commanditaires peuvent être extérieurs au quartier. Visiteurs exclus du stock. activité/institution locale Budget civil 1,00 % ; coefficient 1,000000 ; part de filière 3,811 %. Long apprentissage, frais, bourses, talent, licence ou secret ; titre ne donne pas maîtrise.";0.001310705784618483;0.019182643145050044;0.0003395831232257923
Fabricant de parchemins magiques;Praticien des services arcaniques;0.02083293205289432;0.03459470616555018;4.166586410578864;A — activité attestée;SB138;"Activités de la localité détaillées dans la notice régionale ; libellé technique remplacé par mécanisme du scénario. Professions des résidents ; lieu de travail et commanditaires peuvent être extérieurs au quartier. Visiteurs exclus du stock. activité/institution locale Budget civil 1,00 % ; coefficient 1,000000 ; part de filière 3,811 %. Long apprentissage, frais, bourses, talent, licence ou secret ; titre ne donne pas maîtrise.";0.001310705784618483;0.019182643145050044;0.0003395831232257923
Nécromancien de service;Praticien des services arcaniques;0.02083293205289432;0.03459470616555018;4.166586410578864;D — activité déduite;"SB108; SB170";"Activités de la localité détaillées dans la notice régionale ; libellé technique remplacé par mécanisme du scénario. Professions des résidents ; lieu de travail et commanditaires peuvent être extérieurs au quartier. Visiteurs exclus du stock. activité/institution locale Budget civil 1,00 % ; coefficient 1,000000 ; part de filière 3,811 %. Long apprentissage, frais, bourses, talent, licence ou secret ; titre ne donne pas maîtrise.";0.001310705784618483;0.019182643145050044;0.0003395831232257923
Illusionniste de service;Praticien des services arcaniques;0.02083293205289432;0.03459470616555018;4.166586410578864;D — activité déduite;"SB107; SB142";"Activités de la localité détaillées dans la notice régionale ; libellé technique remplacé par mécanisme du scénario. Professions des résidents ; lieu de travail et commanditaires peuvent être extérieurs au quartier. Visiteurs exclus du stock. activité/institution locale Budget civil 1,00 % ; coefficient 1,000000 ; part de filière 3,811 %. Long apprentissage, frais, bourses, talent, licence ou secret ; titre ne donne pas maîtrise.";0.001310705784618483;0.019182643145050044;0.0003395831232257923
Chercheur en aethermancy;Praticien des services arcaniques;0;0;0.0;A — activité attestée;SB140;"Activités de la localité détaillées dans la notice régionale ; libellé technique remplacé par mécanisme du scénario. Professions des résidents ; lieu de travail et commanditaires peuvent être extérieurs au quartier. Visiteurs exclus du stock. activité/institution locale Budget civil 1,00 % ; coefficient 0,000000 ; part de filière 0,000 %. Zéro proposé : Filière régionale non retenue dans ce scénario, sans interdiction universelle. Long apprentissage, frais, bourses, talent, licence ou secret ; titre ne donne pas maîtrise.";0;0;0
Chercheur en biomancy;Praticien des services arcaniques;0;0;0.0;A — activité attestée;SB140;"Activités de la localité détaillées dans la notice régionale ; libellé technique remplacé par mécanisme du scénario. Professions des résidents ; lieu de travail et commanditaires peuvent être extérieurs au quartier. Visiteurs exclus du stock. activité/institution locale Budget civil 1,00 % ; coefficient 0,000000 ; part de filière 0,000 %. Zéro proposé : Filière régionale non retenue dans ce scénario, sans interdiction universelle. Long apprentissage, frais, bourses, talent, licence ou secret ; titre ne donne pas maîtrise.";0;0;0
Désenchanteur et récupérateur arcanique;Praticien des services arcaniques;0;0;0.0;A — activité attestée;SB139;"Activités de la localité détaillées dans la notice régionale ; libellé technique remplacé par mécanisme du scénario. Professions des résidents ; lieu de travail et commanditaires peuvent être extérieurs au quartier. Visiteurs exclus du stock. activité/institution locale Budget civil 1,00 % ; coefficient 0,000000 ; part de filière 0,000 %. Zéro proposé : Filière régionale non retenue dans ce scénario, sans interdiction universelle. Long apprentissage, frais, bourses, talent, licence ou secret ; titre ne donne pas maîtrise.";0;0;0
Extracteur de mémoire;Praticien des services arcaniques;0;0;0.0;A — activité attestée;SB140;"Activités de la localité détaillées dans la notice régionale ; libellé technique remplacé par mécanisme du scénario. Professions des résidents ; lieu de travail et commanditaires peuvent être extérieurs au quartier. Visiteurs exclus du stock. activité/institution locale Budget civil 1,00 % ; coefficient 0,000000 ; part de filière 0,000 %. Zéro proposé : Filière régionale non retenue dans ce scénario, sans interdiction universelle. Long apprentissage, frais, bourses, talent, licence ou secret ; titre ne donne pas maîtrise.";0;0;0
Certificateur et inspecteur arcanique;Praticien des services arcaniques;0;0;0.0;A — activité attestée;SB139;"Activités de la localité détaillées dans la notice régionale ; libellé technique remplacé par mécanisme du scénario. Professions des résidents ; lieu de travail et commanditaires peuvent être extérieurs au quartier. Visiteurs exclus du stock. activité/institution locale Budget civil 1,00 % ; coefficient 0,000000 ; part de filière 0,000 %. Zéro proposé : Filière régionale non retenue dans ce scénario, sans interdiction universelle. Long apprentissage, frais, bourses, talent, licence ou secret ; titre ne donne pas maîtrise.";0;0;0
Opérateur de transport magique;Praticien des services arcaniques;0.02083293205289432;0.03459470616555018;4.166586410578864;D — activité déduite;SB142;"Activités de la localité détaillées dans la notice régionale ; libellé technique remplacé par mécanisme du scénario. Professions des résidents ; lieu de travail et commanditaires peuvent être extérieurs au quartier. Visiteurs exclus du stock. activité/institution locale Budget civil 1,00 % ; coefficient 1,000000 ; part de filière 3,811 %. Long apprentissage, frais, bourses, talent, licence ou secret ; titre ne donne pas maîtrise.";0.001310705784618483;0.019182643145050044;0.0003395831232257923
Restaurateur de runes de tunnels;Praticien des services arcaniques;0;0;0.0;A — activité attestée;SB161;"Activités de la localité détaillées dans la notice régionale ; libellé technique remplacé par mécanisme du scénario. Professions des résidents ; lieu de travail et commanditaires peuvent être extérieurs au quartier. Visiteurs exclus du stock. activité/institution locale Budget civil 1,00 % ; coefficient 0,000000 ; part de filière 0,000 %. Zéro proposé : Filière régionale non retenue dans ce scénario, sans interdiction universelle. Long apprentissage, frais, bourses, talent, licence ou secret ; titre ne donne pas maîtrise.";0;0;0
Artificier psychique;Praticien des services arcaniques;0;0;0.0;A — activité attestée;PG8;"Activités de la localité détaillées dans la notice régionale ; libellé technique remplacé par mécanisme du scénario. Professions des résidents ; lieu de travail et commanditaires peuvent être extérieurs au quartier. Visiteurs exclus du stock. activité/institution locale Budget civil 1,00 % ; coefficient 0,000000 ; part de filière 0,000 %. Zéro proposé : Filière régionale non retenue dans ce scénario, sans interdiction universelle. Long apprentissage, frais, bourses, talent, licence ou secret ; titre ne donne pas maîtrise.";0;0;0
Guérisseur;Soigneur;0.17383228412438625;0.2886620460385026;34.76645682487725;A — activité attestée;"MJ141; PG36";"Activités de la localité détaillées dans la notice régionale ; libellé technique remplacé par mécanisme du scénario. Professions des résidents ; lieu de travail et commanditaires peuvent être extérieurs au quartier. Visiteurs exclus du stock. activité/institution locale Budget civil 12,00 % ; coefficient 1,700000 ; part de filière 2,650 %. Apprentissage et qualification variable ; soins avancés et thérapie magique exigent formation.";0.00039288565456435686;0.14375051588162463;0.029688882588197272
Chirurgien;Soigneur;0.026074842618657935;0.04329930690577538;5.214968523731588;P — activité proposée;"MJ141; PG36";"Activités de la localité détaillées dans la notice régionale ; libellé technique remplacé par mécanisme du scénario. Professions des résidents ; lieu de travail et commanditaires peuvent être extérieurs au quartier. Visiteurs exclus du stock. activité/institution locale Budget civil 12,00 % ; coefficient 0,255000 ; part de filière 0,397 %. Apprentissage et qualification variable ; soins avancés et thérapie magique exigent formation.";5.893284818465353e-05;0.02156257738224369;0.004453332388229591
Praticien de psychosurgery;Soigneur;0;0;0.0;D — activité déduite;SB94;"Activités de la localité détaillées dans la notice régionale ; libellé technique remplacé par mécanisme du scénario. Professions des résidents ; lieu de travail et commanditaires peuvent être extérieurs au quartier. Visiteurs exclus du stock. activité/institution locale Budget civil 12,00 % ; coefficient 0,000000 ; part de filière 0,000 %. Zéro proposé : Filière régionale non retenue dans ce scénario, sans interdiction universelle. Apprentissage et qualification variable ; soins avancés et thérapie magique exigent formation.";0;0;0
Opérateur de thérapie onirique;Soigneur;0;0;0.0;D — activité déduite;"SB141; SB228";"Activités de la localité détaillées dans la notice régionale ; libellé technique remplacé par mécanisme du scénario. Professions des résidents ; lieu de travail et commanditaires peuvent être extérieurs au quartier. Visiteurs exclus du stock. activité/institution locale Budget civil 12,00 % ; coefficient 0,000000 ; part de filière 0,000 %. Zéro proposé : Technique de site, institution, secret ou habilitation concentrée dans les implantations autorisées du scénario. Apprentissage et qualification variable ; soins avancés et thérapie magique exigent formation.";0;0;0
Prêtre et officiant;Officiant religieux;0.2551159193333333;0.4236398527620945;51.023183866666656;A — activité attestée;"MJ127; SB182";"Activités de la localité détaillées dans la notice régionale ; libellé technique remplacé par mécanisme du scénario. Professions des résidents ; lieu de travail et commanditaires peuvent être extérieurs au quartier. Visiteurs exclus du stock. activité/institution locale Budget civil 7,00 % ; coefficient 4,000000 ; part de filière 6,667 %. Instruction, autorisation ou initiation ; clergé, caste et office ne rendent pas noble.";0.009703230310133672;0.2366836841873795;0.008729004835820094
Acolyte;Officiant religieux;0.2551159193333333;0.4236398527620945;51.023183866666656;A — activité attestée;"MJ127; SB182";"Activités de la localité détaillées dans la notice régionale ; libellé technique remplacé par mécanisme du scénario. Professions des résidents ; lieu de travail et commanditaires peuvent être extérieurs au quartier. Visiteurs exclus du stock. activité/institution locale Budget civil 7,00 % ; coefficient 4,000000 ; part de filière 6,667 %. Instruction, autorisation ou initiation ; clergé, caste et office ne rendent pas noble.";0.009703230310133672;0.2366836841873795;0.008729004835820094
Shaman;Officiant religieux;0.2551159193333333;0.4236398527620945;51.023183866666656;A — activité attestée;"SB129; SB191";"Activités de la localité détaillées dans la notice régionale ; libellé technique remplacé par mécanisme du scénario. Professions des résidents ; lieu de travail et commanditaires peuvent être extérieurs au quartier. Visiteurs exclus du stock. activité/institution locale Budget civil 7,00 % ; coefficient 4,000000 ; part de filière 6,667 %. Instruction, autorisation ou initiation ; clergé, caste et office ne rendent pas noble.";0.009703230310133672;0.2366836841873795;0.008729004835820094
Sugenja;Officiant religieux;0;0;0.0;A — activité attestée;SB198;"Activités de la localité détaillées dans la notice régionale ; libellé technique remplacé par mécanisme du scénario. Professions des résidents ; lieu de travail et commanditaires peuvent être extérieurs au quartier. Visiteurs exclus du stock. activité/institution locale Budget civil 7,00 % ; coefficient 0,000000 ; part de filière 0,000 %. Zéro proposé : Filière régionale non retenue dans ce scénario, sans interdiction universelle. Instruction, autorisation ou initiation ; clergé, caste et office ne rendent pas noble.";0;0;0
Gardien et officiant druidique;Officiant religieux;0.2551159193333333;0.4236398527620945;51.023183866666656;A — activité attestée;SB153;"Activités de la localité détaillées dans la notice régionale ; libellé technique remplacé par mécanisme du scénario. Professions des résidents ; lieu de travail et commanditaires peuvent être extérieurs au quartier. Visiteurs exclus du stock. activité/institution locale Budget civil 7,00 % ; coefficient 4,000000 ; part de filière 6,667 %. Instruction, autorisation ou initiation ; clergé, caste et office ne rendent pas noble.";0.009703230310133672;0.2366836841873795;0.008729004835820094
Gardien-purificateur de Mother Tree;Officiant religieux;0;0;0.0;A — activité attestée;SB153;"Activités de la localité détaillées dans la notice régionale ; libellé technique remplacé par mécanisme du scénario. Professions des résidents ; lieu de travail et commanditaires peuvent être extérieurs au quartier. Visiteurs exclus du stock. activité/institution locale Budget civil 7,00 % ; coefficient 0,000000 ; part de filière 0,000 %. Zéro proposé : Filière régionale non retenue dans ce scénario, sans interdiction universelle. Instruction, autorisation ou initiation ; clergé, caste et office ne rendent pas noble.";0;0;0
Officiant des rites Ba-Akhu;Officiant religieux;0;0;0.0;A — activité attestée;SB184;"Activités de la localité détaillées dans la notice régionale ; libellé technique remplacé par mécanisme du scénario. Professions des résidents ; lieu de travail et commanditaires peuvent être extérieurs au quartier. Visiteurs exclus du stock. activité/institution locale Budget civil 7,00 % ; coefficient 0,000000 ; part de filière 0,000 %. Zéro proposé : Filière régionale non retenue dans ce scénario, sans interdiction universelle. Instruction, autorisation ou initiation ; clergé, caste et office ne rendent pas noble.";0;0;0
Garde et sentinelle;Garde et surveillant;0.13650673448275855;0.22668006390361767;27.30134689655171;A — activité attestée;"MJ140; SB90";"Activités de la localité détaillées dans la notice régionale ; libellé technique remplacé par mécanisme du scénario. Professions des résidents ; lieu de travail et commanditaires peuvent être extérieurs au quartier. Visiteurs exclus du stock. activité/institution locale Budget civil 5,00 % ; coefficient 42,000000 ; part de filière 4,994 %. Entraînement, loyauté, armes et habilitations ; aucun métier verrouillé par naissance sauf source explicite.";0.0023578074452062815;0.12324052364139988;0.010908403396152393
Garde du corps;Garde et surveillant;0.13650673448275855;0.22668006390361767;27.30134689655171;A — activité attestée;"MJ140; SB90";"Activités de la localité détaillées dans la notice régionale ; libellé technique remplacé par mécanisme du scénario. Professions des résidents ; lieu de travail et commanditaires peuvent être extérieurs au quartier. Visiteurs exclus du stock. activité/institution locale Budget civil 5,00 % ; coefficient 42,000000 ; part de filière 4,994 %. Entraînement, loyauté, armes et habilitations ; aucun métier verrouillé par naissance sauf source explicite.";0.0023578074452062815;0.12324052364139988;0.010908403396152393
Soldat;Combattant professionnel;0.8325029999999998;1.3824360677515772;166.50059999999993;A — activité attestée;"MJ140; SB90";"Activités de la localité détaillées dans la notice régionale ; libellé technique remplacé par mécanisme du scénario. Professions des résidents ; lieu de travail et commanditaires peuvent être extérieurs au quartier. Visiteurs exclus du stock. activité/institution locale Garnison incluse dans les résidents par convention proposée, comptée une seule fois. Entraînement, loyauté, armes et habilitations ; aucun métier verrouillé par naissance sauf source explicite.";0.01437937680506515;0.7515973921857674;0.06652623100916728
Mercenaire;Combattant professionnel;1.0920538758620684;1.8134405112289413;218.41077517241368;A — activité attestée;"MJ140; SB90";"Activités de la localité détaillées dans la notice régionale ; libellé technique remplacé par mécanisme du scénario. Professions des résidents ; lieu de travail et commanditaires peuvent être extérieurs au quartier. Visiteurs exclus du stock. activité/institution locale Budget civil 5,00 % ; coefficient 336,000000 ; part de filière 39,952 %. Entraînement, loyauté, armes et habilitations ; aucun métier verrouillé par naissance sauf source explicite.";0.018862459561650252;0.9859241891311991;0.08726722716921914
Éclaireur;Combattant professionnel;0.13650673448275855;0.22668006390361767;27.30134689655171;A — activité attestée;"MJ140; SB90";"Activités de la localité détaillées dans la notice régionale ; libellé technique remplacé par mécanisme du scénario. Professions des résidents ; lieu de travail et commanditaires peuvent être extérieurs au quartier. Visiteurs exclus du stock. activité/institution locale Budget civil 5,00 % ; coefficient 42,000000 ; part de filière 4,994 %. Entraînement, loyauté, armes et habilitations ; aucun métier verrouillé par naissance sauf source explicite.";0.0023578074452062815;0.12324052364139988;0.010908403396152393
Chasseur de primes;Combattant professionnel;0.13650673448275855;0.22668006390361767;27.30134689655171;A — activité attestée;MJ140;"Activités de la localité détaillées dans la notice régionale ; libellé technique remplacé par mécanisme du scénario. Professions des résidents ; lieu de travail et commanditaires peuvent être extérieurs au quartier. Visiteurs exclus du stock. activité/institution locale Budget civil 5,00 % ; coefficient 42,000000 ; part de filière 4,994 %. Entraînement, loyauté, armes et habilitations ; aucun métier verrouillé par naissance sauf source explicite.";0.0023578074452062815;0.12324052364139988;0.010908403396152393
Gladiateur;Combattant professionnel;0.5460269379310342;0.9067202556144707;109.20538758620684;A — activité attestée;MJ130;"Activités de la localité détaillées dans la notice régionale ; libellé technique remplacé par mécanisme du scénario. Professions des résidents ; lieu de travail et commanditaires peuvent être extérieurs au quartier. Visiteurs exclus du stock. activité/institution locale Budget civil 5,00 % ; coefficient 168,000000 ; part de filière 19,976 %. Entraînement, loyauté, armes et habilitations ; aucun métier verrouillé par naissance sauf source explicite.";0.009431229780825126;0.49296209456559953;0.04363361358460957
Champion d’arène;Combattant professionnel;0.13650673448275855;0.22668006390361767;27.30134689655171;A — activité attestée;SB90;"Activités de la localité détaillées dans la notice régionale ; libellé technique remplacé par mécanisme du scénario. Professions des résidents ; lieu de travail et commanditaires peuvent être extérieurs au quartier. Visiteurs exclus du stock. activité/institution locale Budget civil 5,00 % ; coefficient 42,000000 ; part de filière 4,994 %. Entraînement, loyauté, armes et habilitations ; aucun métier verrouillé par naissance sauf source explicite.";0.0023578074452062815;0.12324052364139988;0.010908403396152393
Veilleur de nuit;Garde et surveillant;0.13650673448275855;0.22668006390361767;27.30134689655171;P — activité proposée;"MJ140; SB90";"Activités de la localité détaillées dans la notice régionale ; libellé technique remplacé par mécanisme du scénario. Professions des résidents ; lieu de travail et commanditaires peuvent être extérieurs au quartier. Visiteurs exclus du stock. activité/institution locale Budget civil 5,00 % ; coefficient 42,000000 ; part de filière 4,994 %. Entraînement, loyauté, armes et habilitations ; aucun métier verrouillé par naissance sauf source explicite.";0.0023578074452062815;0.12324052364139988;0.010908403396152393
Guide;Guide;4.141326198645235;6.876994683901088;828.265239729047;A — activité attestée;MJ140;"Activités de la localité détaillées dans la notice régionale ; libellé technique remplacé par mécanisme du scénario. Professions des résidents ; lieu de travail et commanditaires peuvent être extérieurs au quartier. Visiteurs exclus du stock. activité/institution locale Budget civil 18,00 % ; coefficient 105,000000 ; part de filière 42,086 %. Réseau, itinéraires, confiance et capital ; manutention distincte de propriété du fret.";0.1299469481901897;3.169699312860784;0.841679937594261
Gardien de domaine;Garde et surveillant;0.13650673448275855;0.22668006390361767;27.30134689655171;A — activité attestée;MJ140;"Activités de la localité détaillées dans la notice régionale ; libellé technique remplacé par mécanisme du scénario. Professions des résidents ; lieu de travail et commanditaires peuvent être extérieurs au quartier. Visiteurs exclus du stock. activité/institution locale Budget civil 5,00 % ; coefficient 42,000000 ; part de filière 4,994 %. Entraînement, loyauté, armes et habilitations ; aucun métier verrouillé par naissance sauf source explicite.";0.0023578074452062815;0.12324052364139988;0.010908403396152393
Spellshield;Protecteur et contrôleur arcanique;0;0;0.0;A — activité attestée;SB140;"Activités de la localité détaillées dans la notice régionale ; libellé technique remplacé par mécanisme du scénario. Professions des résidents ; lieu de travail et commanditaires peuvent être extérieurs au quartier. Visiteurs exclus du stock. activité/institution locale Budget civil 5,00 % ; coefficient 0,000000 ; part de filière 0,000 %. Zéro proposé : Filière régionale non retenue dans ce scénario, sans interdiction universelle. Entraînement, loyauté, armes et habilitations ; aucun métier verrouillé par naissance sauf source explicite.";0;0;0
Warden des Arcane Enforcers;Protecteur et contrôleur arcanique;0;0;0.0;A — activité attestée;SB140;"Activités de la localité détaillées dans la notice régionale ; libellé technique remplacé par mécanisme du scénario. Professions des résidents ; lieu de travail et commanditaires peuvent être extérieurs au quartier. Visiteurs exclus du stock. activité/institution locale Budget civil 5,00 % ; coefficient 0,000000 ; part de filière 0,000 %. Zéro proposé : Filière régionale non retenue dans ce scénario, sans interdiction universelle. Entraînement, loyauté, armes et habilitations ; aucun métier verrouillé par naissance sauf source explicite.";0;0;0
Inquisiteur;Garde et surveillant;0;0;0.0;A — activité attestée;SB29;"Activités de la localité détaillées dans la notice régionale ; libellé technique remplacé par mécanisme du scénario. Professions des résidents ; lieu de travail et commanditaires peuvent être extérieurs au quartier. Visiteurs exclus du stock. activité/institution locale Budget civil 5,00 % ; coefficient 0,000000 ; part de filière 0,000 %. Zéro proposé : Inquisiteur bauronien : aucun établissement de son Église habilité dans ce profil, notamment les ordres cirrus indépendants. Entraînement, loyauté, armes et habilitations ; aucun métier verrouillé par naissance sauf source explicite.";0;0;0
Mage impérial chargé du contrôle;Protecteur et contrôleur arcanique;0;0;0.0;A — activité attestée;SB98;"Activités de la localité détaillées dans la notice régionale ; libellé technique remplacé par mécanisme du scénario. Professions des résidents ; lieu de travail et commanditaires peuvent être extérieurs au quartier. Visiteurs exclus du stock. activité/institution locale Budget civil 5,00 % ; coefficient 0,000000 ; part de filière 0,000 %. Zéro proposé : Filière régionale non retenue dans ce scénario, sans interdiction universelle. Entraînement, loyauté, armes et habilitations ; aucun métier verrouillé par naissance sauf source explicite.";0;0;0
Chasseur de morts-vivants;Combattant professionnel;0.13650673448275855;0.22668006390361767;27.30134689655171;A — activité attestée;SB210;"Activités de la localité détaillées dans la notice régionale ; libellé technique remplacé par mécanisme du scénario. Professions des résidents ; lieu de travail et commanditaires peuvent être extérieurs au quartier. Visiteurs exclus du stock. activité/institution locale Budget civil 5,00 % ; coefficient 42,000000 ; part de filière 4,994 %. Entraînement, loyauté, armes et habilitations ; aucun métier verrouillé par naissance sauf source explicite.";0.0023578074452062815;0.12324052364139988;0.010908403396152393
Détective;Enquêteur et agent de renseignement;0.0016250801724137925;0.002698572189328782;0.3250160344827585;A — activité attestée;"PG9; BR42";"Activités de la localité détaillées dans la notice régionale ; libellé technique remplacé par mécanisme du scénario. Professions des résidents ; lieu de travail et commanditaires peuvent être extérieurs au quartier. Visiteurs exclus du stock. activité/institution locale Budget civil 5,00 % ; coefficient 0,500000 ; part de filière 0,059 %. Entraînement, loyauté, armes et habilitations ; aucun métier verrouillé par naissance sauf source explicite.";2.8069136252455738e-05;0.0014671490909690464;0.0001298619451922905
Espion;Enquêteur et agent de renseignement;0.0016250801724137925;0.002698572189328782;0.3250160344827585;A — activité attestée;"PG9; BR42";"Activités de la localité détaillées dans la notice régionale ; libellé technique remplacé par mécanisme du scénario. Professions des résidents ; lieu de travail et commanditaires peuvent être extérieurs au quartier. Visiteurs exclus du stock. activité/institution locale Budget civil 5,00 % ; coefficient 0,500000 ; part de filière 0,059 %. Entraînement, loyauté, armes et habilitations ; aucun métier verrouillé par naissance sauf source explicite.";2.8069136252455738e-05;0.0014671490909690464;0.0001298619451922905
Détective arcanique;Enquêteur et agent de renseignement;0;0;0.0;A — activité attestée;SB140;"Activités de la localité détaillées dans la notice régionale ; libellé technique remplacé par mécanisme du scénario. Professions des résidents ; lieu de travail et commanditaires peuvent être extérieurs au quartier. Visiteurs exclus du stock. activité/institution locale Budget civil 5,00 % ; coefficient 0,000000 ; part de filière 0,000 %. Zéro proposé : Filière régionale non retenue dans ce scénario, sans interdiction universelle. Entraînement, loyauté, armes et habilitations ; aucun métier verrouillé par naissance sauf source explicite.";0;0;0
Fonctionnaire;Administrateur et juriste;0.31889489916666663;0.5295498159526182;63.778979833333324;A — activité attestée;"SB90; SB213";"Activités de la localité détaillées dans la notice régionale ; libellé technique remplacé par mécanisme du scénario. Professions des résidents ; lieu de travail et commanditaires peuvent être extérieurs au quartier. Visiteurs exclus du stock. activité/institution locale Budget civil 7,00 % ; coefficient 5,000000 ; part de filière 8,333 %. Instruction, autorisation ou initiation ; clergé, caste et office ne rendent pas noble.";0.01212903788766709;0.2958546052342244;0.010911256044775119
Percepteur;Administrateur et juriste;0.31889489916666663;0.5295498159526182;63.778979833333324;A — activité attestée;SB132;"Activités de la localité détaillées dans la notice régionale ; libellé technique remplacé par mécanisme du scénario. Professions des résidents ; lieu de travail et commanditaires peuvent être extérieurs au quartier. Visiteurs exclus du stock. activité/institution locale Budget civil 7,00 % ; coefficient 5,000000 ; part de filière 8,333 %. Instruction, autorisation ou initiation ; clergé, caste et office ne rendent pas noble.";0.01212903788766709;0.2958546052342244;0.010911256044775119
Juge;Administrateur et juriste;0.31889489916666663;0.5295498159526182;63.778979833333324;A — activité attestée;"SB90; SB213";"Activités de la localité détaillées dans la notice régionale ; libellé technique remplacé par mécanisme du scénario. Professions des résidents ; lieu de travail et commanditaires peuvent être extérieurs au quartier. Visiteurs exclus du stock. activité/institution locale Budget civil 7,00 % ; coefficient 5,000000 ; part de filière 8,333 %. Instruction, autorisation ou initiation ; clergé, caste et office ne rendent pas noble.";0.01212903788766709;0.2958546052342244;0.010911256044775119
Avocat;Administrateur et juriste;0.31889489916666663;0.5295498159526182;63.778979833333324;A — activité attestée;"SB90; SB213";"Activités de la localité détaillées dans la notice régionale ; libellé technique remplacé par mécanisme du scénario. Professions des résidents ; lieu de travail et commanditaires peuvent être extérieurs au quartier. Visiteurs exclus du stock. activité/institution locale Budget civil 7,00 % ; coefficient 5,000000 ; part de filière 8,333 %. Instruction, autorisation ou initiation ; clergé, caste et office ne rendent pas noble.";0.01212903788766709;0.2958546052342244;0.010911256044775119
Diplomate et émissaire;Administrateur et juriste;0.31889489916666663;0.5295498159526182;63.778979833333324;A — activité attestée;PG46;"Activités de la localité détaillées dans la notice régionale ; libellé technique remplacé par mécanisme du scénario. Professions des résidents ; lieu de travail et commanditaires peuvent être extérieurs au quartier. Visiteurs exclus du stock. activité/institution locale Budget civil 7,00 % ; coefficient 5,000000 ; part de filière 8,333 %. Instruction, autorisation ou initiation ; clergé, caste et office ne rendent pas noble.";0.01212903788766709;0.2958546052342244;0.010911256044775119
Recruteur et agent de missions;Administrateur et juriste;0.31889489916666663;0.5295498159526182;63.778979833333324;D — activité déduite;SB105;"Activités de la localité détaillées dans la notice régionale ; libellé technique remplacé par mécanisme du scénario. Professions des résidents ; lieu de travail et commanditaires peuvent être extérieurs au quartier. Visiteurs exclus du stock. activité/institution locale Budget civil 7,00 % ; coefficient 5,000000 ; part de filière 8,333 %. Instruction, autorisation ou initiation ; clergé, caste et office ne rendent pas noble.";0.01212903788766709;0.2958546052342244;0.010911256044775119
Bourreau;Administrateur et juriste;0.31889489916666663;0.5295498159526182;63.778979833333324;A — activité attestée;SB148;"Activités de la localité détaillées dans la notice régionale ; libellé technique remplacé par mécanisme du scénario. Professions des résidents ; lieu de travail et commanditaires peuvent être extérieurs au quartier. Visiteurs exclus du stock. activité/institution locale Budget civil 7,00 % ; coefficient 5,000000 ; part de filière 8,333 %. Instruction, autorisation ou initiation ; clergé, caste et office ne rendent pas noble.";0.01212903788766709;0.2958546052342244;0.010911256044775119
Acteur et comédien;Artiste du spectacle;0.04270913828125;0.07092185035079708;8.541827656250002;A — activité attestée;MJ129;"Activités de la localité détaillées dans la notice régionale ; libellé technique remplacé par mécanisme du scénario. Professions des résidents ; lieu de travail et commanditaires peuvent être extérieurs au quartier. Visiteurs exclus du stock. activité/institution locale Budget civil 1,00 % ; coefficient 1,500000 ; part de filière 7,812 %. Apprentissage, audition et réseau ; accès au mérite notamment Mustardseed.";0.0010745134787503877;0.03931471284269699;0.002319911959802623
Danseur;Artiste du spectacle;0.04270913828125;0.07092185035079708;8.541827656250002;A — activité attestée;MJ129;"Activités de la localité détaillées dans la notice régionale ; libellé technique remplacé par mécanisme du scénario. Professions des résidents ; lieu de travail et commanditaires peuvent être extérieurs au quartier. Visiteurs exclus du stock. activité/institution locale Budget civil 1,00 % ; coefficient 1,500000 ; part de filière 7,812 %. Apprentissage, audition et réseau ; accès au mérite notamment Mustardseed.";0.0010745134787503877;0.03931471284269699;0.002319911959802623
Musicien;Artiste du spectacle;0.04270913828125;0.07092185035079708;8.541827656250002;A — activité attestée;MJ129;"Activités de la localité détaillées dans la notice régionale ; libellé technique remplacé par mécanisme du scénario. Professions des résidents ; lieu de travail et commanditaires peuvent être extérieurs au quartier. Visiteurs exclus du stock. activité/institution locale Budget civil 1,00 % ; coefficient 1,500000 ; part de filière 7,812 %. Apprentissage, audition et réseau ; accès au mérite notamment Mustardseed.";0.0010745134787503877;0.03931471284269699;0.002319911959802623
Chanteur;Artiste du spectacle;0.04270913828125;0.07092185035079708;8.541827656250002;A — activité attestée;MJ129;"Activités de la localité détaillées dans la notice régionale ; libellé technique remplacé par mécanisme du scénario. Professions des résidents ; lieu de travail et commanditaires peuvent être extérieurs au quartier. Visiteurs exclus du stock. activité/institution locale Budget civil 1,00 % ; coefficient 1,500000 ; part de filière 7,812 %. Apprentissage, audition et réseau ; accès au mérite notamment Mustardseed.";0.0010745134787503877;0.03931471284269699;0.002319911959802623
Poète;Artiste du spectacle;0.04270913828125;0.07092185035079708;8.541827656250002;A — activité attestée;MJ129;"Activités de la localité détaillées dans la notice régionale ; libellé technique remplacé par mécanisme du scénario. Professions des résidents ; lieu de travail et commanditaires peuvent être extérieurs au quartier. Visiteurs exclus du stock. activité/institution locale Budget civil 1,00 % ; coefficient 1,500000 ; part de filière 7,812 %. Apprentissage, audition et réseau ; accès au mérite notamment Mustardseed.";0.0010745134787503877;0.03931471284269699;0.002319911959802623
Conteur;Artiste du spectacle;0.04270913828125;0.07092185035079708;8.541827656250002;A — activité attestée;MJ129;"Activités de la localité détaillées dans la notice régionale ; libellé technique remplacé par mécanisme du scénario. Professions des résidents ; lieu de travail et commanditaires peuvent être extérieurs au quartier. Visiteurs exclus du stock. activité/institution locale Budget civil 1,00 % ; coefficient 1,500000 ; part de filière 7,812 %. Apprentissage, audition et réseau ; accès au mérite notamment Mustardseed.";0.0010745134787503877;0.03931471284269699;0.002319911959802623
Bouffon;Artiste du spectacle;0.04270913828125;0.07092185035079708;8.541827656250002;A — activité attestée;MJ129;"Activités de la localité détaillées dans la notice régionale ; libellé technique remplacé par mécanisme du scénario. Professions des résidents ; lieu de travail et commanditaires peuvent être extérieurs au quartier. Visiteurs exclus du stock. activité/institution locale Budget civil 1,00 % ; coefficient 1,500000 ; part de filière 7,812 %. Apprentissage, audition et réseau ; accès au mérite notamment Mustardseed.";0.0010745134787503877;0.03931471284269699;0.002319911959802623
Jongleur;Artiste du spectacle;0.04270913828125;0.07092185035079708;8.541827656250002;A — activité attestée;MJ129;"Activités de la localité détaillées dans la notice régionale ; libellé technique remplacé par mécanisme du scénario. Professions des résidents ; lieu de travail et commanditaires peuvent être extérieurs au quartier. Visiteurs exclus du stock. activité/institution locale Budget civil 1,00 % ; coefficient 1,500000 ; part de filière 7,812 %. Apprentissage, audition et réseau ; accès au mérite notamment Mustardseed.";0.0010745134787503877;0.03931471284269699;0.002319911959802623
Acrobate;Artiste du spectacle;0.04270913828125;0.07092185035079708;8.541827656250002;A — activité attestée;MJ129;"Activités de la localité détaillées dans la notice régionale ; libellé technique remplacé par mécanisme du scénario. Professions des résidents ; lieu de travail et commanditaires peuvent être extérieurs au quartier. Visiteurs exclus du stock. activité/institution locale Budget civil 1,00 % ; coefficient 1,500000 ; part de filière 7,812 %. Apprentissage, audition et réseau ; accès au mérite notamment Mustardseed.";0.0010745134787503877;0.03931471284269699;0.002319911959802623
Cracheur de feu;Artiste du spectacle;0.04270913828125;0.07092185035079708;8.541827656250002;A — activité attestée;MJ129;"Activités de la localité détaillées dans la notice régionale ; libellé technique remplacé par mécanisme du scénario. Professions des résidents ; lieu de travail et commanditaires peuvent être extérieurs au quartier. Visiteurs exclus du stock. activité/institution locale Budget civil 1,00 % ; coefficient 1,500000 ; part de filière 7,812 %. Apprentissage, audition et réseau ; accès au mérite notamment Mustardseed.";0.0010745134787503877;0.03931471284269699;0.002319911959802623
Compositeur;Artiste du spectacle;0.04270913828125;0.07092185035079708;8.541827656250002;A — activité attestée;PG28;"Activités de la localité détaillées dans la notice régionale ; libellé technique remplacé par mécanisme du scénario. Professions des résidents ; lieu de travail et commanditaires peuvent être extérieurs au quartier. Visiteurs exclus du stock. activité/institution locale Budget civil 1,00 % ; coefficient 1,500000 ; part de filière 7,812 %. Apprentissage, audition et réseau ; accès au mérite notamment Mustardseed.";0.0010745134787503877;0.03931471284269699;0.002319911959802623
Crieur public;Artiste du spectacle;0.04270913828125;0.07092185035079708;8.541827656250002;P — activité proposée;MJ129;"Activités de la localité détaillées dans la notice régionale ; libellé technique remplacé par mécanisme du scénario. Professions des résidents ; lieu de travail et commanditaires peuvent être extérieurs au quartier. Visiteurs exclus du stock. activité/institution locale Budget civil 1,00 % ; coefficient 1,500000 ; part de filière 7,812 %. Apprentissage, audition et réseau ; accès au mérite notamment Mustardseed.";0.0010745134787503877;0.03931471284269699;0.002319911959802623
Joueur professionnel;Professionnel du jeu;0.011389103541666664;0.01891249342687922;2.2778207083333326;P — activité proposée;SB99;"Activités de la localité détaillées dans la notice régionale ; libellé technique remplacé par mécanisme du scénario. Professions des résidents ; lieu de travail et commanditaires peuvent être extérieurs au quartier. Visiteurs exclus du stock. activité/institution locale Budget civil 1,00 % ; coefficient 0,400000 ; part de filière 2,083 %. Apprentissage, audition et réseau ; accès au mérite notamment Mustardseed.";0.00028653692766676995;0.010483923424719195;0.0006186431892806993
Croupier;Professionnel du jeu;0.011389103541666664;0.01891249342687922;2.2778207083333326;D — activité déduite;SB99;"Activités de la localité détaillées dans la notice régionale ; libellé technique remplacé par mécanisme du scénario. Professions des résidents ; lieu de travail et commanditaires peuvent être extérieurs au quartier. Visiteurs exclus du stock. activité/institution locale Budget civil 1,00 % ; coefficient 0,400000 ; part de filière 2,083 %. Apprentissage, audition et réseau ; accès au mérite notamment Mustardseed.";0.00028653692766676995;0.010483923424719195;0.0006186431892806993
Preneur de paris;Professionnel du jeu;0.011389103541666664;0.01891249342687922;2.2778207083333326;D — activité déduite;SB99;"Activités de la localité détaillées dans la notice régionale ; libellé technique remplacé par mécanisme du scénario. Professions des résidents ; lieu de travail et commanditaires peuvent être extérieurs au quartier. Visiteurs exclus du stock. activité/institution locale Budget civil 1,00 % ; coefficient 0,400000 ; part de filière 2,083 %. Apprentissage, audition et réseau ; accès au mérite notamment Mustardseed.";0.00028653692766676995;0.010483923424719195;0.0006186431892806993
Maître-chanteur;Opérateur d’activités illicites;0.30370942777777765;0.5043331580501124;60.74188555555553;A — activité attestée;BR42;"Activités de la localité détaillées dans la notice régionale ; libellé technique remplacé par mécanisme du scénario. Professions des résidents ; lieu de travail et commanditaires peuvent être extérieurs au quartier. Visiteurs exclus du stock. activité/institution locale Budget civil 5,00 % ; coefficient 3,000000 ; part de filière 11,111 %. Réseaux, exclusion, dettes et compétences ; statut légal distinct de noblesse.";0.0044810452504554345;0.21860561173746695;0.08062277078985525
Cambrioleur;Opérateur d’activités illicites;0.30370942777777765;0.5043331580501124;60.74188555555553;A — activité attestée;BR42;"Activités de la localité détaillées dans la notice régionale ; libellé technique remplacé par mécanisme du scénario. Professions des résidents ; lieu de travail et commanditaires peuvent être extérieurs au quartier. Visiteurs exclus du stock. activité/institution locale Budget civil 5,00 % ; coefficient 3,000000 ; part de filière 11,111 %. Réseaux, exclusion, dettes et compétences ; statut légal distinct de noblesse.";0.0044810452504554345;0.21860561173746695;0.08062277078985525
Homme de main;Opérateur d’activités illicites;0.30370942777777765;0.5043331580501124;60.74188555555553;A — activité attestée;BR42;"Activités de la localité détaillées dans la notice régionale ; libellé technique remplacé par mécanisme du scénario. Professions des résidents ; lieu de travail et commanditaires peuvent être extérieurs au quartier. Visiteurs exclus du stock. activité/institution locale Budget civil 5,00 % ; coefficient 3,000000 ; part de filière 11,111 %. Réseaux, exclusion, dettes et compétences ; statut légal distinct de noblesse.";0.0044810452504554345;0.21860561173746695;0.08062277078985525
Receleur;Opérateur d’activités illicites;0.30370942777777765;0.5043331580501124;60.74188555555553;A — activité attestée;BR42;"Activités de la localité détaillées dans la notice régionale ; libellé technique remplacé par mécanisme du scénario. Professions des résidents ; lieu de travail et commanditaires peuvent être extérieurs au quartier. Visiteurs exclus du stock. activité/institution locale Budget civil 5,00 % ; coefficient 3,000000 ; part de filière 11,111 %. Réseaux, exclusion, dettes et compétences ; statut légal distinct de noblesse.";0.0044810452504554345;0.21860561173746695;0.08062277078985525
Voleur de grand chemin;Opérateur d’activités illicites;0.30370942777777765;0.5043331580501124;60.74188555555553;A — activité attestée;BR42;"Activités de la localité détaillées dans la notice régionale ; libellé technique remplacé par mécanisme du scénario. Professions des résidents ; lieu de travail et commanditaires peuvent être extérieurs au quartier. Visiteurs exclus du stock. activité/institution locale Budget civil 5,00 % ; coefficient 3,000000 ; part de filière 11,111 %. Réseaux, exclusion, dettes et compétences ; statut légal distinct de noblesse.";0.0044810452504554345;0.21860561173746695;0.08062277078985525
Tueur à gages;Opérateur d’activités illicites;0.30370942777777765;0.5043331580501124;60.74188555555553;A — activité attestée;BR42;"Activités de la localité détaillées dans la notice régionale ; libellé technique remplacé par mécanisme du scénario. Professions des résidents ; lieu de travail et commanditaires peuvent être extérieurs au quartier. Visiteurs exclus du stock. activité/institution locale Budget civil 5,00 % ; coefficient 3,000000 ; part de filière 11,111 %. Réseaux, exclusion, dettes et compétences ; statut légal distinct de noblesse.";0.0044810452504554345;0.21860561173746695;0.08062277078985525
Pickpocket;Opérateur d’activités illicites;0.30370942777777765;0.5043331580501124;60.74188555555553;A — activité attestée;BR42;"Activités de la localité détaillées dans la notice régionale ; libellé technique remplacé par mécanisme du scénario. Professions des résidents ; lieu de travail et commanditaires peuvent être extérieurs au quartier. Visiteurs exclus du stock. activité/institution locale Budget civil 5,00 % ; coefficient 3,000000 ; part de filière 11,111 %. Réseaux, exclusion, dettes et compétences ; statut légal distinct de noblesse.";0.0044810452504554345;0.21860561173746695;0.08062277078985525
Contrebandier;Opérateur d’activités illicites;0.30370942777777765;0.5043331580501124;60.74188555555553;A — activité attestée;BR42;"Activités de la localité détaillées dans la notice régionale ; libellé technique remplacé par mécanisme du scénario. Professions des résidents ; lieu de travail et commanditaires peuvent être extérieurs au quartier. Visiteurs exclus du stock. activité/institution locale Budget civil 5,00 % ; coefficient 3,000000 ; part de filière 11,111 %. Réseaux, exclusion, dettes et compétences ; statut légal distinct de noblesse.";0.0044810452504554345;0.21860561173746695;0.08062277078985525
Pirate;Opérateur d’activités illicites;0.30370942777777765;0.5043331580501124;60.74188555555553;A — activité attestée;MJ136;"Activités de la localité détaillées dans la notice régionale ; libellé technique remplacé par mécanisme du scénario. Professions des résidents ; lieu de travail et commanditaires peuvent être extérieurs au quartier. Visiteurs exclus du stock. activité/institution locale Budget civil 5,00 % ; coefficient 3,000000 ; part de filière 11,111 %. Réseaux, exclusion, dettes et compétences ; statut légal distinct de noblesse.";0.0044810452504554345;0.21860561173746695;0.08062277078985525
Cultivateur de tubercules;Agriculteur;0;0;0.0;A — activité attestée;"SB120; SB168";"Activités de la localité détaillées dans la notice régionale ; libellé technique remplacé par mécanisme du scénario. Professions des résidents ; lieu de travail et commanditaires peuvent être extérieurs au quartier. Visiteurs exclus du stock. activité/institution locale Budget civil 15,00 % ; coefficient 0,000000 ; part de filière 0,000 %. Zéro proposé : Climat, matière ou culture hors filière régionale retenue ; aucun établissement exceptionnel proposé. Transmission familiale, terre/eau, droits d’usage et outils ; les tâches saisonnières restent secondaires.";0;0;0
Cartographe;Cartographe;0.015624699039670743;0.025946029624162644;3.1249398079341484;A — activité attestée;MJ128;"Activités de la localité détaillées dans la notice régionale ; libellé technique remplacé par mécanisme du scénario. Professions des résidents ; lieu de travail et commanditaires peuvent être extérieurs au quartier. Visiteurs exclus du stock. activité/institution locale Budget civil 1,00 % ; coefficient 0,750000 ; part de filière 2,858 %. Long apprentissage, frais, bourses, talent, licence ou secret ; titre ne donne pas maîtrise.";0.0009830293384638623;0.014386982358787536;0.00025468734241934437
Sans métier actif;Statut;4.719799999999999;7.837595483228163;943.9599999999998;P;;Personnes productives occupées + personnes sans emploi disponibles recherchant une activité. Inclut aide familiale, subsistance, apprentissage productif et travail partiel.;0.0208;2.3789999999999996;2.32
Hors activité;Statut;39.78;0;7956.0;P;;"Tous habitants recensés dans les catégories sources; enfants, étudiants et retraités ne sont exclus de l’activité que sans contribution productive. Pas de seuil humain de 18 ans imposé.";0.96;30.42;8.4
