Métier;Base;% habitants;% actifs;Effectif attendu;Appui activité;Références;Justification proposée;Nobles de milieu privilégié / % de tous habitants;Autres nobles, dont maisons modestes / % de tous habitants;Peuple de milieu privilégié / % de tous habitants;Peuple ordinaire / % de tous habitants;Peuple précaire / % de tous habitants
Agriculteur généraliste;Agriculteur;0.0655082489546864;0.10897336552997042;1.63770622386716;A — activité attestée;"SB90; SB198";"Activités de la localité détaillées dans la notice régionale ; libellé technique remplacé par mécanisme du scénario. Professions des résidents ; lieu de travail et commanditaires peuvent être extérieurs au quartier. Visiteurs exclus du stock. activité/institution locale Budget civil 7,00 % ; coefficient 6,000000 ; part de filière 1,715 %. Transmission familiale, terre/eau, droits d’usage et outils ; les tâches saisonnières restent secondaires.";6.2349062853643555e-06;7.85596491068987e-06;0.00012660450722292493;0.059706518953347366;0.005661034622920055
Céréalier;Agriculteur;0.013101649790937281;0.021794673105994082;0.32754124477343205;D — activité déduite;"SB90; SB198";"Activités de la localité détaillées dans la notice régionale ; libellé technique remplacé par mécanisme du scénario. Professions des résidents ; lieu de travail et commanditaires peuvent être extérieurs au quartier. Visiteurs exclus du stock. activité/institution locale Budget civil 7,00 % ; coefficient 1,200000 ; part de filière 0,343 %. Transmission familiale, terre/eau, droits d’usage et outils ; les tâches saisonnières restent secondaires.";1.2469812570728708e-06;1.5711929821379735e-06;2.5320901444584995e-05;0.011941303790669473;0.0011322069245840113
Riziculteur;Agriculteur;3.5374454435530653;5.884561738618402;88.43613608882663;A — activité attestée;SB198;"Activités de la localité détaillées dans la notice régionale ; libellé technique remplacé par mécanisme du scénario. Professions des résidents ; lieu de travail et commanditaires peuvent être extérieurs au quartier. Visiteurs exclus du stock. activité/institution locale Budget civil 7,00 % ; coefficient 324,000000 ; part de filière 92,599 %. Transmission familiale, terre/eau, droits d’usage et outils ; les tâches saisonnières restent secondaires.";0.0003366849394096753;0.00042422210517725284;0.006836643390037948;3.2241520234807575;0.30569586963768297
Vigneron;Agriculteur;0;0;0.0;A — activité attestée;MJ128;"Activités de la localité détaillées dans la notice régionale ; libellé technique remplacé par mécanisme du scénario. Professions des résidents ; lieu de travail et commanditaires peuvent être extérieurs au quartier. Visiteurs exclus du stock. activité/institution locale Budget civil 2,00 % ; coefficient 0,000000 ; part de filière 0,000 %. Zéro proposé : Climat, matière ou culture hors filière régionale retenue ; aucun établissement exceptionnel proposé. Savoir-faire de terrain et sécurité ; procédé spécialisé distinct du rang social.";0;0;0;0;0
Cultivateur d’épices;Agriculteur;0;0;0.0;A — activité attestée;SB182;"Activités de la localité détaillées dans la notice régionale ; libellé technique remplacé par mécanisme du scénario. Professions des résidents ; lieu de travail et commanditaires peuvent être extérieurs au quartier. Visiteurs exclus du stock. activité/institution locale Budget civil 2,00 % ; coefficient 0,000000 ; part de filière 0,000 %. Zéro proposé : Climat, matière ou culture hors filière régionale retenue ; aucun établissement exceptionnel proposé. Savoir-faire de terrain et sécurité ; procédé spécialisé distinct du rang social.";0;0;0;0;0
Cultivateur d’herbes pour thé;Agriculteur;0.21775094423940147;0.3622300033925567;5.443773605985037;D — activité déduite;SB198;"Activités de la localité détaillées dans la notice régionale ; libellé technique remplacé par mécanisme du scénario. Professions des résidents ; lieu de travail et commanditaires peuvent être extérieurs au quartier. Visiteurs exclus du stock. activité/institution locale Budget civil 2,00 % ; coefficient 12,000000 ; part de filière 19,950 %. Savoir-faire de terrain et sécurité ; procédé spécialisé distinct du rang social.";1.2412732555037215e-05;3.910002289330786e-06;0.0008401665379260843;0.19811071667584604;0.018783738290784984
Maraîcher;Agriculteur;0.052406599163749124;0.08717869242397633;1.3101649790937282;D — activité déduite;"SB90; SB198";"Activités de la localité détaillées dans la notice régionale ; libellé technique remplacé par mécanisme du scénario. Professions des résidents ; lieu de travail et commanditaires peuvent être extérieurs au quartier. Visiteurs exclus du stock. activité/institution locale Budget civil 7,00 % ; coefficient 4,800000 ; part de filière 1,372 %. Transmission familiale, terre/eau, droits d’usage et outils ; les tâches saisonnières restent secondaires.";4.987925028291483e-06;6.284771928551894e-06;0.00010128360577833998;0.04776521516267789;0.004528827698336045
Jardinier;Horticulteur;0.01814591201995012;0.030185833616046383;0.4536478004987531;A — activité attestée;"SB29; SB161";"Activités de la localité détaillées dans la notice régionale ; libellé technique remplacé par mécanisme du scénario. Professions des résidents ; lieu de travail et commanditaires peuvent être extérieurs au quartier. Visiteurs exclus du stock. activité/institution locale Budget civil 2,00 % ; coefficient 1,000000 ; part de filière 1,663 %. Savoir-faire de terrain et sécurité ; procédé spécialisé distinct du rang social.";1.0343943795864346e-06;3.2583352411089887e-07;7.001387816050701e-05;0.016509226389653835;0.0015653115242320814
Fleuriste;Horticulteur;0.01814591201995012;0.030185833616046383;0.4536478004987531;A — activité attestée;"SB29; SB161";"Activités de la localité détaillées dans la notice régionale ; libellé technique remplacé par mécanisme du scénario. Professions des résidents ; lieu de travail et commanditaires peuvent être extérieurs au quartier. Visiteurs exclus du stock. activité/institution locale Budget civil 2,00 % ; coefficient 1,000000 ; part de filière 1,663 %. Savoir-faire de terrain et sécurité ; procédé spécialisé distinct du rang social.";1.0343943795864346e-06;3.2583352411089887e-07;7.001387816050701e-05;0.016509226389653835;0.0015653115242320814
Arboriculteur de verger;Horticulteur;0.010918041492447735;0.018162227588328403;0.27295103731119336;D — activité déduite;"SB29; SB161";"Activités de la localité détaillées dans la notice régionale ; libellé technique remplacé par mécanisme du scénario. Professions des résidents ; lieu de travail et commanditaires peuvent être extérieurs au quartier. Visiteurs exclus du stock. activité/institution locale Budget civil 7,00 % ; coefficient 1,000000 ; part de filière 0,286 %. Transmission familiale, terre/eau, droits d’usage et outils ; les tâches saisonnières restent secondaires.";1.039151047560726e-06;1.3093274851149781e-06;2.1100751203820832e-05;0.009951086492224563;0.000943505770486676
Jardinier de roses magiques;Horticulteur;0;0;0.0;A — activité attestée;SB157;"Activités de la localité détaillées dans la notice régionale ; libellé technique remplacé par mécanisme du scénario. Professions des résidents ; lieu de travail et commanditaires peuvent être extérieurs au quartier. Visiteurs exclus du stock. activité/institution locale Budget civil 2,00 % ; coefficient 0,000000 ; part de filière 0,000 %. Zéro proposé : Filière régionale non retenue dans ce scénario, sans interdiction universelle. Savoir-faire de terrain et sécurité ; procédé spécialisé distinct du rang social.";0;0;0;0;0
Arboriculteur de breithwood;Horticulteur;0;0;0.0;D — activité déduite;SB152;"Activités de la localité détaillées dans la notice régionale ; libellé technique remplacé par mécanisme du scénario. Professions des résidents ; lieu de travail et commanditaires peuvent être extérieurs au quartier. Visiteurs exclus du stock. activité/institution locale Budget civil 2,00 % ; coefficient 0,000000 ; part de filière 0,000 %. Zéro proposé : Filière régionale non retenue dans ce scénario, sans interdiction universelle. Savoir-faire de terrain et sécurité ; procédé spécialisé distinct du rang social.";0;0;0;0;0
Éleveur généraliste;Éleveur;0.03548363485045514;0.05902723966206731;0.8870908712613784;A — activité attestée;"SB120; SB182";"Activités de la localité détaillées dans la notice régionale ; libellé technique remplacé par mécanisme du scénario. Professions des résidents ; lieu de travail et commanditaires peuvent être extérieurs au quartier. Visiteurs exclus du stock. activité/institution locale Budget civil 7,00 % ; coefficient 3,250000 ; part de filière 0,929 %. Transmission familiale, terre/eau, droits d’usage et outils ; les tâches saisonnières restent secondaires.";3.3772409045723586e-06;4.255314326623678e-06;6.857744141241772e-05;0.03234103109972983;0.003066393754081696
Berger;Éleveur;0.0021290180910273084;0.0035416343797240388;0.053225452275682705;A — activité attestée;MJ135;"Activités de la localité détaillées dans la notice régionale ; libellé technique remplacé par mécanisme du scénario. Professions des résidents ; lieu de travail et commanditaires peuvent être extérieurs au quartier. Visiteurs exclus du stock. activité/institution locale Budget civil 7,00 % ; coefficient 0,195000 ; part de filière 0,056 %. Transmission familiale, terre/eau, droits d’usage et outils ; les tâches saisonnières restent secondaires.";2.0263445427434168e-07;2.5531885959742084e-07;4.114646484745064e-06;0.0019404618659837895;0.0001839836252449019
Éleveur de yaks;Éleveur;0;0;0.0;A — activité attestée;SB120;"Activités de la localité détaillées dans la notice régionale ; libellé technique remplacé par mécanisme du scénario. Professions des résidents ; lieu de travail et commanditaires peuvent être extérieurs au quartier. Visiteurs exclus du stock. activité/institution locale Budget civil 7,00 % ; coefficient 0,000000 ; part de filière 0,000 %. Zéro proposé : Climat, matière ou culture hors filière régionale retenue ; aucun établissement exceptionnel proposé. Transmission familiale, terre/eau, droits d’usage et outils ; les tâches saisonnières restent secondaires.";0;0;0;0;0
Éleveur de chevaux;Éleveur;0.02358968562593516;0.039241583700860304;0.589742140648379;A — activité attestée;SB182;"Activités de la localité détaillées dans la notice régionale ; libellé technique remplacé par mécanisme du scénario. Professions des résidents ; lieu de travail et commanditaires peuvent être extérieurs au quartier. Visiteurs exclus du stock. activité/institution locale Budget civil 2,00 % ; coefficient 1,300000 ; part de filière 2,161 %. Savoir-faire de terrain et sécurité ; procédé spécialisé distinct du rang social.";1.3447126934623652e-06;4.2358358134416855e-07;9.101804160865912e-05;0.02146199430654999;0.0020349049815017064
Éleveur de chameaux;Éleveur;0;0;0.0;A — activité attestée;SB182;"Activités de la localité détaillées dans la notice régionale ; libellé technique remplacé par mécanisme du scénario. Professions des résidents ; lieu de travail et commanditaires peuvent être extérieurs au quartier. Visiteurs exclus du stock. activité/institution locale Budget civil 2,00 % ; coefficient 0,000000 ; part de filière 0,000 %. Zéro proposé : Climat, matière ou culture hors filière régionale retenue ; aucun établissement exceptionnel proposé. Savoir-faire de terrain et sécurité ; procédé spécialisé distinct du rang social.";0;0;0;0;0
Éleveur de vers à soie;Éleveur;0.7076905687780547;1.177247511025809;17.692264219451367;A — activité attestée;SB198;"Activités de la localité détaillées dans la notice régionale ; libellé technique remplacé par mécanisme du scénario. Professions des résidents ; lieu de travail et commanditaires peuvent être extérieurs au quartier. Visiteurs exclus du stock. activité/institution locale Budget civil 2,00 % ; coefficient 39,000000 ; part de filière 64,838 %. Savoir-faire de terrain et sécurité ; procédé spécialisé distinct du rang social.";4.034138080387096e-05;1.2707507440325057e-05;0.0027305412482597734;0.6438598291964995;0.061047149445051185
Éleveur de loups géants;Éleveur;0;0;0.0;A — activité attestée;SB191;"Activités de la localité détaillées dans la notice régionale ; libellé technique remplacé par mécanisme du scénario. Professions des résidents ; lieu de travail et commanditaires peuvent être extérieurs au quartier. Visiteurs exclus du stock. activité/institution locale Budget civil 2,00 % ; coefficient 0,000000 ; part de filière 0,000 %. Zéro proposé : Filière régionale non retenue dans ce scénario, sans interdiction universelle. Savoir-faire de terrain et sécurité ; procédé spécialisé distinct du rang social.";0;0;0;0;0
Éleveur de montures volantes;Éleveur;0;0;0.0;A — activité attestée;"SB124; SB107";"Activités de la localité détaillées dans la notice régionale ; libellé technique remplacé par mécanisme du scénario. Professions des résidents ; lieu de travail et commanditaires peuvent être extérieurs au quartier. Visiteurs exclus du stock. activité/institution locale Budget civil 2,00 % ; coefficient 0,000000 ; part de filière 0,000 %. Zéro proposé : Climat, matière ou culture hors filière régionale retenue ; aucun établissement exceptionnel proposé. Savoir-faire de terrain et sécurité ; procédé spécialisé distinct du rang social.";0;0;0;0;0
Apiculteur;Éleveur;0.014193453940182055;0.023610895864826925;0.35483634850455137;P — activité proposée;SB152;"Activités de la localité détaillées dans la notice régionale ; libellé technique remplacé par mécanisme du scénario. Professions des résidents ; lieu de travail et commanditaires peuvent être extérieurs au quartier. Visiteurs exclus du stock. activité/institution locale Budget civil 7,00 % ; coefficient 1,300000 ; part de filière 0,372 %. Transmission familiale, terre/eau, droits d’usage et outils ; les tâches saisonnières restent secondaires.";1.3508963618289442e-06;1.7021257306494718e-06;2.7430976564967083e-05;0.012936412439891931;0.0012265575016326793
Chasseur de gibier;Chasseur;0.01364755186555967;0.022702784485410507;0.3411887966389917;A — activité attestée;"MJ139; PG20";"Activités de la localité détaillées dans la notice régionale ; libellé technique remplacé par mécanisme du scénario. Professions des résidents ; lieu de travail et commanditaires peuvent être extérieurs au quartier. Visiteurs exclus du stock. activité/institution locale Budget civil 7,00 % ; coefficient 1,250000 ; part de filière 0,357 %. Transmission familiale, terre/eau, droits d’usage et outils ; les tâches saisonnières restent secondaires.";1.2989388094509076e-06;1.6366593563937224e-06;2.6375939004776045e-05;0.012438858115280704;0.0011793822131083449
Trappeur;Chasseur;0.005459020746223868;0.009081113794164201;0.13647551865559668;A — activité attestée;MJ140;"Activités de la localité détaillées dans la notice régionale ; libellé technique remplacé par mécanisme du scénario. Professions des résidents ; lieu de travail et commanditaires peuvent être extérieurs au quartier. Visiteurs exclus du stock. activité/institution locale Budget civil 7,00 % ; coefficient 0,500000 ; part de filière 0,143 %. Transmission familiale, terre/eau, droits d’usage et outils ; les tâches saisonnières restent secondaires.";5.19575523780363e-07;6.546637425574891e-07;1.0550375601910416e-05;0.004975543246112281;0.000471752885243338
Chasseur de monstres;Chasseur;0.025178624999999996;0.04188479389160595;0.6294656249999999;A — activité attestée;PG58;"Activités de la localité détaillées dans la notice régionale ; libellé technique remplacé par mécanisme du scénario. Professions des résidents ; lieu de travail et commanditaires peuvent être extérieurs au quartier. Visiteurs exclus du stock. activité/institution locale Budget civil 3,00 % ; coefficient 0,500000 ; part de filière 1,538 %. Long apprentissage, frais, bourses, talent, licence ou secret ; titre ne donne pas maîtrise.";0.00014759802987767152;4.649327874934458e-05;0.0012487875374861625;0.023557062354607985;0.00017868379927883372
Chasseur de monstres marins;Chasseur;0;0;0.0;A — activité attestée;SB148;"Activités de la localité détaillées dans la notice régionale ; libellé technique remplacé par mécanisme du scénario. Professions des résidents ; lieu de travail et commanditaires peuvent être extérieurs au quartier. Visiteurs exclus du stock. activité/institution locale Budget civil 3,00 % ; coefficient 0,000000 ; part de filière 0,000 %. Zéro proposé : Filière régionale non retenue dans ce scénario, sans interdiction universelle. Long apprentissage, frais, bourses, talent, licence ou secret ; titre ne donne pas maîtrise.";0;0;0;0;0
Chasseur de dragons;Chasseur;0;0;0.0;A — activité attestée;SB220;"Activités de la localité détaillées dans la notice régionale ; libellé technique remplacé par mécanisme du scénario. Professions des résidents ; lieu de travail et commanditaires peuvent être extérieurs au quartier. Visiteurs exclus du stock. activité/institution locale Budget civil 3,00 % ; coefficient 0,000000 ; part de filière 0,000 %. Zéro proposé : Technique de site, institution, secret ou habilitation concentrée dans les implantations autorisées du scénario. Long apprentissage, frais, bourses, talent, licence ou secret ; titre ne donne pas maîtrise.";0;0;0;0;0
Cueilleur;Collecteur de ressources;0.00873443319395819;0.014529782070662727;0.21836082984895472;A — activité attestée;"MJ139; SB153";"Activités de la localité détaillées dans la notice régionale ; libellé technique remplacé par mécanisme du scénario. Professions des résidents ; lieu de travail et commanditaires peuvent être extérieurs au quartier. Visiteurs exclus du stock. activité/institution locale Budget civil 7,00 % ; coefficient 0,800000 ; part de filière 0,229 %. Transmission familiale, terre/eau, droits d’usage et outils ; les tâches saisonnières restent secondaires.";8.313208380485808e-07;1.0474619880919824e-06;1.688060096305667e-05;0.007960869193779651;0.0007548046163893409
Herboriste de collecte;Collecteur de ressources;0.014516729615960098;0.02414866689283711;0.3629182403990024;D — activité déduite;BR55;"Activités de la localité détaillées dans la notice régionale ; libellé technique remplacé par mécanisme du scénario. Professions des résidents ; lieu de travail et commanditaires peuvent être extérieurs au quartier. Visiteurs exclus du stock. activité/institution locale Budget civil 2,00 % ; coefficient 0,800000 ; part de filière 1,330 %. Savoir-faire de terrain et sécurité ; procédé spécialisé distinct du rang social.";8.27515503669148e-07;2.6066681928871914e-07;5.601110252840562e-05;0.013207381111723069;0.0012522492193856657
Collecteur de composants de créatures;Collecteur de ressources;0.014516729615960098;0.02414866689283711;0.3629182403990024;A — activité attestée;"SB104; SB139";"Activités de la localité détaillées dans la notice régionale ; libellé technique remplacé par mécanisme du scénario. Professions des résidents ; lieu de travail et commanditaires peuvent être extérieurs au quartier. Visiteurs exclus du stock. activité/institution locale Budget civil 2,00 % ; coefficient 0,800000 ; part de filière 1,330 %. Savoir-faire de terrain et sécurité ; procédé spécialisé distinct du rang social.";8.27515503669148e-07;2.6066681928871914e-07;5.601110252840562e-05;0.013207381111723069;0.0012522492193856657
Collecteur de perles;Collecteur de ressources;0;0;0.0;D — activité déduite;SB149;"Activités de la localité détaillées dans la notice régionale ; libellé technique remplacé par mécanisme du scénario. Professions des résidents ; lieu de travail et commanditaires peuvent être extérieurs au quartier. Visiteurs exclus du stock. activité/institution locale Budget civil 2,00 % ; coefficient 0,000000 ; part de filière 0,000 %. Zéro proposé : Filière régionale non retenue dans ce scénario, sans interdiction universelle. Savoir-faire de terrain et sécurité ; procédé spécialisé distinct du rang social.";0;0;0;0;0
Récupérateur de reliques penumbrales;Collecteur de ressources;0;0;0.0;A — activité attestée;PG8;"Activités de la localité détaillées dans la notice régionale ; libellé technique remplacé par mécanisme du scénario. Professions des résidents ; lieu de travail et commanditaires peuvent être extérieurs au quartier. Visiteurs exclus du stock. activité/institution locale Budget civil 2,00 % ; coefficient 0,000000 ; part de filière 0,000 %. Zéro proposé : Filière régionale non retenue dans ce scénario, sans interdiction universelle. Savoir-faire de terrain et sécurité ; procédé spécialisé distinct du rang social.";0;0;0;0;0
Bûcheron;Travailleur forestier;0.00907295600997506;0.015092916808023191;0.22682390024937654;A — activité attestée;"MJ135; SB107";"Activités de la localité détaillées dans la notice régionale ; libellé technique remplacé par mécanisme du scénario. Professions des résidents ; lieu de travail et commanditaires peuvent être extérieurs au quartier. Visiteurs exclus du stock. activité/institution locale Budget civil 2,00 % ; coefficient 0,500000 ; part de filière 0,831 %. Savoir-faire de terrain et sécurité ; procédé spécialisé distinct du rang social.";5.171971897932173e-07;1.6291676205544944e-07;3.5006939080253504e-05;0.008254613194826918;0.0007826557621160407
Forestier;Travailleur forestier;0.00907295600997506;0.015092916808023191;0.22682390024937654;A — activité attestée;MJ140;"Activités de la localité détaillées dans la notice régionale ; libellé technique remplacé par mécanisme du scénario. Professions des résidents ; lieu de travail et commanditaires peuvent être extérieurs au quartier. Visiteurs exclus du stock. activité/institution locale Budget civil 2,00 % ; coefficient 0,500000 ; part de filière 0,831 %. Savoir-faire de terrain et sécurité ; procédé spécialisé distinct du rang social.";5.171971897932173e-07;1.6291676205544944e-07;3.5006939080253504e-05;0.008254613194826918;0.0007826557621160407
Scieur;Travailleur forestier;0.00907295600997506;0.015092916808023191;0.22682390024937654;D — activité déduite;SB99;"Activités de la localité détaillées dans la notice régionale ; libellé technique remplacé par mécanisme du scénario. Professions des résidents ; lieu de travail et commanditaires peuvent être extérieurs au quartier. Visiteurs exclus du stock. activité/institution locale Budget civil 2,00 % ; coefficient 0,500000 ; part de filière 0,831 %. Savoir-faire de terrain et sécurité ; procédé spécialisé distinct du rang social.";5.171971897932173e-07;1.6291676205544944e-07;3.5006939080253504e-05;0.008254613194826918;0.0007826557621160407
Pêcheur maritime;Pêcheur;0.04367216596979094;0.07264891035331361;1.0918041492447734;A — activité attestée;"SB110; SB168";"Activités de la localité détaillées dans la notice régionale ; libellé technique remplacé par mécanisme du scénario. Professions des résidents ; lieu de travail et commanditaires peuvent être extérieurs au quartier. Visiteurs exclus du stock. activité/institution locale Budget civil 7,00 % ; coefficient 4,000000 ; part de filière 1,143 %. Transmission familiale, terre/eau, droits d’usage et outils ; les tâches saisonnières restent secondaires.";4.156604190242904e-06;5.2373099404599125e-06;8.440300481528333e-05;0.03980434596889825;0.003774023081946704
Pêcheur d’eau douce;Pêcheur;0.01746886638791638;0.029059564141325454;0.43672165969790944;A — activité attestée;SB138;"Activités de la localité détaillées dans la notice régionale ; libellé technique remplacé par mécanisme du scénario. Professions des résidents ; lieu de travail et commanditaires peuvent être extérieurs au quartier. Visiteurs exclus du stock. activité/institution locale Budget civil 7,00 % ; coefficient 1,600000 ; part de filière 0,457 %. Transmission familiale, terre/eau, droits d’usage et outils ; les tâches saisonnières restent secondaires.";1.6626416760971616e-06;2.0949239761839647e-06;3.376120192611334e-05;0.015921738387559302;0.0015096092327786818
Cultivateur marin;Pêcheur;0;0;0.0;P — activité proposée;SB149;"Activités de la localité détaillées dans la notice régionale ; libellé technique remplacé par mécanisme du scénario. Professions des résidents ; lieu de travail et commanditaires peuvent être extérieurs au quartier. Visiteurs exclus du stock. activité/institution locale Budget civil 7,00 % ; coefficient 0,000000 ; part de filière 0,000 %. Zéro proposé : Filière régionale non retenue dans ce scénario, sans interdiction universelle. Transmission familiale, terre/eau, droits d’usage et outils ; les tâches saisonnières restent secondaires.";0;0;0;0;0
Mineur;Extracteur de ressources minérales;0.00907295600997506;0.015092916808023191;0.22682390024937654;A — activité attestée;"MJ135; SB160";"Activités de la localité détaillées dans la notice régionale ; libellé technique remplacé par mécanisme du scénario. Professions des résidents ; lieu de travail et commanditaires peuvent être extérieurs au quartier. Visiteurs exclus du stock. activité/institution locale Budget civil 2,00 % ; coefficient 0,500000 ; part de filière 0,831 %. Savoir-faire de terrain et sécurité ; procédé spécialisé distinct du rang social.";5.171971897932173e-07;1.6291676205544944e-07;3.5006939080253504e-05;0.008254613194826918;0.0007826557621160407
Carrier;Extracteur de ressources minérales;0.00907295600997506;0.015092916808023191;0.22682390024937654;D — activité déduite;"MJ135; SB160";"Activités de la localité détaillées dans la notice régionale ; libellé technique remplacé par mécanisme du scénario. Professions des résidents ; lieu de travail et commanditaires peuvent être extérieurs au quartier. Visiteurs exclus du stock. activité/institution locale Budget civil 2,00 % ; coefficient 0,500000 ; part de filière 0,831 %. Savoir-faire de terrain et sécurité ; procédé spécialisé distinct du rang social.";5.171971897932173e-07;1.6291676205544944e-07;3.5006939080253504e-05;0.008254613194826918;0.0007826557621160407
Salinier;Extracteur de ressources minérales;0;0;0.0;P — activité proposée;SB120;"Activités de la localité détaillées dans la notice régionale ; libellé technique remplacé par mécanisme du scénario. Professions des résidents ; lieu de travail et commanditaires peuvent être extérieurs au quartier. Visiteurs exclus du stock. activité/institution locale Budget civil 2,00 % ; coefficient 0,000000 ; part de filière 0,000 %. Zéro proposé : Climat, matière ou culture hors filière régionale retenue ; aucun établissement exceptionnel proposé. Savoir-faire de terrain et sécurité ; procédé spécialisé distinct du rang social.";0;0;0;0;0
Mineur de bauronite;Extracteur de ressources minérales;0;0;0.0;A — activité attestée;"SB174; SB182";"Activités de la localité détaillées dans la notice régionale ; libellé technique remplacé par mécanisme du scénario. Professions des résidents ; lieu de travail et commanditaires peuvent être extérieurs au quartier. Visiteurs exclus du stock. activité/institution locale Budget civil 2,00 % ; coefficient 0,000000 ; part de filière 0,000 %. Zéro proposé : Climat, matière ou culture hors filière régionale retenue ; aucun établissement exceptionnel proposé. Savoir-faire de terrain et sécurité ; procédé spécialisé distinct du rang social.";0;0;0;0;0
Mineur de tameranium;Extracteur de ressources minérales;0.00907295600997506;0.015092916808023191;0.22682390024937654;A — activité attestée;"SB168; SB198";"Activités de la localité détaillées dans la notice régionale ; libellé technique remplacé par mécanisme du scénario. Professions des résidents ; lieu de travail et commanditaires peuvent être extérieurs au quartier. Visiteurs exclus du stock. activité/institution locale Budget civil 2,00 % ; coefficient 0,500000 ; part de filière 0,831 %. Savoir-faire de terrain et sécurité ; procédé spécialisé distinct du rang social.";5.171971897932173e-07;1.6291676205544944e-07;3.5006939080253504e-05;0.008254613194826918;0.0007826557621160407
Extracteur d’obsidienne;Extracteur de ressources minérales;0;0;0.0;A — activité attestée;SB190;"Activités de la localité détaillées dans la notice régionale ; libellé technique remplacé par mécanisme du scénario. Professions des résidents ; lieu de travail et commanditaires peuvent être extérieurs au quartier. Visiteurs exclus du stock. activité/institution locale Budget civil 2,00 % ; coefficient 0,000000 ; part de filière 0,000 %. Zéro proposé : Filière régionale non retenue dans ce scénario, sans interdiction universelle. Savoir-faire de terrain et sécurité ; procédé spécialisé distinct du rang social.";0;0;0;0;0
Extracteur de soufre;Extracteur de ressources minérales;0;0;0.0;A — activité attestée;SB190;"Activités de la localité détaillées dans la notice régionale ; libellé technique remplacé par mécanisme du scénario. Professions des résidents ; lieu de travail et commanditaires peuvent être extérieurs au quartier. Visiteurs exclus du stock. activité/institution locale Budget civil 2,00 % ; coefficient 0,000000 ; part de filière 0,000 %. Zéro proposé : Filière régionale non retenue dans ce scénario, sans interdiction universelle. Savoir-faire de terrain et sécurité ; procédé spécialisé distinct du rang social.";0;0;0;0;0
Prospecteur;Extracteur de ressources minérales;0.00907295600997506;0.015092916808023191;0.22682390024937654;D — activité déduite;SB104;"Activités de la localité détaillées dans la notice régionale ; libellé technique remplacé par mécanisme du scénario. Professions des résidents ; lieu de travail et commanditaires peuvent être extérieurs au quartier. Visiteurs exclus du stock. activité/institution locale Budget civil 2,00 % ; coefficient 0,500000 ; part de filière 0,831 %. Savoir-faire de terrain et sécurité ; procédé spécialisé distinct du rang social.";5.171971897932173e-07;1.6291676205544944e-07;3.5006939080253504e-05;0.008254613194826918;0.0007826557621160407
Meunier;Meunier;0.09077627234851482;0.15100687418657024;2.2694068087128705;D — activité déduite;SB121;"Activités de la localité détaillées dans la notice régionale ; libellé technique remplacé par mécanisme du scénario. Professions des résidents ; lieu de travail et commanditaires peuvent être extérieurs au quartier. Visiteurs exclus du stock. activité/institution locale Budget civil 12,00 % ; coefficient 1,750000 ; part de filière 1,386 %. Apprentissage, atelier, combustible et outils ; titre noble ne remplace pas qualification.";1.0190137850894063e-05;1.2839545893357126e-05;0.0017243207330083217;0.08131873879160668;0.007710183140155566
Boucher;Boucher;0.10374431125544553;0.17257928478465176;2.5936077813861385;D — activité déduite;SB99;"Activités de la localité détaillées dans la notice régionale ; libellé technique remplacé par mécanisme du scénario. Professions des résidents ; lieu de travail et commanditaires peuvent être extérieurs au quartier. Visiteurs exclus du stock. activité/institution locale Budget civil 12,00 % ; coefficient 2,000000 ; part de filière 1,584 %. Apprentissage, atelier, combustible et outils ; titre noble ne remplace pas qualification.";1.164587182959322e-05;1.4673766735265287e-05;0.0019706522662952253;0.09293570147612194;0.008811637874463507
Écorcheur;Boucher;0.041497724502178215;0.06903171391386069;1.0374431125544554;A — activité attestée;MJ128;"Activités de la localité détaillées dans la notice régionale ; libellé technique remplacé par mécanisme du scénario. Professions des résidents ; lieu de travail et commanditaires peuvent être extérieurs au quartier. Visiteurs exclus du stock. activité/institution locale Budget civil 12,00 % ; coefficient 0,800000 ; part de filière 0,634 %. Apprentissage, atelier, combustible et outils ; titre noble ne remplace pas qualification.";4.658348731837288e-06;5.8695066941061165e-06;0.0007882609065180899;0.03717428059044878;0.003524655149785405
Boulanger;Boulanger;0.22045666141782178;0.366730980167385;5.511416535445544;A — activité attestée;MJ128;"Activités de la localité détaillées dans la notice régionale ; libellé technique remplacé par mécanisme du scénario. Professions des résidents ; lieu de travail et commanditaires peuvent être extérieurs au quartier. Visiteurs exclus du stock. activité/institution locale Budget civil 12,00 % ; coefficient 4,250000 ; part de filière 3,366 %. Apprentissage, atelier, combustible et outils ; titre noble ne remplace pas qualification.";2.474747763788558e-05;3.118175431243874e-05;0.004187636065877352;0.19748836563675914;0.018724730483234957
Cuisinier;Cuisinier;0.8445782367810161;1.4049609687943176;21.114455919525405;A — activité attestée;MJ128;"Activités de la localité détaillées dans la notice régionale ; libellé technique remplacé par mécanisme du scénario. Professions des résidents ; lieu de travail et commanditaires peuvent être extérieurs au quartier. Visiteurs exclus du stock. activité/institution locale Budget civil 12,00 % ; coefficient 7,500000 ; part de filière 12,897 %. Apprentissage et qualification variable ; soins avancés et thérapie magique exigent formation.";4.8517174791209186e-05;1.528287697043038e-05;0.0016419634674938294;0.7743478099085588;0.06852466335320181
Cuisinier de haute cuisine;Cuisinier;0;0;0.0;A — activité attestée;"PG28; CC52";"Activités de la localité détaillées dans la notice régionale ; libellé technique remplacé par mécanisme du scénario. Professions des résidents ; lieu de travail et commanditaires peuvent être extérieurs au quartier. Visiteurs exclus du stock. activité/institution locale Budget civil 12,00 % ; coefficient 0,000000 ; part de filière 0,000 %. Zéro proposé : Haute cuisine concentrée auprès de clientèle et maîtres attestés/proposés ; cuisine ordinaire conservée. Apprentissage et qualification variable ; soins avancés et thérapie magique exigent formation.";0;0;0;0;0
Poissonnier;Transformateur alimentaire;0.06743380231603958;0.11217653511002362;1.6858450579009898;D — activité déduite;"SB120; SB149";"Activités de la localité détaillées dans la notice régionale ; libellé technique remplacé par mécanisme du scénario. Professions des résidents ; lieu de travail et commanditaires peuvent être extérieurs au quartier. Visiteurs exclus du stock. activité/institution locale Budget civil 12,00 % ; coefficient 1,300000 ; part de filière 1,030 %. Apprentissage, atelier, combustible et outils ; titre noble ne remplace pas qualification.";7.569816689235593e-06;9.537948377922435e-06;0.001280923973091896;0.06040820595947926;0.005727564618401277
Saleur et sécheur alimentaire;Transformateur alimentaire;0.06743380231603958;0.11217653511002362;1.6858450579009898;D — activité déduite;"SB120; SB149";"Activités de la localité détaillées dans la notice régionale ; libellé technique remplacé par mécanisme du scénario. Professions des résidents ; lieu de travail et commanditaires peuvent être extérieurs au quartier. Visiteurs exclus du stock. activité/institution locale Budget civil 12,00 % ; coefficient 1,300000 ; part de filière 1,030 %. Apprentissage, atelier, combustible et outils ; titre noble ne remplace pas qualification.";7.569816689235593e-06;9.537948377922435e-06;0.001280923973091896;0.06040820595947926;0.005727564618401277
Fromager;Transformateur alimentaire;0.06743380231603958;0.11217653511002362;1.6858450579009898;A — activité attestée;"SB120; SB149";"Activités de la localité détaillées dans la notice régionale ; libellé technique remplacé par mécanisme du scénario. Professions des résidents ; lieu de travail et commanditaires peuvent être extérieurs au quartier. Visiteurs exclus du stock. activité/institution locale Budget civil 12,00 % ; coefficient 1,300000 ; part de filière 1,030 %. Apprentissage, atelier, combustible et outils ; titre noble ne remplace pas qualification.";7.569816689235593e-06;9.537948377922435e-06;0.001280923973091896;0.06040820595947926;0.005727564618401277
Huilier;Transformateur alimentaire;0.06743380231603958;0.11217653511002362;1.6858450579009898;P — activité proposée;"SB120; SB149";"Activités de la localité détaillées dans la notice régionale ; libellé technique remplacé par mécanisme du scénario. Professions des résidents ; lieu de travail et commanditaires peuvent être extérieurs au quartier. Visiteurs exclus du stock. activité/institution locale Budget civil 12,00 % ; coefficient 1,300000 ; part de filière 1,030 %. Apprentissage, atelier, combustible et outils ; titre noble ne remplace pas qualification.";7.569816689235593e-06;9.537948377922435e-06;0.001280923973091896;0.06040820595947926;0.005727564618401277
Brasseur;Fabricant de boissons;0.09336988012990097;0.15532135630618654;2.3342470032475244;A — activité attestée;"MJ128; SB120";"Activités de la localité détaillées dans la notice régionale ; libellé technique remplacé par mécanisme du scénario. Professions des résidents ; lieu de travail et commanditaires peuvent être extérieurs au quartier. Visiteurs exclus du stock. activité/institution locale Budget civil 12,00 % ; coefficient 1,800000 ; part de filière 1,426 %. Apprentissage, atelier, combustible et outils ; titre noble ne remplace pas qualification.";1.0481284646633892e-05;1.3206390061738758e-05;0.0017735870396657022;0.08364213132850974;0.007930474087017157
Distillateur;Fabricant de boissons;0.09336988012990097;0.15532135630618654;2.3342470032475244;A — activité attestée;"MJ128; SB120";"Activités de la localité détaillées dans la notice régionale ; libellé technique remplacé par mécanisme du scénario. Professions des résidents ; lieu de travail et commanditaires peuvent être extérieurs au quartier. Visiteurs exclus du stock. activité/institution locale Budget civil 12,00 % ; coefficient 1,800000 ; part de filière 1,426 %. Apprentissage, atelier, combustible et outils ; titre noble ne remplace pas qualification.";1.0481284646633892e-05;1.3206390061738758e-05;0.0017735870396657022;0.08364213132850974;0.007930474087017157
Distillateur de Highlandtuber;Fabricant de boissons;0;0;0.0;A — activité attestée;"SB120; SB121";"Activités de la localité détaillées dans la notice régionale ; libellé technique remplacé par mécanisme du scénario. Professions des résidents ; lieu de travail et commanditaires peuvent être extérieurs au quartier. Visiteurs exclus du stock. activité/institution locale Budget civil 12,00 % ; coefficient 0,000000 ; part de filière 0,000 %. Zéro proposé : Filière régionale non retenue dans ce scénario, sans interdiction universelle. Apprentissage, atelier, combustible et outils ; titre noble ne remplace pas qualification.";0;0;0;0;0
Maître de cérémonie du thé;Maître de cérémonie du thé;0.1036211969620253;0.17237448341821426;2.5905299240506325;A — activité attestée;SB201;"Activités de la localité détaillées dans la notice régionale ; libellé technique remplacé par mécanisme du scénario. Professions des résidents ; lieu de travail et commanditaires peuvent être extérieurs au quartier. Visiteurs exclus du stock. activité/institution locale Budget civil 1,00 % ; coefficient 4,500000 ; part de filière 18,987 %. Apprentissage, audition et réseau ; accès au mérite notamment Mustardseed.";0.00016509409428143418;5.2004527104182403e-05;0.0020952256031678508;0.09881056364510507;0.002498309092366763
Alchimiste;Alchimiste;0.125893125;0.20942396945802977;3.1473281249999996;A — activité attestée;"MJ128; BR55";"Activités de la localité détaillées dans la notice régionale ; libellé technique remplacé par mécanisme du scénario. Professions des résidents ; lieu de travail et commanditaires peuvent être extérieurs au quartier. Visiteurs exclus du stock. activité/institution locale Budget civil 3,00 % ; coefficient 2,500000 ; part de filière 7,689 %. Long apprentissage, frais, bourses, talent, licence ou secret ; titre ne donne pas maîtrise.";0.0007379901493883574;0.00023246639374672288;0.006243937687430812;0.11778531177303993;0.0008934189963941684
Apothicaire;Alchimiste;0.05035724999999999;0.0837695877832119;1.2589312499999998;A — activité attestée;"MJ128; BR55";"Activités de la localité détaillées dans la notice régionale ; libellé technique remplacé par mécanisme du scénario. Professions des résidents ; lieu de travail et commanditaires peuvent être extérieurs au quartier. Visiteurs exclus du stock. activité/institution locale Budget civil 3,00 % ; coefficient 1,000000 ; part de filière 3,076 %. Long apprentissage, frais, bourses, talent, licence ou secret ; titre ne donne pas maîtrise.";0.00029519605975534305;9.298655749868916e-05;0.002497575074972325;0.04711412470921597;0.00035736759855766744
Préparateur de poisons;Alchimiste;0.05035724999999999;0.0837695877832119;1.2589312499999998;D — activité déduite;"BR55; SB193";"Activités de la localité détaillées dans la notice régionale ; libellé technique remplacé par mécanisme du scénario. Professions des résidents ; lieu de travail et commanditaires peuvent être extérieurs au quartier. Visiteurs exclus du stock. activité/institution locale Budget civil 3,00 % ; coefficient 1,000000 ; part de filière 3,076 %. Long apprentissage, frais, bourses, talent, licence ou secret ; titre ne donne pas maîtrise.";0.00029519605975534305;9.298655749868916e-05;0.002497575074972325;0.04711412470921597;0.00035736759855766744
Préparateur de potions;Alchimiste;0.05035724999999999;0.0837695877832119;1.2589312499999998;A — activité attestée;SB138;"Activités de la localité détaillées dans la notice régionale ; libellé technique remplacé par mécanisme du scénario. Professions des résidents ; lieu de travail et commanditaires peuvent être extérieurs au quartier. Visiteurs exclus du stock. activité/institution locale Budget civil 3,00 % ; coefficient 1,000000 ; part de filière 3,076 %. Long apprentissage, frais, bourses, talent, licence ou secret ; titre ne donne pas maîtrise.";0.00029519605975534305;9.298655749868916e-05;0.002497575074972325;0.04711412470921597;0.00035736759855766744
Préparateur d’Estelindea;Alchimiste;0;0;0.0;A — activité attestée;SB153;"Activités de la localité détaillées dans la notice régionale ; libellé technique remplacé par mécanisme du scénario. Professions des résidents ; lieu de travail et commanditaires peuvent être extérieurs au quartier. Visiteurs exclus du stock. activité/institution locale Budget civil 3,00 % ; coefficient 0,000000 ; part de filière 0,000 %. Zéro proposé : Filière régionale non retenue dans ce scénario, sans interdiction universelle. Long apprentissage, frais, bourses, talent, licence ou secret ; titre ne donne pas maîtrise.";0;0;0;0;0
Charbonnier;Charbonnier;0.013609434014962592;0.022639375212034792;0.3402358503740648;P — activité proposée;SB128;"Activités de la localité détaillées dans la notice régionale ; libellé technique remplacé par mécanisme du scénario. Professions des résidents ; lieu de travail et commanditaires peuvent être extérieurs au quartier. Visiteurs exclus du stock. activité/institution locale Budget civil 2,00 % ; coefficient 0,750000 ; part de filière 1,247 %. Savoir-faire de terrain et sécurité ; procédé spécialisé distinct du rang social.";7.75795784689826e-07;2.443751430831741e-07;5.2510408620380266e-05;0.012381919792240377;0.0011739836431740615
Fondeur et affineur;Métallurgiste;0.09077627234851482;0.15100687418657024;2.2694068087128705;D — activité déduite;"SB198; SB160";"Activités de la localité détaillées dans la notice régionale ; libellé technique remplacé par mécanisme du scénario. Professions des résidents ; lieu de travail et commanditaires peuvent être extérieurs au quartier. Visiteurs exclus du stock. activité/institution locale Budget civil 12,00 % ; coefficient 1,750000 ; part de filière 1,386 %. Apprentissage, atelier, combustible et outils ; titre noble ne remplace pas qualification.";1.0190137850894063e-05;1.2839545893357126e-05;0.0017243207330083217;0.08131873879160668;0.007710183140155566
Aciériste;Métallurgiste;0.09077627234851482;0.15100687418657024;2.2694068087128705;D — activité déduite;SB198;"Activités de la localité détaillées dans la notice régionale ; libellé technique remplacé par mécanisme du scénario. Professions des résidents ; lieu de travail et commanditaires peuvent être extérieurs au quartier. Visiteurs exclus du stock. activité/institution locale Budget civil 12,00 % ; coefficient 1,750000 ; part de filière 1,386 %. Apprentissage, atelier, combustible et outils ; titre noble ne remplace pas qualification.";1.0190137850894063e-05;1.2839545893357126e-05;0.0017243207330083217;0.08131873879160668;0.007710183140155566
Forgeron;Forgeron;0.25936077813861386;0.4314482119616294;6.484019453465346;A — activité attestée;MJ128;"Activités de la localité détaillées dans la notice régionale ; libellé technique remplacé par mécanisme du scénario. Professions des résidents ; lieu de travail et commanditaires peuvent être extérieurs au quartier. Visiteurs exclus du stock. activité/institution locale Budget civil 12,00 % ; coefficient 5,000000 ; part de filière 3,960 %. Apprentissage, atelier, combustible et outils ; titre noble ne remplace pas qualification.";2.9114679573983044e-05;3.6684416838163206e-05;0.0049266306657380615;0.23233925369030486;0.022029094686158757
Armurier;Forgeron;0.10374431125544553;0.17257928478465176;2.5936077813861385;A — activité attestée;MJ128;"Activités de la localité détaillées dans la notice régionale ; libellé technique remplacé par mécanisme du scénario. Professions des résidents ; lieu de travail et commanditaires peuvent être extérieurs au quartier. Visiteurs exclus du stock. activité/institution locale Budget civil 12,00 % ; coefficient 2,000000 ; part de filière 1,584 %. Apprentissage, atelier, combustible et outils ; titre noble ne remplace pas qualification.";1.164587182959322e-05;1.4673766735265287e-05;0.0019706522662952253;0.09293570147612194;0.008811637874463507
Coutelier;Forgeron;0.10374431125544553;0.17257928478465176;2.5936077813861385;D — activité déduite;MJ128;"Activités de la localité détaillées dans la notice régionale ; libellé technique remplacé par mécanisme du scénario. Professions des résidents ; lieu de travail et commanditaires peuvent être extérieurs au quartier. Visiteurs exclus du stock. activité/institution locale Budget civil 12,00 % ; coefficient 2,000000 ; part de filière 1,584 %. Apprentissage, atelier, combustible et outils ; titre noble ne remplace pas qualification.";1.164587182959322e-05;1.4673766735265287e-05;0.0019706522662952253;0.09293570147612194;0.008811637874463507
Rémouleur;Forgeron;0.10374431125544553;0.17257928478465176;2.5936077813861385;D — activité déduite;MJ128;"Activités de la localité détaillées dans la notice régionale ; libellé technique remplacé par mécanisme du scénario. Professions des résidents ; lieu de travail et commanditaires peuvent être extérieurs au quartier. Visiteurs exclus du stock. activité/institution locale Budget civil 12,00 % ; coefficient 2,000000 ; part de filière 1,584 %. Apprentissage, atelier, combustible et outils ; titre noble ne remplace pas qualification.";1.164587182959322e-05;1.4673766735265287e-05;0.0019706522662952253;0.09293570147612194;0.008811637874463507
Serrurier;Mécanicien et artisan du métal;0.06224658675326731;0.10354757087079104;1.5561646688316828;A — activité attestée;"MJ128; SB174";"Activités de la localité détaillées dans la notice régionale ; libellé technique remplacé par mécanisme du scénario. Professions des résidents ; lieu de travail et commanditaires peuvent être extérieurs au quartier. Visiteurs exclus du stock. activité/institution locale Budget civil 12,00 % ; coefficient 1,200000 ; part de filière 0,950 %. Apprentissage, atelier, combustible et outils ; titre noble ne remplace pas qualification.";6.987523097755929e-06;8.80426004115917e-06;0.0011823913597771346;0.05576142088567316;0.005286982724678103
Rétameur;Mécanicien et artisan du métal;0.06224658675326731;0.10354757087079104;1.5561646688316828;A — activité attestée;"MJ128; SB174";"Activités de la localité détaillées dans la notice régionale ; libellé technique remplacé par mécanisme du scénario. Professions des résidents ; lieu de travail et commanditaires peuvent être extérieurs au quartier. Visiteurs exclus du stock. activité/institution locale Budget civil 12,00 % ; coefficient 1,200000 ; part de filière 0,950 %. Apprentissage, atelier, combustible et outils ; titre noble ne remplace pas qualification.";6.987523097755929e-06;8.80426004115917e-06;0.0011823913597771346;0.05576142088567316;0.005286982724678103
Réparateur et bricoleur;Mécanicien et artisan du métal;0.06224658675326731;0.10354757087079104;1.5561646688316828;A — activité attestée;"MJ128; SB174";"Activités de la localité détaillées dans la notice régionale ; libellé technique remplacé par mécanisme du scénario. Professions des résidents ; lieu de travail et commanditaires peuvent être extérieurs au quartier. Visiteurs exclus du stock. activité/institution locale Budget civil 12,00 % ; coefficient 1,200000 ; part de filière 0,950 %. Apprentissage, atelier, combustible et outils ; titre noble ne remplace pas qualification.";6.987523097755929e-06;8.80426004115917e-06;0.0011823913597771346;0.05576142088567316;0.005286982724678103
Horloger;Mécanicien et artisan du métal;0;0;0.0;D — activité déduite;SB174;"Activités de la localité détaillées dans la notice régionale ; libellé technique remplacé par mécanisme du scénario. Professions des résidents ; lieu de travail et commanditaires peuvent être extérieurs au quartier. Visiteurs exclus du stock. activité/institution locale Budget civil 12,00 % ; coefficient 0,000000 ; part de filière 0,000 %. Zéro proposé : Climat, matière ou culture hors filière régionale retenue ; aucun établissement exceptionnel proposé. Apprentissage, atelier, combustible et outils ; titre noble ne remplace pas qualification.";0;0;0;0;0
Fabricant d’outils de précision;Mécanicien et artisan du métal;0;0;0.0;A — activité attestée;SB174;"Activités de la localité détaillées dans la notice régionale ; libellé technique remplacé par mécanisme du scénario. Professions des résidents ; lieu de travail et commanditaires peuvent être extérieurs au quartier. Visiteurs exclus du stock. activité/institution locale Budget civil 12,00 % ; coefficient 0,000000 ; part de filière 0,000 %. Zéro proposé : Climat, matière ou culture hors filière régionale retenue ; aucun établissement exceptionnel proposé. Apprentissage, atelier, combustible et outils ; titre noble ne remplace pas qualification.";0;0;0;0;0
Fabricant d’instruments de navigation;Mécanicien et artisan du métal;0;0;0.0;D — activité déduite;SB174;"Activités de la localité détaillées dans la notice régionale ; libellé technique remplacé par mécanisme du scénario. Professions des résidents ; lieu de travail et commanditaires peuvent être extérieurs au quartier. Visiteurs exclus du stock. activité/institution locale Budget civil 12,00 % ; coefficient 0,000000 ; part de filière 0,000 %. Zéro proposé : Climat, matière ou culture hors filière régionale retenue ; aucun établissement exceptionnel proposé. Apprentissage, atelier, combustible et outils ; titre noble ne remplace pas qualification.";0;0;0;0;0
Bijoutier;Bijoutier;0.10374431125544553;0.17257928478465176;2.5936077813861385;A — activité attestée;MJ128;"Activités de la localité détaillées dans la notice régionale ; libellé technique remplacé par mécanisme du scénario. Professions des résidents ; lieu de travail et commanditaires peuvent être extérieurs au quartier. Visiteurs exclus du stock. activité/institution locale Budget civil 12,00 % ; coefficient 2,000000 ; part de filière 1,584 %. Apprentissage, atelier, combustible et outils ; titre noble ne remplace pas qualification.";1.164587182959322e-05;1.4673766735265287e-05;0.0019706522662952253;0.09293570147612194;0.008811637874463507
Orfèvre;Bijoutier;0.041497724502178215;0.06903171391386069;1.0374431125544554;A — activité attestée;MJ128;"Activités de la localité détaillées dans la notice régionale ; libellé technique remplacé par mécanisme du scénario. Professions des résidents ; lieu de travail et commanditaires peuvent être extérieurs au quartier. Visiteurs exclus du stock. activité/institution locale Budget civil 12,00 % ; coefficient 0,800000 ; part de filière 0,634 %. Apprentissage, atelier, combustible et outils ; titre noble ne remplace pas qualification.";4.658348731837288e-06;5.8695066941061165e-06;0.0007882609065180899;0.03717428059044878;0.003524655149785405
Lapidaire et tailleur de gemmes;Bijoutier;0.041497724502178215;0.06903171391386069;1.0374431125544554;A — activité attestée;MJ128;"Activités de la localité détaillées dans la notice régionale ; libellé technique remplacé par mécanisme du scénario. Professions des résidents ; lieu de travail et commanditaires peuvent être extérieurs au quartier. Visiteurs exclus du stock. activité/institution locale Budget civil 12,00 % ; coefficient 0,800000 ; part de filière 0,634 %. Apprentissage, atelier, combustible et outils ; titre noble ne remplace pas qualification.";4.658348731837288e-06;5.8695066941061165e-06;0.0007882609065180899;0.03717428059044878;0.003524655149785405
Tanneur;Tanneur;0.06484019453465346;0.10786205299040735;1.6210048633663365;A — activité attestée;MJ128;"Activités de la localité détaillées dans la notice régionale ; libellé technique remplacé par mécanisme du scénario. Professions des résidents ; lieu de travail et commanditaires peuvent être extérieurs au quartier. Visiteurs exclus du stock. activité/institution locale Budget civil 12,00 % ; coefficient 1,250000 ; part de filière 0,990 %. Apprentissage, atelier, combustible et outils ; titre noble ne remplace pas qualification.";7.278669893495761e-06;9.171104209540801e-06;0.0012316576664345154;0.058084813422576216;0.005507273671539689
Fourreur;Tanneur;0.025936077813861383;0.04314482119616294;0.6484019453465346;D — activité déduite;"SB120; SB133";"Activités de la localité détaillées dans la notice régionale ; libellé technique remplacé par mécanisme du scénario. Professions des résidents ; lieu de travail et commanditaires peuvent être extérieurs au quartier. Visiteurs exclus du stock. activité/institution locale Budget civil 12,00 % ; coefficient 0,500000 ; part de filière 0,396 %. Apprentissage, atelier, combustible et outils ; titre noble ne remplace pas qualification.";2.911467957398305e-06;3.6684416838163217e-06;0.0004926630665738063;0.023233925369030486;0.002202909468615877
Maroquinier;Artisan du cuir;0.08299544900435643;0.13806342782772138;2.074886225108911;A — activité attestée;MJ128;"Activités de la localité détaillées dans la notice régionale ; libellé technique remplacé par mécanisme du scénario. Professions des résidents ; lieu de travail et commanditaires peuvent être extérieurs au quartier. Visiteurs exclus du stock. activité/institution locale Budget civil 12,00 % ; coefficient 1,600000 ; part de filière 1,267 %. Apprentissage, atelier, combustible et outils ; titre noble ne remplace pas qualification.";9.316697463674575e-06;1.1739013388212233e-05;0.0015765218130361798;0.07434856118089755;0.00704931029957081
Bourrelier et sellier;Artisan du cuir;0.08299544900435643;0.13806342782772138;2.074886225108911;D — activité déduite;"MJ128; SB163";"Activités de la localité détaillées dans la notice régionale ; libellé technique remplacé par mécanisme du scénario. Professions des résidents ; lieu de travail et commanditaires peuvent être extérieurs au quartier. Visiteurs exclus du stock. activité/institution locale Budget civil 12,00 % ; coefficient 1,600000 ; part de filière 1,267 %. Apprentissage, atelier, combustible et outils ; titre noble ne remplace pas qualification.";9.316697463674575e-06;1.1739013388212233e-05;0.0015765218130361798;0.07434856118089755;0.00704931029957081
Boursier, fabricant de bourses;Artisan du cuir;0.08299544900435643;0.13806342782772138;2.074886225108911;D — activité déduite;MJ128;"Activités de la localité détaillées dans la notice régionale ; libellé technique remplacé par mécanisme du scénario. Professions des résidents ; lieu de travail et commanditaires peuvent être extérieurs au quartier. Visiteurs exclus du stock. activité/institution locale Budget civil 12,00 % ; coefficient 1,600000 ; part de filière 1,267 %. Apprentissage, atelier, combustible et outils ; titre noble ne remplace pas qualification.";9.316697463674575e-06;1.1739013388212233e-05;0.0015765218130361798;0.07434856118089755;0.00704931029957081
Gantier;Artisan du cuir;0.08299544900435643;0.13806342782772138;2.074886225108911;D — activité déduite;MJ128;"Activités de la localité détaillées dans la notice régionale ; libellé technique remplacé par mécanisme du scénario. Professions des résidents ; lieu de travail et commanditaires peuvent être extérieurs au quartier. Visiteurs exclus du stock. activité/institution locale Budget civil 12,00 % ; coefficient 1,600000 ; part de filière 1,267 %. Apprentissage, atelier, combustible et outils ; titre noble ne remplace pas qualification.";9.316697463674575e-06;1.1739013388212233e-05;0.0015765218130361798;0.07434856118089755;0.00704931029957081
Cordonnier;Artisan du cuir;0.08299544900435643;0.13806342782772138;2.074886225108911;A — activité attestée;MJ128;"Activités de la localité détaillées dans la notice régionale ; libellé technique remplacé par mécanisme du scénario. Professions des résidents ; lieu de travail et commanditaires peuvent être extérieurs au quartier. Visiteurs exclus du stock. activité/institution locale Budget civil 12,00 % ; coefficient 1,600000 ; part de filière 1,267 %. Apprentissage, atelier, combustible et outils ; titre noble ne remplace pas qualification.";9.316697463674575e-06;1.1739013388212233e-05;0.0015765218130361798;0.07434856118089755;0.00704931029957081
Fileur;Artisan textile;0.20748862251089106;0.3451585695693035;5.187215562772277;D — activité déduite;MJ128;"Activités de la localité détaillées dans la notice régionale ; libellé technique remplacé par mécanisme du scénario. Professions des résidents ; lieu de travail et commanditaires peuvent être extérieurs au quartier. Visiteurs exclus du stock. activité/institution locale Budget civil 12,00 % ; coefficient 4,000000 ; part de filière 3,168 %. Apprentissage, atelier, combustible et outils ; titre noble ne remplace pas qualification.";2.329174365918644e-05;2.9347533470530573e-05;0.0039413045325904505;0.18587140295224389;0.017623275748927015
Tisserand;Artisan textile;0.20748862251089106;0.3451585695693035;5.187215562772277;A — activité attestée;MJ128;"Activités de la localité détaillées dans la notice régionale ; libellé technique remplacé par mécanisme du scénario. Professions des résidents ; lieu de travail et commanditaires peuvent être extérieurs au quartier. Visiteurs exclus du stock. activité/institution locale Budget civil 12,00 % ; coefficient 4,000000 ; part de filière 3,168 %. Apprentissage, atelier, combustible et outils ; titre noble ne remplace pas qualification.";2.329174365918644e-05;2.9347533470530573e-05;0.0039413045325904505;0.18587140295224389;0.017623275748927015
Teinturier;Artisan textile;0.20748862251089106;0.3451585695693035;5.187215562772277;A — activité attestée;MJ128;"Activités de la localité détaillées dans la notice régionale ; libellé technique remplacé par mécanisme du scénario. Professions des résidents ; lieu de travail et commanditaires peuvent être extérieurs au quartier. Visiteurs exclus du stock. activité/institution locale Budget civil 12,00 % ; coefficient 4,000000 ; part de filière 3,168 %. Apprentissage, atelier, combustible et outils ; titre noble ne remplace pas qualification.";2.329174365918644e-05;2.9347533470530573e-05;0.0039413045325904505;0.18587140295224389;0.017623275748927015
Tailleur;Tailleur de vêtements;0.10374431125544553;0.17257928478465176;2.5936077813861385;D — activité déduite;"MJ128; SB139";"Activités de la localité détaillées dans la notice régionale ; libellé technique remplacé par mécanisme du scénario. Professions des résidents ; lieu de travail et commanditaires peuvent être extérieurs au quartier. Visiteurs exclus du stock. activité/institution locale Budget civil 12,00 % ; coefficient 2,000000 ; part de filière 1,584 %. Apprentissage, atelier, combustible et outils ; titre noble ne remplace pas qualification.";1.164587182959322e-05;1.4673766735265287e-05;0.0019706522662952253;0.09293570147612194;0.008811637874463507
Modiste et fabricant de coiffes;Tailleur de vêtements;0.10374431125544553;0.17257928478465176;2.5936077813861385;D — activité déduite;"SB139; SB120";"Activités de la localité détaillées dans la notice régionale ; libellé technique remplacé par mécanisme du scénario. Professions des résidents ; lieu de travail et commanditaires peuvent être extérieurs au quartier. Visiteurs exclus du stock. activité/institution locale Budget civil 12,00 % ; coefficient 2,000000 ; part de filière 1,584 %. Apprentissage, atelier, combustible et outils ; titre noble ne remplace pas qualification.";1.164587182959322e-05;1.4673766735265287e-05;0.0019706522662952253;0.09293570147612194;0.008811637874463507
Tapissier;Tapissier;0.051872155627722766;0.08628964239232588;1.2968038906930692;D — activité déduite;SB200;"Activités de la localité détaillées dans la notice régionale ; libellé technique remplacé par mécanisme du scénario. Professions des résidents ; lieu de travail et commanditaires peuvent être extérieurs au quartier. Visiteurs exclus du stock. activité/institution locale Budget civil 12,00 % ; coefficient 1,000000 ; part de filière 0,792 %. Apprentissage, atelier, combustible et outils ; titre noble ne remplace pas qualification.";5.82293591479661e-06;7.336883367632643e-06;0.0009853261331476126;0.04646785073806097;0.004405818937231754
Menuisier;Menuisier;0.25936077813861386;0.4314482119616294;6.484019453465346;D — activité déduite;"MJ128; SB152";"Activités de la localité détaillées dans la notice régionale ; libellé technique remplacé par mécanisme du scénario. Professions des résidents ; lieu de travail et commanditaires peuvent être extérieurs au quartier. Visiteurs exclus du stock. activité/institution locale Budget civil 12,00 % ; coefficient 5,000000 ; part de filière 3,960 %. Apprentissage, atelier, combustible et outils ; titre noble ne remplace pas qualification.";2.9114679573983044e-05;3.6684416838163206e-05;0.0049266306657380615;0.23233925369030486;0.022029094686158757
Ébéniste;Menuisier;0.10374431125544553;0.17257928478465176;2.5936077813861385;D — activité déduite;MJ128;"Activités de la localité détaillées dans la notice régionale ; libellé technique remplacé par mécanisme du scénario. Professions des résidents ; lieu de travail et commanditaires peuvent être extérieurs au quartier. Visiteurs exclus du stock. activité/institution locale Budget civil 12,00 % ; coefficient 2,000000 ; part de filière 1,584 %. Apprentissage, atelier, combustible et outils ; titre noble ne remplace pas qualification.";1.164587182959322e-05;1.4673766735265287e-05;0.0019706522662952253;0.09293570147612194;0.008811637874463507
Sculpteur sur bois;Menuisier;0.10374431125544553;0.17257928478465176;2.5936077813861385;A — activité attestée;MJ128;"Activités de la localité détaillées dans la notice régionale ; libellé technique remplacé par mécanisme du scénario. Professions des résidents ; lieu de travail et commanditaires peuvent être extérieurs au quartier. Visiteurs exclus du stock. activité/institution locale Budget civil 12,00 % ; coefficient 2,000000 ; part de filière 1,584 %. Apprentissage, atelier, combustible et outils ; titre noble ne remplace pas qualification.";1.164587182959322e-05;1.4673766735265287e-05;0.0019706522662952253;0.09293570147612194;0.008811637874463507
Tonnelier;Menuisier;0.10374431125544553;0.17257928478465176;2.5936077813861385;A — activité attestée;MJ128;"Activités de la localité détaillées dans la notice régionale ; libellé technique remplacé par mécanisme du scénario. Professions des résidents ; lieu de travail et commanditaires peuvent être extérieurs au quartier. Visiteurs exclus du stock. activité/institution locale Budget civil 12,00 % ; coefficient 2,000000 ; part de filière 1,584 %. Apprentissage, atelier, combustible et outils ; titre noble ne remplace pas qualification.";1.164587182959322e-05;1.4673766735265287e-05;0.0019706522662952253;0.09293570147612194;0.008811637874463507
Charron;Menuisier;0.10374431125544553;0.17257928478465176;2.5936077813861385;A — activité attestée;MJ128;"Activités de la localité détaillées dans la notice régionale ; libellé technique remplacé par mécanisme du scénario. Professions des résidents ; lieu de travail et commanditaires peuvent être extérieurs au quartier. Visiteurs exclus du stock. activité/institution locale Budget civil 12,00 % ; coefficient 2,000000 ; part de filière 1,584 %. Apprentissage, atelier, combustible et outils ; titre noble ne remplace pas qualification.";1.164587182959322e-05;1.4673766735265287e-05;0.0019706522662952253;0.09293570147612194;0.008811637874463507
Charpentier;Charpentier;0.16858450579009898;0.2804413377750591;4.214612644752474;A — activité attestée;MJ128;"Activités de la localité détaillées dans la notice régionale ; libellé technique remplacé par mécanisme du scénario. Professions des résidents ; lieu de travail et commanditaires peuvent être extérieurs au quartier. Visiteurs exclus du stock. activité/institution locale Budget civil 12,00 % ; coefficient 3,250000 ; part de filière 2,574 %. Apprentissage, atelier, combustible et outils ; titre noble ne remplace pas qualification.";1.892454172308898e-05;2.3844870944806093e-05;0.0032023099327297406;0.15102051489869814;0.014318911546003203
Couvreur;Charpentier;0.06743380231603958;0.11217653511002362;1.6858450579009898;A — activité attestée;MJ128;"Activités de la localité détaillées dans la notice régionale ; libellé technique remplacé par mécanisme du scénario. Professions des résidents ; lieu de travail et commanditaires peuvent être extérieurs au quartier. Visiteurs exclus du stock. activité/institution locale Budget civil 12,00 % ; coefficient 1,300000 ; part de filière 1,030 %. Apprentissage, atelier, combustible et outils ; titre noble ne remplace pas qualification.";7.569816689235593e-06;9.537948377922435e-06;0.001280923973091896;0.06040820595947926;0.005727564618401277
Constructeur naval;Constructeur naval;0.07780823344158416;0.12943446358848884;1.945205836039604;A — activité attestée;"MJ128; SB148";"Activités de la localité détaillées dans la notice régionale ; libellé technique remplacé par mécanisme du scénario. Professions des résidents ; lieu de travail et commanditaires peuvent être extérieurs au quartier. Visiteurs exclus du stock. activité/institution locale Budget civil 12,00 % ; coefficient 1,500000 ; part de filière 1,188 %. Apprentissage, atelier, combustible et outils ; titre noble ne remplace pas qualification.";8.734403872194915e-06;1.1005325051448965e-05;0.0014779891997214187;0.06970177610709147;0.006608728405847629
Calfat;Constructeur naval;0.031123293376633655;0.05177378543539552;0.7780823344158414;D — activité déduite;"MJ128; SB148";"Activités de la localité détaillées dans la notice régionale ; libellé technique remplacé par mécanisme du scénario. Professions des résidents ; lieu de travail et commanditaires peuvent être extérieurs au quartier. Visiteurs exclus du stock. activité/institution locale Budget civil 12,00 % ; coefficient 0,600000 ; part de filière 0,475 %. Apprentissage, atelier, combustible et outils ; titre noble ne remplace pas qualification.";3.4937615488779647e-06;4.402130020579585e-06;0.0005911956798885673;0.02788071044283658;0.0026434913623390515
Constructeur de drakkars;Constructeur naval;0;0;0.0;A — activité attestée;SB130;"Activités de la localité détaillées dans la notice régionale ; libellé technique remplacé par mécanisme du scénario. Professions des résidents ; lieu de travail et commanditaires peuvent être extérieurs au quartier. Visiteurs exclus du stock. activité/institution locale Budget civil 12,00 % ; coefficient 0,000000 ; part de filière 0,000 %. Zéro proposé : Filière régionale non retenue dans ce scénario, sans interdiction universelle. Apprentissage, atelier, combustible et outils ; titre noble ne remplace pas qualification.";0;0;0;0;0
Cordier;Cordier;0.06484019453465346;0.10786205299040735;1.6210048633663365;D — activité déduite;SB130;"Activités de la localité détaillées dans la notice régionale ; libellé technique remplacé par mécanisme du scénario. Professions des résidents ; lieu de travail et commanditaires peuvent être extérieurs au quartier. Visiteurs exclus du stock. activité/institution locale Budget civil 12,00 % ; coefficient 1,250000 ; part de filière 0,990 %. Apprentissage, atelier, combustible et outils ; titre noble ne remplace pas qualification.";7.278669893495761e-06;9.171104209540801e-06;0.0012316576664345154;0.058084813422576216;0.005507273671539689
Voilier;Cordier;0.025936077813861383;0.04314482119616294;0.6484019453465346;A — activité attestée;MJ128;"Activités de la localité détaillées dans la notice régionale ; libellé technique remplacé par mécanisme du scénario. Professions des résidents ; lieu de travail et commanditaires peuvent être extérieurs au quartier. Visiteurs exclus du stock. activité/institution locale Budget civil 12,00 % ; coefficient 0,500000 ; part de filière 0,396 %. Apprentissage, atelier, combustible et outils ; titre noble ne remplace pas qualification.";2.911467957398305e-06;3.6684416838163217e-06;0.0004926630665738063;0.023233925369030486;0.002202909468615877
Facteur d’arcs;Facteur d’arcs;0.051872155627722766;0.08628964239232588;1.2968038906930692;A — activité attestée;"MJ128; SB152";"Activités de la localité détaillées dans la notice régionale ; libellé technique remplacé par mécanisme du scénario. Professions des résidents ; lieu de travail et commanditaires peuvent être extérieurs au quartier. Visiteurs exclus du stock. activité/institution locale Budget civil 12,00 % ; coefficient 1,000000 ; part de filière 0,792 %. Apprentissage, atelier, combustible et outils ; titre noble ne remplace pas qualification.";5.82293591479661e-06;7.336883367632643e-06;0.0009853261331476126;0.04646785073806097;0.004405818937231754
Fabricant de flèches;Facteur d’arcs;0.020748862251089108;0.034515856956930345;0.5187215562772277;A — activité attestée;SB152;"Activités de la localité détaillées dans la notice régionale ; libellé technique remplacé par mécanisme du scénario. Professions des résidents ; lieu de travail et commanditaires peuvent être extérieurs au quartier. Visiteurs exclus du stock. activité/institution locale Budget civil 12,00 % ; coefficient 0,400000 ; part de filière 0,317 %. Apprentissage, atelier, combustible et outils ; titre noble ne remplace pas qualification.";2.329174365918644e-06;2.9347533470530583e-06;0.00039413045325904496;0.01858714029522439;0.0017623275748927024
Luthier et facteur d’instruments;Luthier;0.03890411672079208;0.06471723179424442;0.972602918019802;D — activité déduite;BR55;"Activités de la localité détaillées dans la notice régionale ; libellé technique remplacé par mécanisme du scénario. Professions des résidents ; lieu de travail et commanditaires peuvent être extérieurs au quartier. Visiteurs exclus du stock. activité/institution locale Budget civil 12,00 % ; coefficient 0,750000 ; part de filière 0,594 %. Apprentissage, atelier, combustible et outils ; titre noble ne remplace pas qualification.";4.367201936097458e-06;5.502662525724483e-06;0.0007389945998607094;0.034850888053545734;0.0033043642029238146
Tailleur de pierre;Tailleur de pierre;0.12968038906930693;0.2157241059808147;3.242009726732673;A — activité attestée;"MJ128; SB161";"Activités de la localité détaillées dans la notice régionale ; libellé technique remplacé par mécanisme du scénario. Professions des résidents ; lieu de travail et commanditaires peuvent être extérieurs au quartier. Visiteurs exclus du stock. activité/institution locale Budget civil 12,00 % ; coefficient 2,500000 ; part de filière 1,980 %. Apprentissage, atelier, combustible et outils ; titre noble ne remplace pas qualification.";1.4557339786991522e-05;1.8342208419081603e-05;0.0024633153328690307;0.11616962684515243;0.011014547343079379
Sculpteur sur pierre;Tailleur de pierre;0.051872155627722766;0.08628964239232588;1.2968038906930692;D — activité déduite;"MJ128; SB161";"Activités de la localité détaillées dans la notice régionale ; libellé technique remplacé par mécanisme du scénario. Professions des résidents ; lieu de travail et commanditaires peuvent être extérieurs au quartier. Visiteurs exclus du stock. activité/institution locale Budget civil 12,00 % ; coefficient 1,000000 ; part de filière 0,792 %. Apprentissage, atelier, combustible et outils ; titre noble ne remplace pas qualification.";5.82293591479661e-06;7.336883367632643e-06;0.0009853261331476126;0.04646785073806097;0.004405818937231754
Sculpteur de statues de Stone Spirits;Tailleur de pierre;0;0;0.0;A — activité attestée;SB161;"Activités de la localité détaillées dans la notice régionale ; libellé technique remplacé par mécanisme du scénario. Professions des résidents ; lieu de travail et commanditaires peuvent être extérieurs au quartier. Visiteurs exclus du stock. activité/institution locale Budget civil 12,00 % ; coefficient 0,000000 ; part de filière 0,000 %. Zéro proposé : Filière régionale non retenue dans ce scénario, sans interdiction universelle. Apprentissage, atelier, combustible et outils ; titre noble ne remplace pas qualification.";0;0;0;0;0
Maçon;Maçon;0.5187215562772277;0.8628964239232588;12.968038906930692;A — activité attestée;"MJ128; SB90";"Activités de la localité détaillées dans la notice régionale ; libellé technique remplacé par mécanisme du scénario. Professions des résidents ; lieu de travail et commanditaires peuvent être extérieurs au quartier. Visiteurs exclus du stock. activité/institution locale Budget civil 12,00 % ; coefficient 10,000000 ; part de filière 7,921 %. Apprentissage, atelier, combustible et outils ; titre noble ne remplace pas qualification.";5.822935914796609e-05;7.336883367632641e-05;0.009853261331476123;0.46467850738060973;0.044058189372317515
Plâtrier;Maçon;0.20748862251089106;0.3451585695693035;5.187215562772277;A — activité attestée;"MJ128; SB90";"Activités de la localité détaillées dans la notice régionale ; libellé technique remplacé par mécanisme du scénario. Professions des résidents ; lieu de travail et commanditaires peuvent être extérieurs au quartier. Visiteurs exclus du stock. activité/institution locale Budget civil 12,00 % ; coefficient 4,000000 ; part de filière 3,168 %. Apprentissage, atelier, combustible et outils ; titre noble ne remplace pas qualification.";2.329174365918644e-05;2.9347533470530573e-05;0.0039413045325904505;0.18587140295224389;0.017623275748927015
Manœuvre de chantier;Maçon;0.20748862251089106;0.3451585695693035;5.187215562772277;A — activité attestée;SB90;"Activités de la localité détaillées dans la notice régionale ; libellé technique remplacé par mécanisme du scénario. Professions des résidents ; lieu de travail et commanditaires peuvent être extérieurs au quartier. Visiteurs exclus du stock. activité/institution locale Budget civil 12,00 % ; coefficient 4,000000 ; part de filière 3,168 %. Apprentissage, atelier, combustible et outils ; titre noble ne remplace pas qualification.";1.1759046641235015e-05;1.481636668919225e-05;0.0019898031038033896;0.18767770490425936;0.01779453908949788
Architecte;Architecte;0.10374431125544553;0.17257928478465176;2.5936077813861385;A — activité attestée;SB174;"Activités de la localité détaillées dans la notice régionale ; libellé technique remplacé par mécanisme du scénario. Professions des résidents ; lieu de travail et commanditaires peuvent être extérieurs au quartier. Visiteurs exclus du stock. activité/institution locale Budget civil 12,00 % ; coefficient 2,000000 ; part de filière 1,584 %. Apprentissage, atelier, combustible et outils ; titre noble ne remplace pas qualification.";1.164587182959322e-05;1.4673766735265287e-05;0.0019706522662952253;0.09293570147612194;0.008811637874463507
Géomètre et arpenteur;Architecte;0.041497724502178215;0.06903171391386069;1.0374431125544554;A — activité attestée;MJ128;"Activités de la localité détaillées dans la notice régionale ; libellé technique remplacé par mécanisme du scénario. Professions des résidents ; lieu de travail et commanditaires peuvent être extérieurs au quartier. Visiteurs exclus du stock. activité/institution locale Budget civil 12,00 % ; coefficient 0,800000 ; part de filière 0,634 %. Apprentissage, atelier, combustible et outils ; titre noble ne remplace pas qualification.";4.658348731837288e-06;5.8695066941061165e-06;0.0007882609065180899;0.03717428059044878;0.003524655149785405
Potier;Potier;0.12968038906930693;0.2157241059808147;3.242009726732673;A — activité attestée;"MJ128; SB200";"Activités de la localité détaillées dans la notice régionale ; libellé technique remplacé par mécanisme du scénario. Professions des résidents ; lieu de travail et commanditaires peuvent être extérieurs au quartier. Visiteurs exclus du stock. activité/institution locale Budget civil 12,00 % ; coefficient 2,500000 ; part de filière 1,980 %. Apprentissage, atelier, combustible et outils ; titre noble ne remplace pas qualification.";1.4557339786991522e-05;1.8342208419081603e-05;0.0024633153328690307;0.11616962684515243;0.011014547343079379
Tuilier;Potier;0.051872155627722766;0.08628964239232588;1.2968038906930692;A — activité attestée;"MJ128; SB200";"Activités de la localité détaillées dans la notice régionale ; libellé technique remplacé par mécanisme du scénario. Professions des résidents ; lieu de travail et commanditaires peuvent être extérieurs au quartier. Visiteurs exclus du stock. activité/institution locale Budget civil 12,00 % ; coefficient 1,000000 ; part de filière 0,792 %. Apprentissage, atelier, combustible et outils ; titre noble ne remplace pas qualification.";5.82293591479661e-06;7.336883367632643e-06;0.0009853261331476126;0.04646785073806097;0.004405818937231754
Porcelainier;Potier;0.051872155627722766;0.08628964239232588;1.2968038906930692;D — activité déduite;SB200;"Activités de la localité détaillées dans la notice régionale ; libellé technique remplacé par mécanisme du scénario. Professions des résidents ; lieu de travail et commanditaires peuvent être extérieurs au quartier. Visiteurs exclus du stock. activité/institution locale Budget civil 12,00 % ; coefficient 1,000000 ; part de filière 0,792 %. Apprentissage, atelier, combustible et outils ; titre noble ne remplace pas qualification.";5.82293591479661e-06;7.336883367632643e-06;0.0009853261331476126;0.04646785073806097;0.004405818937231754
Souffleur de verre;Verrier;0.036310508939405926;0.060402749674628095;0.9077627234851482;A — activité attestée;"MJ128; SB174";"Activités de la localité détaillées dans la notice régionale ; libellé technique remplacé par mécanisme du scénario. Professions des résidents ; lieu de travail et commanditaires peuvent être extérieurs au quartier. Visiteurs exclus du stock. activité/institution locale Budget civil 12,00 % ; coefficient 0,700000 ; part de filière 0,554 %. Apprentissage, atelier, combustible et outils ; titre noble ne remplace pas qualification.";4.076055140357628e-06;5.135818357342849e-06;0.0006897282932033285;0.03252749551664267;0.003084073256062227
Vitrier;Verrier;0.036310508939405926;0.060402749674628095;0.9077627234851482;A — activité attestée;"MJ128; SB174";"Activités de la localité détaillées dans la notice régionale ; libellé technique remplacé par mécanisme du scénario. Professions des résidents ; lieu de travail et commanditaires peuvent être extérieurs au quartier. Visiteurs exclus du stock. activité/institution locale Budget civil 12,00 % ; coefficient 0,700000 ; part de filière 0,554 %. Apprentissage, atelier, combustible et outils ; titre noble ne remplace pas qualification.";4.076055140357628e-06;5.135818357342849e-06;0.0006897282932033285;0.03252749551664267;0.003084073256062227
Opticien et fabricant de lentilles;Verrier;0;0;0.0;D — activité déduite;SB174;"Activités de la localité détaillées dans la notice régionale ; libellé technique remplacé par mécanisme du scénario. Professions des résidents ; lieu de travail et commanditaires peuvent être extérieurs au quartier. Visiteurs exclus du stock. activité/institution locale Budget civil 12,00 % ; coefficient 0,000000 ; part de filière 0,000 %. Zéro proposé : Climat, matière ou culture hors filière régionale retenue ; aucun établissement exceptionnel proposé. Apprentissage, atelier, combustible et outils ; titre noble ne remplace pas qualification.";0;0;0;0;0
Papetier;Papetier et artisan du livre;0.041497724502178215;0.06903171391386069;1.0374431125544554;A — activité attestée;SB138;"Activités de la localité détaillées dans la notice régionale ; libellé technique remplacé par mécanisme du scénario. Professions des résidents ; lieu de travail et commanditaires peuvent être extérieurs au quartier. Visiteurs exclus du stock. activité/institution locale Budget civil 12,00 % ; coefficient 0,800000 ; part de filière 0,634 %. Apprentissage, atelier, combustible et outils ; titre noble ne remplace pas qualification.";4.658348731837288e-06;5.8695066941061165e-06;0.0007882609065180899;0.03717428059044878;0.003524655149785405
Relieur;Papetier et artisan du livre;0.041497724502178215;0.06903171391386069;1.0374431125544554;D — activité déduite;"SB138; MJ128";"Activités de la localité détaillées dans la notice régionale ; libellé technique remplacé par mécanisme du scénario. Professions des résidents ; lieu de travail et commanditaires peuvent être extérieurs au quartier. Visiteurs exclus du stock. activité/institution locale Budget civil 12,00 % ; coefficient 0,800000 ; part de filière 0,634 %. Apprentissage, atelier, combustible et outils ; titre noble ne remplace pas qualification.";4.658348731837288e-06;5.8695066941061165e-06;0.0007882609065180899;0.03717428059044878;0.003524655149785405
Chandelier;Chandelier;0.06484019453465346;0.10786205299040735;1.6210048633663365;P — activité proposée;SB98;"Activités de la localité détaillées dans la notice régionale ; libellé technique remplacé par mécanisme du scénario. Professions des résidents ; lieu de travail et commanditaires peuvent être extérieurs au quartier. Visiteurs exclus du stock. activité/institution locale Budget civil 12,00 % ; coefficient 1,250000 ; part de filière 0,990 %. Apprentissage, atelier, combustible et outils ; titre noble ne remplace pas qualification.";7.278669893495761e-06;9.171104209540801e-06;0.0012316576664345154;0.058084813422576216;0.005507273671539689
Peintre;Peintre;0.10374431125544553;0.17257928478465176;2.5936077813861385;A — activité attestée;"MJ128; SB190";"Activités de la localité détaillées dans la notice régionale ; libellé technique remplacé par mécanisme du scénario. Professions des résidents ; lieu de travail et commanditaires peuvent être extérieurs au quartier. Visiteurs exclus du stock. activité/institution locale Budget civil 12,00 % ; coefficient 2,000000 ; part de filière 1,584 %. Apprentissage, atelier, combustible et outils ; titre noble ne remplace pas qualification.";1.164587182959322e-05;1.4673766735265287e-05;0.0019706522662952253;0.09293570147612194;0.008811637874463507
Fabricant d’enseignes;Peintre;0.041497724502178215;0.06903171391386069;1.0374431125544554;A — activité attestée;"MJ128; SB190";"Activités de la localité détaillées dans la notice régionale ; libellé technique remplacé par mécanisme du scénario. Professions des résidents ; lieu de travail et commanditaires peuvent être extérieurs au quartier. Visiteurs exclus du stock. activité/institution locale Budget civil 12,00 % ; coefficient 0,800000 ; part de filière 0,634 %. Apprentissage, atelier, combustible et outils ; titre noble ne remplace pas qualification.";4.658348731837288e-06;5.8695066941061165e-06;0.0007882609065180899;0.03717428059044878;0.003524655149785405
Enlumineur;Peintre;0.041497724502178215;0.06903171391386069;1.0374431125544554;A — activité attestée;"MJ128; SB190";"Activités de la localité détaillées dans la notice régionale ; libellé technique remplacé par mécanisme du scénario. Professions des résidents ; lieu de travail et commanditaires peuvent être extérieurs au quartier. Visiteurs exclus du stock. activité/institution locale Budget civil 12,00 % ; coefficient 0,800000 ; part de filière 0,634 %. Apprentissage, atelier, combustible et outils ; titre noble ne remplace pas qualification.";4.658348731837288e-06;5.8695066941061165e-06;0.0007882609065180899;0.03717428059044878;0.003524655149785405
Peintre de guerre spirituel;Peintre;0;0;0.0;A — activité attestée;SB193;"Activités de la localité détaillées dans la notice régionale ; libellé technique remplacé par mécanisme du scénario. Professions des résidents ; lieu de travail et commanditaires peuvent être extérieurs au quartier. Visiteurs exclus du stock. activité/institution locale Initiation de la Red Mother ou apprentissage autorisé; recette complète non librement disponible Budget civil 12,00 % ; coefficient 0,000000 ; part de filière 0,000 %. Zéro proposé : Filière régionale non retenue dans ce scénario, sans interdiction universelle. Apprentissage, atelier, combustible et outils ; titre noble ne remplace pas qualification.";0;0;0;0;0
Tatoueur rituel;Peintre;0;0;0.0;D — activité déduite;"SB200; SB204";"Activités de la localité détaillées dans la notice régionale ; libellé technique remplacé par mécanisme du scénario. Professions des résidents ; lieu de travail et commanditaires peuvent être extérieurs au quartier. Visiteurs exclus du stock. activité/institution locale Budget civil 12,00 % ; coefficient 0,000000 ; part de filière 0,000 %. Zéro proposé : Technique de site, institution, secret ou habilitation concentrée dans les implantations autorisées du scénario. Apprentissage, atelier, combustible et outils ; titre noble ne remplace pas qualification.";0;0;0;0;0
Portefaix;Transporteur terrestre;0.09042888218724107;0.15042898856712428;2.2607220546810267;D — activité déduite;"MJ132; SB121";"Activités de la localité détaillées dans la notice régionale ; libellé technique remplacé par mécanisme du scénario. Professions des résidents ; lieu de travail et commanditaires peuvent être extérieurs au quartier. Visiteurs exclus du stock. activité/institution locale Budget civil 5,00 % ; coefficient 6,000000 ; part de filière 3,314 %. Réseau, itinéraires, confiance et capital ; manutention distincte de propriété du fret.";8.341676467313287e-05;0.00010510489592661302;0.0012703805681526196;0.07988130716053372;0.009088672797954988
Docker;Transporteur terrestre;0.09042888218724107;0.15042898856712428;2.2607220546810267;D — activité déduite;"MJ132; SB121";"Activités de la localité détaillées dans la notice régionale ; libellé technique remplacé par mécanisme du scénario. Professions des résidents ; lieu de travail et commanditaires peuvent être extérieurs au quartier. Visiteurs exclus du stock. activité/institution locale Budget civil 5,00 % ; coefficient 6,000000 ; part de filière 3,314 %. Réseau, itinéraires, confiance et capital ; manutention distincte de propriété du fret.";8.341676467313287e-05;0.00010510489592661302;0.0012703805681526196;0.07988130716053372;0.009088672797954988
Magasinier;Transporteur terrestre;0.09042888218724107;0.15042898856712428;2.2607220546810267;D — activité déduite;"MJ132; SB121";"Activités de la localité détaillées dans la notice régionale ; libellé technique remplacé par mécanisme du scénario. Professions des résidents ; lieu de travail et commanditaires peuvent être extérieurs au quartier. Visiteurs exclus du stock. activité/institution locale Budget civil 5,00 % ; coefficient 6,000000 ; part de filière 3,314 %. Réseau, itinéraires, confiance et capital ; manutention distincte de propriété du fret.";0.00016418471362673553;0.00020687229127260633;0.002500421475184432;0.07861303175490895;0.008944371952248344
Charretier et cocher;Transporteur terrestre;0.09042888218724107;0.15042898856712428;2.2607220546810267;D — activité déduite;"MJ132; SB121";"Activités de la localité détaillées dans la notice régionale ; libellé technique remplacé par mécanisme du scénario. Professions des résidents ; lieu de travail et commanditaires peuvent être extérieurs au quartier. Visiteurs exclus du stock. activité/institution locale Budget civil 5,00 % ; coefficient 6,000000 ; part de filière 3,314 %. Réseau, itinéraires, confiance et capital ; manutention distincte de propriété du fret.";0.00016418471362673553;0.00020687229127260633;0.002500421475184432;0.07861303175490895;0.008944371952248344
Chef de caravane;Transporteur terrestre;0.09042888218724107;0.15042898856712428;2.2607220546810267;A — activité attestée;MJ132;"Activités de la localité détaillées dans la notice régionale ; libellé technique remplacé par mécanisme du scénario. Professions des résidents ; lieu de travail et commanditaires peuvent être extérieurs au quartier. Visiteurs exclus du stock. activité/institution locale Budget civil 5,00 % ; coefficient 6,000000 ; part de filière 3,314 %. Réseau, itinéraires, confiance et capital ; manutention distincte de propriété du fret.";0.00016418471362673553;0.00020687229127260633;0.002500421475184432;0.07861303175490895;0.008944371952248344
Coursier et messager;Transporteur terrestre;0.09042888218724107;0.15042898856712428;2.2607220546810267;D — activité déduite;"MJ132; SB121";"Activités de la localité détaillées dans la notice régionale ; libellé technique remplacé par mécanisme du scénario. Professions des résidents ; lieu de travail et commanditaires peuvent être extérieurs au quartier. Visiteurs exclus du stock. activité/institution locale Budget civil 5,00 % ; coefficient 6,000000 ; part de filière 3,314 %. Réseau, itinéraires, confiance et capital ; manutention distincte de propriété du fret.";0.00016418471362673553;0.00020687229127260633;0.002500421475184432;0.07861303175490895;0.008944371952248344
Porteur d’eau;Transporteur terrestre;0.09042888218724107;0.15042898856712428;2.2607220546810267;P — activité proposée;"MJ132; SB121";"Activités de la localité détaillées dans la notice régionale ; libellé technique remplacé par mécanisme du scénario. Professions des résidents ; lieu de travail et commanditaires peuvent être extérieurs au quartier. Visiteurs exclus du stock. activité/institution locale Budget civil 5,00 % ; coefficient 6,000000 ; part de filière 3,314 %. Réseau, itinéraires, confiance et capital ; manutention distincte de propriété du fret.";0.00016418471362673553;0.00020687229127260633;0.002500421475184432;0.07861303175490895;0.008944371952248344
Transporteur de canopée;Transporteur terrestre;0;0;0.0;D — activité déduite;SB154;"Activités de la localité détaillées dans la notice régionale ; libellé technique remplacé par mécanisme du scénario. Professions des résidents ; lieu de travail et commanditaires peuvent être extérieurs au quartier. Visiteurs exclus du stock. activité/institution locale Budget civil 5,00 % ; coefficient 0,000000 ; part de filière 0,000 %. Zéro proposé : Filière régionale non retenue dans ce scénario, sans interdiction universelle. Réseau, itinéraires, confiance et capital ; manutention distincte de propriété du fret.";0;0;0;0;0
Opérateur de Stone Disks;Transporteur terrestre;0;0;0.0;A — activité attestée;PG13;"Activités de la localité détaillées dans la notice régionale ; libellé technique remplacé par mécanisme du scénario. Professions des résidents ; lieu de travail et commanditaires peuvent être extérieurs au quartier. Visiteurs exclus du stock. activité/institution locale Prêtre nain de Dorsi; Formation spécialisée Budget civil 5,00 % ; coefficient 0,000000 ; part de filière 0,000 %. Zéro proposé : Filière régionale non retenue dans ce scénario, sans interdiction universelle. Réseau, itinéraires, confiance et capital ; manutention distincte de propriété du fret.";0;0;0;0;0
Palefrenier et soigneur d’écurie;Transporteur terrestre;0.09042888218724107;0.15042898856712428;2.2607220546810267;D — activité déduite;SB123;"Activités de la localité détaillées dans la notice régionale ; libellé technique remplacé par mécanisme du scénario. Professions des résidents ; lieu de travail et commanditaires peuvent être extérieurs au quartier. Visiteurs exclus du stock. activité/institution locale Budget civil 5,00 % ; coefficient 6,000000 ; part de filière 3,314 %. Réseau, itinéraires, confiance et capital ; manutention distincte de propriété du fret.";0.00016418471362673553;0.00020687229127260633;0.002500421475184432;0.07861303175490895;0.008944371952248344
Marin;Marin;0.03767870091135045;0.06267874523630179;0.9419675227837613;A — activité attestée;MJ136;"Activités de la localité détaillées dans la notice régionale ; libellé technique remplacé par mécanisme du scénario. Professions des résidents ; lieu de travail et commanditaires peuvent être extérieurs au quartier. Visiteurs exclus du stock. activité/institution locale Budget civil 5,00 % ; coefficient 2,500000 ; part de filière 1,381 %. Réseau, itinéraires, confiance et capital ; manutention distincte de propriété du fret.";6.841029734447314e-05;8.619678803025261e-05;0.0010418422813268467;0.03275542989787873;0.003726821646770143
Navigateur;Marin;0.015071480364540183;0.02507149809452072;0.37678700911350455;A — activité attestée;MJ136;"Activités de la localité détaillées dans la notice régionale ; libellé technique remplacé par mécanisme du scénario. Professions des résidents ; lieu de travail et commanditaires peuvent être extérieurs au quartier. Visiteurs exclus du stock. activité/institution locale Budget civil 5,00 % ; coefficient 1,000000 ; part de filière 0,552 %. Réseau, itinéraires, confiance et capital ; manutention distincte de propriété du fret.";2.7364118937789255e-05;3.4478715212101055e-05;0.00041673691253073854;0.013102171959151497;0.0014907286587080568
Pilote de port;Marin;0.015071480364540183;0.02507149809452072;0.37678700911350455;D — activité déduite;MJ136;"Activités de la localité détaillées dans la notice régionale ; libellé technique remplacé par mécanisme du scénario. Professions des résidents ; lieu de travail et commanditaires peuvent être extérieurs au quartier. Visiteurs exclus du stock. activité/institution locale Budget civil 5,00 % ; coefficient 1,000000 ; part de filière 0,552 %. Réseau, itinéraires, confiance et capital ; manutention distincte de propriété du fret.";2.7364118937789255e-05;3.4478715212101055e-05;0.00041673691253073854;0.013102171959151497;0.0014907286587080568
Capitaine de navire;Marin;0.015071480364540183;0.02507149809452072;0.37678700911350455;A — activité attestée;MJ136;"Activités de la localité détaillées dans la notice régionale ; libellé technique remplacé par mécanisme du scénario. Professions des résidents ; lieu de travail et commanditaires peuvent être extérieurs au quartier. Visiteurs exclus du stock. activité/institution locale Budget civil 5,00 % ; coefficient 1,000000 ; part de filière 0,552 %. Réseau, itinéraires, confiance et capital ; manutention distincte de propriété du fret.";2.7364118937789255e-05;3.4478715212101055e-05;0.00041673691253073854;0.013102171959151497;0.0014907286587080568
Pilote de véhicule volant;Marin;0;0;0.0;D — activité déduite;"SB142; SB174";"Activités de la localité détaillées dans la notice régionale ; libellé technique remplacé par mécanisme du scénario. Professions des résidents ; lieu de travail et commanditaires peuvent être extérieurs au quartier. Visiteurs exclus du stock. activité/institution locale Budget civil 5,00 % ; coefficient 0,000000 ; part de filière 0,000 %. Zéro proposé : Climat, matière ou culture hors filière régionale retenue ; aucun établissement exceptionnel proposé. Réseau, itinéraires, confiance et capital ; manutention distincte de propriété du fret.";0;0;0;0;0
Aubergiste;Hôte professionnel;0.33783129471240647;0.5619843875177272;8.44578236781016;D — activité déduite;"SB110; SB123";"Activités de la localité détaillées dans la notice régionale ; libellé technique remplacé par mécanisme du scénario. Professions des résidents ; lieu de travail et commanditaires peuvent être extérieurs au quartier. Visiteurs exclus du stock. activité/institution locale Budget civil 12,00 % ; coefficient 3,000000 ; part de filière 5,159 %. Apprentissage et qualification variable ; soins avancés et thérapie magique exigent formation.";1.9406869916483676e-05;6.113150788172156e-06;0.0006567853869975316;0.30973912396342357;0.02740986534128073
Tavernier;Hôte professionnel;0.33783129471240647;0.5619843875177272;8.44578236781016;A — activité attestée;"SB108; SB149";"Activités de la localité détaillées dans la notice régionale ; libellé technique remplacé par mécanisme du scénario. Professions des résidents ; lieu de travail et commanditaires peuvent être extérieurs au quartier. Visiteurs exclus du stock. activité/institution locale Budget civil 12,00 % ; coefficient 3,000000 ; part de filière 5,159 %. Apprentissage et qualification variable ; soins avancés et thérapie magique exigent formation.";1.9406869916483676e-05;6.113150788172156e-06;0.0006567853869975316;0.30973912396342357;0.02740986534128073
Barbier;Barbier;0.8445782367810161;1.4049609687943176;21.114455919525405;P — activité proposée;"MJ135; PG40";"Activités de la localité détaillées dans la notice régionale ; libellé technique remplacé par mécanisme du scénario. Professions des résidents ; lieu de travail et commanditaires peuvent être extérieurs au quartier. Visiteurs exclus du stock. activité/institution locale Budget civil 12,00 % ; coefficient 7,500000 ; part de filière 12,897 %. Apprentissage et qualification variable ; soins avancés et thérapie magique exigent formation.";4.8517174791209186e-05;1.528287697043038e-05;0.0016419634674938294;0.7743478099085588;0.06852466335320181
Domestique;Employé domestique et aide familiale;2.2522086314160426;3.746562583451514;56.30521578540106;A — activité attestée;"MJ135; PG40";"Activités de la localité détaillées dans la notice régionale ; libellé technique remplacé par mécanisme du scénario. Professions des résidents ; lieu de travail et commanditaires peuvent être extérieurs au quartier. Visiteurs exclus du stock. activité/institution locale Budget civil 12,00 % ; coefficient 20,000000 ; part de filière 34,391 %. Apprentissage et qualification variable ; soins avancés et thérapie magique exigent formation.";0.0001293791327765578;4.0754338587814364e-05;0.004378569246650211;2.0649274930894896;0.18273243560853816
Gardien d’enfants;Employé domestique et aide familiale;1.1261043157080213;1.873281291725757;28.15260789270053;A — activité attestée;PG40;"Activités de la localité détaillées dans la notice régionale ; libellé technique remplacé par mécanisme du scénario. Professions des résidents ; lieu de travail et commanditaires peuvent être extérieurs au quartier. Visiteurs exclus du stock. activité/institution locale Budget civil 12,00 % ; coefficient 10,000000 ; part de filière 17,195 %. Apprentissage et qualification variable ; soins avancés et thérapie magique exigent formation.";6.46895663882789e-05;2.0377169293907182e-05;0.0021892846233251056;1.0324637465447448;0.09136621780426908
Terrassier d’hygiène urbaine;Agent d’entretien;0.22522086314160428;0.37465625834515137;5.630521578540107;P — activité proposée;SB90;"Activités de la localité détaillées dans la notice régionale ; libellé technique remplacé par mécanisme du scénario. Professions des résidents ; lieu de travail et commanditaires peuvent être extérieurs au quartier. Visiteurs exclus du stock. activité/institution locale Budget civil 12,00 % ; coefficient 2,000000 ; part de filière 3,439 %. Apprentissage et qualification variable ; soins avancés et thérapie magique exigent formation.";6.4754957988617115e-06;2.0397767603416528e-06;0.00021914976668359524;0.20670148299027416;0.018291715112087315
Ramoneur;Agent d’entretien;0.22522086314160428;0.37465625834515137;5.630521578540107;P — activité proposée;SB90;"Activités de la localité détaillées dans la notice régionale ; libellé technique remplacé par mécanisme du scénario. Professions des résidents ; lieu de travail et commanditaires peuvent être extérieurs au quartier. Visiteurs exclus du stock. activité/institution locale Budget civil 12,00 % ; coefficient 2,000000 ; part de filière 3,439 %. Apprentissage et qualification variable ; soins avancés et thérapie magique exigent formation.";1.2937913277655775e-05;4.075433858781435e-06;0.00043785692466502107;0.206492749308949;0.01827324356085381
Fossoyeur;Agent funéraire;0.06756625894248128;0.11239687750354542;1.689156473562032;A — activité attestée;"MJ135; SB99; SB182";"Activités de la localité détaillées dans la notice régionale ; libellé technique remplacé par mécanisme du scénario. Professions des résidents ; lieu de travail et commanditaires peuvent être extérieurs au quartier. Visiteurs exclus du stock. activité/institution locale Budget civil 12,00 % ; coefficient 0,600000 ; part de filière 1,032 %. Apprentissage et qualification variable ; soins avancés et thérapie magique exigent formation.";3.881373983296734e-06;1.2226301576344304e-06;0.00013135707739950632;0.061947824792684694;0.005481973068256146
Gardien de cimetière;Agent funéraire;0.06756625894248128;0.11239687750354542;1.689156473562032;A — activité attestée;"MJ135; SB99; SB182";"Activités de la localité détaillées dans la notice régionale ; libellé technique remplacé par mécanisme du scénario. Professions des résidents ; lieu de travail et commanditaires peuvent être extérieurs au quartier. Visiteurs exclus du stock. activité/institution locale Budget civil 12,00 % ; coefficient 0,600000 ; part de filière 1,032 %. Apprentissage et qualification variable ; soins avancés et thérapie magique exigent formation.";3.881373983296734e-06;1.2226301576344304e-06;0.00013135707739950632;0.061947824792684694;0.005481973068256146
Momificateur;Agent funéraire;0;0;0.0;A — activité attestée;SB182;"Activités de la localité détaillées dans la notice régionale ; libellé technique remplacé par mécanisme du scénario. Professions des résidents ; lieu de travail et commanditaires peuvent être extérieurs au quartier. Visiteurs exclus du stock. activité/institution locale Budget civil 12,00 % ; coefficient 0,000000 ; part de filière 0,000 %. Zéro proposé : Filière régionale non retenue dans ce scénario, sans interdiction universelle. Apprentissage et qualification variable ; soins avancés et thérapie magique exigent formation.";0;0;0;0;0
Gardien d’arbres funéraires;Agent funéraire;0;0;0.0;D — activité déduite;SB155;"Activités de la localité détaillées dans la notice régionale ; libellé technique remplacé par mécanisme du scénario. Professions des résidents ; lieu de travail et commanditaires peuvent être extérieurs au quartier. Visiteurs exclus du stock. activité/institution locale Budget civil 12,00 % ; coefficient 0,000000 ; part de filière 0,000 %. Zéro proposé : Filière régionale non retenue dans ce scénario, sans interdiction universelle. Apprentissage et qualification variable ; soins avancés et thérapie magique exigent formation.";0;0;0;0;0
Marchand;Marchand;0.3391083082021541;0.5641087071267161;8.477707705053852;A — activité attestée;"MJ128; SB139";"Activités de la localité détaillées dans la notice régionale ; libellé technique remplacé par mécanisme du scénario. Professions des résidents ; lieu de travail et commanditaires peuvent être extérieurs au quartier. Visiteurs exclus du stock. activité/institution locale Budget civil 5,00 % ; coefficient 22,500000 ; part de filière 12,428 %. Réseau, itinéraires, confiance et capital ; manutention distincte de propriété du fret.";0.0006156926761002581;0.0007757710922722735;0.00937658053194162;0.29479886908090863;0.03354139482093129
Colporteur;Marchand;0.13564332328086162;0.22564348285068644;3.3910830820215403;A — activité attestée;SB121;"Activités de la localité détaillées dans la notice régionale ; libellé technique remplacé par mécanisme du scénario. Professions des résidents ; lieu de travail et commanditaires peuvent être extérieurs au quartier. Visiteurs exclus du stock. activité/institution locale Budget civil 5,00 % ; coefficient 9,000000 ; part de filière 4,971 %. Réseau, itinéraires, confiance et capital ; manutention distincte de propriété du fret.";0.000246277070440103;0.00031030843690890925;0.0037506322127766464;0.11791954763236345;0.013416557928372512
Courtier;Marchand;0.13564332328086162;0.22564348285068644;3.3910830820215403;A — activité attestée;SB149;"Activités de la localité détaillées dans la notice régionale ; libellé technique remplacé par mécanisme du scénario. Professions des résidents ; lieu de travail et commanditaires peuvent être extérieurs au quartier. Visiteurs exclus du stock. activité/institution locale Budget civil 5,00 % ; coefficient 9,000000 ; part de filière 4,971 %. Réseau, itinéraires, confiance et capital ; manutention distincte de propriété du fret.";0.000246277070440103;0.00031030843690890925;0.0037506322127766464;0.11791954763236345;0.013416557928372512
Commissaire-priseur d’objets magiques;Marchand;0;0;0.0;A — activité attestée;SB139;"Activités de la localité détaillées dans la notice régionale ; libellé technique remplacé par mécanisme du scénario. Professions des résidents ; lieu de travail et commanditaires peuvent être extérieurs au quartier. Visiteurs exclus du stock. activité/institution locale Budget civil 5,00 % ; coefficient 0,000000 ; part de filière 0,000 %. Zéro proposé : Filière régionale non retenue dans ce scénario, sans interdiction universelle. Réseau, itinéraires, confiance et capital ; manutention distincte de propriété du fret.";0;0;0;0;0
Comptable;Professionnel de finance;0.03767870091135045;0.06267874523630179;0.9419675227837613;D — activité déduite;"SB212; SB213";"Activités de la localité détaillées dans la notice régionale ; libellé technique remplacé par mécanisme du scénario. Professions des résidents ; lieu de travail et commanditaires peuvent être extérieurs au quartier. Visiteurs exclus du stock. activité/institution locale Budget civil 5,00 % ; coefficient 2,500000 ; part de filière 1,381 %. Réseau, itinéraires, confiance et capital ; manutention distincte de propriété du fret.";6.841029734447314e-05;8.619678803025261e-05;0.0010418422813268467;0.03275542989787873;0.003726821646770143
Banquier et employé de banque;Professionnel de finance;0.0030142960729080365;0.005014299618904144;0.07535740182270091;A — activité attestée;"SB212; SB213";"Activités de la localité détaillées dans la notice régionale ; libellé technique remplacé par mécanisme du scénario. Professions des résidents ; lieu de travail et commanditaires peuvent être extérieurs au quartier. Visiteurs exclus du stock. activité/institution locale Budget civil 5,00 % ; coefficient 0,200000 ; part de filière 0,110 %. Réseau, itinéraires, confiance et capital ; manutention distincte de propriété du fret.";1.628482822915568e-05;2.051883914360754e-05;8.266895117581342e-05;0.0025991045703404395;0.0002957188840190205
Usurier et prêteur sur gages;Professionnel de finance;0.03767870091135045;0.06267874523630179;0.9419675227837613;D — activité déduite;"SB212; SB213";"Activités de la localité détaillées dans la notice régionale ; libellé technique remplacé par mécanisme du scénario. Professions des résidents ; lieu de travail et commanditaires peuvent être extérieurs au quartier. Visiteurs exclus du stock. activité/institution locale Budget civil 5,00 % ; coefficient 2,500000 ; part de filière 1,381 %. Réseau, itinéraires, confiance et capital ; manutention distincte de propriété du fret.";6.841029734447314e-05;8.619678803025261e-05;0.0010418422813268467;0.03275542989787873;0.003726821646770143
Changeur;Professionnel de finance;0.03767870091135045;0.06267874523630179;0.9419675227837613;D — activité déduite;"SB212; SB213";"Activités de la localité détaillées dans la notice régionale ; libellé technique remplacé par mécanisme du scénario. Professions des résidents ; lieu de travail et commanditaires peuvent être extérieurs au quartier. Visiteurs exclus du stock. activité/institution locale Budget civil 5,00 % ; coefficient 2,500000 ; part de filière 1,381 %. Réseau, itinéraires, confiance et capital ; manutention distincte de propriété du fret.";6.841029734447314e-05;8.619678803025261e-05;0.0010418422813268467;0.03275542989787873;0.003726821646770143
Assureur;Professionnel de finance;0.003014296072908037;0.005014299618904144;0.07535740182270093;D — activité déduite;"SB212; SB213";"Activités de la localité détaillées dans la notice régionale ; libellé technique remplacé par mécanisme du scénario. Professions des résidents ; lieu de travail et commanditaires peuvent être extérieurs au quartier. Visiteurs exclus du stock. activité/institution locale Budget civil 5,00 % ; coefficient 0,200000 ; part de filière 0,110 %. Réseau, itinéraires, confiance et capital ; manutention distincte de propriété du fret.";5.4728237875578495e-06;6.895743042420212e-06;8.334738250614774e-05;0.0026204343918302996;0.0002981457317416114
Estimateur;Professionnel de finance;0.003014296072908037;0.005014299618904144;0.07535740182270093;A — activité attestée;"SB212; SB213";"Activités de la localité détaillées dans la notice régionale ; libellé technique remplacé par mécanisme du scénario. Professions des résidents ; lieu de travail et commanditaires peuvent être extérieurs au quartier. Visiteurs exclus du stock. activité/institution locale Budget civil 5,00 % ; coefficient 0,200000 ; part de filière 0,110 %. Réseau, itinéraires, confiance et capital ; manutention distincte de propriété du fret.";5.4728237875578495e-06;6.895743042420212e-06;8.334738250614774e-05;0.0026204343918302996;0.0002981457317416114
Négociateur;Professionnel de finance;0.003014296072908037;0.005014299618904144;0.07535740182270093;A — activité attestée;"SB212; SB213";"Activités de la localité détaillées dans la notice régionale ; libellé technique remplacé par mécanisme du scénario. Professions des résidents ; lieu de travail et commanditaires peuvent être extérieurs au quartier. Visiteurs exclus du stock. activité/institution locale Budget civil 5,00 % ; coefficient 0,200000 ; part de filière 0,110 %. Réseau, itinéraires, confiance et capital ; manutention distincte de propriété du fret.";5.4728237875578495e-06;6.895743042420212e-06;8.334738250614774e-05;0.0026204343918302996;0.0002981457317416114
Scribe;Scribe et auteur;0.23269287648490475;0.3870859974130898;5.817321912122619;A — activité attestée;"MJ128; SB32";"Activités de la localité détaillées dans la notice régionale ; libellé technique remplacé par mécanisme du scénario. Professions des résidents ; lieu de travail et commanditaires peuvent être extérieurs au quartier. Visiteurs exclus du stock. activité/institution locale Budget civil 51,00 % ; coefficient 3,600000 ; part de filière 0,836 %. Instruction, autorisation ou initiation ; clergé, caste et office ne rendent pas noble.";0.0036349451164118356;0.0011450052326306185;0.006919717607553898;0.2175553143405607;0.0034378941877477157
Calligraphe;Scribe et auteur;0.23269287648490475;0.3870859974130898;5.817321912122619;A — activité attestée;"MJ128; SB32";"Activités de la localité détaillées dans la notice régionale ; libellé technique remplacé par mécanisme du scénario. Professions des résidents ; lieu de travail et commanditaires peuvent être extérieurs au quartier. Visiteurs exclus du stock. activité/institution locale Budget civil 51,00 % ; coefficient 3,600000 ; part de filière 0,836 %. Instruction, autorisation ou initiation ; clergé, caste et office ne rendent pas noble.";0.0036349451164118356;0.0011450052326306185;0.006919717607553898;0.2175553143405607;0.0034378941877477157
Écrivain;Scribe et auteur;0.18128609999999995;0.3015705160195628;4.532152499999999;A — activité attestée;"MJ128; SB32";"Activités de la localité détaillées dans la notice régionale ; libellé technique remplacé par mécanisme du scénario. Professions des résidents ; lieu de travail et commanditaires peuvent être extérieurs au quartier. Visiteurs exclus du stock. activité/institution locale Budget civil 3,00 % ; coefficient 3,600000 ; part de filière 11,073 %. Long apprentissage, frais, bourses, talent, licence ou secret ; titre ne donne pas maîtrise.";0.0010627058151192342;0.00033475160699528086;0.00899127026990036;0.16961084895317746;0.0012865233548076018
Journaliste et rédacteur;Scribe et auteur;0.18128609999999995;0.3015705160195628;4.532152499999999;A — activité attestée;CC9;"Activités de la localité détaillées dans la notice régionale ; libellé technique remplacé par mécanisme du scénario. Professions des résidents ; lieu de travail et commanditaires peuvent être extérieurs au quartier. Visiteurs exclus du stock. activité/institution locale Budget civil 3,00 % ; coefficient 3,600000 ; part de filière 11,073 %. Long apprentissage, frais, bourses, talent, licence ou secret ; titre ne donne pas maîtrise.";0.0010627058151192342;0.00033475160699528086;0.00899127026990036;0.16961084895317746;0.0012865233548076018
Traducteur;Scribe et auteur;0.23269287648490475;0.3870859974130898;5.817321912122619;D — activité déduite;SB198;"Activités de la localité détaillées dans la notice régionale ; libellé technique remplacé par mécanisme du scénario. Professions des résidents ; lieu de travail et commanditaires peuvent être extérieurs au quartier. Visiteurs exclus du stock. activité/institution locale Budget civil 51,00 % ; coefficient 3,600000 ; part de filière 0,836 %. Instruction, autorisation ou initiation ; clergé, caste et office ne rendent pas noble.";0.0036349451164118356;0.0011450052326306185;0.006919717607553898;0.2175553143405607;0.0034378941877477157
Bibliothécaire;Érudit;0.08402798317510449;0.1397810546213935;2.100699579377612;A — activité attestée;MJ138;"Activités de la localité détaillées dans la notice régionale ; libellé technique remplacé par mécanisme du scénario. Professions des résidents ; lieu de travail et commanditaires peuvent être extérieurs au quartier. Visiteurs exclus du stock. activité/institution locale Budget civil 51,00 % ; coefficient 1,300000 ; part de filière 0,302 %. Instruction, autorisation ou initiation ; clergé, caste et office ne rendent pas noble.";0.0013126190698153856;0.000413474111783279;0.002498786913838908;0.0785616412896469;0.0012414617900200085
Conservateur de musée;Érudit;0.08402798317510449;0.1397810546213935;2.100699579377612;A — activité attestée;PG48;"Activités de la localité détaillées dans la notice régionale ; libellé technique remplacé par mécanisme du scénario. Professions des résidents ; lieu de travail et commanditaires peuvent être extérieurs au quartier. Visiteurs exclus du stock. activité/institution locale Budget civil 51,00 % ; coefficient 1,300000 ; part de filière 0,302 %. Instruction, autorisation ou initiation ; clergé, caste et office ne rendent pas noble.";0.0013126190698153856;0.000413474111783279;0.002498786913838908;0.0785616412896469;0.0012414617900200085
Historien;Érudit;0.06546442499999999;0.10890046411817549;1.6366106249999999;A — activité attestée;PG46;"Activités de la localité détaillées dans la notice régionale ; libellé technique remplacé par mécanisme du scénario. Professions des résidents ; lieu de travail et commanditaires peuvent être extérieurs au quartier. Visiteurs exclus du stock. activité/institution locale Budget civil 3,00 % ; coefficient 1,300000 ; part de filière 3,999 %. Long apprentissage, frais, bourses, talent, licence ou secret ; titre ne donne pas maîtrise.";0.0011337849020955353;0.0003571414709167503;0.0031975504846966855;0.060318423982383386;0.00045752415990763423
Astronome;Érudit;0.06546442499999999;0.10890046411817549;1.6366106249999999;A — activité attestée;MJ138;"Activités de la localité détaillées dans la notice régionale ; libellé technique remplacé par mécanisme du scénario. Professions des résidents ; lieu de travail et commanditaires peuvent être extérieurs au quartier. Visiteurs exclus du stock. activité/institution locale Budget civil 3,00 % ; coefficient 1,300000 ; part de filière 3,999 %. Long apprentissage, frais, bourses, talent, licence ou secret ; titre ne donne pas maîtrise.";0.0003837548776819458;0.00012088252474829583;0.0032468475974640216;0.061248362121980766;0.0004645778781249675
Chercheur non arcanique;Érudit;0.06546442499999999;0.10890046411817549;1.6366106249999999;A — activité attestée;"MJ138; PG46";"Activités de la localité détaillées dans la notice régionale ; libellé technique remplacé par mécanisme du scénario. Professions des résidents ; lieu de travail et commanditaires peuvent être extérieurs au quartier. Visiteurs exclus du stock. activité/institution locale Budget civil 3,00 % ; coefficient 1,300000 ; part de filière 3,999 %. Long apprentissage, frais, bourses, talent, licence ou secret ; titre ne donne pas maîtrise.";0.0011337849020955353;0.0003571414709167503;0.0031975504846966855;0.060318423982383386;0.00045752415990763423
Mathématicien;Érudit;0.045825097499999995;0.07623032488272283;1.1456274374999997;A — activité attestée;SB174;"Activités de la localité détaillées dans la notice régionale ; libellé technique remplacé par mécanisme du scénario. Professions des résidents ; lieu de travail et commanditaires peuvent être extérieurs au quartier. Visiteurs exclus du stock. activité/institution locale Budget civil 3,00 % ; coefficient 0,910000 ; part de filière 2,799 %. Long apprentissage, frais, bourses, talent, licence ou secret ; titre ne donne pas maîtrise.";0.000268628414377362;8.461776732380708e-05;0.002272793318224814;0.04287385348538653;0.00032520451468747726
Philosophe;Érudit;0.045825097499999995;0.07623032488272283;1.1456274374999997;A — activité attestée;SB178;"Activités de la localité détaillées dans la notice régionale ; libellé technique remplacé par mécanisme du scénario. Professions des résidents ; lieu de travail et commanditaires peuvent être extérieurs au quartier. Visiteurs exclus du stock. activité/institution locale Budget civil 3,00 % ; coefficient 0,910000 ; part de filière 2,799 %. Long apprentissage, frais, bourses, talent, licence ou secret ; titre ne donne pas maîtrise.";0.000268628414377362;8.461776732380708e-05;0.002272793318224814;0.04287385348538653;0.00032520451468747726
Archéologue;Érudit;0.06546442499999999;0.10890046411817549;1.6366106249999999;D — activité déduite;PG48;"Activités de la localité détaillées dans la notice régionale ; libellé technique remplacé par mécanisme du scénario. Professions des résidents ; lieu de travail et commanditaires peuvent être extérieurs au quartier. Visiteurs exclus du stock. activité/institution locale Budget civil 3,00 % ; coefficient 1,300000 ; part de filière 3,999 %. Long apprentissage, frais, bourses, talent, licence ou secret ; titre ne donne pas maîtrise.";0.0003837548776819458;0.00012088252474829583;0.0032468475974640216;0.061248362121980766;0.0004645778781249675
Professeur;Enseignant;1.3185929667477936;2.1934873186741752;32.96482416869484;A — activité attestée;"MJ138; SB141";"Activités de la localité détaillées dans la notice régionale ; libellé technique remplacé par mécanisme du scénario. Professions des résidents ; lieu de travail et commanditaires peuvent être extérieurs au quartier. Visiteurs exclus du stock. activité/institution locale Budget civil 51,00 % ; coefficient 20,400000 ; part de filière 4,738 %. Instruction, autorisation ou initiation ; clergé, caste et office ne rendent pas noble.";0.02059802232633374;0.00648836298490684;0.0392117331094721;1.2328134479298438;0.019481400397237055
Enseignant de magie arcanique;Enseignant;0.03081863699999999;0.05126698772332567;0.7704659249999998;A — activité attestée;SB141;"Activités de la localité détaillées dans la notice régionale ; libellé technique remplacé par mécanisme du scénario. Professions des résidents ; lieu de travail et commanditaires peuvent être extérieurs au quartier. Visiteurs exclus du stock. activité/institution locale Budget civil 3,00 % ; coefficient 0,612000 ; part de filière 1,882 %. Long apprentissage, frais, bourses, talent, licence ou secret ; titre ne donne pas maîtrise.";0.00018065998857026984;5.690777318919772e-05;0.0015285159458830625;0.028833844322040166;0.00021870897031729233
Instructeur martial;Enseignant;15.823115600973523;26.321847824090106;395.57789002433805;A — activité attestée;SB94;"Activités de la localité détaillées dans la notice régionale ; libellé technique remplacé par mécanisme du scénario. Professions des résidents ; lieu de travail et commanditaires peuvent être extérieurs au quartier. Visiteurs exclus du stock. activité/institution locale Budget civil 51,00 % ; coefficient 244,800000 ; part de filière 56,851 %. Instruction, autorisation ou initiation ; clergé, caste et office ne rendent pas noble.";0.24717626791600497;0.07786035581888212;0.4705407973136652;14.793761375158127;0.23377680476684465
Formateur de tir à l’arc;Enseignant;0;0;0.0;A — activité attestée;SB155;"Activités de la localité détaillées dans la notice régionale ; libellé technique remplacé par mécanisme du scénario. Professions des résidents ; lieu de travail et commanditaires peuvent être extérieurs au quartier. Visiteurs exclus du stock. activité/institution locale Budget civil 51,00 % ; coefficient 0,000000 ; part de filière 0,000 %. Zéro proposé : Technique de site, institution, secret ou habilitation concentrée dans les implantations autorisées du scénario. Instruction, autorisation ou initiation ; clergé, caste et office ne rendent pas noble.";0;0;0;0;0
Ingénieur;Ingénieur;0.12589312499999997;0.2094239694580297;3.147328124999999;A — activité attestée;SB174;"Activités de la localité détaillées dans la notice régionale ; libellé technique remplacé par mécanisme du scénario. Professions des résidents ; lieu de travail et commanditaires peuvent être extérieurs au quartier. Visiteurs exclus du stock. activité/institution locale Budget civil 3,00 % ; coefficient 2,500000 ; part de filière 7,689 %. Long apprentissage, frais, bourses, talent, licence ou secret ; titre ne donne pas maîtrise.";0.002180355580952952;0.0006868105209937507;0.006149135547493625;0.1159969691968911;0.0008798541536685278
Inventeur;Ingénieur;0.030214349999999987;0.05026175266992712;0.7553587499999996;A — activité attestée;SB178;"Activités de la localité détaillées dans la notice régionale ; libellé technique remplacé par mécanisme du scénario. Professions des résidents ; lieu de travail et commanditaires peuvent être extérieurs au quartier. Visiteurs exclus du stock. activité/institution locale Budget civil 3,00 % ; coefficient 0,600000 ; part de filière 1,845 %. Long apprentissage, frais, bourses, talent, licence ou secret ; titre ne donne pas maîtrise.";0.00017711763585320566;5.579193449921347e-05;0.0014985450449833944;0.028268474825529574;0.00021442055913460038
Ingénieur mystique;Ingénieur;0.05035724999999999;0.0837695877832119;1.2589312499999998;A — activité attestée;SB174;"Activités de la localité détaillées dans la notice régionale ; libellé technique remplacé par mécanisme du scénario. Professions des résidents ; lieu de travail et commanditaires peuvent être extérieurs au quartier. Visiteurs exclus du stock. activité/institution locale Budget civil 3,00 % ; coefficient 1,000000 ; part de filière 3,076 %. Long apprentissage, frais, bourses, talent, licence ou secret ; titre ne donne pas maîtrise.";0.00029519605975534305;9.298655749868916e-05;0.002497575074972325;0.04711412470921597;0.00035736759855766744
Créateur et mainteneur de golems;Ingénieur;0.05035724999999999;0.0837695877832119;1.2589312499999998;D — activité déduite;SB174;"Activités de la localité détaillées dans la notice régionale ; libellé technique remplacé par mécanisme du scénario. Professions des résidents ; lieu de travail et commanditaires peuvent être extérieurs au quartier. Visiteurs exclus du stock. activité/institution locale Budget civil 3,00 % ; coefficient 1,000000 ; part de filière 3,076 %. Long apprentissage, frais, bourses, talent, licence ou secret ; titre ne donne pas maîtrise.";0.00029519605975534305;9.298655749868916e-05;0.002497575074972325;0.04711412470921597;0.00035736759855766744
Chercheur en golems;Ingénieur;0.0402858;0.06701567022656953;1.007145;A — activité attestée;SB178;"Activités de la localité détaillées dans la notice régionale ; libellé technique remplacé par mécanisme du scénario. Professions des résidents ; lieu de travail et commanditaires peuvent être extérieurs au quartier. Visiteurs exclus du stock. activité/institution locale Budget civil 3,00 % ; coefficient 0,800000 ; part de filière 2,461 %. Long apprentissage, frais, bourses, talent, licence ou secret ; titre ne donne pas maîtrise.";0.0002361568478042743;7.438924599895128e-05;0.0019980600599778585;0.03769129976737278;0.00028589407884613386
Ingénieur de réacteurs de bauronite;Ingénieur;0;0;0.0;D — activité déduite;SB174;"Activités de la localité détaillées dans la notice régionale ; libellé technique remplacé par mécanisme du scénario. Professions des résidents ; lieu de travail et commanditaires peuvent être extérieurs au quartier. Visiteurs exclus du stock. activité/institution locale Accès aux secrets des réacteurs; savoir détenu par un petit nombre Budget civil 3,00 % ; coefficient 0,000000 ; part de filière 0,000 %. Zéro proposé : Filière régionale non retenue dans ce scénario, sans interdiction universelle. Long apprentissage, frais, bourses, talent, licence ou secret ; titre ne donne pas maîtrise.";0;0;0;0;0
Technicien de communication runique;Ingénieur;0;0;0.0;D — activité déduite;SB174;"Activités de la localité détaillées dans la notice régionale ; libellé technique remplacé par mécanisme du scénario. Professions des résidents ; lieu de travail et commanditaires peuvent être extérieurs au quartier. Visiteurs exclus du stock. activité/institution locale Budget civil 3,00 % ; coefficient 0,000000 ; part de filière 0,000 %. Zéro proposé : Filière régionale non retenue dans ce scénario, sans interdiction universelle. Long apprentissage, frais, bourses, talent, licence ou secret ; titre ne donne pas maîtrise.";0;0;0;0;0
Chercheur en magie;Praticien des services arcaniques;0.0015107174999999995;0.0025130876334963563;0.03776793749999999;A — activité attestée;"SB138; SB139";"Activités de la localité détaillées dans la notice régionale ; libellé technique remplacé par mécanisme du scénario. Professions des résidents ; lieu de travail et commanditaires peuvent être extérieurs au quartier. Visiteurs exclus du stock. activité/institution locale Budget civil 3,00 % ; coefficient 0,030000 ; part de filière 0,092 %. Long apprentissage, frais, bourses, talent, licence ou secret ; titre ne donne pas maîtrise.";8.855881792660284e-06;2.789596724960672e-06;7.492725224916972e-05;0.0014134237412764788;1.072102795673002e-05
Fabricant d’objets magiques;Praticien des services arcaniques;0.05035724999999999;0.0837695877832119;1.2589312499999998;A — activité attestée;SB138;"Activités de la localité détaillées dans la notice régionale ; libellé technique remplacé par mécanisme du scénario. Professions des résidents ; lieu de travail et commanditaires peuvent être extérieurs au quartier. Visiteurs exclus du stock. activité/institution locale Budget civil 3,00 % ; coefficient 1,000000 ; part de filière 3,076 %. Long apprentissage, frais, bourses, talent, licence ou secret ; titre ne donne pas maîtrise.";0.00029519605975534305;9.298655749868916e-05;0.002497575074972325;0.04711412470921597;0.00035736759855766744
Fabricant de parchemins magiques;Praticien des services arcaniques;0.05035724999999999;0.0837695877832119;1.2589312499999998;A — activité attestée;SB138;"Activités de la localité détaillées dans la notice régionale ; libellé technique remplacé par mécanisme du scénario. Professions des résidents ; lieu de travail et commanditaires peuvent être extérieurs au quartier. Visiteurs exclus du stock. activité/institution locale Budget civil 3,00 % ; coefficient 1,000000 ; part de filière 3,076 %. Long apprentissage, frais, bourses, talent, licence ou secret ; titre ne donne pas maîtrise.";0.00029519605975534305;9.298655749868916e-05;0.002497575074972325;0.04711412470921597;0.00035736759855766744
Nécromancien de service;Praticien des services arcaniques;0.05035724999999999;0.0837695877832119;1.2589312499999998;D — activité déduite;"SB108; SB170";"Activités de la localité détaillées dans la notice régionale ; libellé technique remplacé par mécanisme du scénario. Professions des résidents ; lieu de travail et commanditaires peuvent être extérieurs au quartier. Visiteurs exclus du stock. activité/institution locale Budget civil 3,00 % ; coefficient 1,000000 ; part de filière 3,076 %. Long apprentissage, frais, bourses, talent, licence ou secret ; titre ne donne pas maîtrise.";0.00029519605975534305;9.298655749868916e-05;0.002497575074972325;0.04711412470921597;0.00035736759855766744
Illusionniste de service;Praticien des services arcaniques;0.05035724999999999;0.0837695877832119;1.2589312499999998;D — activité déduite;"SB107; SB142";"Activités de la localité détaillées dans la notice régionale ; libellé technique remplacé par mécanisme du scénario. Professions des résidents ; lieu de travail et commanditaires peuvent être extérieurs au quartier. Visiteurs exclus du stock. activité/institution locale Budget civil 3,00 % ; coefficient 1,000000 ; part de filière 3,076 %. Long apprentissage, frais, bourses, talent, licence ou secret ; titre ne donne pas maîtrise.";0.00029519605975534305;9.298655749868916e-05;0.002497575074972325;0.04711412470921597;0.00035736759855766744
Chercheur en aethermancy;Praticien des services arcaniques;0;0;0.0;A — activité attestée;SB140;"Activités de la localité détaillées dans la notice régionale ; libellé technique remplacé par mécanisme du scénario. Professions des résidents ; lieu de travail et commanditaires peuvent être extérieurs au quartier. Visiteurs exclus du stock. activité/institution locale Budget civil 3,00 % ; coefficient 0,000000 ; part de filière 0,000 %. Zéro proposé : Filière régionale non retenue dans ce scénario, sans interdiction universelle. Long apprentissage, frais, bourses, talent, licence ou secret ; titre ne donne pas maîtrise.";0;0;0;0;0
Chercheur en biomancy;Praticien des services arcaniques;0;0;0.0;A — activité attestée;SB140;"Activités de la localité détaillées dans la notice régionale ; libellé technique remplacé par mécanisme du scénario. Professions des résidents ; lieu de travail et commanditaires peuvent être extérieurs au quartier. Visiteurs exclus du stock. activité/institution locale Budget civil 3,00 % ; coefficient 0,000000 ; part de filière 0,000 %. Zéro proposé : Filière régionale non retenue dans ce scénario, sans interdiction universelle. Long apprentissage, frais, bourses, talent, licence ou secret ; titre ne donne pas maîtrise.";0;0;0;0;0
Désenchanteur et récupérateur arcanique;Praticien des services arcaniques;0;0;0.0;A — activité attestée;SB139;"Activités de la localité détaillées dans la notice régionale ; libellé technique remplacé par mécanisme du scénario. Professions des résidents ; lieu de travail et commanditaires peuvent être extérieurs au quartier. Visiteurs exclus du stock. activité/institution locale Budget civil 3,00 % ; coefficient 0,000000 ; part de filière 0,000 %. Zéro proposé : Filière régionale non retenue dans ce scénario, sans interdiction universelle. Long apprentissage, frais, bourses, talent, licence ou secret ; titre ne donne pas maîtrise.";0;0;0;0;0
Extracteur de mémoire;Praticien des services arcaniques;0;0;0.0;A — activité attestée;SB140;"Activités de la localité détaillées dans la notice régionale ; libellé technique remplacé par mécanisme du scénario. Professions des résidents ; lieu de travail et commanditaires peuvent être extérieurs au quartier. Visiteurs exclus du stock. activité/institution locale Budget civil 3,00 % ; coefficient 0,000000 ; part de filière 0,000 %. Zéro proposé : Filière régionale non retenue dans ce scénario, sans interdiction universelle. Long apprentissage, frais, bourses, talent, licence ou secret ; titre ne donne pas maîtrise.";0;0;0;0;0
Certificateur et inspecteur arcanique;Praticien des services arcaniques;0;0;0.0;A — activité attestée;SB139;"Activités de la localité détaillées dans la notice régionale ; libellé technique remplacé par mécanisme du scénario. Professions des résidents ; lieu de travail et commanditaires peuvent être extérieurs au quartier. Visiteurs exclus du stock. activité/institution locale Budget civil 3,00 % ; coefficient 0,000000 ; part de filière 0,000 %. Zéro proposé : Filière régionale non retenue dans ce scénario, sans interdiction universelle. Long apprentissage, frais, bourses, talent, licence ou secret ; titre ne donne pas maîtrise.";0;0;0;0;0
Opérateur de transport magique;Praticien des services arcaniques;0.05035724999999999;0.0837695877832119;1.2589312499999998;D — activité déduite;SB142;"Activités de la localité détaillées dans la notice régionale ; libellé technique remplacé par mécanisme du scénario. Professions des résidents ; lieu de travail et commanditaires peuvent être extérieurs au quartier. Visiteurs exclus du stock. activité/institution locale Budget civil 3,00 % ; coefficient 1,000000 ; part de filière 3,076 %. Long apprentissage, frais, bourses, talent, licence ou secret ; titre ne donne pas maîtrise.";0.00029519605975534305;9.298655749868916e-05;0.002497575074972325;0.04711412470921597;0.00035736759855766744
Restaurateur de runes de tunnels;Praticien des services arcaniques;0;0;0.0;A — activité attestée;SB161;"Activités de la localité détaillées dans la notice régionale ; libellé technique remplacé par mécanisme du scénario. Professions des résidents ; lieu de travail et commanditaires peuvent être extérieurs au quartier. Visiteurs exclus du stock. activité/institution locale Budget civil 3,00 % ; coefficient 0,000000 ; part de filière 0,000 %. Zéro proposé : Filière régionale non retenue dans ce scénario, sans interdiction universelle. Long apprentissage, frais, bourses, talent, licence ou secret ; titre ne donne pas maîtrise.";0;0;0;0;0
Artificier psychique;Praticien des services arcaniques;0;0;0.0;A — activité attestée;PG8;"Activités de la localité détaillées dans la notice régionale ; libellé technique remplacé par mécanisme du scénario. Professions des résidents ; lieu de travail et commanditaires peuvent être extérieurs au quartier. Visiteurs exclus du stock. activité/institution locale Budget civil 3,00 % ; coefficient 0,000000 ; part de filière 0,000 %. Zéro proposé : Filière régionale non retenue dans ce scénario, sans interdiction universelle. Long apprentissage, frais, bourses, talent, licence ou secret ; titre ne donne pas maîtrise.";0;0;0;0;0
Guérisseur;Soigneur;0.19143773367036362;0.31845781959337865;4.785943341759091;A — activité attestée;"MJ141; PG36";"Activités de la localité détaillées dans la notice régionale ; libellé technique remplacé par mécanisme du scénario. Professions des résidents ; lieu de travail et commanditaires peuvent être extérieurs au quartier. Visiteurs exclus du stock. activité/institution locale Budget civil 12,00 % ; coefficient 1,700000 ; part de filière 2,923 %. Apprentissage et qualification variable ; soins avancés et thérapie magique exigent formation.";1.0997226286007408e-05;3.464118779964219e-06;0.00037217838596526786;0.17551883691260664;0.015532257026725733
Chirurgien;Soigneur;0.028715660050554544;0.0477686729390068;0.7178915012638636;P — activité proposée;"MJ141; PG36";"Activités de la localité détaillées dans la notice régionale ; libellé technique remplacé par mécanisme du scénario. Professions des résidents ; lieu de travail et commanditaires peuvent être extérieurs au quartier. Visiteurs exclus du stock. activité/institution locale Budget civil 12,00 % ; coefficient 0,255000 ; part de filière 0,438 %. Apprentissage et qualification variable ; soins avancés et thérapie magique exigent formation.";1.6495839429011116e-06;5.196178169946329e-07;5.582675789479019e-05;0.026327825536890996;0.0023298385540088604
Praticien de psychosurgery;Soigneur;0;0;0.0;D — activité déduite;SB94;"Activités de la localité détaillées dans la notice régionale ; libellé technique remplacé par mécanisme du scénario. Professions des résidents ; lieu de travail et commanditaires peuvent être extérieurs au quartier. Visiteurs exclus du stock. activité/institution locale Budget civil 12,00 % ; coefficient 0,000000 ; part de filière 0,000 %. Zéro proposé : Filière régionale non retenue dans ce scénario, sans interdiction universelle. Apprentissage et qualification variable ; soins avancés et thérapie magique exigent formation.";0;0;0;0;0
Opérateur de thérapie onirique;Soigneur;0;0;0.0;D — activité déduite;"SB141; SB228";"Activités de la localité détaillées dans la notice régionale ; libellé technique remplacé par mécanisme du scénario. Professions des résidents ; lieu de travail et commanditaires peuvent être extérieurs au quartier. Visiteurs exclus du stock. activité/institution locale Budget civil 12,00 % ; coefficient 0,000000 ; part de filière 0,000 %. Zéro proposé : Technique de site, institution, secret ou habilitation concentrée dans les implantations autorisées du scénario. Apprentissage et qualification variable ; soins avancés et thérapie magique exigent formation.";0;0;0;0;0
Prêtre et officiant;Officiant religieux;2.0683811243102648;3.4407644214496873;51.709528107756626;A — activité attestée;"MJ127; SB182";"Activités de la localité détaillées dans la notice régionale ; libellé technique remplacé par mécanisme du scénario. Professions des résidents ; lieu de travail et commanditaires peuvent être extérieurs au quartier. Visiteurs exclus du stock. activité/institution locale Budget civil 51,00 % ; coefficient 32,000000 ; part de filière 7,431 %. Instruction, autorisation ou initiation ; clergé, caste et office ne rendent pas noble.";0.03231062325699412;0.010177824290049944;0.06150860095603468;1.9338250163605395;0.030559059446646365
Acolyte;Officiant religieux;2.0683811243102648;3.4407644214496873;51.709528107756626;A — activité attestée;"MJ127; SB182";"Activités de la localité détaillées dans la notice régionale ; libellé technique remplacé par mécanisme du scénario. Professions des résidents ; lieu de travail et commanditaires peuvent être extérieurs au quartier. Visiteurs exclus du stock. activité/institution locale Budget civil 51,00 % ; coefficient 32,000000 ; part de filière 7,431 %. Instruction, autorisation ou initiation ; clergé, caste et office ne rendent pas noble.";0.03231062325699412;0.010177824290049944;0.06150860095603468;1.9338250163605395;0.030559059446646365
Shaman;Officiant religieux;0;0;0.0;A — activité attestée;"SB129; SB191";"Activités de la localité détaillées dans la notice régionale ; libellé technique remplacé par mécanisme du scénario. Professions des résidents ; lieu de travail et commanditaires peuvent être extérieurs au quartier. Visiteurs exclus du stock. activité/institution locale Budget civil 51,00 % ; coefficient 0,000000 ; part de filière 0,000 %. Zéro proposé : Le scénario respecte le clergé local attesté : Bás ou sugenjas, sans collectivité religieuse supplémentaire. Instruction, autorisation ou initiation ; clergé, caste et office ne rendent pas noble.";0;0;0;0;0
Sugenja;Officiant religieux;2.0683811243102648;3.4407644214496873;51.709528107756626;A — activité attestée;SB198;"Activités de la localité détaillées dans la notice régionale ; libellé technique remplacé par mécanisme du scénario. Professions des résidents ; lieu de travail et commanditaires peuvent être extérieurs au quartier. Visiteurs exclus du stock. activité/institution locale Budget civil 51,00 % ; coefficient 32,000000 ; part de filière 7,431 %. Instruction, autorisation ou initiation ; clergé, caste et office ne rendent pas noble.";0.03231062325699412;0.010177824290049944;0.06150860095603468;1.9338250163605395;0.030559059446646365
Gardien et officiant druidique;Officiant religieux;0;0;0.0;A — activité attestée;SB153;"Activités de la localité détaillées dans la notice régionale ; libellé technique remplacé par mécanisme du scénario. Professions des résidents ; lieu de travail et commanditaires peuvent être extérieurs au quartier. Visiteurs exclus du stock. activité/institution locale Budget civil 51,00 % ; coefficient 0,000000 ; part de filière 0,000 %. Zéro proposé : Le scénario respecte le clergé local attesté : Bás ou sugenjas, sans collectivité religieuse supplémentaire. Instruction, autorisation ou initiation ; clergé, caste et office ne rendent pas noble.";0;0;0;0;0
Gardien-purificateur de Mother Tree;Officiant religieux;0;0;0.0;A — activité attestée;SB153;"Activités de la localité détaillées dans la notice régionale ; libellé technique remplacé par mécanisme du scénario. Professions des résidents ; lieu de travail et commanditaires peuvent être extérieurs au quartier. Visiteurs exclus du stock. activité/institution locale Budget civil 51,00 % ; coefficient 0,000000 ; part de filière 0,000 %. Zéro proposé : Filière régionale non retenue dans ce scénario, sans interdiction universelle. Instruction, autorisation ou initiation ; clergé, caste et office ne rendent pas noble.";0;0;0;0;0
Officiant des rites Ba-Akhu;Officiant religieux;0;0;0.0;A — activité attestée;SB184;"Activités de la localité détaillées dans la notice régionale ; libellé technique remplacé par mécanisme du scénario. Professions des résidents ; lieu de travail et commanditaires peuvent être extérieurs au quartier. Visiteurs exclus du stock. activité/institution locale Budget civil 51,00 % ; coefficient 0,000000 ; part de filière 0,000 %. Zéro proposé : Filière régionale non retenue dans ce scénario, sans interdiction universelle. Instruction, autorisation ou initiation ; clergé, caste et office ne rendent pas noble.";0;0;0;0;0
Garde et sentinelle;Garde et surveillant;0.38080789883544297;0.6334762265619374;9.520197470886075;A — activité attestée;"MJ140; SB90";"Activités de la localité détaillées dans la notice régionale ; libellé technique remplacé par mécanisme du scénario. Professions des résidents ; lieu de travail et commanditaires peuvent être extérieurs au quartier. Visiteurs exclus du stock. activité/institution locale Budget civil 7,00 % ; coefficient 31,500000 ; part de filière 9,968 %. Entraînement, loyauté, armes et habilitations ; aucun métier verrouillé par naissance sauf source explicite.";0.0015030763904134974;0.00047346803787944893;0.005341193833233178;0.35984285442755465;0.013647306146362176
Garde du corps;Garde et surveillant;0.38080789883544297;0.6334762265619374;9.520197470886075;A — activité attestée;"MJ140; SB90";"Activités de la localité détaillées dans la notice régionale ; libellé technique remplacé par mécanisme du scénario. Professions des résidents ; lieu de travail et commanditaires peuvent être extérieurs au quartier. Visiteurs exclus du stock. activité/institution locale Budget civil 7,00 % ; coefficient 31,500000 ; part de filière 9,968 %. Entraînement, loyauté, armes et habilitations ; aucun métier verrouillé par naissance sauf source explicite.";0.0015030763904134974;0.00047346803787944893;0.005341193833233178;0.35984285442755465;0.013647306146362176
Soldat;Combattant professionnel;2.273909599999999;3.7826622750108116;56.84773999999997;A — activité attestée;"MJ140; SB90";"Activités de la localité détaillées dans la notice régionale ; libellé technique remplacé par mécanisme du scénario. Professions des résidents ; lieu de travail et commanditaires peuvent être extérieurs au quartier. Visiteurs exclus du stock. activité/institution locale Garnison incluse dans les résidents par convention proposée, comptée une seule fois. Entraînement, loyauté, armes et habilitations ; aucun métier verrouillé par naissance sauf source explicite.";0.0022525904000422307;0.0007095644397425968;0.03201839116159876;2.157118732160547;0.08181032183806886
Mercenaire;Combattant professionnel;0.38080789883544297;0.6334762265619374;9.520197470886075;A — activité attestée;"MJ140; SB90";"Activités de la localité détaillées dans la notice régionale ; libellé technique remplacé par mécanisme du scénario. Professions des résidents ; lieu de travail et commanditaires peuvent être extérieurs au quartier. Visiteurs exclus du stock. activité/institution locale Budget civil 7,00 % ; coefficient 31,500000 ; part de filière 9,968 %. Entraînement, loyauté, armes et habilitations ; aucun métier verrouillé par naissance sauf source explicite.";0.0015030763904134974;0.00047346803787944893;0.005341193833233178;0.35984285442755465;0.013647306146362176
Éclaireur;Combattant professionnel;0.38080789883544297;0.6334762265619374;9.520197470886075;A — activité attestée;"MJ140; SB90";"Activités de la localité détaillées dans la notice régionale ; libellé technique remplacé par mécanisme du scénario. Professions des résidents ; lieu de travail et commanditaires peuvent être extérieurs au quartier. Visiteurs exclus du stock. activité/institution locale Budget civil 7,00 % ; coefficient 31,500000 ; part de filière 9,968 %. Entraînement, loyauté, armes et habilitations ; aucun métier verrouillé par naissance sauf source explicite.";0.0015030763904134974;0.00047346803787944893;0.005341193833233178;0.35984285442755465;0.013647306146362176
Chasseur de primes;Combattant professionnel;0.38080789883544297;0.6334762265619374;9.520197470886075;A — activité attestée;MJ140;"Activités de la localité détaillées dans la notice régionale ; libellé technique remplacé par mécanisme du scénario. Professions des résidents ; lieu de travail et commanditaires peuvent être extérieurs au quartier. Visiteurs exclus du stock. activité/institution locale Budget civil 7,00 % ; coefficient 31,500000 ; part de filière 9,968 %. Entraînement, loyauté, armes et habilitations ; aucun métier verrouillé par naissance sauf source explicite.";0.0015030763904134974;0.00047346803787944893;0.005341193833233178;0.35984285442755465;0.013647306146362176
Gladiateur;Combattant professionnel;0.38080789883544297;0.6334762265619374;9.520197470886075;A — activité attestée;MJ130;"Activités de la localité détaillées dans la notice régionale ; libellé technique remplacé par mécanisme du scénario. Professions des résidents ; lieu de travail et commanditaires peuvent être extérieurs au quartier. Visiteurs exclus du stock. activité/institution locale Budget civil 7,00 % ; coefficient 31,500000 ; part de filière 9,968 %. Entraînement, loyauté, armes et habilitations ; aucun métier verrouillé par naissance sauf source explicite.";0.0015030763904134974;0.00047346803787944893;0.005341193833233178;0.35984285442755465;0.013647306146362176
Champion d’arène;Combattant professionnel;0.38080789883544297;0.6334762265619374;9.520197470886075;A — activité attestée;SB90;"Activités de la localité détaillées dans la notice régionale ; libellé technique remplacé par mécanisme du scénario. Professions des résidents ; lieu de travail et commanditaires peuvent être extérieurs au quartier. Visiteurs exclus du stock. activité/institution locale Budget civil 7,00 % ; coefficient 31,500000 ; part de filière 9,968 %. Entraînement, loyauté, armes et habilitations ; aucun métier verrouillé par naissance sauf source explicite.";0.0015030763904134974;0.00047346803787944893;0.005341193833233178;0.35984285442755465;0.013647306146362176
Veilleur de nuit;Garde et surveillant;0.38080789883544297;0.6334762265619374;9.520197470886075;P — activité proposée;"MJ140; SB90";"Activités de la localité détaillées dans la notice régionale ; libellé technique remplacé par mécanisme du scénario. Professions des résidents ; lieu de travail et commanditaires peuvent être extérieurs au quartier. Visiteurs exclus du stock. activité/institution locale Budget civil 7,00 % ; coefficient 31,500000 ; part de filière 9,968 %. Entraînement, loyauté, armes et habilitations ; aucun métier verrouillé par naissance sauf source explicite.";0.0015030763904134974;0.00047346803787944893;0.005341193833233178;0.35984285442755465;0.013647306146362176
Guide;Guide;1.1868790787075392;1.9743804749435063;29.67197696768848;A — activité attestée;MJ140;"Activités de la localité détaillées dans la notice régionale ; libellé technique remplacé par mécanisme du scénario. Professions des résidents ; lieu de travail et commanditaires peuvent être extérieurs au quartier. Visiteurs exclus du stock. activité/institution locale Budget civil 5,00 % ; coefficient 78,750000 ; part de filière 43,496 %. Réseau, itinéraires, confiance et capital ; manutention distincte de propriété du fret.";0.002154924366350902;0.0027151988229529565;0.03281803186179565;1.0317960417831802;0.11739488187325942
Gardien de domaine;Garde et surveillant;0.38080789883544297;0.6334762265619374;9.520197470886075;A — activité attestée;MJ140;"Activités de la localité détaillées dans la notice régionale ; libellé technique remplacé par mécanisme du scénario. Professions des résidents ; lieu de travail et commanditaires peuvent être extérieurs au quartier. Visiteurs exclus du stock. activité/institution locale Budget civil 7,00 % ; coefficient 31,500000 ; part de filière 9,968 %. Entraînement, loyauté, armes et habilitations ; aucun métier verrouillé par naissance sauf source explicite.";0.0015030763904134974;0.00047346803787944893;0.005341193833233178;0.35984285442755465;0.013647306146362176
Spellshield;Protecteur et contrôleur arcanique;0;0;0.0;A — activité attestée;SB140;"Activités de la localité détaillées dans la notice régionale ; libellé technique remplacé par mécanisme du scénario. Professions des résidents ; lieu de travail et commanditaires peuvent être extérieurs au quartier. Visiteurs exclus du stock. activité/institution locale Budget civil 7,00 % ; coefficient 0,000000 ; part de filière 0,000 %. Zéro proposé : Filière régionale non retenue dans ce scénario, sans interdiction universelle. Entraînement, loyauté, armes et habilitations ; aucun métier verrouillé par naissance sauf source explicite.";0;0;0;0;0
Warden des Arcane Enforcers;Protecteur et contrôleur arcanique;0;0;0.0;A — activité attestée;SB140;"Activités de la localité détaillées dans la notice régionale ; libellé technique remplacé par mécanisme du scénario. Professions des résidents ; lieu de travail et commanditaires peuvent être extérieurs au quartier. Visiteurs exclus du stock. activité/institution locale Budget civil 7,00 % ; coefficient 0,000000 ; part de filière 0,000 %. Zéro proposé : Filière régionale non retenue dans ce scénario, sans interdiction universelle. Entraînement, loyauté, armes et habilitations ; aucun métier verrouillé par naissance sauf source explicite.";0;0;0;0;0
Inquisiteur;Garde et surveillant;0;0;0.0;A — activité attestée;SB29;"Activités de la localité détaillées dans la notice régionale ; libellé technique remplacé par mécanisme du scénario. Professions des résidents ; lieu de travail et commanditaires peuvent être extérieurs au quartier. Visiteurs exclus du stock. activité/institution locale Budget civil 7,00 % ; coefficient 0,000000 ; part de filière 0,000 %. Zéro proposé : Inquisiteur bauronien : aucun établissement de son Église habilité dans ce profil, notamment les ordres cirrus indépendants. Entraînement, loyauté, armes et habilitations ; aucun métier verrouillé par naissance sauf source explicite.";0;0;0;0;0
Mage impérial chargé du contrôle;Protecteur et contrôleur arcanique;0;0;0.0;A — activité attestée;SB98;"Activités de la localité détaillées dans la notice régionale ; libellé technique remplacé par mécanisme du scénario. Professions des résidents ; lieu de travail et commanditaires peuvent être extérieurs au quartier. Visiteurs exclus du stock. activité/institution locale Budget civil 7,00 % ; coefficient 0,000000 ; part de filière 0,000 %. Zéro proposé : Filière régionale non retenue dans ce scénario, sans interdiction universelle. Entraînement, loyauté, armes et habilitations ; aucun métier verrouillé par naissance sauf source explicite.";0;0;0;0;0
Chasseur de morts-vivants;Combattant professionnel;0.38080789883544297;0.6334762265619374;9.520197470886075;A — activité attestée;SB210;"Activités de la localité détaillées dans la notice régionale ; libellé technique remplacé par mécanisme du scénario. Professions des résidents ; lieu de travail et commanditaires peuvent être extérieurs au quartier. Visiteurs exclus du stock. activité/institution locale Budget civil 7,00 % ; coefficient 31,500000 ; part de filière 9,968 %. Entraînement, loyauté, armes et habilitations ; aucun métier verrouillé par naissance sauf source explicite.";0.0015030763904134974;0.00047346803787944893;0.005341193833233178;0.35984285442755465;0.013647306146362176
Détective;Enquêteur et agent de renseignement;0.006044569822784809;0.010055178199395831;0.15111424556962022;A — activité attestée;"PG9; BR42";"Activités de la localité détaillées dans la notice régionale ; libellé technique remplacé par mécanisme du scénario. Professions des résidents ; lieu de travail et commanditaires peuvent être extérieurs au quartier. Visiteurs exclus du stock. activité/institution locale Budget civil 7,00 % ; coefficient 0,500000 ; part de filière 0,158 %. Entraînement, loyauté, armes et habilitations ; aucun métier verrouillé par naissance sauf source explicite.";2.3858355403388862e-05;7.515365680626174e-06;8.478085449576478e-05;0.005711791340119915;0.0002166239070851139
Espion;Enquêteur et agent de renseignement;0.006044569822784809;0.010055178199395831;0.15111424556962022;A — activité attestée;"PG9; BR42";"Activités de la localité détaillées dans la notice régionale ; libellé technique remplacé par mécanisme du scénario. Professions des résidents ; lieu de travail et commanditaires peuvent être extérieurs au quartier. Visiteurs exclus du stock. activité/institution locale Budget civil 7,00 % ; coefficient 0,500000 ; part de filière 0,158 %. Entraînement, loyauté, armes et habilitations ; aucun métier verrouillé par naissance sauf source explicite.";2.3858355403388862e-05;7.515365680626174e-06;8.478085449576478e-05;0.005711791340119915;0.0002166239070851139
Détective arcanique;Enquêteur et agent de renseignement;0;0;0.0;A — activité attestée;SB140;"Activités de la localité détaillées dans la notice régionale ; libellé technique remplacé par mécanisme du scénario. Professions des résidents ; lieu de travail et commanditaires peuvent être extérieurs au quartier. Visiteurs exclus du stock. activité/institution locale Budget civil 7,00 % ; coefficient 0,000000 ; part de filière 0,000 %. Zéro proposé : Filière régionale non retenue dans ce scénario, sans interdiction universelle. Entraînement, loyauté, armes et habilitations ; aucun métier verrouillé par naissance sauf source explicite.";0;0;0;0;0
Fonctionnaire;Administrateur et juriste;0.5170952810775662;0.8601911053624218;12.927382026939156;A — activité attestée;"SB90; SB213";"Activités de la localité détaillées dans la notice régionale ; libellé technique remplacé par mécanisme du scénario. Professions des résidents ; lieu de travail et commanditaires peuvent être extérieurs au quartier. Visiteurs exclus du stock. activité/institution locale Budget civil 51,00 % ; coefficient 8,000000 ; part de filière 1,858 %. Instruction, autorisation ou initiation ; clergé, caste et office ne rendent pas noble.";0.023276673917170924;0.0073321364091753485;0.014770329417328623;0.46437786070817316;0.007338280625718095
Percepteur;Administrateur et juriste;0.5170952810775662;0.8601911053624218;12.927382026939156;A — activité attestée;SB132;"Activités de la localité détaillées dans la notice régionale ; libellé technique remplacé par mécanisme du scénario. Professions des résidents ; lieu de travail et commanditaires peuvent être extérieurs au quartier. Visiteurs exclus du stock. activité/institution locale Budget civil 51,00 % ; coefficient 8,000000 ; part de filière 1,858 %. Instruction, autorisation ou initiation ; clergé, caste et office ne rendent pas noble.";0.00807765581424853;0.002544456072512486;0.01537715023900867;0.4834562540901349;0.007639764861661591
Juge;Administrateur et juriste;0.5170952810775662;0.8601911053624218;12.927382026939156;A — activité attestée;"SB90; SB213";"Activités de la localité détaillées dans la notice régionale ; libellé technique remplacé par mécanisme du scénario. Professions des résidents ; lieu de travail et commanditaires peuvent être extérieurs au quartier. Visiteurs exclus du stock. activité/institution locale Budget civil 51,00 % ; coefficient 8,000000 ; part de filière 1,858 %. Instruction, autorisation ou initiation ; clergé, caste et office ne rendent pas noble.";0.023276673917170924;0.0073321364091753485;0.014770329417328623;0.46437786070817316;0.007338280625718095
Avocat;Administrateur et juriste;0.5170952810775662;0.8601911053624218;12.927382026939156;A — activité attestée;"SB90; SB213";"Activités de la localité détaillées dans la notice régionale ; libellé technique remplacé par mécanisme du scénario. Professions des résidents ; lieu de travail et commanditaires peuvent être extérieurs au quartier. Visiteurs exclus du stock. activité/institution locale Budget civil 51,00 % ; coefficient 8,000000 ; part de filière 1,858 %. Instruction, autorisation ou initiation ; clergé, caste et office ne rendent pas noble.";0.00807765581424853;0.002544456072512486;0.01537715023900867;0.4834562540901349;0.007639764861661591
Diplomate et émissaire;Administrateur et juriste;0.5170952810775662;0.8601911053624218;12.927382026939156;A — activité attestée;PG46;"Activités de la localité détaillées dans la notice régionale ; libellé technique remplacé par mécanisme du scénario. Professions des résidents ; lieu de travail et commanditaires peuvent être extérieurs au quartier. Visiteurs exclus du stock. activité/institution locale Budget civil 51,00 % ; coefficient 8,000000 ; part de filière 1,858 %. Instruction, autorisation ou initiation ; clergé, caste et office ne rendent pas noble.";0.023276673917170924;0.0073321364091753485;0.014770329417328623;0.46437786070817316;0.007338280625718095
Recruteur et agent de missions;Administrateur et juriste;0.5170952810775662;0.8601911053624218;12.927382026939156;D — activité déduite;SB105;"Activités de la localité détaillées dans la notice régionale ; libellé technique remplacé par mécanisme du scénario. Professions des résidents ; lieu de travail et commanditaires peuvent être extérieurs au quartier. Visiteurs exclus du stock. activité/institution locale Budget civil 51,00 % ; coefficient 8,000000 ; part de filière 1,858 %. Instruction, autorisation ou initiation ; clergé, caste et office ne rendent pas noble.";0.00807765581424853;0.002544456072512486;0.01537715023900867;0.4834562540901349;0.007639764861661591
Bourreau;Administrateur et juriste;0.5170952810775662;0.8601911053624218;12.927382026939156;A — activité attestée;SB148;"Activités de la localité détaillées dans la notice régionale ; libellé technique remplacé par mécanisme du scénario. Professions des résidents ; lieu de travail et commanditaires peuvent être extérieurs au quartier. Visiteurs exclus du stock. activité/institution locale Budget civil 51,00 % ; coefficient 8,000000 ; part de filière 1,858 %. Instruction, autorisation ou initiation ; clergé, caste et office ne rendent pas noble.";0.00807765581424853;0.002544456072512486;0.01537715023900867;0.4834562540901349;0.007639764861661591
Acteur et comédien;Artiste du spectacle;0.03454039898734177;0.05745816113940476;0.8635099746835442;A — activité attestée;MJ129;"Activités de la localité détaillées dans la notice régionale ; libellé technique remplacé par mécanisme du scénario. Professions des résidents ; lieu de travail et commanditaires peuvent être extérieurs au quartier. Visiteurs exclus du stock. activité/institution locale Budget civil 1,00 % ; coefficient 1,500000 ; part de filière 6,329 %. Apprentissage, audition et réseau ; accès au mérite notamment Mustardseed.";5.503136476047801e-05;1.7334842368060797e-05;0.0006984085343892833;0.03293685454836836;0.0008327696974555871
Danseur;Artiste du spectacle;0.03454039898734177;0.05745816113940476;0.8635099746835442;A — activité attestée;MJ129;"Activités de la localité détaillées dans la notice régionale ; libellé technique remplacé par mécanisme du scénario. Professions des résidents ; lieu de travail et commanditaires peuvent être extérieurs au quartier. Visiteurs exclus du stock. activité/institution locale Budget civil 1,00 % ; coefficient 1,500000 ; part de filière 6,329 %. Apprentissage, audition et réseau ; accès au mérite notamment Mustardseed.";5.503136476047801e-05;1.7334842368060797e-05;0.0006984085343892833;0.03293685454836836;0.0008327696974555871
Musicien;Artiste du spectacle;0.03454039898734177;0.05745816113940476;0.8635099746835442;A — activité attestée;MJ129;"Activités de la localité détaillées dans la notice régionale ; libellé technique remplacé par mécanisme du scénario. Professions des résidents ; lieu de travail et commanditaires peuvent être extérieurs au quartier. Visiteurs exclus du stock. activité/institution locale Budget civil 1,00 % ; coefficient 1,500000 ; part de filière 6,329 %. Apprentissage, audition et réseau ; accès au mérite notamment Mustardseed.";5.503136476047801e-05;1.7334842368060797e-05;0.0006984085343892833;0.03293685454836836;0.0008327696974555871
Chanteur;Artiste du spectacle;0.03454039898734177;0.05745816113940476;0.8635099746835442;A — activité attestée;MJ129;"Activités de la localité détaillées dans la notice régionale ; libellé technique remplacé par mécanisme du scénario. Professions des résidents ; lieu de travail et commanditaires peuvent être extérieurs au quartier. Visiteurs exclus du stock. activité/institution locale Budget civil 1,00 % ; coefficient 1,500000 ; part de filière 6,329 %. Apprentissage, audition et réseau ; accès au mérite notamment Mustardseed.";5.503136476047801e-05;1.7334842368060797e-05;0.0006984085343892833;0.03293685454836836;0.0008327696974555871
Poète;Artiste du spectacle;0.03454039898734177;0.05745816113940476;0.8635099746835442;A — activité attestée;MJ129;"Activités de la localité détaillées dans la notice régionale ; libellé technique remplacé par mécanisme du scénario. Professions des résidents ; lieu de travail et commanditaires peuvent être extérieurs au quartier. Visiteurs exclus du stock. activité/institution locale Budget civil 1,00 % ; coefficient 1,500000 ; part de filière 6,329 %. Apprentissage, audition et réseau ; accès au mérite notamment Mustardseed.";5.503136476047801e-05;1.7334842368060797e-05;0.0006984085343892833;0.03293685454836836;0.0008327696974555871
Conteur;Artiste du spectacle;0.03454039898734177;0.05745816113940476;0.8635099746835442;A — activité attestée;MJ129;"Activités de la localité détaillées dans la notice régionale ; libellé technique remplacé par mécanisme du scénario. Professions des résidents ; lieu de travail et commanditaires peuvent être extérieurs au quartier. Visiteurs exclus du stock. activité/institution locale Budget civil 1,00 % ; coefficient 1,500000 ; part de filière 6,329 %. Apprentissage, audition et réseau ; accès au mérite notamment Mustardseed.";5.503136476047801e-05;1.7334842368060797e-05;0.0006984085343892833;0.03293685454836836;0.0008327696974555871
Bouffon;Artiste du spectacle;0.03454039898734177;0.05745816113940476;0.8635099746835442;A — activité attestée;MJ129;"Activités de la localité détaillées dans la notice régionale ; libellé technique remplacé par mécanisme du scénario. Professions des résidents ; lieu de travail et commanditaires peuvent être extérieurs au quartier. Visiteurs exclus du stock. activité/institution locale Budget civil 1,00 % ; coefficient 1,500000 ; part de filière 6,329 %. Apprentissage, audition et réseau ; accès au mérite notamment Mustardseed.";5.503136476047801e-05;1.7334842368060797e-05;0.0006984085343892833;0.03293685454836836;0.0008327696974555871
Jongleur;Artiste du spectacle;0.03454039898734177;0.05745816113940476;0.8635099746835442;A — activité attestée;MJ129;"Activités de la localité détaillées dans la notice régionale ; libellé technique remplacé par mécanisme du scénario. Professions des résidents ; lieu de travail et commanditaires peuvent être extérieurs au quartier. Visiteurs exclus du stock. activité/institution locale Budget civil 1,00 % ; coefficient 1,500000 ; part de filière 6,329 %. Apprentissage, audition et réseau ; accès au mérite notamment Mustardseed.";5.503136476047801e-05;1.7334842368060797e-05;0.0006984085343892833;0.03293685454836836;0.0008327696974555871
Acrobate;Artiste du spectacle;0.03454039898734177;0.05745816113940476;0.8635099746835442;A — activité attestée;MJ129;"Activités de la localité détaillées dans la notice régionale ; libellé technique remplacé par mécanisme du scénario. Professions des résidents ; lieu de travail et commanditaires peuvent être extérieurs au quartier. Visiteurs exclus du stock. activité/institution locale Budget civil 1,00 % ; coefficient 1,500000 ; part de filière 6,329 %. Apprentissage, audition et réseau ; accès au mérite notamment Mustardseed.";5.503136476047801e-05;1.7334842368060797e-05;0.0006984085343892833;0.03293685454836836;0.0008327696974555871
Cracheur de feu;Artiste du spectacle;0.03454039898734177;0.05745816113940476;0.8635099746835442;A — activité attestée;MJ129;"Activités de la localité détaillées dans la notice régionale ; libellé technique remplacé par mécanisme du scénario. Professions des résidents ; lieu de travail et commanditaires peuvent être extérieurs au quartier. Visiteurs exclus du stock. activité/institution locale Budget civil 1,00 % ; coefficient 1,500000 ; part de filière 6,329 %. Apprentissage, audition et réseau ; accès au mérite notamment Mustardseed.";5.503136476047801e-05;1.7334842368060797e-05;0.0006984085343892833;0.03293685454836836;0.0008327696974555871
Compositeur;Artiste du spectacle;0.03454039898734177;0.05745816113940476;0.8635099746835442;A — activité attestée;PG28;"Activités de la localité détaillées dans la notice régionale ; libellé technique remplacé par mécanisme du scénario. Professions des résidents ; lieu de travail et commanditaires peuvent être extérieurs au quartier. Visiteurs exclus du stock. activité/institution locale Budget civil 1,00 % ; coefficient 1,500000 ; part de filière 6,329 %. Apprentissage, audition et réseau ; accès au mérite notamment Mustardseed.";5.503136476047801e-05;1.7334842368060797e-05;0.0006984085343892833;0.03293685454836836;0.0008327696974555871
Crieur public;Artiste du spectacle;0.03454039898734177;0.05745816113940476;0.8635099746835442;P — activité proposée;MJ129;"Activités de la localité détaillées dans la notice régionale ; libellé technique remplacé par mécanisme du scénario. Professions des résidents ; lieu de travail et commanditaires peuvent être extérieurs au quartier. Visiteurs exclus du stock. activité/institution locale Budget civil 1,00 % ; coefficient 1,500000 ; part de filière 6,329 %. Apprentissage, audition et réseau ; accès au mérite notamment Mustardseed.";5.503136476047801e-05;1.7334842368060797e-05;0.0006984085343892833;0.03293685454836836;0.0008327696974555871
Joueur professionnel;Professionnel du jeu;0.009210773063291138;0.01532217630384127;0.23026932658227847;P — activité proposée;SB99;"Activités de la localité détaillées dans la notice régionale ; libellé technique remplacé par mécanisme du scénario. Professions des résidents ; lieu de travail et commanditaires peuvent être extérieurs au quartier. Visiteurs exclus du stock. activité/institution locale Budget civil 1,00 % ; coefficient 0,400000 ; part de filière 1,688 %. Apprentissage, audition et réseau ; accès au mérite notamment Mustardseed.";1.4675030602794146e-05;4.6226246314828805e-06;0.0001862422758371423;0.008783161212898228;0.00022207191932149004
Croupier;Professionnel du jeu;0.009210773063291138;0.01532217630384127;0.23026932658227847;D — activité déduite;SB99;"Activités de la localité détaillées dans la notice régionale ; libellé technique remplacé par mécanisme du scénario. Professions des résidents ; lieu de travail et commanditaires peuvent être extérieurs au quartier. Visiteurs exclus du stock. activité/institution locale Budget civil 1,00 % ; coefficient 0,400000 ; part de filière 1,688 %. Apprentissage, audition et réseau ; accès au mérite notamment Mustardseed.";1.4675030602794146e-05;4.6226246314828805e-06;0.0001862422758371423;0.008783161212898228;0.00022207191932149004
Preneur de paris;Professionnel du jeu;0.009210773063291138;0.01532217630384127;0.23026932658227847;D — activité déduite;SB99;"Activités de la localité détaillées dans la notice régionale ; libellé technique remplacé par mécanisme du scénario. Professions des résidents ; lieu de travail et commanditaires peuvent être extérieurs au quartier. Visiteurs exclus du stock. activité/institution locale Budget civil 1,00 % ; coefficient 0,400000 ; part de filière 1,688 %. Apprentissage, audition et réseau ; accès au mérite notamment Mustardseed.";1.4675030602794146e-05;4.6226246314828805e-06;0.0001862422758371423;0.008783161212898228;0.00022207191932149004
Maître-chanteur;Opérateur d’activités illicites;0;0;0.0;A — activité attestée;BR42;"Activités de la localité détaillées dans la notice régionale ; libellé technique remplacé par mécanisme du scénario. Professions des résidents ; lieu de travail et commanditaires peuvent être extérieurs au quartier. Visiteurs exclus du stock. activité/institution locale Budget civil 0,00 % ; coefficient 0,000000 ; part de filière 0,000 %. Zéro proposé : Budget local de cette filière nul ou coefficient non retenu ; aucune interdiction universelle. Réseaux, exclusion, dettes et compétences ; statut légal distinct de noblesse.";0;0;0;0;0
Cambrioleur;Opérateur d’activités illicites;0;0;0.0;A — activité attestée;BR42;"Activités de la localité détaillées dans la notice régionale ; libellé technique remplacé par mécanisme du scénario. Professions des résidents ; lieu de travail et commanditaires peuvent être extérieurs au quartier. Visiteurs exclus du stock. activité/institution locale Budget civil 0,00 % ; coefficient 0,000000 ; part de filière 0,000 %. Zéro proposé : Budget local de cette filière nul ou coefficient non retenu ; aucune interdiction universelle. Réseaux, exclusion, dettes et compétences ; statut légal distinct de noblesse.";0;0;0;0;0
Homme de main;Opérateur d’activités illicites;0;0;0.0;A — activité attestée;BR42;"Activités de la localité détaillées dans la notice régionale ; libellé technique remplacé par mécanisme du scénario. Professions des résidents ; lieu de travail et commanditaires peuvent être extérieurs au quartier. Visiteurs exclus du stock. activité/institution locale Budget civil 0,00 % ; coefficient 0,000000 ; part de filière 0,000 %. Zéro proposé : Budget local de cette filière nul ou coefficient non retenu ; aucune interdiction universelle. Réseaux, exclusion, dettes et compétences ; statut légal distinct de noblesse.";0;0;0;0;0
Receleur;Opérateur d’activités illicites;0;0;0.0;A — activité attestée;BR42;"Activités de la localité détaillées dans la notice régionale ; libellé technique remplacé par mécanisme du scénario. Professions des résidents ; lieu de travail et commanditaires peuvent être extérieurs au quartier. Visiteurs exclus du stock. activité/institution locale Budget civil 0,00 % ; coefficient 0,000000 ; part de filière 0,000 %. Zéro proposé : Budget local de cette filière nul ou coefficient non retenu ; aucune interdiction universelle. Réseaux, exclusion, dettes et compétences ; statut légal distinct de noblesse.";0;0;0;0;0
Voleur de grand chemin;Opérateur d’activités illicites;0;0;0.0;A — activité attestée;BR42;"Activités de la localité détaillées dans la notice régionale ; libellé technique remplacé par mécanisme du scénario. Professions des résidents ; lieu de travail et commanditaires peuvent être extérieurs au quartier. Visiteurs exclus du stock. activité/institution locale Budget civil 0,00 % ; coefficient 0,000000 ; part de filière 0,000 %. Zéro proposé : Budget local de cette filière nul ou coefficient non retenu ; aucune interdiction universelle. Réseaux, exclusion, dettes et compétences ; statut légal distinct de noblesse.";0;0;0;0;0
Tueur à gages;Opérateur d’activités illicites;0;0;0.0;A — activité attestée;BR42;"Activités de la localité détaillées dans la notice régionale ; libellé technique remplacé par mécanisme du scénario. Professions des résidents ; lieu de travail et commanditaires peuvent être extérieurs au quartier. Visiteurs exclus du stock. activité/institution locale Budget civil 0,00 % ; coefficient 0,000000 ; part de filière 0,000 %. Zéro proposé : Budget local de cette filière nul ou coefficient non retenu ; aucune interdiction universelle. Réseaux, exclusion, dettes et compétences ; statut légal distinct de noblesse.";0;0;0;0;0
Pickpocket;Opérateur d’activités illicites;0;0;0.0;A — activité attestée;BR42;"Activités de la localité détaillées dans la notice régionale ; libellé technique remplacé par mécanisme du scénario. Professions des résidents ; lieu de travail et commanditaires peuvent être extérieurs au quartier. Visiteurs exclus du stock. activité/institution locale Budget civil 0,00 % ; coefficient 0,000000 ; part de filière 0,000 %. Zéro proposé : Budget local de cette filière nul ou coefficient non retenu ; aucune interdiction universelle. Réseaux, exclusion, dettes et compétences ; statut légal distinct de noblesse.";0;0;0;0;0
Contrebandier;Opérateur d’activités illicites;0;0;0.0;A — activité attestée;BR42;"Activités de la localité détaillées dans la notice régionale ; libellé technique remplacé par mécanisme du scénario. Professions des résidents ; lieu de travail et commanditaires peuvent être extérieurs au quartier. Visiteurs exclus du stock. activité/institution locale Budget civil 0,00 % ; coefficient 0,000000 ; part de filière 0,000 %. Zéro proposé : Budget local de cette filière nul ou coefficient non retenu ; aucune interdiction universelle. Réseaux, exclusion, dettes et compétences ; statut légal distinct de noblesse.";0;0;0;0;0
Pirate;Opérateur d’activités illicites;0;0;0.0;A — activité attestée;MJ136;"Activités de la localité détaillées dans la notice régionale ; libellé technique remplacé par mécanisme du scénario. Professions des résidents ; lieu de travail et commanditaires peuvent être extérieurs au quartier. Visiteurs exclus du stock. activité/institution locale Budget civil 0,00 % ; coefficient 0,000000 ; part de filière 0,000 %. Zéro proposé : Budget local de cette filière nul ou coefficient non retenu ; aucune interdiction universelle. Réseaux, exclusion, dettes et compétences ; statut légal distinct de noblesse.";0;0;0;0;0
Cultivateur de tubercules;Agriculteur;0;0;0.0;A — activité attestée;"SB120; SB168";"Activités de la localité détaillées dans la notice régionale ; libellé technique remplacé par mécanisme du scénario. Professions des résidents ; lieu de travail et commanditaires peuvent être extérieurs au quartier. Visiteurs exclus du stock. activité/institution locale Budget civil 7,00 % ; coefficient 0,000000 ; part de filière 0,000 %. Zéro proposé : Climat, matière ou culture hors filière régionale retenue ; aucun établissement exceptionnel proposé. Transmission familiale, terre/eau, droits d’usage et outils ; les tâches saisonnières restent secondaires.";0;0;0;0;0
Cartographe;Cartographe;0.03776793749999999;0.06282719083740891;0.9441984374999997;A — activité attestée;MJ128;"Activités de la localité détaillées dans la notice régionale ; libellé technique remplacé par mécanisme du scénario. Professions des résidents ; lieu de travail et commanditaires peuvent être extérieurs au quartier. Visiteurs exclus du stock. activité/institution locale Budget civil 3,00 % ; coefficient 0,750000 ; part de filière 2,307 %. Long apprentissage, frais, bourses, talent, licence ou secret ; titre ne donne pas maîtrise.";0.0002213970448165072;6.973991812401683e-05;0.001873181306229243;0.03533559353191197;0.0002680256989182504
Sans métier actif;Statut;3.266259999999999;5.4334431247296795;81.65649999999998;P;;Personnes productives occupées + personnes sans emploi disponibles recherchant une activité. Inclut aide familiale, subsistance, apprentissage productif et travail partiel.;0.01056;0.003439999999999999;0.02496;2.763299999999999;0.46399999999999997
Hors activité;Statut;39.885999999999996;0;997.1499999999999;P;;"Tous habitants recensés dans les catégories sources; enfants, étudiants et retraités ne sont exclus de l’activité que sans contribution productive. Pas de seuil humain de 18 ans imposé.";1.0719999999999998;0.22799999999999998;1.152;35.333999999999996;2.1
