Métier;Base;% habitants;% actifs;Effectif attendu;Appui activité;Références;Justification proposée;Nobles de milieu privilégié / % de tous habitants;Autres nobles, dont maisons modestes / % de tous habitants;Peuple de milieu privilégié / % de tous habitants;Peuple ordinaire / % de tous habitants;Peuple précaire / % de tous habitants
Agriculteur généraliste;Agriculteur;4.883211006;7.234472417450872;75133.084538316;A — activité attestée;"SB90; SB198";"Contexte régional ; taille et fréquence locales proposées. Profil résidentiel rural/mixte ; jardins, cuisine, filage, corvées et milice saisonnière restent activités secondaires. chapitre régional ; profil territorial proposé Même total vivrier et mêmes effectifs sociaux qu’en V2 ; répartition P revue par culture/habitat. Delta exact, anciennes parts et nouvelles parts enregistrés dans food_reallocation_v3. Ajustement IPF conservant strates et espèces ; aucune création de personne. Transmission familiale, terre/eau, droits d’usage et outils ; les tâches saisonnières restent secondaires.";0.0011187157817918732;0.0008225279143821911;0.01496504772601418;4.746598299641705;0.11970641493610665
Céréalier;Agriculteur;26.857660533;39.78959829597981;413231.96496073797;D — activité déduite;"SB90; SB198";"Contexte régional ; taille et fréquence locales proposées. Profil résidentiel rural/mixte ; jardins, cuisine, filage, corvées et milice saisonnière restent activités secondaires. chapitre régional ; profil territorial proposé Même total vivrier et mêmes effectifs sociaux qu’en V2 ; répartition P revue par culture/habitat. Delta exact, anciennes parts et nouvelles parts enregistrés dans food_reallocation_v3. Ajustement IPF conservant strates et espèces ; aucune création de personne. Transmission familiale, terre/eau, droits d’usage et outils ; les tâches saisonnières restent secondaires.";0.006152936799855302;0.0045239035291020566;0.08230776249307803;26.10629064802938;0.6583852821485864
Riziculteur;Agriculteur;0;0;0.0;A — activité attestée;SB198;"Contexte régional ; taille et fréquence locales proposées. Profil résidentiel rural/mixte ; jardins, cuisine, filage, corvées et milice saisonnière restent activités secondaires. chapitre régional ; profil territorial proposé Budget civil 75,00 % ; coefficient 0,000000 ; part de filière 0,000 %. Zéro proposé : Climat, matière ou culture hors filière régionale retenue ; aucun établissement exceptionnel proposé. Transmission familiale, terre/eau, droits d’usage et outils ; les tâches saisonnières restent secondaires.";0;0;0;0;0
Vigneron;Agriculteur;0.27854323028877004;0.41266152826814245;4285.666141223016;A — activité attestée;MJ128;"Contexte régional ; taille et fréquence locales proposées. Profil résidentiel rural/mixte ; jardins, cuisine, filage, corvées et milice saisonnière restent activités secondaires. chapitre régional ; profil territorial proposé Budget civil 4,00 % ; coefficient 1,000000 ; part de filière 10,695 %. Savoir-faire de terrain et sécurité ; procédé spécialisé distinct du rang social.";3.8179559197209454e-05;7.017813127703443e-06;0.0017024250330715945;0.2699867021873286;0.006808905696044896
Cultivateur d’épices;Agriculteur;0;0;0.0;A — activité attestée;SB182;"Contexte régional ; taille et fréquence locales proposées. Profil résidentiel rural/mixte ; jardins, cuisine, filage, corvées et milice saisonnière restent activités secondaires. chapitre régional ; profil territorial proposé Budget civil 4,00 % ; coefficient 0,000000 ; part de filière 0,000 %. Zéro proposé : Climat, matière ou culture hors filière régionale retenue ; aucun établissement exceptionnel proposé. Savoir-faire de terrain et sécurité ; procédé spécialisé distinct du rang social.";0;0;0;0;0
Cultivateur d’herbes pour thé;Agriculteur;0;0;0.0;D — activité déduite;SB198;"Contexte régional ; taille et fréquence locales proposées. Profil résidentiel rural/mixte ; jardins, cuisine, filage, corvées et milice saisonnière restent activités secondaires. chapitre régional ; profil territorial proposé Budget civil 4,00 % ; coefficient 0,000000 ; part de filière 0,000 %. Zéro proposé : Climat, matière ou culture hors filière régionale retenue ; aucun établissement exceptionnel proposé. Savoir-faire de terrain et sécurité ; procédé spécialisé distinct du rang social.";0;0;0;0;0
Maraîcher;Agriculteur;3.9065688048;5.787577933960699;60106.467630652805;D — activité déduite;"SB90; SB198";"Contexte régional ; taille et fréquence locales proposées. Profil résidentiel rural/mixte ; jardins, cuisine, filage, corvées et milice saisonnière restent activités secondaires. chapitre régional ; profil territorial proposé Même total vivrier et mêmes effectifs sociaux qu’en V2 ; répartition P revue par culture/habitat. Delta exact, anciennes parts et nouvelles parts enregistrés dans food_reallocation_v3. Ajustement IPF conservant strates et espèces ; aucune création de personne. Transmission familiale, terre/eau, droits d’usage et outils ; les tâches saisonnières restent secondaires.";0.0008949726254334988;0.0006580223315057534;0.011972038180811353;3.7972786397133644;0.09576513194888535
Jardinier;Horticulteur;0.27854323028877004;0.41266152826814245;4285.666141223016;A — activité attestée;"SB29; SB161";"Contexte régional ; taille et fréquence locales proposées. Profil résidentiel rural/mixte ; jardins, cuisine, filage, corvées et milice saisonnière restent activités secondaires. chapitre régional ; profil territorial proposé Budget civil 4,00 % ; coefficient 1,000000 ; part de filière 10,695 %. Savoir-faire de terrain et sécurité ; procédé spécialisé distinct du rang social.";3.8179559197209454e-05;7.017813127703443e-06;0.0017024250330715945;0.2699867021873286;0.006808905696044896
Fleuriste;Horticulteur;0.27854323028877004;0.41266152826814245;4285.666141223016;A — activité attestée;"SB29; SB161";"Contexte régional ; taille et fréquence locales proposées. Profil résidentiel rural/mixte ; jardins, cuisine, filage, corvées et milice saisonnière restent activités secondaires. chapitre régional ; profil territorial proposé Budget civil 4,00 % ; coefficient 1,000000 ; part de filière 10,695 %. Savoir-faire de terrain et sécurité ; procédé spécialisé distinct du rang social.";3.8179559197209454e-05;7.017813127703443e-06;0.0017024250330715945;0.2699867021873286;0.006808905696044896
Arboriculteur de verger;Horticulteur;1.9532844024;2.8937889669803494;30053.233815326403;D — activité déduite;"SB29; SB161";"Contexte régional ; taille et fréquence locales proposées. Profil résidentiel rural/mixte ; jardins, cuisine, filage, corvées et milice saisonnière restent activités secondaires. chapitre régional ; profil territorial proposé Même total vivrier et mêmes effectifs sociaux qu’en V2 ; répartition P revue par culture/habitat. Delta exact, anciennes parts et nouvelles parts enregistrés dans food_reallocation_v3. Ajustement IPF conservant strates et espèces ; aucune création de personne. Transmission familiale, terre/eau, droits d’usage et outils ; les tâches saisonnières restent secondaires.";0.00044748631271674934;0.0003290111657528768;0.0059860190904056755;1.8986393198566818;0.04788256597444265
Jardinier de roses magiques;Horticulteur;0;0;0.0;A — activité attestée;SB157;"Contexte régional ; taille et fréquence locales proposées. Profil résidentiel rural/mixte ; jardins, cuisine, filage, corvées et milice saisonnière restent activités secondaires. chapitre régional ; profil territorial proposé Budget civil 4,00 % ; coefficient 0,000000 ; part de filière 0,000 %. Zéro proposé : Filière régionale non retenue dans ce scénario, sans interdiction universelle. Savoir-faire de terrain et sécurité ; procédé spécialisé distinct du rang social.";0;0;0;0;0
Arboriculteur de breithwood;Horticulteur;0;0;0.0;D — activité déduite;SB152;"Contexte régional ; taille et fréquence locales proposées. Profil résidentiel rural/mixte ; jardins, cuisine, filage, corvées et milice saisonnière restent activités secondaires. chapitre régional ; profil territorial proposé Budget civil 4,00 % ; coefficient 0,000000 ; part de filière 0,000 %. Zéro proposé : Filière régionale non retenue dans ce scénario, sans interdiction universelle. Savoir-faire de terrain et sécurité ; procédé spécialisé distinct du rang social.";0;0;0;0;0
Éleveur généraliste;Éleveur;3.9065688048;5.787577933960699;60106.467630652805;A — activité attestée;"SB120; SB182";"Contexte régional ; taille et fréquence locales proposées. Profil résidentiel rural/mixte ; jardins, cuisine, filage, corvées et milice saisonnière restent activités secondaires. chapitre régional ; profil territorial proposé Même total vivrier et mêmes effectifs sociaux qu’en V2 ; répartition P revue par culture/habitat. Delta exact, anciennes parts et nouvelles parts enregistrés dans food_reallocation_v3. Ajustement IPF conservant strates et espèces ; aucune création de personne. Transmission familiale, terre/eau, droits d’usage et outils ; les tâches saisonnières restent secondaires.";0.0008949726254334987;0.000658022331505753;0.011972038180811346;3.797278639713364;0.09576513194888532
Berger;Éleveur;1.4649633018;2.1703417252352617;22539.9253614948;A — activité attestée;MJ135;"Contexte régional ; taille et fréquence locales proposées. Profil résidentiel rural/mixte ; jardins, cuisine, filage, corvées et milice saisonnière restent activités secondaires. chapitre régional ; profil territorial proposé Même total vivrier et mêmes effectifs sociaux qu’en V2 ; répartition P revue par culture/habitat. Delta exact, anciennes parts et nouvelles parts enregistrés dans food_reallocation_v3. Ajustement IPF conservant strates et espèces ; aucune création de personne. Transmission familiale, terre/eau, droits d’usage et outils ; les tâches saisonnières restent secondaires.";0.00033561473453756204;0.0002467583743146576;0.004489514317804258;1.4239794898925116;0.03591192448083199
Éleveur de yaks;Éleveur;0;0;0.0;A — activité attestée;SB120;"Contexte régional ; taille et fréquence locales proposées. Profil résidentiel rural/mixte ; jardins, cuisine, filage, corvées et milice saisonnière restent activités secondaires. chapitre régional ; profil territorial proposé Budget civil 75,00 % ; coefficient 0,000000 ; part de filière 0,000 %. Zéro proposé : Climat, matière ou culture hors filière régionale retenue ; aucun établissement exceptionnel proposé. Transmission familiale, terre/eau, droits d’usage et outils ; les tâches saisonnières restent secondaires.";0;0;0;0;0
Éleveur de chevaux;Éleveur;0.27854323028877004;0.41266152826814245;4285.666141223016;A — activité attestée;SB182;"Contexte régional ; taille et fréquence locales proposées. Profil résidentiel rural/mixte ; jardins, cuisine, filage, corvées et milice saisonnière restent activités secondaires. chapitre régional ; profil territorial proposé Budget civil 4,00 % ; coefficient 1,000000 ; part de filière 10,695 %. Savoir-faire de terrain et sécurité ; procédé spécialisé distinct du rang social.";3.8179559197209454e-05;7.017813127703443e-06;0.0017024250330715945;0.2699867021873286;0.006808905696044896
Éleveur de chameaux;Éleveur;0;0;0.0;A — activité attestée;SB182;"Contexte régional ; taille et fréquence locales proposées. Profil résidentiel rural/mixte ; jardins, cuisine, filage, corvées et milice saisonnière restent activités secondaires. chapitre régional ; profil territorial proposé Budget civil 4,00 % ; coefficient 0,000000 ; part de filière 0,000 %. Zéro proposé : Climat, matière ou culture hors filière régionale retenue ; aucun établissement exceptionnel proposé. Savoir-faire de terrain et sécurité ; procédé spécialisé distinct du rang social.";0;0;0;0;0
Éleveur de vers à soie;Éleveur;0;0;0.0;A — activité attestée;SB198;"Contexte régional ; taille et fréquence locales proposées. Profil résidentiel rural/mixte ; jardins, cuisine, filage, corvées et milice saisonnière restent activités secondaires. chapitre régional ; profil territorial proposé Budget civil 4,00 % ; coefficient 0,000000 ; part de filière 0,000 %. Zéro proposé : Climat, matière ou culture hors filière régionale retenue ; aucun établissement exceptionnel proposé. Savoir-faire de terrain et sécurité ; procédé spécialisé distinct du rang social.";0;0;0;0;0
Éleveur de loups géants;Éleveur;0;0;0.0;A — activité attestée;SB191;"Contexte régional ; taille et fréquence locales proposées. Profil résidentiel rural/mixte ; jardins, cuisine, filage, corvées et milice saisonnière restent activités secondaires. chapitre régional ; profil territorial proposé Budget civil 4,00 % ; coefficient 0,000000 ; part de filière 0,000 %. Zéro proposé : Filière régionale non retenue dans ce scénario, sans interdiction universelle. Savoir-faire de terrain et sécurité ; procédé spécialisé distinct du rang social.";0;0;0;0;0
Éleveur de montures volantes;Éleveur;0;0;0.0;A — activité attestée;"SB124; SB107";"Contexte régional ; taille et fréquence locales proposées. Profil résidentiel rural/mixte ; jardins, cuisine, filage, corvées et milice saisonnière restent activités secondaires. chapitre régional ; profil territorial proposé Budget civil 4,00 % ; coefficient 0,000000 ; part de filière 0,000 %. Zéro proposé : Climat, matière ou culture hors filière régionale retenue ; aucun établissement exceptionnel proposé. Savoir-faire de terrain et sécurité ; procédé spécialisé distinct du rang social.";0;0;0;0;0
Apiculteur;Éleveur;0;0;0.0;P — activité proposée;SB152;"Contexte régional ; taille et fréquence locales proposées. Profil résidentiel rural/mixte ; jardins, cuisine, filage, corvées et milice saisonnière restent activités secondaires. chapitre régional ; profil territorial proposé Même total vivrier et mêmes effectifs sociaux qu’en V2 ; répartition P revue par culture/habitat. Delta exact, anciennes parts et nouvelles parts enregistrés dans food_reallocation_v3. Ajustement IPF conservant strates et espèces ; aucune création de personne. Zéro proposé : Réaffectation vivrière V3 : quota de capture/habitat limité ou remplacement par culture/pastoralisme ; zéro de scénario, pas interdiction universelle. Transmission familiale, terre/eau, droits d’usage et outils ; les tâches saisonnières restent secondaires.";0;0;0;0;0
Chasseur de gibier;Chasseur;0.9766422012;1.4468944834901747;15026.616907663201;A — activité attestée;"MJ139; PG20";"Contexte régional ; taille et fréquence locales proposées. Profil résidentiel rural/mixte ; jardins, cuisine, filage, corvées et milice saisonnière restent activités secondaires. chapitre régional ; profil territorial proposé Même total vivrier et mêmes effectifs sociaux qu’en V2 ; répartition P revue par culture/habitat. Delta exact, anciennes parts et nouvelles parts enregistrés dans food_reallocation_v3. Ajustement IPF conservant strates et espèces ; aucune création de personne. Transmission familiale, terre/eau, droits d’usage et outils ; les tâches saisonnières restent secondaires.";0.00022374315635837467;0.00016450558287643826;0.0029930095452028365;0.949319659928341;0.02394128298722133
Trappeur;Chasseur;0;0;0.0;A — activité attestée;MJ140;"Contexte régional ; taille et fréquence locales proposées. Profil résidentiel rural/mixte ; jardins, cuisine, filage, corvées et milice saisonnière restent activités secondaires. chapitre régional ; profil territorial proposé Même total vivrier et mêmes effectifs sociaux qu’en V2 ; répartition P revue par culture/habitat. Delta exact, anciennes parts et nouvelles parts enregistrés dans food_reallocation_v3. Ajustement IPF conservant strates et espèces ; aucune création de personne. Zéro proposé : Réaffectation vivrière V3 : quota de capture/habitat limité ou remplacement par culture/pastoralisme ; zéro de scénario, pas interdiction universelle. Transmission familiale, terre/eau, droits d’usage et outils ; les tâches saisonnières restent secondaires.";0;0;0;0;0
Chasseur de monstres;Chasseur;0;0;0.0;A — activité attestée;PG58;"Contexte régional ; taille et fréquence locales proposées. Profil résidentiel rural/mixte ; jardins, cuisine, filage, corvées et milice saisonnière restent activités secondaires. chapitre régional ; profil territorial proposé Budget civil 0,50 % ; coefficient 0,000000 ; part de filière 0,000 %. Zéro proposé : Spécialité avancée non installée dans le profil rural ordinaire : apprentissage, matériel et clientèle insuffisamment établis. Long apprentissage, frais, bourses, talent, licence ou secret ; titre ne donne pas maîtrise.";0;0;0;0;0
Chasseur de monstres marins;Chasseur;0;0;0.0;A — activité attestée;SB148;"Contexte régional ; taille et fréquence locales proposées. Profil résidentiel rural/mixte ; jardins, cuisine, filage, corvées et milice saisonnière restent activités secondaires. chapitre régional ; profil territorial proposé Budget civil 0,50 % ; coefficient 0,000000 ; part de filière 0,000 %. Zéro proposé : Filière régionale non retenue dans ce scénario, sans interdiction universelle. Long apprentissage, frais, bourses, talent, licence ou secret ; titre ne donne pas maîtrise.";0;0;0;0;0
Chasseur de dragons;Chasseur;0;0;0.0;A — activité attestée;SB220;"Contexte régional ; taille et fréquence locales proposées. Profil résidentiel rural/mixte ; jardins, cuisine, filage, corvées et milice saisonnière restent activités secondaires. chapitre régional ; profil territorial proposé Budget civil 0,50 % ; coefficient 0,000000 ; part de filière 0,000 %. Zéro proposé : Technique de site, institution, secret ou habilitation concentrée dans les implantations autorisées du scénario. Long apprentissage, frais, bourses, talent, licence ou secret ; titre ne donne pas maîtrise.";0;0;0;0;0
Cueilleur;Collecteur de ressources;1.9532844024;2.8937889669803494;30053.233815326403;A — activité attestée;"MJ139; SB153";"Contexte régional ; taille et fréquence locales proposées. Profil résidentiel rural/mixte ; jardins, cuisine, filage, corvées et milice saisonnière restent activités secondaires. chapitre régional ; profil territorial proposé Même total vivrier et mêmes effectifs sociaux qu’en V2 ; répartition P revue par culture/habitat. Delta exact, anciennes parts et nouvelles parts enregistrés dans food_reallocation_v3. Ajustement IPF conservant strates et espèces ; aucune création de personne. Transmission familiale, terre/eau, droits d’usage et outils ; les tâches saisonnières restent secondaires.";0.0004474863127167496;0.0003290111657528768;0.005986019090405676;1.898639319856682;0.04788256597444269
Herboriste de collecte;Collecteur de ressources;0.22283458423101601;0.33012922261451394;3428.5329129784122;D — activité déduite;BR55;"Contexte régional ; taille et fréquence locales proposées. Profil résidentiel rural/mixte ; jardins, cuisine, filage, corvées et milice saisonnière restent activités secondaires. chapitre régional ; profil territorial proposé Budget civil 4,00 % ; coefficient 0,800000 ; part de filière 8,556 %. Savoir-faire de terrain et sécurité ; procédé spécialisé distinct du rang social.";3.0543647357767546e-05;5.614250502162755e-06;0.0013619400264572752;0.21598936174986288;0.005447124556835914
Collecteur de composants de créatures;Collecteur de ressources;0.22283458423101601;0.33012922261451394;3428.5329129784122;A — activité attestée;"SB104; SB139";"Contexte régional ; taille et fréquence locales proposées. Profil résidentiel rural/mixte ; jardins, cuisine, filage, corvées et milice saisonnière restent activités secondaires. chapitre régional ; profil territorial proposé Budget civil 4,00 % ; coefficient 0,800000 ; part de filière 8,556 %. Savoir-faire de terrain et sécurité ; procédé spécialisé distinct du rang social.";3.0543647357767546e-05;5.614250502162755e-06;0.0013619400264572752;0.21598936174986288;0.005447124556835914
Collecteur de perles;Collecteur de ressources;0;0;0.0;D — activité déduite;SB149;"Contexte régional ; taille et fréquence locales proposées. Profil résidentiel rural/mixte ; jardins, cuisine, filage, corvées et milice saisonnière restent activités secondaires. chapitre régional ; profil territorial proposé Budget civil 4,00 % ; coefficient 0,000000 ; part de filière 0,000 %. Zéro proposé : Filière régionale non retenue dans ce scénario, sans interdiction universelle. Savoir-faire de terrain et sécurité ; procédé spécialisé distinct du rang social.";0;0;0;0;0
Récupérateur de reliques penumbrales;Collecteur de ressources;0;0;0.0;A — activité attestée;PG8;"Contexte régional ; taille et fréquence locales proposées. Profil résidentiel rural/mixte ; jardins, cuisine, filage, corvées et milice saisonnière restent activités secondaires. chapitre régional ; profil territorial proposé Budget civil 4,00 % ; coefficient 0,000000 ; part de filière 0,000 %. Zéro proposé : Filière régionale non retenue dans ce scénario, sans interdiction universelle. Savoir-faire de terrain et sécurité ; procédé spécialisé distinct du rang social.";0;0;0;0;0
Bûcheron;Travailleur forestier;0.13927161514438502;0.20633076413407123;2142.833070611508;A — activité attestée;"MJ135; SB107";"Contexte régional ; taille et fréquence locales proposées. Profil résidentiel rural/mixte ; jardins, cuisine, filage, corvées et milice saisonnière restent activités secondaires. chapitre régional ; profil territorial proposé Budget civil 4,00 % ; coefficient 0,500000 ; part de filière 5,348 %. Savoir-faire de terrain et sécurité ; procédé spécialisé distinct du rang social.";1.9089779598604727e-05;3.5089065638517215e-06;0.0008512125165357973;0.1349933510936643;0.003404452848022448
Forestier;Travailleur forestier;0.13927161514438502;0.20633076413407123;2142.833070611508;A — activité attestée;MJ140;"Contexte régional ; taille et fréquence locales proposées. Profil résidentiel rural/mixte ; jardins, cuisine, filage, corvées et milice saisonnière restent activités secondaires. chapitre régional ; profil territorial proposé Budget civil 4,00 % ; coefficient 0,500000 ; part de filière 5,348 %. Savoir-faire de terrain et sécurité ; procédé spécialisé distinct du rang social.";1.9089779598604727e-05;3.5089065638517215e-06;0.0008512125165357973;0.1349933510936643;0.003404452848022448
Scieur;Travailleur forestier;0.13927161514438502;0.20633076413407123;2142.833070611508;D — activité déduite;SB99;"Contexte régional ; taille et fréquence locales proposées. Profil résidentiel rural/mixte ; jardins, cuisine, filage, corvées et milice saisonnière restent activités secondaires. chapitre régional ; profil territorial proposé Budget civil 4,00 % ; coefficient 0,500000 ; part de filière 5,348 %. Savoir-faire de terrain et sécurité ; procédé spécialisé distinct du rang social.";1.9089779598604727e-05;3.5089065638517215e-06;0.0008512125165357973;0.1349933510936643;0.003404452848022448
Pêcheur maritime;Pêcheur;0.9766422012;1.4468944834901747;15026.616907663201;A — activité attestée;"SB110; SB168";"Contexte régional ; taille et fréquence locales proposées. Profil résidentiel rural/mixte ; jardins, cuisine, filage, corvées et milice saisonnière restent activités secondaires. chapitre régional ; profil territorial proposé Même total vivrier et mêmes effectifs sociaux qu’en V2 ; répartition P revue par culture/habitat. Delta exact, anciennes parts et nouvelles parts enregistrés dans food_reallocation_v3. Ajustement IPF conservant strates et espèces ; aucune création de personne. Transmission familiale, terre/eau, droits d’usage et outils ; les tâches saisonnières restent secondaires.";0.0002237431563583748;0.0001645055828764384;0.002993009545202838;0.949319659928341;0.023941282987221344
Pêcheur d’eau douce;Pêcheur;1.9532844024;2.8937889669803494;30053.233815326403;A — activité attestée;SB138;"Contexte régional ; taille et fréquence locales proposées. Profil résidentiel rural/mixte ; jardins, cuisine, filage, corvées et milice saisonnière restent activités secondaires. chapitre régional ; profil territorial proposé Même total vivrier et mêmes effectifs sociaux qu’en V2 ; répartition P revue par culture/habitat. Delta exact, anciennes parts et nouvelles parts enregistrés dans food_reallocation_v3. Ajustement IPF conservant strates et espèces ; aucune création de personne. Transmission familiale, terre/eau, droits d’usage et outils ; les tâches saisonnières restent secondaires.";0.00044748631271674934;0.0003290111657528768;0.0059860190904056755;1.8986393198566818;0.04788256597444265
Cultivateur marin;Pêcheur;0;0;0.0;P — activité proposée;SB149;"Contexte régional ; taille et fréquence locales proposées. Profil résidentiel rural/mixte ; jardins, cuisine, filage, corvées et milice saisonnière restent activités secondaires. chapitre régional ; profil territorial proposé Budget civil 75,00 % ; coefficient 0,000000 ; part de filière 0,000 %. Zéro proposé : Filière régionale non retenue dans ce scénario, sans interdiction universelle. Transmission familiale, terre/eau, droits d’usage et outils ; les tâches saisonnières restent secondaires.";0;0;0;0;0
Mineur;Extracteur de ressources minérales;0.13927161514438502;0.20633076413407123;2142.833070611508;A — activité attestée;"MJ135; SB160";"Contexte régional ; taille et fréquence locales proposées. Profil résidentiel rural/mixte ; jardins, cuisine, filage, corvées et milice saisonnière restent activités secondaires. chapitre régional ; profil territorial proposé Budget civil 4,00 % ; coefficient 0,500000 ; part de filière 5,348 %. Savoir-faire de terrain et sécurité ; procédé spécialisé distinct du rang social.";1.9089779598604727e-05;3.5089065638517215e-06;0.0008512125165357973;0.1349933510936643;0.003404452848022448
Carrier;Extracteur de ressources minérales;0.13927161514438502;0.20633076413407123;2142.833070611508;D — activité déduite;"MJ135; SB160";"Contexte régional ; taille et fréquence locales proposées. Profil résidentiel rural/mixte ; jardins, cuisine, filage, corvées et milice saisonnière restent activités secondaires. chapitre régional ; profil territorial proposé Budget civil 4,00 % ; coefficient 0,500000 ; part de filière 5,348 %. Savoir-faire de terrain et sécurité ; procédé spécialisé distinct du rang social.";1.9089779598604727e-05;3.5089065638517215e-06;0.0008512125165357973;0.1349933510936643;0.003404452848022448
Salinier;Extracteur de ressources minérales;0;0;0.0;P — activité proposée;SB120;"Contexte régional ; taille et fréquence locales proposées. Profil résidentiel rural/mixte ; jardins, cuisine, filage, corvées et milice saisonnière restent activités secondaires. chapitre régional ; profil territorial proposé Budget civil 4,00 % ; coefficient 0,000000 ; part de filière 0,000 %. Zéro proposé : Climat, matière ou culture hors filière régionale retenue ; aucun établissement exceptionnel proposé. Savoir-faire de terrain et sécurité ; procédé spécialisé distinct du rang social.";0;0;0;0;0
Mineur de bauronite;Extracteur de ressources minérales;0;0;0.0;A — activité attestée;"SB174; SB182";"Contexte régional ; taille et fréquence locales proposées. Profil résidentiel rural/mixte ; jardins, cuisine, filage, corvées et milice saisonnière restent activités secondaires. chapitre régional ; profil territorial proposé Budget civil 4,00 % ; coefficient 0,000000 ; part de filière 0,000 %. Zéro proposé : Climat, matière ou culture hors filière régionale retenue ; aucun établissement exceptionnel proposé. Savoir-faire de terrain et sécurité ; procédé spécialisé distinct du rang social.";0;0;0;0;0
Mineur de tameranium;Extracteur de ressources minérales;0;0;0.0;A — activité attestée;"SB168; SB198";"Contexte régional ; taille et fréquence locales proposées. Profil résidentiel rural/mixte ; jardins, cuisine, filage, corvées et milice saisonnière restent activités secondaires. chapitre régional ; profil territorial proposé Budget civil 4,00 % ; coefficient 0,000000 ; part de filière 0,000 %. Zéro proposé : Climat, matière ou culture hors filière régionale retenue ; aucun établissement exceptionnel proposé. Savoir-faire de terrain et sécurité ; procédé spécialisé distinct du rang social.";0;0;0;0;0
Extracteur d’obsidienne;Extracteur de ressources minérales;0;0;0.0;A — activité attestée;SB190;"Contexte régional ; taille et fréquence locales proposées. Profil résidentiel rural/mixte ; jardins, cuisine, filage, corvées et milice saisonnière restent activités secondaires. chapitre régional ; profil territorial proposé Budget civil 4,00 % ; coefficient 0,000000 ; part de filière 0,000 %. Zéro proposé : Filière régionale non retenue dans ce scénario, sans interdiction universelle. Savoir-faire de terrain et sécurité ; procédé spécialisé distinct du rang social.";0;0;0;0;0
Extracteur de soufre;Extracteur de ressources minérales;0;0;0.0;A — activité attestée;SB190;"Contexte régional ; taille et fréquence locales proposées. Profil résidentiel rural/mixte ; jardins, cuisine, filage, corvées et milice saisonnière restent activités secondaires. chapitre régional ; profil territorial proposé Budget civil 4,00 % ; coefficient 0,000000 ; part de filière 0,000 %. Zéro proposé : Filière régionale non retenue dans ce scénario, sans interdiction universelle. Savoir-faire de terrain et sécurité ; procédé spécialisé distinct du rang social.";0;0;0;0;0
Prospecteur;Extracteur de ressources minérales;0.13927161514438502;0.20633076413407123;2142.833070611508;D — activité déduite;SB104;"Contexte régional ; taille et fréquence locales proposées. Profil résidentiel rural/mixte ; jardins, cuisine, filage, corvées et milice saisonnière restent activités secondaires. chapitre régional ; profil territorial proposé Budget civil 4,00 % ; coefficient 0,500000 ; part de filière 5,348 %. Savoir-faire de terrain et sécurité ; procédé spécialisé distinct du rang social.";1.9089779598604727e-05;3.5089065638517215e-06;0.0008512125165357973;0.1349933510936643;0.003404452848022448
Meunier;Meunier;0.12868146730390143;0.1906414702750572;1979.8930559378275;D — activité déduite;SB121;"Contexte régional ; taille et fréquence locales proposées. Profil résidentiel rural/mixte ; jardins, cuisine, filage, corvées et milice saisonnière restent activités secondaires. chapitre régional ; profil territorial proposé Budget civil 11,00 % ; coefficient 1,750000 ; part de filière 1,797 %. Apprentissage, atelier, combustible et outils ; titre noble ne remplace pas qualification.";3.4424030684784704e-05;2.531002657210412e-05;0.003837415413460664;0.12171474364821547;0.0030695741849684098
Boucher;Boucher;0.1470645340616016;0.2178759660286368;2262.7349210718025;D — activité déduite;SB99;"Contexte régional ; taille et fréquence locales proposées. Profil résidentiel rural/mixte ; jardins, cuisine, filage, corvées et milice saisonnière restent activités secondaires. chapitre régional ; profil territorial proposé Budget civil 11,00 % ; coefficient 2,000000 ; part de filière 2,053 %. Apprentissage, atelier, combustible et outils ; titre noble ne remplace pas qualification.";3.934174935403966e-05;2.892574465383327e-05;0.004385617615383616;0.13910256416938907;0.0035080847828210396
Écorcheur;Boucher;0.05882581362464065;0.08715038641145471;905.0939684287209;A — activité attestée;MJ128;"Contexte régional ; taille et fréquence locales proposées. Profil résidentiel rural/mixte ; jardins, cuisine, filage, corvées et milice saisonnière restent activités secondaires. chapitre régional ; profil territorial proposé Budget civil 11,00 % ; coefficient 0,800000 ; part de filière 0,821 %. Apprentissage, atelier, combustible et outils ; titre noble ne remplace pas qualification.";1.5736699741615864e-05;1.1570297861533308e-05;0.0017542470461534467;0.05564102566775564;0.0014032339131284156
Boulanger;Boulanger;0.3125121348809034;0.4629864278108532;4808.311707277579;A — activité attestée;MJ128;"Contexte régional ; taille et fréquence locales proposées. Profil résidentiel rural/mixte ; jardins, cuisine, filage, corvées et milice saisonnière restent activités secondaires. chapitre régional ; profil territorial proposé Budget civil 11,00 % ; coefficient 4,250000 ; part de filière 4,363 %. Apprentissage, atelier, combustible et outils ; titre noble ne remplace pas qualification.";8.360121737733427e-05;6.146720738939568e-05;0.009319437432690186;0.2955929488599518;0.007454680163494709
Cuisinier;Cuisinier;0.16867740953367877;0.24989542029191275;2595.270623085182;A — activité attestée;MJ128;"Contexte régional ; taille et fréquence locales proposées. Profil résidentiel rural/mixte ; jardins, cuisine, filage, corvées et milice saisonnière restent activités secondaires. chapitre régional ; profil territorial proposé Budget civil 2,00 % ; coefficient 7,500000 ; part de filière 12,953 %. Apprentissage et qualification variable ; soins avancés et thérapie magique exigent formation.";2.32292363782427e-05;4.269783188425943e-06;0.0005178953652292052;0.16426551421657232;0.003866500932310579
Cuisinier de haute cuisine;Cuisinier;0;0;0.0;A — activité attestée;"PG28; CC52";"Contexte régional ; taille et fréquence locales proposées. Profil résidentiel rural/mixte ; jardins, cuisine, filage, corvées et milice saisonnière restent activités secondaires. chapitre régional ; profil territorial proposé Budget civil 2,00 % ; coefficient 0,000000 ; part de filière 0,000 %. Zéro proposé : Haute cuisine concentrée auprès de clientèle et maîtres attestés/proposés ; cuisine ordinaire conservée. Apprentissage et qualification variable ; soins avancés et thérapie magique exigent formation.";0;0;0;0;0
Poissonnier;Transformateur alimentaire;0.09559194714004106;0.14161937791861393;1470.777698696672;D — activité déduite;"SB120; SB149";"Contexte régional ; taille et fréquence locales proposées. Profil résidentiel rural/mixte ; jardins, cuisine, filage, corvées et milice saisonnière restent activités secondaires. chapitre régional ; profil territorial proposé Budget civil 11,00 % ; coefficient 1,300000 ; part de filière 1,335 %. Apprentissage, atelier, combustible et outils ; titre noble ne remplace pas qualification.";2.5572137080125783e-05;1.8801734024991625e-05;0.0028506514499993503;0.09041666671010291;0.002280255108833676
Saleur et sécheur alimentaire;Transformateur alimentaire;0.09559194714004106;0.14161937791861393;1470.777698696672;D — activité déduite;"SB120; SB149";"Contexte régional ; taille et fréquence locales proposées. Profil résidentiel rural/mixte ; jardins, cuisine, filage, corvées et milice saisonnière restent activités secondaires. chapitre régional ; profil territorial proposé Budget civil 11,00 % ; coefficient 1,300000 ; part de filière 1,335 %. Apprentissage, atelier, combustible et outils ; titre noble ne remplace pas qualification.";2.5572137080125783e-05;1.8801734024991625e-05;0.0028506514499993503;0.09041666671010291;0.002280255108833676
Fromager;Transformateur alimentaire;0.09559194714004106;0.14161937791861393;1470.777698696672;A — activité attestée;"SB120; SB149";"Contexte régional ; taille et fréquence locales proposées. Profil résidentiel rural/mixte ; jardins, cuisine, filage, corvées et milice saisonnière restent activités secondaires. chapitre régional ; profil territorial proposé Budget civil 11,00 % ; coefficient 1,300000 ; part de filière 1,335 %. Apprentissage, atelier, combustible et outils ; titre noble ne remplace pas qualification.";2.5572137080125783e-05;1.8801734024991625e-05;0.0028506514499993503;0.09041666671010291;0.002280255108833676
Huilier;Transformateur alimentaire;0.09559194714004106;0.14161937791861393;1470.777698696672;P — activité proposée;"SB120; SB149";"Contexte régional ; taille et fréquence locales proposées. Profil résidentiel rural/mixte ; jardins, cuisine, filage, corvées et milice saisonnière restent activités secondaires. chapitre régional ; profil territorial proposé Budget civil 11,00 % ; coefficient 1,300000 ; part de filière 1,335 %. Apprentissage, atelier, combustible et outils ; titre noble ne remplace pas qualification.";2.5572137080125783e-05;1.8801734024991625e-05;0.0028506514499993503;0.09041666671010291;0.002280255108833676
Brasseur;Fabricant de boissons;0.08823872043696095;0.13072557961718206;1357.6409526430812;A — activité attestée;"MJ128; SB120";"Contexte régional ; taille et fréquence locales proposées. Profil résidentiel rural/mixte ; jardins, cuisine, filage, corvées et milice saisonnière restent activités secondaires. chapitre régional ; profil territorial proposé Budget civil 11,00 % ; coefficient 1,200000 ; part de filière 1,232 %. Apprentissage, atelier, combustible et outils ; titre noble ne remplace pas qualification.";2.360504961242381e-05;1.735544679229996e-05;0.002631370569230171;0.08346153850163343;0.0021048508696926253
Distillateur;Fabricant de boissons;0.08823872043696095;0.13072557961718206;1357.6409526430812;A — activité attestée;"MJ128; SB120";"Contexte régional ; taille et fréquence locales proposées. Profil résidentiel rural/mixte ; jardins, cuisine, filage, corvées et milice saisonnière restent activités secondaires. chapitre régional ; profil territorial proposé Budget civil 11,00 % ; coefficient 1,200000 ; part de filière 1,232 %. Apprentissage, atelier, combustible et outils ; titre noble ne remplace pas qualification.";2.360504961242381e-05;1.735544679229996e-05;0.002631370569230171;0.08346153850163343;0.0021048508696926253
Distillateur de Highlandtuber;Fabricant de boissons;0;0;0.0;A — activité attestée;"SB120; SB121";"Contexte régional ; taille et fréquence locales proposées. Profil résidentiel rural/mixte ; jardins, cuisine, filage, corvées et milice saisonnière restent activités secondaires. chapitre régional ; profil territorial proposé Budget civil 11,00 % ; coefficient 0,000000 ; part de filière 0,000 %. Zéro proposé : Filière régionale non retenue dans ce scénario, sans interdiction universelle. Apprentissage, atelier, combustible et outils ; titre noble ne remplace pas qualification.";0;0;0;0;0
Maître de cérémonie du thé;Maître de cérémonie du thé;0;0;0.0;A — activité attestée;SB201;"Contexte régional ; taille et fréquence locales proposées. Profil résidentiel rural/mixte ; jardins, cuisine, filage, corvées et milice saisonnière restent activités secondaires. chapitre régional ; profil territorial proposé Budget civil 0,00 % ; coefficient 0,000000 ; part de filière 0,000 %. Zéro proposé : Filière régionale non retenue dans ce scénario, sans interdiction universelle. Apprentissage, audition et réseau ; accès au mérite notamment Mustardseed.";0;0;0;0;0
Alchimiste;Alchimiste;0.23253385742857138;0.3444986865452796;3577.7659303959995;A — activité attestée;"MJ128; BR55";"Contexte régional ; taille et fréquence locales proposées. Profil résidentiel rural/mixte ; jardins, cuisine, filage, corvées et milice saisonnière restent activités secondaires. chapitre régional ; profil territorial proposé Budget civil 0,50 % ; coefficient 2,500000 ; part de filière 71,429 %. Long apprentissage, frais, bourses, talent, licence ou secret ; titre ne donne pas maîtrise.";0.0029959829548894413;0.0005506938517177957;0.016698845168412718;0.21186089488931797;0.0004274405642334626
Apothicaire;Alchimiste;0.09301354297142857;0.13779947461811187;1431.1063721583998;A — activité attestée;"MJ128; BR55";"Contexte régional ; taille et fréquence locales proposées. Profil résidentiel rural/mixte ; jardins, cuisine, filage, corvées et milice saisonnière restent activités secondaires. chapitre régional ; profil territorial proposé Budget civil 0,50 % ; coefficient 1,000000 ; part de filière 28,571 %. Long apprentissage, frais, bourses, talent, licence ou secret ; titre ne donne pas maîtrise.";0.0011983931819557765;0.0002202775406871184;0.006679538067365088;0.0847443579557272;0.00017097622569338513
Préparateur de poisons;Alchimiste;0;0;0.0;D — activité déduite;"BR55; SB193";"Contexte régional ; taille et fréquence locales proposées. Profil résidentiel rural/mixte ; jardins, cuisine, filage, corvées et milice saisonnière restent activités secondaires. chapitre régional ; profil territorial proposé Budget civil 0,50 % ; coefficient 0,000000 ; part de filière 0,000 %. Zéro proposé : Spécialité avancée non installée dans le profil rural ordinaire : apprentissage, matériel et clientèle insuffisamment établis. Long apprentissage, frais, bourses, talent, licence ou secret ; titre ne donne pas maîtrise.";0;0;0;0;0
Préparateur de potions;Alchimiste;0;0;0.0;A — activité attestée;SB138;"Contexte régional ; taille et fréquence locales proposées. Profil résidentiel rural/mixte ; jardins, cuisine, filage, corvées et milice saisonnière restent activités secondaires. chapitre régional ; profil territorial proposé Budget civil 0,50 % ; coefficient 0,000000 ; part de filière 0,000 %. Zéro proposé : Spécialité avancée non installée dans le profil rural ordinaire : apprentissage, matériel et clientèle insuffisamment établis. Long apprentissage, frais, bourses, talent, licence ou secret ; titre ne donne pas maîtrise.";0;0;0;0;0
Préparateur d’Estelindea;Alchimiste;0;0;0.0;A — activité attestée;SB153;"Contexte régional ; taille et fréquence locales proposées. Profil résidentiel rural/mixte ; jardins, cuisine, filage, corvées et milice saisonnière restent activités secondaires. chapitre régional ; profil territorial proposé Budget civil 0,50 % ; coefficient 0,000000 ; part de filière 0,000 %. Zéro proposé : Filière régionale non retenue dans ce scénario, sans interdiction universelle. Long apprentissage, frais, bourses, talent, licence ou secret ; titre ne donne pas maîtrise.";0;0;0;0;0
Charbonnier;Charbonnier;0.20890742271657756;0.3094961462011069;3214.249605917262;P — activité proposée;SB128;"Contexte régional ; taille et fréquence locales proposées. Profil résidentiel rural/mixte ; jardins, cuisine, filage, corvées et milice saisonnière restent activités secondaires. chapitre régional ; profil territorial proposé Budget civil 4,00 % ; coefficient 0,750000 ; part de filière 8,021 %. Savoir-faire de terrain et sécurité ; procédé spécialisé distinct du rang social.";2.8634669397907084e-05;5.263359845777581e-06;0.0012768187748036953;0.2024900266404965;0.0051066792720336675
Fondeur et affineur;Métallurgiste;0;0;0.0;D — activité déduite;"SB198; SB160";"Contexte régional ; taille et fréquence locales proposées. Profil résidentiel rural/mixte ; jardins, cuisine, filage, corvées et milice saisonnière restent activités secondaires. chapitre régional ; profil territorial proposé Budget civil 11,00 % ; coefficient 0,000000 ; part de filière 0,000 %. Zéro proposé : Artisanat de base et réparation locale ; atelier spécialisé absent du scénario rural ordinaire. Apprentissage, atelier, combustible et outils ; titre noble ne remplace pas qualification.";0;0;0;0;0
Aciériste;Métallurgiste;0;0;0.0;D — activité déduite;SB198;"Contexte régional ; taille et fréquence locales proposées. Profil résidentiel rural/mixte ; jardins, cuisine, filage, corvées et milice saisonnière restent activités secondaires. chapitre régional ; profil territorial proposé Budget civil 11,00 % ; coefficient 0,000000 ; part de filière 0,000 %. Zéro proposé : Artisanat de base et réparation locale ; atelier spécialisé absent du scénario rural ordinaire. Apprentissage, atelier, combustible et outils ; titre noble ne remplace pas qualification.";0;0;0;0;0
Forgeron;Forgeron;0.36766133515400395;0.5446899150715919;5656.837302679504;A — activité attestée;MJ128;"Contexte régional ; taille et fréquence locales proposées. Profil résidentiel rural/mixte ; jardins, cuisine, filage, corvées et milice saisonnière restent activités secondaires. chapitre régional ; profil territorial proposé Budget civil 11,00 % ; coefficient 5,000000 ; part de filière 5,133 %. Apprentissage, atelier, combustible et outils ; titre noble ne remplace pas qualification.";9.83543733850991e-05;7.231436163458313e-05;0.010964044038459034;0.34775641042347266;0.0087702119570526
Armurier;Forgeron;0.1470645340616016;0.2178759660286368;2262.7349210718025;A — activité attestée;MJ128;"Contexte régional ; taille et fréquence locales proposées. Profil résidentiel rural/mixte ; jardins, cuisine, filage, corvées et milice saisonnière restent activités secondaires. chapitre régional ; profil territorial proposé Budget civil 11,00 % ; coefficient 2,000000 ; part de filière 2,053 %. Apprentissage, atelier, combustible et outils ; titre noble ne remplace pas qualification.";3.934174935403966e-05;2.892574465383327e-05;0.004385617615383616;0.13910256416938907;0.0035080847828210396
Coutelier;Forgeron;0.1470645340616016;0.2178759660286368;2262.7349210718025;D — activité déduite;MJ128;"Contexte régional ; taille et fréquence locales proposées. Profil résidentiel rural/mixte ; jardins, cuisine, filage, corvées et milice saisonnière restent activités secondaires. chapitre régional ; profil territorial proposé Budget civil 11,00 % ; coefficient 2,000000 ; part de filière 2,053 %. Apprentissage, atelier, combustible et outils ; titre noble ne remplace pas qualification.";3.934174935403966e-05;2.892574465383327e-05;0.004385617615383616;0.13910256416938907;0.0035080847828210396
Rémouleur;Forgeron;0.1470645340616016;0.2178759660286368;2262.7349210718025;D — activité déduite;MJ128;"Contexte régional ; taille et fréquence locales proposées. Profil résidentiel rural/mixte ; jardins, cuisine, filage, corvées et milice saisonnière restent activités secondaires. chapitre régional ; profil territorial proposé Budget civil 11,00 % ; coefficient 2,000000 ; part de filière 2,053 %. Apprentissage, atelier, combustible et outils ; titre noble ne remplace pas qualification.";3.934174935403966e-05;2.892574465383327e-05;0.004385617615383616;0.13910256416938907;0.0035080847828210396
Serrurier;Mécanicien et artisan du métal;0;0;0.0;A — activité attestée;"MJ128; SB174";"Contexte régional ; taille et fréquence locales proposées. Profil résidentiel rural/mixte ; jardins, cuisine, filage, corvées et milice saisonnière restent activités secondaires. chapitre régional ; profil territorial proposé Budget civil 11,00 % ; coefficient 0,000000 ; part de filière 0,000 %. Zéro proposé : Artisanat de base et réparation locale ; atelier spécialisé absent du scénario rural ordinaire. Apprentissage, atelier, combustible et outils ; titre noble ne remplace pas qualification.";0;0;0;0;0
Rétameur;Mécanicien et artisan du métal;0;0;0.0;A — activité attestée;"MJ128; SB174";"Contexte régional ; taille et fréquence locales proposées. Profil résidentiel rural/mixte ; jardins, cuisine, filage, corvées et milice saisonnière restent activités secondaires. chapitre régional ; profil territorial proposé Budget civil 11,00 % ; coefficient 0,000000 ; part de filière 0,000 %. Zéro proposé : Artisanat de base et réparation locale ; atelier spécialisé absent du scénario rural ordinaire. Apprentissage, atelier, combustible et outils ; titre noble ne remplace pas qualification.";0;0;0;0;0
Réparateur et bricoleur;Mécanicien et artisan du métal;0;0;0.0;A — activité attestée;"MJ128; SB174";"Contexte régional ; taille et fréquence locales proposées. Profil résidentiel rural/mixte ; jardins, cuisine, filage, corvées et milice saisonnière restent activités secondaires. chapitre régional ; profil territorial proposé Budget civil 11,00 % ; coefficient 0,000000 ; part de filière 0,000 %. Zéro proposé : Artisanat de base et réparation locale ; atelier spécialisé absent du scénario rural ordinaire. Apprentissage, atelier, combustible et outils ; titre noble ne remplace pas qualification.";0;0;0;0;0
Horloger;Mécanicien et artisan du métal;0;0;0.0;D — activité déduite;SB174;"Contexte régional ; taille et fréquence locales proposées. Profil résidentiel rural/mixte ; jardins, cuisine, filage, corvées et milice saisonnière restent activités secondaires. chapitre régional ; profil territorial proposé Budget civil 11,00 % ; coefficient 0,000000 ; part de filière 0,000 %. Zéro proposé : Climat, matière ou culture hors filière régionale retenue ; aucun établissement exceptionnel proposé. Apprentissage, atelier, combustible et outils ; titre noble ne remplace pas qualification.";0;0;0;0;0
Fabricant d’outils de précision;Mécanicien et artisan du métal;0;0;0.0;A — activité attestée;SB174;"Contexte régional ; taille et fréquence locales proposées. Profil résidentiel rural/mixte ; jardins, cuisine, filage, corvées et milice saisonnière restent activités secondaires. chapitre régional ; profil territorial proposé Budget civil 11,00 % ; coefficient 0,000000 ; part de filière 0,000 %. Zéro proposé : Climat, matière ou culture hors filière régionale retenue ; aucun établissement exceptionnel proposé. Apprentissage, atelier, combustible et outils ; titre noble ne remplace pas qualification.";0;0;0;0;0
Fabricant d’instruments de navigation;Mécanicien et artisan du métal;0;0;0.0;D — activité déduite;SB174;"Contexte régional ; taille et fréquence locales proposées. Profil résidentiel rural/mixte ; jardins, cuisine, filage, corvées et milice saisonnière restent activités secondaires. chapitre régional ; profil territorial proposé Budget civil 11,00 % ; coefficient 0,000000 ; part de filière 0,000 %. Zéro proposé : Climat, matière ou culture hors filière régionale retenue ; aucun établissement exceptionnel proposé. Apprentissage, atelier, combustible et outils ; titre noble ne remplace pas qualification.";0;0;0;0;0
Bijoutier;Bijoutier;0;0;0.0;A — activité attestée;MJ128;"Contexte régional ; taille et fréquence locales proposées. Profil résidentiel rural/mixte ; jardins, cuisine, filage, corvées et milice saisonnière restent activités secondaires. chapitre régional ; profil territorial proposé Budget civil 11,00 % ; coefficient 0,000000 ; part de filière 0,000 %. Zéro proposé : Artisanat de base et réparation locale ; atelier spécialisé absent du scénario rural ordinaire. Apprentissage, atelier, combustible et outils ; titre noble ne remplace pas qualification.";0;0;0;0;0
Orfèvre;Bijoutier;0;0;0.0;A — activité attestée;MJ128;"Contexte régional ; taille et fréquence locales proposées. Profil résidentiel rural/mixte ; jardins, cuisine, filage, corvées et milice saisonnière restent activités secondaires. chapitre régional ; profil territorial proposé Budget civil 11,00 % ; coefficient 0,000000 ; part de filière 0,000 %. Zéro proposé : Artisanat de base et réparation locale ; atelier spécialisé absent du scénario rural ordinaire. Apprentissage, atelier, combustible et outils ; titre noble ne remplace pas qualification.";0;0;0;0;0
Lapidaire et tailleur de gemmes;Bijoutier;0;0;0.0;A — activité attestée;MJ128;"Contexte régional ; taille et fréquence locales proposées. Profil résidentiel rural/mixte ; jardins, cuisine, filage, corvées et milice saisonnière restent activités secondaires. chapitre régional ; profil territorial proposé Budget civil 11,00 % ; coefficient 0,000000 ; part de filière 0,000 %. Zéro proposé : Artisanat de base et réparation locale ; atelier spécialisé absent du scénario rural ordinaire. Apprentissage, atelier, combustible et outils ; titre noble ne remplace pas qualification.";0;0;0;0;0
Tanneur;Tanneur;0.09191533378850099;0.13617247876789798;1414.209325669876;A — activité attestée;MJ128;"Contexte régional ; taille et fréquence locales proposées. Profil résidentiel rural/mixte ; jardins, cuisine, filage, corvées et milice saisonnière restent activités secondaires. chapitre régional ; profil territorial proposé Budget civil 11,00 % ; coefficient 1,250000 ; part de filière 1,283 %. Apprentissage, atelier, combustible et outils ; titre noble ne remplace pas qualification.";2.4588593346274775e-05;1.8078590408645783e-05;0.0027410110096147584;0.08693910260586817;0.00219255298926315
Fourreur;Tanneur;0.0367661335154004;0.0544689915071592;565.6837302679506;D — activité déduite;"SB120; SB133";"Contexte régional ; taille et fréquence locales proposées. Profil résidentiel rural/mixte ; jardins, cuisine, filage, corvées et milice saisonnière restent activités secondaires. chapitre régional ; profil territorial proposé Budget civil 11,00 % ; coefficient 0,500000 ; part de filière 0,513 %. Apprentissage, atelier, combustible et outils ; titre noble ne remplace pas qualification.";9.835437338509914e-06;7.231436163458318e-06;0.001096404403845904;0.03477564104234727;0.0008770211957052599
Maroquinier;Artisan du cuir;0.1176516272492813;0.17430077282290943;1810.1879368574419;A — activité attestée;MJ128;"Contexte régional ; taille et fréquence locales proposées. Profil résidentiel rural/mixte ; jardins, cuisine, filage, corvées et milice saisonnière restent activités secondaires. chapitre régional ; profil territorial proposé Budget civil 11,00 % ; coefficient 1,600000 ; part de filière 1,643 %. Apprentissage, atelier, combustible et outils ; titre noble ne remplace pas qualification.";3.147339948323173e-05;2.3140595723066616e-05;0.0035084940923068935;0.11128205133551128;0.002806467826256831
Bourrelier et sellier;Artisan du cuir;0.1176516272492813;0.17430077282290943;1810.1879368574419;D — activité déduite;"MJ128; SB163";"Contexte régional ; taille et fréquence locales proposées. Profil résidentiel rural/mixte ; jardins, cuisine, filage, corvées et milice saisonnière restent activités secondaires. chapitre régional ; profil territorial proposé Budget civil 11,00 % ; coefficient 1,600000 ; part de filière 1,643 %. Apprentissage, atelier, combustible et outils ; titre noble ne remplace pas qualification.";3.147339948323173e-05;2.3140595723066616e-05;0.0035084940923068935;0.11128205133551128;0.002806467826256831
Boursier, fabricant de bourses;Artisan du cuir;0.1176516272492813;0.17430077282290943;1810.1879368574419;D — activité déduite;MJ128;"Contexte régional ; taille et fréquence locales proposées. Profil résidentiel rural/mixte ; jardins, cuisine, filage, corvées et milice saisonnière restent activités secondaires. chapitre régional ; profil territorial proposé Budget civil 11,00 % ; coefficient 1,600000 ; part de filière 1,643 %. Apprentissage, atelier, combustible et outils ; titre noble ne remplace pas qualification.";3.147339948323173e-05;2.3140595723066616e-05;0.0035084940923068935;0.11128205133551128;0.002806467826256831
Gantier;Artisan du cuir;0.1176516272492813;0.17430077282290943;1810.1879368574419;D — activité déduite;MJ128;"Contexte régional ; taille et fréquence locales proposées. Profil résidentiel rural/mixte ; jardins, cuisine, filage, corvées et milice saisonnière restent activités secondaires. chapitre régional ; profil territorial proposé Budget civil 11,00 % ; coefficient 1,600000 ; part de filière 1,643 %. Apprentissage, atelier, combustible et outils ; titre noble ne remplace pas qualification.";3.147339948323173e-05;2.3140595723066616e-05;0.0035084940923068935;0.11128205133551128;0.002806467826256831
Cordonnier;Artisan du cuir;0.1176516272492813;0.17430077282290943;1810.1879368574419;A — activité attestée;MJ128;"Contexte régional ; taille et fréquence locales proposées. Profil résidentiel rural/mixte ; jardins, cuisine, filage, corvées et milice saisonnière restent activités secondaires. chapitre régional ; profil territorial proposé Budget civil 11,00 % ; coefficient 1,600000 ; part de filière 1,643 %. Apprentissage, atelier, combustible et outils ; titre noble ne remplace pas qualification.";3.147339948323173e-05;2.3140595723066616e-05;0.0035084940923068935;0.11128205133551128;0.002806467826256831
Fileur;Artisan textile;0.1470645340616016;0.2178759660286368;2262.7349210718025;D — activité déduite;MJ128;"Contexte régional ; taille et fréquence locales proposées. Profil résidentiel rural/mixte ; jardins, cuisine, filage, corvées et milice saisonnière restent activités secondaires. chapitre régional ; profil territorial proposé Budget civil 11,00 % ; coefficient 2,000000 ; part de filière 2,053 %. Apprentissage, atelier, combustible et outils ; titre noble ne remplace pas qualification.";3.934174935403966e-05;2.892574465383327e-05;0.004385617615383616;0.13910256416938907;0.0035080847828210396
Tisserand;Artisan textile;0.1470645340616016;0.2178759660286368;2262.7349210718025;A — activité attestée;MJ128;"Contexte régional ; taille et fréquence locales proposées. Profil résidentiel rural/mixte ; jardins, cuisine, filage, corvées et milice saisonnière restent activités secondaires. chapitre régional ; profil territorial proposé Budget civil 11,00 % ; coefficient 2,000000 ; part de filière 2,053 %. Apprentissage, atelier, combustible et outils ; titre noble ne remplace pas qualification.";3.934174935403966e-05;2.892574465383327e-05;0.004385617615383616;0.13910256416938907;0.0035080847828210396
Teinturier;Artisan textile;0.1470645340616016;0.2178759660286368;2262.7349210718025;A — activité attestée;MJ128;"Contexte régional ; taille et fréquence locales proposées. Profil résidentiel rural/mixte ; jardins, cuisine, filage, corvées et milice saisonnière restent activités secondaires. chapitre régional ; profil territorial proposé Budget civil 11,00 % ; coefficient 2,000000 ; part de filière 2,053 %. Apprentissage, atelier, combustible et outils ; titre noble ne remplace pas qualification.";3.934174935403966e-05;2.892574465383327e-05;0.004385617615383616;0.13910256416938907;0.0035080847828210396
Tailleur;Tailleur de vêtements;0.1470645340616016;0.2178759660286368;2262.7349210718025;D — activité déduite;"MJ128; SB139";"Contexte régional ; taille et fréquence locales proposées. Profil résidentiel rural/mixte ; jardins, cuisine, filage, corvées et milice saisonnière restent activités secondaires. chapitre régional ; profil territorial proposé Budget civil 11,00 % ; coefficient 2,000000 ; part de filière 2,053 %. Apprentissage, atelier, combustible et outils ; titre noble ne remplace pas qualification.";3.934174935403966e-05;2.892574465383327e-05;0.004385617615383616;0.13910256416938907;0.0035080847828210396
Modiste et fabricant de coiffes;Tailleur de vêtements;0.1470645340616016;0.2178759660286368;2262.7349210718025;D — activité déduite;"SB139; SB120";"Contexte régional ; taille et fréquence locales proposées. Profil résidentiel rural/mixte ; jardins, cuisine, filage, corvées et milice saisonnière restent activités secondaires. chapitre régional ; profil territorial proposé Budget civil 11,00 % ; coefficient 2,000000 ; part de filière 2,053 %. Apprentissage, atelier, combustible et outils ; titre noble ne remplace pas qualification.";3.934174935403966e-05;2.892574465383327e-05;0.004385617615383616;0.13910256416938907;0.0035080847828210396
Tapissier;Tapissier;0;0;0.0;D — activité déduite;SB200;"Contexte régional ; taille et fréquence locales proposées. Profil résidentiel rural/mixte ; jardins, cuisine, filage, corvées et milice saisonnière restent activités secondaires. chapitre régional ; profil territorial proposé Budget civil 11,00 % ; coefficient 0,000000 ; part de filière 0,000 %. Zéro proposé : Artisanat de base et réparation locale ; atelier spécialisé absent du scénario rural ordinaire. Apprentissage, atelier, combustible et outils ; titre noble ne remplace pas qualification.";0;0;0;0;0
Menuisier;Menuisier;0.36766133515400395;0.5446899150715919;5656.837302679504;D — activité déduite;"MJ128; SB152";"Contexte régional ; taille et fréquence locales proposées. Profil résidentiel rural/mixte ; jardins, cuisine, filage, corvées et milice saisonnière restent activités secondaires. chapitre régional ; profil territorial proposé Budget civil 11,00 % ; coefficient 5,000000 ; part de filière 5,133 %. Apprentissage, atelier, combustible et outils ; titre noble ne remplace pas qualification.";9.83543733850991e-05;7.231436163458313e-05;0.010964044038459034;0.34775641042347266;0.0087702119570526
Ébéniste;Menuisier;0.1470645340616016;0.2178759660286368;2262.7349210718025;D — activité déduite;MJ128;"Contexte régional ; taille et fréquence locales proposées. Profil résidentiel rural/mixte ; jardins, cuisine, filage, corvées et milice saisonnière restent activités secondaires. chapitre régional ; profil territorial proposé Budget civil 11,00 % ; coefficient 2,000000 ; part de filière 2,053 %. Apprentissage, atelier, combustible et outils ; titre noble ne remplace pas qualification.";3.934174935403966e-05;2.892574465383327e-05;0.004385617615383616;0.13910256416938907;0.0035080847828210396
Sculpteur sur bois;Menuisier;0.1470645340616016;0.2178759660286368;2262.7349210718025;A — activité attestée;MJ128;"Contexte régional ; taille et fréquence locales proposées. Profil résidentiel rural/mixte ; jardins, cuisine, filage, corvées et milice saisonnière restent activités secondaires. chapitre régional ; profil territorial proposé Budget civil 11,00 % ; coefficient 2,000000 ; part de filière 2,053 %. Apprentissage, atelier, combustible et outils ; titre noble ne remplace pas qualification.";3.934174935403966e-05;2.892574465383327e-05;0.004385617615383616;0.13910256416938907;0.0035080847828210396
Tonnelier;Menuisier;0.1470645340616016;0.2178759660286368;2262.7349210718025;A — activité attestée;MJ128;"Contexte régional ; taille et fréquence locales proposées. Profil résidentiel rural/mixte ; jardins, cuisine, filage, corvées et milice saisonnière restent activités secondaires. chapitre régional ; profil territorial proposé Budget civil 11,00 % ; coefficient 2,000000 ; part de filière 2,053 %. Apprentissage, atelier, combustible et outils ; titre noble ne remplace pas qualification.";3.934174935403966e-05;2.892574465383327e-05;0.004385617615383616;0.13910256416938907;0.0035080847828210396
Charron;Menuisier;0.1470645340616016;0.2178759660286368;2262.7349210718025;A — activité attestée;MJ128;"Contexte régional ; taille et fréquence locales proposées. Profil résidentiel rural/mixte ; jardins, cuisine, filage, corvées et milice saisonnière restent activités secondaires. chapitre régional ; profil territorial proposé Budget civil 11,00 % ; coefficient 2,000000 ; part de filière 2,053 %. Apprentissage, atelier, combustible et outils ; titre noble ne remplace pas qualification.";3.934174935403966e-05;2.892574465383327e-05;0.004385617615383616;0.13910256416938907;0.0035080847828210396
Charpentier;Charpentier;0.2389798678501026;0.3540484447965348;3676.944246741679;A — activité attestée;MJ128;"Contexte régional ; taille et fréquence locales proposées. Profil résidentiel rural/mixte ; jardins, cuisine, filage, corvées et milice saisonnière restent activités secondaires. chapitre régional ; profil territorial proposé Budget civil 11,00 % ; coefficient 3,250000 ; part de filière 3,337 %. Apprentissage, atelier, combustible et outils ; titre noble ne remplace pas qualification.";6.393034270031444e-05;4.700433506247905e-05;0.007126628624998374;0.22604166677525725;0.00570063777208419
Couvreur;Charpentier;0.09559194714004106;0.14161937791861393;1470.777698696672;A — activité attestée;MJ128;"Contexte régional ; taille et fréquence locales proposées. Profil résidentiel rural/mixte ; jardins, cuisine, filage, corvées et milice saisonnière restent activités secondaires. chapitre régional ; profil territorial proposé Budget civil 11,00 % ; coefficient 1,300000 ; part de filière 1,335 %. Apprentissage, atelier, combustible et outils ; titre noble ne remplace pas qualification.";2.5572137080125783e-05;1.8801734024991625e-05;0.0028506514499993503;0.09041666671010291;0.002280255108833676
Constructeur naval;Constructeur naval;0;0;0.0;A — activité attestée;"MJ128; SB148";"Contexte régional ; taille et fréquence locales proposées. Profil résidentiel rural/mixte ; jardins, cuisine, filage, corvées et milice saisonnière restent activités secondaires. chapitre régional ; profil territorial proposé Budget civil 11,00 % ; coefficient 0,000000 ; part de filière 0,000 %. Zéro proposé : Artisanat de base et réparation locale ; atelier spécialisé absent du scénario rural ordinaire. Apprentissage, atelier, combustible et outils ; titre noble ne remplace pas qualification.";0;0;0;0;0
Calfat;Constructeur naval;0;0;0.0;D — activité déduite;"MJ128; SB148";"Contexte régional ; taille et fréquence locales proposées. Profil résidentiel rural/mixte ; jardins, cuisine, filage, corvées et milice saisonnière restent activités secondaires. chapitre régional ; profil territorial proposé Budget civil 11,00 % ; coefficient 0,000000 ; part de filière 0,000 %. Zéro proposé : Artisanat de base et réparation locale ; atelier spécialisé absent du scénario rural ordinaire. Apprentissage, atelier, combustible et outils ; titre noble ne remplace pas qualification.";0;0;0;0;0
Constructeur de drakkars;Constructeur naval;0;0;0.0;A — activité attestée;SB130;"Contexte régional ; taille et fréquence locales proposées. Profil résidentiel rural/mixte ; jardins, cuisine, filage, corvées et milice saisonnière restent activités secondaires. chapitre régional ; profil territorial proposé Budget civil 11,00 % ; coefficient 0,000000 ; part de filière 0,000 %. Zéro proposé : Filière régionale non retenue dans ce scénario, sans interdiction universelle. Apprentissage, atelier, combustible et outils ; titre noble ne remplace pas qualification.";0;0;0;0;0
Cordier;Cordier;0.09191533378850099;0.13617247876789798;1414.209325669876;D — activité déduite;SB130;"Contexte régional ; taille et fréquence locales proposées. Profil résidentiel rural/mixte ; jardins, cuisine, filage, corvées et milice saisonnière restent activités secondaires. chapitre régional ; profil territorial proposé Budget civil 11,00 % ; coefficient 1,250000 ; part de filière 1,283 %. Apprentissage, atelier, combustible et outils ; titre noble ne remplace pas qualification.";2.4588593346274775e-05;1.8078590408645783e-05;0.0027410110096147584;0.08693910260586817;0.00219255298926315
Voilier;Cordier;0.0367661335154004;0.0544689915071592;565.6837302679506;A — activité attestée;MJ128;"Contexte régional ; taille et fréquence locales proposées. Profil résidentiel rural/mixte ; jardins, cuisine, filage, corvées et milice saisonnière restent activités secondaires. chapitre régional ; profil territorial proposé Budget civil 11,00 % ; coefficient 0,500000 ; part de filière 0,513 %. Apprentissage, atelier, combustible et outils ; titre noble ne remplace pas qualification.";9.835437338509914e-06;7.231436163458318e-06;0.001096404403845904;0.03477564104234727;0.0008770211957052599
Facteur d’arcs;Facteur d’arcs;0;0;0.0;A — activité attestée;"MJ128; SB152";"Contexte régional ; taille et fréquence locales proposées. Profil résidentiel rural/mixte ; jardins, cuisine, filage, corvées et milice saisonnière restent activités secondaires. chapitre régional ; profil territorial proposé Budget civil 11,00 % ; coefficient 0,000000 ; part de filière 0,000 %. Zéro proposé : Artisanat de base et réparation locale ; atelier spécialisé absent du scénario rural ordinaire. Apprentissage, atelier, combustible et outils ; titre noble ne remplace pas qualification.";0;0;0;0;0
Fabricant de flèches;Facteur d’arcs;0;0;0.0;A — activité attestée;SB152;"Contexte régional ; taille et fréquence locales proposées. Profil résidentiel rural/mixte ; jardins, cuisine, filage, corvées et milice saisonnière restent activités secondaires. chapitre régional ; profil territorial proposé Budget civil 11,00 % ; coefficient 0,000000 ; part de filière 0,000 %. Zéro proposé : Artisanat de base et réparation locale ; atelier spécialisé absent du scénario rural ordinaire. Apprentissage, atelier, combustible et outils ; titre noble ne remplace pas qualification.";0;0;0;0;0
Luthier et facteur d’instruments;Luthier;0;0;0.0;D — activité déduite;BR55;"Contexte régional ; taille et fréquence locales proposées. Profil résidentiel rural/mixte ; jardins, cuisine, filage, corvées et milice saisonnière restent activités secondaires. chapitre régional ; profil territorial proposé Budget civil 11,00 % ; coefficient 0,000000 ; part de filière 0,000 %. Zéro proposé : Artisanat de base et réparation locale ; atelier spécialisé absent du scénario rural ordinaire. Apprentissage, atelier, combustible et outils ; titre noble ne remplace pas qualification.";0;0;0;0;0
Tailleur de pierre;Tailleur de pierre;0;0;0.0;A — activité attestée;"MJ128; SB161";"Contexte régional ; taille et fréquence locales proposées. Profil résidentiel rural/mixte ; jardins, cuisine, filage, corvées et milice saisonnière restent activités secondaires. chapitre régional ; profil territorial proposé Budget civil 11,00 % ; coefficient 0,000000 ; part de filière 0,000 %. Zéro proposé : Artisanat de base et réparation locale ; atelier spécialisé absent du scénario rural ordinaire. Apprentissage, atelier, combustible et outils ; titre noble ne remplace pas qualification.";0;0;0;0;0
Sculpteur sur pierre;Tailleur de pierre;0;0;0.0;D — activité déduite;"MJ128; SB161";"Contexte régional ; taille et fréquence locales proposées. Profil résidentiel rural/mixte ; jardins, cuisine, filage, corvées et milice saisonnière restent activités secondaires. chapitre régional ; profil territorial proposé Budget civil 11,00 % ; coefficient 0,000000 ; part de filière 0,000 %. Zéro proposé : Artisanat de base et réparation locale ; atelier spécialisé absent du scénario rural ordinaire. Apprentissage, atelier, combustible et outils ; titre noble ne remplace pas qualification.";0;0;0;0;0
Sculpteur de statues de Stone Spirits;Tailleur de pierre;0;0;0.0;A — activité attestée;SB161;"Contexte régional ; taille et fréquence locales proposées. Profil résidentiel rural/mixte ; jardins, cuisine, filage, corvées et milice saisonnière restent activités secondaires. chapitre régional ; profil territorial proposé Budget civil 11,00 % ; coefficient 0,000000 ; part de filière 0,000 %. Zéro proposé : Filière régionale non retenue dans ce scénario, sans interdiction universelle. Apprentissage, atelier, combustible et outils ; titre noble ne remplace pas qualification.";0;0;0;0;0
Maçon;Maçon;1.0294517384312114;1.5251317622004577;15839.14444750262;A — activité attestée;"MJ128; SB90";"Contexte régional ; taille et fréquence locales proposées. Profil résidentiel rural/mixte ; jardins, cuisine, filage, corvées et milice saisonnière restent activités secondaires. chapitre régional ; profil territorial proposé Budget civil 11,00 % ; coefficient 14,000000 ; part de filière 14,374 %. Apprentissage, atelier, combustible et outils ; titre noble ne remplace pas qualification.";0.00027539224547827763;0.00020248021257683295;0.030699323307685312;0.9737179491857237;0.024556593479747278
Plâtrier;Maçon;0.41178069537248446;0.6100527048801829;6335.657779001046;A — activité attestée;"MJ128; SB90";"Contexte régional ; taille et fréquence locales proposées. Profil résidentiel rural/mixte ; jardins, cuisine, filage, corvées et milice saisonnière restent activités secondaires. chapitre régional ; profil territorial proposé Budget civil 11,00 % ; coefficient 5,600000 ; part de filière 5,749 %. Apprentissage, atelier, combustible et outils ; titre noble ne remplace pas qualification.";0.00011015689819131101;8.099208503073313e-05;0.012279729323074123;0.38948717967428936;0.009822637391898911
Manœuvre de chantier;Maçon;0.4117806953724844;0.6100527048801828;6335.657779001045;A — activité attestée;SB90;"Contexte régional ; taille et fréquence locales proposées. Profil résidentiel rural/mixte ; jardins, cuisine, filage, corvées et milice saisonnière restent activités secondaires. chapitre régional ; profil territorial proposé Budget civil 11,00 % ; coefficient 5,600000 ; part de filière 5,749 %. Apprentissage, atelier, combustible et outils ; titre noble ne remplace pas qualification.";5.592530481081639e-05;4.11186872268394e-05;0.006234267818566898;0.39547571874001763;0.009973664821862233
Architecte;Architecte;0;0;0.0;A — activité attestée;SB174;"Contexte régional ; taille et fréquence locales proposées. Profil résidentiel rural/mixte ; jardins, cuisine, filage, corvées et milice saisonnière restent activités secondaires. chapitre régional ; profil territorial proposé Budget civil 11,00 % ; coefficient 0,000000 ; part de filière 0,000 %. Zéro proposé : Artisanat de base et réparation locale ; atelier spécialisé absent du scénario rural ordinaire. Apprentissage, atelier, combustible et outils ; titre noble ne remplace pas qualification.";0;0;0;0;0
Géomètre et arpenteur;Architecte;0;0;0.0;A — activité attestée;MJ128;"Contexte régional ; taille et fréquence locales proposées. Profil résidentiel rural/mixte ; jardins, cuisine, filage, corvées et milice saisonnière restent activités secondaires. chapitre régional ; profil territorial proposé Budget civil 11,00 % ; coefficient 0,000000 ; part de filière 0,000 %. Zéro proposé : Artisanat de base et réparation locale ; atelier spécialisé absent du scénario rural ordinaire. Apprentissage, atelier, combustible et outils ; titre noble ne remplace pas qualification.";0;0;0;0;0
Potier;Potier;0.18383066757700198;0.27234495753579596;2828.418651339752;A — activité attestée;"MJ128; SB200";"Contexte régional ; taille et fréquence locales proposées. Profil résidentiel rural/mixte ; jardins, cuisine, filage, corvées et milice saisonnière restent activités secondaires. chapitre régional ; profil territorial proposé Budget civil 11,00 % ; coefficient 2,500000 ; part de filière 2,567 %. Apprentissage, atelier, combustible et outils ; titre noble ne remplace pas qualification.";4.917718669254955e-05;3.6157180817291566e-05;0.005482022019229517;0.17387820521173633;0.0043851059785263
Tuilier;Potier;0.0735322670308008;0.1089379830143184;1131.3674605359013;A — activité attestée;"MJ128; SB200";"Contexte régional ; taille et fréquence locales proposées. Profil résidentiel rural/mixte ; jardins, cuisine, filage, corvées et milice saisonnière restent activités secondaires. chapitre régional ; profil territorial proposé Budget civil 11,00 % ; coefficient 1,000000 ; part de filière 1,027 %. Apprentissage, atelier, combustible et outils ; titre noble ne remplace pas qualification.";1.967087467701983e-05;1.4462872326916635e-05;0.002192808807691808;0.06955128208469454;0.0017540423914105198
Porcelainier;Potier;0.0735322670308008;0.1089379830143184;1131.3674605359013;D — activité déduite;SB200;"Contexte régional ; taille et fréquence locales proposées. Profil résidentiel rural/mixte ; jardins, cuisine, filage, corvées et milice saisonnière restent activités secondaires. chapitre régional ; profil territorial proposé Budget civil 11,00 % ; coefficient 1,000000 ; part de filière 1,027 %. Apprentissage, atelier, combustible et outils ; titre noble ne remplace pas qualification.";1.967087467701983e-05;1.4462872326916635e-05;0.002192808807691808;0.06955128208469454;0.0017540423914105198
Souffleur de verre;Verrier;0;0;0.0;A — activité attestée;"MJ128; SB174";"Contexte régional ; taille et fréquence locales proposées. Profil résidentiel rural/mixte ; jardins, cuisine, filage, corvées et milice saisonnière restent activités secondaires. chapitre régional ; profil territorial proposé Budget civil 11,00 % ; coefficient 0,000000 ; part de filière 0,000 %. Zéro proposé : Artisanat de base et réparation locale ; atelier spécialisé absent du scénario rural ordinaire. Apprentissage, atelier, combustible et outils ; titre noble ne remplace pas qualification.";0;0;0;0;0
Vitrier;Verrier;0;0;0.0;A — activité attestée;"MJ128; SB174";"Contexte régional ; taille et fréquence locales proposées. Profil résidentiel rural/mixte ; jardins, cuisine, filage, corvées et milice saisonnière restent activités secondaires. chapitre régional ; profil territorial proposé Budget civil 11,00 % ; coefficient 0,000000 ; part de filière 0,000 %. Zéro proposé : Artisanat de base et réparation locale ; atelier spécialisé absent du scénario rural ordinaire. Apprentissage, atelier, combustible et outils ; titre noble ne remplace pas qualification.";0;0;0;0;0
Opticien et fabricant de lentilles;Verrier;0;0;0.0;D — activité déduite;SB174;"Contexte régional ; taille et fréquence locales proposées. Profil résidentiel rural/mixte ; jardins, cuisine, filage, corvées et milice saisonnière restent activités secondaires. chapitre régional ; profil territorial proposé Budget civil 11,00 % ; coefficient 0,000000 ; part de filière 0,000 %. Zéro proposé : Climat, matière ou culture hors filière régionale retenue ; aucun établissement exceptionnel proposé. Apprentissage, atelier, combustible et outils ; titre noble ne remplace pas qualification.";0;0;0;0;0
Papetier;Papetier et artisan du livre;0;0;0.0;A — activité attestée;SB138;"Contexte régional ; taille et fréquence locales proposées. Profil résidentiel rural/mixte ; jardins, cuisine, filage, corvées et milice saisonnière restent activités secondaires. chapitre régional ; profil territorial proposé Budget civil 11,00 % ; coefficient 0,000000 ; part de filière 0,000 %. Zéro proposé : Artisanat de base et réparation locale ; atelier spécialisé absent du scénario rural ordinaire. Apprentissage, atelier, combustible et outils ; titre noble ne remplace pas qualification.";0;0;0;0;0
Relieur;Papetier et artisan du livre;0;0;0.0;D — activité déduite;"SB138; MJ128";"Contexte régional ; taille et fréquence locales proposées. Profil résidentiel rural/mixte ; jardins, cuisine, filage, corvées et milice saisonnière restent activités secondaires. chapitre régional ; profil territorial proposé Budget civil 11,00 % ; coefficient 0,000000 ; part de filière 0,000 %. Zéro proposé : Artisanat de base et réparation locale ; atelier spécialisé absent du scénario rural ordinaire. Apprentissage, atelier, combustible et outils ; titre noble ne remplace pas qualification.";0;0;0;0;0
Chandelier;Chandelier;0.09191533378850099;0.13617247876789798;1414.209325669876;P — activité proposée;SB98;"Contexte régional ; taille et fréquence locales proposées. Profil résidentiel rural/mixte ; jardins, cuisine, filage, corvées et milice saisonnière restent activités secondaires. chapitre régional ; profil territorial proposé Budget civil 11,00 % ; coefficient 1,250000 ; part de filière 1,283 %. Apprentissage, atelier, combustible et outils ; titre noble ne remplace pas qualification.";2.4588593346274775e-05;1.8078590408645783e-05;0.0027410110096147584;0.08693910260586817;0.00219255298926315
Peintre;Peintre;0;0;0.0;A — activité attestée;"MJ128; SB190";"Contexte régional ; taille et fréquence locales proposées. Profil résidentiel rural/mixte ; jardins, cuisine, filage, corvées et milice saisonnière restent activités secondaires. chapitre régional ; profil territorial proposé Budget civil 11,00 % ; coefficient 0,000000 ; part de filière 0,000 %. Zéro proposé : Artisanat de base et réparation locale ; atelier spécialisé absent du scénario rural ordinaire. Apprentissage, atelier, combustible et outils ; titre noble ne remplace pas qualification.";0;0;0;0;0
Fabricant d’enseignes;Peintre;0;0;0.0;A — activité attestée;"MJ128; SB190";"Contexte régional ; taille et fréquence locales proposées. Profil résidentiel rural/mixte ; jardins, cuisine, filage, corvées et milice saisonnière restent activités secondaires. chapitre régional ; profil territorial proposé Budget civil 11,00 % ; coefficient 0,000000 ; part de filière 0,000 %. Zéro proposé : Artisanat de base et réparation locale ; atelier spécialisé absent du scénario rural ordinaire. Apprentissage, atelier, combustible et outils ; titre noble ne remplace pas qualification.";0;0;0;0;0
Enlumineur;Peintre;0;0;0.0;A — activité attestée;"MJ128; SB190";"Contexte régional ; taille et fréquence locales proposées. Profil résidentiel rural/mixte ; jardins, cuisine, filage, corvées et milice saisonnière restent activités secondaires. chapitre régional ; profil territorial proposé Budget civil 11,00 % ; coefficient 0,000000 ; part de filière 0,000 %. Zéro proposé : Artisanat de base et réparation locale ; atelier spécialisé absent du scénario rural ordinaire. Apprentissage, atelier, combustible et outils ; titre noble ne remplace pas qualification.";0;0;0;0;0
Peintre de guerre spirituel;Peintre;0;0;0.0;A — activité attestée;SB193;"Contexte régional ; taille et fréquence locales proposées. Profil résidentiel rural/mixte ; jardins, cuisine, filage, corvées et milice saisonnière restent activités secondaires. chapitre régional ; profil territorial proposé Initiation de la Red Mother ou apprentissage autorisé; recette complète non librement disponible Budget civil 11,00 % ; coefficient 0,000000 ; part de filière 0,000 %. Zéro proposé : Filière régionale non retenue dans ce scénario, sans interdiction universelle. Apprentissage, atelier, combustible et outils ; titre noble ne remplace pas qualification.";0;0;0;0;0
Tatoueur rituel;Peintre;0;0;0.0;D — activité déduite;"SB200; SB204";"Contexte régional ; taille et fréquence locales proposées. Profil résidentiel rural/mixte ; jardins, cuisine, filage, corvées et milice saisonnière restent activités secondaires. chapitre régional ; profil territorial proposé Budget civil 11,00 % ; coefficient 0,000000 ; part de filière 0,000 %. Zéro proposé : Filière régionale non retenue dans ce scénario, sans interdiction universelle. Apprentissage, atelier, combustible et outils ; titre noble ne remplace pas qualification.";0;0;0;0;0
Portefaix;Transporteur terrestre;0.2570111055789474;0.38076170618162497;3954.372870437685;D — activité déduite;"MJ132; SB121";"Contexte régional ; taille et fréquence locales proposées. Profil résidentiel rural/mixte ; jardins, cuisine, filage, corvées et milice saisonnière restent activités secondaires. chapitre régional ; profil territorial proposé Budget civil 5,00 % ; coefficient 6,000000 ; part de filière 7,895 %. Réseau, itinéraires, confiance et capital ; manutention distincte de propriété du fret.";0.0005725374702340209;0.00042095415025159363;0.0057441202044588345;0.24292187764984546;0.007351616104157515
Docker;Transporteur terrestre;0;0;0.0;D — activité déduite;"MJ132; SB121";"Contexte régional ; taille et fréquence locales proposées. Profil résidentiel rural/mixte ; jardins, cuisine, filage, corvées et milice saisonnière restent activités secondaires. chapitre régional ; profil territorial proposé Budget civil 5,00 % ; coefficient 0,000000 ; part de filière 0,000 %. Zéro proposé : Petit réseau rural de transport et commerce ; aucun bureau financier/courtage spécialisé ajouté. Réseau, itinéraires, confiance et capital ; manutention distincte de propriété du fret.";0;0;0;0;0
Magasinier;Transporteur terrestre;0;0;0.0;D — activité déduite;"MJ132; SB121";"Contexte régional ; taille et fréquence locales proposées. Profil résidentiel rural/mixte ; jardins, cuisine, filage, corvées et milice saisonnière restent activités secondaires. chapitre régional ; profil territorial proposé Budget civil 5,00 % ; coefficient 0,000000 ; part de filière 0,000 %. Zéro proposé : Petit réseau rural de transport et commerce ; aucun bureau financier/courtage spécialisé ajouté. Réseau, itinéraires, confiance et capital ; manutention distincte de propriété du fret.";0;0;0;0;0
Charretier et cocher;Transporteur terrestre;0.2570111055789474;0.38076170618162497;3954.372870437685;D — activité déduite;"MJ132; SB121";"Contexte régional ; taille et fréquence locales proposées. Profil résidentiel rural/mixte ; jardins, cuisine, filage, corvées et milice saisonnière restent activités secondaires. chapitre régional ; profil territorial proposé Budget civil 5,00 % ; coefficient 6,000000 ; part de filière 7,895 %. Réseau, itinéraires, confiance et capital ; manutention distincte de propriété du fret.";0.0011158233462412138;0.0008204012714763784;0.0111947667375049;0.2367162993573644;0.007163814866360511
Chef de caravane;Transporteur terrestre;0.2570111055789474;0.38076170618162497;3954.372870437685;A — activité attestée;MJ132;"Contexte régional ; taille et fréquence locales proposées. Profil résidentiel rural/mixte ; jardins, cuisine, filage, corvées et milice saisonnière restent activités secondaires. chapitre régional ; profil territorial proposé Budget civil 5,00 % ; coefficient 6,000000 ; part de filière 7,895 %. Réseau, itinéraires, confiance et capital ; manutention distincte de propriété du fret.";0.0011158233462412138;0.0008204012714763784;0.0111947667375049;0.2367162993573644;0.007163814866360511
Coursier et messager;Transporteur terrestre;0.2570111055789474;0.38076170618162497;3954.372870437685;D — activité déduite;"MJ132; SB121";"Contexte régional ; taille et fréquence locales proposées. Profil résidentiel rural/mixte ; jardins, cuisine, filage, corvées et milice saisonnière restent activités secondaires. chapitre régional ; profil territorial proposé Budget civil 5,00 % ; coefficient 6,000000 ; part de filière 7,895 %. Réseau, itinéraires, confiance et capital ; manutention distincte de propriété du fret.";0.0011158233462412138;0.0008204012714763784;0.0111947667375049;0.2367162993573644;0.007163814866360511
Porteur d’eau;Transporteur terrestre;0;0;0.0;P — activité proposée;"MJ132; SB121";"Contexte régional ; taille et fréquence locales proposées. Profil résidentiel rural/mixte ; jardins, cuisine, filage, corvées et milice saisonnière restent activités secondaires. chapitre régional ; profil territorial proposé Budget civil 5,00 % ; coefficient 0,000000 ; part de filière 0,000 %. Zéro proposé : Petit réseau rural de transport et commerce ; aucun bureau financier/courtage spécialisé ajouté. Réseau, itinéraires, confiance et capital ; manutention distincte de propriété du fret.";0;0;0;0;0
Transporteur de canopée;Transporteur terrestre;0;0;0.0;D — activité déduite;SB154;"Contexte régional ; taille et fréquence locales proposées. Profil résidentiel rural/mixte ; jardins, cuisine, filage, corvées et milice saisonnière restent activités secondaires. chapitre régional ; profil territorial proposé Budget civil 5,00 % ; coefficient 0,000000 ; part de filière 0,000 %. Zéro proposé : Filière régionale non retenue dans ce scénario, sans interdiction universelle. Réseau, itinéraires, confiance et capital ; manutention distincte de propriété du fret.";0;0;0;0;0
Opérateur de Stone Disks;Transporteur terrestre;0;0;0.0;A — activité attestée;PG13;"Contexte régional ; taille et fréquence locales proposées. Profil résidentiel rural/mixte ; jardins, cuisine, filage, corvées et milice saisonnière restent activités secondaires. chapitre régional ; profil territorial proposé Prêtre nain de Dorsi; Formation spécialisée Budget civil 5,00 % ; coefficient 0,000000 ; part de filière 0,000 %. Zéro proposé : Filière régionale non retenue dans ce scénario, sans interdiction universelle. Réseau, itinéraires, confiance et capital ; manutention distincte de propriété du fret.";0;0;0;0;0
Palefrenier et soigneur d’écurie;Transporteur terrestre;0.2570111055789474;0.38076170618162497;3954.372870437685;D — activité déduite;SB123;"Contexte régional ; taille et fréquence locales proposées. Profil résidentiel rural/mixte ; jardins, cuisine, filage, corvées et milice saisonnière restent activités secondaires. chapitre régional ; profil territorial proposé Budget civil 5,00 % ; coefficient 6,000000 ; part de filière 7,895 %. Réseau, itinéraires, confiance et capital ; manutention distincte de propriété du fret.";0.0011158233462412138;0.0008204012714763784;0.0111947667375049;0.2367162993573644;0.007163814866360511
Marin;Marin;0.10708796065789476;0.15865071090901042;1647.6553626823688;A — activité attestée;MJ136;"Contexte régional ; taille et fréquence locales proposées. Profil résidentiel rural/mixte ; jardins, cuisine, filage, corvées et milice saisonnière restent activités secondaires. chapitre régional ; profil territorial proposé Budget civil 5,00 % ; coefficient 2,500000 ; part de filière 3,289 %. Réseau, itinéraires, confiance et capital ; manutention distincte de propriété du fret.";0.00046492639426717235;0.0003418338631151578;0.004664486140627046;0.09863179139890184;0.0029849228609835454
Navigateur;Marin;0.0428351842631579;0.06346028436360415;659.0621450729475;A — activité attestée;MJ136;"Contexte régional ; taille et fréquence locales proposées. Profil résidentiel rural/mixte ; jardins, cuisine, filage, corvées et milice saisonnière restent activités secondaires. chapitre régional ; profil territorial proposé Budget civil 5,00 % ; coefficient 1,000000 ; part de filière 1,316 %. Réseau, itinéraires, confiance et capital ; manutention distincte de propriété du fret.";0.00018597055770686887;0.00013673354524606303;0.0018657944562508163;0.03945271655956073;0.0011939691443934187
Pilote de port;Marin;0;0;0.0;D — activité déduite;MJ136;"Contexte régional ; taille et fréquence locales proposées. Profil résidentiel rural/mixte ; jardins, cuisine, filage, corvées et milice saisonnière restent activités secondaires. chapitre régional ; profil territorial proposé Budget civil 5,00 % ; coefficient 0,000000 ; part de filière 0,000 %. Zéro proposé : Petit réseau rural de transport et commerce ; aucun bureau financier/courtage spécialisé ajouté. Réseau, itinéraires, confiance et capital ; manutention distincte de propriété du fret.";0;0;0;0;0
Capitaine de navire;Marin;0;0;0.0;A — activité attestée;MJ136;"Contexte régional ; taille et fréquence locales proposées. Profil résidentiel rural/mixte ; jardins, cuisine, filage, corvées et milice saisonnière restent activités secondaires. chapitre régional ; profil territorial proposé Budget civil 5,00 % ; coefficient 0,000000 ; part de filière 0,000 %. Zéro proposé : Petit réseau rural de transport et commerce ; aucun bureau financier/courtage spécialisé ajouté. Réseau, itinéraires, confiance et capital ; manutention distincte de propriété du fret.";0;0;0;0;0
Pilote de véhicule volant;Marin;0;0;0.0;D — activité déduite;"SB142; SB174";"Contexte régional ; taille et fréquence locales proposées. Profil résidentiel rural/mixte ; jardins, cuisine, filage, corvées et milice saisonnière restent activités secondaires. chapitre régional ; profil territorial proposé Budget civil 5,00 % ; coefficient 0,000000 ; part de filière 0,000 %. Zéro proposé : Climat, matière ou culture hors filière régionale retenue ; aucun établissement exceptionnel proposé. Réseau, itinéraires, confiance et capital ; manutention distincte de propriété du fret.";0;0;0;0;0
Aubergiste;Hôte professionnel;0.0674709638134715;0.09995816811676507;1038.1082492340724;D — activité déduite;"SB110; SB123";"Contexte régional ; taille et fréquence locales proposées. Profil résidentiel rural/mixte ; jardins, cuisine, filage, corvées et milice saisonnière restent activités secondaires. chapitre régional ; profil territorial proposé Budget civil 2,00 % ; coefficient 3,000000 ; part de filière 5,181 %. Apprentissage et qualification variable ; soins avancés et thérapie magique exigent formation.";9.291694551297079e-06;1.7079132753703776e-06;0.0002071581460916821;0.06570620568662891;0.0015466003729242316
Tavernier;Hôte professionnel;0.0674709638134715;0.09995816811676507;1038.1082492340724;A — activité attestée;"SB108; SB149";"Contexte régional ; taille et fréquence locales proposées. Profil résidentiel rural/mixte ; jardins, cuisine, filage, corvées et milice saisonnière restent activités secondaires. chapitre régional ; profil territorial proposé Budget civil 2,00 % ; coefficient 3,000000 ; part de filière 5,181 %. Apprentissage et qualification variable ; soins avancés et thérapie magique exigent formation.";9.291694551297079e-06;1.7079132753703776e-06;0.0002071581460916821;0.06570620568662891;0.0015466003729242316
Barbier;Barbier;0.16867740953367877;0.24989542029191275;2595.270623085182;P — activité proposée;"MJ135; PG40";"Contexte régional ; taille et fréquence locales proposées. Profil résidentiel rural/mixte ; jardins, cuisine, filage, corvées et milice saisonnière restent activités secondaires. chapitre régional ; profil territorial proposé Budget civil 2,00 % ; coefficient 7,500000 ; part de filière 12,953 %. Apprentissage et qualification variable ; soins avancés et thérapie magique exigent formation.";2.32292363782427e-05;4.269783188425943e-06;0.0005178953652292052;0.16426551421657232;0.003866500932310579
Domestique;Employé domestique et aide familiale;0.44980642542314336;0.6663877874451006;6920.721661560484;A — activité attestée;"MJ135; PG40";"Contexte régional ; taille et fréquence locales proposées. Profil résidentiel rural/mixte ; jardins, cuisine, filage, corvées et milice saisonnière restent activités secondaires. chapitre régional ; profil territorial proposé Budget civil 2,00 % ; coefficient 20,000000 ; part de filière 34,542 %. Apprentissage et qualification variable ; soins avancés et thérapie magique exigent formation.";6.194463034198053e-05;1.1386088502469184e-05;0.0013810543072778814;0.43804137124419285;0.010310669152828208
Gardien d’enfants;Employé domestique et aide familiale;0.22490321271157168;0.3331938937225503;3460.360830780242;A — activité attestée;PG40;"Contexte régional ; taille et fréquence locales proposées. Profil résidentiel rural/mixte ; jardins, cuisine, filage, corvées et milice saisonnière restent activités secondaires. chapitre régional ; profil territorial proposé Budget civil 2,00 % ; coefficient 10,000000 ; part de filière 17,271 %. Apprentissage et qualification variable ; soins avancés et thérapie magique exigent formation.";3.0972315170990266e-05;5.693044251234592e-06;0.0006905271536389407;0.21902068562209642;0.005155334576414104
Terrassier d’hygiène urbaine;Agent d’entretien;0.044980642542314334;0.06663877874451006;692.0721661560483;P — activité proposée;SB90;"Contexte régional ; taille et fréquence locales proposées. Profil résidentiel rural/mixte ; jardins, cuisine, filage, corvées et milice saisonnière restent activités secondaires. chapitre régional ; profil territorial proposé Budget civil 2,00 % ; coefficient 2,000000 ; part de filière 3,454 %. Apprentissage et qualification variable ; soins avancés et thérapie magique exigent formation.";3.102246853826706e-06;5.702262978917003e-07;6.916453219695886e-05;0.043875069018445116;0.00103273651852054
Ramoneur;Agent d’entretien;0.044980642542314334;0.06663877874451006;692.0721661560483;P — activité proposée;SB90;"Contexte régional ; taille et fréquence locales proposées. Profil résidentiel rural/mixte ; jardins, cuisine, filage, corvées et milice saisonnière restent activités secondaires. chapitre régional ; profil territorial proposé Budget civil 2,00 % ; coefficient 2,000000 ; part de filière 3,454 %. Apprentissage et qualification variable ; soins avancés et thérapie magique exigent formation.";6.194463034198052e-06;1.1386088502469178e-06;0.00013810543072778807;0.04380413712441928;0.001031066915282821
Fossoyeur;Agent funéraire;0.013494192762694302;0.01999163362335302;207.62164984681453;A — activité attestée;"MJ135; SB99; SB182";"Contexte régional ; taille et fréquence locales proposées. Profil résidentiel rural/mixte ; jardins, cuisine, filage, corvées et milice saisonnière restent activités secondaires. chapitre régional ; profil territorial proposé Budget civil 2,00 % ; coefficient 0,600000 ; part de filière 1,036 %. Apprentissage et qualification variable ; soins avancés et thérapie magique exigent formation.";1.858338910259416e-06;3.415826550740756e-07;4.143162921833643e-05;0.013141241137325786;0.00030932007458484636
Gardien de cimetière;Agent funéraire;0.013494192762694302;0.01999163362335302;207.62164984681453;A — activité attestée;"MJ135; SB99; SB182";"Contexte régional ; taille et fréquence locales proposées. Profil résidentiel rural/mixte ; jardins, cuisine, filage, corvées et milice saisonnière restent activités secondaires. chapitre régional ; profil territorial proposé Budget civil 2,00 % ; coefficient 0,600000 ; part de filière 1,036 %. Apprentissage et qualification variable ; soins avancés et thérapie magique exigent formation.";1.858338910259416e-06;3.415826550740756e-07;4.143162921833643e-05;0.013141241137325786;0.00030932007458484636
Momificateur;Agent funéraire;0;0;0.0;A — activité attestée;SB182;"Contexte régional ; taille et fréquence locales proposées. Profil résidentiel rural/mixte ; jardins, cuisine, filage, corvées et milice saisonnière restent activités secondaires. chapitre régional ; profil territorial proposé Budget civil 2,00 % ; coefficient 0,000000 ; part de filière 0,000 %. Zéro proposé : Filière régionale non retenue dans ce scénario, sans interdiction universelle. Apprentissage et qualification variable ; soins avancés et thérapie magique exigent formation.";0;0;0;0;0
Gardien d’arbres funéraires;Agent funéraire;0;0;0.0;D — activité déduite;SB155;"Contexte régional ; taille et fréquence locales proposées. Profil résidentiel rural/mixte ; jardins, cuisine, filage, corvées et milice saisonnière restent activités secondaires. chapitre régional ; profil territorial proposé Budget civil 2,00 % ; coefficient 0,000000 ; part de filière 0,000 %. Zéro proposé : Filière régionale non retenue dans ce scénario, sans interdiction universelle. Apprentissage et qualification variable ; soins avancés et thérapie magique exigent formation.";0;0;0;0;0
Marchand;Marchand;1.204739557401316;1.7848204977263673;18536.122830176646;A — activité attestée;"MJ128; SB139";"Contexte régional ; taille et fréquence locales proposées. Profil résidentiel rural/mixte ; jardins, cuisine, filage, corvées et milice saisonnière restent activités secondaires. chapitre régional ; profil territorial proposé Budget civil 5,00 % ; coefficient 28,125000 ; part de filière 37,007 %. Réseau, itinéraires, confiance et capital ; manutention distincte de propriété du fret.";0.0052304219355056875;0.0038456309600455245;0.052475469082054235;1.1096076532376458;0.03358038218606489
Colporteur;Marchand;0.4818958229605263;0.7139281990905467;7414.4491320706575;A — activité attestée;SB121;"Contexte régional ; taille et fréquence locales proposées. Profil résidentiel rural/mixte ; jardins, cuisine, filage, corvées et milice saisonnière restent activités secondaires. chapitre régional ; profil territorial proposé Budget civil 5,00 % ; coefficient 11,250000 ; part de filière 14,803 %. Réseau, itinéraires, confiance et capital ; manutention distincte de propriété du fret.";0.0020921687742022745;0.0015382523840182087;0.020990187632821684;0.4438430612950582;0.013432152874425951
Courtier;Marchand;0;0;0.0;A — activité attestée;SB149;"Contexte régional ; taille et fréquence locales proposées. Profil résidentiel rural/mixte ; jardins, cuisine, filage, corvées et milice saisonnière restent activités secondaires. chapitre régional ; profil territorial proposé Budget civil 5,00 % ; coefficient 0,000000 ; part de filière 0,000 %. Zéro proposé : Petit réseau rural de transport et commerce ; aucun bureau financier/courtage spécialisé ajouté. Réseau, itinéraires, confiance et capital ; manutention distincte de propriété du fret.";0;0;0;0;0
Commissaire-priseur d’objets magiques;Marchand;0;0;0.0;A — activité attestée;SB139;"Contexte régional ; taille et fréquence locales proposées. Profil résidentiel rural/mixte ; jardins, cuisine, filage, corvées et milice saisonnière restent activités secondaires. chapitre régional ; profil territorial proposé Budget civil 5,00 % ; coefficient 0,000000 ; part de filière 0,000 %. Zéro proposé : Filière régionale non retenue dans ce scénario, sans interdiction universelle. Réseau, itinéraires, confiance et capital ; manutention distincte de propriété du fret.";0;0;0;0;0
Comptable;Professionnel de finance;0.13385995082236843;0.19831338863626297;2059.569203352961;D — activité déduite;"SB212; SB213";"Contexte régional ; taille et fréquence locales proposées. Profil résidentiel rural/mixte ; jardins, cuisine, filage, corvées et milice saisonnière restent activités secondaires. chapitre régional ; profil territorial proposé Budget civil 5,00 % ; coefficient 3,125000 ; part de filière 4,112 %. Réseau, itinéraires, confiance et capital ; manutention distincte de propriété du fret.";0.0005811579928339652;0.0004272923288939468;0.005830607675783801;0.12328973924862728;0.0037311535762294297
Banquier et employé de banque;Professionnel de finance;0;0;0.0;A — activité attestée;"SB212; SB213";"Contexte régional ; taille et fréquence locales proposées. Profil résidentiel rural/mixte ; jardins, cuisine, filage, corvées et milice saisonnière restent activités secondaires. chapitre régional ; profil territorial proposé Budget civil 5,00 % ; coefficient 0,000000 ; part de filière 0,000 %. Zéro proposé : Petit réseau rural de transport et commerce ; aucun bureau financier/courtage spécialisé ajouté. Réseau, itinéraires, confiance et capital ; manutention distincte de propriété du fret.";0;0;0;0;0
Usurier et prêteur sur gages;Professionnel de finance;0;0;0.0;D — activité déduite;"SB212; SB213";"Contexte régional ; taille et fréquence locales proposées. Profil résidentiel rural/mixte ; jardins, cuisine, filage, corvées et milice saisonnière restent activités secondaires. chapitre régional ; profil territorial proposé Budget civil 5,00 % ; coefficient 0,000000 ; part de filière 0,000 %. Zéro proposé : Petit réseau rural de transport et commerce ; aucun bureau financier/courtage spécialisé ajouté. Réseau, itinéraires, confiance et capital ; manutention distincte de propriété du fret.";0;0;0;0;0
Changeur;Professionnel de finance;0;0;0.0;D — activité déduite;"SB212; SB213";"Contexte régional ; taille et fréquence locales proposées. Profil résidentiel rural/mixte ; jardins, cuisine, filage, corvées et milice saisonnière restent activités secondaires. chapitre régional ; profil territorial proposé Budget civil 5,00 % ; coefficient 0,000000 ; part de filière 0,000 %. Zéro proposé : Petit réseau rural de transport et commerce ; aucun bureau financier/courtage spécialisé ajouté. Réseau, itinéraires, confiance et capital ; manutention distincte de propriété du fret.";0;0;0;0;0
Assureur;Professionnel de finance;0;0;0.0;D — activité déduite;"SB212; SB213";"Contexte régional ; taille et fréquence locales proposées. Profil résidentiel rural/mixte ; jardins, cuisine, filage, corvées et milice saisonnière restent activités secondaires. chapitre régional ; profil territorial proposé Budget civil 5,00 % ; coefficient 0,000000 ; part de filière 0,000 %. Zéro proposé : Petit réseau rural de transport et commerce ; aucun bureau financier/courtage spécialisé ajouté. Réseau, itinéraires, confiance et capital ; manutention distincte de propriété du fret.";0;0;0;0;0
Estimateur;Professionnel de finance;0;0;0.0;A — activité attestée;"SB212; SB213";"Contexte régional ; taille et fréquence locales proposées. Profil résidentiel rural/mixte ; jardins, cuisine, filage, corvées et milice saisonnière restent activités secondaires. chapitre régional ; profil territorial proposé Budget civil 5,00 % ; coefficient 0,000000 ; part de filière 0,000 %. Zéro proposé : Petit réseau rural de transport et commerce ; aucun bureau financier/courtage spécialisé ajouté. Réseau, itinéraires, confiance et capital ; manutention distincte de propriété du fret.";0;0;0;0;0
Négociateur;Professionnel de finance;0;0;0.0;A — activité attestée;"SB212; SB213";"Contexte régional ; taille et fréquence locales proposées. Profil résidentiel rural/mixte ; jardins, cuisine, filage, corvées et milice saisonnière restent activités secondaires. chapitre régional ; profil territorial proposé Budget civil 5,00 % ; coefficient 0,000000 ; part de filière 0,000 %. Zéro proposé : Petit réseau rural de transport et commerce ; aucun bureau financier/courtage spécialisé ajouté. Réseau, itinéraires, confiance et capital ; manutention distincte de propriété du fret.";0;0;0;0;0
Scribe;Scribe et auteur;0.08768953546127946;0.12991196260293375;1349.1911926072457;A — activité attestée;"MJ128; SB32";"Contexte régional ; taille et fréquence locales proposées. Profil résidentiel rural/mixte ; jardins, cuisine, filage, corvées et milice saisonnière restent activités secondaires. chapitre régional ; profil territorial proposé Budget civil 2,00 % ; coefficient 2,000000 ; part de filière 6,734 %. Instruction, autorisation ou initiation ; clergé, caste et office ne rendent pas noble.";0.003016756852641195;0.000554512317289983;0.0037832925550953414;0.07999872029741294;0.0003362534388399975
Calligraphe;Scribe et auteur;0;0;0.0;A — activité attestée;"MJ128; SB32";"Contexte régional ; taille et fréquence locales proposées. Profil résidentiel rural/mixte ; jardins, cuisine, filage, corvées et milice saisonnière restent activités secondaires. chapitre régional ; profil territorial proposé Budget civil 2,00 % ; coefficient 0,000000 ; part de filière 0,000 %. Zéro proposé : Fonction spécialisée concentrée dans les villes/institutions ; instruction et rites ruraux courants conservés. Instruction, autorisation ou initiation ; clergé, caste et office ne rendent pas noble.";0;0;0;0;0
Écrivain;Scribe et auteur;0;0;0.0;A — activité attestée;"MJ128; SB32";"Contexte régional ; taille et fréquence locales proposées. Profil résidentiel rural/mixte ; jardins, cuisine, filage, corvées et milice saisonnière restent activités secondaires. chapitre régional ; profil territorial proposé Budget civil 0,50 % ; coefficient 0,000000 ; part de filière 0,000 %. Zéro proposé : Spécialité avancée non installée dans le profil rural ordinaire : apprentissage, matériel et clientèle insuffisamment établis. Long apprentissage, frais, bourses, talent, licence ou secret ; titre ne donne pas maîtrise.";0;0;0;0;0
Journaliste et rédacteur;Scribe et auteur;0;0;0.0;A — activité attestée;CC9;"Contexte régional ; taille et fréquence locales proposées. Profil résidentiel rural/mixte ; jardins, cuisine, filage, corvées et milice saisonnière restent activités secondaires. chapitre régional ; profil territorial proposé Budget civil 0,50 % ; coefficient 0,000000 ; part de filière 0,000 %. Zéro proposé : Spécialité avancée non installée dans le profil rural ordinaire : apprentissage, matériel et clientèle insuffisamment établis. Long apprentissage, frais, bourses, talent, licence ou secret ; titre ne donne pas maîtrise.";0;0;0;0;0
Traducteur;Scribe et auteur;0;0;0.0;D — activité déduite;SB198;"Contexte régional ; taille et fréquence locales proposées. Profil résidentiel rural/mixte ; jardins, cuisine, filage, corvées et milice saisonnière restent activités secondaires. chapitre régional ; profil territorial proposé Budget civil 2,00 % ; coefficient 0,000000 ; part de filière 0,000 %. Zéro proposé : Fonction spécialisée concentrée dans les villes/institutions ; instruction et rites ruraux courants conservés. Instruction, autorisation ou initiation ; clergé, caste et office ne rendent pas noble.";0;0;0;0;0
Bibliothécaire;Érudit;0;0;0.0;A — activité attestée;MJ138;"Contexte régional ; taille et fréquence locales proposées. Profil résidentiel rural/mixte ; jardins, cuisine, filage, corvées et milice saisonnière restent activités secondaires. chapitre régional ; profil territorial proposé Budget civil 2,00 % ; coefficient 0,000000 ; part de filière 0,000 %. Zéro proposé : Fonction spécialisée concentrée dans les villes/institutions ; instruction et rites ruraux courants conservés. Instruction, autorisation ou initiation ; clergé, caste et office ne rendent pas noble.";0;0;0;0;0
Conservateur de musée;Érudit;0;0;0.0;A — activité attestée;PG48;"Contexte régional ; taille et fréquence locales proposées. Profil résidentiel rural/mixte ; jardins, cuisine, filage, corvées et milice saisonnière restent activités secondaires. chapitre régional ; profil territorial proposé Budget civil 2,00 % ; coefficient 0,000000 ; part de filière 0,000 %. Zéro proposé : Fonction spécialisée concentrée dans les villes/institutions ; instruction et rites ruraux courants conservés. Instruction, autorisation ou initiation ; clergé, caste et office ne rendent pas noble.";0;0;0;0;0
Historien;Érudit;0;0;0.0;A — activité attestée;PG46;"Contexte régional ; taille et fréquence locales proposées. Profil résidentiel rural/mixte ; jardins, cuisine, filage, corvées et milice saisonnière restent activités secondaires. chapitre régional ; profil territorial proposé Budget civil 0,50 % ; coefficient 0,000000 ; part de filière 0,000 %. Zéro proposé : Spécialité avancée non installée dans le profil rural ordinaire : apprentissage, matériel et clientèle insuffisamment établis. Long apprentissage, frais, bourses, talent, licence ou secret ; titre ne donne pas maîtrise.";0;0;0;0;0
Astronome;Érudit;0;0;0.0;A — activité attestée;MJ138;"Contexte régional ; taille et fréquence locales proposées. Profil résidentiel rural/mixte ; jardins, cuisine, filage, corvées et milice saisonnière restent activités secondaires. chapitre régional ; profil territorial proposé Budget civil 0,50 % ; coefficient 0,000000 ; part de filière 0,000 %. Zéro proposé : Spécialité avancée non installée dans le profil rural ordinaire : apprentissage, matériel et clientèle insuffisamment établis. Long apprentissage, frais, bourses, talent, licence ou secret ; titre ne donne pas maîtrise.";0;0;0;0;0
Chercheur non arcanique;Érudit;0;0;0.0;A — activité attestée;"MJ138; PG46";"Contexte régional ; taille et fréquence locales proposées. Profil résidentiel rural/mixte ; jardins, cuisine, filage, corvées et milice saisonnière restent activités secondaires. chapitre régional ; profil territorial proposé Budget civil 0,50 % ; coefficient 0,000000 ; part de filière 0,000 %. Zéro proposé : Spécialité avancée non installée dans le profil rural ordinaire : apprentissage, matériel et clientèle insuffisamment établis. Long apprentissage, frais, bourses, talent, licence ou secret ; titre ne donne pas maîtrise.";0;0;0;0;0
Mathématicien;Érudit;0;0;0.0;A — activité attestée;SB174;"Contexte régional ; taille et fréquence locales proposées. Profil résidentiel rural/mixte ; jardins, cuisine, filage, corvées et milice saisonnière restent activités secondaires. chapitre régional ; profil territorial proposé Budget civil 0,50 % ; coefficient 0,000000 ; part de filière 0,000 %. Zéro proposé : Spécialité avancée non installée dans le profil rural ordinaire : apprentissage, matériel et clientèle insuffisamment établis. Long apprentissage, frais, bourses, talent, licence ou secret ; titre ne donne pas maîtrise.";0;0;0;0;0
Philosophe;Érudit;0;0;0.0;A — activité attestée;SB178;"Contexte régional ; taille et fréquence locales proposées. Profil résidentiel rural/mixte ; jardins, cuisine, filage, corvées et milice saisonnière restent activités secondaires. chapitre régional ; profil territorial proposé Budget civil 0,50 % ; coefficient 0,000000 ; part de filière 0,000 %. Zéro proposé : Spécialité avancée non installée dans le profil rural ordinaire : apprentissage, matériel et clientèle insuffisamment établis. Long apprentissage, frais, bourses, talent, licence ou secret ; titre ne donne pas maîtrise.";0;0;0;0;0
Archéologue;Érudit;0;0;0.0;D — activité déduite;PG48;"Contexte régional ; taille et fréquence locales proposées. Profil résidentiel rural/mixte ; jardins, cuisine, filage, corvées et milice saisonnière restent activités secondaires. chapitre régional ; profil territorial proposé Budget civil 0,50 % ; coefficient 0,000000 ; part de filière 0,000 %. Zéro proposé : Spécialité avancée non installée dans le profil rural ordinaire : apprentissage, matériel et clientèle insuffisamment établis. Long apprentissage, frais, bourses, talent, licence ou secret ; titre ne donne pas maîtrise.";0;0;0;0;0
Professeur;Enseignant;0.07453610514208754;0.1104251682124937;1146.812513716159;A — activité attestée;"MJ138; SB141";"Contexte régional ; taille et fréquence locales proposées. Profil résidentiel rural/mixte ; jardins, cuisine, filage, corvées et milice saisonnière restent activités secondaires. chapitre régional ; profil territorial proposé Budget civil 2,00 % ; coefficient 1,700000 ; part de filière 5,724 %. Instruction, autorisation ou initiation ; clergé, caste et office ne rendent pas noble.";0.0025642433247450155;0.0004713354696964857;0.00321579867183104;0.067998912252801;0.00028581542301399794
Enseignant de magie arcanique;Enseignant;0;0;0.0;A — activité attestée;SB141;"Contexte régional ; taille et fréquence locales proposées. Profil résidentiel rural/mixte ; jardins, cuisine, filage, corvées et milice saisonnière restent activités secondaires. chapitre régional ; profil territorial proposé Budget civil 0,50 % ; coefficient 0,000000 ; part de filière 0,000 %. Zéro proposé : Spécialité avancée non installée dans le profil rural ordinaire : apprentissage, matériel et clientèle insuffisamment établis. Long apprentissage, frais, bourses, talent, licence ou secret ; titre ne donne pas maîtrise.";0;0;0;0;0
Instructeur martial;Enseignant;0;0;0.0;A — activité attestée;SB94;"Contexte régional ; taille et fréquence locales proposées. Profil résidentiel rural/mixte ; jardins, cuisine, filage, corvées et milice saisonnière restent activités secondaires. chapitre régional ; profil territorial proposé Budget civil 2,00 % ; coefficient 0,000000 ; part de filière 0,000 %. Zéro proposé : Technique de site, institution, secret ou habilitation concentrée dans les implantations autorisées du scénario. Instruction, autorisation ou initiation ; clergé, caste et office ne rendent pas noble.";0;0;0;0;0
Formateur de tir à l’arc;Enseignant;0;0;0.0;A — activité attestée;SB155;"Contexte régional ; taille et fréquence locales proposées. Profil résidentiel rural/mixte ; jardins, cuisine, filage, corvées et milice saisonnière restent activités secondaires. chapitre régional ; profil territorial proposé Budget civil 2,00 % ; coefficient 0,000000 ; part de filière 0,000 %. Zéro proposé : Technique de site, institution, secret ou habilitation concentrée dans les implantations autorisées du scénario. Instruction, autorisation ou initiation ; clergé, caste et office ne rendent pas noble.";0;0;0;0;0
Ingénieur;Ingénieur;0;0;0.0;A — activité attestée;SB174;"Contexte régional ; taille et fréquence locales proposées. Profil résidentiel rural/mixte ; jardins, cuisine, filage, corvées et milice saisonnière restent activités secondaires. chapitre régional ; profil territorial proposé Budget civil 0,50 % ; coefficient 0,000000 ; part de filière 0,000 %. Zéro proposé : Spécialité avancée non installée dans le profil rural ordinaire : apprentissage, matériel et clientèle insuffisamment établis. Long apprentissage, frais, bourses, talent, licence ou secret ; titre ne donne pas maîtrise.";0;0;0;0;0
Inventeur;Ingénieur;0;0;0.0;A — activité attestée;SB178;"Contexte régional ; taille et fréquence locales proposées. Profil résidentiel rural/mixte ; jardins, cuisine, filage, corvées et milice saisonnière restent activités secondaires. chapitre régional ; profil territorial proposé Budget civil 0,50 % ; coefficient 0,000000 ; part de filière 0,000 %. Zéro proposé : Spécialité avancée non installée dans le profil rural ordinaire : apprentissage, matériel et clientèle insuffisamment établis. Long apprentissage, frais, bourses, talent, licence ou secret ; titre ne donne pas maîtrise.";0;0;0;0;0
Ingénieur mystique;Ingénieur;0;0;0.0;A — activité attestée;SB174;"Contexte régional ; taille et fréquence locales proposées. Profil résidentiel rural/mixte ; jardins, cuisine, filage, corvées et milice saisonnière restent activités secondaires. chapitre régional ; profil territorial proposé Budget civil 0,50 % ; coefficient 0,000000 ; part de filière 0,000 %. Zéro proposé : Spécialité avancée non installée dans le profil rural ordinaire : apprentissage, matériel et clientèle insuffisamment établis. Long apprentissage, frais, bourses, talent, licence ou secret ; titre ne donne pas maîtrise.";0;0;0;0;0
Créateur et mainteneur de golems;Ingénieur;0;0;0.0;D — activité déduite;SB174;"Contexte régional ; taille et fréquence locales proposées. Profil résidentiel rural/mixte ; jardins, cuisine, filage, corvées et milice saisonnière restent activités secondaires. chapitre régional ; profil territorial proposé Budget civil 0,50 % ; coefficient 0,000000 ; part de filière 0,000 %. Zéro proposé : Spécialité avancée non installée dans le profil rural ordinaire : apprentissage, matériel et clientèle insuffisamment établis. Long apprentissage, frais, bourses, talent, licence ou secret ; titre ne donne pas maîtrise.";0;0;0;0;0
Chercheur en golems;Ingénieur;0;0;0.0;A — activité attestée;SB178;"Contexte régional ; taille et fréquence locales proposées. Profil résidentiel rural/mixte ; jardins, cuisine, filage, corvées et milice saisonnière restent activités secondaires. chapitre régional ; profil territorial proposé Budget civil 0,50 % ; coefficient 0,000000 ; part de filière 0,000 %. Zéro proposé : Spécialité avancée non installée dans le profil rural ordinaire : apprentissage, matériel et clientèle insuffisamment établis. Long apprentissage, frais, bourses, talent, licence ou secret ; titre ne donne pas maîtrise.";0;0;0;0;0
Ingénieur de réacteurs de bauronite;Ingénieur;0;0;0.0;D — activité déduite;SB174;"Contexte régional ; taille et fréquence locales proposées. Profil résidentiel rural/mixte ; jardins, cuisine, filage, corvées et milice saisonnière restent activités secondaires. chapitre régional ; profil territorial proposé Accès aux secrets des réacteurs; savoir détenu par un petit nombre Budget civil 0,50 % ; coefficient 0,000000 ; part de filière 0,000 %. Zéro proposé : Filière régionale non retenue dans ce scénario, sans interdiction universelle. Long apprentissage, frais, bourses, talent, licence ou secret ; titre ne donne pas maîtrise.";0;0;0;0;0
Technicien de communication runique;Ingénieur;0;0;0.0;D — activité déduite;SB174;"Contexte régional ; taille et fréquence locales proposées. Profil résidentiel rural/mixte ; jardins, cuisine, filage, corvées et milice saisonnière restent activités secondaires. chapitre régional ; profil territorial proposé Budget civil 0,50 % ; coefficient 0,000000 ; part de filière 0,000 %. Zéro proposé : Filière régionale non retenue dans ce scénario, sans interdiction universelle. Long apprentissage, frais, bourses, talent, licence ou secret ; titre ne donne pas maîtrise.";0;0;0;0;0
Chercheur en magie;Praticien des services arcaniques;0;0;0.0;A — activité attestée;"SB138; SB139";"Contexte régional ; taille et fréquence locales proposées. Profil résidentiel rural/mixte ; jardins, cuisine, filage, corvées et milice saisonnière restent activités secondaires. chapitre régional ; profil territorial proposé Budget civil 0,50 % ; coefficient 0,000000 ; part de filière 0,000 %. Zéro proposé : Spécialité avancée non installée dans le profil rural ordinaire : apprentissage, matériel et clientèle insuffisamment établis. Long apprentissage, frais, bourses, talent, licence ou secret ; titre ne donne pas maîtrise.";0;0;0;0;0
Fabricant d’objets magiques;Praticien des services arcaniques;0;0;0.0;A — activité attestée;SB138;"Contexte régional ; taille et fréquence locales proposées. Profil résidentiel rural/mixte ; jardins, cuisine, filage, corvées et milice saisonnière restent activités secondaires. chapitre régional ; profil territorial proposé Budget civil 0,50 % ; coefficient 0,000000 ; part de filière 0,000 %. Zéro proposé : Spécialité avancée non installée dans le profil rural ordinaire : apprentissage, matériel et clientèle insuffisamment établis. Long apprentissage, frais, bourses, talent, licence ou secret ; titre ne donne pas maîtrise.";0;0;0;0;0
Fabricant de parchemins magiques;Praticien des services arcaniques;0;0;0.0;A — activité attestée;SB138;"Contexte régional ; taille et fréquence locales proposées. Profil résidentiel rural/mixte ; jardins, cuisine, filage, corvées et milice saisonnière restent activités secondaires. chapitre régional ; profil territorial proposé Budget civil 0,50 % ; coefficient 0,000000 ; part de filière 0,000 %. Zéro proposé : Spécialité avancée non installée dans le profil rural ordinaire : apprentissage, matériel et clientèle insuffisamment établis. Long apprentissage, frais, bourses, talent, licence ou secret ; titre ne donne pas maîtrise.";0;0;0;0;0
Nécromancien de service;Praticien des services arcaniques;0;0;0.0;D — activité déduite;"SB108; SB170";"Contexte régional ; taille et fréquence locales proposées. Profil résidentiel rural/mixte ; jardins, cuisine, filage, corvées et milice saisonnière restent activités secondaires. chapitre régional ; profil territorial proposé Budget civil 0,50 % ; coefficient 0,000000 ; part de filière 0,000 %. Zéro proposé : Spécialité avancée non installée dans le profil rural ordinaire : apprentissage, matériel et clientèle insuffisamment établis. Long apprentissage, frais, bourses, talent, licence ou secret ; titre ne donne pas maîtrise.";0;0;0;0;0
Illusionniste de service;Praticien des services arcaniques;0;0;0.0;D — activité déduite;"SB107; SB142";"Contexte régional ; taille et fréquence locales proposées. Profil résidentiel rural/mixte ; jardins, cuisine, filage, corvées et milice saisonnière restent activités secondaires. chapitre régional ; profil territorial proposé Budget civil 0,50 % ; coefficient 0,000000 ; part de filière 0,000 %. Zéro proposé : Spécialité avancée non installée dans le profil rural ordinaire : apprentissage, matériel et clientèle insuffisamment établis. Long apprentissage, frais, bourses, talent, licence ou secret ; titre ne donne pas maîtrise.";0;0;0;0;0
Chercheur en aethermancy;Praticien des services arcaniques;0;0;0.0;A — activité attestée;SB140;"Contexte régional ; taille et fréquence locales proposées. Profil résidentiel rural/mixte ; jardins, cuisine, filage, corvées et milice saisonnière restent activités secondaires. chapitre régional ; profil territorial proposé Budget civil 0,50 % ; coefficient 0,000000 ; part de filière 0,000 %. Zéro proposé : Filière régionale non retenue dans ce scénario, sans interdiction universelle. Long apprentissage, frais, bourses, talent, licence ou secret ; titre ne donne pas maîtrise.";0;0;0;0;0
Chercheur en biomancy;Praticien des services arcaniques;0;0;0.0;A — activité attestée;SB140;"Contexte régional ; taille et fréquence locales proposées. Profil résidentiel rural/mixte ; jardins, cuisine, filage, corvées et milice saisonnière restent activités secondaires. chapitre régional ; profil territorial proposé Budget civil 0,50 % ; coefficient 0,000000 ; part de filière 0,000 %. Zéro proposé : Filière régionale non retenue dans ce scénario, sans interdiction universelle. Long apprentissage, frais, bourses, talent, licence ou secret ; titre ne donne pas maîtrise.";0;0;0;0;0
Désenchanteur et récupérateur arcanique;Praticien des services arcaniques;0;0;0.0;A — activité attestée;SB139;"Contexte régional ; taille et fréquence locales proposées. Profil résidentiel rural/mixte ; jardins, cuisine, filage, corvées et milice saisonnière restent activités secondaires. chapitre régional ; profil territorial proposé Budget civil 0,50 % ; coefficient 0,000000 ; part de filière 0,000 %. Zéro proposé : Filière régionale non retenue dans ce scénario, sans interdiction universelle. Long apprentissage, frais, bourses, talent, licence ou secret ; titre ne donne pas maîtrise.";0;0;0;0;0
Extracteur de mémoire;Praticien des services arcaniques;0;0;0.0;A — activité attestée;SB140;"Contexte régional ; taille et fréquence locales proposées. Profil résidentiel rural/mixte ; jardins, cuisine, filage, corvées et milice saisonnière restent activités secondaires. chapitre régional ; profil territorial proposé Budget civil 0,50 % ; coefficient 0,000000 ; part de filière 0,000 %. Zéro proposé : Filière régionale non retenue dans ce scénario, sans interdiction universelle. Long apprentissage, frais, bourses, talent, licence ou secret ; titre ne donne pas maîtrise.";0;0;0;0;0
Certificateur et inspecteur arcanique;Praticien des services arcaniques;0;0;0.0;A — activité attestée;SB139;"Contexte régional ; taille et fréquence locales proposées. Profil résidentiel rural/mixte ; jardins, cuisine, filage, corvées et milice saisonnière restent activités secondaires. chapitre régional ; profil territorial proposé Budget civil 0,50 % ; coefficient 0,000000 ; part de filière 0,000 %. Zéro proposé : Filière régionale non retenue dans ce scénario, sans interdiction universelle. Long apprentissage, frais, bourses, talent, licence ou secret ; titre ne donne pas maîtrise.";0;0;0;0;0
Opérateur de transport magique;Praticien des services arcaniques;0;0;0.0;D — activité déduite;SB142;"Contexte régional ; taille et fréquence locales proposées. Profil résidentiel rural/mixte ; jardins, cuisine, filage, corvées et milice saisonnière restent activités secondaires. chapitre régional ; profil territorial proposé Budget civil 0,50 % ; coefficient 0,000000 ; part de filière 0,000 %. Zéro proposé : Spécialité avancée non installée dans le profil rural ordinaire : apprentissage, matériel et clientèle insuffisamment établis. Long apprentissage, frais, bourses, talent, licence ou secret ; titre ne donne pas maîtrise.";0;0;0;0;0
Restaurateur de runes de tunnels;Praticien des services arcaniques;0;0;0.0;A — activité attestée;SB161;"Contexte régional ; taille et fréquence locales proposées. Profil résidentiel rural/mixte ; jardins, cuisine, filage, corvées et milice saisonnière restent activités secondaires. chapitre régional ; profil territorial proposé Budget civil 0,50 % ; coefficient 0,000000 ; part de filière 0,000 %. Zéro proposé : Filière régionale non retenue dans ce scénario, sans interdiction universelle. Long apprentissage, frais, bourses, talent, licence ou secret ; titre ne donne pas maîtrise.";0;0;0;0;0
Artificier psychique;Praticien des services arcaniques;0;0;0.0;A — activité attestée;PG8;"Contexte régional ; taille et fréquence locales proposées. Profil résidentiel rural/mixte ; jardins, cuisine, filage, corvées et milice saisonnière restent activités secondaires. chapitre régional ; profil territorial proposé Budget civil 0,50 % ; coefficient 0,000000 ; part de filière 0,000 %. Zéro proposé : Filière régionale non retenue dans ce scénario, sans interdiction universelle. Long apprentissage, frais, bourses, talent, licence ou secret ; titre ne donne pas maîtrise.";0;0;0;0;0
Guérisseur;Soigneur;0.03823354616096719;0.05664296193283356;588.2613412326413;A — activité attestée;"MJ141; PG36";"Contexte régional ; taille et fréquence locales proposées. Profil résidentiel rural/mixte ; jardins, cuisine, filage, corvées et milice saisonnière restent activités secondaires. chapitre régional ; profil territorial proposé Budget civil 2,00 % ; coefficient 1,700000 ; part de filière 2,936 %. Apprentissage et qualification variable ; soins avancés et thérapie magique exigent formation.";5.265293579068347e-06;9.678175227098804e-07;0.00011738961611861989;0.037233516555756394;0.000876406877990398
Chirurgien;Soigneur;0;0;0.0;P — activité proposée;"MJ141; PG36";"Contexte régional ; taille et fréquence locales proposées. Profil résidentiel rural/mixte ; jardins, cuisine, filage, corvées et milice saisonnière restent activités secondaires. chapitre régional ; profil territorial proposé Budget civil 2,00 % ; coefficient 0,000000 ; part de filière 0,000 %. Zéro proposé : Expert de site raréfié dans les villages ; aucune implantation spécifique définie. Apprentissage et qualification variable ; soins avancés et thérapie magique exigent formation.";0;0;0;0;0
Praticien de psychosurgery;Soigneur;0;0;0.0;D — activité déduite;SB94;"Contexte régional ; taille et fréquence locales proposées. Profil résidentiel rural/mixte ; jardins, cuisine, filage, corvées et milice saisonnière restent activités secondaires. chapitre régional ; profil territorial proposé Budget civil 2,00 % ; coefficient 0,000000 ; part de filière 0,000 %. Zéro proposé : Technique de site, institution, secret ou habilitation concentrée dans les implantations autorisées du scénario. Apprentissage et qualification variable ; soins avancés et thérapie magique exigent formation.";0;0;0;0;0
Opérateur de thérapie onirique;Soigneur;0;0;0.0;D — activité déduite;"SB141; SB228";"Contexte régional ; taille et fréquence locales proposées. Profil résidentiel rural/mixte ; jardins, cuisine, filage, corvées et milice saisonnière restent activités secondaires. chapitre régional ; profil territorial proposé Budget civil 2,00 % ; coefficient 0,000000 ; part de filière 0,000 %. Zéro proposé : Technique de site, institution, secret ou habilitation concentrée dans les implantations autorisées du scénario. Apprentissage et qualification variable ; soins avancés et thérapie magique exigent formation.";0;0;0;0;0
Prêtre et officiant;Officiant religieux;0.08768953546127946;0.12991196260293375;1349.1911926072457;A — activité attestée;"MJ127; SB182";"Contexte régional ; taille et fréquence locales proposées. Profil résidentiel rural/mixte ; jardins, cuisine, filage, corvées et milice saisonnière restent activités secondaires. chapitre régional ; profil territorial proposé Budget civil 2,00 % ; coefficient 2,000000 ; part de filière 6,734 %. Instruction, autorisation ou initiation ; clergé, caste et office ne rendent pas noble.";0.003016756852641195;0.000554512317289983;0.0037832925550953414;0.07999872029741294;0.0003362534388399975
Acolyte;Officiant religieux;0.08768953546127946;0.12991196260293375;1349.1911926072457;A — activité attestée;"MJ127; SB182";"Contexte régional ; taille et fréquence locales proposées. Profil résidentiel rural/mixte ; jardins, cuisine, filage, corvées et milice saisonnière restent activités secondaires. chapitre régional ; profil territorial proposé Budget civil 2,00 % ; coefficient 2,000000 ; part de filière 6,734 %. Instruction, autorisation ou initiation ; clergé, caste et office ne rendent pas noble.";0.003016756852641195;0.000554512317289983;0.0037832925550953414;0.07999872029741294;0.0003362534388399975
Shaman;Officiant religieux;0.08768953546127946;0.12991196260293375;1349.1911926072457;A — activité attestée;"SB129; SB191";"Contexte régional ; taille et fréquence locales proposées. Profil résidentiel rural/mixte ; jardins, cuisine, filage, corvées et milice saisonnière restent activités secondaires. chapitre régional ; profil territorial proposé Budget civil 2,00 % ; coefficient 2,000000 ; part de filière 6,734 %. Instruction, autorisation ou initiation ; clergé, caste et office ne rendent pas noble.";0.003016756852641195;0.000554512317289983;0.0037832925550953414;0.07999872029741294;0.0003362534388399975
Sugenja;Officiant religieux;0;0;0.0;A — activité attestée;SB198;"Contexte régional ; taille et fréquence locales proposées. Profil résidentiel rural/mixte ; jardins, cuisine, filage, corvées et milice saisonnière restent activités secondaires. chapitre régional ; profil territorial proposé Budget civil 2,00 % ; coefficient 0,000000 ; part de filière 0,000 %. Zéro proposé : Filière régionale non retenue dans ce scénario, sans interdiction universelle. Instruction, autorisation ou initiation ; clergé, caste et office ne rendent pas noble.";0;0;0;0;0
Gardien et officiant druidique;Officiant religieux;0.08768953546127946;0.12991196260293375;1349.1911926072457;A — activité attestée;SB153;"Contexte régional ; taille et fréquence locales proposées. Profil résidentiel rural/mixte ; jardins, cuisine, filage, corvées et milice saisonnière restent activités secondaires. chapitre régional ; profil territorial proposé Budget civil 2,00 % ; coefficient 2,000000 ; part de filière 6,734 %. Instruction, autorisation ou initiation ; clergé, caste et office ne rendent pas noble.";0.003016756852641195;0.000554512317289983;0.0037832925550953414;0.07999872029741294;0.0003362534388399975
Gardien-purificateur de Mother Tree;Officiant religieux;0;0;0.0;A — activité attestée;SB153;"Contexte régional ; taille et fréquence locales proposées. Profil résidentiel rural/mixte ; jardins, cuisine, filage, corvées et milice saisonnière restent activités secondaires. chapitre régional ; profil territorial proposé Budget civil 2,00 % ; coefficient 0,000000 ; part de filière 0,000 %. Zéro proposé : Filière régionale non retenue dans ce scénario, sans interdiction universelle. Instruction, autorisation ou initiation ; clergé, caste et office ne rendent pas noble.";0;0;0;0;0
Officiant des rites Ba-Akhu;Officiant religieux;0;0;0.0;A — activité attestée;SB184;"Contexte régional ; taille et fréquence locales proposées. Profil résidentiel rural/mixte ; jardins, cuisine, filage, corvées et milice saisonnière restent activités secondaires. chapitre régional ; profil territorial proposé Budget civil 2,00 % ; coefficient 0,000000 ; part de filière 0,000 %. Zéro proposé : Filière régionale non retenue dans ce scénario, sans interdiction universelle. Instruction, autorisation ou initiation ; clergé, caste et office ne rendent pas noble.";0;0;0;0;0
Garde et sentinelle;Garde et surveillant;0.029264730019207146;0.04335566942898159;450.26713607552114;A — activité attestée;"MJ140; SB90";"Contexte régional ; taille et fréquence locales proposées. Profil résidentiel rural/mixte ; jardins, cuisine, filage, corvées et milice saisonnière restent activités secondaires. chapitre régional ; profil territorial proposé Budget civil 0,50 % ; coefficient 8,050000 ; part de filière 8,989 %. Entraînement, loyauté, armes et habilitations ; aucun métier verrouillé par naissance sauf source explicite.";0.00026443882302573353;4.860669642933122e-05;0.0006190441241020107;0.028049681790551437;0.00028295858509863456
Garde du corps;Garde et surveillant;0.029264730019207146;0.04335566942898159;450.26713607552114;A — activité attestée;"MJ140; SB90";"Contexte régional ; taille et fréquence locales proposées. Profil résidentiel rural/mixte ; jardins, cuisine, filage, corvées et milice saisonnière restent activités secondaires. chapitre régional ; profil territorial proposé Budget civil 0,50 % ; coefficient 8,050000 ; part de filière 8,989 %. Entraînement, loyauté, armes et habilitations ; aucun métier verrouillé par naissance sauf source explicite.";0.00026443882302573353;4.860669642933122e-05;0.0006190441241020107;0.028049681790551437;0.00028295858509863456
Soldat;Combattant professionnel;0.13047992;0.1933058762177922;2007.56404912;A — activité attestée;"MJ140; SB90";"Contexte régional ; taille et fréquence locales proposées. Profil résidentiel rural/mixte ; jardins, cuisine, filage, corvées et milice saisonnière restent activités secondaires. chapitre régional ; profil territorial proposé Garnison incluse dans les résidents par convention proposée, comptée une seule fois. Entraînement, loyauté, armes et habilitations ; aucun métier verrouillé par naissance sauf source explicite.";0.00029714106785090275;5.4617720334924605e-05;0.00278239677484267;0.12607396001473495;0.001271804422236546
Mercenaire;Combattant professionnel;0.029264730019207146;0.04335566942898159;450.26713607552114;A — activité attestée;"MJ140; SB90";"Contexte régional ; taille et fréquence locales proposées. Profil résidentiel rural/mixte ; jardins, cuisine, filage, corvées et milice saisonnière restent activités secondaires. chapitre régional ; profil territorial proposé Budget civil 0,50 % ; coefficient 8,050000 ; part de filière 8,989 %. Entraînement, loyauté, armes et habilitations ; aucun métier verrouillé par naissance sauf source explicite.";0.00026443882302573353;4.860669642933122e-05;0.0006190441241020107;0.028049681790551437;0.00028295858509863456
Éclaireur;Combattant professionnel;0.029264730019207146;0.04335566942898159;450.26713607552114;A — activité attestée;"MJ140; SB90";"Contexte régional ; taille et fréquence locales proposées. Profil résidentiel rural/mixte ; jardins, cuisine, filage, corvées et milice saisonnière restent activités secondaires. chapitre régional ; profil territorial proposé Budget civil 0,50 % ; coefficient 8,050000 ; part de filière 8,989 %. Entraînement, loyauté, armes et habilitations ; aucun métier verrouillé par naissance sauf source explicite.";0.00026443882302573353;4.860669642933122e-05;0.0006190441241020107;0.028049681790551437;0.00028295858509863456
Chasseur de primes;Combattant professionnel;0.029264730019207146;0.04335566942898159;450.26713607552114;A — activité attestée;MJ140;"Contexte régional ; taille et fréquence locales proposées. Profil résidentiel rural/mixte ; jardins, cuisine, filage, corvées et milice saisonnière restent activités secondaires. chapitre régional ; profil territorial proposé Budget civil 0,50 % ; coefficient 8,050000 ; part de filière 8,989 %. Entraînement, loyauté, armes et habilitations ; aucun métier verrouillé par naissance sauf source explicite.";0.00026443882302573353;4.860669642933122e-05;0.0006190441241020107;0.028049681790551437;0.00028295858509863456
Gladiateur;Combattant professionnel;0.029264730019207146;0.04335566942898159;450.26713607552114;A — activité attestée;MJ130;"Contexte régional ; taille et fréquence locales proposées. Profil résidentiel rural/mixte ; jardins, cuisine, filage, corvées et milice saisonnière restent activités secondaires. chapitre régional ; profil territorial proposé Budget civil 0,50 % ; coefficient 8,050000 ; part de filière 8,989 %. Entraînement, loyauté, armes et habilitations ; aucun métier verrouillé par naissance sauf source explicite.";0.00026443882302573353;4.860669642933122e-05;0.0006190441241020107;0.028049681790551437;0.00028295858509863456
Champion d’arène;Combattant professionnel;0.029264730019207146;0.04335566942898159;450.26713607552114;A — activité attestée;SB90;"Contexte régional ; taille et fréquence locales proposées. Profil résidentiel rural/mixte ; jardins, cuisine, filage, corvées et milice saisonnière restent activités secondaires. chapitre régional ; profil territorial proposé Budget civil 0,50 % ; coefficient 8,050000 ; part de filière 8,989 %. Entraînement, loyauté, armes et habilitations ; aucun métier verrouillé par naissance sauf source explicite.";0.00026443882302573353;4.860669642933122e-05;0.0006190441241020107;0.028049681790551437;0.00028295858509863456
Veilleur de nuit;Garde et surveillant;0.029264730019207146;0.04335566942898159;450.26713607552114;P — activité proposée;"MJ140; SB90";"Contexte régional ; taille et fréquence locales proposées. Profil résidentiel rural/mixte ; jardins, cuisine, filage, corvées et milice saisonnière restent activités secondaires. chapitre régional ; profil territorial proposé Budget civil 0,50 % ; coefficient 8,050000 ; part de filière 8,989 %. Entraînement, loyauté, armes et habilitations ; aucun métier verrouillé par naissance sauf source explicite.";0.00026443882302573353;4.860669642933122e-05;0.0006190441241020107;0.028049681790551437;0.00028295858509863456
Guide;Guide;0;0;0.0;A — activité attestée;MJ140;"Contexte régional ; taille et fréquence locales proposées. Profil résidentiel rural/mixte ; jardins, cuisine, filage, corvées et milice saisonnière restent activités secondaires. chapitre régional ; profil territorial proposé Budget civil 5,00 % ; coefficient 0,000000 ; part de filière 0,000 %. Zéro proposé : Petit réseau rural de transport et commerce ; aucun bureau financier/courtage spécialisé ajouté. Réseau, itinéraires, confiance et capital ; manutention distincte de propriété du fret.";0;0;0;0;0
Gardien de domaine;Garde et surveillant;0.029264730019207146;0.04335566942898159;450.26713607552114;A — activité attestée;MJ140;"Contexte régional ; taille et fréquence locales proposées. Profil résidentiel rural/mixte ; jardins, cuisine, filage, corvées et milice saisonnière restent activités secondaires. chapitre régional ; profil territorial proposé Budget civil 0,50 % ; coefficient 8,050000 ; part de filière 8,989 %. Entraînement, loyauté, armes et habilitations ; aucun métier verrouillé par naissance sauf source explicite.";0.00026443882302573353;4.860669642933122e-05;0.0006190441241020107;0.028049681790551437;0.00028295858509863456
Spellshield;Protecteur et contrôleur arcanique;0;0;0.0;A — activité attestée;SB140;"Contexte régional ; taille et fréquence locales proposées. Profil résidentiel rural/mixte ; jardins, cuisine, filage, corvées et milice saisonnière restent activités secondaires. chapitre régional ; profil territorial proposé Budget civil 0,50 % ; coefficient 0,000000 ; part de filière 0,000 %. Zéro proposé : Filière régionale non retenue dans ce scénario, sans interdiction universelle. Entraînement, loyauté, armes et habilitations ; aucun métier verrouillé par naissance sauf source explicite.";0;0;0;0;0
Warden des Arcane Enforcers;Protecteur et contrôleur arcanique;0;0;0.0;A — activité attestée;SB140;"Contexte régional ; taille et fréquence locales proposées. Profil résidentiel rural/mixte ; jardins, cuisine, filage, corvées et milice saisonnière restent activités secondaires. chapitre régional ; profil territorial proposé Budget civil 0,50 % ; coefficient 0,000000 ; part de filière 0,000 %. Zéro proposé : Filière régionale non retenue dans ce scénario, sans interdiction universelle. Entraînement, loyauté, armes et habilitations ; aucun métier verrouillé par naissance sauf source explicite.";0;0;0;0;0
Inquisiteur;Garde et surveillant;0;0;0.0;A — activité attestée;SB29;"Contexte régional ; taille et fréquence locales proposées. Profil résidentiel rural/mixte ; jardins, cuisine, filage, corvées et milice saisonnière restent activités secondaires. chapitre régional ; profil territorial proposé Budget civil 0,50 % ; coefficient 0,000000 ; part de filière 0,000 %. Zéro proposé : Inquisiteur bauronien : aucun établissement de son Église habilité dans ce profil, notamment les ordres cirrus indépendants. Entraînement, loyauté, armes et habilitations ; aucun métier verrouillé par naissance sauf source explicite.";0;0;0;0;0
Mage impérial chargé du contrôle;Protecteur et contrôleur arcanique;0.029264730019207146;0.04335566942898159;450.26713607552114;A — activité attestée;SB98;"Contexte régional ; taille et fréquence locales proposées. Profil résidentiel rural/mixte ; jardins, cuisine, filage, corvées et milice saisonnière restent activités secondaires. chapitre régional ; profil territorial proposé Budget civil 0,50 % ; coefficient 8,050000 ; part de filière 8,989 %. Entraînement, loyauté, armes et habilitations ; aucun métier verrouillé par naissance sauf source explicite.";0.00026443882302573353;4.860669642933122e-05;0.0006190441241020107;0.028049681790551437;0.00028295858509863456
Chasseur de morts-vivants;Combattant professionnel;0.029264730019207146;0.04335566942898159;450.26713607552114;A — activité attestée;SB210;"Contexte régional ; taille et fréquence locales proposées. Profil résidentiel rural/mixte ; jardins, cuisine, filage, corvées et milice saisonnière restent activités secondaires. chapitre régional ; profil territorial proposé Budget civil 0,50 % ; coefficient 8,050000 ; part de filière 8,989 %. Entraînement, loyauté, armes et habilitations ; aucun métier verrouillé par naissance sauf source explicite.";0.00026443882302573353;4.860669642933122e-05;0.0006190441241020107;0.028049681790551437;0.00028295858509863456
Détective;Enquêteur et agent de renseignement;0.0018176850943606925;0.002692898722296994;27.966902861833614;A — activité attestée;"PG9; BR42";"Contexte régional ; taille et fréquence locales proposées. Profil résidentiel rural/mixte ; jardins, cuisine, filage, corvées et milice saisonnière restent activités secondaires. chapitre régional ; profil territorial proposé Budget civil 0,50 % ; coefficient 0,500000 ; part de filière 0,558 %. Entraînement, loyauté, armes et habilitations ; aucun métier verrouillé par naissance sauf source explicite.";1.6424771616505195e-05;3.019049467660325e-06;3.8449945596398184e-05;0.0017422162602826982;1.7575067397430725e-05
Espion;Enquêteur et agent de renseignement;0.0018176850943606925;0.002692898722296994;27.966902861833614;A — activité attestée;"PG9; BR42";"Contexte régional ; taille et fréquence locales proposées. Profil résidentiel rural/mixte ; jardins, cuisine, filage, corvées et milice saisonnière restent activités secondaires. chapitre régional ; profil territorial proposé Budget civil 0,50 % ; coefficient 0,500000 ; part de filière 0,558 %. Entraînement, loyauté, armes et habilitations ; aucun métier verrouillé par naissance sauf source explicite.";1.6424771616505195e-05;3.019049467660325e-06;3.8449945596398184e-05;0.0017422162602826982;1.7575067397430725e-05
Détective arcanique;Enquêteur et agent de renseignement;0;0;0.0;A — activité attestée;SB140;"Contexte régional ; taille et fréquence locales proposées. Profil résidentiel rural/mixte ; jardins, cuisine, filage, corvées et milice saisonnière restent activités secondaires. chapitre régional ; profil territorial proposé Budget civil 0,50 % ; coefficient 0,000000 ; part de filière 0,000 %. Zéro proposé : Filière régionale non retenue dans ce scénario, sans interdiction universelle. Entraînement, loyauté, armes et habilitations ; aucun métier verrouillé par naissance sauf source explicite.";0;0;0;0;0
Fonctionnaire;Administrateur et juriste;0.39460290957575755;0.5846038317132018;6071.360366732606;A — activité attestée;"SB90; SB213";"Contexte régional ; taille et fréquence locales proposées. Profil résidentiel rural/mixte ; jardins, cuisine, filage, corvées et milice saisonnière restent activités secondaires. chapitre régional ; profil territorial proposé Budget civil 2,00 % ; coefficient 9,000000 ; part de filière 30,303 %. Instruction, autorisation ou initiation ; clergé, caste et office ne rendent pas noble.";0.03765881047896541;0.0069220939191015065;0.015742545640702297;0.33288028539681974;0.0013991741401685918
Percepteur;Administrateur et juriste;0.39460290957575755;0.5846038317132018;6071.360366732606;A — activité attestée;SB132;"Contexte régional ; taille et fréquence locales proposées. Profil résidentiel rural/mixte ; jardins, cuisine, filage, corvées et milice saisonnière restent activités secondaires. chapitre régional ; profil territorial proposé Budget civil 2,00 % ; coefficient 9,000000 ; part de filière 30,303 %. Instruction, autorisation ou initiation ; clergé, caste et office ne rendent pas noble.";0.013575405836885374;0.0024953054278049223;0.01702481649792903;0.3599942413383582;0.0015131404747799884
Juge;Administrateur et juriste;0;0;0.0;A — activité attestée;"SB90; SB213";"Contexte régional ; taille et fréquence locales proposées. Profil résidentiel rural/mixte ; jardins, cuisine, filage, corvées et milice saisonnière restent activités secondaires. chapitre régional ; profil territorial proposé Budget civil 2,00 % ; coefficient 0,000000 ; part de filière 0,000 %. Zéro proposé : Fonction spécialisée concentrée dans les villes/institutions ; instruction et rites ruraux courants conservés. Instruction, autorisation ou initiation ; clergé, caste et office ne rendent pas noble.";0;0;0;0;0
Avocat;Administrateur et juriste;0;0;0.0;A — activité attestée;"SB90; SB213";"Contexte régional ; taille et fréquence locales proposées. Profil résidentiel rural/mixte ; jardins, cuisine, filage, corvées et milice saisonnière restent activités secondaires. chapitre régional ; profil territorial proposé Budget civil 2,00 % ; coefficient 0,000000 ; part de filière 0,000 %. Zéro proposé : Fonction spécialisée concentrée dans les villes/institutions ; instruction et rites ruraux courants conservés. Instruction, autorisation ou initiation ; clergé, caste et office ne rendent pas noble.";0;0;0;0;0
Diplomate et émissaire;Administrateur et juriste;0;0;0.0;A — activité attestée;PG46;"Contexte régional ; taille et fréquence locales proposées. Profil résidentiel rural/mixte ; jardins, cuisine, filage, corvées et milice saisonnière restent activités secondaires. chapitre régional ; profil territorial proposé Budget civil 2,00 % ; coefficient 0,000000 ; part de filière 0,000 %. Zéro proposé : Fonction spécialisée concentrée dans les villes/institutions ; instruction et rites ruraux courants conservés. Instruction, autorisation ou initiation ; clergé, caste et office ne rendent pas noble.";0;0;0;0;0
Recruteur et agent de missions;Administrateur et juriste;0;0;0.0;D — activité déduite;SB105;"Contexte régional ; taille et fréquence locales proposées. Profil résidentiel rural/mixte ; jardins, cuisine, filage, corvées et milice saisonnière restent activités secondaires. chapitre régional ; profil territorial proposé Budget civil 2,00 % ; coefficient 0,000000 ; part de filière 0,000 %. Zéro proposé : Fonction spécialisée concentrée dans les villes/institutions ; instruction et rites ruraux courants conservés. Instruction, autorisation ou initiation ; clergé, caste et office ne rendent pas noble.";0;0;0;0;0
Bourreau;Administrateur et juriste;0;0;0.0;A — activité attestée;SB148;"Contexte régional ; taille et fréquence locales proposées. Profil résidentiel rural/mixte ; jardins, cuisine, filage, corvées et milice saisonnière restent activités secondaires. chapitre régional ; profil territorial proposé Budget civil 2,00 % ; coefficient 0,000000 ; part de filière 0,000 %. Zéro proposé : Fonction spécialisée concentrée dans les villes/institutions ; instruction et rites ruraux courants conservés. Instruction, autorisation ou initiation ; clergé, caste et office ne rendent pas noble.";0;0;0;0;0
Acteur et comédien;Artiste du spectacle;0;0;0.0;A — activité attestée;MJ129;"Contexte régional ; taille et fréquence locales proposées. Profil résidentiel rural/mixte ; jardins, cuisine, filage, corvées et milice saisonnière restent activités secondaires. chapitre régional ; profil territorial proposé Budget civil 0,00 % ; coefficient 0,000000 ; part de filière 0,000 %. Zéro proposé : Loisir/rite familial secondaire, pas profession permanente spécialisée ajoutée. Apprentissage, audition et réseau ; accès au mérite notamment Mustardseed.";0;0;0;0;0
Danseur;Artiste du spectacle;0;0;0.0;A — activité attestée;MJ129;"Contexte régional ; taille et fréquence locales proposées. Profil résidentiel rural/mixte ; jardins, cuisine, filage, corvées et milice saisonnière restent activités secondaires. chapitre régional ; profil territorial proposé Budget civil 0,00 % ; coefficient 0,000000 ; part de filière 0,000 %. Zéro proposé : Loisir/rite familial secondaire, pas profession permanente spécialisée ajoutée. Apprentissage, audition et réseau ; accès au mérite notamment Mustardseed.";0;0;0;0;0
Musicien;Artiste du spectacle;0;0;0.0;A — activité attestée;MJ129;"Contexte régional ; taille et fréquence locales proposées. Profil résidentiel rural/mixte ; jardins, cuisine, filage, corvées et milice saisonnière restent activités secondaires. chapitre régional ; profil territorial proposé Budget civil 0,00 % ; coefficient 0,000000 ; part de filière 0,000 %. Zéro proposé : Budget local de cette filière nul ou coefficient non retenu ; aucune interdiction universelle. Apprentissage, audition et réseau ; accès au mérite notamment Mustardseed.";0;0;0;0;0
Chanteur;Artiste du spectacle;0;0;0.0;A — activité attestée;MJ129;"Contexte régional ; taille et fréquence locales proposées. Profil résidentiel rural/mixte ; jardins, cuisine, filage, corvées et milice saisonnière restent activités secondaires. chapitre régional ; profil territorial proposé Budget civil 0,00 % ; coefficient 0,000000 ; part de filière 0,000 %. Zéro proposé : Loisir/rite familial secondaire, pas profession permanente spécialisée ajoutée. Apprentissage, audition et réseau ; accès au mérite notamment Mustardseed.";0;0;0;0;0
Poète;Artiste du spectacle;0;0;0.0;A — activité attestée;MJ129;"Contexte régional ; taille et fréquence locales proposées. Profil résidentiel rural/mixte ; jardins, cuisine, filage, corvées et milice saisonnière restent activités secondaires. chapitre régional ; profil territorial proposé Budget civil 0,00 % ; coefficient 0,000000 ; part de filière 0,000 %. Zéro proposé : Loisir/rite familial secondaire, pas profession permanente spécialisée ajoutée. Apprentissage, audition et réseau ; accès au mérite notamment Mustardseed.";0;0;0;0;0
Conteur;Artiste du spectacle;0;0;0.0;A — activité attestée;MJ129;"Contexte régional ; taille et fréquence locales proposées. Profil résidentiel rural/mixte ; jardins, cuisine, filage, corvées et milice saisonnière restent activités secondaires. chapitre régional ; profil territorial proposé Budget civil 0,00 % ; coefficient 0,000000 ; part de filière 0,000 %. Zéro proposé : Budget local de cette filière nul ou coefficient non retenu ; aucune interdiction universelle. Apprentissage, audition et réseau ; accès au mérite notamment Mustardseed.";0;0;0;0;0
Bouffon;Artiste du spectacle;0;0;0.0;A — activité attestée;MJ129;"Contexte régional ; taille et fréquence locales proposées. Profil résidentiel rural/mixte ; jardins, cuisine, filage, corvées et milice saisonnière restent activités secondaires. chapitre régional ; profil territorial proposé Budget civil 0,00 % ; coefficient 0,000000 ; part de filière 0,000 %. Zéro proposé : Loisir/rite familial secondaire, pas profession permanente spécialisée ajoutée. Apprentissage, audition et réseau ; accès au mérite notamment Mustardseed.";0;0;0;0;0
Jongleur;Artiste du spectacle;0;0;0.0;A — activité attestée;MJ129;"Contexte régional ; taille et fréquence locales proposées. Profil résidentiel rural/mixte ; jardins, cuisine, filage, corvées et milice saisonnière restent activités secondaires. chapitre régional ; profil territorial proposé Budget civil 0,00 % ; coefficient 0,000000 ; part de filière 0,000 %. Zéro proposé : Loisir/rite familial secondaire, pas profession permanente spécialisée ajoutée. Apprentissage, audition et réseau ; accès au mérite notamment Mustardseed.";0;0;0;0;0
Acrobate;Artiste du spectacle;0;0;0.0;A — activité attestée;MJ129;"Contexte régional ; taille et fréquence locales proposées. Profil résidentiel rural/mixte ; jardins, cuisine, filage, corvées et milice saisonnière restent activités secondaires. chapitre régional ; profil territorial proposé Budget civil 0,00 % ; coefficient 0,000000 ; part de filière 0,000 %. Zéro proposé : Loisir/rite familial secondaire, pas profession permanente spécialisée ajoutée. Apprentissage, audition et réseau ; accès au mérite notamment Mustardseed.";0;0;0;0;0
Cracheur de feu;Artiste du spectacle;0;0;0.0;A — activité attestée;MJ129;"Contexte régional ; taille et fréquence locales proposées. Profil résidentiel rural/mixte ; jardins, cuisine, filage, corvées et milice saisonnière restent activités secondaires. chapitre régional ; profil territorial proposé Budget civil 0,00 % ; coefficient 0,000000 ; part de filière 0,000 %. Zéro proposé : Loisir/rite familial secondaire, pas profession permanente spécialisée ajoutée. Apprentissage, audition et réseau ; accès au mérite notamment Mustardseed.";0;0;0;0;0
Compositeur;Artiste du spectacle;0;0;0.0;A — activité attestée;PG28;"Contexte régional ; taille et fréquence locales proposées. Profil résidentiel rural/mixte ; jardins, cuisine, filage, corvées et milice saisonnière restent activités secondaires. chapitre régional ; profil territorial proposé Budget civil 0,00 % ; coefficient 0,000000 ; part de filière 0,000 %. Zéro proposé : Loisir/rite familial secondaire, pas profession permanente spécialisée ajoutée. Apprentissage, audition et réseau ; accès au mérite notamment Mustardseed.";0;0;0;0;0
Crieur public;Artiste du spectacle;0;0;0.0;P — activité proposée;MJ129;"Contexte régional ; taille et fréquence locales proposées. Profil résidentiel rural/mixte ; jardins, cuisine, filage, corvées et milice saisonnière restent activités secondaires. chapitre régional ; profil territorial proposé Budget civil 0,00 % ; coefficient 0,000000 ; part de filière 0,000 %. Zéro proposé : Loisir/rite familial secondaire, pas profession permanente spécialisée ajoutée. Apprentissage, audition et réseau ; accès au mérite notamment Mustardseed.";0;0;0;0;0
Joueur professionnel;Professionnel du jeu;0;0;0.0;P — activité proposée;SB99;"Contexte régional ; taille et fréquence locales proposées. Profil résidentiel rural/mixte ; jardins, cuisine, filage, corvées et milice saisonnière restent activités secondaires. chapitre régional ; profil territorial proposé Budget civil 0,00 % ; coefficient 0,000000 ; part de filière 0,000 %. Zéro proposé : Loisir/rite familial secondaire, pas profession permanente spécialisée ajoutée. Apprentissage, audition et réseau ; accès au mérite notamment Mustardseed.";0;0;0;0;0
Croupier;Professionnel du jeu;0;0;0.0;D — activité déduite;SB99;"Contexte régional ; taille et fréquence locales proposées. Profil résidentiel rural/mixte ; jardins, cuisine, filage, corvées et milice saisonnière restent activités secondaires. chapitre régional ; profil territorial proposé Budget civil 0,00 % ; coefficient 0,000000 ; part de filière 0,000 %. Zéro proposé : Loisir/rite familial secondaire, pas profession permanente spécialisée ajoutée. Apprentissage, audition et réseau ; accès au mérite notamment Mustardseed.";0;0;0;0;0
Preneur de paris;Professionnel du jeu;0;0;0.0;D — activité déduite;SB99;"Contexte régional ; taille et fréquence locales proposées. Profil résidentiel rural/mixte ; jardins, cuisine, filage, corvées et milice saisonnière restent activités secondaires. chapitre régional ; profil territorial proposé Budget civil 0,00 % ; coefficient 0,000000 ; part de filière 0,000 %. Zéro proposé : Loisir/rite familial secondaire, pas profession permanente spécialisée ajoutée. Apprentissage, audition et réseau ; accès au mérite notamment Mustardseed.";0;0;0;0;0
Maître-chanteur;Opérateur d’activités illicites;0;0;0.0;A — activité attestée;BR42;"Contexte régional ; taille et fréquence locales proposées. Profil résidentiel rural/mixte ; jardins, cuisine, filage, corvées et milice saisonnière restent activités secondaires. chapitre régional ; profil territorial proposé Budget civil 0,00 % ; coefficient 0,000000 ; part de filière 0,000 %. Zéro proposé : Budget local de cette filière nul ou coefficient non retenu ; aucune interdiction universelle. Réseaux, exclusion, dettes et compétences ; statut légal distinct de noblesse.";0;0;0;0;0
Cambrioleur;Opérateur d’activités illicites;0;0;0.0;A — activité attestée;BR42;"Contexte régional ; taille et fréquence locales proposées. Profil résidentiel rural/mixte ; jardins, cuisine, filage, corvées et milice saisonnière restent activités secondaires. chapitre régional ; profil territorial proposé Budget civil 0,00 % ; coefficient 0,000000 ; part de filière 0,000 %. Zéro proposé : Budget local de cette filière nul ou coefficient non retenu ; aucune interdiction universelle. Réseaux, exclusion, dettes et compétences ; statut légal distinct de noblesse.";0;0;0;0;0
Homme de main;Opérateur d’activités illicites;0;0;0.0;A — activité attestée;BR42;"Contexte régional ; taille et fréquence locales proposées. Profil résidentiel rural/mixte ; jardins, cuisine, filage, corvées et milice saisonnière restent activités secondaires. chapitre régional ; profil territorial proposé Budget civil 0,00 % ; coefficient 0,000000 ; part de filière 0,000 %. Zéro proposé : Budget local de cette filière nul ou coefficient non retenu ; aucune interdiction universelle. Réseaux, exclusion, dettes et compétences ; statut légal distinct de noblesse.";0;0;0;0;0
Receleur;Opérateur d’activités illicites;0;0;0.0;A — activité attestée;BR42;"Contexte régional ; taille et fréquence locales proposées. Profil résidentiel rural/mixte ; jardins, cuisine, filage, corvées et milice saisonnière restent activités secondaires. chapitre régional ; profil territorial proposé Budget civil 0,00 % ; coefficient 0,000000 ; part de filière 0,000 %. Zéro proposé : Budget local de cette filière nul ou coefficient non retenu ; aucune interdiction universelle. Réseaux, exclusion, dettes et compétences ; statut légal distinct de noblesse.";0;0;0;0;0
Voleur de grand chemin;Opérateur d’activités illicites;0;0;0.0;A — activité attestée;BR42;"Contexte régional ; taille et fréquence locales proposées. Profil résidentiel rural/mixte ; jardins, cuisine, filage, corvées et milice saisonnière restent activités secondaires. chapitre régional ; profil territorial proposé Budget civil 0,00 % ; coefficient 0,000000 ; part de filière 0,000 %. Zéro proposé : Budget local de cette filière nul ou coefficient non retenu ; aucune interdiction universelle. Réseaux, exclusion, dettes et compétences ; statut légal distinct de noblesse.";0;0;0;0;0
Tueur à gages;Opérateur d’activités illicites;0;0;0.0;A — activité attestée;BR42;"Contexte régional ; taille et fréquence locales proposées. Profil résidentiel rural/mixte ; jardins, cuisine, filage, corvées et milice saisonnière restent activités secondaires. chapitre régional ; profil territorial proposé Budget civil 0,00 % ; coefficient 0,000000 ; part de filière 0,000 %. Zéro proposé : Budget local de cette filière nul ou coefficient non retenu ; aucune interdiction universelle. Réseaux, exclusion, dettes et compétences ; statut légal distinct de noblesse.";0;0;0;0;0
Pickpocket;Opérateur d’activités illicites;0;0;0.0;A — activité attestée;BR42;"Contexte régional ; taille et fréquence locales proposées. Profil résidentiel rural/mixte ; jardins, cuisine, filage, corvées et milice saisonnière restent activités secondaires. chapitre régional ; profil territorial proposé Budget civil 0,00 % ; coefficient 0,000000 ; part de filière 0,000 %. Zéro proposé : Budget local de cette filière nul ou coefficient non retenu ; aucune interdiction universelle. Réseaux, exclusion, dettes et compétences ; statut légal distinct de noblesse.";0;0;0;0;0
Contrebandier;Opérateur d’activités illicites;0;0;0.0;A — activité attestée;BR42;"Contexte régional ; taille et fréquence locales proposées. Profil résidentiel rural/mixte ; jardins, cuisine, filage, corvées et milice saisonnière restent activités secondaires. chapitre régional ; profil territorial proposé Budget civil 0,00 % ; coefficient 0,000000 ; part de filière 0,000 %. Zéro proposé : Budget local de cette filière nul ou coefficient non retenu ; aucune interdiction universelle. Réseaux, exclusion, dettes et compétences ; statut légal distinct de noblesse.";0;0;0;0;0
Pirate;Opérateur d’activités illicites;0;0;0.0;A — activité attestée;MJ136;"Contexte régional ; taille et fréquence locales proposées. Profil résidentiel rural/mixte ; jardins, cuisine, filage, corvées et milice saisonnière restent activités secondaires. chapitre régional ; profil territorial proposé Budget civil 0,00 % ; coefficient 0,000000 ; part de filière 0,000 %. Zéro proposé : Budget local de cette filière nul ou coefficient non retenu ; aucune interdiction universelle. Réseaux, exclusion, dettes et compétences ; statut légal distinct de noblesse.";0;0;0;0;0
Cultivateur de tubercules;Agriculteur;0;0;0.0;A — activité attestée;"SB120; SB168";"Contexte régional ; taille et fréquence locales proposées. Profil résidentiel rural/mixte ; jardins, cuisine, filage, corvées et milice saisonnière restent activités secondaires. chapitre régional ; profil territorial proposé Budget civil 75,00 % ; coefficient 0,000000 ; part de filière 0,000 %. Zéro proposé : Climat, matière ou culture hors filière régionale retenue ; aucun établissement exceptionnel proposé. Transmission familiale, terre/eau, droits d’usage et outils ; les tâches saisonnières restent secondaires.";0;0;0;0;0
Cartographe;Cartographe;0;0;0.0;A — activité attestée;MJ128;"Contexte régional ; taille et fréquence locales proposées. Profil résidentiel rural/mixte ; jardins, cuisine, filage, corvées et milice saisonnière restent activités secondaires. chapitre régional ; profil territorial proposé Budget civil 0,50 % ; coefficient 0,000000 ; part de filière 0,000 %. Zéro proposé : Spécialité avancée non installée dans le profil rural ordinaire : apprentissage, matériel et clientèle insuffisamment établis. Long apprentissage, frais, bourses, talent, licence ou secret ; titre ne donne pas maîtrise.";0;0;0;0;0
Sans métier actif;Statut;2.2592399999999997;3.347061891103894;34760.666639999996;P;;Personnes productives occupées + personnes sans emploi disponibles recherchant une activité. Inclut aide familiale, subsistance, apprentissage productif et travail partiel.;0.0021120000000000006;0.0006879999999999996;0.012272;1.9465679999999999;0.29760000000000003
Hors activité;Statut;32.50079999999999;0;500057.3087999999;P;;"Tous habitants recensés dans les catégories sources; enfants, étudiants et retraités ne sont exclus de l’activité que sans contribution productive. Pas de seuil humain de 18 ans imposé.";0.2144;0.04559999999999998;0.5663999999999999;30.53439999999999;1.1400000000000001
