Métier;Base;% habitants;% actifs;Effectif attendu;Appui activité;Références;Justification proposée;Nobles de milieu privilégié / % de tous habitants;Autres nobles, dont maisons modestes / % de tous habitants;Peuple de milieu privilégié / % de tous habitants;Peuple ordinaire / % de tous habitants;Peuple précaire / % de tous habitants
Agriculteur généraliste;Agriculteur;1.0326342270364395;1.7097725462554465;929.3708043327955;A — activité attestée;"SB90; SB198";"Marchands/artisans/propriétaires de bateaux, officiers et bureaucrates ; commerces seulement besoins courants. Professions des résidents ; lieu de travail et commanditaires peuvent être extérieurs au quartier. Visiteurs exclus du stock. activité/institution locale Budget civil 16,00 % ; coefficient 5,000000 ; part de filière 11,523 %. Transmission familiale, terre/eau, droits d’usage et outils ; les tâches saisonnières restent secondaires.";9.212813205055713e-05;7.291958264857697e-05;0.003984029241227197;0.9806092265195092;0.04787592356100402
Céréalier;Agriculteur;1.2391610724437276;2.051727055506536;1115.244965199355;D — activité déduite;"SB90; SB198";"Marchands/artisans/propriétaires de bateaux, officiers et bureaucrates ; commerces seulement besoins courants. Professions des résidents ; lieu de travail et commanditaires peuvent être extérieurs au quartier. Visiteurs exclus du stock. activité/institution locale Budget civil 16,00 % ; coefficient 6,000000 ; part de filière 13,828 %. Transmission familiale, terre/eau, droits d’usage et outils ; les tâches saisonnières restent secondaires.";0.00011055375846066856;8.750349917829235e-05;0.0047808350894726365;1.1767310718234112;0.057451108273204814
Riziculteur;Agriculteur;0;0;0.0;A — activité attestée;SB198;"Marchands/artisans/propriétaires de bateaux, officiers et bureaucrates ; commerces seulement besoins courants. Professions des résidents ; lieu de travail et commanditaires peuvent être extérieurs au quartier. Visiteurs exclus du stock. activité/institution locale Budget civil 16,00 % ; coefficient 0,000000 ; part de filière 0,000 %. Zéro proposé : Climat, matière ou culture hors filière régionale retenue ; aucun établissement exceptionnel proposé. Transmission familiale, terre/eau, droits d’usage et outils ; les tâches saisonnières restent secondaires.";0;0;0;0;0
Vigneron;Agriculteur;0.05600749888888889;0.09273378847752978;50.406749;A — activité attestée;MJ128;"Marchands/artisans/propriétaires de bateaux, officiers et bureaucrates ; commerces seulement besoins courants. Professions des résidents ; lieu de travail et commanditaires peuvent être extérieurs au quartier. Visiteurs exclus du stock. activité/institution locale Budget civil 2,00 % ; coefficient 0,600000 ; part de filière 5,000 %. Savoir-faire de terrain et sécurité ; procédé spécialisé distinct du rang social.";2.986842004349397e-06;5.910227081204564e-07;0.00043054767381742756;0.052986436072421005;0.0025869372779379865
Cultivateur d’épices;Agriculteur;0;0;0.0;A — activité attestée;SB182;"Marchands/artisans/propriétaires de bateaux, officiers et bureaucrates ; commerces seulement besoins courants. Professions des résidents ; lieu de travail et commanditaires peuvent être extérieurs au quartier. Visiteurs exclus du stock. activité/institution locale Budget civil 2,00 % ; coefficient 0,000000 ; part de filière 0,000 %. Zéro proposé : Climat, matière ou culture hors filière régionale retenue ; aucun établissement exceptionnel proposé. Savoir-faire de terrain et sécurité ; procédé spécialisé distinct du rang social.";0;0;0;0;0
Cultivateur d’herbes pour thé;Agriculteur;0;0;0.0;D — activité déduite;SB198;"Marchands/artisans/propriétaires de bateaux, officiers et bureaucrates ; commerces seulement besoins courants. Professions des résidents ; lieu de travail et commanditaires peuvent être extérieurs au quartier. Visiteurs exclus du stock. activité/institution locale Budget civil 2,00 % ; coefficient 0,000000 ; part de filière 0,000 %. Zéro proposé : Climat, matière ou culture hors filière régionale retenue ; aucun établissement exceptionnel proposé. Savoir-faire de terrain et sécurité ; procédé spécialisé distinct du rang social.";0;0;0;0;0
Maraîcher;Agriculteur;1.2391610724437276;2.051727055506536;1115.244965199355;D — activité déduite;"SB90; SB198";"Marchands/artisans/propriétaires de bateaux, officiers et bureaucrates ; commerces seulement besoins courants. Professions des résidents ; lieu de travail et commanditaires peuvent être extérieurs au quartier. Visiteurs exclus du stock. activité/institution locale Budget civil 16,00 % ; coefficient 6,000000 ; part de filière 13,828 %. Transmission familiale, terre/eau, droits d’usage et outils ; les tâches saisonnières restent secondaires.";0.00011055375846066856;8.750349917829235e-05;0.0047808350894726365;1.1767310718234112;0.057451108273204814
Jardinier;Horticulteur;0.09334583148148146;0.15455631412921625;84.01124833333331;A — activité attestée;"SB29; SB161";"Marchands/artisans/propriétaires de bateaux, officiers et bureaucrates ; commerces seulement besoins courants. Professions des résidents ; lieu de travail et commanditaires peuvent être extérieurs au quartier. Visiteurs exclus du stock. activité/institution locale Budget civil 2,00 % ; coefficient 1,000000 ; part de filière 8,333 %. Savoir-faire de terrain et sécurité ; procédé spécialisé distinct du rang social.";4.978070007248994e-06;9.850378468674273e-07;0.0007175794563623793;0.08831072678736832;0.004311562129896645
Fleuriste;Horticulteur;0.09334583148148146;0.15455631412921625;84.01124833333331;A — activité attestée;"SB29; SB161";"Marchands/artisans/propriétaires de bateaux, officiers et bureaucrates ; commerces seulement besoins courants. Professions des résidents ; lieu de travail et commanditaires peuvent être extérieurs au quartier. Visiteurs exclus du stock. activité/institution locale Budget civil 2,00 % ; coefficient 1,000000 ; part de filière 8,333 %. Savoir-faire de terrain et sécurité ; procédé spécialisé distinct du rang social.";4.978070007248994e-06;9.850378468674273e-07;0.0007175794563623793;0.08831072678736832;0.004311562129896645
Arboriculteur de verger;Horticulteur;0.20652684540728786;0.3419545092510892;185.87416086655907;D — activité déduite;"SB29; SB161";"Marchands/artisans/propriétaires de bateaux, officiers et bureaucrates ; commerces seulement besoins courants. Professions des résidents ; lieu de travail et commanditaires peuvent être extérieurs au quartier. Visiteurs exclus du stock. activité/institution locale Budget civil 16,00 % ; coefficient 1,000000 ; part de filière 2,305 %. Transmission familiale, terre/eau, droits d’usage et outils ; les tâches saisonnières restent secondaires.";1.8425626410111425e-05;1.4583916529715387e-05;0.0007968058482454394;0.19612184530390178;0.009575184712200806
Jardinier de roses magiques;Horticulteur;0;0;0.0;A — activité attestée;SB157;"Marchands/artisans/propriétaires de bateaux, officiers et bureaucrates ; commerces seulement besoins courants. Professions des résidents ; lieu de travail et commanditaires peuvent être extérieurs au quartier. Visiteurs exclus du stock. activité/institution locale Budget civil 2,00 % ; coefficient 0,000000 ; part de filière 0,000 %. Zéro proposé : Filière régionale non retenue dans ce scénario, sans interdiction universelle. Savoir-faire de terrain et sécurité ; procédé spécialisé distinct du rang social.";0;0;0;0;0
Arboriculteur de breithwood;Horticulteur;0;0;0.0;D — activité déduite;SB152;"Marchands/artisans/propriétaires de bateaux, officiers et bureaucrates ; commerces seulement besoins courants. Professions des résidents ; lieu de travail et commanditaires peuvent être extérieurs au quartier. Visiteurs exclus du stock. activité/institution locale Budget civil 2,00 % ; coefficient 0,000000 ; part de filière 0,000 %. Zéro proposé : Filière régionale non retenue dans ce scénario, sans interdiction universelle. Savoir-faire de terrain et sécurité ; procédé spécialisé distinct du rang social.";0;0;0;0;0
Éleveur généraliste;Éleveur;0.5163171135182197;0.8548862731277233;464.68540216639775;A — activité attestée;"SB120; SB182";"Marchands/artisans/propriétaires de bateaux, officiers et bureaucrates ; commerces seulement besoins courants. Professions des résidents ; lieu de travail et commanditaires peuvent être extérieurs au quartier. Visiteurs exclus du stock. activité/institution locale Budget civil 16,00 % ; coefficient 2,500000 ; part de filière 5,762 %. Transmission familiale, terre/eau, droits d’usage et outils ; les tâches saisonnières restent secondaires.";4.6064066025278565e-05;3.645979132428848e-05;0.0019920146206135986;0.4903046132597546;0.02393796178050201
Berger;Éleveur;0.20652684540728786;0.3419545092510892;185.87416086655907;A — activité attestée;MJ135;"Marchands/artisans/propriétaires de bateaux, officiers et bureaucrates ; commerces seulement besoins courants. Professions des résidents ; lieu de travail et commanditaires peuvent être extérieurs au quartier. Visiteurs exclus du stock. activité/institution locale Budget civil 16,00 % ; coefficient 1,000000 ; part de filière 2,305 %. Transmission familiale, terre/eau, droits d’usage et outils ; les tâches saisonnières restent secondaires.";1.8425626410111425e-05;1.4583916529715387e-05;0.0007968058482454394;0.19612184530390178;0.009575184712200806
Éleveur de yaks;Éleveur;0;0;0.0;A — activité attestée;SB120;"Marchands/artisans/propriétaires de bateaux, officiers et bureaucrates ; commerces seulement besoins courants. Professions des résidents ; lieu de travail et commanditaires peuvent être extérieurs au quartier. Visiteurs exclus du stock. activité/institution locale Budget civil 16,00 % ; coefficient 0,000000 ; part de filière 0,000 %. Zéro proposé : Climat, matière ou culture hors filière régionale retenue ; aucun établissement exceptionnel proposé. Transmission familiale, terre/eau, droits d’usage et outils ; les tâches saisonnières restent secondaires.";0;0;0;0;0
Éleveur de chevaux;Éleveur;0.09334583148148146;0.15455631412921625;84.01124833333331;A — activité attestée;SB182;"Marchands/artisans/propriétaires de bateaux, officiers et bureaucrates ; commerces seulement besoins courants. Professions des résidents ; lieu de travail et commanditaires peuvent être extérieurs au quartier. Visiteurs exclus du stock. activité/institution locale Budget civil 2,00 % ; coefficient 1,000000 ; part de filière 8,333 %. Savoir-faire de terrain et sécurité ; procédé spécialisé distinct du rang social.";4.978070007248994e-06;9.850378468674273e-07;0.0007175794563623793;0.08831072678736832;0.004311562129896645
Éleveur de chameaux;Éleveur;0;0;0.0;A — activité attestée;SB182;"Marchands/artisans/propriétaires de bateaux, officiers et bureaucrates ; commerces seulement besoins courants. Professions des résidents ; lieu de travail et commanditaires peuvent être extérieurs au quartier. Visiteurs exclus du stock. activité/institution locale Budget civil 2,00 % ; coefficient 0,000000 ; part de filière 0,000 %. Zéro proposé : Climat, matière ou culture hors filière régionale retenue ; aucun établissement exceptionnel proposé. Savoir-faire de terrain et sécurité ; procédé spécialisé distinct du rang social.";0;0;0;0;0
Éleveur de vers à soie;Éleveur;0;0;0.0;A — activité attestée;SB198;"Marchands/artisans/propriétaires de bateaux, officiers et bureaucrates ; commerces seulement besoins courants. Professions des résidents ; lieu de travail et commanditaires peuvent être extérieurs au quartier. Visiteurs exclus du stock. activité/institution locale Budget civil 2,00 % ; coefficient 0,000000 ; part de filière 0,000 %. Zéro proposé : Climat, matière ou culture hors filière régionale retenue ; aucun établissement exceptionnel proposé. Savoir-faire de terrain et sécurité ; procédé spécialisé distinct du rang social.";0;0;0;0;0
Éleveur de loups géants;Éleveur;0;0;0.0;A — activité attestée;SB191;"Marchands/artisans/propriétaires de bateaux, officiers et bureaucrates ; commerces seulement besoins courants. Professions des résidents ; lieu de travail et commanditaires peuvent être extérieurs au quartier. Visiteurs exclus du stock. activité/institution locale Budget civil 2,00 % ; coefficient 0,000000 ; part de filière 0,000 %. Zéro proposé : Filière régionale non retenue dans ce scénario, sans interdiction universelle. Savoir-faire de terrain et sécurité ; procédé spécialisé distinct du rang social.";0;0;0;0;0
Éleveur de montures volantes;Éleveur;0.09334583148148146;0.15455631412921625;84.01124833333331;A — activité attestée;"SB124; SB107";"Marchands/artisans/propriétaires de bateaux, officiers et bureaucrates ; commerces seulement besoins courants. Professions des résidents ; lieu de travail et commanditaires peuvent être extérieurs au quartier. Visiteurs exclus du stock. activité/institution locale Budget civil 2,00 % ; coefficient 1,000000 ; part de filière 8,333 %. Savoir-faire de terrain et sécurité ; procédé spécialisé distinct du rang social.";4.978070007248994e-06;9.850378468674273e-07;0.0007175794563623793;0.08831072678736832;0.004311562129896645
Apiculteur;Éleveur;0.20652684540728786;0.3419545092510892;185.87416086655907;P — activité proposée;SB152;"Marchands/artisans/propriétaires de bateaux, officiers et bureaucrates ; commerces seulement besoins courants. Professions des résidents ; lieu de travail et commanditaires peuvent être extérieurs au quartier. Visiteurs exclus du stock. activité/institution locale Budget civil 16,00 % ; coefficient 1,000000 ; part de filière 2,305 %. Transmission familiale, terre/eau, droits d’usage et outils ; les tâches saisonnières restent secondaires.";1.8425626410111425e-05;1.4583916529715387e-05;0.0007968058482454394;0.19612184530390178;0.009575184712200806
Chasseur de gibier;Chasseur;0.5679488248700417;0.9403749004404955;511.1539423830376;A — activité attestée;"MJ139; PG20";"Marchands/artisans/propriétaires de bateaux, officiers et bureaucrates ; commerces seulement besoins courants. Professions des résidents ; lieu de travail et commanditaires peuvent être extérieurs au quartier. Visiteurs exclus du stock. activité/institution locale Budget civil 16,00 % ; coefficient 2,750000 ; part de filière 6,338 %. Transmission familiale, terre/eau, droits d’usage et outils ; les tâches saisonnières restent secondaires.";5.0670472627806406e-05;4.010577045671732e-05;0.0021912160826749586;0.53933507458573;0.026331757958552204
Trappeur;Chasseur;0.22717952994801666;0.3761499601761982;204.461576953215;A — activité attestée;MJ140;"Marchands/artisans/propriétaires de bateaux, officiers et bureaucrates ; commerces seulement besoins courants. Professions des résidents ; lieu de travail et commanditaires peuvent être extérieurs au quartier. Visiteurs exclus du stock. activité/institution locale Budget civil 16,00 % ; coefficient 1,100000 ; part de filière 2,535 %. Transmission familiale, terre/eau, droits d’usage et outils ; les tâches saisonnières restent secondaires.";2.0268189051122565e-05;1.6042308182686937e-05;0.0008764864330699834;0.215734029834292;0.010532703183420882
Chasseur de monstres;Chasseur;0.020990170276235145;0.0347542391486773;18.89115324861163;A — activité attestée;PG58;"Marchands/artisans/propriétaires de bateaux, officiers et bureaucrates ; commerces seulement besoins courants. Professions des résidents ; lieu de travail et commanditaires peuvent être extérieurs au quartier. Visiteurs exclus du stock. activité/institution locale Budget civil 1,00 % ; coefficient 1,100000 ; part de filière 3,748 %. Long apprentissage, frais, bourses, talent, licence ou secret ; titre ne donne pas maîtrise.";0.00010638232792207524;2.105045109621017e-05;0.0019168516344116576;0.01887217472323647;7.371113956873267e-05
Chasseur de monstres marins;Chasseur;0;0;0.0;A — activité attestée;SB148;"Marchands/artisans/propriétaires de bateaux, officiers et bureaucrates ; commerces seulement besoins courants. Professions des résidents ; lieu de travail et commanditaires peuvent être extérieurs au quartier. Visiteurs exclus du stock. activité/institution locale Budget civil 1,00 % ; coefficient 0,000000 ; part de filière 0,000 %. Zéro proposé : Filière régionale non retenue dans ce scénario, sans interdiction universelle. Long apprentissage, frais, bourses, talent, licence ou secret ; titre ne donne pas maîtrise.";0;0;0;0;0
Chasseur de dragons;Chasseur;0;0;0.0;A — activité attestée;SB220;"Marchands/artisans/propriétaires de bateaux, officiers et bureaucrates ; commerces seulement besoins courants. Professions des résidents ; lieu de travail et commanditaires peuvent être extérieurs au quartier. Visiteurs exclus du stock. activité/institution locale Budget civil 1,00 % ; coefficient 0,000000 ; part de filière 0,000 %. Zéro proposé : Technique de site, institution, secret ou habilitation concentrée dans les implantations autorisées du scénario. Long apprentissage, frais, bourses, talent, licence ou secret ; titre ne donne pas maîtrise.";0;0;0;0;0
Cueilleur;Collecteur de ressources;0.2478322144887455;0.4103454111013071;223.04899303987094;A — activité attestée;"MJ139; SB153";"Marchands/artisans/propriétaires de bateaux, officiers et bureaucrates ; commerces seulement besoins courants. Professions des résidents ; lieu de travail et commanditaires peuvent être extérieurs au quartier. Visiteurs exclus du stock. activité/institution locale Budget civil 16,00 % ; coefficient 1,200000 ; part de filière 2,766 %. Transmission familiale, terre/eau, droits d’usage et outils ; les tâches saisonnières restent secondaires.";2.211075169213371e-05;1.750069983565847e-05;0.0009561670178945273;0.23534621436468223;0.011490221654640965
Herboriste de collecte;Collecteur de ressources;0.1120149977777778;0.18546757695505958;100.81349800000002;D — activité déduite;BR55;"Marchands/artisans/propriétaires de bateaux, officiers et bureaucrates ; commerces seulement besoins courants. Professions des résidents ; lieu de travail et commanditaires peuvent être extérieurs au quartier. Visiteurs exclus du stock. activité/institution locale Budget civil 2,00 % ; coefficient 1,200000 ; part de filière 10,000 %. Savoir-faire de terrain et sécurité ; procédé spécialisé distinct du rang social.";5.973684008698795e-06;1.1820454162409128e-06;0.0008610953476348553;0.10597287214484204;0.005173874555875974
Collecteur de composants de créatures;Collecteur de ressources;0.1120149977777778;0.18546757695505958;100.81349800000002;A — activité attestée;"SB104; SB139";"Marchands/artisans/propriétaires de bateaux, officiers et bureaucrates ; commerces seulement besoins courants. Professions des résidents ; lieu de travail et commanditaires peuvent être extérieurs au quartier. Visiteurs exclus du stock. activité/institution locale Budget civil 2,00 % ; coefficient 1,200000 ; part de filière 10,000 %. Savoir-faire de terrain et sécurité ; procédé spécialisé distinct du rang social.";5.973684008698795e-06;1.1820454162409128e-06;0.0008610953476348553;0.10597287214484204;0.005173874555875974
Collecteur de perles;Collecteur de ressources;0;0;0.0;D — activité déduite;SB149;"Marchands/artisans/propriétaires de bateaux, officiers et bureaucrates ; commerces seulement besoins courants. Professions des résidents ; lieu de travail et commanditaires peuvent être extérieurs au quartier. Visiteurs exclus du stock. activité/institution locale Budget civil 2,00 % ; coefficient 0,000000 ; part de filière 0,000 %. Zéro proposé : Filière régionale non retenue dans ce scénario, sans interdiction universelle. Savoir-faire de terrain et sécurité ; procédé spécialisé distinct du rang social.";0;0;0;0;0
Récupérateur de reliques penumbrales;Collecteur de ressources;0;0;0.0;A — activité attestée;PG8;"Marchands/artisans/propriétaires de bateaux, officiers et bureaucrates ; commerces seulement besoins courants. Professions des résidents ; lieu de travail et commanditaires peuvent être extérieurs au quartier. Visiteurs exclus du stock. activité/institution locale Budget civil 2,00 % ; coefficient 0,000000 ; part de filière 0,000 %. Zéro proposé : Filière régionale non retenue dans ce scénario, sans interdiction universelle. Savoir-faire de terrain et sécurité ; procédé spécialisé distinct du rang social.";0;0;0;0;0
Bûcheron;Travailleur forestier;0.0700093736111111;0.1159172355969122;63.008436249999995;A — activité attestée;"MJ135; SB107";"Marchands/artisans/propriétaires de bateaux, officiers et bureaucrates ; commerces seulement besoins courants. Professions des résidents ; lieu de travail et commanditaires peuvent être extérieurs au quartier. Visiteurs exclus du stock. activité/institution locale Budget civil 2,00 % ; coefficient 0,750000 ; part de filière 6,250 %. Savoir-faire de terrain et sécurité ; procédé spécialisé distinct du rang social.";3.733552505436748e-06;7.387783851505707e-07;0.0005381845922717848;0.06623304509052624;0.003233671597422485
Forestier;Travailleur forestier;0.0700093736111111;0.1159172355969122;63.008436249999995;A — activité attestée;MJ140;"Marchands/artisans/propriétaires de bateaux, officiers et bureaucrates ; commerces seulement besoins courants. Professions des résidents ; lieu de travail et commanditaires peuvent être extérieurs au quartier. Visiteurs exclus du stock. activité/institution locale Budget civil 2,00 % ; coefficient 0,750000 ; part de filière 6,250 %. Savoir-faire de terrain et sécurité ; procédé spécialisé distinct du rang social.";3.733552505436748e-06;7.387783851505707e-07;0.0005381845922717848;0.06623304509052624;0.003233671597422485
Scieur;Travailleur forestier;0.0700093736111111;0.1159172355969122;63.008436249999995;D — activité déduite;SB99;"Marchands/artisans/propriétaires de bateaux, officiers et bureaucrates ; commerces seulement besoins courants. Professions des résidents ; lieu de travail et commanditaires peuvent être extérieurs au quartier. Visiteurs exclus du stock. activité/institution locale Budget civil 2,00 % ; coefficient 0,750000 ; part de filière 6,250 %. Savoir-faire de terrain et sécurité ; procédé spécialisé distinct du rang social.";3.733552505436748e-06;7.387783851505707e-07;0.0005381845922717848;0.06623304509052624;0.003233671597422485
Pêcheur maritime;Pêcheur;2.973986573864946;4.924144933215686;2676.587916478451;A — activité attestée;"SB110; SB168";"Marchands/artisans/propriétaires de bateaux, officiers et bureaucrates ; commerces seulement besoins courants. Professions des résidents ; lieu de travail et commanditaires peuvent être extérieurs au quartier. Visiteurs exclus du stock. activité/institution locale Budget civil 16,00 % ; coefficient 14,400000 ; part de filière 33,187 %. Transmission familiale, terre/eau, droits d’usage et outils ; les tâches saisonnières restent secondaires.";0.00026532902030560444;0.00021000839802790163;0.011474004214734334;2.8241545723761865;0.1378826598556916
Pêcheur d’eau douce;Pêcheur;0.29739865738649457;0.49241449332156856;267.6587916478451;A — activité attestée;SB138;"Marchands/artisans/propriétaires de bateaux, officiers et bureaucrates ; commerces seulement besoins courants. Professions des résidents ; lieu de travail et commanditaires peuvent être extérieurs au quartier. Visiteurs exclus du stock. activité/institution locale Budget civil 16,00 % ; coefficient 1,440000 ; part de filière 3,319 %. Transmission familiale, terre/eau, droits d’usage et outils ; les tâches saisonnières restent secondaires.";2.6532902030560437e-05;2.1000839802790157e-05;0.0011474004214734321;0.28241545723761863;0.013788265985569152
Cultivateur marin;Pêcheur;0;0;0.0;P — activité proposée;SB149;"Marchands/artisans/propriétaires de bateaux, officiers et bureaucrates ; commerces seulement besoins courants. Professions des résidents ; lieu de travail et commanditaires peuvent être extérieurs au quartier. Visiteurs exclus du stock. activité/institution locale Budget civil 16,00 % ; coefficient 0,000000 ; part de filière 0,000 %. Zéro proposé : Filière régionale non retenue dans ce scénario, sans interdiction universelle. Transmission familiale, terre/eau, droits d’usage et outils ; les tâches saisonnières restent secondaires.";0;0;0;0;0
Mineur;Extracteur de ressources minérales;0.04667291574074073;0.07727815706460812;42.00562416666666;A — activité attestée;"MJ135; SB160";"Marchands/artisans/propriétaires de bateaux, officiers et bureaucrates ; commerces seulement besoins courants. Professions des résidents ; lieu de travail et commanditaires peuvent être extérieurs au quartier. Visiteurs exclus du stock. activité/institution locale Budget civil 2,00 % ; coefficient 0,500000 ; part de filière 4,167 %. Savoir-faire de terrain et sécurité ; procédé spécialisé distinct du rang social.";2.489035003624497e-06;4.925189234337137e-07;0.00035878972818118965;0.04415536339368416;0.0021557810649483226
Carrier;Extracteur de ressources minérales;0.04667291574074073;0.07727815706460812;42.00562416666666;D — activité déduite;"MJ135; SB160";"Marchands/artisans/propriétaires de bateaux, officiers et bureaucrates ; commerces seulement besoins courants. Professions des résidents ; lieu de travail et commanditaires peuvent être extérieurs au quartier. Visiteurs exclus du stock. activité/institution locale Budget civil 2,00 % ; coefficient 0,500000 ; part de filière 4,167 %. Savoir-faire de terrain et sécurité ; procédé spécialisé distinct du rang social.";2.489035003624497e-06;4.925189234337137e-07;0.00035878972818118965;0.04415536339368416;0.0021557810649483226
Salinier;Extracteur de ressources minérales;0;0;0.0;P — activité proposée;SB120;"Marchands/artisans/propriétaires de bateaux, officiers et bureaucrates ; commerces seulement besoins courants. Professions des résidents ; lieu de travail et commanditaires peuvent être extérieurs au quartier. Visiteurs exclus du stock. activité/institution locale Budget civil 2,00 % ; coefficient 0,000000 ; part de filière 0,000 %. Zéro proposé : Climat, matière ou culture hors filière régionale retenue ; aucun établissement exceptionnel proposé. Savoir-faire de terrain et sécurité ; procédé spécialisé distinct du rang social.";0;0;0;0;0
Mineur de bauronite;Extracteur de ressources minérales;0.04667291574074073;0.07727815706460812;42.00562416666666;A — activité attestée;"SB174; SB182";"Marchands/artisans/propriétaires de bateaux, officiers et bureaucrates ; commerces seulement besoins courants. Professions des résidents ; lieu de travail et commanditaires peuvent être extérieurs au quartier. Visiteurs exclus du stock. activité/institution locale Budget civil 2,00 % ; coefficient 0,500000 ; part de filière 4,167 %. Savoir-faire de terrain et sécurité ; procédé spécialisé distinct du rang social.";2.489035003624497e-06;4.925189234337137e-07;0.00035878972818118965;0.04415536339368416;0.0021557810649483226
Mineur de tameranium;Extracteur de ressources minérales;0;0;0.0;A — activité attestée;"SB168; SB198";"Marchands/artisans/propriétaires de bateaux, officiers et bureaucrates ; commerces seulement besoins courants. Professions des résidents ; lieu de travail et commanditaires peuvent être extérieurs au quartier. Visiteurs exclus du stock. activité/institution locale Budget civil 2,00 % ; coefficient 0,000000 ; part de filière 0,000 %. Zéro proposé : Climat, matière ou culture hors filière régionale retenue ; aucun établissement exceptionnel proposé. Savoir-faire de terrain et sécurité ; procédé spécialisé distinct du rang social.";0;0;0;0;0
Extracteur d’obsidienne;Extracteur de ressources minérales;0;0;0.0;A — activité attestée;SB190;"Marchands/artisans/propriétaires de bateaux, officiers et bureaucrates ; commerces seulement besoins courants. Professions des résidents ; lieu de travail et commanditaires peuvent être extérieurs au quartier. Visiteurs exclus du stock. activité/institution locale Budget civil 2,00 % ; coefficient 0,000000 ; part de filière 0,000 %. Zéro proposé : Filière régionale non retenue dans ce scénario, sans interdiction universelle. Savoir-faire de terrain et sécurité ; procédé spécialisé distinct du rang social.";0;0;0;0;0
Extracteur de soufre;Extracteur de ressources minérales;0;0;0.0;A — activité attestée;SB190;"Marchands/artisans/propriétaires de bateaux, officiers et bureaucrates ; commerces seulement besoins courants. Professions des résidents ; lieu de travail et commanditaires peuvent être extérieurs au quartier. Visiteurs exclus du stock. activité/institution locale Budget civil 2,00 % ; coefficient 0,000000 ; part de filière 0,000 %. Zéro proposé : Filière régionale non retenue dans ce scénario, sans interdiction universelle. Savoir-faire de terrain et sécurité ; procédé spécialisé distinct du rang social.";0;0;0;0;0
Prospecteur;Extracteur de ressources minérales;0.04667291574074073;0.07727815706460812;42.00562416666666;D — activité déduite;SB104;"Marchands/artisans/propriétaires de bateaux, officiers et bureaucrates ; commerces seulement besoins courants. Professions des résidents ; lieu de travail et commanditaires peuvent être extérieurs au quartier. Visiteurs exclus du stock. activité/institution locale Budget civil 2,00 % ; coefficient 0,500000 ; part de filière 4,167 %. Savoir-faire de terrain et sécurité ; procédé spécialisé distinct du rang social.";2.489035003624497e-06;4.925189234337137e-07;0.00035878972818118965;0.04415536339368416;0.0021557810649483226
Meunier;Meunier;0.2262808313381787;0.37466195002678765;203.65274820436082;D — activité déduite;SB121;"Marchands/artisans/propriétaires de bateaux, officiers et bureaucrates ; commerces seulement besoins courants. Professions des résidents ; lieu de travail et commanditaires peuvent être extérieurs au quartier. Visiteurs exclus du stock. activité/institution locale Budget civil 27,00 % ; coefficient 1,750000 ; part de filière 1,496 %. Apprentissage, atelier, combustible et outils ; titre noble ne remplace pas qualification.";2.3411929057136632e-05;1.8530584066413527e-05;0.008436964175248085;0.20766325780064795;0.010138666849159097
Boucher;Boucher;0.25860666438649;0.4281850857449003;232.74599794784098;D — activité déduite;SB99;"Marchands/artisans/propriétaires de bateaux, officiers et bureaucrates ; commerces seulement besoins courants. Professions des résidents ; lieu de travail et commanditaires peuvent être extérieurs au quartier. Visiteurs exclus du stock. activité/institution locale Budget civil 27,00 % ; coefficient 2,000000 ; part de filière 1,710 %. Apprentissage, atelier, combustible et outils ; titre noble ne remplace pas qualification.";2.6756490351013292e-05;2.1177810361615458e-05;0.009642244771712095;0.23732943748645485;0.011587047827610397
Écorcheur;Boucher;0.10344266575459599;0.1712740342979601;93.0983991791364;A — activité attestée;MJ128;"Marchands/artisans/propriétaires de bateaux, officiers et bureaucrates ; commerces seulement besoins courants. Professions des résidents ; lieu de travail et commanditaires peuvent être extérieurs au quartier. Visiteurs exclus du stock. activité/institution locale Budget civil 27,00 % ; coefficient 0,800000 ; part de filière 0,684 %. Apprentissage, atelier, combustible et outils ; titre noble ne remplace pas qualification.";1.0702596140405322e-05;8.471124144646183e-06;0.003856897908684839;0.09493177499458194;0.004634819131044161
Boulanger;Boulanger;0.5495391618212911;0.909893307207913;494.585245639162;A — activité attestée;MJ128;"Marchands/artisans/propriétaires de bateaux, officiers et bureaucrates ; commerces seulement besoins courants. Professions des résidents ; lieu de travail et commanditaires peuvent être extérieurs au quartier. Visiteurs exclus du stock. activité/institution locale Budget civil 27,00 % ; coefficient 4,250000 ; part de filière 3,634 %. Apprentissage, atelier, combustible et outils ; titre noble ne remplace pas qualification.";5.685754199590327e-05;4.5002847018432864e-05;0.020489770139888203;0.5043250546587165;0.0246224766336721
Cuisinier;Cuisinier;1.011226443699309;1.6743268489623633;910.103799329378;A — activité attestée;MJ128;"Marchands/artisans/propriétaires de bateaux, officiers et bureaucrates ; commerces seulement besoins courants. Professions des résidents ; lieu de travail et commanditaires peuvent être extérieurs au quartier. Visiteurs exclus du stock. activité/institution locale Budget civil 14,00 % ; coefficient 7,500000 ; part de filière 12,897 %. Apprentissage et qualification variable ; soins avancés et thérapie magique exigent formation.";5.430396460832253e-05;1.074542147785256e-05;0.003913907332080323;0.963349767081052;0.0438977199000906
Cuisinier de haute cuisine;Cuisinier;0;0;0.0;A — activité attestée;"PG28; CC52";"Marchands/artisans/propriétaires de bateaux, officiers et bureaucrates ; commerces seulement besoins courants. Professions des résidents ; lieu de travail et commanditaires peuvent être extérieurs au quartier. Visiteurs exclus du stock. activité/institution locale Budget civil 14,00 % ; coefficient 0,000000 ; part de filière 0,000 %. Zéro proposé : Haute cuisine concentrée auprès de clientèle et maîtres attestés/proposés ; cuisine ordinaire conservée. Apprentissage et qualification variable ; soins avancés et thérapie magique exigent formation.";0;0;0;0;0
Poissonnier;Transformateur alimentaire;0.16809433185121847;0.2783203057341851;151.2848986660966;D — activité déduite;"SB120; SB149";"Marchands/artisans/propriétaires de bateaux, officiers et bureaucrates ; commerces seulement besoins courants. Professions des résidents ; lieu de travail et commanditaires peuvent être extérieurs au quartier. Visiteurs exclus du stock. activité/institution locale Budget civil 27,00 % ; coefficient 1,300000 ; part de filière 1,112 %. Apprentissage, atelier, combustible et outils ; titre noble ne remplace pas qualification.";1.7391718728158637e-05;1.3765576735050045e-05;0.006267459101612862;0.15426413436619565;0.007531581087946759
Saleur et sécheur alimentaire;Transformateur alimentaire;0.16809433185121847;0.2783203057341851;151.2848986660966;D — activité déduite;"SB120; SB149";"Marchands/artisans/propriétaires de bateaux, officiers et bureaucrates ; commerces seulement besoins courants. Professions des résidents ; lieu de travail et commanditaires peuvent être extérieurs au quartier. Visiteurs exclus du stock. activité/institution locale Budget civil 27,00 % ; coefficient 1,300000 ; part de filière 1,112 %. Apprentissage, atelier, combustible et outils ; titre noble ne remplace pas qualification.";1.7391718728158637e-05;1.3765576735050045e-05;0.006267459101612862;0.15426413436619565;0.007531581087946759
Fromager;Transformateur alimentaire;0.16809433185121847;0.2783203057341851;151.2848986660966;A — activité attestée;"SB120; SB149";"Marchands/artisans/propriétaires de bateaux, officiers et bureaucrates ; commerces seulement besoins courants. Professions des résidents ; lieu de travail et commanditaires peuvent être extérieurs au quartier. Visiteurs exclus du stock. activité/institution locale Budget civil 27,00 % ; coefficient 1,300000 ; part de filière 1,112 %. Apprentissage, atelier, combustible et outils ; titre noble ne remplace pas qualification.";1.7391718728158637e-05;1.3765576735050045e-05;0.006267459101612862;0.15426413436619565;0.007531581087946759
Huilier;Transformateur alimentaire;0.16809433185121847;0.2783203057341851;151.2848986660966;P — activité proposée;"SB120; SB149";"Marchands/artisans/propriétaires de bateaux, officiers et bureaucrates ; commerces seulement besoins courants. Professions des résidents ; lieu de travail et commanditaires peuvent être extérieurs au quartier. Visiteurs exclus du stock. activité/institution locale Budget civil 27,00 % ; coefficient 1,300000 ; part de filière 1,112 %. Apprentissage, atelier, combustible et outils ; titre noble ne remplace pas qualification.";1.7391718728158637e-05;1.3765576735050045e-05;0.006267459101612862;0.15426413436619565;0.007531581087946759
Brasseur;Fabricant de boissons;0.15516399863189395;0.2569110514469401;139.64759876870457;A — activité attestée;"MJ128; SB120";"Marchands/artisans/propriétaires de bateaux, officiers et bureaucrates ; commerces seulement besoins courants. Professions des résidents ; lieu de travail et commanditaires peuvent être extérieurs au quartier. Visiteurs exclus du stock. activité/institution locale Budget civil 27,00 % ; coefficient 1,200000 ; part de filière 1,026 %. Apprentissage, atelier, combustible et outils ; titre noble ne remplace pas qualification.";1.6053894210607982e-05;1.2706686216969277e-05;0.005785346863027258;0.14239766249187288;0.006952228696566239
Distillateur;Fabricant de boissons;0.15516399863189395;0.2569110514469401;139.64759876870457;A — activité attestée;"MJ128; SB120";"Marchands/artisans/propriétaires de bateaux, officiers et bureaucrates ; commerces seulement besoins courants. Professions des résidents ; lieu de travail et commanditaires peuvent être extérieurs au quartier. Visiteurs exclus du stock. activité/institution locale Budget civil 27,00 % ; coefficient 1,200000 ; part de filière 1,026 %. Apprentissage, atelier, combustible et outils ; titre noble ne remplace pas qualification.";1.6053894210607982e-05;1.2706686216969277e-05;0.005785346863027258;0.14239766249187288;0.006952228696566239
Distillateur de Highlandtuber;Fabricant de boissons;0;0;0.0;A — activité attestée;"SB120; SB121";"Marchands/artisans/propriétaires de bateaux, officiers et bureaucrates ; commerces seulement besoins courants. Professions des résidents ; lieu de travail et commanditaires peuvent être extérieurs au quartier. Visiteurs exclus du stock. activité/institution locale Budget civil 27,00 % ; coefficient 0,000000 ; part de filière 0,000 %. Zéro proposé : Filière régionale non retenue dans ce scénario, sans interdiction universelle. Apprentissage, atelier, combustible et outils ; titre noble ne remplace pas qualification.";0;0;0;0;0
Maître de cérémonie du thé;Maître de cérémonie du thé;0;0;0.0;A — activité attestée;SB201;"Marchands/artisans/propriétaires de bateaux, officiers et bureaucrates ; commerces seulement besoins courants. Professions des résidents ; lieu de travail et commanditaires peuvent être extérieurs au quartier. Visiteurs exclus du stock. activité/institution locale Budget civil 1,00 % ; coefficient 0,000000 ; part de filière 0,000 %. Zéro proposé : Filière régionale non retenue dans ce scénario, sans interdiction universelle. Apprentissage, audition et réseau ; accès au mérite notamment Mustardseed.";0;0;0;0;0
Alchimiste;Alchimiste;0.047704932445988966;0.07898690715608478;42.93443920139007;A — activité attestée;"MJ128; BR55";"Marchands/artisans/propriétaires de bateaux, officiers et bureaucrates ; commerces seulement besoins courants. Professions des résidents ; lieu de travail et commanditaires peuvent être extérieurs au quartier. Visiteurs exclus du stock. activité/institution locale Budget civil 1,00 % ; coefficient 2,500000 ; part de filière 8,518 %. Long apprentissage, frais, bourses, talent, licence ou secret ; titre ne donne pas maîtrise.";0.0002417780180047163;4.784193430956854e-05;0.00435648098729922;0.0428913061891738;0.00016752531720166507
Apothicaire;Alchimiste;0.019081972978395586;0.03159476286243391;17.173775680556027;A — activité attestée;"MJ128; BR55";"Marchands/artisans/propriétaires de bateaux, officiers et bureaucrates ; commerces seulement besoins courants. Professions des résidents ; lieu de travail et commanditaires peuvent être extérieurs au quartier. Visiteurs exclus du stock. activité/institution locale Budget civil 1,00 % ; coefficient 1,000000 ; part de filière 3,407 %. Long apprentissage, frais, bourses, talent, licence ou secret ; titre ne donne pas maîtrise.";9.671120720188654e-05;1.913677372382742e-05;0.0017425923949196884;0.017156522475669518;6.701012688066603e-05
Préparateur de poisons;Alchimiste;0.019081972978395586;0.03159476286243391;17.173775680556027;D — activité déduite;"BR55; SB193";"Marchands/artisans/propriétaires de bateaux, officiers et bureaucrates ; commerces seulement besoins courants. Professions des résidents ; lieu de travail et commanditaires peuvent être extérieurs au quartier. Visiteurs exclus du stock. activité/institution locale Budget civil 1,00 % ; coefficient 1,000000 ; part de filière 3,407 %. Long apprentissage, frais, bourses, talent, licence ou secret ; titre ne donne pas maîtrise.";9.671120720188654e-05;1.913677372382742e-05;0.0017425923949196884;0.017156522475669518;6.701012688066603e-05
Préparateur de potions;Alchimiste;0.019081972978395586;0.03159476286243391;17.173775680556027;A — activité attestée;SB138;"Marchands/artisans/propriétaires de bateaux, officiers et bureaucrates ; commerces seulement besoins courants. Professions des résidents ; lieu de travail et commanditaires peuvent être extérieurs au quartier. Visiteurs exclus du stock. activité/institution locale Budget civil 1,00 % ; coefficient 1,000000 ; part de filière 3,407 %. Long apprentissage, frais, bourses, talent, licence ou secret ; titre ne donne pas maîtrise.";9.671120720188654e-05;1.913677372382742e-05;0.0017425923949196884;0.017156522475669518;6.701012688066603e-05
Préparateur d’Estelindea;Alchimiste;0;0;0.0;A — activité attestée;SB153;"Marchands/artisans/propriétaires de bateaux, officiers et bureaucrates ; commerces seulement besoins courants. Professions des résidents ; lieu de travail et commanditaires peuvent être extérieurs au quartier. Visiteurs exclus du stock. activité/institution locale Budget civil 1,00 % ; coefficient 0,000000 ; part de filière 0,000 %. Zéro proposé : Filière régionale non retenue dans ce scénario, sans interdiction universelle. Long apprentissage, frais, bourses, talent, licence ou secret ; titre ne donne pas maîtrise.";0;0;0;0;0
Charbonnier;Charbonnier;0.0700093736111111;0.1159172355969122;63.008436249999995;P — activité proposée;SB128;"Marchands/artisans/propriétaires de bateaux, officiers et bureaucrates ; commerces seulement besoins courants. Professions des résidents ; lieu de travail et commanditaires peuvent être extérieurs au quartier. Visiteurs exclus du stock. activité/institution locale Budget civil 2,00 % ; coefficient 0,750000 ; part de filière 6,250 %. Savoir-faire de terrain et sécurité ; procédé spécialisé distinct du rang social.";3.733552505436748e-06;7.387783851505707e-07;0.0005381845922717848;0.06623304509052624;0.003233671597422485
Fondeur et affineur;Métallurgiste;0.09051233253527148;0.14986478001071504;81.46109928174434;D — activité déduite;"SB198; SB160";"Marchands/artisans/propriétaires de bateaux, officiers et bureaucrates ; commerces seulement besoins courants. Professions des résidents ; lieu de travail et commanditaires peuvent être extérieurs au quartier. Visiteurs exclus du stock. activité/institution locale Budget civil 27,00 % ; coefficient 0,700000 ; part de filière 0,599 %. Apprentissage, atelier, combustible et outils ; titre noble ne remplace pas qualification.";9.364771622854652e-06;7.412233626565411e-06;0.003374785670099233;0.08306530312025918;0.004055466739663638
Aciériste;Métallurgiste;0.09051233253527148;0.14986478001071504;81.46109928174434;D — activité déduite;SB198;"Marchands/artisans/propriétaires de bateaux, officiers et bureaucrates ; commerces seulement besoins courants. Professions des résidents ; lieu de travail et commanditaires peuvent être extérieurs au quartier. Visiteurs exclus du stock. activité/institution locale Budget civil 27,00 % ; coefficient 0,700000 ; part de filière 0,599 %. Apprentissage, atelier, combustible et outils ; titre noble ne remplace pas qualification.";9.364771622854652e-06;7.412233626565411e-06;0.003374785670099233;0.08306530312025918;0.004055466739663638
Forgeron;Forgeron;0.6465166609662248;1.0704627143622505;581.8649948696024;A — activité attestée;MJ128;"Marchands/artisans/propriétaires de bateaux, officiers et bureaucrates ; commerces seulement besoins courants. Professions des résidents ; lieu de travail et commanditaires peuvent être extérieurs au quartier. Visiteurs exclus du stock. activité/institution locale Budget civil 27,00 % ; coefficient 5,000000 ; part de filière 4,275 %. Apprentissage, atelier, combustible et outils ; titre noble ne remplace pas qualification.";6.689122587753325e-05;5.294452590403865e-05;0.024105611929280246;0.5933235937161371;0.028967619569025993
Armurier;Forgeron;0.25860666438649;0.4281850857449003;232.74599794784098;A — activité attestée;MJ128;"Marchands/artisans/propriétaires de bateaux, officiers et bureaucrates ; commerces seulement besoins courants. Professions des résidents ; lieu de travail et commanditaires peuvent être extérieurs au quartier. Visiteurs exclus du stock. activité/institution locale Budget civil 27,00 % ; coefficient 2,000000 ; part de filière 1,710 %. Apprentissage, atelier, combustible et outils ; titre noble ne remplace pas qualification.";2.6756490351013292e-05;2.1177810361615458e-05;0.009642244771712095;0.23732943748645485;0.011587047827610397
Coutelier;Forgeron;0.25860666438649;0.4281850857449003;232.74599794784098;D — activité déduite;MJ128;"Marchands/artisans/propriétaires de bateaux, officiers et bureaucrates ; commerces seulement besoins courants. Professions des résidents ; lieu de travail et commanditaires peuvent être extérieurs au quartier. Visiteurs exclus du stock. activité/institution locale Budget civil 27,00 % ; coefficient 2,000000 ; part de filière 1,710 %. Apprentissage, atelier, combustible et outils ; titre noble ne remplace pas qualification.";2.6756490351013292e-05;2.1177810361615458e-05;0.009642244771712095;0.23732943748645485;0.011587047827610397
Rémouleur;Forgeron;0.25860666438649;0.4281850857449003;232.74599794784098;D — activité déduite;MJ128;"Marchands/artisans/propriétaires de bateaux, officiers et bureaucrates ; commerces seulement besoins courants. Professions des résidents ; lieu de travail et commanditaires peuvent être extérieurs au quartier. Visiteurs exclus du stock. activité/institution locale Budget civil 27,00 % ; coefficient 2,000000 ; part de filière 1,710 %. Apprentissage, atelier, combustible et outils ; titre noble ne remplace pas qualification.";2.6756490351013292e-05;2.1177810361615458e-05;0.009642244771712095;0.23732943748645485;0.011587047827610397
Serrurier;Mécanicien et artisan du métal;0.15516399863189395;0.2569110514469401;139.64759876870457;A — activité attestée;"MJ128; SB174";"Marchands/artisans/propriétaires de bateaux, officiers et bureaucrates ; commerces seulement besoins courants. Professions des résidents ; lieu de travail et commanditaires peuvent être extérieurs au quartier. Visiteurs exclus du stock. activité/institution locale Budget civil 27,00 % ; coefficient 1,200000 ; part de filière 1,026 %. Apprentissage, atelier, combustible et outils ; titre noble ne remplace pas qualification.";1.6053894210607982e-05;1.2706686216969277e-05;0.005785346863027258;0.14239766249187288;0.006952228696566239
Rétameur;Mécanicien et artisan du métal;0.15516399863189395;0.2569110514469401;139.64759876870457;A — activité attestée;"MJ128; SB174";"Marchands/artisans/propriétaires de bateaux, officiers et bureaucrates ; commerces seulement besoins courants. Professions des résidents ; lieu de travail et commanditaires peuvent être extérieurs au quartier. Visiteurs exclus du stock. activité/institution locale Budget civil 27,00 % ; coefficient 1,200000 ; part de filière 1,026 %. Apprentissage, atelier, combustible et outils ; titre noble ne remplace pas qualification.";1.6053894210607982e-05;1.2706686216969277e-05;0.005785346863027258;0.14239766249187288;0.006952228696566239
Réparateur et bricoleur;Mécanicien et artisan du métal;0.15516399863189395;0.2569110514469401;139.64759876870457;A — activité attestée;"MJ128; SB174";"Marchands/artisans/propriétaires de bateaux, officiers et bureaucrates ; commerces seulement besoins courants. Professions des résidents ; lieu de travail et commanditaires peuvent être extérieurs au quartier. Visiteurs exclus du stock. activité/institution locale Budget civil 27,00 % ; coefficient 1,200000 ; part de filière 1,026 %. Apprentissage, atelier, combustible et outils ; titre noble ne remplace pas qualification.";1.6053894210607982e-05;1.2706686216969277e-05;0.005785346863027258;0.14239766249187288;0.006952228696566239
Horloger;Mécanicien et artisan du métal;0;0;0.0;D — activité déduite;SB174;"Marchands/artisans/propriétaires de bateaux, officiers et bureaucrates ; commerces seulement besoins courants. Professions des résidents ; lieu de travail et commanditaires peuvent être extérieurs au quartier. Visiteurs exclus du stock. activité/institution locale Budget civil 27,00 % ; coefficient 0,000000 ; part de filière 0,000 %. Zéro proposé : Climat, matière ou culture hors filière régionale retenue ; aucun établissement exceptionnel proposé. Apprentissage, atelier, combustible et outils ; titre noble ne remplace pas qualification.";0;0;0;0;0
Fabricant d’outils de précision;Mécanicien et artisan du métal;0;0;0.0;A — activité attestée;SB174;"Marchands/artisans/propriétaires de bateaux, officiers et bureaucrates ; commerces seulement besoins courants. Professions des résidents ; lieu de travail et commanditaires peuvent être extérieurs au quartier. Visiteurs exclus du stock. activité/institution locale Budget civil 27,00 % ; coefficient 0,000000 ; part de filière 0,000 %. Zéro proposé : Climat, matière ou culture hors filière régionale retenue ; aucun établissement exceptionnel proposé. Apprentissage, atelier, combustible et outils ; titre noble ne remplace pas qualification.";0;0;0;0;0
Fabricant d’instruments de navigation;Mécanicien et artisan du métal;0;0;0.0;D — activité déduite;SB174;"Marchands/artisans/propriétaires de bateaux, officiers et bureaucrates ; commerces seulement besoins courants. Professions des résidents ; lieu de travail et commanditaires peuvent être extérieurs au quartier. Visiteurs exclus du stock. activité/institution locale Budget civil 27,00 % ; coefficient 0,000000 ; part de filière 0,000 %. Zéro proposé : Climat, matière ou culture hors filière régionale retenue ; aucun établissement exceptionnel proposé. Apprentissage, atelier, combustible et outils ; titre noble ne remplace pas qualification.";0;0;0;0;0
Bijoutier;Bijoutier;0.25860666438649;0.4281850857449003;232.74599794784098;A — activité attestée;MJ128;"Marchands/artisans/propriétaires de bateaux, officiers et bureaucrates ; commerces seulement besoins courants. Professions des résidents ; lieu de travail et commanditaires peuvent être extérieurs au quartier. Visiteurs exclus du stock. activité/institution locale Budget civil 27,00 % ; coefficient 2,000000 ; part de filière 1,710 %. Apprentissage, atelier, combustible et outils ; titre noble ne remplace pas qualification.";2.6756490351013292e-05;2.1177810361615458e-05;0.009642244771712095;0.23732943748645485;0.011587047827610397
Orfèvre;Bijoutier;0.10344266575459599;0.1712740342979601;93.0983991791364;A — activité attestée;MJ128;"Marchands/artisans/propriétaires de bateaux, officiers et bureaucrates ; commerces seulement besoins courants. Professions des résidents ; lieu de travail et commanditaires peuvent être extérieurs au quartier. Visiteurs exclus du stock. activité/institution locale Budget civil 27,00 % ; coefficient 0,800000 ; part de filière 0,684 %. Apprentissage, atelier, combustible et outils ; titre noble ne remplace pas qualification.";1.0702596140405322e-05;8.471124144646183e-06;0.003856897908684839;0.09493177499458194;0.004634819131044161
Lapidaire et tailleur de gemmes;Bijoutier;0.10344266575459599;0.1712740342979601;93.0983991791364;A — activité attestée;MJ128;"Marchands/artisans/propriétaires de bateaux, officiers et bureaucrates ; commerces seulement besoins courants. Professions des résidents ; lieu de travail et commanditaires peuvent être extérieurs au quartier. Visiteurs exclus du stock. activité/institution locale Budget civil 27,00 % ; coefficient 0,800000 ; part de filière 0,684 %. Apprentissage, atelier, combustible et outils ; titre noble ne remplace pas qualification.";1.0702596140405322e-05;8.471124144646183e-06;0.003856897908684839;0.09493177499458194;0.004634819131044161
Tanneur;Tanneur;0.1616291652415562;0.2676156785905626;145.4662487174006;A — activité attestée;MJ128;"Marchands/artisans/propriétaires de bateaux, officiers et bureaucrates ; commerces seulement besoins courants. Professions des résidents ; lieu de travail et commanditaires peuvent être extérieurs au quartier. Visiteurs exclus du stock. activité/institution locale Budget civil 27,00 % ; coefficient 1,250000 ; part de filière 1,069 %. Apprentissage, atelier, combustible et outils ; titre noble ne remplace pas qualification.";1.6722806469383313e-05;1.3236131476009662e-05;0.006026402982320061;0.14833089842903427;0.007241904892256498
Fourreur;Tanneur;0.0646516660966225;0.10704627143622507;58.186499486960244;D — activité déduite;"SB120; SB133";"Marchands/artisans/propriétaires de bateaux, officiers et bureaucrates ; commerces seulement besoins courants. Professions des résidents ; lieu de travail et commanditaires peuvent être extérieurs au quartier. Visiteurs exclus du stock. activité/institution locale Budget civil 27,00 % ; coefficient 0,500000 ; part de filière 0,428 %. Apprentissage, atelier, combustible et outils ; titre noble ne remplace pas qualification.";6.689122587753323e-06;5.2944525904038645e-06;0.0024105611929280237;0.05933235937161371;0.002896761956902599
Maroquinier;Artisan du cuir;0.20688533150919197;0.3425480685959202;186.1967983582728;A — activité attestée;MJ128;"Marchands/artisans/propriétaires de bateaux, officiers et bureaucrates ; commerces seulement besoins courants. Professions des résidents ; lieu de travail et commanditaires peuvent être extérieurs au quartier. Visiteurs exclus du stock. activité/institution locale Budget civil 27,00 % ; coefficient 1,600000 ; part de filière 1,368 %. Apprentissage, atelier, combustible et outils ; titre noble ne remplace pas qualification.";2.1405192280810644e-05;1.6942248289292366e-05;0.007713795817369678;0.18986354998916388;0.009269638262088322
Bourrelier et sellier;Artisan du cuir;0.20688533150919197;0.3425480685959202;186.1967983582728;D — activité déduite;"MJ128; SB163";"Marchands/artisans/propriétaires de bateaux, officiers et bureaucrates ; commerces seulement besoins courants. Professions des résidents ; lieu de travail et commanditaires peuvent être extérieurs au quartier. Visiteurs exclus du stock. activité/institution locale Budget civil 27,00 % ; coefficient 1,600000 ; part de filière 1,368 %. Apprentissage, atelier, combustible et outils ; titre noble ne remplace pas qualification.";2.1405192280810644e-05;1.6942248289292366e-05;0.007713795817369678;0.18986354998916388;0.009269638262088322
Boursier, fabricant de bourses;Artisan du cuir;0.20688533150919197;0.3425480685959202;186.1967983582728;D — activité déduite;MJ128;"Marchands/artisans/propriétaires de bateaux, officiers et bureaucrates ; commerces seulement besoins courants. Professions des résidents ; lieu de travail et commanditaires peuvent être extérieurs au quartier. Visiteurs exclus du stock. activité/institution locale Budget civil 27,00 % ; coefficient 1,600000 ; part de filière 1,368 %. Apprentissage, atelier, combustible et outils ; titre noble ne remplace pas qualification.";2.1405192280810644e-05;1.6942248289292366e-05;0.007713795817369678;0.18986354998916388;0.009269638262088322
Gantier;Artisan du cuir;0.20688533150919197;0.3425480685959202;186.1967983582728;D — activité déduite;MJ128;"Marchands/artisans/propriétaires de bateaux, officiers et bureaucrates ; commerces seulement besoins courants. Professions des résidents ; lieu de travail et commanditaires peuvent être extérieurs au quartier. Visiteurs exclus du stock. activité/institution locale Budget civil 27,00 % ; coefficient 1,600000 ; part de filière 1,368 %. Apprentissage, atelier, combustible et outils ; titre noble ne remplace pas qualification.";2.1405192280810644e-05;1.6942248289292366e-05;0.007713795817369678;0.18986354998916388;0.009269638262088322
Cordonnier;Artisan du cuir;0.20688533150919197;0.3425480685959202;186.1967983582728;A — activité attestée;MJ128;"Marchands/artisans/propriétaires de bateaux, officiers et bureaucrates ; commerces seulement besoins courants. Professions des résidents ; lieu de travail et commanditaires peuvent être extérieurs au quartier. Visiteurs exclus du stock. activité/institution locale Budget civil 27,00 % ; coefficient 1,600000 ; part de filière 1,368 %. Apprentissage, atelier, combustible et outils ; titre noble ne remplace pas qualification.";2.1405192280810644e-05;1.6942248289292366e-05;0.007713795817369678;0.18986354998916388;0.009269638262088322
Fileur;Artisan textile;0.25860666438649;0.4281850857449003;232.74599794784098;D — activité déduite;MJ128;"Marchands/artisans/propriétaires de bateaux, officiers et bureaucrates ; commerces seulement besoins courants. Professions des résidents ; lieu de travail et commanditaires peuvent être extérieurs au quartier. Visiteurs exclus du stock. activité/institution locale Budget civil 27,00 % ; coefficient 2,000000 ; part de filière 1,710 %. Apprentissage, atelier, combustible et outils ; titre noble ne remplace pas qualification.";2.6756490351013292e-05;2.1177810361615458e-05;0.009642244771712095;0.23732943748645485;0.011587047827610397
Tisserand;Artisan textile;0.25860666438649;0.4281850857449003;232.74599794784098;A — activité attestée;MJ128;"Marchands/artisans/propriétaires de bateaux, officiers et bureaucrates ; commerces seulement besoins courants. Professions des résidents ; lieu de travail et commanditaires peuvent être extérieurs au quartier. Visiteurs exclus du stock. activité/institution locale Budget civil 27,00 % ; coefficient 2,000000 ; part de filière 1,710 %. Apprentissage, atelier, combustible et outils ; titre noble ne remplace pas qualification.";2.6756490351013292e-05;2.1177810361615458e-05;0.009642244771712095;0.23732943748645485;0.011587047827610397
Teinturier;Artisan textile;0.25860666438649;0.4281850857449003;232.74599794784098;A — activité attestée;MJ128;"Marchands/artisans/propriétaires de bateaux, officiers et bureaucrates ; commerces seulement besoins courants. Professions des résidents ; lieu de travail et commanditaires peuvent être extérieurs au quartier. Visiteurs exclus du stock. activité/institution locale Budget civil 27,00 % ; coefficient 2,000000 ; part de filière 1,710 %. Apprentissage, atelier, combustible et outils ; titre noble ne remplace pas qualification.";2.6756490351013292e-05;2.1177810361615458e-05;0.009642244771712095;0.23732943748645485;0.011587047827610397
Tailleur;Tailleur de vêtements;0.25860666438649;0.4281850857449003;232.74599794784098;D — activité déduite;"MJ128; SB139";"Marchands/artisans/propriétaires de bateaux, officiers et bureaucrates ; commerces seulement besoins courants. Professions des résidents ; lieu de travail et commanditaires peuvent être extérieurs au quartier. Visiteurs exclus du stock. activité/institution locale Budget civil 27,00 % ; coefficient 2,000000 ; part de filière 1,710 %. Apprentissage, atelier, combustible et outils ; titre noble ne remplace pas qualification.";2.6756490351013292e-05;2.1177810361615458e-05;0.009642244771712095;0.23732943748645485;0.011587047827610397
Modiste et fabricant de coiffes;Tailleur de vêtements;0.25860666438649;0.4281850857449003;232.74599794784098;D — activité déduite;"SB139; SB120";"Marchands/artisans/propriétaires de bateaux, officiers et bureaucrates ; commerces seulement besoins courants. Professions des résidents ; lieu de travail et commanditaires peuvent être extérieurs au quartier. Visiteurs exclus du stock. activité/institution locale Budget civil 27,00 % ; coefficient 2,000000 ; part de filière 1,710 %. Apprentissage, atelier, combustible et outils ; titre noble ne remplace pas qualification.";2.6756490351013292e-05;2.1177810361615458e-05;0.009642244771712095;0.23732943748645485;0.011587047827610397
Tapissier;Tapissier;0.129303332193245;0.21409254287245014;116.37299897392049;D — activité déduite;SB200;"Marchands/artisans/propriétaires de bateaux, officiers et bureaucrates ; commerces seulement besoins courants. Professions des résidents ; lieu de travail et commanditaires peuvent être extérieurs au quartier. Visiteurs exclus du stock. activité/institution locale Budget civil 27,00 % ; coefficient 1,000000 ; part de filière 0,855 %. Apprentissage, atelier, combustible et outils ; titre noble ne remplace pas qualification.";1.3378245175506646e-05;1.0588905180807729e-05;0.004821122385856047;0.11866471874322743;0.005793523913805198
Menuisier;Menuisier;0.6465166609662248;1.0704627143622505;581.8649948696024;D — activité déduite;"MJ128; SB152";"Marchands/artisans/propriétaires de bateaux, officiers et bureaucrates ; commerces seulement besoins courants. Professions des résidents ; lieu de travail et commanditaires peuvent être extérieurs au quartier. Visiteurs exclus du stock. activité/institution locale Budget civil 27,00 % ; coefficient 5,000000 ; part de filière 4,275 %. Apprentissage, atelier, combustible et outils ; titre noble ne remplace pas qualification.";6.689122587753325e-05;5.294452590403865e-05;0.024105611929280246;0.5933235937161371;0.028967619569025993
Ébéniste;Menuisier;0.25860666438649;0.4281850857449003;232.74599794784098;D — activité déduite;MJ128;"Marchands/artisans/propriétaires de bateaux, officiers et bureaucrates ; commerces seulement besoins courants. Professions des résidents ; lieu de travail et commanditaires peuvent être extérieurs au quartier. Visiteurs exclus du stock. activité/institution locale Budget civil 27,00 % ; coefficient 2,000000 ; part de filière 1,710 %. Apprentissage, atelier, combustible et outils ; titre noble ne remplace pas qualification.";2.6756490351013292e-05;2.1177810361615458e-05;0.009642244771712095;0.23732943748645485;0.011587047827610397
Sculpteur sur bois;Menuisier;0.25860666438649;0.4281850857449003;232.74599794784098;A — activité attestée;MJ128;"Marchands/artisans/propriétaires de bateaux, officiers et bureaucrates ; commerces seulement besoins courants. Professions des résidents ; lieu de travail et commanditaires peuvent être extérieurs au quartier. Visiteurs exclus du stock. activité/institution locale Budget civil 27,00 % ; coefficient 2,000000 ; part de filière 1,710 %. Apprentissage, atelier, combustible et outils ; titre noble ne remplace pas qualification.";2.6756490351013292e-05;2.1177810361615458e-05;0.009642244771712095;0.23732943748645485;0.011587047827610397
Tonnelier;Menuisier;0.25860666438649;0.4281850857449003;232.74599794784098;A — activité attestée;MJ128;"Marchands/artisans/propriétaires de bateaux, officiers et bureaucrates ; commerces seulement besoins courants. Professions des résidents ; lieu de travail et commanditaires peuvent être extérieurs au quartier. Visiteurs exclus du stock. activité/institution locale Budget civil 27,00 % ; coefficient 2,000000 ; part de filière 1,710 %. Apprentissage, atelier, combustible et outils ; titre noble ne remplace pas qualification.";2.6756490351013292e-05;2.1177810361615458e-05;0.009642244771712095;0.23732943748645485;0.011587047827610397
Charron;Menuisier;0.25860666438649;0.4281850857449003;232.74599794784098;A — activité attestée;MJ128;"Marchands/artisans/propriétaires de bateaux, officiers et bureaucrates ; commerces seulement besoins courants. Professions des résidents ; lieu de travail et commanditaires peuvent être extérieurs au quartier. Visiteurs exclus du stock. activité/institution locale Budget civil 27,00 % ; coefficient 2,000000 ; part de filière 1,710 %. Apprentissage, atelier, combustible et outils ; titre noble ne remplace pas qualification.";2.6756490351013292e-05;2.1177810361615458e-05;0.009642244771712095;0.23732943748645485;0.011587047827610397
Charpentier;Charpentier;0.4202358296280462;0.6958007643354628;378.21224666524154;A — activité attestée;MJ128;"Marchands/artisans/propriétaires de bateaux, officiers et bureaucrates ; commerces seulement besoins courants. Professions des résidents ; lieu de travail et commanditaires peuvent être extérieurs au quartier. Visiteurs exclus du stock. activité/institution locale Budget civil 27,00 % ; coefficient 3,250000 ; part de filière 2,779 %. Apprentissage, atelier, combustible et outils ; titre noble ne remplace pas qualification.";4.347929682039662e-05;3.441394183762513e-05;0.015668647754032157;0.3856603359154891;0.0188289527198669
Couvreur;Charpentier;0.16809433185121847;0.2783203057341851;151.2848986660966;A — activité attestée;MJ128;"Marchands/artisans/propriétaires de bateaux, officiers et bureaucrates ; commerces seulement besoins courants. Professions des résidents ; lieu de travail et commanditaires peuvent être extérieurs au quartier. Visiteurs exclus du stock. activité/institution locale Budget civil 27,00 % ; coefficient 1,300000 ; part de filière 1,112 %. Apprentissage, atelier, combustible et outils ; titre noble ne remplace pas qualification.";1.7391718728158637e-05;1.3765576735050045e-05;0.006267459101612862;0.15426413436619565;0.007531581087946759
Constructeur naval;Constructeur naval;0.19395499828986745;0.32113881430867514;174.55949846088072;A — activité attestée;"MJ128; SB148";"Marchands/artisans/propriétaires de bateaux, officiers et bureaucrates ; commerces seulement besoins courants. Professions des résidents ; lieu de travail et commanditaires peuvent être extérieurs au quartier. Visiteurs exclus du stock. activité/institution locale Budget civil 27,00 % ; coefficient 1,500000 ; part de filière 1,283 %. Apprentissage, atelier, combustible et outils ; titre noble ne remplace pas qualification.";2.0067367763259976e-05;1.588335777121159e-05;0.007231683578784073;0.1779970781148411;0.008690285870707798
Calfat;Constructeur naval;0.07758199931594698;0.12845552572347005;69.82379938435228;D — activité déduite;"MJ128; SB148";"Marchands/artisans/propriétaires de bateaux, officiers et bureaucrates ; commerces seulement besoins courants. Professions des résidents ; lieu de travail et commanditaires peuvent être extérieurs au quartier. Visiteurs exclus du stock. activité/institution locale Budget civil 27,00 % ; coefficient 0,600000 ; part de filière 0,513 %. Apprentissage, atelier, combustible et outils ; titre noble ne remplace pas qualification.";8.026947105303991e-06;6.353343108484638e-06;0.002892673431513629;0.07119883124593644;0.0034761143482831196
Constructeur de drakkars;Constructeur naval;0;0;0.0;A — activité attestée;SB130;"Marchands/artisans/propriétaires de bateaux, officiers et bureaucrates ; commerces seulement besoins courants. Professions des résidents ; lieu de travail et commanditaires peuvent être extérieurs au quartier. Visiteurs exclus du stock. activité/institution locale Budget civil 27,00 % ; coefficient 0,000000 ; part de filière 0,000 %. Zéro proposé : Filière régionale non retenue dans ce scénario, sans interdiction universelle. Apprentissage, atelier, combustible et outils ; titre noble ne remplace pas qualification.";0;0;0;0;0
Cordier;Cordier;0.1616291652415562;0.2676156785905626;145.4662487174006;D — activité déduite;SB130;"Marchands/artisans/propriétaires de bateaux, officiers et bureaucrates ; commerces seulement besoins courants. Professions des résidents ; lieu de travail et commanditaires peuvent être extérieurs au quartier. Visiteurs exclus du stock. activité/institution locale Budget civil 27,00 % ; coefficient 1,250000 ; part de filière 1,069 %. Apprentissage, atelier, combustible et outils ; titre noble ne remplace pas qualification.";1.6722806469383313e-05;1.3236131476009662e-05;0.006026402982320061;0.14833089842903427;0.007241904892256498
Voilier;Cordier;0.0646516660966225;0.10704627143622507;58.186499486960244;A — activité attestée;MJ128;"Marchands/artisans/propriétaires de bateaux, officiers et bureaucrates ; commerces seulement besoins courants. Professions des résidents ; lieu de travail et commanditaires peuvent être extérieurs au quartier. Visiteurs exclus du stock. activité/institution locale Budget civil 27,00 % ; coefficient 0,500000 ; part de filière 0,428 %. Apprentissage, atelier, combustible et outils ; titre noble ne remplace pas qualification.";6.689122587753323e-06;5.2944525904038645e-06;0.0024105611929280237;0.05933235937161371;0.002896761956902599
Facteur d’arcs;Facteur d’arcs;0.129303332193245;0.21409254287245014;116.37299897392049;A — activité attestée;"MJ128; SB152";"Marchands/artisans/propriétaires de bateaux, officiers et bureaucrates ; commerces seulement besoins courants. Professions des résidents ; lieu de travail et commanditaires peuvent être extérieurs au quartier. Visiteurs exclus du stock. activité/institution locale Budget civil 27,00 % ; coefficient 1,000000 ; part de filière 0,855 %. Apprentissage, atelier, combustible et outils ; titre noble ne remplace pas qualification.";1.3378245175506646e-05;1.0588905180807729e-05;0.004821122385856047;0.11866471874322743;0.005793523913805198
Fabricant de flèches;Facteur d’arcs;0.05172133287729799;0.08563701714898005;46.5491995895682;A — activité attestée;SB152;"Marchands/artisans/propriétaires de bateaux, officiers et bureaucrates ; commerces seulement besoins courants. Professions des résidents ; lieu de travail et commanditaires peuvent être extérieurs au quartier. Visiteurs exclus du stock. activité/institution locale Budget civil 27,00 % ; coefficient 0,400000 ; part de filière 0,342 %. Apprentissage, atelier, combustible et outils ; titre noble ne remplace pas qualification.";5.351298070202661e-06;4.235562072323092e-06;0.0019284489543424195;0.04746588749729097;0.0023174095655220804
Luthier et facteur d’instruments;Luthier;0.09697749914493373;0.16056940715433757;87.27974923044036;D — activité déduite;BR55;"Marchands/artisans/propriétaires de bateaux, officiers et bureaucrates ; commerces seulement besoins courants. Professions des résidents ; lieu de travail et commanditaires peuvent être extérieurs au quartier. Visiteurs exclus du stock. activité/institution locale Budget civil 27,00 % ; coefficient 0,750000 ; part de filière 0,641 %. Apprentissage, atelier, combustible et outils ; titre noble ne remplace pas qualification.";1.0033683881629988e-05;7.941678885605795e-06;0.0036158417893920364;0.08899853905742056;0.004345142935353899
Tailleur de pierre;Tailleur de pierre;0.3232583304831124;0.5352313571811252;290.9324974348012;A — activité attestée;"MJ128; SB161";"Marchands/artisans/propriétaires de bateaux, officiers et bureaucrates ; commerces seulement besoins courants. Professions des résidents ; lieu de travail et commanditaires peuvent être extérieurs au quartier. Visiteurs exclus du stock. activité/institution locale Budget civil 27,00 % ; coefficient 2,500000 ; part de filière 2,138 %. Apprentissage, atelier, combustible et outils ; titre noble ne remplace pas qualification.";3.3445612938766626e-05;2.6472262952019323e-05;0.012052805964640123;0.29666179685806854;0.014483809784512996
Sculpteur sur pierre;Tailleur de pierre;0.129303332193245;0.21409254287245014;116.37299897392049;D — activité déduite;"MJ128; SB161";"Marchands/artisans/propriétaires de bateaux, officiers et bureaucrates ; commerces seulement besoins courants. Professions des résidents ; lieu de travail et commanditaires peuvent être extérieurs au quartier. Visiteurs exclus du stock. activité/institution locale Budget civil 27,00 % ; coefficient 1,000000 ; part de filière 0,855 %. Apprentissage, atelier, combustible et outils ; titre noble ne remplace pas qualification.";1.3378245175506646e-05;1.0588905180807729e-05;0.004821122385856047;0.11866471874322743;0.005793523913805198
Sculpteur de statues de Stone Spirits;Tailleur de pierre;0;0;0.0;A — activité attestée;SB161;"Marchands/artisans/propriétaires de bateaux, officiers et bureaucrates ; commerces seulement besoins courants. Professions des résidents ; lieu de travail et commanditaires peuvent être extérieurs au quartier. Visiteurs exclus du stock. activité/institution locale Budget civil 27,00 % ; coefficient 0,000000 ; part de filière 0,000 %. Zéro proposé : Filière régionale non retenue dans ce scénario, sans interdiction universelle. Apprentissage, atelier, combustible et outils ; titre noble ne remplace pas qualification.";0;0;0;0;0
Maçon;Maçon;1.2930333219324497;2.140925428724501;1163.7299897392047;A — activité attestée;"MJ128; SB90";"Marchands/artisans/propriétaires de bateaux, officiers et bureaucrates ; commerces seulement besoins courants. Professions des résidents ; lieu de travail et commanditaires peuvent être extérieurs au quartier. Visiteurs exclus du stock. activité/institution locale Budget civil 27,00 % ; coefficient 10,000000 ; part de filière 8,551 %. Apprentissage, atelier, combustible et outils ; titre noble ne remplace pas qualification.";0.0001337824517550665;0.0001058890518080773;0.04821122385856049;1.1866471874322742;0.057935239138051986
Plâtrier;Maçon;0.51721332877298;0.8563701714898005;465.49199589568195;A — activité attestée;"MJ128; SB90";"Marchands/artisans/propriétaires de bateaux, officiers et bureaucrates ; commerces seulement besoins courants. Professions des résidents ; lieu de travail et commanditaires peuvent être extérieurs au quartier. Visiteurs exclus du stock. activité/institution locale Budget civil 27,00 % ; coefficient 4,000000 ; part de filière 3,420 %. Apprentissage, atelier, combustible et outils ; titre noble ne remplace pas qualification.";5.3512980702026585e-05;4.2355620723230916e-05;0.01928448954342419;0.4746588749729097;0.023174095655220793
Manœuvre de chantier;Maçon;0.5172133287729798;0.8563701714898002;465.4919958956818;A — activité attestée;SB90;"Marchands/artisans/propriétaires de bateaux, officiers et bureaucrates ; commerces seulement besoins courants. Professions des résidents ; lieu de travail et commanditaires peuvent être extérieurs au quartier. Visiteurs exclus du stock. activité/institution locale Budget civil 27,00 % ; coefficient 4,000000 ; part de filière 3,420 %. Apprentissage, atelier, combustible et outils ; titre noble ne remplace pas qualification.";2.726735410767916e-05;2.158215994623438e-05;0.009826344903012842;0.48372157388529796;0.023616560470615087
Architecte;Architecte;0.25860666438649;0.4281850857449003;232.74599794784098;A — activité attestée;SB174;"Marchands/artisans/propriétaires de bateaux, officiers et bureaucrates ; commerces seulement besoins courants. Professions des résidents ; lieu de travail et commanditaires peuvent être extérieurs au quartier. Visiteurs exclus du stock. activité/institution locale Budget civil 27,00 % ; coefficient 2,000000 ; part de filière 1,710 %. Apprentissage, atelier, combustible et outils ; titre noble ne remplace pas qualification.";2.6756490351013292e-05;2.1177810361615458e-05;0.009642244771712095;0.23732943748645485;0.011587047827610397
Géomètre et arpenteur;Architecte;0.10344266575459599;0.1712740342979601;93.0983991791364;A — activité attestée;MJ128;"Marchands/artisans/propriétaires de bateaux, officiers et bureaucrates ; commerces seulement besoins courants. Professions des résidents ; lieu de travail et commanditaires peuvent être extérieurs au quartier. Visiteurs exclus du stock. activité/institution locale Budget civil 27,00 % ; coefficient 0,800000 ; part de filière 0,684 %. Apprentissage, atelier, combustible et outils ; titre noble ne remplace pas qualification.";1.0702596140405322e-05;8.471124144646183e-06;0.003856897908684839;0.09493177499458194;0.004634819131044161
Potier;Potier;0.3232583304831124;0.5352313571811252;290.9324974348012;A — activité attestée;"MJ128; SB200";"Marchands/artisans/propriétaires de bateaux, officiers et bureaucrates ; commerces seulement besoins courants. Professions des résidents ; lieu de travail et commanditaires peuvent être extérieurs au quartier. Visiteurs exclus du stock. activité/institution locale Budget civil 27,00 % ; coefficient 2,500000 ; part de filière 2,138 %. Apprentissage, atelier, combustible et outils ; titre noble ne remplace pas qualification.";3.3445612938766626e-05;2.6472262952019323e-05;0.012052805964640123;0.29666179685806854;0.014483809784512996
Tuilier;Potier;0.129303332193245;0.21409254287245014;116.37299897392049;A — activité attestée;"MJ128; SB200";"Marchands/artisans/propriétaires de bateaux, officiers et bureaucrates ; commerces seulement besoins courants. Professions des résidents ; lieu de travail et commanditaires peuvent être extérieurs au quartier. Visiteurs exclus du stock. activité/institution locale Budget civil 27,00 % ; coefficient 1,000000 ; part de filière 0,855 %. Apprentissage, atelier, combustible et outils ; titre noble ne remplace pas qualification.";1.3378245175506646e-05;1.0588905180807729e-05;0.004821122385856047;0.11866471874322743;0.005793523913805198
Porcelainier;Potier;0.129303332193245;0.21409254287245014;116.37299897392049;D — activité déduite;SB200;"Marchands/artisans/propriétaires de bateaux, officiers et bureaucrates ; commerces seulement besoins courants. Professions des résidents ; lieu de travail et commanditaires peuvent être extérieurs au quartier. Visiteurs exclus du stock. activité/institution locale Budget civil 27,00 % ; coefficient 1,000000 ; part de filière 0,855 %. Apprentissage, atelier, combustible et outils ; titre noble ne remplace pas qualification.";1.3378245175506646e-05;1.0588905180807729e-05;0.004821122385856047;0.11866471874322743;0.005793523913805198
Souffleur de verre;Verrier;0.09051233253527148;0.14986478001071504;81.46109928174434;A — activité attestée;"MJ128; SB174";"Marchands/artisans/propriétaires de bateaux, officiers et bureaucrates ; commerces seulement besoins courants. Professions des résidents ; lieu de travail et commanditaires peuvent être extérieurs au quartier. Visiteurs exclus du stock. activité/institution locale Budget civil 27,00 % ; coefficient 0,700000 ; part de filière 0,599 %. Apprentissage, atelier, combustible et outils ; titre noble ne remplace pas qualification.";9.364771622854652e-06;7.412233626565411e-06;0.003374785670099233;0.08306530312025918;0.004055466739663638
Vitrier;Verrier;0.09051233253527148;0.14986478001071504;81.46109928174434;A — activité attestée;"MJ128; SB174";"Marchands/artisans/propriétaires de bateaux, officiers et bureaucrates ; commerces seulement besoins courants. Professions des résidents ; lieu de travail et commanditaires peuvent être extérieurs au quartier. Visiteurs exclus du stock. activité/institution locale Budget civil 27,00 % ; coefficient 0,700000 ; part de filière 0,599 %. Apprentissage, atelier, combustible et outils ; titre noble ne remplace pas qualification.";9.364771622854652e-06;7.412233626565411e-06;0.003374785670099233;0.08306530312025918;0.004055466739663638
Opticien et fabricant de lentilles;Verrier;0;0;0.0;D — activité déduite;SB174;"Marchands/artisans/propriétaires de bateaux, officiers et bureaucrates ; commerces seulement besoins courants. Professions des résidents ; lieu de travail et commanditaires peuvent être extérieurs au quartier. Visiteurs exclus du stock. activité/institution locale Budget civil 27,00 % ; coefficient 0,000000 ; part de filière 0,000 %. Zéro proposé : Climat, matière ou culture hors filière régionale retenue ; aucun établissement exceptionnel proposé. Apprentissage, atelier, combustible et outils ; titre noble ne remplace pas qualification.";0;0;0;0;0
Papetier;Papetier et artisan du livre;0.10344266575459599;0.1712740342979601;93.0983991791364;A — activité attestée;SB138;"Marchands/artisans/propriétaires de bateaux, officiers et bureaucrates ; commerces seulement besoins courants. Professions des résidents ; lieu de travail et commanditaires peuvent être extérieurs au quartier. Visiteurs exclus du stock. activité/institution locale Budget civil 27,00 % ; coefficient 0,800000 ; part de filière 0,684 %. Apprentissage, atelier, combustible et outils ; titre noble ne remplace pas qualification.";1.0702596140405322e-05;8.471124144646183e-06;0.003856897908684839;0.09493177499458194;0.004634819131044161
Relieur;Papetier et artisan du livre;0.10344266575459599;0.1712740342979601;93.0983991791364;D — activité déduite;"SB138; MJ128";"Marchands/artisans/propriétaires de bateaux, officiers et bureaucrates ; commerces seulement besoins courants. Professions des résidents ; lieu de travail et commanditaires peuvent être extérieurs au quartier. Visiteurs exclus du stock. activité/institution locale Budget civil 27,00 % ; coefficient 0,800000 ; part de filière 0,684 %. Apprentissage, atelier, combustible et outils ; titre noble ne remplace pas qualification.";1.0702596140405322e-05;8.471124144646183e-06;0.003856897908684839;0.09493177499458194;0.004634819131044161
Chandelier;Chandelier;0.1616291652415562;0.2676156785905626;145.4662487174006;P — activité proposée;SB98;"Marchands/artisans/propriétaires de bateaux, officiers et bureaucrates ; commerces seulement besoins courants. Professions des résidents ; lieu de travail et commanditaires peuvent être extérieurs au quartier. Visiteurs exclus du stock. activité/institution locale Budget civil 27,00 % ; coefficient 1,250000 ; part de filière 1,069 %. Apprentissage, atelier, combustible et outils ; titre noble ne remplace pas qualification.";1.6722806469383313e-05;1.3236131476009662e-05;0.006026402982320061;0.14833089842903427;0.007241904892256498
Peintre;Peintre;0.25860666438649;0.4281850857449003;232.74599794784098;A — activité attestée;"MJ128; SB190";"Marchands/artisans/propriétaires de bateaux, officiers et bureaucrates ; commerces seulement besoins courants. Professions des résidents ; lieu de travail et commanditaires peuvent être extérieurs au quartier. Visiteurs exclus du stock. activité/institution locale Budget civil 27,00 % ; coefficient 2,000000 ; part de filière 1,710 %. Apprentissage, atelier, combustible et outils ; titre noble ne remplace pas qualification.";2.6756490351013292e-05;2.1177810361615458e-05;0.009642244771712095;0.23732943748645485;0.011587047827610397
Fabricant d’enseignes;Peintre;0.10344266575459599;0.1712740342979601;93.0983991791364;A — activité attestée;"MJ128; SB190";"Marchands/artisans/propriétaires de bateaux, officiers et bureaucrates ; commerces seulement besoins courants. Professions des résidents ; lieu de travail et commanditaires peuvent être extérieurs au quartier. Visiteurs exclus du stock. activité/institution locale Budget civil 27,00 % ; coefficient 0,800000 ; part de filière 0,684 %. Apprentissage, atelier, combustible et outils ; titre noble ne remplace pas qualification.";1.0702596140405322e-05;8.471124144646183e-06;0.003856897908684839;0.09493177499458194;0.004634819131044161
Enlumineur;Peintre;0.10344266575459599;0.1712740342979601;93.0983991791364;A — activité attestée;"MJ128; SB190";"Marchands/artisans/propriétaires de bateaux, officiers et bureaucrates ; commerces seulement besoins courants. Professions des résidents ; lieu de travail et commanditaires peuvent être extérieurs au quartier. Visiteurs exclus du stock. activité/institution locale Budget civil 27,00 % ; coefficient 0,800000 ; part de filière 0,684 %. Apprentissage, atelier, combustible et outils ; titre noble ne remplace pas qualification.";1.0702596140405322e-05;8.471124144646183e-06;0.003856897908684839;0.09493177499458194;0.004634819131044161
Peintre de guerre spirituel;Peintre;0;0;0.0;A — activité attestée;SB193;"Marchands/artisans/propriétaires de bateaux, officiers et bureaucrates ; commerces seulement besoins courants. Professions des résidents ; lieu de travail et commanditaires peuvent être extérieurs au quartier. Visiteurs exclus du stock. activité/institution locale Initiation de la Red Mother ou apprentissage autorisé; recette complète non librement disponible Budget civil 27,00 % ; coefficient 0,000000 ; part de filière 0,000 %. Zéro proposé : Filière régionale non retenue dans ce scénario, sans interdiction universelle. Apprentissage, atelier, combustible et outils ; titre noble ne remplace pas qualification.";0;0;0;0;0
Tatoueur rituel;Peintre;0;0;0.0;D — activité déduite;"SB200; SB204";"Marchands/artisans/propriétaires de bateaux, officiers et bureaucrates ; commerces seulement besoins courants. Professions des résidents ; lieu de travail et commanditaires peuvent être extérieurs au quartier. Visiteurs exclus du stock. activité/institution locale Budget civil 27,00 % ; coefficient 0,000000 ; part de filière 0,000 %. Zéro proposé : Filière régionale non retenue dans ce scénario, sans interdiction universelle. Apprentissage, atelier, combustible et outils ; titre noble ne remplace pas qualification.";0;0;0;0;0
Portefaix;Transporteur terrestre;0.47048651499241617;0.7790027733499174;423.4378634931745;D — activité déduite;"MJ132; SB121";"Marchands/artisans/propriétaires de bateaux, officiers et bureaucrates ; commerces seulement besoins courants. Professions des résidents ; lieu de travail et commanditaires peuvent être extérieurs au quartier. Visiteurs exclus du stock. activité/institution locale Budget civil 28,00 % ; coefficient 6,000000 ; part de filière 3,000 %. Réseau, itinéraires, confiance et capital ; manutention distincte de propriété du fret.";0.00040524875877666865;0.0003207551233387871;0.01314356594181737;0.4313456303161603;0.025271314852323073
Docker;Transporteur terrestre;0.47048651499241617;0.7790027733499174;423.4378634931745;D — activité déduite;"MJ132; SB121";"Marchands/artisans/propriétaires de bateaux, officiers et bureaucrates ; commerces seulement besoins courants. Professions des résidents ; lieu de travail et commanditaires peuvent être extérieurs au quartier. Visiteurs exclus du stock. activité/institution locale Budget civil 28,00 % ; coefficient 6,000000 ; part de filière 3,000 %. Réseau, itinéraires, confiance et capital ; manutention distincte de propriété du fret.";0.00040524875877666865;0.0003207551233387871;0.01314356594181737;0.4313456303161603;0.025271314852323073
Magasinier;Transporteur terrestre;0.4704865149924162;0.7790027733499175;423.4378634931746;D — activité déduite;"MJ132; SB121";"Marchands/artisans/propriétaires de bateaux, officiers et bureaucrates ; commerces seulement besoins courants. Professions des résidents ; lieu de travail et commanditaires peuvent être extérieurs au quartier. Visiteurs exclus du stock. activité/institution locale Budget civil 28,00 % ; coefficient 6,000000 ; part de filière 3,000 %. Réseau, itinéraires, confiance et capital ; manutention distincte de propriété du fret.";0.0007872888653566944;0.0006231405566128015;0.02553439805296707;0.4189940185052203;0.024547669012259382
Charretier et cocher;Transporteur terrestre;0.4704865149924162;0.7790027733499175;423.4378634931746;D — activité déduite;"MJ132; SB121";"Marchands/artisans/propriétaires de bateaux, officiers et bureaucrates ; commerces seulement besoins courants. Professions des résidents ; lieu de travail et commanditaires peuvent être extérieurs au quartier. Visiteurs exclus du stock. activité/institution locale Budget civil 28,00 % ; coefficient 6,000000 ; part de filière 3,000 %. Réseau, itinéraires, confiance et capital ; manutention distincte de propriété du fret.";0.0007872888653566944;0.0006231405566128015;0.02553439805296707;0.4189940185052203;0.024547669012259382
Chef de caravane;Transporteur terrestre;0.4704865149924162;0.7790027733499175;423.4378634931746;A — activité attestée;MJ132;"Marchands/artisans/propriétaires de bateaux, officiers et bureaucrates ; commerces seulement besoins courants. Professions des résidents ; lieu de travail et commanditaires peuvent être extérieurs au quartier. Visiteurs exclus du stock. activité/institution locale Budget civil 28,00 % ; coefficient 6,000000 ; part de filière 3,000 %. Réseau, itinéraires, confiance et capital ; manutention distincte de propriété du fret.";0.0007872888653566944;0.0006231405566128015;0.02553439805296707;0.4189940185052203;0.024547669012259382
Coursier et messager;Transporteur terrestre;0.4704865149924162;0.7790027733499175;423.4378634931746;D — activité déduite;"MJ132; SB121";"Marchands/artisans/propriétaires de bateaux, officiers et bureaucrates ; commerces seulement besoins courants. Professions des résidents ; lieu de travail et commanditaires peuvent être extérieurs au quartier. Visiteurs exclus du stock. activité/institution locale Budget civil 28,00 % ; coefficient 6,000000 ; part de filière 3,000 %. Réseau, itinéraires, confiance et capital ; manutention distincte de propriété du fret.";0.0007872888653566944;0.0006231405566128015;0.02553439805296707;0.4189940185052203;0.024547669012259382
Porteur d’eau;Transporteur terrestre;0.4704865149924162;0.7790027733499175;423.4378634931746;P — activité proposée;"MJ132; SB121";"Marchands/artisans/propriétaires de bateaux, officiers et bureaucrates ; commerces seulement besoins courants. Professions des résidents ; lieu de travail et commanditaires peuvent être extérieurs au quartier. Visiteurs exclus du stock. activité/institution locale Budget civil 28,00 % ; coefficient 6,000000 ; part de filière 3,000 %. Réseau, itinéraires, confiance et capital ; manutention distincte de propriété du fret.";0.0007872888653566944;0.0006231405566128015;0.02553439805296707;0.4189940185052203;0.024547669012259382
Transporteur de canopée;Transporteur terrestre;0;0;0.0;D — activité déduite;SB154;"Marchands/artisans/propriétaires de bateaux, officiers et bureaucrates ; commerces seulement besoins courants. Professions des résidents ; lieu de travail et commanditaires peuvent être extérieurs au quartier. Visiteurs exclus du stock. activité/institution locale Budget civil 28,00 % ; coefficient 0,000000 ; part de filière 0,000 %. Zéro proposé : Filière régionale non retenue dans ce scénario, sans interdiction universelle. Réseau, itinéraires, confiance et capital ; manutention distincte de propriété du fret.";0;0;0;0;0
Opérateur de Stone Disks;Transporteur terrestre;0;0;0.0;A — activité attestée;PG13;"Marchands/artisans/propriétaires de bateaux, officiers et bureaucrates ; commerces seulement besoins courants. Professions des résidents ; lieu de travail et commanditaires peuvent être extérieurs au quartier. Visiteurs exclus du stock. activité/institution locale Prêtre nain de Dorsi; Formation spécialisée Budget civil 28,00 % ; coefficient 0,000000 ; part de filière 0,000 %. Zéro proposé : Filière régionale non retenue dans ce scénario, sans interdiction universelle. Réseau, itinéraires, confiance et capital ; manutention distincte de propriété du fret.";0;0;0;0;0
Palefrenier et soigneur d’écurie;Transporteur terrestre;0.4704865149924162;0.7790027733499175;423.4378634931746;D — activité déduite;SB123;"Marchands/artisans/propriétaires de bateaux, officiers et bureaucrates ; commerces seulement besoins courants. Professions des résidents ; lieu de travail et commanditaires peuvent être extérieurs au quartier. Visiteurs exclus du stock. activité/institution locale Budget civil 28,00 % ; coefficient 6,000000 ; part de filière 3,000 %. Réseau, itinéraires, confiance et capital ; manutention distincte de propriété du fret.";0.0007872888653566944;0.0006231405566128015;0.02553439805296707;0.4189940185052203;0.024547669012259382
Marin;Marin;1.0585946587329365;1.752756240037314;952.7351928596429;A — activité attestée;MJ136;"Marchands/artisans/propriétaires de bateaux, officiers et bureaucrates ; commerces seulement besoins courants. Professions des résidents ; lieu de travail et commanditaires peuvent être extérieurs au quartier. Visiteurs exclus du stock. activité/institution locale Budget civil 28,00 % ; coefficient 13,500000 ; part de filière 6,750 %. Réseau, itinéraires, confiance et capital ; manutention distincte de propriété du fret.";0.0017713999470525623;0.0014020662523788036;0.05745239561917591;0.9427365416367456;0.05523225527758361
Navigateur;Marin;0.42343786349317464;0.7011024960149258;381.09407714385713;A — activité attestée;MJ136;"Marchands/artisans/propriétaires de bateaux, officiers et bureaucrates ; commerces seulement besoins courants. Professions des résidents ; lieu de travail et commanditaires peuvent être extérieurs au quartier. Visiteurs exclus du stock. activité/institution locale Budget civil 28,00 % ; coefficient 5,400000 ; part de filière 2,700 %. Réseau, itinéraires, confiance et capital ; manutention distincte de propriété du fret.";0.0007085599788210252;0.0005608265009515214;0.02298095824767037;0.3770946166546983;0.022092902111033444
Pilote de port;Marin;0.42343786349317464;0.7011024960149258;381.09407714385713;D — activité déduite;MJ136;"Marchands/artisans/propriétaires de bateaux, officiers et bureaucrates ; commerces seulement besoins courants. Professions des résidents ; lieu de travail et commanditaires peuvent être extérieurs au quartier. Visiteurs exclus du stock. activité/institution locale Budget civil 28,00 % ; coefficient 5,400000 ; part de filière 2,700 %. Réseau, itinéraires, confiance et capital ; manutention distincte de propriété du fret.";0.0007085599788210252;0.0005608265009515214;0.02298095824767037;0.3770946166546983;0.022092902111033444
Capitaine de navire;Marin;0.42343786349317464;0.7011024960149258;381.09407714385713;A — activité attestée;MJ136;"Marchands/artisans/propriétaires de bateaux, officiers et bureaucrates ; commerces seulement besoins courants. Professions des résidents ; lieu de travail et commanditaires peuvent être extérieurs au quartier. Visiteurs exclus du stock. activité/institution locale Budget civil 28,00 % ; coefficient 5,400000 ; part de filière 2,700 %. Réseau, itinéraires, confiance et capital ; manutention distincte de propriété du fret.";0.0007085599788210252;0.0005608265009515214;0.02298095824767037;0.3770946166546983;0.022092902111033444
Pilote de véhicule volant;Marin;0;0;0.0;D — activité déduite;"SB142; SB174";"Marchands/artisans/propriétaires de bateaux, officiers et bureaucrates ; commerces seulement besoins courants. Professions des résidents ; lieu de travail et commanditaires peuvent être extérieurs au quartier. Visiteurs exclus du stock. activité/institution locale Budget civil 28,00 % ; coefficient 0,000000 ; part de filière 0,000 %. Zéro proposé : Climat, matière ou culture hors filière régionale retenue ; aucun établissement exceptionnel proposé. Réseau, itinéraires, confiance et capital ; manutention distincte de propriété du fret.";0;0;0;0;0
Aubergiste;Hôte professionnel;0.4044905774797237;0.6697307395849454;364.04151973175135;D — activité déduite;"SB110; SB123";"Marchands/artisans/propriétaires de bateaux, officiers et bureaucrates ; commerces seulement besoins courants. Professions des résidents ; lieu de travail et commanditaires peuvent être extérieurs au quartier. Visiteurs exclus du stock. activité/institution locale Budget civil 14,00 % ; coefficient 3,000000 ; part de filière 5,159 %. Apprentissage et qualification variable ; soins avancés et thérapie magique exigent formation.";2.1721585843329016e-05;4.298168591141021e-06;0.0015655629328321292;0.38533990683242086;0.017559087960036246
Tavernier;Hôte professionnel;0.4044905774797237;0.6697307395849454;364.04151973175135;A — activité attestée;"SB108; SB149";"Marchands/artisans/propriétaires de bateaux, officiers et bureaucrates ; commerces seulement besoins courants. Professions des résidents ; lieu de travail et commanditaires peuvent être extérieurs au quartier. Visiteurs exclus du stock. activité/institution locale Budget civil 14,00 % ; coefficient 3,000000 ; part de filière 5,159 %. Apprentissage et qualification variable ; soins avancés et thérapie magique exigent formation.";2.1721585843329016e-05;4.298168591141021e-06;0.0015655629328321292;0.38533990683242086;0.017559087960036246
Barbier;Barbier;1.011226443699309;1.6743268489623633;910.103799329378;P — activité proposée;"MJ135; PG40";"Marchands/artisans/propriétaires de bateaux, officiers et bureaucrates ; commerces seulement besoins courants. Professions des résidents ; lieu de travail et commanditaires peuvent être extérieurs au quartier. Visiteurs exclus du stock. activité/institution locale Budget civil 14,00 % ; coefficient 7,500000 ; part de filière 12,897 %. Apprentissage et qualification variable ; soins avancés et thérapie magique exigent formation.";5.430396460832253e-05;1.074542147785256e-05;0.003913907332080323;0.963349767081052;0.0438977199000906
Domestique;Employé domestique et aide familiale;2.696603849864825;4.46487159723297;2426.943464878342;A — activité attestée;"MJ135; PG40";"Marchands/artisans/propriétaires de bateaux, officiers et bureaucrates ; commerces seulement besoins courants. Professions des résidents ; lieu de travail et commanditaires peuvent être extérieurs au quartier. Visiteurs exclus du stock. activité/institution locale Budget civil 14,00 % ; coefficient 20,000000 ; part de filière 34,391 %. Apprentissage et qualification variable ; soins avancés et thérapie magique exigent formation.";0.0001448105722888601;2.865445727427348e-05;0.010437086218880858;2.568932712216139;0.11706058640024158
Gardien d’enfants;Employé domestique et aide familiale;1.3483019249324124;2.232435798616485;1213.471732439171;A — activité attestée;PG40;"Marchands/artisans/propriétaires de bateaux, officiers et bureaucrates ; commerces seulement besoins courants. Professions des résidents ; lieu de travail et commanditaires peuvent être extérieurs au quartier. Visiteurs exclus du stock. activité/institution locale Budget civil 14,00 % ; coefficient 10,000000 ; part de filière 17,195 %. Apprentissage et qualification variable ; soins avancés et thérapie magique exigent formation.";7.240528614443005e-05;1.432722863713674e-05;0.005218543109440429;1.2844663561080696;0.05853029320012079
Terrassier d’hygiène urbaine;Agent d’entretien;0.2696603849864825;0.446487159723297;242.69434648783422;P — activité proposée;SB90;"Marchands/artisans/propriétaires de bateaux, officiers et bureaucrates ; commerces seulement besoins courants. Professions des résidents ; lieu de travail et commanditaires peuvent être extérieurs au quartier. Visiteurs exclus du stock. activité/institution locale Budget civil 14,00 % ; coefficient 2,000000 ; part de filière 3,439 %. Apprentissage et qualification variable ; soins avancés et thérapie magique exigent formation.";7.2548016498959854e-06;1.4355471470384154e-06;0.0005228830265914802;0.25739967717109996;0.011729134439994127
Ramoneur;Agent d’entretien;0.26966038498648254;0.4464871597232971;242.6943464878343;P — activité proposée;SB90;"Marchands/artisans/propriétaires de bateaux, officiers et bureaucrates ; commerces seulement besoins courants. Professions des résidents ; lieu de travail et commanditaires peuvent être extérieurs au quartier. Visiteurs exclus du stock. activité/institution locale Budget civil 14,00 % ; coefficient 2,000000 ; part de filière 3,439 %. Apprentissage et qualification variable ; soins avancés et thérapie magique exigent formation.";1.4481057228886016e-05;2.86544572742735e-06;0.0010437086218880863;0.256893271221614;0.011706058640024162
Fossoyeur;Agent funéraire;0.08089811549594474;0.13394614791698908;72.80830394635026;A — activité attestée;"MJ135; SB99; SB182";"Marchands/artisans/propriétaires de bateaux, officiers et bureaucrates ; commerces seulement besoins courants. Professions des résidents ; lieu de travail et commanditaires peuvent être extérieurs au quartier. Visiteurs exclus du stock. activité/institution locale Budget civil 14,00 % ; coefficient 0,600000 ; part de filière 1,032 %. Apprentissage et qualification variable ; soins avancés et thérapie magique exigent formation.";4.344317168665803e-06;8.596337182282051e-07;0.00031311258656642585;0.07706798136648417;0.0035118175920072483
Gardien de cimetière;Agent funéraire;0.08089811549594474;0.13394614791698908;72.80830394635026;A — activité attestée;"MJ135; SB99; SB182";"Marchands/artisans/propriétaires de bateaux, officiers et bureaucrates ; commerces seulement besoins courants. Professions des résidents ; lieu de travail et commanditaires peuvent être extérieurs au quartier. Visiteurs exclus du stock. activité/institution locale Budget civil 14,00 % ; coefficient 0,600000 ; part de filière 1,032 %. Apprentissage et qualification variable ; soins avancés et thérapie magique exigent formation.";4.344317168665803e-06;8.596337182282051e-07;0.00031311258656642585;0.07706798136648417;0.0035118175920072483
Momificateur;Agent funéraire;0;0;0.0;A — activité attestée;SB182;"Marchands/artisans/propriétaires de bateaux, officiers et bureaucrates ; commerces seulement besoins courants. Professions des résidents ; lieu de travail et commanditaires peuvent être extérieurs au quartier. Visiteurs exclus du stock. activité/institution locale Budget civil 14,00 % ; coefficient 0,000000 ; part de filière 0,000 %. Zéro proposé : Filière régionale non retenue dans ce scénario, sans interdiction universelle. Apprentissage et qualification variable ; soins avancés et thérapie magique exigent formation.";0;0;0;0;0
Gardien d’arbres funéraires;Agent funéraire;0;0;0.0;D — activité déduite;SB155;"Marchands/artisans/propriétaires de bateaux, officiers et bureaucrates ; commerces seulement besoins courants. Professions des résidents ; lieu de travail et commanditaires peuvent être extérieurs au quartier. Visiteurs exclus du stock. activité/institution locale Budget civil 14,00 % ; coefficient 0,000000 ; part de filière 0,000 %. Zéro proposé : Filière régionale non retenue dans ce scénario, sans interdiction universelle. Apprentissage et qualification variable ; soins avancés et thérapie magique exigent formation.";0;0;0;0;0
Marchand;Marchand;3.669794816940847;6.076221632129357;3302.815335246762;A — activité attestée;"MJ128; SB139";"Marchands/artisans/propriétaires de bateaux, officiers et bureaucrates ; commerces seulement besoins courants. Professions des résidents ; lieu de travail et commanditaires peuvent être extérieurs au quartier. Visiteurs exclus du stock. activité/institution locale Budget civil 28,00 % ; coefficient 46,800000 ; part de filière 23,401 %. Réseau, itinéraires, confiance et capital ; manutention distincte de propriété du fret.";0.006140853149782214;0.0048604963415798536;0.19916830481314315;3.2681533443407185;0.1914718182956231
Colporteur;Marchand;1.4679179267763391;2.4304886528517433;1321.1261340987053;A — activité attestée;SB121;"Marchands/artisans/propriétaires de bateaux, officiers et bureaucrates ; commerces seulement besoins courants. Professions des résidents ; lieu de travail et commanditaires peuvent être extérieurs au quartier. Visiteurs exclus du stock. activité/institution locale Budget civil 28,00 % ; coefficient 18,720000 ; part de filière 9,360 %. Réseau, itinéraires, confiance et capital ; manutention distincte de propriété du fret.";0.002456341259912888;0.0019441985366319419;0.07966732192525731;1.3072613377362876;0.07658872731824931
Courtier;Marchand;1.4679179267763391;2.4304886528517433;1321.1261340987053;A — activité attestée;SB149;"Marchands/artisans/propriétaires de bateaux, officiers et bureaucrates ; commerces seulement besoins courants. Professions des résidents ; lieu de travail et commanditaires peuvent être extérieurs au quartier. Visiteurs exclus du stock. activité/institution locale Budget civil 28,00 % ; coefficient 18,720000 ; part de filière 9,360 %. Réseau, itinéraires, confiance et capital ; manutention distincte de propriété du fret.";0.002456341259912888;0.0019441985366319419;0.07966732192525731;1.3072613377362876;0.07658872731824931
Commissaire-priseur d’objets magiques;Marchand;0;0;0.0;A — activité attestée;SB139;"Marchands/artisans/propriétaires de bateaux, officiers et bureaucrates ; commerces seulement besoins courants. Professions des résidents ; lieu de travail et commanditaires peuvent être extérieurs au quartier. Visiteurs exclus du stock. activité/institution locale Budget civil 28,00 % ; coefficient 0,000000 ; part de filière 0,000 %. Zéro proposé : Filière régionale non retenue dans ce scénario, sans interdiction universelle. Réseau, itinéraires, confiance et capital ; manutention distincte de propriété du fret.";0;0;0;0;0
Comptable;Professionnel de finance;0.19603604791350676;0.32458448889579894;176.4324431221561;D — activité déduite;"SB212; SB213";"Marchands/artisans/propriétaires de bateaux, officiers et bureaucrates ; commerces seulement besoins courants. Professions des résidents ; lieu de travail et commanditaires peuvent être extérieurs au quartier. Visiteurs exclus du stock. activité/institution locale Budget civil 28,00 % ; coefficient 2,500000 ; part de filière 1,250 %. Réseau, itinéraires, confiance et capital ; manutention distincte de propriété du fret.";0.0003280370272319561;0.00025964189858866747;0.010639332522069615;0.17458084104384178;0.010228195421774743
Banquier et employé de banque;Professionnel de finance;0.01568288383308054;0.025966759111663913;14.114595449772487;A — activité attestée;"SB212; SB213";"Marchands/artisans/propriétaires de bateaux, officiers et bureaucrates ; commerces seulement besoins courants. Professions des résidents ; lieu de travail et commanditaires peuvent être extérieurs au quartier. Visiteurs exclus du stock. activité/institution locale Budget civil 28,00 % ; coefficient 0,200000 ; part de filière 0,100 %. Réseau, itinéraires, confiance et capital ; manutention distincte de propriété du fret.";7.825967120513798e-05;6.194267088104936e-05;0.0008460738635159658;0.013883228705506892;0.0008133789219714968
Usurier et prêteur sur gages;Professionnel de finance;0.19603604791350676;0.32458448889579894;176.4324431221561;D — activité déduite;"SB212; SB213";"Marchands/artisans/propriétaires de bateaux, officiers et bureaucrates ; commerces seulement besoins courants. Professions des résidents ; lieu de travail et commanditaires peuvent être extérieurs au quartier. Visiteurs exclus du stock. activité/institution locale Budget civil 28,00 % ; coefficient 2,500000 ; part de filière 1,250 %. Réseau, itinéraires, confiance et capital ; manutention distincte de propriété du fret.";0.0003280370272319561;0.00025964189858866747;0.010639332522069615;0.17458084104384178;0.010228195421774743
Changeur;Professionnel de finance;0.19603604791350676;0.32458448889579894;176.4324431221561;D — activité déduite;"SB212; SB213";"Marchands/artisans/propriétaires de bateaux, officiers et bureaucrates ; commerces seulement besoins courants. Professions des résidents ; lieu de travail et commanditaires peuvent être extérieurs au quartier. Visiteurs exclus du stock. activité/institution locale Budget civil 28,00 % ; coefficient 2,500000 ; part de filière 1,250 %. Réseau, itinéraires, confiance et capital ; manutention distincte de propriété du fret.";0.0003280370272319561;0.00025964189858866747;0.010639332522069615;0.17458084104384178;0.010228195421774743
Assureur;Professionnel de finance;0.01568288383308054;0.025966759111663913;14.114595449772487;D — activité déduite;"SB212; SB213";"Marchands/artisans/propriétaires de bateaux, officiers et bureaucrates ; commerces seulement besoins courants. Professions des résidents ; lieu de travail et commanditaires peuvent être extérieurs au quartier. Visiteurs exclus du stock. activité/institution locale Budget civil 28,00 % ; coefficient 0,200000 ; part de filière 0,100 %. Réseau, itinéraires, confiance et capital ; manutention distincte de propriété du fret.";2.624296217855648e-05;2.0771351887093386e-05;0.000851146601765569;0.01396646728350734;0.0008182556337419795
Estimateur;Professionnel de finance;0.01568288383308054;0.025966759111663913;14.114595449772487;A — activité attestée;"SB212; SB213";"Marchands/artisans/propriétaires de bateaux, officiers et bureaucrates ; commerces seulement besoins courants. Professions des résidents ; lieu de travail et commanditaires peuvent être extérieurs au quartier. Visiteurs exclus du stock. activité/institution locale Budget civil 28,00 % ; coefficient 0,200000 ; part de filière 0,100 %. Réseau, itinéraires, confiance et capital ; manutention distincte de propriété du fret.";2.624296217855648e-05;2.0771351887093386e-05;0.000851146601765569;0.01396646728350734;0.0008182556337419795
Négociateur;Professionnel de finance;0.01568288383308054;0.025966759111663913;14.114595449772487;A — activité attestée;"SB212; SB213";"Marchands/artisans/propriétaires de bateaux, officiers et bureaucrates ; commerces seulement besoins courants. Professions des résidents ; lieu de travail et commanditaires peuvent être extérieurs au quartier. Visiteurs exclus du stock. activité/institution locale Budget civil 28,00 % ; coefficient 0,200000 ; part de filière 0,100 %. Réseau, itinéraires, confiance et capital ; manutention distincte de propriété du fret.";2.624296217855648e-05;2.0771351887093386e-05;0.000851146601765569;0.01396646728350734;0.0008182556337419795
Scribe;Scribe et auteur;0.08880011148861205;0.14702978920559648;79.92010033975085;A — activité attestée;"MJ128; SB32";"Marchands/artisans/propriétaires de bateaux, officiers et bureaucrates ; commerces seulement besoins courants. Professions des résidents ; lieu de travail et commanditaires peuvent être extérieurs au quartier. Visiteurs exclus du stock. activité/institution locale Budget civil 7,00 % ; coefficient 2,000000 ; part de filière 2,265 %. Instruction, autorisation ou initiation ; clergé, caste et office ne rendent pas noble.";0.0012279084844117939;0.00024297294491116626;0.004978144838772241;0.08168639442259475;0.0006646907979221025
Calligraphe;Scribe et auteur;0.08880011148861205;0.14702978920559648;79.92010033975085;A — activité attestée;"MJ128; SB32";"Marchands/artisans/propriétaires de bateaux, officiers et bureaucrates ; commerces seulement besoins courants. Professions des résidents ; lieu de travail et commanditaires peuvent être extérieurs au quartier. Visiteurs exclus du stock. activité/institution locale Budget civil 7,00 % ; coefficient 2,000000 ; part de filière 2,265 %. Instruction, autorisation ou initiation ; clergé, caste et office ne rendent pas noble.";0.0012279084844117939;0.00024297294491116626;0.004978144838772241;0.08168639442259475;0.0006646907979221025
Écrivain;Scribe et auteur;0.03816394595679117;0.06318952572486781;34.34755136111205;A — activité attestée;"MJ128; SB32";"Marchands/artisans/propriétaires de bateaux, officiers et bureaucrates ; commerces seulement besoins courants. Professions des résidents ; lieu de travail et commanditaires peuvent être extérieurs au quartier. Visiteurs exclus du stock. activité/institution locale Budget civil 1,00 % ; coefficient 2,000000 ; part de filière 6,814 %. Long apprentissage, frais, bourses, talent, licence ou secret ; titre ne donne pas maîtrise.";0.00019342241440377308;3.827354744765484e-05;0.0034851847898393767;0.034313044951339036;0.00013402025376133206
Journaliste et rédacteur;Scribe et auteur;0.03816394595679117;0.06318952572486781;34.34755136111205;A — activité attestée;CC9;"Marchands/artisans/propriétaires de bateaux, officiers et bureaucrates ; commerces seulement besoins courants. Professions des résidents ; lieu de travail et commanditaires peuvent être extérieurs au quartier. Visiteurs exclus du stock. activité/institution locale Budget civil 1,00 % ; coefficient 2,000000 ; part de filière 6,814 %. Long apprentissage, frais, bourses, talent, licence ou secret ; titre ne donne pas maîtrise.";0.00019342241440377308;3.827354744765484e-05;0.0034851847898393767;0.034313044951339036;0.00013402025376133206
Traducteur;Scribe et auteur;0.08880011148861205;0.14702978920559648;79.92010033975085;D — activité déduite;SB198;"Marchands/artisans/propriétaires de bateaux, officiers et bureaucrates ; commerces seulement besoins courants. Professions des résidents ; lieu de travail et commanditaires peuvent être extérieurs au quartier. Visiteurs exclus du stock. activité/institution locale Budget civil 7,00 % ; coefficient 2,000000 ; part de filière 2,265 %. Instruction, autorisation ou initiation ; clergé, caste et office ne rendent pas noble.";0.0012279084844117939;0.00024297294491116626;0.004978144838772241;0.08168639442259475;0.0006646907979221025
Bibliothécaire;Érudit;0.057720072467597826;0.09556936298363769;51.948065220838046;A — activité attestée;MJ138;"Marchands/artisans/propriétaires de bateaux, officiers et bureaucrates ; commerces seulement besoins courants. Professions des résidents ; lieu de travail et commanditaires peuvent être extérieurs au quartier. Visiteurs exclus du stock. activité/institution locale Budget civil 7,00 % ; coefficient 1,300000 ; part de filière 1,472 %. Instruction, autorisation ou initiation ; clergé, caste et office ne rendent pas noble.";0.0007981405148676663;0.0001579324141922581;0.0032357941452019574;0.05309615637468658;0.0004320490186493667
Conservateur de musée;Érudit;0.057720072467597826;0.09556936298363769;51.948065220838046;A — activité attestée;PG48;"Marchands/artisans/propriétaires de bateaux, officiers et bureaucrates ; commerces seulement besoins courants. Professions des résidents ; lieu de travail et commanditaires peuvent être extérieurs au quartier. Visiteurs exclus du stock. activité/institution locale Budget civil 7,00 % ; coefficient 1,300000 ; part de filière 1,472 %. Instruction, autorisation ou initiation ; clergé, caste et office ne rendent pas noble.";0.0007981405148676663;0.0001579324141922581;0.0032357941452019574;0.05309615637468658;0.0004320490186493667
Historien;Érudit;0.024806564871914266;0.04107319172116409;22.325908384722837;A — activité attestée;PG46;"Marchands/artisans/propriétaires de bateaux, officiers et bureaucrates ; commerces seulement besoins courants. Professions des résidents ; lieu de travail et commanditaires peuvent être extérieurs au quartier. Visiteurs exclus du stock. activité/institution locale Budget civil 1,00 % ; coefficient 1,300000 ; part de filière 4,429 %. Long apprentissage, frais, bourses, talent, licence ou secret ; titre ne donne pas maîtrise.";0.00037264895282978653;7.373807953651261e-05;0.0022381936556755966;0.022035916069901726;8.606811397064303e-05
Astronome;Érudit;0.024806564871914263;0.04107319172116408;22.325908384722837;A — activité attestée;MJ138;"Marchands/artisans/propriétaires de bateaux, officiers et bureaucrates ; commerces seulement besoins courants. Professions des résidents ; lieu de travail et commanditaires peuvent être extérieurs au quartier. Visiteurs exclus du stock. activité/institution locale Budget civil 1,00 % ; coefficient 1,300000 ; part de filière 4,429 %. Long apprentissage, frais, bourses, talent, licence ou secret ; titre ne donne pas maîtrise.";0.0001257245693624525;2.487780584097565e-05;0.0022653701133955955;0.02230347921837037;8.71131649448659e-05
Chercheur non arcanique;Érudit;0.024806564871914266;0.04107319172116409;22.325908384722837;A — activité attestée;"MJ138; PG46";"Marchands/artisans/propriétaires de bateaux, officiers et bureaucrates ; commerces seulement besoins courants. Professions des résidents ; lieu de travail et commanditaires peuvent être extérieurs au quartier. Visiteurs exclus du stock. activité/institution locale Budget civil 1,00 % ; coefficient 1,300000 ; part de filière 4,429 %. Long apprentissage, frais, bourses, talent, licence ou secret ; titre ne donne pas maîtrise.";0.00037264895282978653;7.373807953651261e-05;0.0022381936556755966;0.022035916069901726;8.606811397064303e-05
Mathématicien;Érudit;0.01736459541033998;0.02875123420481485;15.628135869305984;A — activité attestée;SB174;"Marchands/artisans/propriétaires de bateaux, officiers et bureaucrates ; commerces seulement besoins courants. Professions des résidents ; lieu de travail et commanditaires peuvent être extérieurs au quartier. Visiteurs exclus du stock. activité/institution locale Budget civil 1,00 % ; coefficient 0,910000 ; part de filière 3,100 %. Long apprentissage, frais, bourses, talent, licence ou secret ; titre ne donne pas maîtrise.";8.800719855371676e-05;1.7414464088682953e-05;0.001585759079376916;0.01561243545285926;6.097921546140611e-05
Philosophe;Érudit;0.01736459541033998;0.02875123420481485;15.628135869305984;A — activité attestée;SB178;"Marchands/artisans/propriétaires de bateaux, officiers et bureaucrates ; commerces seulement besoins courants. Professions des résidents ; lieu de travail et commanditaires peuvent être extérieurs au quartier. Visiteurs exclus du stock. activité/institution locale Budget civil 1,00 % ; coefficient 0,910000 ; part de filière 3,100 %. Long apprentissage, frais, bourses, talent, licence ou secret ; titre ne donne pas maîtrise.";8.800719855371676e-05;1.7414464088682953e-05;0.001585759079376916;0.01561243545285926;6.097921546140611e-05
Archéologue;Érudit;0.024806564871914263;0.04107319172116408;22.325908384722837;D — activité déduite;PG48;"Marchands/artisans/propriétaires de bateaux, officiers et bureaucrates ; commerces seulement besoins courants. Professions des résidents ; lieu de travail et commanditaires peuvent être extérieurs au quartier. Visiteurs exclus du stock. activité/institution locale Budget civil 1,00 % ; coefficient 1,300000 ; part de filière 4,429 %. Long apprentissage, frais, bourses, talent, licence ou secret ; titre ne donne pas maîtrise.";0.0001257245693624525;2.487780584097565e-05;0.0022653701133955955;0.02230347921837037;8.71131649448659e-05
Professeur;Enseignant;0.07548009476532024;0.12497532082475697;67.93208528878822;A — activité attestée;"MJ138; SB141";"Marchands/artisans/propriétaires de bateaux, officiers et bureaucrates ; commerces seulement besoins courants. Professions des résidents ; lieu de travail et commanditaires peuvent être extérieurs au quartier. Visiteurs exclus du stock. activité/institution locale Budget civil 7,00 % ; coefficient 1,700000 ; part de filière 1,925 %. Instruction, autorisation ou initiation ; clergé, caste et office ne rendent pas noble.";0.001043722211750025;0.00020652700317449132;0.004231423112956404;0.06943343525920553;0.0005649871782337872
Enseignant de magie arcanique;Enseignant;0.0009731806218981748;0.0016113329059841291;0.8758625597083574;A — activité attestée;SB141;"Marchands/artisans/propriétaires de bateaux, officiers et bureaucrates ; commerces seulement besoins courants. Professions des résidents ; lieu de travail et commanditaires peuvent être extérieurs au quartier. Visiteurs exclus du stock. activité/institution locale Budget civil 1,00 % ; coefficient 0,051000 ; part de filière 0,174 %. Long apprentissage, frais, bourses, talent, licence ou secret ; titre ne donne pas maîtrise.";4.932271567296213e-06;9.759754599151978e-07;8.887221214090407e-05;0.0008749826462591453;3.4175164709139677e-06
Instructeur martial;Enseignant;0;0;0.0;A — activité attestée;SB94;"Marchands/artisans/propriétaires de bateaux, officiers et bureaucrates ; commerces seulement besoins courants. Professions des résidents ; lieu de travail et commanditaires peuvent être extérieurs au quartier. Visiteurs exclus du stock. activité/institution locale Budget civil 7,00 % ; coefficient 0,000000 ; part de filière 0,000 %. Zéro proposé : Technique de site, institution, secret ou habilitation concentrée dans les implantations autorisées du scénario. Instruction, autorisation ou initiation ; clergé, caste et office ne rendent pas noble.";0;0;0;0;0
Formateur de tir à l’arc;Enseignant;0;0;0.0;A — activité attestée;SB155;"Marchands/artisans/propriétaires de bateaux, officiers et bureaucrates ; commerces seulement besoins courants. Professions des résidents ; lieu de travail et commanditaires peuvent être extérieurs au quartier. Visiteurs exclus du stock. activité/institution locale Budget civil 7,00 % ; coefficient 0,000000 ; part de filière 0,000 %. Zéro proposé : Technique de site, institution, secret ou habilitation concentrée dans les implantations autorisées du scénario. Instruction, autorisation ou initiation ; clergé, caste et office ne rendent pas noble.";0;0;0;0;0
Ingénieur;Ingénieur;0.047704932445988966;0.07898690715608478;42.93443920139007;A — activité attestée;SB174;"Marchands/artisans/propriétaires de bateaux, officiers et bureaucrates ; commerces seulement besoins courants. Professions des résidents ; lieu de travail et commanditaires peuvent être extérieurs au quartier. Visiteurs exclus du stock. activité/institution locale Budget civil 1,00 % ; coefficient 2,500000 ; part de filière 8,518 %. Long apprentissage, frais, bourses, talent, licence ou secret ; titre ne donne pas maîtrise.";0.0007166326015957432;0.00014180399910867803;0.0043042185686069144;0.04237676167288793;0.00016551560378969807
Inventeur;Ingénieur;0.011449183787037352;0.018956857717460345;10.304265408333617;A — activité attestée;SB178;"Marchands/artisans/propriétaires de bateaux, officiers et bureaucrates ; commerces seulement besoins courants. Professions des résidents ; lieu de travail et commanditaires peuvent être extérieurs au quartier. Visiteurs exclus du stock. activité/institution locale Budget civil 1,00 % ; coefficient 0,600000 ; part de filière 2,044 %. Long apprentissage, frais, bourses, talent, licence ou secret ; titre ne donne pas maîtrise.";5.802672432113192e-05;1.1482064234296448e-05;0.001045555436951813;0.01029391348540171;4.020607612839961e-05
Ingénieur mystique;Ingénieur;0.019081972978395586;0.03159476286243391;17.173775680556027;A — activité attestée;SB174;"Marchands/artisans/propriétaires de bateaux, officiers et bureaucrates ; commerces seulement besoins courants. Professions des résidents ; lieu de travail et commanditaires peuvent être extérieurs au quartier. Visiteurs exclus du stock. activité/institution locale Budget civil 1,00 % ; coefficient 1,000000 ; part de filière 3,407 %. Long apprentissage, frais, bourses, talent, licence ou secret ; titre ne donne pas maîtrise.";9.671120720188654e-05;1.913677372382742e-05;0.0017425923949196884;0.017156522475669518;6.701012688066603e-05
Créateur et mainteneur de golems;Ingénieur;0.019081972978395586;0.03159476286243391;17.173775680556027;D — activité déduite;SB174;"Marchands/artisans/propriétaires de bateaux, officiers et bureaucrates ; commerces seulement besoins courants. Professions des résidents ; lieu de travail et commanditaires peuvent être extérieurs au quartier. Visiteurs exclus du stock. activité/institution locale Budget civil 1,00 % ; coefficient 1,000000 ; part de filière 3,407 %. Long apprentissage, frais, bourses, talent, licence ou secret ; titre ne donne pas maîtrise.";9.671120720188654e-05;1.913677372382742e-05;0.0017425923949196884;0.017156522475669518;6.701012688066603e-05
Chercheur en golems;Ingénieur;0.01526557838271647;0.025275810289947128;13.739020544444822;A — activité attestée;SB178;"Marchands/artisans/propriétaires de bateaux, officiers et bureaucrates ; commerces seulement besoins courants. Professions des résidents ; lieu de travail et commanditaires peuvent être extérieurs au quartier. Visiteurs exclus du stock. activité/institution locale Budget civil 1,00 % ; coefficient 0,800000 ; part de filière 2,726 %. Long apprentissage, frais, bourses, talent, licence ou secret ; titre ne donne pas maîtrise.";7.736896576150924e-05;1.530941897906194e-05;0.0013940739159357504;0.013725217980535616;5.3608101504532826e-05
Ingénieur de réacteurs de bauronite;Ingénieur;0;0;0.0;D — activité déduite;SB174;"Marchands/artisans/propriétaires de bateaux, officiers et bureaucrates ; commerces seulement besoins courants. Professions des résidents ; lieu de travail et commanditaires peuvent être extérieurs au quartier. Visiteurs exclus du stock. activité/institution locale Accès aux secrets des réacteurs; savoir détenu par un petit nombre Budget civil 1,00 % ; coefficient 0,000000 ; part de filière 0,000 %. Zéro proposé : Filière régionale non retenue dans ce scénario, sans interdiction universelle. Long apprentissage, frais, bourses, talent, licence ou secret ; titre ne donne pas maîtrise.";0;0;0;0;0
Technicien de communication runique;Ingénieur;0;0;0.0;D — activité déduite;SB174;"Marchands/artisans/propriétaires de bateaux, officiers et bureaucrates ; commerces seulement besoins courants. Professions des résidents ; lieu de travail et commanditaires peuvent être extérieurs au quartier. Visiteurs exclus du stock. activité/institution locale Budget civil 1,00 % ; coefficient 0,000000 ; part de filière 0,000 %. Zéro proposé : Filière régionale non retenue dans ce scénario, sans interdiction universelle. Long apprentissage, frais, bourses, talent, licence ou secret ; titre ne donne pas maîtrise.";0;0;0;0;0
Chercheur en magie;Praticien des services arcaniques;0.0005724591893518676;0.0009478428858730173;0.5152132704166809;A — activité attestée;"SB138; SB139";"Marchands/artisans/propriétaires de bateaux, officiers et bureaucrates ; commerces seulement besoins courants. Professions des résidents ; lieu de travail et commanditaires peuvent être extérieurs au quartier. Visiteurs exclus du stock. activité/institution locale Budget civil 1,00 % ; coefficient 0,030000 ; part de filière 0,102 %. Long apprentissage, frais, bourses, talent, licence ou secret ; titre ne donne pas maîtrise.";2.9013362160565968e-06;5.741032117148227e-07;5.2277771847590644e-05;0.0005146956742700855;2.0103038064199815e-06
Fabricant d’objets magiques;Praticien des services arcaniques;0.019081972978395586;0.03159476286243391;17.173775680556027;A — activité attestée;SB138;"Marchands/artisans/propriétaires de bateaux, officiers et bureaucrates ; commerces seulement besoins courants. Professions des résidents ; lieu de travail et commanditaires peuvent être extérieurs au quartier. Visiteurs exclus du stock. activité/institution locale Budget civil 1,00 % ; coefficient 1,000000 ; part de filière 3,407 %. Long apprentissage, frais, bourses, talent, licence ou secret ; titre ne donne pas maîtrise.";9.671120720188654e-05;1.913677372382742e-05;0.0017425923949196884;0.017156522475669518;6.701012688066603e-05
Fabricant de parchemins magiques;Praticien des services arcaniques;0.019081972978395586;0.03159476286243391;17.173775680556027;A — activité attestée;SB138;"Marchands/artisans/propriétaires de bateaux, officiers et bureaucrates ; commerces seulement besoins courants. Professions des résidents ; lieu de travail et commanditaires peuvent être extérieurs au quartier. Visiteurs exclus du stock. activité/institution locale Budget civil 1,00 % ; coefficient 1,000000 ; part de filière 3,407 %. Long apprentissage, frais, bourses, talent, licence ou secret ; titre ne donne pas maîtrise.";9.671120720188654e-05;1.913677372382742e-05;0.0017425923949196884;0.017156522475669518;6.701012688066603e-05
Nécromancien de service;Praticien des services arcaniques;0.019081972978395586;0.03159476286243391;17.173775680556027;D — activité déduite;"SB108; SB170";"Marchands/artisans/propriétaires de bateaux, officiers et bureaucrates ; commerces seulement besoins courants. Professions des résidents ; lieu de travail et commanditaires peuvent être extérieurs au quartier. Visiteurs exclus du stock. activité/institution locale Budget civil 1,00 % ; coefficient 1,000000 ; part de filière 3,407 %. Long apprentissage, frais, bourses, talent, licence ou secret ; titre ne donne pas maîtrise.";9.671120720188654e-05;1.913677372382742e-05;0.0017425923949196884;0.017156522475669518;6.701012688066603e-05
Illusionniste de service;Praticien des services arcaniques;0.019081972978395586;0.03159476286243391;17.173775680556027;D — activité déduite;"SB107; SB142";"Marchands/artisans/propriétaires de bateaux, officiers et bureaucrates ; commerces seulement besoins courants. Professions des résidents ; lieu de travail et commanditaires peuvent être extérieurs au quartier. Visiteurs exclus du stock. activité/institution locale Budget civil 1,00 % ; coefficient 1,000000 ; part de filière 3,407 %. Long apprentissage, frais, bourses, talent, licence ou secret ; titre ne donne pas maîtrise.";9.671120720188654e-05;1.913677372382742e-05;0.0017425923949196884;0.017156522475669518;6.701012688066603e-05
Chercheur en aethermancy;Praticien des services arcaniques;0;0;0.0;A — activité attestée;SB140;"Marchands/artisans/propriétaires de bateaux, officiers et bureaucrates ; commerces seulement besoins courants. Professions des résidents ; lieu de travail et commanditaires peuvent être extérieurs au quartier. Visiteurs exclus du stock. activité/institution locale Budget civil 1,00 % ; coefficient 0,000000 ; part de filière 0,000 %. Zéro proposé : Filière régionale non retenue dans ce scénario, sans interdiction universelle. Long apprentissage, frais, bourses, talent, licence ou secret ; titre ne donne pas maîtrise.";0;0;0;0;0
Chercheur en biomancy;Praticien des services arcaniques;0;0;0.0;A — activité attestée;SB140;"Marchands/artisans/propriétaires de bateaux, officiers et bureaucrates ; commerces seulement besoins courants. Professions des résidents ; lieu de travail et commanditaires peuvent être extérieurs au quartier. Visiteurs exclus du stock. activité/institution locale Budget civil 1,00 % ; coefficient 0,000000 ; part de filière 0,000 %. Zéro proposé : Filière régionale non retenue dans ce scénario, sans interdiction universelle. Long apprentissage, frais, bourses, talent, licence ou secret ; titre ne donne pas maîtrise.";0;0;0;0;0
Désenchanteur et récupérateur arcanique;Praticien des services arcaniques;0;0;0.0;A — activité attestée;SB139;"Marchands/artisans/propriétaires de bateaux, officiers et bureaucrates ; commerces seulement besoins courants. Professions des résidents ; lieu de travail et commanditaires peuvent être extérieurs au quartier. Visiteurs exclus du stock. activité/institution locale Budget civil 1,00 % ; coefficient 0,000000 ; part de filière 0,000 %. Zéro proposé : Filière régionale non retenue dans ce scénario, sans interdiction universelle. Long apprentissage, frais, bourses, talent, licence ou secret ; titre ne donne pas maîtrise.";0;0;0;0;0
Extracteur de mémoire;Praticien des services arcaniques;0;0;0.0;A — activité attestée;SB140;"Marchands/artisans/propriétaires de bateaux, officiers et bureaucrates ; commerces seulement besoins courants. Professions des résidents ; lieu de travail et commanditaires peuvent être extérieurs au quartier. Visiteurs exclus du stock. activité/institution locale Budget civil 1,00 % ; coefficient 0,000000 ; part de filière 0,000 %. Zéro proposé : Filière régionale non retenue dans ce scénario, sans interdiction universelle. Long apprentissage, frais, bourses, talent, licence ou secret ; titre ne donne pas maîtrise.";0;0;0;0;0
Certificateur et inspecteur arcanique;Praticien des services arcaniques;0;0;0.0;A — activité attestée;SB139;"Marchands/artisans/propriétaires de bateaux, officiers et bureaucrates ; commerces seulement besoins courants. Professions des résidents ; lieu de travail et commanditaires peuvent être extérieurs au quartier. Visiteurs exclus du stock. activité/institution locale Budget civil 1,00 % ; coefficient 0,000000 ; part de filière 0,000 %. Zéro proposé : Filière régionale non retenue dans ce scénario, sans interdiction universelle. Long apprentissage, frais, bourses, talent, licence ou secret ; titre ne donne pas maîtrise.";0;0;0;0;0
Opérateur de transport magique;Praticien des services arcaniques;0.019081972978395586;0.03159476286243391;17.173775680556027;D — activité déduite;SB142;"Marchands/artisans/propriétaires de bateaux, officiers et bureaucrates ; commerces seulement besoins courants. Professions des résidents ; lieu de travail et commanditaires peuvent être extérieurs au quartier. Visiteurs exclus du stock. activité/institution locale Budget civil 1,00 % ; coefficient 1,000000 ; part de filière 3,407 %. Long apprentissage, frais, bourses, talent, licence ou secret ; titre ne donne pas maîtrise.";9.671120720188654e-05;1.913677372382742e-05;0.0017425923949196884;0.017156522475669518;6.701012688066603e-05
Restaurateur de runes de tunnels;Praticien des services arcaniques;0;0;0.0;A — activité attestée;SB161;"Marchands/artisans/propriétaires de bateaux, officiers et bureaucrates ; commerces seulement besoins courants. Professions des résidents ; lieu de travail et commanditaires peuvent être extérieurs au quartier. Visiteurs exclus du stock. activité/institution locale Budget civil 1,00 % ; coefficient 0,000000 ; part de filière 0,000 %. Zéro proposé : Filière régionale non retenue dans ce scénario, sans interdiction universelle. Long apprentissage, frais, bourses, talent, licence ou secret ; titre ne donne pas maîtrise.";0;0;0;0;0
Artificier psychique;Praticien des services arcaniques;0;0;0.0;A — activité attestée;PG8;"Marchands/artisans/propriétaires de bateaux, officiers et bureaucrates ; commerces seulement besoins courants. Professions des résidents ; lieu de travail et commanditaires peuvent être extérieurs au quartier. Visiteurs exclus du stock. activité/institution locale Budget civil 1,00 % ; coefficient 0,000000 ; part de filière 0,000 %. Zéro proposé : Filière régionale non retenue dans ce scénario, sans interdiction universelle. Long apprentissage, frais, bourses, talent, licence ou secret ; titre ne donne pas maîtrise.";0;0;0;0;0
Guérisseur;Soigneur;0.22921132723851012;0.37951408576480244;206.29019451465913;A — activité attestée;"MJ141; PG36";"Marchands/artisans/propriétaires de bateaux, officiers et bureaucrates ; commerces seulement besoins courants. Professions des résidents ; lieu de travail et commanditaires peuvent être extérieurs au quartier. Visiteurs exclus du stock. activité/institution locale Budget civil 14,00 % ; coefficient 1,700000 ; part de filière 2,923 %. Apprentissage et qualification variable ; soins avancés et thérapie magique exigent formation.";1.2308898644553107e-05;2.435628868313246e-06;0.0008871523286048731;0.21835928053837184;0.009950149844020532
Chirurgien;Soigneur;0.034381699085776526;0.05692711286472038;30.943529177198876;P — activité proposée;"MJ141; PG36";"Marchands/artisans/propriétaires de bateaux, officiers et bureaucrates ; commerces seulement besoins courants. Professions des résidents ; lieu de travail et commanditaires peuvent être extérieurs au quartier. Visiteurs exclus du stock. activité/institution locale Budget civil 14,00 % ; coefficient 0,255000 ; part de filière 0,438 %. Apprentissage et qualification variable ; soins avancés et thérapie magique exigent formation.";1.8463347966829663e-06;3.65344330246987e-07;0.00013307284929073098;0.032753892080755784;0.0014925224766030804
Praticien de psychosurgery;Soigneur;0;0;0.0;D — activité déduite;SB94;"Marchands/artisans/propriétaires de bateaux, officiers et bureaucrates ; commerces seulement besoins courants. Professions des résidents ; lieu de travail et commanditaires peuvent être extérieurs au quartier. Visiteurs exclus du stock. activité/institution locale Budget civil 14,00 % ; coefficient 0,000000 ; part de filière 0,000 %. Zéro proposé : Filière régionale non retenue dans ce scénario, sans interdiction universelle. Apprentissage et qualification variable ; soins avancés et thérapie magique exigent formation.";0;0;0;0;0
Opérateur de thérapie onirique;Soigneur;0;0;0.0;D — activité déduite;"SB141; SB228";"Marchands/artisans/propriétaires de bateaux, officiers et bureaucrates ; commerces seulement besoins courants. Professions des résidents ; lieu de travail et commanditaires peuvent être extérieurs au quartier. Visiteurs exclus du stock. activité/institution locale Budget civil 14,00 % ; coefficient 0,000000 ; part de filière 0,000 %. Zéro proposé : Technique de site, institution, secret ou habilitation concentrée dans les implantations autorisées du scénario. Apprentissage et qualification variable ; soins avancés et thérapie magique exigent formation.";0;0;0;0;0
Prêtre et officiant;Officiant religieux;0.08880011148861205;0.14702978920559648;79.92010033975085;A — activité attestée;"MJ127; SB182";"Marchands/artisans/propriétaires de bateaux, officiers et bureaucrates ; commerces seulement besoins courants. Professions des résidents ; lieu de travail et commanditaires peuvent être extérieurs au quartier. Visiteurs exclus du stock. activité/institution locale Budget civil 7,00 % ; coefficient 2,000000 ; part de filière 2,265 %. Instruction, autorisation ou initiation ; clergé, caste et office ne rendent pas noble.";0.0012279084844117939;0.00024297294491116626;0.004978144838772241;0.08168639442259475;0.0006646907979221025
Acolyte;Officiant religieux;0.08880011148861205;0.14702978920559648;79.92010033975085;A — activité attestée;"MJ127; SB182";"Marchands/artisans/propriétaires de bateaux, officiers et bureaucrates ; commerces seulement besoins courants. Professions des résidents ; lieu de travail et commanditaires peuvent être extérieurs au quartier. Visiteurs exclus du stock. activité/institution locale Budget civil 7,00 % ; coefficient 2,000000 ; part de filière 2,265 %. Instruction, autorisation ou initiation ; clergé, caste et office ne rendent pas noble.";0.0012279084844117939;0.00024297294491116626;0.004978144838772241;0.08168639442259475;0.0006646907979221025
Shaman;Officiant religieux;0.08880011148861205;0.14702978920559648;79.92010033975085;A — activité attestée;"SB129; SB191";"Marchands/artisans/propriétaires de bateaux, officiers et bureaucrates ; commerces seulement besoins courants. Professions des résidents ; lieu de travail et commanditaires peuvent être extérieurs au quartier. Visiteurs exclus du stock. activité/institution locale Budget civil 7,00 % ; coefficient 2,000000 ; part de filière 2,265 %. Instruction, autorisation ou initiation ; clergé, caste et office ne rendent pas noble.";0.0012279084844117939;0.00024297294491116626;0.004978144838772241;0.08168639442259475;0.0006646907979221025
Sugenja;Officiant religieux;0;0;0.0;A — activité attestée;SB198;"Marchands/artisans/propriétaires de bateaux, officiers et bureaucrates ; commerces seulement besoins courants. Professions des résidents ; lieu de travail et commanditaires peuvent être extérieurs au quartier. Visiteurs exclus du stock. activité/institution locale Budget civil 7,00 % ; coefficient 0,000000 ; part de filière 0,000 %. Zéro proposé : Filière régionale non retenue dans ce scénario, sans interdiction universelle. Instruction, autorisation ou initiation ; clergé, caste et office ne rendent pas noble.";0;0;0;0;0
Gardien et officiant druidique;Officiant religieux;0.08880011148861205;0.14702978920559648;79.92010033975085;A — activité attestée;SB153;"Marchands/artisans/propriétaires de bateaux, officiers et bureaucrates ; commerces seulement besoins courants. Professions des résidents ; lieu de travail et commanditaires peuvent être extérieurs au quartier. Visiteurs exclus du stock. activité/institution locale Budget civil 7,00 % ; coefficient 2,000000 ; part de filière 2,265 %. Instruction, autorisation ou initiation ; clergé, caste et office ne rendent pas noble.";0.0012279084844117939;0.00024297294491116626;0.004978144838772241;0.08168639442259475;0.0006646907979221025
Gardien-purificateur de Mother Tree;Officiant religieux;0;0;0.0;A — activité attestée;SB153;"Marchands/artisans/propriétaires de bateaux, officiers et bureaucrates ; commerces seulement besoins courants. Professions des résidents ; lieu de travail et commanditaires peuvent être extérieurs au quartier. Visiteurs exclus du stock. activité/institution locale Budget civil 7,00 % ; coefficient 0,000000 ; part de filière 0,000 %. Zéro proposé : Filière régionale non retenue dans ce scénario, sans interdiction universelle. Instruction, autorisation ou initiation ; clergé, caste et office ne rendent pas noble.";0;0;0;0;0
Officiant des rites Ba-Akhu;Officiant religieux;0;0;0.0;A — activité attestée;SB184;"Marchands/artisans/propriétaires de bateaux, officiers et bureaucrates ; commerces seulement besoins courants. Professions des résidents ; lieu de travail et commanditaires peuvent être extérieurs au quartier. Visiteurs exclus du stock. activité/institution locale Budget civil 7,00 % ; coefficient 0,000000 ; part de filière 0,000 %. Zéro proposé : Filière régionale non retenue dans ce scénario, sans interdiction universelle. Instruction, autorisation ou initiation ; clergé, caste et office ne rendent pas noble.";0;0;0;0;0
Garde et sentinelle;Garde et surveillant;0.16662230919444443;0.2758830207206511;149.96007827499997;A — activité attestée;"MJ140; SB90";"Marchands/artisans/propriétaires de bateaux, officiers et bureaucrates ; commerces seulement besoins courants. Professions des résidents ; lieu de travail et commanditaires peuvent être extérieurs au quartier. Visiteurs exclus du stock. activité/institution locale Budget civil 3,00 % ; coefficient 11,900000 ; part de filière 9,917 %. Entraînement, loyauté, armes et habilitations ; aucun métier verrouillé par naissance sauf source explicite.";0.000594948764446049;0.00011772575497592016;0.00450243930729816;0.1583154446792699;0.0030917506884544045
Garde du corps;Garde et surveillant;0.16662230919444443;0.2758830207206511;149.96007827499997;A — activité attestée;"MJ140; SB90";"Marchands/artisans/propriétaires de bateaux, officiers et bureaucrates ; commerces seulement besoins courants. Professions des résidents ; lieu de travail et commanditaires peuvent être extérieurs au quartier. Visiteurs exclus du stock. activité/institution locale Budget civil 3,00 % ; coefficient 11,900000 ; part de filière 9,917 %. Entraînement, loyauté, armes et habilitations ; aucun métier verrouillé par naissance sauf source explicite.";0.000594948764446049;0.00011772575497592016;0.00450243930729816;0.1583154446792699;0.0030917506884544045
Soldat;Combattant professionnel;1.1111111111111114;1.839709767387097;1000.0000000000003;A — activité attestée;"MJ140; SB90";"Marchands/artisans/propriétaires de bateaux, officiers et bureaucrates ; commerces seulement besoins courants. Professions des résidents ; lieu de travail et commanditaires peuvent être extérieurs au quartier. Visiteurs exclus du stock. activité/institution locale Garnison incluse dans les résidents par convention proposée, comptée une seule fois. Entraînement, loyauté, armes et habilitations ; aucun métier verrouillé par naissance sauf source explicite.";0.000995037217610092;0.00019689343801118124;0.030120877282356545;1.0591147943641142;0.020683508809019348
Mercenaire;Combattant professionnel;0.16662230919444443;0.2758830207206511;149.96007827499997;A — activité attestée;"MJ140; SB90";"Marchands/artisans/propriétaires de bateaux, officiers et bureaucrates ; commerces seulement besoins courants. Professions des résidents ; lieu de travail et commanditaires peuvent être extérieurs au quartier. Visiteurs exclus du stock. activité/institution locale Budget civil 3,00 % ; coefficient 11,900000 ; part de filière 9,917 %. Entraînement, loyauté, armes et habilitations ; aucun métier verrouillé par naissance sauf source explicite.";0.000594948764446049;0.00011772575497592016;0.00450243930729816;0.1583154446792699;0.0030917506884544045
Éclaireur;Combattant professionnel;0.16662230919444443;0.2758830207206511;149.96007827499997;A — activité attestée;"MJ140; SB90";"Marchands/artisans/propriétaires de bateaux, officiers et bureaucrates ; commerces seulement besoins courants. Professions des résidents ; lieu de travail et commanditaires peuvent être extérieurs au quartier. Visiteurs exclus du stock. activité/institution locale Budget civil 3,00 % ; coefficient 11,900000 ; part de filière 9,917 %. Entraînement, loyauté, armes et habilitations ; aucun métier verrouillé par naissance sauf source explicite.";0.000594948764446049;0.00011772575497592016;0.00450243930729816;0.1583154446792699;0.0030917506884544045
Chasseur de primes;Combattant professionnel;0.16662230919444443;0.2758830207206511;149.96007827499997;A — activité attestée;MJ140;"Marchands/artisans/propriétaires de bateaux, officiers et bureaucrates ; commerces seulement besoins courants. Professions des résidents ; lieu de travail et commanditaires peuvent être extérieurs au quartier. Visiteurs exclus du stock. activité/institution locale Budget civil 3,00 % ; coefficient 11,900000 ; part de filière 9,917 %. Entraînement, loyauté, armes et habilitations ; aucun métier verrouillé par naissance sauf source explicite.";0.000594948764446049;0.00011772575497592016;0.00450243930729816;0.1583154446792699;0.0030917506884544045
Gladiateur;Combattant professionnel;0.16662230919444443;0.2758830207206511;149.96007827499997;A — activité attestée;MJ130;"Marchands/artisans/propriétaires de bateaux, officiers et bureaucrates ; commerces seulement besoins courants. Professions des résidents ; lieu de travail et commanditaires peuvent être extérieurs au quartier. Visiteurs exclus du stock. activité/institution locale Budget civil 3,00 % ; coefficient 11,900000 ; part de filière 9,917 %. Entraînement, loyauté, armes et habilitations ; aucun métier verrouillé par naissance sauf source explicite.";0.000594948764446049;0.00011772575497592016;0.00450243930729816;0.1583154446792699;0.0030917506884544045
Champion d’arène;Combattant professionnel;0.16662230919444443;0.2758830207206511;149.96007827499997;A — activité attestée;SB90;"Marchands/artisans/propriétaires de bateaux, officiers et bureaucrates ; commerces seulement besoins courants. Professions des résidents ; lieu de travail et commanditaires peuvent être extérieurs au quartier. Visiteurs exclus du stock. activité/institution locale Budget civil 3,00 % ; coefficient 11,900000 ; part de filière 9,917 %. Entraînement, loyauté, armes et habilitations ; aucun métier verrouillé par naissance sauf source explicite.";0.000594948764446049;0.00011772575497592016;0.00450243930729816;0.1583154446792699;0.0030917506884544045
Veilleur de nuit;Garde et surveillant;0.16662230919444443;0.2758830207206511;149.96007827499997;P — activité proposée;"MJ140; SB90";"Marchands/artisans/propriétaires de bateaux, officiers et bureaucrates ; commerces seulement besoins courants. Professions des résidents ; lieu de travail et commanditaires peuvent être extérieurs au quartier. Visiteurs exclus du stock. activité/institution locale Budget civil 3,00 % ; coefficient 11,900000 ; part de filière 9,917 %. Entraînement, loyauté, armes et habilitations ; aucun métier verrouillé par naissance sauf source explicite.";0.000594948764446049;0.00011772575497592016;0.00450243930729816;0.1583154446792699;0.0030917506884544045
Guide;Guide;2.332828970170731;3.8625554178600083;2099.5460731536577;A — activité attestée;MJ140;"Marchands/artisans/propriétaires de bateaux, officiers et bureaucrates ; commerces seulement besoins courants. Professions des résidents ; lieu de travail et commanditaires peuvent être extérieurs au quartier. Visiteurs exclus du stock. activité/institution locale Budget civil 28,00 % ; coefficient 29,750000 ; part de filière 14,876 %. Réseau, itinéraires, confiance et capital ; manutention distincte de propriété du fret.";0.003903640624060277;0.0030897385932051407;0.1266080570126284;2.0775120084217176;0.1217155255191194
Gardien de domaine;Garde et surveillant;0.16662230919444443;0.2758830207206511;149.96007827499997;A — activité attestée;MJ140;"Marchands/artisans/propriétaires de bateaux, officiers et bureaucrates ; commerces seulement besoins courants. Professions des résidents ; lieu de travail et commanditaires peuvent être extérieurs au quartier. Visiteurs exclus du stock. activité/institution locale Budget civil 3,00 % ; coefficient 11,900000 ; part de filière 9,917 %. Entraînement, loyauté, armes et habilitations ; aucun métier verrouillé par naissance sauf source explicite.";0.000594948764446049;0.00011772575497592016;0.00450243930729816;0.1583154446792699;0.0030917506884544045
Spellshield;Protecteur et contrôleur arcanique;0;0;0.0;A — activité attestée;SB140;"Marchands/artisans/propriétaires de bateaux, officiers et bureaucrates ; commerces seulement besoins courants. Professions des résidents ; lieu de travail et commanditaires peuvent être extérieurs au quartier. Visiteurs exclus du stock. activité/institution locale Budget civil 3,00 % ; coefficient 0,000000 ; part de filière 0,000 %. Zéro proposé : Filière régionale non retenue dans ce scénario, sans interdiction universelle. Entraînement, loyauté, armes et habilitations ; aucun métier verrouillé par naissance sauf source explicite.";0;0;0;0;0
Warden des Arcane Enforcers;Protecteur et contrôleur arcanique;0;0;0.0;A — activité attestée;SB140;"Marchands/artisans/propriétaires de bateaux, officiers et bureaucrates ; commerces seulement besoins courants. Professions des résidents ; lieu de travail et commanditaires peuvent être extérieurs au quartier. Visiteurs exclus du stock. activité/institution locale Budget civil 3,00 % ; coefficient 0,000000 ; part de filière 0,000 %. Zéro proposé : Filière régionale non retenue dans ce scénario, sans interdiction universelle. Entraînement, loyauté, armes et habilitations ; aucun métier verrouillé par naissance sauf source explicite.";0;0;0;0;0
Inquisiteur;Garde et surveillant;0;0;0.0;A — activité attestée;SB29;"Marchands/artisans/propriétaires de bateaux, officiers et bureaucrates ; commerces seulement besoins courants. Professions des résidents ; lieu de travail et commanditaires peuvent être extérieurs au quartier. Visiteurs exclus du stock. activité/institution locale Budget civil 3,00 % ; coefficient 0,000000 ; part de filière 0,000 %. Zéro proposé : Inquisiteur bauronien : aucun établissement de son Église habilité dans ce profil, notamment les ordres cirrus indépendants. Entraînement, loyauté, armes et habilitations ; aucun métier verrouillé par naissance sauf source explicite.";0;0;0;0;0
Mage impérial chargé du contrôle;Protecteur et contrôleur arcanique;0;0;0.0;A — activité attestée;SB98;"Marchands/artisans/propriétaires de bateaux, officiers et bureaucrates ; commerces seulement besoins courants. Professions des résidents ; lieu de travail et commanditaires peuvent être extérieurs au quartier. Visiteurs exclus du stock. activité/institution locale Budget civil 3,00 % ; coefficient 0,000000 ; part de filière 0,000 %. Zéro proposé : Filière régionale non retenue dans ce scénario, sans interdiction universelle. Entraînement, loyauté, armes et habilitations ; aucun métier verrouillé par naissance sauf source explicite.";0;0;0;0;0
Chasseur de morts-vivants;Combattant professionnel;0.16662230919444443;0.2758830207206511;149.96007827499997;A — activité attestée;SB210;"Marchands/artisans/propriétaires de bateaux, officiers et bureaucrates ; commerces seulement besoins courants. Professions des résidents ; lieu de travail et commanditaires peuvent être extérieurs au quartier. Visiteurs exclus du stock. activité/institution locale Budget civil 3,00 % ; coefficient 11,900000 ; part de filière 9,917 %. Entraînement, loyauté, armes et habilitations ; aucun métier verrouillé par naissance sauf source explicite.";0.000594948764446049;0.00011772575497592016;0.00450243930729816;0.1583154446792699;0.0030917506884544045
Détective;Enquêteur et agent de renseignement;0.007000937361111112;0.011591723559691222;6.3008436250000015;A — activité attestée;"PG9; BR42";"Marchands/artisans/propriétaires de bateaux, officiers et bureaucrates ; commerces seulement besoins courants. Professions des résidents ; lieu de travail et commanditaires peuvent être extérieurs au quartier. Visiteurs exclus du stock. activité/institution locale Budget civil 3,00 % ; coefficient 0,500000 ; part de filière 0,417 %. Entraînement, loyauté, armes et habilitations ; aucun métier verrouillé par naissance sauf source explicite.";2.499784724563232e-05;4.946460293105889e-06;0.0001891781221553849;0.006651909440305459;0.0001299054911115297
Espion;Enquêteur et agent de renseignement;0.007000937361111112;0.011591723559691222;6.3008436250000015;A — activité attestée;"PG9; BR42";"Marchands/artisans/propriétaires de bateaux, officiers et bureaucrates ; commerces seulement besoins courants. Professions des résidents ; lieu de travail et commanditaires peuvent être extérieurs au quartier. Visiteurs exclus du stock. activité/institution locale Budget civil 3,00 % ; coefficient 0,500000 ; part de filière 0,417 %. Entraînement, loyauté, armes et habilitations ; aucun métier verrouillé par naissance sauf source explicite.";2.499784724563232e-05;4.946460293105889e-06;0.0001891781221553849;0.006651909440305459;0.0001299054911115297
Détective arcanique;Enquêteur et agent de renseignement;0;0;0.0;A — activité attestée;SB140;"Marchands/artisans/propriétaires de bateaux, officiers et bureaucrates ; commerces seulement besoins courants. Professions des résidents ; lieu de travail et commanditaires peuvent être extérieurs au quartier. Visiteurs exclus du stock. activité/institution locale Budget civil 3,00 % ; coefficient 0,000000 ; part de filière 0,000 %. Zéro proposé : Filière régionale non retenue dans ce scénario, sans interdiction universelle. Entraînement, loyauté, armes et habilitations ; aucun métier verrouillé par naissance sauf source explicite.";0;0;0;0;0
Fonctionnaire;Administrateur et juriste;0.44400055744306033;0.7351489460279824;399.60050169875433;A — activité attestée;"SB90; SB213";"Marchands/artisans/propriétaires de bateaux, officiers et bureaucrates ; commerces seulement besoins courants. Professions des résidents ; lieu de travail et commanditaires peuvent être extérieurs au quartier. Visiteurs exclus du stock. activité/institution locale Budget civil 7,00 % ; coefficient 10,000000 ; part de filière 11,325 %. Instruction, autorisation ou initiation ; clergé, caste et office ne rendent pas noble.";0.017828022005663156;0.0035277278914902905;0.024092586936700536;0.3953353353329409;0.0032168852762654173
Percepteur;Administrateur et juriste;0.44400055744306033;0.7351489460279824;399.60050169875433;A — activité attestée;SB132;"Marchands/artisans/propriétaires de bateaux, officiers et bureaucrates ; commerces seulement besoins courants. Professions des résidents ; lieu de travail et commanditaires peuvent être extérieurs au quartier. Visiteurs exclus du stock. activité/institution locale Budget civil 7,00 % ; coefficient 10,000000 ; part de filière 11,325 %. Instruction, autorisation ou initiation ; clergé, caste et office ne rendent pas noble.";0.0061395424220589715;0.0012148647245558315;0.02489072419386121;0.4084319721129738;0.003323453989610513
Juge;Administrateur et juriste;0.44400055744306033;0.7351489460279824;399.60050169875433;A — activité attestée;"SB90; SB213";"Marchands/artisans/propriétaires de bateaux, officiers et bureaucrates ; commerces seulement besoins courants. Professions des résidents ; lieu de travail et commanditaires peuvent être extérieurs au quartier. Visiteurs exclus du stock. activité/institution locale Budget civil 7,00 % ; coefficient 10,000000 ; part de filière 11,325 %. Instruction, autorisation ou initiation ; clergé, caste et office ne rendent pas noble.";0.017828022005663156;0.0035277278914902905;0.024092586936700536;0.3953353353329409;0.0032168852762654173
Avocat;Administrateur et juriste;0.44400055744306033;0.7351489460279824;399.60050169875433;A — activité attestée;"SB90; SB213";"Marchands/artisans/propriétaires de bateaux, officiers et bureaucrates ; commerces seulement besoins courants. Professions des résidents ; lieu de travail et commanditaires peuvent être extérieurs au quartier. Visiteurs exclus du stock. activité/institution locale Budget civil 7,00 % ; coefficient 10,000000 ; part de filière 11,325 %. Instruction, autorisation ou initiation ; clergé, caste et office ne rendent pas noble.";0.0061395424220589715;0.0012148647245558315;0.02489072419386121;0.4084319721129738;0.003323453989610513
Diplomate et émissaire;Administrateur et juriste;0.44400055744306033;0.7351489460279824;399.60050169875433;A — activité attestée;PG46;"Marchands/artisans/propriétaires de bateaux, officiers et bureaucrates ; commerces seulement besoins courants. Professions des résidents ; lieu de travail et commanditaires peuvent être extérieurs au quartier. Visiteurs exclus du stock. activité/institution locale Budget civil 7,00 % ; coefficient 10,000000 ; part de filière 11,325 %. Instruction, autorisation ou initiation ; clergé, caste et office ne rendent pas noble.";0.017828022005663156;0.0035277278914902905;0.024092586936700536;0.3953353353329409;0.0032168852762654173
Recruteur et agent de missions;Administrateur et juriste;0.44400055744306033;0.7351489460279824;399.60050169875433;D — activité déduite;SB105;"Marchands/artisans/propriétaires de bateaux, officiers et bureaucrates ; commerces seulement besoins courants. Professions des résidents ; lieu de travail et commanditaires peuvent être extérieurs au quartier. Visiteurs exclus du stock. activité/institution locale Budget civil 7,00 % ; coefficient 10,000000 ; part de filière 11,325 %. Instruction, autorisation ou initiation ; clergé, caste et office ne rendent pas noble.";0.0061395424220589715;0.0012148647245558315;0.02489072419386121;0.4084319721129738;0.003323453989610513
Bourreau;Administrateur et juriste;0.44400055744306033;0.7351489460279824;399.60050169875433;A — activité attestée;SB148;"Marchands/artisans/propriétaires de bateaux, officiers et bureaucrates ; commerces seulement besoins courants. Professions des résidents ; lieu de travail et commanditaires peuvent être extérieurs au quartier. Visiteurs exclus du stock. activité/institution locale Budget civil 7,00 % ; coefficient 10,000000 ; part de filière 11,325 %. Instruction, autorisation ou initiation ; clergé, caste et office ne rendent pas noble.";0.0061395424220589715;0.0012148647245558315;0.02489072419386121;0.4084319721129738;0.003323453989610513
Acteur et comédien;Artiste du spectacle;0.043755858506944446;0.07244827224807014;39.38027265625001;A — activité attestée;MJ129;"Marchands/artisans/propriétaires de bateaux, officiers et bureaucrates ; commerces seulement besoins courants. Professions des résidents ; lieu de travail et commanditaires peuvent être extérieurs au quartier. Visiteurs exclus du stock. activité/institution locale Budget civil 1,00 % ; coefficient 1,500000 ; part de filière 7,812 %. Apprentissage, audition et réseau ; accès au mérite notamment Mustardseed.";6.23182994265063e-05;1.2331261592974014e-05;0.0016843248748554468;0.04145713830731846;0.0005397457637510581
Danseur;Artiste du spectacle;0.043755858506944446;0.07244827224807014;39.38027265625001;A — activité attestée;MJ129;"Marchands/artisans/propriétaires de bateaux, officiers et bureaucrates ; commerces seulement besoins courants. Professions des résidents ; lieu de travail et commanditaires peuvent être extérieurs au quartier. Visiteurs exclus du stock. activité/institution locale Budget civil 1,00 % ; coefficient 1,500000 ; part de filière 7,812 %. Apprentissage, audition et réseau ; accès au mérite notamment Mustardseed.";6.23182994265063e-05;1.2331261592974014e-05;0.0016843248748554468;0.04145713830731846;0.0005397457637510581
Musicien;Artiste du spectacle;0.043755858506944446;0.07244827224807014;39.38027265625001;A — activité attestée;MJ129;"Marchands/artisans/propriétaires de bateaux, officiers et bureaucrates ; commerces seulement besoins courants. Professions des résidents ; lieu de travail et commanditaires peuvent être extérieurs au quartier. Visiteurs exclus du stock. activité/institution locale Budget civil 1,00 % ; coefficient 1,500000 ; part de filière 7,812 %. Apprentissage, audition et réseau ; accès au mérite notamment Mustardseed.";6.23182994265063e-05;1.2331261592974014e-05;0.0016843248748554468;0.04145713830731846;0.0005397457637510581
Chanteur;Artiste du spectacle;0.043755858506944446;0.07244827224807014;39.38027265625001;A — activité attestée;MJ129;"Marchands/artisans/propriétaires de bateaux, officiers et bureaucrates ; commerces seulement besoins courants. Professions des résidents ; lieu de travail et commanditaires peuvent être extérieurs au quartier. Visiteurs exclus du stock. activité/institution locale Budget civil 1,00 % ; coefficient 1,500000 ; part de filière 7,812 %. Apprentissage, audition et réseau ; accès au mérite notamment Mustardseed.";6.23182994265063e-05;1.2331261592974014e-05;0.0016843248748554468;0.04145713830731846;0.0005397457637510581
Poète;Artiste du spectacle;0.043755858506944446;0.07244827224807014;39.38027265625001;A — activité attestée;MJ129;"Marchands/artisans/propriétaires de bateaux, officiers et bureaucrates ; commerces seulement besoins courants. Professions des résidents ; lieu de travail et commanditaires peuvent être extérieurs au quartier. Visiteurs exclus du stock. activité/institution locale Budget civil 1,00 % ; coefficient 1,500000 ; part de filière 7,812 %. Apprentissage, audition et réseau ; accès au mérite notamment Mustardseed.";6.23182994265063e-05;1.2331261592974014e-05;0.0016843248748554468;0.04145713830731846;0.0005397457637510581
Conteur;Artiste du spectacle;0.043755858506944446;0.07244827224807014;39.38027265625001;A — activité attestée;MJ129;"Marchands/artisans/propriétaires de bateaux, officiers et bureaucrates ; commerces seulement besoins courants. Professions des résidents ; lieu de travail et commanditaires peuvent être extérieurs au quartier. Visiteurs exclus du stock. activité/institution locale Budget civil 1,00 % ; coefficient 1,500000 ; part de filière 7,812 %. Apprentissage, audition et réseau ; accès au mérite notamment Mustardseed.";6.23182994265063e-05;1.2331261592974014e-05;0.0016843248748554468;0.04145713830731846;0.0005397457637510581
Bouffon;Artiste du spectacle;0.043755858506944446;0.07244827224807014;39.38027265625001;A — activité attestée;MJ129;"Marchands/artisans/propriétaires de bateaux, officiers et bureaucrates ; commerces seulement besoins courants. Professions des résidents ; lieu de travail et commanditaires peuvent être extérieurs au quartier. Visiteurs exclus du stock. activité/institution locale Budget civil 1,00 % ; coefficient 1,500000 ; part de filière 7,812 %. Apprentissage, audition et réseau ; accès au mérite notamment Mustardseed.";6.23182994265063e-05;1.2331261592974014e-05;0.0016843248748554468;0.04145713830731846;0.0005397457637510581
Jongleur;Artiste du spectacle;0.043755858506944446;0.07244827224807014;39.38027265625001;A — activité attestée;MJ129;"Marchands/artisans/propriétaires de bateaux, officiers et bureaucrates ; commerces seulement besoins courants. Professions des résidents ; lieu de travail et commanditaires peuvent être extérieurs au quartier. Visiteurs exclus du stock. activité/institution locale Budget civil 1,00 % ; coefficient 1,500000 ; part de filière 7,812 %. Apprentissage, audition et réseau ; accès au mérite notamment Mustardseed.";6.23182994265063e-05;1.2331261592974014e-05;0.0016843248748554468;0.04145713830731846;0.0005397457637510581
Acrobate;Artiste du spectacle;0.043755858506944446;0.07244827224807014;39.38027265625001;A — activité attestée;MJ129;"Marchands/artisans/propriétaires de bateaux, officiers et bureaucrates ; commerces seulement besoins courants. Professions des résidents ; lieu de travail et commanditaires peuvent être extérieurs au quartier. Visiteurs exclus du stock. activité/institution locale Budget civil 1,00 % ; coefficient 1,500000 ; part de filière 7,812 %. Apprentissage, audition et réseau ; accès au mérite notamment Mustardseed.";6.23182994265063e-05;1.2331261592974014e-05;0.0016843248748554468;0.04145713830731846;0.0005397457637510581
Cracheur de feu;Artiste du spectacle;0.043755858506944446;0.07244827224807014;39.38027265625001;A — activité attestée;MJ129;"Marchands/artisans/propriétaires de bateaux, officiers et bureaucrates ; commerces seulement besoins courants. Professions des résidents ; lieu de travail et commanditaires peuvent être extérieurs au quartier. Visiteurs exclus du stock. activité/institution locale Budget civil 1,00 % ; coefficient 1,500000 ; part de filière 7,812 %. Apprentissage, audition et réseau ; accès au mérite notamment Mustardseed.";6.23182994265063e-05;1.2331261592974014e-05;0.0016843248748554468;0.04145713830731846;0.0005397457637510581
Compositeur;Artiste du spectacle;0.043755858506944446;0.07244827224807014;39.38027265625001;A — activité attestée;PG28;"Marchands/artisans/propriétaires de bateaux, officiers et bureaucrates ; commerces seulement besoins courants. Professions des résidents ; lieu de travail et commanditaires peuvent être extérieurs au quartier. Visiteurs exclus du stock. activité/institution locale Budget civil 1,00 % ; coefficient 1,500000 ; part de filière 7,812 %. Apprentissage, audition et réseau ; accès au mérite notamment Mustardseed.";6.23182994265063e-05;1.2331261592974014e-05;0.0016843248748554468;0.04145713830731846;0.0005397457637510581
Crieur public;Artiste du spectacle;0.043755858506944446;0.07244827224807014;39.38027265625001;P — activité proposée;MJ129;"Marchands/artisans/propriétaires de bateaux, officiers et bureaucrates ; commerces seulement besoins courants. Professions des résidents ; lieu de travail et commanditaires peuvent être extérieurs au quartier. Visiteurs exclus du stock. activité/institution locale Budget civil 1,00 % ; coefficient 1,500000 ; part de filière 7,812 %. Apprentissage, audition et réseau ; accès au mérite notamment Mustardseed.";6.23182994265063e-05;1.2331261592974014e-05;0.0016843248748554468;0.04145713830731846;0.0005397457637510581
Joueur professionnel;Professionnel du jeu;0.011668228935185185;0.019319539266152035;10.501406041666666;P — activité proposée;SB99;"Marchands/artisans/propriétaires de bateaux, officiers et bureaucrates ; commerces seulement besoins courants. Professions des résidents ; lieu de travail et commanditaires peuvent être extérieurs au quartier. Visiteurs exclus du stock. activité/institution locale Budget civil 1,00 % ; coefficient 0,400000 ; part de filière 2,083 %. Apprentissage, audition et réseau ; accès au mérite notamment Mustardseed.";1.661821318040168e-05;3.28833642479307e-06;0.0004491532999614526;0.01105523688195159;0.00014393220366694877
Croupier;Professionnel du jeu;0.011668228935185185;0.019319539266152035;10.501406041666666;D — activité déduite;SB99;"Marchands/artisans/propriétaires de bateaux, officiers et bureaucrates ; commerces seulement besoins courants. Professions des résidents ; lieu de travail et commanditaires peuvent être extérieurs au quartier. Visiteurs exclus du stock. activité/institution locale Budget civil 1,00 % ; coefficient 0,400000 ; part de filière 2,083 %. Apprentissage, audition et réseau ; accès au mérite notamment Mustardseed.";1.661821318040168e-05;3.28833642479307e-06;0.0004491532999614526;0.01105523688195159;0.00014393220366694877
Preneur de paris;Professionnel du jeu;0.011668228935185185;0.019319539266152035;10.501406041666666;D — activité déduite;SB99;"Marchands/artisans/propriétaires de bateaux, officiers et bureaucrates ; commerces seulement besoins courants. Professions des résidents ; lieu de travail et commanditaires peuvent être extérieurs au quartier. Visiteurs exclus du stock. activité/institution locale Budget civil 1,00 % ; coefficient 0,400000 ; part de filière 2,083 %. Apprentissage, audition et réseau ; accès au mérite notamment Mustardseed.";1.661821318040168e-05;3.28833642479307e-06;0.0004491532999614526;0.01105523688195159;0.00014393220366694877
Maître-chanteur;Opérateur d’activités illicites;0.06223055432098765;0.10303754275281085;56.00749888888888;A — activité attestée;BR42;"Marchands/artisans/propriétaires de bateaux, officiers et bureaucrates ; commerces seulement besoins courants. Professions des résidents ; lieu de travail et commanditaires peuvent être extérieurs au quartier. Visiteurs exclus du stock. activité/institution locale Budget civil 1,00 % ; coefficient 1,000000 ; part de filière 11,111 %. Réseaux, exclusion, dettes et compétences ; statut légal distinct de noblesse.";1.577052788771254e-05;3.1206003153539147e-06;0.0017049690158635912;0.05595368396010161;0.0045530102168193755
Cambrioleur;Opérateur d’activités illicites;0.06223055432098765;0.10303754275281085;56.00749888888888;A — activité attestée;BR42;"Marchands/artisans/propriétaires de bateaux, officiers et bureaucrates ; commerces seulement besoins courants. Professions des résidents ; lieu de travail et commanditaires peuvent être extérieurs au quartier. Visiteurs exclus du stock. activité/institution locale Budget civil 1,00 % ; coefficient 1,000000 ; part de filière 11,111 %. Réseaux, exclusion, dettes et compétences ; statut légal distinct de noblesse.";1.577052788771254e-05;3.1206003153539147e-06;0.0017049690158635912;0.05595368396010161;0.0045530102168193755
Homme de main;Opérateur d’activités illicites;0.06223055432098765;0.10303754275281085;56.00749888888888;A — activité attestée;BR42;"Marchands/artisans/propriétaires de bateaux, officiers et bureaucrates ; commerces seulement besoins courants. Professions des résidents ; lieu de travail et commanditaires peuvent être extérieurs au quartier. Visiteurs exclus du stock. activité/institution locale Budget civil 1,00 % ; coefficient 1,000000 ; part de filière 11,111 %. Réseaux, exclusion, dettes et compétences ; statut légal distinct de noblesse.";1.577052788771254e-05;3.1206003153539147e-06;0.0017049690158635912;0.05595368396010161;0.0045530102168193755
Receleur;Opérateur d’activités illicites;0.06223055432098765;0.10303754275281085;56.00749888888888;A — activité attestée;BR42;"Marchands/artisans/propriétaires de bateaux, officiers et bureaucrates ; commerces seulement besoins courants. Professions des résidents ; lieu de travail et commanditaires peuvent être extérieurs au quartier. Visiteurs exclus du stock. activité/institution locale Budget civil 1,00 % ; coefficient 1,000000 ; part de filière 11,111 %. Réseaux, exclusion, dettes et compétences ; statut légal distinct de noblesse.";1.577052788771254e-05;3.1206003153539147e-06;0.0017049690158635912;0.05595368396010161;0.0045530102168193755
Voleur de grand chemin;Opérateur d’activités illicites;0.06223055432098765;0.10303754275281085;56.00749888888888;A — activité attestée;BR42;"Marchands/artisans/propriétaires de bateaux, officiers et bureaucrates ; commerces seulement besoins courants. Professions des résidents ; lieu de travail et commanditaires peuvent être extérieurs au quartier. Visiteurs exclus du stock. activité/institution locale Budget civil 1,00 % ; coefficient 1,000000 ; part de filière 11,111 %. Réseaux, exclusion, dettes et compétences ; statut légal distinct de noblesse.";1.577052788771254e-05;3.1206003153539147e-06;0.0017049690158635912;0.05595368396010161;0.0045530102168193755
Tueur à gages;Opérateur d’activités illicites;0.06223055432098765;0.10303754275281085;56.00749888888888;A — activité attestée;BR42;"Marchands/artisans/propriétaires de bateaux, officiers et bureaucrates ; commerces seulement besoins courants. Professions des résidents ; lieu de travail et commanditaires peuvent être extérieurs au quartier. Visiteurs exclus du stock. activité/institution locale Budget civil 1,00 % ; coefficient 1,000000 ; part de filière 11,111 %. Réseaux, exclusion, dettes et compétences ; statut légal distinct de noblesse.";1.577052788771254e-05;3.1206003153539147e-06;0.0017049690158635912;0.05595368396010161;0.0045530102168193755
Pickpocket;Opérateur d’activités illicites;0.06223055432098765;0.10303754275281085;56.00749888888888;A — activité attestée;BR42;"Marchands/artisans/propriétaires de bateaux, officiers et bureaucrates ; commerces seulement besoins courants. Professions des résidents ; lieu de travail et commanditaires peuvent être extérieurs au quartier. Visiteurs exclus du stock. activité/institution locale Budget civil 1,00 % ; coefficient 1,000000 ; part de filière 11,111 %. Réseaux, exclusion, dettes et compétences ; statut légal distinct de noblesse.";1.577052788771254e-05;3.1206003153539147e-06;0.0017049690158635912;0.05595368396010161;0.0045530102168193755
Contrebandier;Opérateur d’activités illicites;0.06223055432098765;0.10303754275281085;56.00749888888888;A — activité attestée;BR42;"Marchands/artisans/propriétaires de bateaux, officiers et bureaucrates ; commerces seulement besoins courants. Professions des résidents ; lieu de travail et commanditaires peuvent être extérieurs au quartier. Visiteurs exclus du stock. activité/institution locale Budget civil 1,00 % ; coefficient 1,000000 ; part de filière 11,111 %. Réseaux, exclusion, dettes et compétences ; statut légal distinct de noblesse.";1.577052788771254e-05;3.1206003153539147e-06;0.0017049690158635912;0.05595368396010161;0.0045530102168193755
Pirate;Opérateur d’activités illicites;0.06223055432098765;0.10303754275281085;56.00749888888888;A — activité attestée;MJ136;"Marchands/artisans/propriétaires de bateaux, officiers et bureaucrates ; commerces seulement besoins courants. Professions des résidents ; lieu de travail et commanditaires peuvent être extérieurs au quartier. Visiteurs exclus du stock. activité/institution locale Budget civil 1,00 % ; coefficient 1,000000 ; part de filière 11,111 %. Réseaux, exclusion, dettes et compétences ; statut légal distinct de noblesse.";1.577052788771254e-05;3.1206003153539147e-06;0.0017049690158635912;0.05595368396010161;0.0045530102168193755
Cultivateur de tubercules;Agriculteur;0;0;0.0;A — activité attestée;"SB120; SB168";"Marchands/artisans/propriétaires de bateaux, officiers et bureaucrates ; commerces seulement besoins courants. Professions des résidents ; lieu de travail et commanditaires peuvent être extérieurs au quartier. Visiteurs exclus du stock. activité/institution locale Budget civil 16,00 % ; coefficient 0,000000 ; part de filière 0,000 %. Zéro proposé : Climat, matière ou culture hors filière régionale retenue ; aucun établissement exceptionnel proposé. Transmission familiale, terre/eau, droits d’usage et outils ; les tâches saisonnières restent secondaires.";0;0;0;0;0
Cartographe;Cartographe;0.014311479733796692;0.023696072146825436;12.880331760417024;A — activité attestée;MJ128;"Marchands/artisans/propriétaires de bateaux, officiers et bureaucrates ; commerces seulement besoins courants. Professions des résidents ; lieu de travail et commanditaires peuvent être extérieurs au quartier. Visiteurs exclus du stock. activité/institution locale Budget civil 1,00 % ; coefficient 0,750000 ; part de filière 2,555 %. Long apprentissage, frais, bourses, talent, licence ou secret ; titre ne donne pas maîtrise.";7.25334054014149e-05;1.4352580292870565e-05;0.001306944296189766;0.01286739185675214;5.025759516049953e-05
Sans métier actif;Statut;3.27739;5.426501755083117;2949.651;P;;Personnes productives occupées + personnes sans emploi disponibles recherchant une activité. Inclut aide familiale, subsistance, apprentissage productif et travail partiel.;0.00264;0.0008599999999999998;0.03744;2.77245;0.46399999999999997
Hors activité;Statut;39.604;0;35643.6;P;;"Tous habitants recensés dans les catégories sources; enfants, étudiants et retraités ne sont exclus de l’activité que sans contribution productive. Pas de seuil humain de 18 ans imposé.";0.26799999999999996;0.056999999999999995;1.728;35.451;2.1
