Métier;Base;% habitants;% actifs;Effectif attendu;Appui activité;Références;Justification proposée;Nobles de milieu privilégié / % de tous habitants;Autres nobles, dont maisons modestes / % de tous habitants;Peuple de milieu privilégié / % de tous habitants;Peuple ordinaire / % de tous habitants;Peuple précaire / % de tous habitants
Agriculteur généraliste;Agriculteur;0.2590116887794533;0.4301948059717202;77.70350663383599;A — activité attestée;"SB90; SB198";"Chantiers navals, grands clans, forge/cuir, administration/shamans ; extérieur population d’arrivants et zone impériale. Professions des résidents ; lieu de travail et commanditaires peuvent être extérieurs au quartier. Visiteurs exclus du stock. activité/institution locale Budget civil 14,00 % ; coefficient 1,750000 ; part de filière 3,299 %. Transmission familiale, terre/eau, droits d’usage et outils ; les tâches saisonnières restent secondaires.";8.317802497788176e-05;6.845942769731679e-05;0.0007938806751411416;0.2457010417001837;0.012365128951453273
Céréalier;Agriculteur;0.051802337755890666;0.08603896119434405;15.5407013267672;D — activité déduite;"SB90; SB198";"Chantiers navals, grands clans, forge/cuir, administration/shamans ; extérieur population d’arrivants et zone impériale. Professions des résidents ; lieu de travail et commanditaires peuvent être extérieurs au quartier. Visiteurs exclus du stock. activité/institution locale Budget civil 14,00 % ; coefficient 0,350000 ; part de filière 0,660 %. Transmission familiale, terre/eau, droits d’usage et outils ; les tâches saisonnières restent secondaires.";1.6635604995576368e-05;1.3691885539463364e-05;0.00015877613502822844;0.04914020834003674;0.002473025790290657
Riziculteur;Agriculteur;0;0;0.0;A — activité attestée;SB198;"Chantiers navals, grands clans, forge/cuir, administration/shamans ; extérieur population d’arrivants et zone impériale. Professions des résidents ; lieu de travail et commanditaires peuvent être extérieurs au quartier. Visiteurs exclus du stock. activité/institution locale Budget civil 14,00 % ; coefficient 0,000000 ; part de filière 0,000 %. Zéro proposé : Climat, matière ou culture hors filière régionale retenue ; aucun établissement exceptionnel proposé. Transmission familiale, terre/eau, droits d’usage et outils ; les tâches saisonnières restent secondaires.";0;0;0;0;0
Vigneron;Agriculteur;0;0;0.0;A — activité attestée;MJ128;"Chantiers navals, grands clans, forge/cuir, administration/shamans ; extérieur population d’arrivants et zone impériale. Professions des résidents ; lieu de travail et commanditaires peuvent être extérieurs au quartier. Visiteurs exclus du stock. activité/institution locale Budget civil 3,00 % ; coefficient 0,000000 ; part de filière 0,000 %. Zéro proposé : Climat, matière ou culture hors filière régionale retenue ; aucun établissement exceptionnel proposé. Savoir-faire de terrain et sécurité ; procédé spécialisé distinct du rang social.";0;0;0;0;0
Cultivateur d’épices;Agriculteur;0;0;0.0;A — activité attestée;SB182;"Chantiers navals, grands clans, forge/cuir, administration/shamans ; extérieur population d’arrivants et zone impériale. Professions des résidents ; lieu de travail et commanditaires peuvent être extérieurs au quartier. Visiteurs exclus du stock. activité/institution locale Budget civil 3,00 % ; coefficient 0,000000 ; part de filière 0,000 %. Zéro proposé : Climat, matière ou culture hors filière régionale retenue ; aucun établissement exceptionnel proposé. Savoir-faire de terrain et sécurité ; procédé spécialisé distinct du rang social.";0;0;0;0;0
Cultivateur d’herbes pour thé;Agriculteur;0;0;0.0;D — activité déduite;SB198;"Chantiers navals, grands clans, forge/cuir, administration/shamans ; extérieur population d’arrivants et zone impériale. Professions des résidents ; lieu de travail et commanditaires peuvent être extérieurs au quartier. Visiteurs exclus du stock. activité/institution locale Budget civil 3,00 % ; coefficient 0,000000 ; part de filière 0,000 %. Zéro proposé : Climat, matière ou culture hors filière régionale retenue ; aucun établissement exceptionnel proposé. Savoir-faire de terrain et sécurité ; procédé spécialisé distinct du rang social.";0;0;0;0;0
Maraîcher;Agriculteur;0.051802337755890666;0.08603896119434405;15.5407013267672;D — activité déduite;"SB90; SB198";"Chantiers navals, grands clans, forge/cuir, administration/shamans ; extérieur population d’arrivants et zone impériale. Professions des résidents ; lieu de travail et commanditaires peuvent être extérieurs au quartier. Visiteurs exclus du stock. activité/institution locale Budget civil 14,00 % ; coefficient 0,350000 ; part de filière 0,660 %. Transmission familiale, terre/eau, droits d’usage et outils ; les tâches saisonnières restent secondaires.";1.6635604995576368e-05;1.3691885539463364e-05;0.00015877613502822844;0.04914020834003674;0.002473025790290657
Jardinier;Horticulteur;0.17994853331550797;0.29887811140630477;53.98455999465239;A — activité attestée;"SB29; SB161";"Chantiers navals, grands clans, forge/cuir, administration/shamans ; extérieur population d’arrivants et zone impériale. Professions des résidents ; lieu de travail et commanditaires peuvent être extérieurs au quartier. Visiteurs exclus du stock. activité/institution locale Budget civil 3,00 % ; coefficient 1,000000 ; part de filière 10,695 %. Savoir-faire de terrain et sécurité ; procédé spécialisé distinct du rang social.";3.4579015509661774e-05;7.115039136711812e-06;0.0011001147713323757;0.17023927762070043;0.008567446868828809
Fleuriste;Horticulteur;0.17994853331550797;0.29887811140630477;53.98455999465239;A — activité attestée;"SB29; SB161";"Chantiers navals, grands clans, forge/cuir, administration/shamans ; extérieur population d’arrivants et zone impériale. Professions des résidents ; lieu de travail et commanditaires peuvent être extérieurs au quartier. Visiteurs exclus du stock. activité/institution locale Budget civil 3,00 % ; coefficient 1,000000 ; part de filière 10,695 %. Savoir-faire de terrain et sécurité ; procédé spécialisé distinct du rang social.";3.4579015509661774e-05;7.115039136711812e-06;0.0011001147713323757;0.17023927762070043;0.008567446868828809
Arboriculteur de verger;Horticulteur;0.1480066793025448;0.24582560341241166;44.40200379076344;D — activité déduite;"SB29; SB161";"Chantiers navals, grands clans, forge/cuir, administration/shamans ; extérieur population d’arrivants et zone impériale. Professions des résidents ; lieu de travail et commanditaires peuvent être extérieurs au quartier. Visiteurs exclus du stock. activité/institution locale Budget civil 14,00 % ; coefficient 1,000000 ; part de filière 1,885 %. Transmission familiale, terre/eau, droits d’usage et outils ; les tâches saisonnières restent secondaires.";4.753029998736104e-05;3.9119672969895335e-05;0.00045364610008065284;0.14040059525724788;0.0070657879722590185
Jardinier de roses magiques;Horticulteur;0;0;0.0;A — activité attestée;SB157;"Chantiers navals, grands clans, forge/cuir, administration/shamans ; extérieur population d’arrivants et zone impériale. Professions des résidents ; lieu de travail et commanditaires peuvent être extérieurs au quartier. Visiteurs exclus du stock. activité/institution locale Budget civil 3,00 % ; coefficient 0,000000 ; part de filière 0,000 %. Zéro proposé : Filière régionale non retenue dans ce scénario, sans interdiction universelle. Savoir-faire de terrain et sécurité ; procédé spécialisé distinct du rang social.";0;0;0;0;0
Arboriculteur de breithwood;Horticulteur;0;0;0.0;D — activité déduite;SB152;"Chantiers navals, grands clans, forge/cuir, administration/shamans ; extérieur population d’arrivants et zone impériale. Professions des résidents ; lieu de travail et commanditaires peuvent être extérieurs au quartier. Visiteurs exclus du stock. activité/institution locale Budget civil 3,00 % ; coefficient 0,000000 ; part de filière 0,000 %. Zéro proposé : Filière régionale non retenue dans ce scénario, sans interdiction universelle. Savoir-faire de terrain et sécurité ; procédé spécialisé distinct du rang social.";0;0;0;0;0
Éleveur généraliste;Éleveur;0.3700166982563619;0.614564008531029;111.00500947690858;A — activité attestée;"SB120; SB182";"Chantiers navals, grands clans, forge/cuir, administration/shamans ; extérieur population d’arrivants et zone impériale. Professions des résidents ; lieu de travail et commanditaires peuvent être extérieurs au quartier. Visiteurs exclus du stock. activité/institution locale Budget civil 14,00 % ; coefficient 2,500000 ; part de filière 4,713 %. Transmission familiale, terre/eau, droits d’usage et outils ; les tâches saisonnières restent secondaires.";0.0001188257499684026;9.779918242473832e-05;0.0011341152502016318;0.3510014881431196;0.017664469930647533
Berger;Éleveur;0.4440200379076342;0.7374768102372347;133.20601137229028;A — activité attestée;MJ135;"Chantiers navals, grands clans, forge/cuir, administration/shamans ; extérieur population d’arrivants et zone impériale. Professions des résidents ; lieu de travail et commanditaires peuvent être extérieurs au quartier. Visiteurs exclus du stock. activité/institution locale Budget civil 14,00 % ; coefficient 3,000000 ; part de filière 5,655 %. Transmission familiale, terre/eau, droits d’usage et outils ; les tâches saisonnières restent secondaires.";0.00014259089996208305;0.00011735901890968596;0.0013609383002419577;0.42120178577174344;0.02119736391677705
Éleveur de yaks;Éleveur;0;0;0.0;A — activité attestée;SB120;"Chantiers navals, grands clans, forge/cuir, administration/shamans ; extérieur population d’arrivants et zone impériale. Professions des résidents ; lieu de travail et commanditaires peuvent être extérieurs au quartier. Visiteurs exclus du stock. activité/institution locale Budget civil 14,00 % ; coefficient 0,000000 ; part de filière 0,000 %. Zéro proposé : Climat, matière ou culture hors filière régionale retenue ; aucun établissement exceptionnel proposé. Transmission familiale, terre/eau, droits d’usage et outils ; les tâches saisonnières restent secondaires.";0;0;0;0;0
Éleveur de chevaux;Éleveur;0.17994853331550797;0.29887811140630477;53.98455999465239;A — activité attestée;SB182;"Chantiers navals, grands clans, forge/cuir, administration/shamans ; extérieur population d’arrivants et zone impériale. Professions des résidents ; lieu de travail et commanditaires peuvent être extérieurs au quartier. Visiteurs exclus du stock. activité/institution locale Budget civil 3,00 % ; coefficient 1,000000 ; part de filière 10,695 %. Savoir-faire de terrain et sécurité ; procédé spécialisé distinct du rang social.";3.4579015509661774e-05;7.115039136711812e-06;0.0011001147713323757;0.17023927762070043;0.008567446868828809
Éleveur de chameaux;Éleveur;0;0;0.0;A — activité attestée;SB182;"Chantiers navals, grands clans, forge/cuir, administration/shamans ; extérieur population d’arrivants et zone impériale. Professions des résidents ; lieu de travail et commanditaires peuvent être extérieurs au quartier. Visiteurs exclus du stock. activité/institution locale Budget civil 3,00 % ; coefficient 0,000000 ; part de filière 0,000 %. Zéro proposé : Climat, matière ou culture hors filière régionale retenue ; aucun établissement exceptionnel proposé. Savoir-faire de terrain et sécurité ; procédé spécialisé distinct du rang social.";0;0;0;0;0
Éleveur de vers à soie;Éleveur;0;0;0.0;A — activité attestée;SB198;"Chantiers navals, grands clans, forge/cuir, administration/shamans ; extérieur population d’arrivants et zone impériale. Professions des résidents ; lieu de travail et commanditaires peuvent être extérieurs au quartier. Visiteurs exclus du stock. activité/institution locale Budget civil 3,00 % ; coefficient 0,000000 ; part de filière 0,000 %. Zéro proposé : Climat, matière ou culture hors filière régionale retenue ; aucun établissement exceptionnel proposé. Savoir-faire de terrain et sécurité ; procédé spécialisé distinct du rang social.";0;0;0;0;0
Éleveur de loups géants;Éleveur;0;0;0.0;A — activité attestée;SB191;"Chantiers navals, grands clans, forge/cuir, administration/shamans ; extérieur population d’arrivants et zone impériale. Professions des résidents ; lieu de travail et commanditaires peuvent être extérieurs au quartier. Visiteurs exclus du stock. activité/institution locale Budget civil 3,00 % ; coefficient 0,000000 ; part de filière 0,000 %. Zéro proposé : Filière régionale non retenue dans ce scénario, sans interdiction universelle. Savoir-faire de terrain et sécurité ; procédé spécialisé distinct du rang social.";0;0;0;0;0
Éleveur de montures volantes;Éleveur;0.17994853331550797;0.29887811140630477;53.98455999465239;A — activité attestée;"SB124; SB107";"Chantiers navals, grands clans, forge/cuir, administration/shamans ; extérieur population d’arrivants et zone impériale. Professions des résidents ; lieu de travail et commanditaires peuvent être extérieurs au quartier. Visiteurs exclus du stock. activité/institution locale Budget civil 3,00 % ; coefficient 1,000000 ; part de filière 10,695 %. Savoir-faire de terrain et sécurité ; procédé spécialisé distinct du rang social.";3.4579015509661774e-05;7.115039136711812e-06;0.0011001147713323757;0.17023927762070043;0.008567446868828809
Apiculteur;Éleveur;0;0;0.0;P — activité proposée;SB152;"Chantiers navals, grands clans, forge/cuir, administration/shamans ; extérieur population d’arrivants et zone impériale. Professions des résidents ; lieu de travail et commanditaires peuvent être extérieurs au quartier. Visiteurs exclus du stock. activité/institution locale Budget civil 14,00 % ; coefficient 0,000000 ; part de filière 0,000 %. Zéro proposé : Climat, matière ou culture hors filière régionale retenue ; aucun établissement exceptionnel proposé. Transmission familiale, terre/eau, droits d’usage et outils ; les tâches saisonnières restent secondaires.";0;0;0;0;0
Chasseur de gibier;Chasseur;0.5180233775589066;0.8603896119434404;155.40701326767197;A — activité attestée;"MJ139; PG20";"Chantiers navals, grands clans, forge/cuir, administration/shamans ; extérieur population d’arrivants et zone impériale. Professions des résidents ; lieu de travail et commanditaires peuvent être extérieurs au quartier. Visiteurs exclus du stock. activité/institution locale Budget civil 14,00 % ; coefficient 3,500000 ; part de filière 6,598 %. Transmission familiale, terre/eau, droits d’usage et outils ; les tâches saisonnières restent secondaires.";0.00016635604995576353;0.00013691885539463358;0.0015877613502822832;0.4914020834003674;0.024730257902906547
Trappeur;Chasseur;0.20720935102356267;0.3441558447773762;62.1628053070688;A — activité attestée;MJ140;"Chantiers navals, grands clans, forge/cuir, administration/shamans ; extérieur population d’arrivants et zone impériale. Professions des résidents ; lieu de travail et commanditaires peuvent être extérieurs au quartier. Visiteurs exclus du stock. activité/institution locale Budget civil 14,00 % ; coefficient 1,400000 ; part de filière 2,639 %. Transmission familiale, terre/eau, droits d’usage et outils ; les tâches saisonnières restent secondaires.";6.654241998230547e-05;5.4767542157853455e-05;0.0006351045401129138;0.19656083336014696;0.009892103161162628
Chasseur de monstres;Chasseur;0.02648057177498229;0.04398181599618371;7.944171532494687;A — activité attestée;PG58;"Chantiers navals, grands clans, forge/cuir, administration/shamans ; extérieur population d’arrivants et zone impériale. Professions des résidents ; lieu de travail et commanditaires peuvent être extérieurs au quartier. Visiteurs exclus du stock. activité/institution locale Budget civil 1,00 % ; coefficient 1,400000 ; part de filière 4,722 %. Long apprentissage, frais, bourses, talent, licence ou secret ; titre ne donne pas maîtrise.";0.0004848789284187981;9.976954234867338e-05;0.0019282737796290385;0.02387154095941551;9.610856517027158e-05
Chasseur de monstres marins;Chasseur;0;0;0.0;A — activité attestée;SB148;"Chantiers navals, grands clans, forge/cuir, administration/shamans ; extérieur population d’arrivants et zone impériale. Professions des résidents ; lieu de travail et commanditaires peuvent être extérieurs au quartier. Visiteurs exclus du stock. activité/institution locale Budget civil 1,00 % ; coefficient 0,000000 ; part de filière 0,000 %. Zéro proposé : Filière régionale non retenue dans ce scénario, sans interdiction universelle. Long apprentissage, frais, bourses, talent, licence ou secret ; titre ne donne pas maîtrise.";0;0;0;0;0
Chasseur de dragons;Chasseur;0;0;0.0;A — activité attestée;SB220;"Chantiers navals, grands clans, forge/cuir, administration/shamans ; extérieur population d’arrivants et zone impériale. Professions des résidents ; lieu de travail et commanditaires peuvent être extérieurs au quartier. Visiteurs exclus du stock. activité/institution locale Budget civil 1,00 % ; coefficient 0,000000 ; part de filière 0,000 %. Zéro proposé : Technique de site, institution, secret ou habilitation concentrée dans les implantations autorisées du scénario. Long apprentissage, frais, bourses, talent, licence ou secret ; titre ne donne pas maîtrise.";0;0;0;0;0
Cueilleur;Collecteur de ressources;0.11840534344203581;0.19666048272992928;35.52160303261074;A — activité attestée;"MJ139; SB153";"Chantiers navals, grands clans, forge/cuir, administration/shamans ; extérieur population d’arrivants et zone impériale. Professions des résidents ; lieu de travail et commanditaires peuvent être extérieurs au quartier. Visiteurs exclus du stock. activité/institution locale Budget civil 14,00 % ; coefficient 0,800000 ; part de filière 1,508 %. Transmission familiale, terre/eau, droits d’usage et outils ; les tâches saisonnières restent secondaires.";3.802423998988884e-05;3.129573837591626e-05;0.00036291688006452215;0.11232047620579827;0.005652630377807216
Herboriste de collecte;Collecteur de ressources;0.1439588266524064;0.23910248912504384;43.18764799572192;D — activité déduite;BR55;"Chantiers navals, grands clans, forge/cuir, administration/shamans ; extérieur population d’arrivants et zone impériale. Professions des résidents ; lieu de travail et commanditaires peuvent être extérieurs au quartier. Visiteurs exclus du stock. activité/institution locale Budget civil 3,00 % ; coefficient 0,800000 ; part de filière 8,556 %. Savoir-faire de terrain et sécurité ; procédé spécialisé distinct du rang social.";2.7663212407729405e-05;5.692031309369448e-06;0.0008800918170659;0.13619142209656035;0.006853957495063045
Collecteur de composants de créatures;Collecteur de ressources;0.1439588266524064;0.23910248912504384;43.18764799572192;A — activité attestée;"SB104; SB139";"Chantiers navals, grands clans, forge/cuir, administration/shamans ; extérieur population d’arrivants et zone impériale. Professions des résidents ; lieu de travail et commanditaires peuvent être extérieurs au quartier. Visiteurs exclus du stock. activité/institution locale Budget civil 3,00 % ; coefficient 0,800000 ; part de filière 8,556 %. Savoir-faire de terrain et sécurité ; procédé spécialisé distinct du rang social.";2.7663212407729405e-05;5.692031309369448e-06;0.0008800918170659;0.13619142209656035;0.006853957495063045
Collecteur de perles;Collecteur de ressources;0;0;0.0;D — activité déduite;SB149;"Chantiers navals, grands clans, forge/cuir, administration/shamans ; extérieur population d’arrivants et zone impériale. Professions des résidents ; lieu de travail et commanditaires peuvent être extérieurs au quartier. Visiteurs exclus du stock. activité/institution locale Budget civil 3,00 % ; coefficient 0,000000 ; part de filière 0,000 %. Zéro proposé : Filière régionale non retenue dans ce scénario, sans interdiction universelle. Savoir-faire de terrain et sécurité ; procédé spécialisé distinct du rang social.";0;0;0;0;0
Récupérateur de reliques penumbrales;Collecteur de ressources;0;0;0.0;A — activité attestée;PG8;"Chantiers navals, grands clans, forge/cuir, administration/shamans ; extérieur population d’arrivants et zone impériale. Professions des résidents ; lieu de travail et commanditaires peuvent être extérieurs au quartier. Visiteurs exclus du stock. activité/institution locale Budget civil 3,00 % ; coefficient 0,000000 ; part de filière 0,000 %. Zéro proposé : Filière régionale non retenue dans ce scénario, sans interdiction universelle. Savoir-faire de terrain et sécurité ; procédé spécialisé distinct du rang social.";0;0;0;0;0
Bûcheron;Travailleur forestier;0.08997426665775399;0.14943905570315238;26.992279997326197;A — activité attestée;"MJ135; SB107";"Chantiers navals, grands clans, forge/cuir, administration/shamans ; extérieur population d’arrivants et zone impériale. Professions des résidents ; lieu de travail et commanditaires peuvent être extérieurs au quartier. Visiteurs exclus du stock. activité/institution locale Budget civil 3,00 % ; coefficient 0,500000 ; part de filière 5,348 %. Savoir-faire de terrain et sécurité ; procédé spécialisé distinct du rang social.";1.7289507754830887e-05;3.557519568355906e-06;0.0005500573856661879;0.08511963881035021;0.004283723434414404
Forestier;Travailleur forestier;0.08997426665775399;0.14943905570315238;26.992279997326197;A — activité attestée;MJ140;"Chantiers navals, grands clans, forge/cuir, administration/shamans ; extérieur population d’arrivants et zone impériale. Professions des résidents ; lieu de travail et commanditaires peuvent être extérieurs au quartier. Visiteurs exclus du stock. activité/institution locale Budget civil 3,00 % ; coefficient 0,500000 ; part de filière 5,348 %. Savoir-faire de terrain et sécurité ; procédé spécialisé distinct du rang social.";1.7289507754830887e-05;3.557519568355906e-06;0.0005500573856661879;0.08511963881035021;0.004283723434414404
Scieur;Travailleur forestier;0.08997426665775399;0.14943905570315238;26.992279997326197;D — activité déduite;SB99;"Chantiers navals, grands clans, forge/cuir, administration/shamans ; extérieur population d’arrivants et zone impériale. Professions des résidents ; lieu de travail et commanditaires peuvent être extérieurs au quartier. Visiteurs exclus du stock. activité/institution locale Budget civil 3,00 % ; coefficient 0,500000 ; part de filière 5,348 %. Savoir-faire de terrain et sécurité ; procédé spécialisé distinct du rang social.";1.7289507754830887e-05;3.557519568355906e-06;0.0005500573856661879;0.08511963881035021;0.004283723434414404
Pêcheur maritime;Pêcheur;5.328240454891612;8.849721722846818;1598.4721364674833;A — activité attestée;"SB110; SB168";"Chantiers navals, grands clans, forge/cuir, administration/shamans ; extérieur population d’arrivants et zone impériale. Professions des résidents ; lieu de travail et commanditaires peuvent être extérieurs au quartier. Visiteurs exclus du stock. activité/institution locale Budget civil 14,00 % ; coefficient 36,000000 ; part de filière 67,861 %. Transmission familiale, terre/eau, droits d’usage et outils ; les tâches saisonnières restent secondaires.";0.0017110907995449987;0.0014083082269162326;0.016331259602903502;5.054421429260922;0.2543683670013247
Pêcheur d’eau douce;Pêcheur;0.35521603032610743;0.5899814481897878;106.56480909783222;A — activité attestée;SB138;"Chantiers navals, grands clans, forge/cuir, administration/shamans ; extérieur population d’arrivants et zone impériale. Professions des résidents ; lieu de travail et commanditaires peuvent être extérieurs au quartier. Visiteurs exclus du stock. activité/institution locale Budget civil 14,00 % ; coefficient 2,400000 ; part de filière 4,524 %. Transmission familiale, terre/eau, droits d’usage et outils ; les tâches saisonnières restent secondaires.";0.00011407271996966651;9.388721512774882e-05;0.0010887506401935669;0.3369614286173948;0.016957891133421638
Cultivateur marin;Pêcheur;0;0;0.0;P — activité proposée;SB149;"Chantiers navals, grands clans, forge/cuir, administration/shamans ; extérieur population d’arrivants et zone impériale. Professions des résidents ; lieu de travail et commanditaires peuvent être extérieurs au quartier. Visiteurs exclus du stock. activité/institution locale Budget civil 14,00 % ; coefficient 0,000000 ; part de filière 0,000 %. Zéro proposé : Filière régionale non retenue dans ce scénario, sans interdiction universelle. Transmission familiale, terre/eau, droits d’usage et outils ; les tâches saisonnières restent secondaires.";0;0;0;0;0
Mineur;Extracteur de ressources minérales;0.08997426665775399;0.14943905570315238;26.992279997326197;A — activité attestée;"MJ135; SB160";"Chantiers navals, grands clans, forge/cuir, administration/shamans ; extérieur population d’arrivants et zone impériale. Professions des résidents ; lieu de travail et commanditaires peuvent être extérieurs au quartier. Visiteurs exclus du stock. activité/institution locale Budget civil 3,00 % ; coefficient 0,500000 ; part de filière 5,348 %. Savoir-faire de terrain et sécurité ; procédé spécialisé distinct du rang social.";1.7289507754830887e-05;3.557519568355906e-06;0.0005500573856661879;0.08511963881035021;0.004283723434414404
Carrier;Extracteur de ressources minérales;0.08997426665775399;0.14943905570315238;26.992279997326197;D — activité déduite;"MJ135; SB160";"Chantiers navals, grands clans, forge/cuir, administration/shamans ; extérieur population d’arrivants et zone impériale. Professions des résidents ; lieu de travail et commanditaires peuvent être extérieurs au quartier. Visiteurs exclus du stock. activité/institution locale Budget civil 3,00 % ; coefficient 0,500000 ; part de filière 5,348 %. Savoir-faire de terrain et sécurité ; procédé spécialisé distinct du rang social.";1.7289507754830887e-05;3.557519568355906e-06;0.0005500573856661879;0.08511963881035021;0.004283723434414404
Salinier;Extracteur de ressources minérales;0;0;0.0;P — activité proposée;SB120;"Chantiers navals, grands clans, forge/cuir, administration/shamans ; extérieur population d’arrivants et zone impériale. Professions des résidents ; lieu de travail et commanditaires peuvent être extérieurs au quartier. Visiteurs exclus du stock. activité/institution locale Budget civil 3,00 % ; coefficient 0,000000 ; part de filière 0,000 %. Zéro proposé : Climat, matière ou culture hors filière régionale retenue ; aucun établissement exceptionnel proposé. Savoir-faire de terrain et sécurité ; procédé spécialisé distinct du rang social.";0;0;0;0;0
Mineur de bauronite;Extracteur de ressources minérales;0;0;0.0;A — activité attestée;"SB174; SB182";"Chantiers navals, grands clans, forge/cuir, administration/shamans ; extérieur population d’arrivants et zone impériale. Professions des résidents ; lieu de travail et commanditaires peuvent être extérieurs au quartier. Visiteurs exclus du stock. activité/institution locale Budget civil 3,00 % ; coefficient 0,000000 ; part de filière 0,000 %. Zéro proposé : Climat, matière ou culture hors filière régionale retenue ; aucun établissement exceptionnel proposé. Savoir-faire de terrain et sécurité ; procédé spécialisé distinct du rang social.";0;0;0;0;0
Mineur de tameranium;Extracteur de ressources minérales;0;0;0.0;A — activité attestée;"SB168; SB198";"Chantiers navals, grands clans, forge/cuir, administration/shamans ; extérieur population d’arrivants et zone impériale. Professions des résidents ; lieu de travail et commanditaires peuvent être extérieurs au quartier. Visiteurs exclus du stock. activité/institution locale Budget civil 3,00 % ; coefficient 0,000000 ; part de filière 0,000 %. Zéro proposé : Climat, matière ou culture hors filière régionale retenue ; aucun établissement exceptionnel proposé. Savoir-faire de terrain et sécurité ; procédé spécialisé distinct du rang social.";0;0;0;0;0
Extracteur d’obsidienne;Extracteur de ressources minérales;0;0;0.0;A — activité attestée;SB190;"Chantiers navals, grands clans, forge/cuir, administration/shamans ; extérieur population d’arrivants et zone impériale. Professions des résidents ; lieu de travail et commanditaires peuvent être extérieurs au quartier. Visiteurs exclus du stock. activité/institution locale Budget civil 3,00 % ; coefficient 0,000000 ; part de filière 0,000 %. Zéro proposé : Filière régionale non retenue dans ce scénario, sans interdiction universelle. Savoir-faire de terrain et sécurité ; procédé spécialisé distinct du rang social.";0;0;0;0;0
Extracteur de soufre;Extracteur de ressources minérales;0;0;0.0;A — activité attestée;SB190;"Chantiers navals, grands clans, forge/cuir, administration/shamans ; extérieur population d’arrivants et zone impériale. Professions des résidents ; lieu de travail et commanditaires peuvent être extérieurs au quartier. Visiteurs exclus du stock. activité/institution locale Budget civil 3,00 % ; coefficient 0,000000 ; part de filière 0,000 %. Zéro proposé : Filière régionale non retenue dans ce scénario, sans interdiction universelle. Savoir-faire de terrain et sécurité ; procédé spécialisé distinct du rang social.";0;0;0;0;0
Prospecteur;Extracteur de ressources minérales;0.08997426665775399;0.14943905570315238;26.992279997326197;D — activité déduite;SB104;"Chantiers navals, grands clans, forge/cuir, administration/shamans ; extérieur population d’arrivants et zone impériale. Professions des résidents ; lieu de travail et commanditaires peuvent être extérieurs au quartier. Visiteurs exclus du stock. activité/institution locale Budget civil 3,00 % ; coefficient 0,500000 ; part de filière 5,348 %. Savoir-faire de terrain et sécurité ; procédé spécialisé distinct du rang social.";1.7289507754830887e-05;3.557519568355906e-06;0.0005500573856661879;0.08511963881035021;0.004283723434414404
Meunier;Meunier;0.17423228407640637;0.28938394246014876;52.26968522292191;D — activité déduite;SB121;"Chantiers navals, grands clans, forge/cuir, administration/shamans ; extérieur population d’arrivants et zone impériale. Professions des résidents ; lieu de travail et commanditaires peuvent être extérieurs au quartier. Visiteurs exclus du stock. activité/institution locale Budget civil 37,00 % ; coefficient 1,750000 ; part de filière 0,840 %. Apprentissage, atelier, combustible et outils ; titre noble ne remplace pas qualification.";6.533286936971834e-05;5.377202509994459e-05;0.005196334654689152;0.16082326697937321;0.008093577547874353
Boucher;Boucher;0.19912261037303583;0.3307245056687414;59.736783111910746;D — activité déduite;SB99;"Chantiers navals, grands clans, forge/cuir, administration/shamans ; extérieur population d’arrivants et zone impériale. Professions des résidents ; lieu de travail et commanditaires peuvent être extérieurs au quartier. Visiteurs exclus du stock. activité/institution locale Budget civil 37,00 % ; coefficient 2,000000 ; part de filière 0,960 %. Apprentissage, atelier, combustible et outils ; titre noble ne remplace pas qualification.";7.466613642253529e-05;6.145374297136525e-05;0.005938668176787605;0.18379801940499793;0.009249802911856404
Écorcheur;Boucher;0.07964904414921435;0.1322898022674966;23.894713244764308;A — activité attestée;MJ128;"Chantiers navals, grands clans, forge/cuir, administration/shamans ; extérieur population d’arrivants et zone impériale. Professions des résidents ; lieu de travail et commanditaires peuvent être extérieurs au quartier. Visiteurs exclus du stock. activité/institution locale Budget civil 37,00 % ; coefficient 0,800000 ; part de filière 0,384 %. Apprentissage, atelier, combustible et outils ; titre noble ne remplace pas qualification.";2.9866454569014125e-05;2.4581497188546116e-05;0.0023754672707150437;0.07351920776199919;0.003699921164742564
Boulanger;Boulanger;0.4231355470427013;0.7027895745460757;126.9406641128104;A — activité attestée;MJ128;"Chantiers navals, grands clans, forge/cuir, administration/shamans ; extérieur population d’arrivants et zone impériale. Professions des résidents ; lieu de travail et commanditaires peuvent être extérieurs au quartier. Visiteurs exclus du stock. activité/institution locale Budget civil 37,00 % ; coefficient 4,250000 ; part de filière 2,039 %. Apprentissage, atelier, combustible et outils ; titre noble ne remplace pas qualification.";0.00015866553989788752;0.0001305892038141512;0.012619669875673664;0.3905707912356207;0.019655831187694865
Cuisinier;Cuisinier;0.8679488194480266;1.4415838749801133;260.384645834408;A — activité attestée;MJ128;"Chantiers navals, grands clans, forge/cuir, administration/shamans ; extérieur population d’arrivants et zone impériale. Professions des résidents ; lieu de travail et commanditaires peuvent être extérieurs au quartier. Visiteurs exclus du stock. activité/institution locale Budget civil 12,00 % ; coefficient 7,500000 ; part de filière 12,897 %. Apprentissage et qualification variable ; soins avancés et thérapie magique exigent formation.";0.0001678312737493882;3.453325849480703e-05;0.002669735685384693;0.8262662885030572;0.03881043072734057
Cuisinier de haute cuisine;Cuisinier;0;0;0.0;A — activité attestée;"PG28; CC52";"Chantiers navals, grands clans, forge/cuir, administration/shamans ; extérieur population d’arrivants et zone impériale. Professions des résidents ; lieu de travail et commanditaires peuvent être extérieurs au quartier. Visiteurs exclus du stock. activité/institution locale Budget civil 12,00 % ; coefficient 0,000000 ; part de filière 0,000 %. Zéro proposé : Haute cuisine concentrée auprès de clientèle et maîtres attestés/proposés ; cuisine ordinaire conservée. Apprentissage et qualification variable ; soins avancés et thérapie magique exigent formation.";0;0;0;0;0
Poissonnier;Transformateur alimentaire;0.12942969674247334;0.21497092868468204;38.828909022742;D — activité déduite;"SB120; SB149";"Chantiers navals, grands clans, forge/cuir, administration/shamans ; extérieur population d’arrivants et zone impériale. Professions des résidents ; lieu de travail et commanditaires peuvent être extérieurs au quartier. Visiteurs exclus du stock. activité/institution locale Budget civil 37,00 % ; coefficient 1,300000 ; part de filière 0,624 %. Apprentissage, atelier, combustible et outils ; titre noble ne remplace pas qualification.";4.853298867464795e-05;3.9944932931387446e-05;0.003860134314911944;0.11946871261324869;0.006012371892706667
Saleur et sécheur alimentaire;Transformateur alimentaire;0.12942969674247334;0.21497092868468204;38.828909022742;D — activité déduite;"SB120; SB149";"Chantiers navals, grands clans, forge/cuir, administration/shamans ; extérieur population d’arrivants et zone impériale. Professions des résidents ; lieu de travail et commanditaires peuvent être extérieurs au quartier. Visiteurs exclus du stock. activité/institution locale Budget civil 37,00 % ; coefficient 1,300000 ; part de filière 0,624 %. Apprentissage, atelier, combustible et outils ; titre noble ne remplace pas qualification.";4.853298867464795e-05;3.9944932931387446e-05;0.003860134314911944;0.11946871261324869;0.006012371892706667
Fromager;Transformateur alimentaire;0.12942969674247334;0.21497092868468204;38.828909022742;A — activité attestée;"SB120; SB149";"Chantiers navals, grands clans, forge/cuir, administration/shamans ; extérieur population d’arrivants et zone impériale. Professions des résidents ; lieu de travail et commanditaires peuvent être extérieurs au quartier. Visiteurs exclus du stock. activité/institution locale Budget civil 37,00 % ; coefficient 1,300000 ; part de filière 0,624 %. Apprentissage, atelier, combustible et outils ; titre noble ne remplace pas qualification.";4.853298867464795e-05;3.9944932931387446e-05;0.003860134314911944;0.11946871261324869;0.006012371892706667
Huilier;Transformateur alimentaire;0.12942969674247334;0.21497092868468204;38.828909022742;P — activité proposée;"SB120; SB149";"Chantiers navals, grands clans, forge/cuir, administration/shamans ; extérieur population d’arrivants et zone impériale. Professions des résidents ; lieu de travail et commanditaires peuvent être extérieurs au quartier. Visiteurs exclus du stock. activité/institution locale Budget civil 37,00 % ; coefficient 1,300000 ; part de filière 0,624 %. Apprentissage, atelier, combustible et outils ; titre noble ne remplace pas qualification.";4.853298867464795e-05;3.9944932931387446e-05;0.003860134314911944;0.11946871261324869;0.006012371892706667
Brasseur;Fabricant de boissons;0.11947356622382153;0.19843470340124492;35.84206986714646;A — activité attestée;"MJ128; SB120";"Chantiers navals, grands clans, forge/cuir, administration/shamans ; extérieur population d’arrivants et zone impériale. Professions des résidents ; lieu de travail et commanditaires peuvent être extérieurs au quartier. Visiteurs exclus du stock. activité/institution locale Budget civil 37,00 % ; coefficient 1,200000 ; part de filière 0,576 %. Apprentissage, atelier, combustible et outils ; titre noble ne remplace pas qualification.";4.479968185352117e-05;3.6872245782819155e-05;0.0035632009060725623;0.11027881164299878;0.005549881747113844
Distillateur;Fabricant de boissons;0.11947356622382153;0.19843470340124492;35.84206986714646;A — activité attestée;"MJ128; SB120";"Chantiers navals, grands clans, forge/cuir, administration/shamans ; extérieur population d’arrivants et zone impériale. Professions des résidents ; lieu de travail et commanditaires peuvent être extérieurs au quartier. Visiteurs exclus du stock. activité/institution locale Budget civil 37,00 % ; coefficient 1,200000 ; part de filière 0,576 %. Apprentissage, atelier, combustible et outils ; titre noble ne remplace pas qualification.";4.479968185352117e-05;3.6872245782819155e-05;0.0035632009060725623;0.11027881164299878;0.005549881747113844
Distillateur de Highlandtuber;Fabricant de boissons;0;0;0.0;A — activité attestée;"SB120; SB121";"Chantiers navals, grands clans, forge/cuir, administration/shamans ; extérieur population d’arrivants et zone impériale. Professions des résidents ; lieu de travail et commanditaires peuvent être extérieurs au quartier. Visiteurs exclus du stock. activité/institution locale Budget civil 37,00 % ; coefficient 0,000000 ; part de filière 0,000 %. Zéro proposé : Filière régionale non retenue dans ce scénario, sans interdiction universelle. Apprentissage, atelier, combustible et outils ; titre noble ne remplace pas qualification.";0;0;0;0;0
Maître de cérémonie du thé;Maître de cérémonie du thé;0;0;0.0;A — activité attestée;SB201;"Chantiers navals, grands clans, forge/cuir, administration/shamans ; extérieur population d’arrivants et zone impériale. Professions des résidents ; lieu de travail et commanditaires peuvent être extérieurs au quartier. Visiteurs exclus du stock. activité/institution locale Budget civil 2,00 % ; coefficient 0,000000 ; part de filière 0,000 %. Zéro proposé : Filière régionale non retenue dans ce scénario, sans interdiction universelle. Apprentissage, audition et réseau ; accès au mérite notamment Mustardseed.";0;0;0;0;0
Alchimiste;Alchimiste;0.04728673531246838;0.07853895713604235;14.186020593740514;A — activité attestée;"MJ128; BR55";"Chantiers navals, grands clans, forge/cuir, administration/shamans ; extérieur population d’arrivants et zone impériale. Professions des résidents ; lieu de travail et commanditaires peuvent être extérieurs au quartier. Visiteurs exclus du stock. activité/institution locale Budget civil 1,00 % ; coefficient 2,500000 ; part de filière 8,431 %. Long apprentissage, frais, bourses, talent, licence ou secret ; titre ne donne pas maîtrise.";0.0008658552293192825;0.0001781598970512025;0.0034433460350518554;0.042627751713241985;0.00017162243780405637
Apothicaire;Alchimiste;0.018914694124987353;0.031415582854416944;5.6744082374962055;A — activité attestée;"MJ128; BR55";"Chantiers navals, grands clans, forge/cuir, administration/shamans ; extérieur population d’arrivants et zone impériale. Professions des résidents ; lieu de travail et commanditaires peuvent être extérieurs au quartier. Visiteurs exclus du stock. activité/institution locale Budget civil 1,00 % ; coefficient 1,000000 ; part de filière 3,373 %. Long apprentissage, frais, bourses, talent, licence ou secret ; titre ne donne pas maîtrise.";0.00034634209172771307;7.126395882048103e-05;0.0013773384140207425;0.017051100685296795;6.864897512162257e-05
Préparateur de poisons;Alchimiste;0.018914694124987353;0.031415582854416944;5.6744082374962055;D — activité déduite;"BR55; SB193";"Chantiers navals, grands clans, forge/cuir, administration/shamans ; extérieur population d’arrivants et zone impériale. Professions des résidents ; lieu de travail et commanditaires peuvent être extérieurs au quartier. Visiteurs exclus du stock. activité/institution locale Budget civil 1,00 % ; coefficient 1,000000 ; part de filière 3,373 %. Long apprentissage, frais, bourses, talent, licence ou secret ; titre ne donne pas maîtrise.";0.00034634209172771307;7.126395882048103e-05;0.0013773384140207425;0.017051100685296795;6.864897512162257e-05
Préparateur de potions;Alchimiste;0.018914694124987353;0.031415582854416944;5.6744082374962055;A — activité attestée;SB138;"Chantiers navals, grands clans, forge/cuir, administration/shamans ; extérieur population d’arrivants et zone impériale. Professions des résidents ; lieu de travail et commanditaires peuvent être extérieurs au quartier. Visiteurs exclus du stock. activité/institution locale Budget civil 1,00 % ; coefficient 1,000000 ; part de filière 3,373 %. Long apprentissage, frais, bourses, talent, licence ou secret ; titre ne donne pas maîtrise.";0.00034634209172771307;7.126395882048103e-05;0.0013773384140207425;0.017051100685296795;6.864897512162257e-05
Préparateur d’Estelindea;Alchimiste;0;0;0.0;A — activité attestée;SB153;"Chantiers navals, grands clans, forge/cuir, administration/shamans ; extérieur population d’arrivants et zone impériale. Professions des résidents ; lieu de travail et commanditaires peuvent être extérieurs au quartier. Visiteurs exclus du stock. activité/institution locale Budget civil 1,00 % ; coefficient 0,000000 ; part de filière 0,000 %. Zéro proposé : Filière régionale non retenue dans ce scénario, sans interdiction universelle. Long apprentissage, frais, bourses, talent, licence ou secret ; titre ne donne pas maîtrise.";0;0;0;0;0
Charbonnier;Charbonnier;0.134961399986631;0.22415858355472862;40.488419995989304;P — activité proposée;SB128;"Chantiers navals, grands clans, forge/cuir, administration/shamans ; extérieur population d’arrivants et zone impériale. Professions des résidents ; lieu de travail et commanditaires peuvent être extérieurs au quartier. Visiteurs exclus du stock. activité/institution locale Budget civil 3,00 % ; coefficient 0,750000 ; part de filière 8,021 %. Savoir-faire de terrain et sécurité ; procédé spécialisé distinct du rang social.";2.5934261632246317e-05;5.336279352533859e-06;0.0008250860784992815;0.12767945821552534;0.006425585151621605
Fondeur et affineur;Métallurgiste;0.06969291363056254;0.1157535769840595;20.907874089168764;D — activité déduite;"SB198; SB160";"Chantiers navals, grands clans, forge/cuir, administration/shamans ; extérieur population d’arrivants et zone impériale. Professions des résidents ; lieu de travail et commanditaires peuvent être extérieurs au quartier. Visiteurs exclus du stock. activité/institution locale Budget civil 37,00 % ; coefficient 0,700000 ; part de filière 0,336 %. Apprentissage, atelier, combustible et outils ; titre noble ne remplace pas qualification.";2.613314774788735e-05;2.1508810039977848e-05;0.002078533861875663;0.06432930679174927;0.003237431019149742
Aciériste;Métallurgiste;0.06969291363056254;0.1157535769840595;20.907874089168764;D — activité déduite;SB198;"Chantiers navals, grands clans, forge/cuir, administration/shamans ; extérieur population d’arrivants et zone impériale. Professions des résidents ; lieu de travail et commanditaires peuvent être extérieurs au quartier. Visiteurs exclus du stock. activité/institution locale Budget civil 37,00 % ; coefficient 0,700000 ; part de filière 0,336 %. Apprentissage, atelier, combustible et outils ; titre noble ne remplace pas qualification.";2.613314774788735e-05;2.1508810039977848e-05;0.002078533861875663;0.06432930679174927;0.003237431019149742
Forgeron;Forgeron;1.4934195777977688;2.480433792515561;448.02587333933064;A — activité attestée;MJ128;"Chantiers navals, grands clans, forge/cuir, administration/shamans ; extérieur population d’arrivants et zone impériale. Professions des résidents ; lieu de travail et commanditaires peuvent être extérieurs au quartier. Visiteurs exclus du stock. activité/institution locale Budget civil 37,00 % ; coefficient 15,000000 ; part de filière 7,197 %. Apprentissage, atelier, combustible et outils ; titre noble ne remplace pas qualification.";0.0005599960231690148;0.00046090307228523956;0.04454001132590703;1.3784851455374845;0.06937352183892305
Armurier;Forgeron;0.5973678311191076;0.9921735170062245;179.21034933573227;A — activité attestée;MJ128;"Chantiers navals, grands clans, forge/cuir, administration/shamans ; extérieur population d’arrivants et zone impériale. Professions des résidents ; lieu de travail et commanditaires peuvent être extérieurs au quartier. Visiteurs exclus du stock. activité/institution locale Budget civil 37,00 % ; coefficient 6,000000 ; part de filière 2,879 %. Apprentissage, atelier, combustible et outils ; titre noble ne remplace pas qualification.";0.00022399840926760588;0.00018436122891409573;0.017816004530362816;0.5513940582149939;0.027749408735569223
Coutelier;Forgeron;0.5973678311191076;0.9921735170062245;179.21034933573227;D — activité déduite;MJ128;"Chantiers navals, grands clans, forge/cuir, administration/shamans ; extérieur population d’arrivants et zone impériale. Professions des résidents ; lieu de travail et commanditaires peuvent être extérieurs au quartier. Visiteurs exclus du stock. activité/institution locale Budget civil 37,00 % ; coefficient 6,000000 ; part de filière 2,879 %. Apprentissage, atelier, combustible et outils ; titre noble ne remplace pas qualification.";0.00022399840926760588;0.00018436122891409573;0.017816004530362816;0.5513940582149939;0.027749408735569223
Rémouleur;Forgeron;0.5973678311191076;0.9921735170062245;179.21034933573227;D — activité déduite;MJ128;"Chantiers navals, grands clans, forge/cuir, administration/shamans ; extérieur population d’arrivants et zone impériale. Professions des résidents ; lieu de travail et commanditaires peuvent être extérieurs au quartier. Visiteurs exclus du stock. activité/institution locale Budget civil 37,00 % ; coefficient 6,000000 ; part de filière 2,879 %. Apprentissage, atelier, combustible et outils ; titre noble ne remplace pas qualification.";0.00022399840926760588;0.00018436122891409573;0.017816004530362816;0.5513940582149939;0.027749408735569223
Serrurier;Mécanicien et artisan du métal;0.11947356622382153;0.19843470340124492;35.84206986714646;A — activité attestée;"MJ128; SB174";"Chantiers navals, grands clans, forge/cuir, administration/shamans ; extérieur population d’arrivants et zone impériale. Professions des résidents ; lieu de travail et commanditaires peuvent être extérieurs au quartier. Visiteurs exclus du stock. activité/institution locale Budget civil 37,00 % ; coefficient 1,200000 ; part de filière 0,576 %. Apprentissage, atelier, combustible et outils ; titre noble ne remplace pas qualification.";4.479968185352117e-05;3.6872245782819155e-05;0.0035632009060725623;0.11027881164299878;0.005549881747113844
Rétameur;Mécanicien et artisan du métal;0.11947356622382153;0.19843470340124492;35.84206986714646;A — activité attestée;"MJ128; SB174";"Chantiers navals, grands clans, forge/cuir, administration/shamans ; extérieur population d’arrivants et zone impériale. Professions des résidents ; lieu de travail et commanditaires peuvent être extérieurs au quartier. Visiteurs exclus du stock. activité/institution locale Budget civil 37,00 % ; coefficient 1,200000 ; part de filière 0,576 %. Apprentissage, atelier, combustible et outils ; titre noble ne remplace pas qualification.";4.479968185352117e-05;3.6872245782819155e-05;0.0035632009060725623;0.11027881164299878;0.005549881747113844
Réparateur et bricoleur;Mécanicien et artisan du métal;0.11947356622382153;0.19843470340124492;35.84206986714646;A — activité attestée;"MJ128; SB174";"Chantiers navals, grands clans, forge/cuir, administration/shamans ; extérieur population d’arrivants et zone impériale. Professions des résidents ; lieu de travail et commanditaires peuvent être extérieurs au quartier. Visiteurs exclus du stock. activité/institution locale Budget civil 37,00 % ; coefficient 1,200000 ; part de filière 0,576 %. Apprentissage, atelier, combustible et outils ; titre noble ne remplace pas qualification.";4.479968185352117e-05;3.6872245782819155e-05;0.0035632009060725623;0.11027881164299878;0.005549881747113844
Horloger;Mécanicien et artisan du métal;0;0;0.0;D — activité déduite;SB174;"Chantiers navals, grands clans, forge/cuir, administration/shamans ; extérieur population d’arrivants et zone impériale. Professions des résidents ; lieu de travail et commanditaires peuvent être extérieurs au quartier. Visiteurs exclus du stock. activité/institution locale Budget civil 37,00 % ; coefficient 0,000000 ; part de filière 0,000 %. Zéro proposé : Climat, matière ou culture hors filière régionale retenue ; aucun établissement exceptionnel proposé. Apprentissage, atelier, combustible et outils ; titre noble ne remplace pas qualification.";0;0;0;0;0
Fabricant d’outils de précision;Mécanicien et artisan du métal;0;0;0.0;A — activité attestée;SB174;"Chantiers navals, grands clans, forge/cuir, administration/shamans ; extérieur population d’arrivants et zone impériale. Professions des résidents ; lieu de travail et commanditaires peuvent être extérieurs au quartier. Visiteurs exclus du stock. activité/institution locale Budget civil 37,00 % ; coefficient 0,000000 ; part de filière 0,000 %. Zéro proposé : Climat, matière ou culture hors filière régionale retenue ; aucun établissement exceptionnel proposé. Apprentissage, atelier, combustible et outils ; titre noble ne remplace pas qualification.";0;0;0;0;0
Fabricant d’instruments de navigation;Mécanicien et artisan du métal;0;0;0.0;D — activité déduite;SB174;"Chantiers navals, grands clans, forge/cuir, administration/shamans ; extérieur population d’arrivants et zone impériale. Professions des résidents ; lieu de travail et commanditaires peuvent être extérieurs au quartier. Visiteurs exclus du stock. activité/institution locale Budget civil 37,00 % ; coefficient 0,000000 ; part de filière 0,000 %. Zéro proposé : Climat, matière ou culture hors filière régionale retenue ; aucun établissement exceptionnel proposé. Apprentissage, atelier, combustible et outils ; titre noble ne remplace pas qualification.";0;0;0;0;0
Bijoutier;Bijoutier;0.19912261037303583;0.3307245056687414;59.736783111910746;A — activité attestée;MJ128;"Chantiers navals, grands clans, forge/cuir, administration/shamans ; extérieur population d’arrivants et zone impériale. Professions des résidents ; lieu de travail et commanditaires peuvent être extérieurs au quartier. Visiteurs exclus du stock. activité/institution locale Budget civil 37,00 % ; coefficient 2,000000 ; part de filière 0,960 %. Apprentissage, atelier, combustible et outils ; titre noble ne remplace pas qualification.";7.466613642253529e-05;6.145374297136525e-05;0.005938668176787605;0.18379801940499793;0.009249802911856404
Orfèvre;Bijoutier;0.07964904414921435;0.1322898022674966;23.894713244764308;A — activité attestée;MJ128;"Chantiers navals, grands clans, forge/cuir, administration/shamans ; extérieur population d’arrivants et zone impériale. Professions des résidents ; lieu de travail et commanditaires peuvent être extérieurs au quartier. Visiteurs exclus du stock. activité/institution locale Budget civil 37,00 % ; coefficient 0,800000 ; part de filière 0,384 %. Apprentissage, atelier, combustible et outils ; titre noble ne remplace pas qualification.";2.9866454569014125e-05;2.4581497188546116e-05;0.0023754672707150437;0.07351920776199919;0.003699921164742564
Lapidaire et tailleur de gemmes;Bijoutier;0.07964904414921435;0.1322898022674966;23.894713244764308;A — activité attestée;MJ128;"Chantiers navals, grands clans, forge/cuir, administration/shamans ; extérieur population d’arrivants et zone impériale. Professions des résidents ; lieu de travail et commanditaires peuvent être extérieurs au quartier. Visiteurs exclus du stock. activité/institution locale Budget civil 37,00 % ; coefficient 0,800000 ; part de filière 0,384 %. Apprentissage, atelier, combustible et outils ; titre noble ne remplace pas qualification.";2.9866454569014125e-05;2.4581497188546116e-05;0.0023754672707150437;0.07351920776199919;0.003699921164742564
Tanneur;Tanneur;0.3111290787078685;0.5167570401074085;93.33872361236055;A — activité attestée;MJ128;"Chantiers navals, grands clans, forge/cuir, administration/shamans ; extérieur population d’arrivants et zone impériale. Professions des résidents ; lieu de travail et commanditaires peuvent être extérieurs au quartier. Visiteurs exclus du stock. activité/institution locale Budget civil 37,00 % ; coefficient 3,125000 ; part de filière 1,499 %. Apprentissage, atelier, combustible et outils ; titre noble ne remplace pas qualification.";0.00011666583816021141;9.602147339275823e-05;0.009279169026230633;0.28718440532030926;0.014452817049775633
Fourreur;Tanneur;0.1244516314831474;0.20670281604296342;37.335489444944216;D — activité déduite;"SB120; SB133";"Chantiers navals, grands clans, forge/cuir, administration/shamans ; extérieur population d’arrivants et zone impériale. Professions des résidents ; lieu de travail et commanditaires peuvent être extérieurs au quartier. Visiteurs exclus du stock. activité/institution locale Budget civil 37,00 % ; coefficient 1,250000 ; part de filière 0,600 %. Apprentissage, atelier, combustible et outils ; titre noble ne remplace pas qualification.";4.6666335264084564e-05;3.84085893571033e-05;0.0037116676104922528;0.11487376212812371;0.005781126819910255
Maroquinier;Artisan du cuir;0.860209676811515;1.4287298644889632;258.0629030434545;A — activité attestée;MJ128;"Chantiers navals, grands clans, forge/cuir, administration/shamans ; extérieur population d’arrivants et zone impériale. Professions des résidents ; lieu de travail et commanditaires peuvent être extérieurs au quartier. Visiteurs exclus du stock. activité/institution locale Budget civil 37,00 % ; coefficient 8,640000 ; part de filière 4,145 %. Apprentissage, atelier, combustible et outils ; titre noble ne remplace pas qualification.";0.0003225577093453526;0.00026548016963629797;0.02565504652372246;0.7940074438295911;0.039959148579219686
Bourrelier et sellier;Artisan du cuir;0.860209676811515;1.4287298644889632;258.0629030434545;D — activité déduite;"MJ128; SB163";"Chantiers navals, grands clans, forge/cuir, administration/shamans ; extérieur population d’arrivants et zone impériale. Professions des résidents ; lieu de travail et commanditaires peuvent être extérieurs au quartier. Visiteurs exclus du stock. activité/institution locale Budget civil 37,00 % ; coefficient 8,640000 ; part de filière 4,145 %. Apprentissage, atelier, combustible et outils ; titre noble ne remplace pas qualification.";0.0003225577093453526;0.00026548016963629797;0.02565504652372246;0.7940074438295911;0.039959148579219686
Boursier, fabricant de bourses;Artisan du cuir;0.860209676811515;1.4287298644889632;258.0629030434545;D — activité déduite;MJ128;"Chantiers navals, grands clans, forge/cuir, administration/shamans ; extérieur population d’arrivants et zone impériale. Professions des résidents ; lieu de travail et commanditaires peuvent être extérieurs au quartier. Visiteurs exclus du stock. activité/institution locale Budget civil 37,00 % ; coefficient 8,640000 ; part de filière 4,145 %. Apprentissage, atelier, combustible et outils ; titre noble ne remplace pas qualification.";0.0003225577093453526;0.00026548016963629797;0.02565504652372246;0.7940074438295911;0.039959148579219686
Gantier;Artisan du cuir;0.860209676811515;1.4287298644889632;258.0629030434545;D — activité déduite;MJ128;"Chantiers navals, grands clans, forge/cuir, administration/shamans ; extérieur population d’arrivants et zone impériale. Professions des résidents ; lieu de travail et commanditaires peuvent être extérieurs au quartier. Visiteurs exclus du stock. activité/institution locale Budget civil 37,00 % ; coefficient 8,640000 ; part de filière 4,145 %. Apprentissage, atelier, combustible et outils ; titre noble ne remplace pas qualification.";0.0003225577093453526;0.00026548016963629797;0.02565504652372246;0.7940074438295911;0.039959148579219686
Cordonnier;Artisan du cuir;0.860209676811515;1.4287298644889632;258.0629030434545;A — activité attestée;MJ128;"Chantiers navals, grands clans, forge/cuir, administration/shamans ; extérieur population d’arrivants et zone impériale. Professions des résidents ; lieu de travail et commanditaires peuvent être extérieurs au quartier. Visiteurs exclus du stock. activité/institution locale Budget civil 37,00 % ; coefficient 8,640000 ; part de filière 4,145 %. Apprentissage, atelier, combustible et outils ; titre noble ne remplace pas qualification.";0.0003225577093453526;0.00026548016963629797;0.02565504652372246;0.7940074438295911;0.039959148579219686
Fileur;Artisan textile;0.19912261037303583;0.3307245056687414;59.736783111910746;D — activité déduite;MJ128;"Chantiers navals, grands clans, forge/cuir, administration/shamans ; extérieur population d’arrivants et zone impériale. Professions des résidents ; lieu de travail et commanditaires peuvent être extérieurs au quartier. Visiteurs exclus du stock. activité/institution locale Budget civil 37,00 % ; coefficient 2,000000 ; part de filière 0,960 %. Apprentissage, atelier, combustible et outils ; titre noble ne remplace pas qualification.";7.466613642253529e-05;6.145374297136525e-05;0.005938668176787605;0.18379801940499793;0.009249802911856404
Tisserand;Artisan textile;0.19912261037303583;0.3307245056687414;59.736783111910746;A — activité attestée;MJ128;"Chantiers navals, grands clans, forge/cuir, administration/shamans ; extérieur population d’arrivants et zone impériale. Professions des résidents ; lieu de travail et commanditaires peuvent être extérieurs au quartier. Visiteurs exclus du stock. activité/institution locale Budget civil 37,00 % ; coefficient 2,000000 ; part de filière 0,960 %. Apprentissage, atelier, combustible et outils ; titre noble ne remplace pas qualification.";7.466613642253529e-05;6.145374297136525e-05;0.005938668176787605;0.18379801940499793;0.009249802911856404
Teinturier;Artisan textile;0.19912261037303583;0.3307245056687414;59.736783111910746;A — activité attestée;MJ128;"Chantiers navals, grands clans, forge/cuir, administration/shamans ; extérieur population d’arrivants et zone impériale. Professions des résidents ; lieu de travail et commanditaires peuvent être extérieurs au quartier. Visiteurs exclus du stock. activité/institution locale Budget civil 37,00 % ; coefficient 2,000000 ; part de filière 0,960 %. Apprentissage, atelier, combustible et outils ; titre noble ne remplace pas qualification.";7.466613642253529e-05;6.145374297136525e-05;0.005938668176787605;0.18379801940499793;0.009249802911856404
Tailleur;Tailleur de vêtements;0.19912261037303583;0.3307245056687414;59.736783111910746;D — activité déduite;"MJ128; SB139";"Chantiers navals, grands clans, forge/cuir, administration/shamans ; extérieur population d’arrivants et zone impériale. Professions des résidents ; lieu de travail et commanditaires peuvent être extérieurs au quartier. Visiteurs exclus du stock. activité/institution locale Budget civil 37,00 % ; coefficient 2,000000 ; part de filière 0,960 %. Apprentissage, atelier, combustible et outils ; titre noble ne remplace pas qualification.";7.466613642253529e-05;6.145374297136525e-05;0.005938668176787605;0.18379801940499793;0.009249802911856404
Modiste et fabricant de coiffes;Tailleur de vêtements;0.19912261037303583;0.3307245056687414;59.736783111910746;D — activité déduite;"SB139; SB120";"Chantiers navals, grands clans, forge/cuir, administration/shamans ; extérieur population d’arrivants et zone impériale. Professions des résidents ; lieu de travail et commanditaires peuvent être extérieurs au quartier. Visiteurs exclus du stock. activité/institution locale Budget civil 37,00 % ; coefficient 2,000000 ; part de filière 0,960 %. Apprentissage, atelier, combustible et outils ; titre noble ne remplace pas qualification.";7.466613642253529e-05;6.145374297136525e-05;0.005938668176787605;0.18379801940499793;0.009249802911856404
Tapissier;Tapissier;0.09956130518651791;0.1653622528343707;29.868391555955373;D — activité déduite;SB200;"Chantiers navals, grands clans, forge/cuir, administration/shamans ; extérieur population d’arrivants et zone impériale. Professions des résidents ; lieu de travail et commanditaires peuvent être extérieurs au quartier. Visiteurs exclus du stock. activité/institution locale Budget civil 37,00 % ; coefficient 1,000000 ; part de filière 0,480 %. Apprentissage, atelier, combustible et outils ; titre noble ne remplace pas qualification.";3.7333068211267645e-05;3.072687148568263e-05;0.0029693340883938024;0.09189900970249897;0.004624901455928202
Menuisier;Menuisier;0.4978065259325896;0.8268112641718537;149.34195777977686;D — activité déduite;"MJ128; SB152";"Chantiers navals, grands clans, forge/cuir, administration/shamans ; extérieur population d’arrivants et zone impériale. Professions des résidents ; lieu de travail et commanditaires peuvent être extérieurs au quartier. Visiteurs exclus du stock. activité/institution locale Budget civil 37,00 % ; coefficient 5,000000 ; part de filière 2,399 %. Apprentissage, atelier, combustible et outils ; titre noble ne remplace pas qualification.";0.00018666534105633826;0.0001536343574284132;0.014846670441969011;0.45949504851249484;0.02312450727964102
Ébéniste;Menuisier;0.19912261037303583;0.3307245056687414;59.736783111910746;D — activité déduite;MJ128;"Chantiers navals, grands clans, forge/cuir, administration/shamans ; extérieur population d’arrivants et zone impériale. Professions des résidents ; lieu de travail et commanditaires peuvent être extérieurs au quartier. Visiteurs exclus du stock. activité/institution locale Budget civil 37,00 % ; coefficient 2,000000 ; part de filière 0,960 %. Apprentissage, atelier, combustible et outils ; titre noble ne remplace pas qualification.";7.466613642253529e-05;6.145374297136525e-05;0.005938668176787605;0.18379801940499793;0.009249802911856404
Sculpteur sur bois;Menuisier;0.19912261037303583;0.3307245056687414;59.736783111910746;A — activité attestée;MJ128;"Chantiers navals, grands clans, forge/cuir, administration/shamans ; extérieur population d’arrivants et zone impériale. Professions des résidents ; lieu de travail et commanditaires peuvent être extérieurs au quartier. Visiteurs exclus du stock. activité/institution locale Budget civil 37,00 % ; coefficient 2,000000 ; part de filière 0,960 %. Apprentissage, atelier, combustible et outils ; titre noble ne remplace pas qualification.";7.466613642253529e-05;6.145374297136525e-05;0.005938668176787605;0.18379801940499793;0.009249802911856404
Tonnelier;Menuisier;0.19912261037303583;0.3307245056687414;59.736783111910746;A — activité attestée;MJ128;"Chantiers navals, grands clans, forge/cuir, administration/shamans ; extérieur population d’arrivants et zone impériale. Professions des résidents ; lieu de travail et commanditaires peuvent être extérieurs au quartier. Visiteurs exclus du stock. activité/institution locale Budget civil 37,00 % ; coefficient 2,000000 ; part de filière 0,960 %. Apprentissage, atelier, combustible et outils ; titre noble ne remplace pas qualification.";7.466613642253529e-05;6.145374297136525e-05;0.005938668176787605;0.18379801940499793;0.009249802911856404
Charron;Menuisier;0.19912261037303583;0.3307245056687414;59.736783111910746;A — activité attestée;MJ128;"Chantiers navals, grands clans, forge/cuir, administration/shamans ; extérieur population d’arrivants et zone impériale. Professions des résidents ; lieu de travail et commanditaires peuvent être extérieurs au quartier. Visiteurs exclus du stock. activité/institution locale Budget civil 37,00 % ; coefficient 2,000000 ; part de filière 0,960 %. Apprentissage, atelier, combustible et outils ; titre noble ne remplace pas qualification.";7.466613642253529e-05;6.145374297136525e-05;0.005938668176787605;0.18379801940499793;0.009249802911856404
Charpentier;Charpentier;0.32357424185618333;0.5374273217117049;97.07227255685501;A — activité attestée;MJ128;"Chantiers navals, grands clans, forge/cuir, administration/shamans ; extérieur population d’arrivants et zone impériale. Professions des résidents ; lieu de travail et commanditaires peuvent être extérieurs au quartier. Visiteurs exclus du stock. activité/institution locale Budget civil 37,00 % ; coefficient 3,250000 ; part de filière 1,559 %. Apprentissage, atelier, combustible et outils ; titre noble ne remplace pas qualification.";0.00012133247168661985;9.986233232846859e-05;0.009650335787279857;0.29867178153312174;0.015030929731766663
Couvreur;Charpentier;0.12942969674247334;0.21497092868468204;38.828909022742;A — activité attestée;MJ128;"Chantiers navals, grands clans, forge/cuir, administration/shamans ; extérieur population d’arrivants et zone impériale. Professions des résidents ; lieu de travail et commanditaires peuvent être extérieurs au quartier. Visiteurs exclus du stock. activité/institution locale Budget civil 37,00 % ; coefficient 1,300000 ; part de filière 0,624 %. Apprentissage, atelier, combustible et outils ; titre noble ne remplace pas qualification.";4.853298867464795e-05;3.9944932931387446e-05;0.003860134314911944;0.11946871261324869;0.006012371892706667
Constructeur naval;Constructeur naval;1.1200646833483268;1.8603253443866707;336.019405004498;A — activité attestée;"MJ128; SB148";"Chantiers navals, grands clans, forge/cuir, administration/shamans ; extérieur population d’arrivants et zone impériale. Professions des résidents ; lieu de travail et commanditaires peuvent être extérieurs au quartier. Visiteurs exclus du stock. activité/institution locale Budget civil 37,00 % ; coefficient 11,250000 ; part de filière 5,398 %. Apprentissage, atelier, combustible et outils ; titre noble ne remplace pas qualification.";0.00041999701737676124;0.00034567730421392984;0.033405008494430295;1.0338638591531135;0.05203014137919232
Calfat;Constructeur naval;0.44802587333933075;0.7441301377546684;134.40776200179923;D — activité déduite;"MJ128; SB148";"Chantiers navals, grands clans, forge/cuir, administration/shamans ; extérieur population d’arrivants et zone impériale. Professions des résidents ; lieu de travail et commanditaires peuvent être extérieurs au quartier. Visiteurs exclus du stock. activité/institution locale Budget civil 37,00 % ; coefficient 4,500000 ; part de filière 2,159 %. Apprentissage, atelier, combustible et outils ; titre noble ne remplace pas qualification.";0.00016799880695070449;0.00013827092168557196;0.01336200339777212;0.4135455436612454;0.02081205655167692
Constructeur de drakkars;Constructeur naval;1.792103493357323;2.9765205510186736;537.6310480071969;A — activité attestée;SB130;"Chantiers navals, grands clans, forge/cuir, administration/shamans ; extérieur population d’arrivants et zone impériale. Professions des résidents ; lieu de travail et commanditaires peuvent être extérieurs au quartier. Visiteurs exclus du stock. activité/institution locale Budget civil 37,00 % ; coefficient 18,000000 ; part de filière 8,636 %. Apprentissage, atelier, combustible et outils ; titre noble ne remplace pas qualification.";0.0006719952278028179;0.0005530836867422878;0.05344801359108848;1.6541821746449816;0.08324822620670767
Cordier;Cordier;0.1244516314831474;0.20670281604296342;37.335489444944216;D — activité déduite;SB130;"Chantiers navals, grands clans, forge/cuir, administration/shamans ; extérieur population d’arrivants et zone impériale. Professions des résidents ; lieu de travail et commanditaires peuvent être extérieurs au quartier. Visiteurs exclus du stock. activité/institution locale Budget civil 37,00 % ; coefficient 1,250000 ; part de filière 0,600 %. Apprentissage, atelier, combustible et outils ; titre noble ne remplace pas qualification.";4.6666335264084564e-05;3.84085893571033e-05;0.0037116676104922528;0.11487376212812371;0.005781126819910255
Voilier;Cordier;0.04978065259325896;0.08268112641718535;14.934195777977687;A — activité attestée;MJ128;"Chantiers navals, grands clans, forge/cuir, administration/shamans ; extérieur population d’arrivants et zone impériale. Professions des résidents ; lieu de travail et commanditaires peuvent être extérieurs au quartier. Visiteurs exclus du stock. activité/institution locale Budget civil 37,00 % ; coefficient 0,500000 ; part de filière 0,240 %. Apprentissage, atelier, combustible et outils ; titre noble ne remplace pas qualification.";1.8666534105633822e-05;1.5363435742841313e-05;0.0014846670441969012;0.04594950485124948;0.002312450727964101
Facteur d’arcs;Facteur d’arcs;0.09956130518651791;0.1653622528343707;29.868391555955373;A — activité attestée;"MJ128; SB152";"Chantiers navals, grands clans, forge/cuir, administration/shamans ; extérieur population d’arrivants et zone impériale. Professions des résidents ; lieu de travail et commanditaires peuvent être extérieurs au quartier. Visiteurs exclus du stock. activité/institution locale Budget civil 37,00 % ; coefficient 1,000000 ; part de filière 0,480 %. Apprentissage, atelier, combustible et outils ; titre noble ne remplace pas qualification.";3.7333068211267645e-05;3.072687148568263e-05;0.0029693340883938024;0.09189900970249897;0.004624901455928202
Fabricant de flèches;Facteur d’arcs;0.039824522074607176;0.0661449011337483;11.947356622382154;A — activité attestée;SB152;"Chantiers navals, grands clans, forge/cuir, administration/shamans ; extérieur population d’arrivants et zone impériale. Professions des résidents ; lieu de travail et commanditaires peuvent être extérieurs au quartier. Visiteurs exclus du stock. activité/institution locale Budget civil 37,00 % ; coefficient 0,400000 ; part de filière 0,192 %. Apprentissage, atelier, combustible et outils ; titre noble ne remplace pas qualification.";1.4933227284507063e-05;1.2290748594273058e-05;0.0011877336353575219;0.036759603880999595;0.001849960582371282
Luthier et facteur d’instruments;Luthier;0.07467097888988845;0.12402168962577806;22.401293666966534;D — activité déduite;BR55;"Chantiers navals, grands clans, forge/cuir, administration/shamans ; extérieur population d’arrivants et zone impériale. Professions des résidents ; lieu de travail et commanditaires peuvent être extérieurs au quartier. Visiteurs exclus du stock. activité/institution locale Budget civil 37,00 % ; coefficient 0,750000 ; part de filière 0,360 %. Apprentissage, atelier, combustible et outils ; titre noble ne remplace pas qualification.";2.7999801158450735e-05;2.3045153614261967e-05;0.002227000566295352;0.06892425727687423;0.003468676091946153
Tailleur de pierre;Tailleur de pierre;0.2489032629662948;0.41340563208592684;74.67097888988843;A — activité attestée;"MJ128; SB161";"Chantiers navals, grands clans, forge/cuir, administration/shamans ; extérieur population d’arrivants et zone impériale. Professions des résidents ; lieu de travail et commanditaires peuvent être extérieurs au quartier. Visiteurs exclus du stock. activité/institution locale Budget civil 37,00 % ; coefficient 2,500000 ; part de filière 1,199 %. Apprentissage, atelier, combustible et outils ; titre noble ne remplace pas qualification.";9.333267052816913e-05;7.68171787142066e-05;0.0074233352209845055;0.22974752425624742;0.01156225363982051
Sculpteur sur pierre;Tailleur de pierre;0.09956130518651791;0.1653622528343707;29.868391555955373;D — activité déduite;"MJ128; SB161";"Chantiers navals, grands clans, forge/cuir, administration/shamans ; extérieur population d’arrivants et zone impériale. Professions des résidents ; lieu de travail et commanditaires peuvent être extérieurs au quartier. Visiteurs exclus du stock. activité/institution locale Budget civil 37,00 % ; coefficient 1,000000 ; part de filière 0,480 %. Apprentissage, atelier, combustible et outils ; titre noble ne remplace pas qualification.";3.7333068211267645e-05;3.072687148568263e-05;0.0029693340883938024;0.09189900970249897;0.004624901455928202
Sculpteur de statues de Stone Spirits;Tailleur de pierre;0;0;0.0;A — activité attestée;SB161;"Chantiers navals, grands clans, forge/cuir, administration/shamans ; extérieur population d’arrivants et zone impériale. Professions des résidents ; lieu de travail et commanditaires peuvent être extérieurs au quartier. Visiteurs exclus du stock. activité/institution locale Budget civil 37,00 % ; coefficient 0,000000 ; part de filière 0,000 %. Zéro proposé : Filière régionale non retenue dans ce scénario, sans interdiction universelle. Apprentissage, atelier, combustible et outils ; titre noble ne remplace pas qualification.";0;0;0;0;0
Maçon;Maçon;0.9956130518651792;1.6536225283437074;298.6839155595537;A — activité attestée;"MJ128; SB90";"Chantiers navals, grands clans, forge/cuir, administration/shamans ; extérieur population d’arrivants et zone impériale. Professions des résidents ; lieu de travail et commanditaires peuvent être extérieurs au quartier. Visiteurs exclus du stock. activité/institution locale Budget civil 37,00 % ; coefficient 10,000000 ; part de filière 4,798 %. Apprentissage, atelier, combustible et outils ; titre noble ne remplace pas qualification.";0.0003733306821126765;0.0003072687148568264;0.029693340883938022;0.9189900970249897;0.04624901455928204
Plâtrier;Maçon;0.39824522074607166;0.6614490113374828;119.47356622382149;A — activité attestée;"MJ128; SB90";"Chantiers navals, grands clans, forge/cuir, administration/shamans ; extérieur population d’arrivants et zone impériale. Professions des résidents ; lieu de travail et commanditaires peuvent être extérieurs au quartier. Visiteurs exclus du stock. activité/institution locale Budget civil 37,00 % ; coefficient 4,000000 ; part de filière 1,919 %. Apprentissage, atelier, combustible et outils ; titre noble ne remplace pas qualification.";0.00014933227284507058;0.0001229074859427305;0.01187733635357521;0.36759603880999586;0.01849960582371281
Manœuvre de chantier;Maçon;0.3982452207460717;0.6614490113374829;119.4735662238215;A — activité attestée;SB90;"Chantiers navals, grands clans, forge/cuir, administration/shamans ; extérieur population d’arrivants et zone impériale. Professions des résidents ; lieu de travail et commanditaires peuvent être extérieurs au quartier. Visiteurs exclus du stock. activité/institution locale Budget civil 37,00 % ; coefficient 4,000000 ; part de filière 1,919 %. Apprentissage, atelier, combustible et outils ; titre noble ne remplace pas qualification.";7.582272783262641e-05;6.240567211413492e-05;0.006030659177390403;0.3732901652405532;0.01878616792818136
Architecte;Architecte;0.19912261037303583;0.3307245056687414;59.736783111910746;A — activité attestée;SB174;"Chantiers navals, grands clans, forge/cuir, administration/shamans ; extérieur population d’arrivants et zone impériale. Professions des résidents ; lieu de travail et commanditaires peuvent être extérieurs au quartier. Visiteurs exclus du stock. activité/institution locale Budget civil 37,00 % ; coefficient 2,000000 ; part de filière 0,960 %. Apprentissage, atelier, combustible et outils ; titre noble ne remplace pas qualification.";7.466613642253529e-05;6.145374297136525e-05;0.005938668176787605;0.18379801940499793;0.009249802911856404
Géomètre et arpenteur;Architecte;0.07964904414921435;0.1322898022674966;23.894713244764308;A — activité attestée;MJ128;"Chantiers navals, grands clans, forge/cuir, administration/shamans ; extérieur population d’arrivants et zone impériale. Professions des résidents ; lieu de travail et commanditaires peuvent être extérieurs au quartier. Visiteurs exclus du stock. activité/institution locale Budget civil 37,00 % ; coefficient 0,800000 ; part de filière 0,384 %. Apprentissage, atelier, combustible et outils ; titre noble ne remplace pas qualification.";2.9866454569014125e-05;2.4581497188546116e-05;0.0023754672707150437;0.07351920776199919;0.003699921164742564
Potier;Potier;0.2489032629662948;0.41340563208592684;74.67097888988843;A — activité attestée;"MJ128; SB200";"Chantiers navals, grands clans, forge/cuir, administration/shamans ; extérieur population d’arrivants et zone impériale. Professions des résidents ; lieu de travail et commanditaires peuvent être extérieurs au quartier. Visiteurs exclus du stock. activité/institution locale Budget civil 37,00 % ; coefficient 2,500000 ; part de filière 1,199 %. Apprentissage, atelier, combustible et outils ; titre noble ne remplace pas qualification.";9.333267052816913e-05;7.68171787142066e-05;0.0074233352209845055;0.22974752425624742;0.01156225363982051
Tuilier;Potier;0.09956130518651791;0.1653622528343707;29.868391555955373;A — activité attestée;"MJ128; SB200";"Chantiers navals, grands clans, forge/cuir, administration/shamans ; extérieur population d’arrivants et zone impériale. Professions des résidents ; lieu de travail et commanditaires peuvent être extérieurs au quartier. Visiteurs exclus du stock. activité/institution locale Budget civil 37,00 % ; coefficient 1,000000 ; part de filière 0,480 %. Apprentissage, atelier, combustible et outils ; titre noble ne remplace pas qualification.";3.7333068211267645e-05;3.072687148568263e-05;0.0029693340883938024;0.09189900970249897;0.004624901455928202
Porcelainier;Potier;0.09956130518651791;0.1653622528343707;29.868391555955373;D — activité déduite;SB200;"Chantiers navals, grands clans, forge/cuir, administration/shamans ; extérieur population d’arrivants et zone impériale. Professions des résidents ; lieu de travail et commanditaires peuvent être extérieurs au quartier. Visiteurs exclus du stock. activité/institution locale Budget civil 37,00 % ; coefficient 1,000000 ; part de filière 0,480 %. Apprentissage, atelier, combustible et outils ; titre noble ne remplace pas qualification.";3.7333068211267645e-05;3.072687148568263e-05;0.0029693340883938024;0.09189900970249897;0.004624901455928202
Souffleur de verre;Verrier;0.06969291363056254;0.1157535769840595;20.907874089168764;A — activité attestée;"MJ128; SB174";"Chantiers navals, grands clans, forge/cuir, administration/shamans ; extérieur population d’arrivants et zone impériale. Professions des résidents ; lieu de travail et commanditaires peuvent être extérieurs au quartier. Visiteurs exclus du stock. activité/institution locale Budget civil 37,00 % ; coefficient 0,700000 ; part de filière 0,336 %. Apprentissage, atelier, combustible et outils ; titre noble ne remplace pas qualification.";2.613314774788735e-05;2.1508810039977848e-05;0.002078533861875663;0.06432930679174927;0.003237431019149742
Vitrier;Verrier;0.06969291363056254;0.1157535769840595;20.907874089168764;A — activité attestée;"MJ128; SB174";"Chantiers navals, grands clans, forge/cuir, administration/shamans ; extérieur population d’arrivants et zone impériale. Professions des résidents ; lieu de travail et commanditaires peuvent être extérieurs au quartier. Visiteurs exclus du stock. activité/institution locale Budget civil 37,00 % ; coefficient 0,700000 ; part de filière 0,336 %. Apprentissage, atelier, combustible et outils ; titre noble ne remplace pas qualification.";2.613314774788735e-05;2.1508810039977848e-05;0.002078533861875663;0.06432930679174927;0.003237431019149742
Opticien et fabricant de lentilles;Verrier;0;0;0.0;D — activité déduite;SB174;"Chantiers navals, grands clans, forge/cuir, administration/shamans ; extérieur population d’arrivants et zone impériale. Professions des résidents ; lieu de travail et commanditaires peuvent être extérieurs au quartier. Visiteurs exclus du stock. activité/institution locale Budget civil 37,00 % ; coefficient 0,000000 ; part de filière 0,000 %. Zéro proposé : Climat, matière ou culture hors filière régionale retenue ; aucun établissement exceptionnel proposé. Apprentissage, atelier, combustible et outils ; titre noble ne remplace pas qualification.";0;0;0;0;0
Papetier;Papetier et artisan du livre;0.07964904414921435;0.1322898022674966;23.894713244764308;A — activité attestée;SB138;"Chantiers navals, grands clans, forge/cuir, administration/shamans ; extérieur population d’arrivants et zone impériale. Professions des résidents ; lieu de travail et commanditaires peuvent être extérieurs au quartier. Visiteurs exclus du stock. activité/institution locale Budget civil 37,00 % ; coefficient 0,800000 ; part de filière 0,384 %. Apprentissage, atelier, combustible et outils ; titre noble ne remplace pas qualification.";2.9866454569014125e-05;2.4581497188546116e-05;0.0023754672707150437;0.07351920776199919;0.003699921164742564
Relieur;Papetier et artisan du livre;0.07964904414921435;0.1322898022674966;23.894713244764308;D — activité déduite;"SB138; MJ128";"Chantiers navals, grands clans, forge/cuir, administration/shamans ; extérieur population d’arrivants et zone impériale. Professions des résidents ; lieu de travail et commanditaires peuvent être extérieurs au quartier. Visiteurs exclus du stock. activité/institution locale Budget civil 37,00 % ; coefficient 0,800000 ; part de filière 0,384 %. Apprentissage, atelier, combustible et outils ; titre noble ne remplace pas qualification.";2.9866454569014125e-05;2.4581497188546116e-05;0.0023754672707150437;0.07351920776199919;0.003699921164742564
Chandelier;Chandelier;0.1244516314831474;0.20670281604296342;37.335489444944216;P — activité proposée;SB98;"Chantiers navals, grands clans, forge/cuir, administration/shamans ; extérieur population d’arrivants et zone impériale. Professions des résidents ; lieu de travail et commanditaires peuvent être extérieurs au quartier. Visiteurs exclus du stock. activité/institution locale Budget civil 37,00 % ; coefficient 1,250000 ; part de filière 0,600 %. Apprentissage, atelier, combustible et outils ; titre noble ne remplace pas qualification.";4.6666335264084564e-05;3.84085893571033e-05;0.0037116676104922528;0.11487376212812371;0.005781126819910255
Peintre;Peintre;0.19912261037303583;0.3307245056687414;59.736783111910746;A — activité attestée;"MJ128; SB190";"Chantiers navals, grands clans, forge/cuir, administration/shamans ; extérieur population d’arrivants et zone impériale. Professions des résidents ; lieu de travail et commanditaires peuvent être extérieurs au quartier. Visiteurs exclus du stock. activité/institution locale Budget civil 37,00 % ; coefficient 2,000000 ; part de filière 0,960 %. Apprentissage, atelier, combustible et outils ; titre noble ne remplace pas qualification.";7.466613642253529e-05;6.145374297136525e-05;0.005938668176787605;0.18379801940499793;0.009249802911856404
Fabricant d’enseignes;Peintre;0.07964904414921435;0.1322898022674966;23.894713244764308;A — activité attestée;"MJ128; SB190";"Chantiers navals, grands clans, forge/cuir, administration/shamans ; extérieur population d’arrivants et zone impériale. Professions des résidents ; lieu de travail et commanditaires peuvent être extérieurs au quartier. Visiteurs exclus du stock. activité/institution locale Budget civil 37,00 % ; coefficient 0,800000 ; part de filière 0,384 %. Apprentissage, atelier, combustible et outils ; titre noble ne remplace pas qualification.";2.9866454569014125e-05;2.4581497188546116e-05;0.0023754672707150437;0.07351920776199919;0.003699921164742564
Enlumineur;Peintre;0.07964904414921435;0.1322898022674966;23.894713244764308;A — activité attestée;"MJ128; SB190";"Chantiers navals, grands clans, forge/cuir, administration/shamans ; extérieur population d’arrivants et zone impériale. Professions des résidents ; lieu de travail et commanditaires peuvent être extérieurs au quartier. Visiteurs exclus du stock. activité/institution locale Budget civil 37,00 % ; coefficient 0,800000 ; part de filière 0,384 %. Apprentissage, atelier, combustible et outils ; titre noble ne remplace pas qualification.";2.9866454569014125e-05;2.4581497188546116e-05;0.0023754672707150437;0.07351920776199919;0.003699921164742564
Peintre de guerre spirituel;Peintre;0;0;0.0;A — activité attestée;SB193;"Chantiers navals, grands clans, forge/cuir, administration/shamans ; extérieur population d’arrivants et zone impériale. Professions des résidents ; lieu de travail et commanditaires peuvent être extérieurs au quartier. Visiteurs exclus du stock. activité/institution locale Initiation de la Red Mother ou apprentissage autorisé; recette complète non librement disponible Budget civil 37,00 % ; coefficient 0,000000 ; part de filière 0,000 %. Zéro proposé : Filière régionale non retenue dans ce scénario, sans interdiction universelle. Apprentissage, atelier, combustible et outils ; titre noble ne remplace pas qualification.";0;0;0;0;0
Tatoueur rituel;Peintre;0;0;0.0;D — activité déduite;"SB200; SB204";"Chantiers navals, grands clans, forge/cuir, administration/shamans ; extérieur population d’arrivants et zone impériale. Professions des résidents ; lieu de travail et commanditaires peuvent être extérieurs au quartier. Visiteurs exclus du stock. activité/institution locale Budget civil 37,00 % ; coefficient 0,000000 ; part de filière 0,000 %. Zéro proposé : Filière régionale non retenue dans ce scénario, sans interdiction universelle. Apprentissage, atelier, combustible et outils ; titre noble ne remplace pas qualification.";0;0;0;0;0
Portefaix;Transporteur terrestre;0.46064853839835723;0.7650952338532375;138.19456151950718;D — activité déduite;"MJ132; SB121";"Chantiers navals, grands clans, forge/cuir, administration/shamans ; extérieur population d’arrivants et zone impériale. Professions des résidents ; lieu de travail et commanditaires peuvent être extérieurs au quartier. Visiteurs exclus du stock. activité/institution locale Budget civil 20,00 % ; coefficient 6,000000 ; part de filière 4,107 %. Réseau, itinéraires, confiance et capital ; manutention distincte de propriété du fret.";0.0014296437427249596;0.0011766640583739092;0.010233771539907358;0.4223049981543543;0.025503460902996697
Docker;Transporteur terrestre;0.46064853839835723;0.7650952338532375;138.19456151950718;D — activité déduite;"MJ132; SB121";"Chantiers navals, grands clans, forge/cuir, administration/shamans ; extérieur population d’arrivants et zone impériale. Professions des résidents ; lieu de travail et commanditaires peuvent être extérieurs au quartier. Visiteurs exclus du stock. activité/institution locale Budget civil 20,00 % ; coefficient 6,000000 ; part de filière 4,107 %. Réseau, itinéraires, confiance et capital ; manutention distincte de propriété du fret.";0.0014296437427249596;0.0011766640583739092;0.010233771539907358;0.4223049981543543;0.025503460902996697
Magasinier;Transporteur terrestre;0.4606485383983573;0.7650952338532375;138.19456151950718;D — activité déduite;"MJ132; SB121";"Chantiers navals, grands clans, forge/cuir, administration/shamans ; extérieur population d’arrivants et zone impériale. Professions des résidents ; lieu de travail et commanditaires peuvent être extérieurs au quartier. Visiteurs exclus du stock. activité/institution locale Budget civil 20,00 % ; coefficient 6,000000 ; part de filière 4,107 %. Réseau, itinéraires, confiance et capital ; manutention distincte de propriété du fret.";0.0027817492368068827;0.002289510490299413;0.019912503597947075;0.4108529178312953;0.024811857242008628
Charretier et cocher;Transporteur terrestre;0.4606485383983573;0.7650952338532375;138.19456151950718;D — activité déduite;"MJ132; SB121";"Chantiers navals, grands clans, forge/cuir, administration/shamans ; extérieur population d’arrivants et zone impériale. Professions des résidents ; lieu de travail et commanditaires peuvent être extérieurs au quartier. Visiteurs exclus du stock. activité/institution locale Budget civil 20,00 % ; coefficient 6,000000 ; part de filière 4,107 %. Réseau, itinéraires, confiance et capital ; manutention distincte de propriété du fret.";0.0027817492368068827;0.002289510490299413;0.019912503597947075;0.4108529178312953;0.024811857242008628
Chef de caravane;Transporteur terrestre;0.4606485383983573;0.7650952338532375;138.19456151950718;A — activité attestée;MJ132;"Chantiers navals, grands clans, forge/cuir, administration/shamans ; extérieur population d’arrivants et zone impériale. Professions des résidents ; lieu de travail et commanditaires peuvent être extérieurs au quartier. Visiteurs exclus du stock. activité/institution locale Budget civil 20,00 % ; coefficient 6,000000 ; part de filière 4,107 %. Réseau, itinéraires, confiance et capital ; manutention distincte de propriété du fret.";0.0027817492368068827;0.002289510490299413;0.019912503597947075;0.4108529178312953;0.024811857242008628
Coursier et messager;Transporteur terrestre;0.4606485383983573;0.7650952338532375;138.19456151950718;D — activité déduite;"MJ132; SB121";"Chantiers navals, grands clans, forge/cuir, administration/shamans ; extérieur population d’arrivants et zone impériale. Professions des résidents ; lieu de travail et commanditaires peuvent être extérieurs au quartier. Visiteurs exclus du stock. activité/institution locale Budget civil 20,00 % ; coefficient 6,000000 ; part de filière 4,107 %. Réseau, itinéraires, confiance et capital ; manutention distincte de propriété du fret.";0.0027817492368068827;0.002289510490299413;0.019912503597947075;0.4108529178312953;0.024811857242008628
Porteur d’eau;Transporteur terrestre;0.4606485383983573;0.7650952338532375;138.19456151950718;P — activité proposée;"MJ132; SB121";"Chantiers navals, grands clans, forge/cuir, administration/shamans ; extérieur population d’arrivants et zone impériale. Professions des résidents ; lieu de travail et commanditaires peuvent être extérieurs au quartier. Visiteurs exclus du stock. activité/institution locale Budget civil 20,00 % ; coefficient 6,000000 ; part de filière 4,107 %. Réseau, itinéraires, confiance et capital ; manutention distincte de propriété du fret.";0.0027817492368068827;0.002289510490299413;0.019912503597947075;0.4108529178312953;0.024811857242008628
Transporteur de canopée;Transporteur terrestre;0;0;0.0;D — activité déduite;SB154;"Chantiers navals, grands clans, forge/cuir, administration/shamans ; extérieur population d’arrivants et zone impériale. Professions des résidents ; lieu de travail et commanditaires peuvent être extérieurs au quartier. Visiteurs exclus du stock. activité/institution locale Budget civil 20,00 % ; coefficient 0,000000 ; part de filière 0,000 %. Zéro proposé : Filière régionale non retenue dans ce scénario, sans interdiction universelle. Réseau, itinéraires, confiance et capital ; manutention distincte de propriété du fret.";0;0;0;0;0
Opérateur de Stone Disks;Transporteur terrestre;0;0;0.0;A — activité attestée;PG13;"Chantiers navals, grands clans, forge/cuir, administration/shamans ; extérieur population d’arrivants et zone impériale. Professions des résidents ; lieu de travail et commanditaires peuvent être extérieurs au quartier. Visiteurs exclus du stock. activité/institution locale Prêtre nain de Dorsi; Formation spécialisée Budget civil 20,00 % ; coefficient 0,000000 ; part de filière 0,000 %. Zéro proposé : Filière régionale non retenue dans ce scénario, sans interdiction universelle. Réseau, itinéraires, confiance et capital ; manutention distincte de propriété du fret.";0;0;0;0;0
Palefrenier et soigneur d’écurie;Transporteur terrestre;0.4606485383983573;0.7650952338532375;138.19456151950718;D — activité déduite;SB123;"Chantiers navals, grands clans, forge/cuir, administration/shamans ; extérieur population d’arrivants et zone impériale. Professions des résidents ; lieu de travail et commanditaires peuvent être extérieurs au quartier. Visiteurs exclus du stock. activité/institution locale Budget civil 20,00 % ; coefficient 6,000000 ; part de filière 4,107 %. Réseau, itinéraires, confiance et capital ; manutention distincte de propriété du fret.";0.0027817492368068827;0.002289510490299413;0.019912503597947075;0.4108529178312953;0.024811857242008628
Marin;Marin;0.4990359165982204;0.8288531700076741;149.71077497946612;A — activité attestée;MJ136;"Chantiers navals, grands clans, forge/cuir, administration/shamans ; extérieur population d’arrivants et zone impériale. Professions des résidents ; lieu de travail et commanditaires peuvent être extérieurs au quartier. Visiteurs exclus du stock. activité/institution locale Budget civil 20,00 % ; coefficient 6,500000 ; part de filière 4,449 %. Réseau, itinéraires, confiance et capital ; manutention distincte de propriété du fret.";0.0030135616732074547;0.0024803030311576976;0.021571878897776006;0.4450906609839032;0.026879512012176
Navigateur;Marin;0.19961436663928817;0.33154126800306966;59.88430999178645;A — activité attestée;MJ136;"Chantiers navals, grands clans, forge/cuir, administration/shamans ; extérieur population d’arrivants et zone impériale. Professions des résidents ; lieu de travail et commanditaires peuvent être extérieurs au quartier. Visiteurs exclus du stock. activité/institution locale Budget civil 20,00 % ; coefficient 2,600000 ; part de filière 1,780 %. Réseau, itinéraires, confiance et capital ; manutention distincte de propriété du fret.";0.0012054246692829828;0.0009921212124630794;0.008628751559110408;0.1780362643935613;0.010751804804870408
Pilote de port;Marin;0.19961436663928817;0.33154126800306966;59.88430999178645;D — activité déduite;MJ136;"Chantiers navals, grands clans, forge/cuir, administration/shamans ; extérieur population d’arrivants et zone impériale. Professions des résidents ; lieu de travail et commanditaires peuvent être extérieurs au quartier. Visiteurs exclus du stock. activité/institution locale Budget civil 20,00 % ; coefficient 2,600000 ; part de filière 1,780 %. Réseau, itinéraires, confiance et capital ; manutention distincte de propriété du fret.";0.0012054246692829828;0.0009921212124630794;0.008628751559110408;0.1780362643935613;0.010751804804870408
Capitaine de navire;Marin;0.19961436663928817;0.33154126800306966;59.88430999178645;A — activité attestée;MJ136;"Chantiers navals, grands clans, forge/cuir, administration/shamans ; extérieur population d’arrivants et zone impériale. Professions des résidents ; lieu de travail et commanditaires peuvent être extérieurs au quartier. Visiteurs exclus du stock. activité/institution locale Budget civil 20,00 % ; coefficient 2,600000 ; part de filière 1,780 %. Réseau, itinéraires, confiance et capital ; manutention distincte de propriété du fret.";0.0012054246692829828;0.0009921212124630794;0.008628751559110408;0.1780362643935613;0.010751804804870408
Pilote de véhicule volant;Marin;0;0;0.0;D — activité déduite;"SB142; SB174";"Chantiers navals, grands clans, forge/cuir, administration/shamans ; extérieur population d’arrivants et zone impériale. Professions des résidents ; lieu de travail et commanditaires peuvent être extérieurs au quartier. Visiteurs exclus du stock. activité/institution locale Budget civil 20,00 % ; coefficient 0,000000 ; part de filière 0,000 %. Zéro proposé : Climat, matière ou culture hors filière régionale retenue ; aucun établissement exceptionnel proposé. Réseau, itinéraires, confiance et capital ; manutention distincte de propriété du fret.";0;0;0;0;0
Aubergiste;Hôte professionnel;0.34717952777921074;0.5766335499920455;104.15385833376322;D — activité déduite;"SB110; SB123";"Chantiers navals, grands clans, forge/cuir, administration/shamans ; extérieur population d’arrivants et zone impériale. Professions des résidents ; lieu de travail et commanditaires peuvent être extérieurs au quartier. Visiteurs exclus du stock. activité/institution locale Budget civil 12,00 % ; coefficient 3,000000 ; part de filière 5,159 %. Apprentissage et qualification variable ; soins avancés et thérapie magique exigent formation.";6.71325094997553e-05;1.3813303397922813e-05;0.001067894274153877;0.33050651540122294;0.015524172290936233
Tavernier;Hôte professionnel;0.34717952777921074;0.5766335499920455;104.15385833376322;A — activité attestée;"SB108; SB149";"Chantiers navals, grands clans, forge/cuir, administration/shamans ; extérieur population d’arrivants et zone impériale. Professions des résidents ; lieu de travail et commanditaires peuvent être extérieurs au quartier. Visiteurs exclus du stock. activité/institution locale Budget civil 12,00 % ; coefficient 3,000000 ; part de filière 5,159 %. Apprentissage et qualification variable ; soins avancés et thérapie magique exigent formation.";6.71325094997553e-05;1.3813303397922813e-05;0.001067894274153877;0.33050651540122294;0.015524172290936233
Barbier;Barbier;0.8679488194480266;1.4415838749801133;260.384645834408;P — activité proposée;"MJ135; PG40";"Chantiers navals, grands clans, forge/cuir, administration/shamans ; extérieur population d’arrivants et zone impériale. Professions des résidents ; lieu de travail et commanditaires peuvent être extérieurs au quartier. Visiteurs exclus du stock. activité/institution locale Budget civil 12,00 % ; coefficient 7,500000 ; part de filière 12,897 %. Apprentissage et qualification variable ; soins avancés et thérapie magique exigent formation.";0.0001678312737493882;3.453325849480703e-05;0.002669735685384693;0.8262662885030572;0.03881043072734057
Domestique;Employé domestique et aide familiale;2.3145301851947377;3.844223666613636;694.3590555584213;A — activité attestée;"MJ135; PG40";"Chantiers navals, grands clans, forge/cuir, administration/shamans ; extérieur population d’arrivants et zone impériale. Professions des résidents ; lieu de travail et commanditaires peuvent être extérieurs au quartier. Visiteurs exclus du stock. activité/institution locale Budget civil 12,00 % ; coefficient 20,000000 ; part de filière 34,391 %. Apprentissage et qualification variable ; soins avancés et thérapie magique exigent formation.";0.00044755006333170203;9.208868931948545e-05;0.007119295161025848;2.2033767693414856;0.1034944819395749
Gardien d’enfants;Employé domestique et aide familiale;1.1572650925973689;1.922111833306818;347.1795277792107;A — activité attestée;PG40;"Chantiers navals, grands clans, forge/cuir, administration/shamans ; extérieur population d’arrivants et zone impériale. Professions des résidents ; lieu de travail et commanditaires peuvent être extérieurs au quartier. Visiteurs exclus du stock. activité/institution locale Budget civil 12,00 % ; coefficient 10,000000 ; part de filière 17,195 %. Apprentissage et qualification variable ; soins avancés et thérapie magique exigent formation.";0.00022377503166585102;4.6044344659742723e-05;0.003559647580512924;1.1016883846707428;0.05174724096978745
Terrassier d’hygiène urbaine;Agent d’entretien;0.2314530185194738;0.3844223666613636;69.43590555584214;P — activité proposée;SB90;"Chantiers navals, grands clans, forge/cuir, administration/shamans ; extérieur population d’arrivants et zone impériale. Professions des résidents ; lieu de travail et commanditaires peuvent être extérieurs au quartier. Visiteurs exclus du stock. activité/institution locale Budget civil 12,00 % ; coefficient 2,000000 ; part de filière 3,439 %. Apprentissage et qualification variable ; soins avancés et thérapie magique exigent formation.";2.2414588847251852e-05;4.612065280948798e-06;0.00035655468961101237;0.2207028370981223;0.010366600077612283
Ramoneur;Agent d’entretien;0.2314530185194738;0.3844223666613636;69.43590555584214;P — activité proposée;SB90;"Chantiers navals, grands clans, forge/cuir, administration/shamans ; extérieur population d’arrivants et zone impériale. Professions des résidents ; lieu de travail et commanditaires peuvent être extérieurs au quartier. Visiteurs exclus du stock. activité/institution locale Budget civil 12,00 % ; coefficient 2,000000 ; part de filière 3,439 %. Apprentissage et qualification variable ; soins avancés et thérapie magique exigent formation.";4.4755006333170195e-05;9.208868931948539e-06;0.0007119295161025844;0.2203376769341486;0.010349448193957491
Fossoyeur;Agent funéraire;0.06943590555584214;0.11532670999840908;20.830771666752643;A — activité attestée;"MJ135; SB99; SB182";"Chantiers navals, grands clans, forge/cuir, administration/shamans ; extérieur population d’arrivants et zone impériale. Professions des résidents ; lieu de travail et commanditaires peuvent être extérieurs au quartier. Visiteurs exclus du stock. activité/institution locale Budget civil 12,00 % ; coefficient 0,600000 ; part de filière 1,032 %. Apprentissage et qualification variable ; soins avancés et thérapie magique exigent formation.";1.3426501899951065e-05;2.762660679584564e-06;0.00021357885483077544;0.06610130308024459;0.003104834458187247
Gardien de cimetière;Agent funéraire;0.06943590555584214;0.11532670999840908;20.830771666752643;A — activité attestée;"MJ135; SB99; SB182";"Chantiers navals, grands clans, forge/cuir, administration/shamans ; extérieur population d’arrivants et zone impériale. Professions des résidents ; lieu de travail et commanditaires peuvent être extérieurs au quartier. Visiteurs exclus du stock. activité/institution locale Budget civil 12,00 % ; coefficient 0,600000 ; part de filière 1,032 %. Apprentissage et qualification variable ; soins avancés et thérapie magique exigent formation.";1.3426501899951065e-05;2.762660679584564e-06;0.00021357885483077544;0.06610130308024459;0.003104834458187247
Momificateur;Agent funéraire;0;0;0.0;A — activité attestée;SB182;"Chantiers navals, grands clans, forge/cuir, administration/shamans ; extérieur population d’arrivants et zone impériale. Professions des résidents ; lieu de travail et commanditaires peuvent être extérieurs au quartier. Visiteurs exclus du stock. activité/institution locale Budget civil 12,00 % ; coefficient 0,000000 ; part de filière 0,000 %. Zéro proposé : Filière régionale non retenue dans ce scénario, sans interdiction universelle. Apprentissage et qualification variable ; soins avancés et thérapie magique exigent formation.";0;0;0;0;0
Gardien d’arbres funéraires;Agent funéraire;0;0;0.0;D — activité déduite;SB155;"Chantiers navals, grands clans, forge/cuir, administration/shamans ; extérieur population d’arrivants et zone impériale. Professions des résidents ; lieu de travail et commanditaires peuvent être extérieurs au quartier. Visiteurs exclus du stock. activité/institution locale Budget civil 12,00 % ; coefficient 0,000000 ; part de filière 0,000 %. Zéro proposé : Filière régionale non retenue dans ce scénario, sans interdiction universelle. Apprentissage et qualification variable ; soins avancés et thérapie magique exigent formation.";0;0;0;0;0
Marchand;Marchand;1.7274320189938401;2.8691071269496415;518.229605698152;A — activité attestée;"MJ128; SB139";"Chantiers navals, grands clans, forge/cuir, administration/shamans ; extérieur population d’arrivants et zone impériale. Professions des résidents ; lieu de travail et commanditaires peuvent être extérieurs au quartier. Visiteurs exclus du stock. activité/institution locale Budget civil 20,00 % ; coefficient 22,500000 ; part de filière 15,400 %. Réseau, itinéraires, confiance et capital ; manutention distincte de propriété du fret.";0.010431559638025811;0.0085856643386228;0.07467188849230155;1.5406984418673575;0.09304446465753237
Colporteur;Marchand;0.6909728075975359;1.1476428507798564;207.29184227926075;A — activité attestée;SB121;"Chantiers navals, grands clans, forge/cuir, administration/shamans ; extérieur population d’arrivants et zone impériale. Professions des résidents ; lieu de travail et commanditaires peuvent être extérieurs au quartier. Visiteurs exclus du stock. activité/institution locale Budget civil 20,00 % ; coefficient 9,000000 ; part de filière 6,160 %. Réseau, itinéraires, confiance et capital ; manutention distincte de propriété du fret.";0.004172623855210323;0.003434265735449119;0.029868755396920615;0.6162793767469429;0.03721778586301293
Courtier;Marchand;0.6909728075975359;1.1476428507798564;207.29184227926075;A — activité attestée;SB149;"Chantiers navals, grands clans, forge/cuir, administration/shamans ; extérieur population d’arrivants et zone impériale. Professions des résidents ; lieu de travail et commanditaires peuvent être extérieurs au quartier. Visiteurs exclus du stock. activité/institution locale Budget civil 20,00 % ; coefficient 9,000000 ; part de filière 6,160 %. Réseau, itinéraires, confiance et capital ; manutention distincte de propriété du fret.";0.004172623855210323;0.003434265735449119;0.029868755396920615;0.6162793767469429;0.03721778586301293
Commissaire-priseur d’objets magiques;Marchand;0;0;0.0;A — activité attestée;SB139;"Chantiers navals, grands clans, forge/cuir, administration/shamans ; extérieur population d’arrivants et zone impériale. Professions des résidents ; lieu de travail et commanditaires peuvent être extérieurs au quartier. Visiteurs exclus du stock. activité/institution locale Budget civil 20,00 % ; coefficient 0,000000 ; part de filière 0,000 %. Zéro proposé : Filière régionale non retenue dans ce scénario, sans interdiction universelle. Réseau, itinéraires, confiance et capital ; manutention distincte de propriété du fret.";0;0;0;0;0
Comptable;Professionnel de finance;0.19193689099931552;0.3187896807721823;57.58106729979466;D — activité déduite;"SB212; SB213";"Chantiers navals, grands clans, forge/cuir, administration/shamans ; extérieur population d’arrivants et zone impériale. Professions des résidents ; lieu de travail et commanditaires peuvent être extérieurs au quartier. Visiteurs exclus du stock. activité/institution locale Budget civil 20,00 % ; coefficient 2,500000 ; part de filière 1,711 %. Réseau, itinéraires, confiance et capital ; manutention distincte de propriété du fret.";0.0011590621820028678;0.0009539627042914221;0.008296876499144618;0.17118871576303968;0.010338273850836924
Banquier et employé de banque;Professionnel de finance;0.015354951279945243;0.025503174461774584;4.606485383983573;A — activité attestée;"SB212; SB213";"Chantiers navals, grands clans, forge/cuir, administration/shamans ; extérieur population d’arrivants et zone impériale. Professions des résidents ; lieu de travail et commanditaires peuvent être extérieurs au quartier. Visiteurs exclus du stock. activité/institution locale Budget civil 20,00 % ; coefficient 0,200000 ; part de filière 0,137 %. Réseau, itinéraires, confiance et capital ; manutention distincte de propriété du fret.";0.0002721820431277424;0.0002240186263976156;0.0006494505736851961;0.013400055993626066;0.0008092440431086221
Usurier et prêteur sur gages;Professionnel de finance;0.19193689099931552;0.3187896807721823;57.58106729979466;D — activité déduite;"SB212; SB213";"Chantiers navals, grands clans, forge/cuir, administration/shamans ; extérieur population d’arrivants et zone impériale. Professions des résidents ; lieu de travail et commanditaires peuvent être extérieurs au quartier. Visiteurs exclus du stock. activité/institution locale Budget civil 20,00 % ; coefficient 2,500000 ; part de filière 1,711 %. Réseau, itinéraires, confiance et capital ; manutention distincte de propriété du fret.";0.0011590621820028678;0.0009539627042914221;0.008296876499144618;0.17118871576303968;0.010338273850836924
Changeur;Professionnel de finance;0.19193689099931552;0.3187896807721823;57.58106729979466;D — activité déduite;"SB212; SB213";"Chantiers navals, grands clans, forge/cuir, administration/shamans ; extérieur population d’arrivants et zone impériale. Professions des résidents ; lieu de travail et commanditaires peuvent être extérieurs au quartier. Visiteurs exclus du stock. activité/institution locale Budget civil 20,00 % ; coefficient 2,500000 ; part de filière 1,711 %. Réseau, itinéraires, confiance et capital ; manutention distincte de propriété du fret.";0.0011590621820028678;0.0009539627042914221;0.008296876499144618;0.17118871576303968;0.010338273850836924
Assureur;Professionnel de finance;0.015354951279945243;0.025503174461774584;4.606485383983573;D — activité déduite;"SB212; SB213";"Chantiers navals, grands clans, forge/cuir, administration/shamans ; extérieur population d’arrivants et zone impériale. Professions des résidents ; lieu de travail et commanditaires peuvent être extérieurs au quartier. Visiteurs exclus du stock. activité/institution locale Budget civil 20,00 % ; coefficient 0,200000 ; part de filière 0,137 %. Réseau, itinéraires, confiance et capital ; manutention distincte de propriété du fret.";9.272497456022942e-05;7.631701634331375e-05;0.0006637501199315695;0.013695097261043176;0.0008270619080669541
Estimateur;Professionnel de finance;0.015354951279945243;0.025503174461774584;4.606485383983573;A — activité attestée;"SB212; SB213";"Chantiers navals, grands clans, forge/cuir, administration/shamans ; extérieur population d’arrivants et zone impériale. Professions des résidents ; lieu de travail et commanditaires peuvent être extérieurs au quartier. Visiteurs exclus du stock. activité/institution locale Budget civil 20,00 % ; coefficient 0,200000 ; part de filière 0,137 %. Réseau, itinéraires, confiance et capital ; manutention distincte de propriété du fret.";9.272497456022942e-05;7.631701634331375e-05;0.0006637501199315695;0.013695097261043176;0.0008270619080669541
Négociateur;Professionnel de finance;0.015354951279945243;0.025503174461774584;4.606485383983573;A — activité attestée;"SB212; SB213";"Chantiers navals, grands clans, forge/cuir, administration/shamans ; extérieur population d’arrivants et zone impériale. Professions des résidents ; lieu de travail et commanditaires peuvent être extérieurs au quartier. Visiteurs exclus du stock. activité/institution locale Budget civil 20,00 % ; coefficient 0,200000 ; part de filière 0,137 %. Réseau, itinéraires, confiance et capital ; manutention distincte de propriété du fret.";9.272497456022942e-05;7.631701634331375e-05;0.0006637501199315695;0.013695097261043176;0.0008270619080669541
Scribe;Scribe et auteur;0.07420149003307606;0.12324191142884013;22.260447009922817;A — activité attestée;"MJ128; SB32";"Chantiers navals, grands clans, forge/cuir, administration/shamans ; extérieur population d’arrivants et zone impériale. Professions des résidents ; lieu de travail et commanditaires peuvent être extérieurs au quartier. Visiteurs exclus du stock. activité/institution locale Budget civil 6,00 % ; coefficient 2,000000 ; part de filière 2,205 %. Instruction, autorisation ou initiation ; clergé, caste et office ne rendent pas noble.";0.0035816052622828034;0.0007369574071961304;0.0032047608177605703;0.06612354526148508;0.0005546212843514839
Calligraphe;Scribe et auteur;0.07420149003307606;0.12324191142884013;22.260447009922817;A — activité attestée;"MJ128; SB32";"Chantiers navals, grands clans, forge/cuir, administration/shamans ; extérieur population d’arrivants et zone impériale. Professions des résidents ; lieu de travail et commanditaires peuvent être extérieurs au quartier. Visiteurs exclus du stock. activité/institution locale Budget civil 6,00 % ; coefficient 2,000000 ; part de filière 2,205 %. Instruction, autorisation ou initiation ; clergé, caste et office ne rendent pas noble.";0.0035816052622828034;0.0007369574071961304;0.0032047608177605703;0.06612354526148508;0.0005546212843514839
Écrivain;Scribe et auteur;0.037829388249974706;0.06283116570883389;11.348816474992411;A — activité attestée;"MJ128; SB32";"Chantiers navals, grands clans, forge/cuir, administration/shamans ; extérieur population d’arrivants et zone impériale. Professions des résidents ; lieu de travail et commanditaires peuvent être extérieurs au quartier. Visiteurs exclus du stock. activité/institution locale Budget civil 1,00 % ; coefficient 2,000000 ; part de filière 6,745 %. Long apprentissage, frais, bourses, talent, licence ou secret ; titre ne donne pas maîtrise.";0.0006926841834554261;0.00014252791764096206;0.002754676828041485;0.03410220137059359;0.00013729795024324513
Journaliste et rédacteur;Scribe et auteur;0.037829388249974706;0.06283116570883389;11.348816474992411;A — activité attestée;CC9;"Chantiers navals, grands clans, forge/cuir, administration/shamans ; extérieur population d’arrivants et zone impériale. Professions des résidents ; lieu de travail et commanditaires peuvent être extérieurs au quartier. Visiteurs exclus du stock. activité/institution locale Budget civil 1,00 % ; coefficient 2,000000 ; part de filière 6,745 %. Long apprentissage, frais, bourses, talent, licence ou secret ; titre ne donne pas maîtrise.";0.0006926841834554261;0.00014252791764096206;0.002754676828041485;0.03410220137059359;0.00013729795024324513
Traducteur;Scribe et auteur;0.07420149003307606;0.12324191142884013;22.260447009922817;D — activité déduite;SB198;"Chantiers navals, grands clans, forge/cuir, administration/shamans ; extérieur population d’arrivants et zone impériale. Professions des résidents ; lieu de travail et commanditaires peuvent être extérieurs au quartier. Visiteurs exclus du stock. activité/institution locale Budget civil 6,00 % ; coefficient 2,000000 ; part de filière 2,205 %. Instruction, autorisation ou initiation ; clergé, caste et office ne rendent pas noble.";0.0035816052622828034;0.0007369574071961304;0.0032047608177605703;0.06612354526148508;0.0005546212843514839
Bibliothécaire;Érudit;0.04823096852149944;0.08010724242874609;14.469290556449833;A — activité attestée;MJ138;"Chantiers navals, grands clans, forge/cuir, administration/shamans ; extérieur population d’arrivants et zone impériale. Professions des résidents ; lieu de travail et commanditaires peuvent être extérieurs au quartier. Visiteurs exclus du stock. activité/institution locale Budget civil 6,00 % ; coefficient 1,300000 ; part de filière 1,433 %. Instruction, autorisation ou initiation ; clergé, caste et office ne rendent pas noble.";0.002328043420483822;0.0004790223146774849;0.0020830945315443708;0.042980304419965296;0.0003605038348284647
Conservateur de musée;Érudit;0.04823096852149944;0.08010724242874609;14.469290556449833;A — activité attestée;PG48;"Chantiers navals, grands clans, forge/cuir, administration/shamans ; extérieur population d’arrivants et zone impériale. Professions des résidents ; lieu de travail et commanditaires peuvent être extérieurs au quartier. Visiteurs exclus du stock. activité/institution locale Budget civil 6,00 % ; coefficient 1,300000 ; part de filière 1,433 %. Instruction, autorisation ou initiation ; clergé, caste et office ne rendent pas noble.";0.002328043420483822;0.0004790223146774849;0.0020830945315443708;0.042980304419965296;0.0003605038348284647
Historien;Érudit;0.02458910236248356;0.040840257710742026;7.376730708745067;A — activité attestée;PG46;"Chantiers navals, grands clans, forge/cuir, administration/shamans ; extérieur population d’arrivants et zone impériale. Professions des résidents ; lieu de travail et commanditaires peuvent être extérieurs au quartier. Visiteurs exclus du stock. activité/institution locale Budget civil 1,00 % ; coefficient 1,300000 ; part de filière 4,384 %. Long apprentissage, frais, bourses, talent, licence ou secret ; titre ne donne pas maîtrise.";0.0012936123921462451;0.0002661759643007822;0.0017148190407814637;0.02122902536063913;8.546960461593467e-05
Astronome;Érudit;0.02458910236248356;0.040840257710742026;7.376730708745067;A — activité attestée;MJ138;"Chantiers navals, grands clans, forge/cuir, administration/shamans ; extérieur population d’arrivants et zone impériale. Professions des résidents ; lieu de travail et commanditaires peuvent être extérieurs au quartier. Visiteurs exclus du stock. activité/institution locale Budget civil 1,00 % ; coefficient 1,300000 ; part de filière 4,384 %. Long apprentissage, frais, bourses, talent, licence ou secret ; titre ne donne pas maîtrise.";0.00045024471924602687;9.264314646662525e-05;0.0017905399382269645;0.02216643089088583;8.92436676581093e-05
Chercheur non arcanique;Érudit;0.02458910236248356;0.040840257710742026;7.376730708745067;A — activité attestée;"MJ138; PG46";"Chantiers navals, grands clans, forge/cuir, administration/shamans ; extérieur population d’arrivants et zone impériale. Professions des résidents ; lieu de travail et commanditaires peuvent être extérieurs au quartier. Visiteurs exclus du stock. activité/institution locale Budget civil 1,00 % ; coefficient 1,300000 ; part de filière 4,384 %. Long apprentissage, frais, bourses, talent, licence ou secret ; titre ne donne pas maîtrise.";0.0012936123921462451;0.0002661759643007822;0.0017148190407814637;0.02122902536063913;8.546960461593467e-05
Mathématicien;Érudit;0.017212371653738484;0.028588180397519408;5.163711496121546;A — activité attestée;SB174;"Chantiers navals, grands clans, forge/cuir, administration/shamans ; extérieur population d’arrivants et zone impériale. Professions des résidents ; lieu de travail et commanditaires peuvent être extérieurs au quartier. Visiteurs exclus du stock. activité/institution locale Budget civil 1,00 % ; coefficient 0,910000 ; part de filière 3,069 %. Long apprentissage, frais, bourses, talent, licence ou secret ; titre ne donne pas maîtrise.";0.0003151713034722188;6.485020252663773e-05;0.0012533779567588759;0.015516501623620076;6.247056736067652e-05
Philosophe;Érudit;0.017212371653738484;0.028588180397519408;5.163711496121546;A — activité attestée;SB178;"Chantiers navals, grands clans, forge/cuir, administration/shamans ; extérieur population d’arrivants et zone impériale. Professions des résidents ; lieu de travail et commanditaires peuvent être extérieurs au quartier. Visiteurs exclus du stock. activité/institution locale Budget civil 1,00 % ; coefficient 0,910000 ; part de filière 3,069 %. Long apprentissage, frais, bourses, talent, licence ou secret ; titre ne donne pas maîtrise.";0.0003151713034722188;6.485020252663773e-05;0.0012533779567588759;0.015516501623620076;6.247056736067652e-05
Archéologue;Érudit;0.02458910236248356;0.040840257710742026;7.376730708745067;D — activité déduite;PG48;"Chantiers navals, grands clans, forge/cuir, administration/shamans ; extérieur population d’arrivants et zone impériale. Professions des résidents ; lieu de travail et commanditaires peuvent être extérieurs au quartier. Visiteurs exclus du stock. activité/institution locale Budget civil 1,00 % ; coefficient 1,300000 ; part de filière 4,384 %. Long apprentissage, frais, bourses, talent, licence ou secret ; titre ne donne pas maîtrise.";0.00045024471924602687;9.264314646662525e-05;0.0017905399382269645;0.02216643089088583;8.92436676581093e-05
Professeur;Enseignant;0.06307126652811465;0.1047556247145141;18.921379958434397;A — activité attestée;"MJ138; SB141";"Chantiers navals, grands clans, forge/cuir, administration/shamans ; extérieur population d’arrivants et zone impériale. Professions des résidents ; lieu de travail et commanditaires peuvent être extérieurs au quartier. Visiteurs exclus du stock. activité/institution locale Budget civil 6,00 % ; coefficient 1,700000 ; part de filière 1,874 %. Instruction, autorisation ou initiation ; clergé, caste et office ne rendent pas noble.";0.003044364472940383;0.0006264137961167109;0.0027240466950964833;0.05620501347226231;0.00047142809169876124
Enseignant de magie arcanique;Enseignant;0.0009646494003743549;0.0016021947255752639;0.2893948201123065;A — activité attestée;SB141;"Chantiers navals, grands clans, forge/cuir, administration/shamans ; extérieur population d’arrivants et zone impériale. Professions des résidents ; lieu de travail et commanditaires peuvent être extérieurs au quartier. Visiteurs exclus du stock. activité/institution locale Budget civil 1,00 % ; coefficient 0,051000 ; part de filière 0,172 %. Long apprentissage, frais, bourses, talent, licence ou secret ; titre ne donne pas maîtrise.";1.7663446678113354e-05;3.63446189984453e-06;7.024425911505782e-05;0.0008696061349501364;3.50109773120275e-06
Instructeur martial;Enseignant;0;0;0.0;A — activité attestée;SB94;"Chantiers navals, grands clans, forge/cuir, administration/shamans ; extérieur population d’arrivants et zone impériale. Professions des résidents ; lieu de travail et commanditaires peuvent être extérieurs au quartier. Visiteurs exclus du stock. activité/institution locale Budget civil 6,00 % ; coefficient 0,000000 ; part de filière 0,000 %. Zéro proposé : Technique de site, institution, secret ou habilitation concentrée dans les implantations autorisées du scénario. Instruction, autorisation ou initiation ; clergé, caste et office ne rendent pas noble.";0;0;0;0;0
Formateur de tir à l’arc;Enseignant;0;0;0.0;A — activité attestée;SB155;"Chantiers navals, grands clans, forge/cuir, administration/shamans ; extérieur population d’arrivants et zone impériale. Professions des résidents ; lieu de travail et commanditaires peuvent être extérieurs au quartier. Visiteurs exclus du stock. activité/institution locale Budget civil 6,00 % ; coefficient 0,000000 ; part de filière 0,000 %. Zéro proposé : Technique de site, institution, secret ou habilitation concentrée dans les implantations autorisées du scénario. Instruction, autorisation ou initiation ; clergé, caste et office ne rendent pas noble.";0;0;0;0;0
Ingénieur;Ingénieur;0.04728673531246838;0.07853895713604235;14.186020593740514;A — activité attestée;SB174;"Chantiers navals, grands clans, forge/cuir, administration/shamans ; extérieur population d’arrivants et zone impériale. Professions des résidents ; lieu de travail et commanditaires peuvent être extérieurs au quartier. Visiteurs exclus du stock. activité/institution locale Budget civil 1,00 % ; coefficient 2,500000 ; part de filière 8,431 %. Long apprentissage, frais, bourses, talent, licence ou secret ; titre ne donne pas maîtrise.";0.002487716138742778;0.0005118768544245809;0.003297728924579738;0.04082504877045987;0.0001643646242614128
Inventeur;Ingénieur;0.011348816474992411;0.018849349712650162;3.404644942497723;A — activité attestée;SB178;"Chantiers navals, grands clans, forge/cuir, administration/shamans ; extérieur population d’arrivants et zone impériale. Professions des résidents ; lieu de travail et commanditaires peuvent être extérieurs au quartier. Visiteurs exclus du stock. activité/institution locale Budget civil 1,00 % ; coefficient 0,600000 ; part de filière 2,024 %. Long apprentissage, frais, bourses, talent, licence ou secret ; titre ne donne pas maîtrise.";0.0002078052550366277;4.2758375292288585e-05;0.0008264030484124451;0.010230660411178077;4.1189385072973516e-05
Ingénieur mystique;Ingénieur;0.018914694124987353;0.031415582854416944;5.6744082374962055;A — activité attestée;SB174;"Chantiers navals, grands clans, forge/cuir, administration/shamans ; extérieur population d’arrivants et zone impériale. Professions des résidents ; lieu de travail et commanditaires peuvent être extérieurs au quartier. Visiteurs exclus du stock. activité/institution locale Budget civil 1,00 % ; coefficient 1,000000 ; part de filière 3,373 %. Long apprentissage, frais, bourses, talent, licence ou secret ; titre ne donne pas maîtrise.";0.00034634209172771307;7.126395882048103e-05;0.0013773384140207425;0.017051100685296795;6.864897512162257e-05
Créateur et mainteneur de golems;Ingénieur;0.018914694124987353;0.031415582854416944;5.6744082374962055;D — activité déduite;SB174;"Chantiers navals, grands clans, forge/cuir, administration/shamans ; extérieur population d’arrivants et zone impériale. Professions des résidents ; lieu de travail et commanditaires peuvent être extérieurs au quartier. Visiteurs exclus du stock. activité/institution locale Budget civil 1,00 % ; coefficient 1,000000 ; part de filière 3,373 %. Long apprentissage, frais, bourses, talent, licence ou secret ; titre ne donne pas maîtrise.";0.00034634209172771307;7.126395882048103e-05;0.0013773384140207425;0.017051100685296795;6.864897512162257e-05
Chercheur en golems;Ingénieur;0.01513175529998988;0.025132466283533553;4.539526589996965;A — activité attestée;SB178;"Chantiers navals, grands clans, forge/cuir, administration/shamans ; extérieur population d’arrivants et zone impériale. Professions des résidents ; lieu de travail et commanditaires peuvent être extérieurs au quartier. Visiteurs exclus du stock. activité/institution locale Budget civil 1,00 % ; coefficient 0,800000 ; part de filière 2,698 %. Long apprentissage, frais, bourses, talent, licence ou secret ; titre ne donne pas maîtrise.";0.0002770736733821704;5.701116705638481e-05;0.0011018707312165938;0.013640880548237434;5.491918009729805e-05
Ingénieur de réacteurs de bauronite;Ingénieur;0;0;0.0;D — activité déduite;SB174;"Chantiers navals, grands clans, forge/cuir, administration/shamans ; extérieur population d’arrivants et zone impériale. Professions des résidents ; lieu de travail et commanditaires peuvent être extérieurs au quartier. Visiteurs exclus du stock. activité/institution locale Accès aux secrets des réacteurs; savoir détenu par un petit nombre Budget civil 1,00 % ; coefficient 0,000000 ; part de filière 0,000 %. Zéro proposé : Filière régionale non retenue dans ce scénario, sans interdiction universelle. Long apprentissage, frais, bourses, talent, licence ou secret ; titre ne donne pas maîtrise.";0;0;0;0;0
Technicien de communication runique;Ingénieur;0;0;0.0;D — activité déduite;SB174;"Chantiers navals, grands clans, forge/cuir, administration/shamans ; extérieur population d’arrivants et zone impériale. Professions des résidents ; lieu de travail et commanditaires peuvent être extérieurs au quartier. Visiteurs exclus du stock. activité/institution locale Budget civil 1,00 % ; coefficient 0,000000 ; part de filière 0,000 %. Zéro proposé : Filière régionale non retenue dans ce scénario, sans interdiction universelle. Long apprentissage, frais, bourses, talent, licence ou secret ; titre ne donne pas maîtrise.";0;0;0;0;0
Chercheur en magie;Praticien des services arcaniques;0.0005674408237496205;0.0009424674856325082;0.17023224712488616;A — activité attestée;"SB138; SB139";"Chantiers navals, grands clans, forge/cuir, administration/shamans ; extérieur population d’arrivants et zone impériale. Professions des résidents ; lieu de travail et commanditaires peuvent être extérieurs au quartier. Visiteurs exclus du stock. activité/institution locale Budget civil 1,00 % ; coefficient 0,030000 ; part de filière 0,101 %. Long apprentissage, frais, bourses, talent, licence ou secret ; titre ne donne pas maîtrise.";1.0390262751831391e-05;2.1379187646144307e-06;4.132015242062225e-05;0.0005115330205589038;2.059469253648676e-06
Fabricant d’objets magiques;Praticien des services arcaniques;0.018914694124987353;0.031415582854416944;5.6744082374962055;A — activité attestée;SB138;"Chantiers navals, grands clans, forge/cuir, administration/shamans ; extérieur population d’arrivants et zone impériale. Professions des résidents ; lieu de travail et commanditaires peuvent être extérieurs au quartier. Visiteurs exclus du stock. activité/institution locale Budget civil 1,00 % ; coefficient 1,000000 ; part de filière 3,373 %. Long apprentissage, frais, bourses, talent, licence ou secret ; titre ne donne pas maîtrise.";0.00034634209172771307;7.126395882048103e-05;0.0013773384140207425;0.017051100685296795;6.864897512162257e-05
Fabricant de parchemins magiques;Praticien des services arcaniques;0.018914694124987353;0.031415582854416944;5.6744082374962055;A — activité attestée;SB138;"Chantiers navals, grands clans, forge/cuir, administration/shamans ; extérieur population d’arrivants et zone impériale. Professions des résidents ; lieu de travail et commanditaires peuvent être extérieurs au quartier. Visiteurs exclus du stock. activité/institution locale Budget civil 1,00 % ; coefficient 1,000000 ; part de filière 3,373 %. Long apprentissage, frais, bourses, talent, licence ou secret ; titre ne donne pas maîtrise.";0.00034634209172771307;7.126395882048103e-05;0.0013773384140207425;0.017051100685296795;6.864897512162257e-05
Nécromancien de service;Praticien des services arcaniques;0.018914694124987353;0.031415582854416944;5.6744082374962055;D — activité déduite;"SB108; SB170";"Chantiers navals, grands clans, forge/cuir, administration/shamans ; extérieur population d’arrivants et zone impériale. Professions des résidents ; lieu de travail et commanditaires peuvent être extérieurs au quartier. Visiteurs exclus du stock. activité/institution locale Budget civil 1,00 % ; coefficient 1,000000 ; part de filière 3,373 %. Long apprentissage, frais, bourses, talent, licence ou secret ; titre ne donne pas maîtrise.";0.00034634209172771307;7.126395882048103e-05;0.0013773384140207425;0.017051100685296795;6.864897512162257e-05
Illusionniste de service;Praticien des services arcaniques;0.018914694124987353;0.031415582854416944;5.6744082374962055;D — activité déduite;"SB107; SB142";"Chantiers navals, grands clans, forge/cuir, administration/shamans ; extérieur population d’arrivants et zone impériale. Professions des résidents ; lieu de travail et commanditaires peuvent être extérieurs au quartier. Visiteurs exclus du stock. activité/institution locale Budget civil 1,00 % ; coefficient 1,000000 ; part de filière 3,373 %. Long apprentissage, frais, bourses, talent, licence ou secret ; titre ne donne pas maîtrise.";0.00034634209172771307;7.126395882048103e-05;0.0013773384140207425;0.017051100685296795;6.864897512162257e-05
Chercheur en aethermancy;Praticien des services arcaniques;0;0;0.0;A — activité attestée;SB140;"Chantiers navals, grands clans, forge/cuir, administration/shamans ; extérieur population d’arrivants et zone impériale. Professions des résidents ; lieu de travail et commanditaires peuvent être extérieurs au quartier. Visiteurs exclus du stock. activité/institution locale Budget civil 1,00 % ; coefficient 0,000000 ; part de filière 0,000 %. Zéro proposé : Filière régionale non retenue dans ce scénario, sans interdiction universelle. Long apprentissage, frais, bourses, talent, licence ou secret ; titre ne donne pas maîtrise.";0;0;0;0;0
Chercheur en biomancy;Praticien des services arcaniques;0;0;0.0;A — activité attestée;SB140;"Chantiers navals, grands clans, forge/cuir, administration/shamans ; extérieur population d’arrivants et zone impériale. Professions des résidents ; lieu de travail et commanditaires peuvent être extérieurs au quartier. Visiteurs exclus du stock. activité/institution locale Budget civil 1,00 % ; coefficient 0,000000 ; part de filière 0,000 %. Zéro proposé : Filière régionale non retenue dans ce scénario, sans interdiction universelle. Long apprentissage, frais, bourses, talent, licence ou secret ; titre ne donne pas maîtrise.";0;0;0;0;0
Désenchanteur et récupérateur arcanique;Praticien des services arcaniques;0;0;0.0;A — activité attestée;SB139;"Chantiers navals, grands clans, forge/cuir, administration/shamans ; extérieur population d’arrivants et zone impériale. Professions des résidents ; lieu de travail et commanditaires peuvent être extérieurs au quartier. Visiteurs exclus du stock. activité/institution locale Budget civil 1,00 % ; coefficient 0,000000 ; part de filière 0,000 %. Zéro proposé : Filière régionale non retenue dans ce scénario, sans interdiction universelle. Long apprentissage, frais, bourses, talent, licence ou secret ; titre ne donne pas maîtrise.";0;0;0;0;0
Extracteur de mémoire;Praticien des services arcaniques;0;0;0.0;A — activité attestée;SB140;"Chantiers navals, grands clans, forge/cuir, administration/shamans ; extérieur population d’arrivants et zone impériale. Professions des résidents ; lieu de travail et commanditaires peuvent être extérieurs au quartier. Visiteurs exclus du stock. activité/institution locale Budget civil 1,00 % ; coefficient 0,000000 ; part de filière 0,000 %. Zéro proposé : Filière régionale non retenue dans ce scénario, sans interdiction universelle. Long apprentissage, frais, bourses, talent, licence ou secret ; titre ne donne pas maîtrise.";0;0;0;0;0
Certificateur et inspecteur arcanique;Praticien des services arcaniques;0;0;0.0;A — activité attestée;SB139;"Chantiers navals, grands clans, forge/cuir, administration/shamans ; extérieur population d’arrivants et zone impériale. Professions des résidents ; lieu de travail et commanditaires peuvent être extérieurs au quartier. Visiteurs exclus du stock. activité/institution locale Budget civil 1,00 % ; coefficient 0,000000 ; part de filière 0,000 %. Zéro proposé : Filière régionale non retenue dans ce scénario, sans interdiction universelle. Long apprentissage, frais, bourses, talent, licence ou secret ; titre ne donne pas maîtrise.";0;0;0;0;0
Opérateur de transport magique;Praticien des services arcaniques;0.018914694124987353;0.031415582854416944;5.6744082374962055;D — activité déduite;SB142;"Chantiers navals, grands clans, forge/cuir, administration/shamans ; extérieur population d’arrivants et zone impériale. Professions des résidents ; lieu de travail et commanditaires peuvent être extérieurs au quartier. Visiteurs exclus du stock. activité/institution locale Budget civil 1,00 % ; coefficient 1,000000 ; part de filière 3,373 %. Long apprentissage, frais, bourses, talent, licence ou secret ; titre ne donne pas maîtrise.";0.00034634209172771307;7.126395882048103e-05;0.0013773384140207425;0.017051100685296795;6.864897512162257e-05
Restaurateur de runes de tunnels;Praticien des services arcaniques;0;0;0.0;A — activité attestée;SB161;"Chantiers navals, grands clans, forge/cuir, administration/shamans ; extérieur population d’arrivants et zone impériale. Professions des résidents ; lieu de travail et commanditaires peuvent être extérieurs au quartier. Visiteurs exclus du stock. activité/institution locale Budget civil 1,00 % ; coefficient 0,000000 ; part de filière 0,000 %. Zéro proposé : Filière régionale non retenue dans ce scénario, sans interdiction universelle. Long apprentissage, frais, bourses, talent, licence ou secret ; titre ne donne pas maîtrise.";0;0;0;0;0
Artificier psychique;Praticien des services arcaniques;0;0;0.0;A — activité attestée;PG8;"Chantiers navals, grands clans, forge/cuir, administration/shamans ; extérieur population d’arrivants et zone impériale. Professions des résidents ; lieu de travail et commanditaires peuvent être extérieurs au quartier. Visiteurs exclus du stock. activité/institution locale Budget civil 1,00 % ; coefficient 0,000000 ; part de filière 0,000 %. Zéro proposé : Filière régionale non retenue dans ce scénario, sans interdiction universelle. Long apprentissage, frais, bourses, talent, licence ou secret ; titre ne donne pas maîtrise.";0;0;0;0;0
Guérisseur;Soigneur;0.19673506574155272;0.3267590116621591;59.020519722465814;A — activité attestée;"MJ141; PG36";"Chantiers navals, grands clans, forge/cuir, administration/shamans ; extérieur population d’arrivants et zone impériale. Professions des résidents ; lieu de travail et commanditaires peuvent être extérieurs au quartier. Visiteurs exclus du stock. activité/institution locale Budget civil 12,00 % ; coefficient 1,700000 ; part de filière 2,923 %. Apprentissage et qualification variable ; soins avancés et thérapie magique exigent formation.";3.804175538319467e-05;7.82753859215626e-06;0.000605140088687197;0.1872870253940263;0.008797030964863863
Chirurgien;Soigneur;0.029510259861232905;0.04901385174932386;8.853077958369871;P — activité proposée;"MJ141; PG36";"Chantiers navals, grands clans, forge/cuir, administration/shamans ; extérieur population d’arrivants et zone impériale. Professions des résidents ; lieu de travail et commanditaires peuvent être extérieurs au quartier. Visiteurs exclus du stock. activité/institution locale Budget civil 12,00 % ; coefficient 0,255000 ; part de filière 0,438 %. Apprentissage et qualification variable ; soins avancés et thérapie magique exigent formation.";5.7062633074791995e-06;1.1741307888234384e-06;9.077101330307953e-05;0.028093053809103943;0.0013195546447295797
Praticien de psychosurgery;Soigneur;0;0;0.0;D — activité déduite;SB94;"Chantiers navals, grands clans, forge/cuir, administration/shamans ; extérieur population d’arrivants et zone impériale. Professions des résidents ; lieu de travail et commanditaires peuvent être extérieurs au quartier. Visiteurs exclus du stock. activité/institution locale Budget civil 12,00 % ; coefficient 0,000000 ; part de filière 0,000 %. Zéro proposé : Filière régionale non retenue dans ce scénario, sans interdiction universelle. Apprentissage et qualification variable ; soins avancés et thérapie magique exigent formation.";0;0;0;0;0
Opérateur de thérapie onirique;Soigneur;0;0;0.0;D — activité déduite;"SB141; SB228";"Chantiers navals, grands clans, forge/cuir, administration/shamans ; extérieur population d’arrivants et zone impériale. Professions des résidents ; lieu de travail et commanditaires peuvent être extérieurs au quartier. Visiteurs exclus du stock. activité/institution locale Budget civil 12,00 % ; coefficient 0,000000 ; part de filière 0,000 %. Zéro proposé : Technique de site, institution, secret ou habilitation concentrée dans les implantations autorisées du scénario. Apprentissage et qualification variable ; soins avancés et thérapie magique exigent formation.";0;0;0;0;0
Prêtre et officiant;Officiant religieux;0.09646193704299888;0.16021448485749218;28.938581112899666;A — activité attestée;"MJ127; SB182";"Chantiers navals, grands clans, forge/cuir, administration/shamans ; extérieur population d’arrivants et zone impériale. Professions des résidents ; lieu de travail et commanditaires peuvent être extérieurs au quartier. Visiteurs exclus du stock. activité/institution locale Budget civil 6,00 % ; coefficient 2,600000 ; part de filière 2,867 %. Instruction, autorisation ou initiation ; clergé, caste et office ne rendent pas noble.";0.004656086840967644;0.0009580446293549698;0.0041661890630887415;0.08596060883993059;0.0007210076696569294
Acolyte;Officiant religieux;0.09646193704299888;0.16021448485749218;28.938581112899666;A — activité attestée;"MJ127; SB182";"Chantiers navals, grands clans, forge/cuir, administration/shamans ; extérieur population d’arrivants et zone impériale. Professions des résidents ; lieu de travail et commanditaires peuvent être extérieurs au quartier. Visiteurs exclus du stock. activité/institution locale Budget civil 6,00 % ; coefficient 2,600000 ; part de filière 2,867 %. Instruction, autorisation ou initiation ; clergé, caste et office ne rendent pas noble.";0.004656086840967644;0.0009580446293549698;0.0041661890630887415;0.08596060883993059;0.0007210076696569294
Shaman;Officiant religieux;0.09646193704299888;0.16021448485749218;28.938581112899666;A — activité attestée;"SB129; SB191";"Chantiers navals, grands clans, forge/cuir, administration/shamans ; extérieur population d’arrivants et zone impériale. Professions des résidents ; lieu de travail et commanditaires peuvent être extérieurs au quartier. Visiteurs exclus du stock. activité/institution locale Budget civil 6,00 % ; coefficient 2,600000 ; part de filière 2,867 %. Instruction, autorisation ou initiation ; clergé, caste et office ne rendent pas noble.";0.004656086840967644;0.0009580446293549698;0.0041661890630887415;0.08596060883993059;0.0007210076696569294
Sugenja;Officiant religieux;0;0;0.0;A — activité attestée;SB198;"Chantiers navals, grands clans, forge/cuir, administration/shamans ; extérieur population d’arrivants et zone impériale. Professions des résidents ; lieu de travail et commanditaires peuvent être extérieurs au quartier. Visiteurs exclus du stock. activité/institution locale Budget civil 6,00 % ; coefficient 0,000000 ; part de filière 0,000 %. Zéro proposé : Filière régionale non retenue dans ce scénario, sans interdiction universelle. Instruction, autorisation ou initiation ; clergé, caste et office ne rendent pas noble.";0;0;0;0;0
Gardien et officiant druidique;Officiant religieux;0.09646193704299888;0.16021448485749218;28.938581112899666;A — activité attestée;SB153;"Chantiers navals, grands clans, forge/cuir, administration/shamans ; extérieur population d’arrivants et zone impériale. Professions des résidents ; lieu de travail et commanditaires peuvent être extérieurs au quartier. Visiteurs exclus du stock. activité/institution locale Budget civil 6,00 % ; coefficient 2,600000 ; part de filière 2,867 %. Instruction, autorisation ou initiation ; clergé, caste et office ne rendent pas noble.";0.004656086840967644;0.0009580446293549698;0.0041661890630887415;0.08596060883993059;0.0007210076696569294
Gardien-purificateur de Mother Tree;Officiant religieux;0;0;0.0;A — activité attestée;SB153;"Chantiers navals, grands clans, forge/cuir, administration/shamans ; extérieur population d’arrivants et zone impériale. Professions des résidents ; lieu de travail et commanditaires peuvent être extérieurs au quartier. Visiteurs exclus du stock. activité/institution locale Budget civil 6,00 % ; coefficient 0,000000 ; part de filière 0,000 %. Zéro proposé : Filière régionale non retenue dans ce scénario, sans interdiction universelle. Instruction, autorisation ou initiation ; clergé, caste et office ne rendent pas noble.";0;0;0;0;0
Officiant des rites Ba-Akhu;Officiant religieux;0;0;0.0;A — activité attestée;SB184;"Chantiers navals, grands clans, forge/cuir, administration/shamans ; extérieur population d’arrivants et zone impériale. Professions des résidents ; lieu de travail et commanditaires peuvent être extérieurs au quartier. Visiteurs exclus du stock. activité/institution locale Budget civil 6,00 % ; coefficient 0,000000 ; part de filière 0,000 %. Zéro proposé : Filière régionale non retenue dans ce scénario, sans interdiction universelle. Instruction, autorisation ou initiation ; clergé, caste et office ne rendent pas noble.";0;0;0;0;0
Garde et sentinelle;Garde et surveillant;0.2784310048581561;0.4624485198946255;83.52930145744682;A — activité attestée;"MJ140; SB90";"Chantiers navals, grands clans, forge/cuir, administration/shamans ; extérieur population d’arrivants et zone impériale. Professions des résidents ; lieu de travail et commanditaires peuvent être extérieurs au quartier. Visiteurs exclus du stock. activité/institution locale Budget civil 5,00 % ; coefficient 14,000000 ; part de filière 9,929 %. Entraînement, loyauté, armes et habilitations ; aucun métier verrouillé par naissance sauf source explicite.";0.0035600183623678496;0.000732515648647734;0.005946164408352116;0.26290003289274955;0.00529227354603882
Garde du corps;Garde et surveillant;0.2784310048581561;0.4624485198946255;83.52930145744682;A — activité attestée;"MJ140; SB90";"Chantiers navals, grands clans, forge/cuir, administration/shamans ; extérieur population d’arrivants et zone impériale. Professions des résidents ; lieu de travail et commanditaires peuvent être extérieurs au quartier. Visiteurs exclus du stock. activité/institution locale Budget civil 5,00 % ; coefficient 14,000000 ; part de filière 9,929 %. Entraînement, loyauté, armes et habilitations ; aucun métier verrouillé par naissance sauf source explicite.";0.0035600183623678496;0.000732515648647734;0.005946164408352116;0.26290003289274955;0.00529227354603882
Soldat;Combattant professionnel;0.8540704499999998;1.4185331683497207;256.22113499999995;A — activité attestée;"MJ140; SB90";"Chantiers navals, grands clans, forge/cuir, administration/shamans ; extérieur population d’arrivants et zone impériale. Professions des résidents ; lieu de travail et commanditaires peuvent être extérieurs au quartier. Visiteurs exclus du stock. activité/institution locale Garnison incluse dans les résidents par convention proposée, comptée une seule fois. Entraînement, loyauté, armes et habilitations ; aucun métier verrouillé par naissance sauf source explicite.";0.0027619715490722727;0.0005683081307113242;0.018452867654369397;0.8158636694412756;0.0164236332245712
Mercenaire;Combattant professionnel;0.2784310048581561;0.4624485198946255;83.52930145744682;A — activité attestée;"MJ140; SB90";"Chantiers navals, grands clans, forge/cuir, administration/shamans ; extérieur population d’arrivants et zone impériale. Professions des résidents ; lieu de travail et commanditaires peuvent être extérieurs au quartier. Visiteurs exclus du stock. activité/institution locale Budget civil 5,00 % ; coefficient 14,000000 ; part de filière 9,929 %. Entraînement, loyauté, armes et habilitations ; aucun métier verrouillé par naissance sauf source explicite.";0.0035600183623678496;0.000732515648647734;0.005946164408352116;0.26290003289274955;0.00529227354603882
Éclaireur;Combattant professionnel;0.2784310048581561;0.4624485198946255;83.52930145744682;A — activité attestée;"MJ140; SB90";"Chantiers navals, grands clans, forge/cuir, administration/shamans ; extérieur population d’arrivants et zone impériale. Professions des résidents ; lieu de travail et commanditaires peuvent être extérieurs au quartier. Visiteurs exclus du stock. activité/institution locale Budget civil 5,00 % ; coefficient 14,000000 ; part de filière 9,929 %. Entraînement, loyauté, armes et habilitations ; aucun métier verrouillé par naissance sauf source explicite.";0.0035600183623678496;0.000732515648647734;0.005946164408352116;0.26290003289274955;0.00529227354603882
Chasseur de primes;Combattant professionnel;0.2784310048581561;0.4624485198946255;83.52930145744682;A — activité attestée;MJ140;"Chantiers navals, grands clans, forge/cuir, administration/shamans ; extérieur population d’arrivants et zone impériale. Professions des résidents ; lieu de travail et commanditaires peuvent être extérieurs au quartier. Visiteurs exclus du stock. activité/institution locale Budget civil 5,00 % ; coefficient 14,000000 ; part de filière 9,929 %. Entraînement, loyauté, armes et habilitations ; aucun métier verrouillé par naissance sauf source explicite.";0.0035600183623678496;0.000732515648647734;0.005946164408352116;0.26290003289274955;0.00529227354603882
Gladiateur;Combattant professionnel;0.2784310048581561;0.4624485198946255;83.52930145744682;A — activité attestée;MJ130;"Chantiers navals, grands clans, forge/cuir, administration/shamans ; extérieur population d’arrivants et zone impériale. Professions des résidents ; lieu de travail et commanditaires peuvent être extérieurs au quartier. Visiteurs exclus du stock. activité/institution locale Budget civil 5,00 % ; coefficient 14,000000 ; part de filière 9,929 %. Entraînement, loyauté, armes et habilitations ; aucun métier verrouillé par naissance sauf source explicite.";0.0035600183623678496;0.000732515648647734;0.005946164408352116;0.26290003289274955;0.00529227354603882
Champion d’arène;Combattant professionnel;0.2784310048581561;0.4624485198946255;83.52930145744682;A — activité attestée;SB90;"Chantiers navals, grands clans, forge/cuir, administration/shamans ; extérieur population d’arrivants et zone impériale. Professions des résidents ; lieu de travail et commanditaires peuvent être extérieurs au quartier. Visiteurs exclus du stock. activité/institution locale Budget civil 5,00 % ; coefficient 14,000000 ; part de filière 9,929 %. Entraînement, loyauté, armes et habilitations ; aucun métier verrouillé par naissance sauf source explicite.";0.0035600183623678496;0.000732515648647734;0.005946164408352116;0.26290003289274955;0.00529227354603882
Veilleur de nuit;Garde et surveillant;0.2784310048581561;0.4624485198946255;83.52930145744682;P — activité proposée;"MJ140; SB90";"Chantiers navals, grands clans, forge/cuir, administration/shamans ; extérieur population d’arrivants et zone impériale. Professions des résidents ; lieu de travail et commanditaires peuvent être extérieurs au quartier. Visiteurs exclus du stock. activité/institution locale Budget civil 5,00 % ; coefficient 14,000000 ; part de filière 9,929 %. Entraînement, loyauté, armes et habilitations ; aucun métier verrouillé par naissance sauf source explicite.";0.0035600183623678496;0.000732515648647734;0.005946164408352116;0.26290003289274955;0.00529227354603882
Guide;Guide;2.6871164739904176;4.463055530810553;806.1349421971254;A — activité attestée;MJ140;"Chantiers navals, grands clans, forge/cuir, administration/shamans ; extérieur population d’arrivants et zone impériale. Professions des résidents ; lieu de travail et commanditaires peuvent être extérieurs au quartier. Visiteurs exclus du stock. activité/institution locale Budget civil 20,00 % ; coefficient 35,000000 ; part de filière 23,956 %. Réseau, itinéraires, confiance et capital ; manutention distincte de propriété du fret.";0.016226870548040145;0.013355477860079911;0.11615627098802461;2.396642020682556;0.14473583391171696
Gardien de domaine;Garde et surveillant;0.2784310048581561;0.4624485198946255;83.52930145744682;A — activité attestée;MJ140;"Chantiers navals, grands clans, forge/cuir, administration/shamans ; extérieur population d’arrivants et zone impériale. Professions des résidents ; lieu de travail et commanditaires peuvent être extérieurs au quartier. Visiteurs exclus du stock. activité/institution locale Budget civil 5,00 % ; coefficient 14,000000 ; part de filière 9,929 %. Entraînement, loyauté, armes et habilitations ; aucun métier verrouillé par naissance sauf source explicite.";0.0035600183623678496;0.000732515648647734;0.005946164408352116;0.26290003289274955;0.00529227354603882
Spellshield;Protecteur et contrôleur arcanique;0;0;0.0;A — activité attestée;SB140;"Chantiers navals, grands clans, forge/cuir, administration/shamans ; extérieur population d’arrivants et zone impériale. Professions des résidents ; lieu de travail et commanditaires peuvent être extérieurs au quartier. Visiteurs exclus du stock. activité/institution locale Budget civil 5,00 % ; coefficient 0,000000 ; part de filière 0,000 %. Zéro proposé : Filière régionale non retenue dans ce scénario, sans interdiction universelle. Entraînement, loyauté, armes et habilitations ; aucun métier verrouillé par naissance sauf source explicite.";0;0;0;0;0
Warden des Arcane Enforcers;Protecteur et contrôleur arcanique;0;0;0.0;A — activité attestée;SB140;"Chantiers navals, grands clans, forge/cuir, administration/shamans ; extérieur population d’arrivants et zone impériale. Professions des résidents ; lieu de travail et commanditaires peuvent être extérieurs au quartier. Visiteurs exclus du stock. activité/institution locale Budget civil 5,00 % ; coefficient 0,000000 ; part de filière 0,000 %. Zéro proposé : Filière régionale non retenue dans ce scénario, sans interdiction universelle. Entraînement, loyauté, armes et habilitations ; aucun métier verrouillé par naissance sauf source explicite.";0;0;0;0;0
Inquisiteur;Garde et surveillant;0;0;0.0;A — activité attestée;SB29;"Chantiers navals, grands clans, forge/cuir, administration/shamans ; extérieur population d’arrivants et zone impériale. Professions des résidents ; lieu de travail et commanditaires peuvent être extérieurs au quartier. Visiteurs exclus du stock. activité/institution locale Budget civil 5,00 % ; coefficient 0,000000 ; part de filière 0,000 %. Zéro proposé : Inquisiteur bauronien : aucun établissement de son Église habilité dans ce profil, notamment les ordres cirrus indépendants. Entraînement, loyauté, armes et habilitations ; aucun métier verrouillé par naissance sauf source explicite.";0;0;0;0;0
Mage impérial chargé du contrôle;Protecteur et contrôleur arcanique;0;0;0.0;A — activité attestée;SB98;"Chantiers navals, grands clans, forge/cuir, administration/shamans ; extérieur population d’arrivants et zone impériale. Professions des résidents ; lieu de travail et commanditaires peuvent être extérieurs au quartier. Visiteurs exclus du stock. activité/institution locale Budget civil 5,00 % ; coefficient 0,000000 ; part de filière 0,000 %. Zéro proposé : Filière régionale non retenue dans ce scénario, sans interdiction universelle. Entraînement, loyauté, armes et habilitations ; aucun métier verrouillé par naissance sauf source explicite.";0;0;0;0;0
Chasseur de morts-vivants;Combattant professionnel;0.2784310048581561;0.4624485198946255;83.52930145744682;A — activité attestée;SB210;"Chantiers navals, grands clans, forge/cuir, administration/shamans ; extérieur population d’arrivants et zone impériale. Professions des résidents ; lieu de travail et commanditaires peuvent être extérieurs au quartier. Visiteurs exclus du stock. activité/institution locale Budget civil 5,00 % ; coefficient 14,000000 ; part de filière 9,929 %. Entraînement, loyauté, armes et habilitations ; aucun métier verrouillé par naissance sauf source explicite.";0.0035600183623678496;0.000732515648647734;0.005946164408352116;0.26290003289274955;0.00529227354603882
Détective;Enquêteur et agent de renseignement;0.00994396445921986;0.016516018567665196;2.9831893377659577;A — activité attestée;"PG9; BR42";"Chantiers navals, grands clans, forge/cuir, administration/shamans ; extérieur population d’arrivants et zone impériale. Professions des résidents ; lieu de travail et commanditaires peuvent être extérieurs au quartier. Visiteurs exclus du stock. activité/institution locale Budget civil 5,00 % ; coefficient 0,500000 ; part de filière 0,355 %. Entraînement, loyauté, armes et habilitations ; aucun métier verrouillé par naissance sauf source explicite.";0.0001271435129417089;2.61612731659905e-05;0.000212363014584004;0.009389286889026769;0.00018900976950138632
Espion;Enquêteur et agent de renseignement;0.00994396445921986;0.016516018567665196;2.9831893377659577;A — activité attestée;"PG9; BR42";"Chantiers navals, grands clans, forge/cuir, administration/shamans ; extérieur population d’arrivants et zone impériale. Professions des résidents ; lieu de travail et commanditaires peuvent être extérieurs au quartier. Visiteurs exclus du stock. activité/institution locale Budget civil 5,00 % ; coefficient 0,500000 ; part de filière 0,355 %. Entraînement, loyauté, armes et habilitations ; aucun métier verrouillé par naissance sauf source explicite.";0.0001271435129417089;2.61612731659905e-05;0.000212363014584004;0.009389286889026769;0.00018900976950138632
Détective arcanique;Enquêteur et agent de renseignement;0;0;0.0;A — activité attestée;SB140;"Chantiers navals, grands clans, forge/cuir, administration/shamans ; extérieur population d’arrivants et zone impériale. Professions des résidents ; lieu de travail et commanditaires peuvent être extérieurs au quartier. Visiteurs exclus du stock. activité/institution locale Budget civil 5,00 % ; coefficient 0,000000 ; part de filière 0,000 %. Zéro proposé : Filière régionale non retenue dans ce scénario, sans interdiction universelle. Entraînement, loyauté, armes et habilitations ; aucun métier verrouillé par naissance sauf source explicite.";0;0;0;0;0
Fonctionnaire;Administrateur et juriste;0.3710074501653803;0.6162095571442006;111.30223504961408;A — activité attestée;"SB90; SB213";"Chantiers navals, grands clans, forge/cuir, administration/shamans ; extérieur population d’arrivants et zone impériale. Professions des résidents ; lieu de travail et commanditaires peuvent être extérieurs au quartier. Visiteurs exclus du stock. activité/institution locale Budget civil 6,00 % ; coefficient 10,000000 ; part de filière 11,025 %. Instruction, autorisation ou initiation ; clergé, caste et office ne rendent pas noble.";0.0481225656618248;0.009901783870833413;0.014353090452410762;0.2961460402637383;0.00248396991657298
Percepteur;Administrateur et juriste;0.3710074501653802;0.6162095571442006;111.30223504961407;A — activité attestée;SB132;"Chantiers navals, grands clans, forge/cuir, administration/shamans ; extérieur population d’arrivants et zone impériale. Professions des résidents ; lieu de travail et commanditaires peuvent être extérieurs au quartier. Visiteurs exclus du stock. activité/institution locale Budget civil 6,00 % ; coefficient 10,000000 ; part de filière 11,025 %. Instruction, autorisation ou initiation ; clergé, caste et office ne rendent pas noble.";0.017908026311414027;0.0036847870359806526;0.016023804088802843;0.3306177263074253;0.0027731064217574194
Juge;Administrateur et juriste;0.3710074501653803;0.6162095571442006;111.30223504961408;A — activité attestée;"SB90; SB213";"Chantiers navals, grands clans, forge/cuir, administration/shamans ; extérieur population d’arrivants et zone impériale. Professions des résidents ; lieu de travail et commanditaires peuvent être extérieurs au quartier. Visiteurs exclus du stock. activité/institution locale Budget civil 6,00 % ; coefficient 10,000000 ; part de filière 11,025 %. Instruction, autorisation ou initiation ; clergé, caste et office ne rendent pas noble.";0.0481225656618248;0.009901783870833413;0.014353090452410762;0.2961460402637383;0.00248396991657298
Avocat;Administrateur et juriste;0.3710074501653802;0.6162095571442006;111.30223504961407;A — activité attestée;"SB90; SB213";"Chantiers navals, grands clans, forge/cuir, administration/shamans ; extérieur population d’arrivants et zone impériale. Professions des résidents ; lieu de travail et commanditaires peuvent être extérieurs au quartier. Visiteurs exclus du stock. activité/institution locale Budget civil 6,00 % ; coefficient 10,000000 ; part de filière 11,025 %. Instruction, autorisation ou initiation ; clergé, caste et office ne rendent pas noble.";0.017908026311414027;0.0036847870359806526;0.016023804088802843;0.3306177263074253;0.0027731064217574194
Diplomate et émissaire;Administrateur et juriste;0.3710074501653803;0.6162095571442006;111.30223504961408;A — activité attestée;PG46;"Chantiers navals, grands clans, forge/cuir, administration/shamans ; extérieur population d’arrivants et zone impériale. Professions des résidents ; lieu de travail et commanditaires peuvent être extérieurs au quartier. Visiteurs exclus du stock. activité/institution locale Budget civil 6,00 % ; coefficient 10,000000 ; part de filière 11,025 %. Instruction, autorisation ou initiation ; clergé, caste et office ne rendent pas noble.";0.0481225656618248;0.009901783870833413;0.014353090452410762;0.2961460402637383;0.00248396991657298
Recruteur et agent de missions;Administrateur et juriste;0.3710074501653802;0.6162095571442006;111.30223504961407;D — activité déduite;SB105;"Chantiers navals, grands clans, forge/cuir, administration/shamans ; extérieur population d’arrivants et zone impériale. Professions des résidents ; lieu de travail et commanditaires peuvent être extérieurs au quartier. Visiteurs exclus du stock. activité/institution locale Budget civil 6,00 % ; coefficient 10,000000 ; part de filière 11,025 %. Instruction, autorisation ou initiation ; clergé, caste et office ne rendent pas noble.";0.017908026311414027;0.0036847870359806526;0.016023804088802843;0.3306177263074253;0.0027731064217574194
Bourreau;Administrateur et juriste;0.3710074501653802;0.6162095571442006;111.30223504961407;A — activité attestée;SB148;"Chantiers navals, grands clans, forge/cuir, administration/shamans ; extérieur population d’arrivants et zone impériale. Professions des résidents ; lieu de travail et commanditaires peuvent être extérieurs au quartier. Visiteurs exclus du stock. activité/institution locale Budget civil 6,00 % ; coefficient 10,000000 ; part de filière 11,025 %. Instruction, autorisation ou initiation ; clergé, caste et office ne rendent pas noble.";0.017908026311414027;0.0036847870359806526;0.016023804088802843;0.3306177263074253;0.0027731064217574194
Acteur et comédien;Artiste du spectacle;0.087631186796875;0.1455474136275495;26.2893560390625;A — activité attestée;MJ129;"Chantiers navals, grands clans, forge/cuir, administration/shamans ; extérieur population d’arrivants et zone impériale. Professions des résidents ; lieu de travail et commanditaires peuvent être extérieurs au quartier. Visiteurs exclus du stock. activité/institution locale Budget civil 2,00 % ; coefficient 1,500000 ; part de filière 7,812 %. Apprentissage, audition et réseau ; accès au mérite notamment Mustardseed.";0.00045108287545713317;9.28156069649016e-05;0.0026908096955877325;0.08327885612095527;0.0011176224979099507
Danseur;Artiste du spectacle;0.087631186796875;0.1455474136275495;26.2893560390625;A — activité attestée;MJ129;"Chantiers navals, grands clans, forge/cuir, administration/shamans ; extérieur population d’arrivants et zone impériale. Professions des résidents ; lieu de travail et commanditaires peuvent être extérieurs au quartier. Visiteurs exclus du stock. activité/institution locale Budget civil 2,00 % ; coefficient 1,500000 ; part de filière 7,812 %. Apprentissage, audition et réseau ; accès au mérite notamment Mustardseed.";0.00045108287545713317;9.28156069649016e-05;0.0026908096955877325;0.08327885612095527;0.0011176224979099507
Musicien;Artiste du spectacle;0.087631186796875;0.1455474136275495;26.2893560390625;A — activité attestée;MJ129;"Chantiers navals, grands clans, forge/cuir, administration/shamans ; extérieur population d’arrivants et zone impériale. Professions des résidents ; lieu de travail et commanditaires peuvent être extérieurs au quartier. Visiteurs exclus du stock. activité/institution locale Budget civil 2,00 % ; coefficient 1,500000 ; part de filière 7,812 %. Apprentissage, audition et réseau ; accès au mérite notamment Mustardseed.";0.00045108287545713317;9.28156069649016e-05;0.0026908096955877325;0.08327885612095527;0.0011176224979099507
Chanteur;Artiste du spectacle;0.087631186796875;0.1455474136275495;26.2893560390625;A — activité attestée;MJ129;"Chantiers navals, grands clans, forge/cuir, administration/shamans ; extérieur population d’arrivants et zone impériale. Professions des résidents ; lieu de travail et commanditaires peuvent être extérieurs au quartier. Visiteurs exclus du stock. activité/institution locale Budget civil 2,00 % ; coefficient 1,500000 ; part de filière 7,812 %. Apprentissage, audition et réseau ; accès au mérite notamment Mustardseed.";0.00045108287545713317;9.28156069649016e-05;0.0026908096955877325;0.08327885612095527;0.0011176224979099507
Poète;Artiste du spectacle;0.087631186796875;0.1455474136275495;26.2893560390625;A — activité attestée;MJ129;"Chantiers navals, grands clans, forge/cuir, administration/shamans ; extérieur population d’arrivants et zone impériale. Professions des résidents ; lieu de travail et commanditaires peuvent être extérieurs au quartier. Visiteurs exclus du stock. activité/institution locale Budget civil 2,00 % ; coefficient 1,500000 ; part de filière 7,812 %. Apprentissage, audition et réseau ; accès au mérite notamment Mustardseed.";0.00045108287545713317;9.28156069649016e-05;0.0026908096955877325;0.08327885612095527;0.0011176224979099507
Conteur;Artiste du spectacle;0.087631186796875;0.1455474136275495;26.2893560390625;A — activité attestée;MJ129;"Chantiers navals, grands clans, forge/cuir, administration/shamans ; extérieur population d’arrivants et zone impériale. Professions des résidents ; lieu de travail et commanditaires peuvent être extérieurs au quartier. Visiteurs exclus du stock. activité/institution locale Budget civil 2,00 % ; coefficient 1,500000 ; part de filière 7,812 %. Apprentissage, audition et réseau ; accès au mérite notamment Mustardseed.";0.00045108287545713317;9.28156069649016e-05;0.0026908096955877325;0.08327885612095527;0.0011176224979099507
Bouffon;Artiste du spectacle;0.087631186796875;0.1455474136275495;26.2893560390625;A — activité attestée;MJ129;"Chantiers navals, grands clans, forge/cuir, administration/shamans ; extérieur population d’arrivants et zone impériale. Professions des résidents ; lieu de travail et commanditaires peuvent être extérieurs au quartier. Visiteurs exclus du stock. activité/institution locale Budget civil 2,00 % ; coefficient 1,500000 ; part de filière 7,812 %. Apprentissage, audition et réseau ; accès au mérite notamment Mustardseed.";0.00045108287545713317;9.28156069649016e-05;0.0026908096955877325;0.08327885612095527;0.0011176224979099507
Jongleur;Artiste du spectacle;0.087631186796875;0.1455474136275495;26.2893560390625;A — activité attestée;MJ129;"Chantiers navals, grands clans, forge/cuir, administration/shamans ; extérieur population d’arrivants et zone impériale. Professions des résidents ; lieu de travail et commanditaires peuvent être extérieurs au quartier. Visiteurs exclus du stock. activité/institution locale Budget civil 2,00 % ; coefficient 1,500000 ; part de filière 7,812 %. Apprentissage, audition et réseau ; accès au mérite notamment Mustardseed.";0.00045108287545713317;9.28156069649016e-05;0.0026908096955877325;0.08327885612095527;0.0011176224979099507
Acrobate;Artiste du spectacle;0.087631186796875;0.1455474136275495;26.2893560390625;A — activité attestée;MJ129;"Chantiers navals, grands clans, forge/cuir, administration/shamans ; extérieur population d’arrivants et zone impériale. Professions des résidents ; lieu de travail et commanditaires peuvent être extérieurs au quartier. Visiteurs exclus du stock. activité/institution locale Budget civil 2,00 % ; coefficient 1,500000 ; part de filière 7,812 %. Apprentissage, audition et réseau ; accès au mérite notamment Mustardseed.";0.00045108287545713317;9.28156069649016e-05;0.0026908096955877325;0.08327885612095527;0.0011176224979099507
Cracheur de feu;Artiste du spectacle;0.087631186796875;0.1455474136275495;26.2893560390625;A — activité attestée;MJ129;"Chantiers navals, grands clans, forge/cuir, administration/shamans ; extérieur population d’arrivants et zone impériale. Professions des résidents ; lieu de travail et commanditaires peuvent être extérieurs au quartier. Visiteurs exclus du stock. activité/institution locale Budget civil 2,00 % ; coefficient 1,500000 ; part de filière 7,812 %. Apprentissage, audition et réseau ; accès au mérite notamment Mustardseed.";0.00045108287545713317;9.28156069649016e-05;0.0026908096955877325;0.08327885612095527;0.0011176224979099507
Compositeur;Artiste du spectacle;0.087631186796875;0.1455474136275495;26.2893560390625;A — activité attestée;PG28;"Chantiers navals, grands clans, forge/cuir, administration/shamans ; extérieur population d’arrivants et zone impériale. Professions des résidents ; lieu de travail et commanditaires peuvent être extérieurs au quartier. Visiteurs exclus du stock. activité/institution locale Budget civil 2,00 % ; coefficient 1,500000 ; part de filière 7,812 %. Apprentissage, audition et réseau ; accès au mérite notamment Mustardseed.";0.00045108287545713317;9.28156069649016e-05;0.0026908096955877325;0.08327885612095527;0.0011176224979099507
Crieur public;Artiste du spectacle;0.087631186796875;0.1455474136275495;26.2893560390625;P — activité proposée;MJ129;"Chantiers navals, grands clans, forge/cuir, administration/shamans ; extérieur population d’arrivants et zone impériale. Professions des résidents ; lieu de travail et commanditaires peuvent être extérieurs au quartier. Visiteurs exclus du stock. activité/institution locale Budget civil 2,00 % ; coefficient 1,500000 ; part de filière 7,812 %. Apprentissage, audition et réseau ; accès au mérite notamment Mustardseed.";0.00045108287545713317;9.28156069649016e-05;0.0026908096955877325;0.08327885612095527;0.0011176224979099507
Joueur professionnel;Professionnel du jeu;0.023368316479166668;0.038812643634013204;7.01049494375;P — activité proposée;SB99;"Chantiers navals, grands clans, forge/cuir, administration/shamans ; extérieur population d’arrivants et zone impériale. Professions des résidents ; lieu de travail et commanditaires peuvent être extérieurs au quartier. Visiteurs exclus du stock. activité/institution locale Budget civil 2,00 % ; coefficient 0,400000 ; part de filière 2,083 %. Apprentissage, audition et réseau ; accès au mérite notamment Mustardseed.";0.00012028876678856885;2.475082852397376e-05;0.0007175492521567286;0.02220769496558808;0.00029803266610932015
Croupier;Professionnel du jeu;0.023368316479166668;0.038812643634013204;7.01049494375;D — activité déduite;SB99;"Chantiers navals, grands clans, forge/cuir, administration/shamans ; extérieur population d’arrivants et zone impériale. Professions des résidents ; lieu de travail et commanditaires peuvent être extérieurs au quartier. Visiteurs exclus du stock. activité/institution locale Budget civil 2,00 % ; coefficient 0,400000 ; part de filière 2,083 %. Apprentissage, audition et réseau ; accès au mérite notamment Mustardseed.";0.00012028876678856885;2.475082852397376e-05;0.0007175492521567286;0.02220769496558808;0.00029803266610932015
Preneur de paris;Professionnel du jeu;0.023368316479166668;0.038812643634013204;7.01049494375;D — activité déduite;SB99;"Chantiers navals, grands clans, forge/cuir, administration/shamans ; extérieur population d’arrivants et zone impériale. Professions des résidents ; lieu de travail et commanditaires peuvent être extérieurs au quartier. Visiteurs exclus du stock. activité/institution locale Budget civil 2,00 % ; coefficient 0,400000 ; part de filière 2,083 %. Apprentissage, audition et réseau ; accès au mérite notamment Mustardseed.";0.00012028876678856885;2.475082852397376e-05;0.0007175492521567286;0.02220769496558808;0.00029803266610932015
Maître-chanteur;Opérateur d’activités illicites;0;0;0.0;A — activité attestée;BR42;"Chantiers navals, grands clans, forge/cuir, administration/shamans ; extérieur population d’arrivants et zone impériale. Professions des résidents ; lieu de travail et commanditaires peuvent être extérieurs au quartier. Visiteurs exclus du stock. activité/institution locale Budget civil 0,00 % ; coefficient 0,000000 ; part de filière 0,000 %. Zéro proposé : Budget local de cette filière nul ou coefficient non retenu ; aucune interdiction universelle. Réseaux, exclusion, dettes et compétences ; statut légal distinct de noblesse.";0;0;0;0;0
Cambrioleur;Opérateur d’activités illicites;0;0;0.0;A — activité attestée;BR42;"Chantiers navals, grands clans, forge/cuir, administration/shamans ; extérieur population d’arrivants et zone impériale. Professions des résidents ; lieu de travail et commanditaires peuvent être extérieurs au quartier. Visiteurs exclus du stock. activité/institution locale Budget civil 0,00 % ; coefficient 0,000000 ; part de filière 0,000 %. Zéro proposé : Budget local de cette filière nul ou coefficient non retenu ; aucune interdiction universelle. Réseaux, exclusion, dettes et compétences ; statut légal distinct de noblesse.";0;0;0;0;0
Homme de main;Opérateur d’activités illicites;0;0;0.0;A — activité attestée;BR42;"Chantiers navals, grands clans, forge/cuir, administration/shamans ; extérieur population d’arrivants et zone impériale. Professions des résidents ; lieu de travail et commanditaires peuvent être extérieurs au quartier. Visiteurs exclus du stock. activité/institution locale Budget civil 0,00 % ; coefficient 0,000000 ; part de filière 0,000 %. Zéro proposé : Budget local de cette filière nul ou coefficient non retenu ; aucune interdiction universelle. Réseaux, exclusion, dettes et compétences ; statut légal distinct de noblesse.";0;0;0;0;0
Receleur;Opérateur d’activités illicites;0;0;0.0;A — activité attestée;BR42;"Chantiers navals, grands clans, forge/cuir, administration/shamans ; extérieur population d’arrivants et zone impériale. Professions des résidents ; lieu de travail et commanditaires peuvent être extérieurs au quartier. Visiteurs exclus du stock. activité/institution locale Budget civil 0,00 % ; coefficient 0,000000 ; part de filière 0,000 %. Zéro proposé : Budget local de cette filière nul ou coefficient non retenu ; aucune interdiction universelle. Réseaux, exclusion, dettes et compétences ; statut légal distinct de noblesse.";0;0;0;0;0
Voleur de grand chemin;Opérateur d’activités illicites;0;0;0.0;A — activité attestée;BR42;"Chantiers navals, grands clans, forge/cuir, administration/shamans ; extérieur population d’arrivants et zone impériale. Professions des résidents ; lieu de travail et commanditaires peuvent être extérieurs au quartier. Visiteurs exclus du stock. activité/institution locale Budget civil 0,00 % ; coefficient 0,000000 ; part de filière 0,000 %. Zéro proposé : Budget local de cette filière nul ou coefficient non retenu ; aucune interdiction universelle. Réseaux, exclusion, dettes et compétences ; statut légal distinct de noblesse.";0;0;0;0;0
Tueur à gages;Opérateur d’activités illicites;0;0;0.0;A — activité attestée;BR42;"Chantiers navals, grands clans, forge/cuir, administration/shamans ; extérieur population d’arrivants et zone impériale. Professions des résidents ; lieu de travail et commanditaires peuvent être extérieurs au quartier. Visiteurs exclus du stock. activité/institution locale Budget civil 0,00 % ; coefficient 0,000000 ; part de filière 0,000 %. Zéro proposé : Budget local de cette filière nul ou coefficient non retenu ; aucune interdiction universelle. Réseaux, exclusion, dettes et compétences ; statut légal distinct de noblesse.";0;0;0;0;0
Pickpocket;Opérateur d’activités illicites;0;0;0.0;A — activité attestée;BR42;"Chantiers navals, grands clans, forge/cuir, administration/shamans ; extérieur population d’arrivants et zone impériale. Professions des résidents ; lieu de travail et commanditaires peuvent être extérieurs au quartier. Visiteurs exclus du stock. activité/institution locale Budget civil 0,00 % ; coefficient 0,000000 ; part de filière 0,000 %. Zéro proposé : Budget local de cette filière nul ou coefficient non retenu ; aucune interdiction universelle. Réseaux, exclusion, dettes et compétences ; statut légal distinct de noblesse.";0;0;0;0;0
Contrebandier;Opérateur d’activités illicites;0;0;0.0;A — activité attestée;BR42;"Chantiers navals, grands clans, forge/cuir, administration/shamans ; extérieur population d’arrivants et zone impériale. Professions des résidents ; lieu de travail et commanditaires peuvent être extérieurs au quartier. Visiteurs exclus du stock. activité/institution locale Budget civil 0,00 % ; coefficient 0,000000 ; part de filière 0,000 %. Zéro proposé : Budget local de cette filière nul ou coefficient non retenu ; aucune interdiction universelle. Réseaux, exclusion, dettes et compétences ; statut légal distinct de noblesse.";0;0;0;0;0
Pirate;Opérateur d’activités illicites;0;0;0.0;A — activité attestée;MJ136;"Chantiers navals, grands clans, forge/cuir, administration/shamans ; extérieur population d’arrivants et zone impériale. Professions des résidents ; lieu de travail et commanditaires peuvent être extérieurs au quartier. Visiteurs exclus du stock. activité/institution locale Budget civil 0,00 % ; coefficient 0,000000 ; part de filière 0,000 %. Zéro proposé : Budget local de cette filière nul ou coefficient non retenu ; aucune interdiction universelle. Réseaux, exclusion, dettes et compétences ; statut légal distinct de noblesse.";0;0;0;0;0
Cultivateur de tubercules;Agriculteur;0;0;0.0;A — activité attestée;"SB120; SB168";"Chantiers navals, grands clans, forge/cuir, administration/shamans ; extérieur population d’arrivants et zone impériale. Professions des résidents ; lieu de travail et commanditaires peuvent être extérieurs au quartier. Visiteurs exclus du stock. activité/institution locale Budget civil 14,00 % ; coefficient 0,000000 ; part de filière 0,000 %. Zéro proposé : Climat, matière ou culture hors filière régionale retenue ; aucun établissement exceptionnel proposé. Transmission familiale, terre/eau, droits d’usage et outils ; les tâches saisonnières restent secondaires.";0;0;0;0;0
Cartographe;Cartographe;0.014186020593740512;0.023561687140812703;4.255806178122154;A — activité attestée;MJ128;"Chantiers navals, grands clans, forge/cuir, administration/shamans ; extérieur population d’arrivants et zone impériale. Professions des résidents ; lieu de travail et commanditaires peuvent être extérieurs au quartier. Visiteurs exclus du stock. activité/institution locale Budget civil 1,00 % ; coefficient 0,750000 ; part de filière 2,529 %. Long apprentissage, frais, bourses, talent, licence ou secret ; titre ne donne pas maîtrise.";0.00025975656879578476;5.3447969115360753e-05;0.0010330038105155568;0.012788325513972593;5.14867313412169e-05
Sans métier actif;Statut;3.2699700000000003;5.4311221100186025;980.9910000000001;P;;Personnes productives occupées + personnes sans emploi disponibles recherchant une activité. Inclut aide familiale, subsistance, apprentissage productif et travail partiel.;0.007920000000000002;0.0025799999999999985;0.02912;2.76635;0.46399999999999997
Hors activité;Statut;39.792;0;11937.6;P;;"Tous habitants recensés dans les catégories sources; enfants, étudiants et retraités ne sont exclus de l’activité que sans contribution productive. Pas de seuil humain de 18 ans imposé.";0.804;0.17099999999999993;1.3439999999999999;35.373000000000005;2.1
