Métier;Base;% habitants;% actifs;Effectif attendu;Appui activité;Références;Justification proposée;Nobles de milieu privilégié / % de tous habitants;Autres nobles, dont maisons modestes / % de tous habitants;Peuple de milieu privilégié / % de tous habitants;Peuple ordinaire / % de tous habitants;Peuple précaire / % de tous habitants
Agriculteur généraliste;Agriculteur;0.13127711677852344;0.17758389261744967;2.888096569127516;A — activité attestée;"SB90; SB198";"Garnison de centaines de soldats, prisonniers, clergé/étude/psychosurgery ; effectif résident non fourni. Professions des résidents ; lieu de travail et commanditaires peuvent être extérieurs au quartier. Visiteurs exclus du stock. activité/institution locale Budget civil 3,00 % ; coefficient 5,000000 ; part de filière 13,423 %. Transmission familiale, terre/eau, droits d’usage et outils ; les tâches saisonnières restent secondaires.";8.834021066568995e-06;7.957628547189433e-06;0.0005644378741167943;0.11854892169960557;0.012146965555187324
Céréalier;Agriculteur;0.36757592697986563;0.497234899328859;8.086670393557043;D — activité déduite;"SB90; SB198";"Garnison de centaines de soldats, prisonniers, clergé/étude/psychosurgery ; effectif résident non fourni. Professions des résidents ; lieu de travail et commanditaires peuvent être extérieurs au quartier. Visiteurs exclus du stock. activité/institution locale Budget civil 3,00 % ; coefficient 14,000000 ; part de filière 37,584 %. Transmission familiale, terre/eau, droits d’usage et outils ; les tâches saisonnières restent secondaires.";2.4735258986393173e-05;2.2281359932130405e-05;0.001580426047527024;0.3319369807588956;0.034011503554524466
Riziculteur;Agriculteur;0;0;0.0;A — activité attestée;SB198;"Garnison de centaines de soldats, prisonniers, clergé/étude/psychosurgery ; effectif résident non fourni. Professions des résidents ; lieu de travail et commanditaires peuvent être extérieurs au quartier. Visiteurs exclus du stock. activité/institution locale Budget civil 3,00 % ; coefficient 0,000000 ; part de filière 0,000 %. Zéro proposé : Climat, matière ou culture hors filière régionale retenue ; aucun établissement exceptionnel proposé. Transmission familiale, terre/eau, droits d’usage et outils ; les tâches saisonnières restent secondaires.";0;0;0;0;0
Vigneron;Agriculteur;0.06973365561497322;0.09433155080213901;1.5341404235294107;A — activité attestée;MJ128;"Garnison de centaines de soldats, prisonniers, clergé/étude/psychosurgery ; effectif résident non fourni. Professions des résidents ; lieu de travail et commanditaires peuvent être extérieurs au quartier. Visiteurs exclus du stock. activité/institution locale Budget civil 2,00 % ; coefficient 1,000000 ; part de filière 10,695 %. Savoir-faire de terrain et sécurité ; procédé spécialisé distinct du rang social.";2.803714065192035e-06;6.313918349074614e-07;0.0005971317759916312;0.06270781196880708;0.006425276764274414
Cultivateur d’épices;Agriculteur;0;0;0.0;A — activité attestée;SB182;"Garnison de centaines de soldats, prisonniers, clergé/étude/psychosurgery ; effectif résident non fourni. Professions des résidents ; lieu de travail et commanditaires peuvent être extérieurs au quartier. Visiteurs exclus du stock. activité/institution locale Budget civil 2,00 % ; coefficient 0,000000 ; part de filière 0,000 %. Zéro proposé : Climat, matière ou culture hors filière régionale retenue ; aucun établissement exceptionnel proposé. Savoir-faire de terrain et sécurité ; procédé spécialisé distinct du rang social.";0;0;0;0;0
Cultivateur d’herbes pour thé;Agriculteur;0;0;0.0;D — activité déduite;SB198;"Garnison de centaines de soldats, prisonniers, clergé/étude/psychosurgery ; effectif résident non fourni. Professions des résidents ; lieu de travail et commanditaires peuvent être extérieurs au quartier. Visiteurs exclus du stock. activité/institution locale Budget civil 2,00 % ; coefficient 0,000000 ; part de filière 0,000 %. Zéro proposé : Climat, matière ou culture hors filière régionale retenue ; aucun établissement exceptionnel proposé. Savoir-faire de terrain et sécurité ; procédé spécialisé distinct du rang social.";0;0;0;0;0
Maraîcher;Agriculteur;0.15753254013422813;0.21310067114093958;3.4657158829530186;D — activité déduite;"SB90; SB198";"Garnison de centaines de soldats, prisonniers, clergé/étude/psychosurgery ; effectif résident non fourni. Professions des résidents ; lieu de travail et commanditaires peuvent être extérieurs au quartier. Visiteurs exclus du stock. activité/institution locale Budget civil 3,00 % ; coefficient 6,000000 ; part de filière 16,107 %. Transmission familiale, terre/eau, droits d’usage et outils ; les tâches saisonnières restent secondaires.";1.0600825279882796e-05;9.549154256627316e-06;0.0006773254489401532;0.14225870603952667;0.01457635866622478
Jardinier;Horticulteur;0.06973365561497322;0.09433155080213901;1.5341404235294107;A — activité attestée;"SB29; SB161";"Garnison de centaines de soldats, prisonniers, clergé/étude/psychosurgery ; effectif résident non fourni. Professions des résidents ; lieu de travail et commanditaires peuvent être extérieurs au quartier. Visiteurs exclus du stock. activité/institution locale Budget civil 2,00 % ; coefficient 1,000000 ; part de filière 10,695 %. Savoir-faire de terrain et sécurité ; procédé spécialisé distinct du rang social.";2.803714065192035e-06;6.313918349074614e-07;0.0005971317759916312;0.06270781196880708;0.006425276764274414
Fleuriste;Horticulteur;0.06973365561497322;0.09433155080213901;1.5341404235294107;A — activité attestée;"SB29; SB161";"Garnison de centaines de soldats, prisonniers, clergé/étude/psychosurgery ; effectif résident non fourni. Professions des résidents ; lieu de travail et commanditaires peuvent être extérieurs au quartier. Visiteurs exclus du stock. activité/institution locale Budget civil 2,00 % ; coefficient 1,000000 ; part de filière 10,695 %. Savoir-faire de terrain et sécurité ; procédé spécialisé distinct du rang social.";2.803714065192035e-06;6.313918349074614e-07;0.0005971317759916312;0.06270781196880708;0.006425276764274414
Arboriculteur de verger;Horticulteur;0.026255423355704684;0.03551677852348993;0.5776193138255031;D — activité déduite;"SB29; SB161";"Garnison de centaines de soldats, prisonniers, clergé/étude/psychosurgery ; effectif résident non fourni. Professions des résidents ; lieu de travail et commanditaires peuvent être extérieurs au quartier. Visiteurs exclus du stock. activité/institution locale Budget civil 3,00 % ; coefficient 1,000000 ; part de filière 2,685 %. Transmission familiale, terre/eau, droits d’usage et outils ; les tâches saisonnières restent secondaires.";1.7668042133137996e-06;1.5915257094378863e-06;0.0001128875748233589;0.02370978433992111;0.0024293931110374646
Jardinier de roses magiques;Horticulteur;0;0;0.0;A — activité attestée;SB157;"Garnison de centaines de soldats, prisonniers, clergé/étude/psychosurgery ; effectif résident non fourni. Professions des résidents ; lieu de travail et commanditaires peuvent être extérieurs au quartier. Visiteurs exclus du stock. activité/institution locale Budget civil 2,00 % ; coefficient 0,000000 ; part de filière 0,000 %. Zéro proposé : Filière régionale non retenue dans ce scénario, sans interdiction universelle. Savoir-faire de terrain et sécurité ; procédé spécialisé distinct du rang social.";0;0;0;0;0
Arboriculteur de breithwood;Horticulteur;0;0;0.0;D — activité déduite;SB152;"Garnison de centaines de soldats, prisonniers, clergé/étude/psychosurgery ; effectif résident non fourni. Professions des résidents ; lieu de travail et commanditaires peuvent être extérieurs au quartier. Visiteurs exclus du stock. activité/institution locale Budget civil 2,00 % ; coefficient 0,000000 ; part de filière 0,000 %. Zéro proposé : Filière régionale non retenue dans ce scénario, sans interdiction universelle. Savoir-faire de terrain et sécurité ; procédé spécialisé distinct du rang social.";0;0;0;0;0
Éleveur généraliste;Éleveur;0.06563855838926172;0.08879194630872483;1.444048284563758;A — activité attestée;"SB120; SB182";"Garnison de centaines de soldats, prisonniers, clergé/étude/psychosurgery ; effectif résident non fourni. Professions des résidents ; lieu de travail et commanditaires peuvent être extérieurs au quartier. Visiteurs exclus du stock. activité/institution locale Budget civil 3,00 % ; coefficient 2,500000 ; part de filière 6,711 %. Transmission familiale, terre/eau, droits d’usage et outils ; les tâches saisonnières restent secondaires.";4.417010533284497e-06;3.9788142735947166e-06;0.00028221893705839717;0.059274460849802785;0.006073482777593662
Berger;Éleveur;0.026255423355704684;0.03551677852348993;0.5776193138255031;A — activité attestée;MJ135;"Garnison de centaines de soldats, prisonniers, clergé/étude/psychosurgery ; effectif résident non fourni. Professions des résidents ; lieu de travail et commanditaires peuvent être extérieurs au quartier. Visiteurs exclus du stock. activité/institution locale Budget civil 3,00 % ; coefficient 1,000000 ; part de filière 2,685 %. Transmission familiale, terre/eau, droits d’usage et outils ; les tâches saisonnières restent secondaires.";1.7668042133137996e-06;1.5915257094378863e-06;0.0001128875748233589;0.02370978433992111;0.0024293931110374646
Éleveur de yaks;Éleveur;0;0;0.0;A — activité attestée;SB120;"Garnison de centaines de soldats, prisonniers, clergé/étude/psychosurgery ; effectif résident non fourni. Professions des résidents ; lieu de travail et commanditaires peuvent être extérieurs au quartier. Visiteurs exclus du stock. activité/institution locale Budget civil 3,00 % ; coefficient 0,000000 ; part de filière 0,000 %. Zéro proposé : Climat, matière ou culture hors filière régionale retenue ; aucun établissement exceptionnel proposé. Transmission familiale, terre/eau, droits d’usage et outils ; les tâches saisonnières restent secondaires.";0;0;0;0;0
Éleveur de chevaux;Éleveur;0.06973365561497322;0.09433155080213901;1.5341404235294107;A — activité attestée;SB182;"Garnison de centaines de soldats, prisonniers, clergé/étude/psychosurgery ; effectif résident non fourni. Professions des résidents ; lieu de travail et commanditaires peuvent être extérieurs au quartier. Visiteurs exclus du stock. activité/institution locale Budget civil 2,00 % ; coefficient 1,000000 ; part de filière 10,695 %. Savoir-faire de terrain et sécurité ; procédé spécialisé distinct du rang social.";2.803714065192035e-06;6.313918349074614e-07;0.0005971317759916312;0.06270781196880708;0.006425276764274414
Éleveur de chameaux;Éleveur;0;0;0.0;A — activité attestée;SB182;"Garnison de centaines de soldats, prisonniers, clergé/étude/psychosurgery ; effectif résident non fourni. Professions des résidents ; lieu de travail et commanditaires peuvent être extérieurs au quartier. Visiteurs exclus du stock. activité/institution locale Budget civil 2,00 % ; coefficient 0,000000 ; part de filière 0,000 %. Zéro proposé : Climat, matière ou culture hors filière régionale retenue ; aucun établissement exceptionnel proposé. Savoir-faire de terrain et sécurité ; procédé spécialisé distinct du rang social.";0;0;0;0;0
Éleveur de vers à soie;Éleveur;0;0;0.0;A — activité attestée;SB198;"Garnison de centaines de soldats, prisonniers, clergé/étude/psychosurgery ; effectif résident non fourni. Professions des résidents ; lieu de travail et commanditaires peuvent être extérieurs au quartier. Visiteurs exclus du stock. activité/institution locale Budget civil 2,00 % ; coefficient 0,000000 ; part de filière 0,000 %. Zéro proposé : Climat, matière ou culture hors filière régionale retenue ; aucun établissement exceptionnel proposé. Savoir-faire de terrain et sécurité ; procédé spécialisé distinct du rang social.";0;0;0;0;0
Éleveur de loups géants;Éleveur;0;0;0.0;A — activité attestée;SB191;"Garnison de centaines de soldats, prisonniers, clergé/étude/psychosurgery ; effectif résident non fourni. Professions des résidents ; lieu de travail et commanditaires peuvent être extérieurs au quartier. Visiteurs exclus du stock. activité/institution locale Budget civil 2,00 % ; coefficient 0,000000 ; part de filière 0,000 %. Zéro proposé : Filière régionale non retenue dans ce scénario, sans interdiction universelle. Savoir-faire de terrain et sécurité ; procédé spécialisé distinct du rang social.";0;0;0;0;0
Éleveur de montures volantes;Éleveur;0;0;0.0;A — activité attestée;"SB124; SB107";"Garnison de centaines de soldats, prisonniers, clergé/étude/psychosurgery ; effectif résident non fourni. Professions des résidents ; lieu de travail et commanditaires peuvent être extérieurs au quartier. Visiteurs exclus du stock. activité/institution locale Budget civil 2,00 % ; coefficient 0,000000 ; part de filière 0,000 %. Zéro proposé : Climat, matière ou culture hors filière régionale retenue ; aucun établissement exceptionnel proposé. Savoir-faire de terrain et sécurité ; procédé spécialisé distinct du rang social.";0;0;0;0;0
Apiculteur;Éleveur;0.026255423355704684;0.03551677852348993;0.5776193138255031;P — activité proposée;SB152;"Garnison de centaines de soldats, prisonniers, clergé/étude/psychosurgery ; effectif résident non fourni. Professions des résidents ; lieu de travail et commanditaires peuvent être extérieurs au quartier. Visiteurs exclus du stock. activité/institution locale Budget civil 3,00 % ; coefficient 1,000000 ; part de filière 2,685 %. Transmission familiale, terre/eau, droits d’usage et outils ; les tâches saisonnières restent secondaires.";1.7668042133137996e-06;1.5915257094378863e-06;0.0001128875748233589;0.02370978433992111;0.0024293931110374646
Chasseur de gibier;Chasseur;0.03281927919463086;0.04439597315436242;0.722024142281879;A — activité attestée;"MJ139; PG20";"Garnison de centaines de soldats, prisonniers, clergé/étude/psychosurgery ; effectif résident non fourni. Professions des résidents ; lieu de travail et commanditaires peuvent être extérieurs au quartier. Visiteurs exclus du stock. activité/institution locale Budget civil 3,00 % ; coefficient 1,250000 ; part de filière 3,356 %. Transmission familiale, terre/eau, droits d’usage et outils ; les tâches saisonnières restent secondaires.";2.2085052666422487e-06;1.9894071367973583e-06;0.00014110946852919859;0.029637230424901392;0.003036741388796831
Trappeur;Chasseur;0.013127711677852342;0.017758389261744965;0.28880965691275157;A — activité attestée;MJ140;"Garnison de centaines de soldats, prisonniers, clergé/étude/psychosurgery ; effectif résident non fourni. Professions des résidents ; lieu de travail et commanditaires peuvent être extérieurs au quartier. Visiteurs exclus du stock. activité/institution locale Budget civil 3,00 % ; coefficient 0,500000 ; part de filière 1,342 %. Transmission familiale, terre/eau, droits d’usage et outils ; les tâches saisonnières restent secondaires.";8.834021066568998e-07;7.957628547189431e-07;5.644378741167945e-05;0.011854892169960555;0.0012146965555187323
Chasseur de monstres;Chasseur;0.034016713157803184;0.046015790755104154;0.74836768947167;A — activité attestée;PG58;"Garnison de centaines de soldats, prisonniers, clergé/étude/psychosurgery ; effectif résident non fourni. Professions des résidents ; lieu de travail et commanditaires peuvent être extérieurs au quartier. Visiteurs exclus du stock. activité/institution locale Budget civil 6,00 % ; coefficient 0,500000 ; part de filière 1,739 %. Long apprentissage, frais, bourses, talent, licence ou secret ; titre ne donne pas maîtrise.";0.00013427258816183554;3.0237967869048174e-05;0.0035746525488940164;0.030031379859845813;0.0002461701930324732
Chasseur de monstres marins;Chasseur;0;0;0.0;A — activité attestée;SB148;"Garnison de centaines de soldats, prisonniers, clergé/étude/psychosurgery ; effectif résident non fourni. Professions des résidents ; lieu de travail et commanditaires peuvent être extérieurs au quartier. Visiteurs exclus du stock. activité/institution locale Budget civil 6,00 % ; coefficient 0,000000 ; part de filière 0,000 %. Zéro proposé : Filière régionale non retenue dans ce scénario, sans interdiction universelle. Long apprentissage, frais, bourses, talent, licence ou secret ; titre ne donne pas maîtrise.";0;0;0;0;0
Chasseur de dragons;Chasseur;0;0;0.0;A — activité attestée;SB220;"Garnison de centaines de soldats, prisonniers, clergé/étude/psychosurgery ; effectif résident non fourni. Professions des résidents ; lieu de travail et commanditaires peuvent être extérieurs au quartier. Visiteurs exclus du stock. activité/institution locale Budget civil 6,00 % ; coefficient 0,000000 ; part de filière 0,000 %. Zéro proposé : Technique de site, institution, secret ou habilitation concentrée dans les implantations autorisées du scénario. Long apprentissage, frais, bourses, talent, licence ou secret ; titre ne donne pas maîtrise.";0;0;0;0;0
Cueilleur;Collecteur de ressources;0.02100433868456375;0.02841342281879194;0.4620954510604025;A — activité attestée;"MJ139; SB153";"Garnison de centaines de soldats, prisonniers, clergé/étude/psychosurgery ; effectif résident non fourni. Professions des résidents ; lieu de travail et commanditaires peuvent être extérieurs au quartier. Visiteurs exclus du stock. activité/institution locale Budget civil 3,00 % ; coefficient 0,800000 ; part de filière 2,148 %. Transmission familiale, terre/eau, droits d’usage et outils ; les tâches saisonnières restent secondaires.";1.4134433706510396e-06;1.2732205675503087e-06;9.031005985868709e-05;0.018967827471936892;0.0019435144888299701
Herboriste de collecte;Collecteur de ressources;0.055786924491978584;0.07546524064171121;1.2273123388235287;D — activité déduite;BR55;"Garnison de centaines de soldats, prisonniers, clergé/étude/psychosurgery ; effectif résident non fourni. Professions des résidents ; lieu de travail et commanditaires peuvent être extérieurs au quartier. Visiteurs exclus du stock. activité/institution locale Budget civil 2,00 % ; coefficient 0,800000 ; part de filière 8,556 %. Savoir-faire de terrain et sécurité ; procédé spécialisé distinct du rang social.";2.2429712521536283e-06;5.051134679259692e-07;0.00047770542079330486;0.05016624957504567;0.0051402214114195325
Collecteur de composants de créatures;Collecteur de ressources;0.055786924491978584;0.07546524064171121;1.2273123388235287;A — activité attestée;"SB104; SB139";"Garnison de centaines de soldats, prisonniers, clergé/étude/psychosurgery ; effectif résident non fourni. Professions des résidents ; lieu de travail et commanditaires peuvent être extérieurs au quartier. Visiteurs exclus du stock. activité/institution locale Budget civil 2,00 % ; coefficient 0,800000 ; part de filière 8,556 %. Savoir-faire de terrain et sécurité ; procédé spécialisé distinct du rang social.";2.2429712521536283e-06;5.051134679259692e-07;0.00047770542079330486;0.05016624957504567;0.0051402214114195325
Collecteur de perles;Collecteur de ressources;0;0;0.0;D — activité déduite;SB149;"Garnison de centaines de soldats, prisonniers, clergé/étude/psychosurgery ; effectif résident non fourni. Professions des résidents ; lieu de travail et commanditaires peuvent être extérieurs au quartier. Visiteurs exclus du stock. activité/institution locale Budget civil 2,00 % ; coefficient 0,000000 ; part de filière 0,000 %. Zéro proposé : Filière régionale non retenue dans ce scénario, sans interdiction universelle. Savoir-faire de terrain et sécurité ; procédé spécialisé distinct du rang social.";0;0;0;0;0
Récupérateur de reliques penumbrales;Collecteur de ressources;0;0;0.0;A — activité attestée;PG8;"Garnison de centaines de soldats, prisonniers, clergé/étude/psychosurgery ; effectif résident non fourni. Professions des résidents ; lieu de travail et commanditaires peuvent être extérieurs au quartier. Visiteurs exclus du stock. activité/institution locale Budget civil 2,00 % ; coefficient 0,000000 ; part de filière 0,000 %. Zéro proposé : Filière régionale non retenue dans ce scénario, sans interdiction universelle. Savoir-faire de terrain et sécurité ; procédé spécialisé distinct du rang social.";0;0;0;0;0
Bûcheron;Travailleur forestier;0.03486682780748661;0.047165775401069504;0.7670702117647054;A — activité attestée;"MJ135; SB107";"Garnison de centaines de soldats, prisonniers, clergé/étude/psychosurgery ; effectif résident non fourni. Professions des résidents ; lieu de travail et commanditaires peuvent être extérieurs au quartier. Visiteurs exclus du stock. activité/institution locale Budget civil 2,00 % ; coefficient 0,500000 ; part de filière 5,348 %. Savoir-faire de terrain et sécurité ; procédé spécialisé distinct du rang social.";1.4018570325960176e-06;3.156959174537307e-07;0.0002985658879958156;0.03135390598440354;0.003212638382137207
Forestier;Travailleur forestier;0.03486682780748661;0.047165775401069504;0.7670702117647054;A — activité attestée;MJ140;"Garnison de centaines de soldats, prisonniers, clergé/étude/psychosurgery ; effectif résident non fourni. Professions des résidents ; lieu de travail et commanditaires peuvent être extérieurs au quartier. Visiteurs exclus du stock. activité/institution locale Budget civil 2,00 % ; coefficient 0,500000 ; part de filière 5,348 %. Savoir-faire de terrain et sécurité ; procédé spécialisé distinct du rang social.";1.4018570325960176e-06;3.156959174537307e-07;0.0002985658879958156;0.03135390598440354;0.003212638382137207
Scieur;Travailleur forestier;0.03486682780748661;0.047165775401069504;0.7670702117647054;D — activité déduite;SB99;"Garnison de centaines de soldats, prisonniers, clergé/étude/psychosurgery ; effectif résident non fourni. Professions des résidents ; lieu de travail et commanditaires peuvent être extérieurs au quartier. Visiteurs exclus du stock. activité/institution locale Budget civil 2,00 % ; coefficient 0,500000 ; part de filière 5,348 %. Savoir-faire de terrain et sécurité ; procédé spécialisé distinct du rang social.";1.4018570325960176e-06;3.156959174537307e-07;0.0002985658879958156;0.03135390598440354;0.003212638382137207
Pêcheur maritime;Pêcheur;0.005251084671140938;0.007103355704697985;0.11552386276510063;A — activité attestée;"SB110; SB168";"Garnison de centaines de soldats, prisonniers, clergé/étude/psychosurgery ; effectif résident non fourni. Professions des résidents ; lieu de travail et commanditaires peuvent être extérieurs au quartier. Visiteurs exclus du stock. activité/institution locale Budget civil 3,00 % ; coefficient 0,200000 ; part de filière 0,537 %. Transmission familiale, terre/eau, droits d’usage et outils ; les tâches saisonnières restent secondaires.";3.533608426627599e-07;3.183051418875772e-07;2.2577514964671773e-05;0.004741956867984223;0.00048587862220749253
Pêcheur d’eau douce;Pêcheur;0.10502169342281874;0.14206711409395972;2.3104772553020125;A — activité attestée;SB138;"Garnison de centaines de soldats, prisonniers, clergé/étude/psychosurgery ; effectif résident non fourni. Professions des résidents ; lieu de travail et commanditaires peuvent être extérieurs au quartier. Visiteurs exclus du stock. activité/institution locale Budget civil 3,00 % ; coefficient 4,000000 ; part de filière 10,738 %. Transmission familiale, terre/eau, droits d’usage et outils ; les tâches saisonnières restent secondaires.";7.067216853255198e-06;6.366102837751545e-06;0.0004515502992934356;0.09483913735968444;0.009717572444149858
Cultivateur marin;Pêcheur;0;0;0.0;P — activité proposée;SB149;"Garnison de centaines de soldats, prisonniers, clergé/étude/psychosurgery ; effectif résident non fourni. Professions des résidents ; lieu de travail et commanditaires peuvent être extérieurs au quartier. Visiteurs exclus du stock. activité/institution locale Budget civil 3,00 % ; coefficient 0,000000 ; part de filière 0,000 %. Zéro proposé : Filière régionale non retenue dans ce scénario, sans interdiction universelle. Transmission familiale, terre/eau, droits d’usage et outils ; les tâches saisonnières restent secondaires.";0;0;0;0;0
Mineur;Extracteur de ressources minérales;0.03486682780748661;0.047165775401069504;0.7670702117647054;A — activité attestée;"MJ135; SB160";"Garnison de centaines de soldats, prisonniers, clergé/étude/psychosurgery ; effectif résident non fourni. Professions des résidents ; lieu de travail et commanditaires peuvent être extérieurs au quartier. Visiteurs exclus du stock. activité/institution locale Budget civil 2,00 % ; coefficient 0,500000 ; part de filière 5,348 %. Savoir-faire de terrain et sécurité ; procédé spécialisé distinct du rang social.";1.4018570325960176e-06;3.156959174537307e-07;0.0002985658879958156;0.03135390598440354;0.003212638382137207
Carrier;Extracteur de ressources minérales;0.03486682780748661;0.047165775401069504;0.7670702117647054;D — activité déduite;"MJ135; SB160";"Garnison de centaines de soldats, prisonniers, clergé/étude/psychosurgery ; effectif résident non fourni. Professions des résidents ; lieu de travail et commanditaires peuvent être extérieurs au quartier. Visiteurs exclus du stock. activité/institution locale Budget civil 2,00 % ; coefficient 0,500000 ; part de filière 5,348 %. Savoir-faire de terrain et sécurité ; procédé spécialisé distinct du rang social.";1.4018570325960176e-06;3.156959174537307e-07;0.0002985658879958156;0.03135390598440354;0.003212638382137207
Salinier;Extracteur de ressources minérales;0;0;0.0;P — activité proposée;SB120;"Garnison de centaines de soldats, prisonniers, clergé/étude/psychosurgery ; effectif résident non fourni. Professions des résidents ; lieu de travail et commanditaires peuvent être extérieurs au quartier. Visiteurs exclus du stock. activité/institution locale Budget civil 2,00 % ; coefficient 0,000000 ; part de filière 0,000 %. Zéro proposé : Climat, matière ou culture hors filière régionale retenue ; aucun établissement exceptionnel proposé. Savoir-faire de terrain et sécurité ; procédé spécialisé distinct du rang social.";0;0;0;0;0
Mineur de bauronite;Extracteur de ressources minérales;0;0;0.0;A — activité attestée;"SB174; SB182";"Garnison de centaines de soldats, prisonniers, clergé/étude/psychosurgery ; effectif résident non fourni. Professions des résidents ; lieu de travail et commanditaires peuvent être extérieurs au quartier. Visiteurs exclus du stock. activité/institution locale Budget civil 2,00 % ; coefficient 0,000000 ; part de filière 0,000 %. Zéro proposé : Climat, matière ou culture hors filière régionale retenue ; aucun établissement exceptionnel proposé. Savoir-faire de terrain et sécurité ; procédé spécialisé distinct du rang social.";0;0;0;0;0
Mineur de tameranium;Extracteur de ressources minérales;0;0;0.0;A — activité attestée;"SB168; SB198";"Garnison de centaines de soldats, prisonniers, clergé/étude/psychosurgery ; effectif résident non fourni. Professions des résidents ; lieu de travail et commanditaires peuvent être extérieurs au quartier. Visiteurs exclus du stock. activité/institution locale Budget civil 2,00 % ; coefficient 0,000000 ; part de filière 0,000 %. Zéro proposé : Climat, matière ou culture hors filière régionale retenue ; aucun établissement exceptionnel proposé. Savoir-faire de terrain et sécurité ; procédé spécialisé distinct du rang social.";0;0;0;0;0
Extracteur d’obsidienne;Extracteur de ressources minérales;0;0;0.0;A — activité attestée;SB190;"Garnison de centaines de soldats, prisonniers, clergé/étude/psychosurgery ; effectif résident non fourni. Professions des résidents ; lieu de travail et commanditaires peuvent être extérieurs au quartier. Visiteurs exclus du stock. activité/institution locale Budget civil 2,00 % ; coefficient 0,000000 ; part de filière 0,000 %. Zéro proposé : Filière régionale non retenue dans ce scénario, sans interdiction universelle. Savoir-faire de terrain et sécurité ; procédé spécialisé distinct du rang social.";0;0;0;0;0
Extracteur de soufre;Extracteur de ressources minérales;0;0;0.0;A — activité attestée;SB190;"Garnison de centaines de soldats, prisonniers, clergé/étude/psychosurgery ; effectif résident non fourni. Professions des résidents ; lieu de travail et commanditaires peuvent être extérieurs au quartier. Visiteurs exclus du stock. activité/institution locale Budget civil 2,00 % ; coefficient 0,000000 ; part de filière 0,000 %. Zéro proposé : Filière régionale non retenue dans ce scénario, sans interdiction universelle. Savoir-faire de terrain et sécurité ; procédé spécialisé distinct du rang social.";0;0;0;0;0
Prospecteur;Extracteur de ressources minérales;0.03486682780748661;0.047165775401069504;0.7670702117647054;D — activité déduite;SB104;"Garnison de centaines de soldats, prisonniers, clergé/étude/psychosurgery ; effectif résident non fourni. Professions des résidents ; lieu de travail et commanditaires peuvent être extérieurs au quartier. Visiteurs exclus du stock. activité/institution locale Budget civil 2,00 % ; coefficient 0,500000 ; part de filière 5,348 %. Savoir-faire de terrain et sécurité ; procédé spécialisé distinct du rang social.";1.4018570325960176e-06;3.156959174537307e-07;0.0002985658879958156;0.03135390598440354;0.003212638382137207
Meunier;Meunier;0.12866884542891657;0.17405557792992346;2.8307145994361647;D — activité déduite;SB121;"Garnison de centaines de soldats, prisonniers, clergé/étude/psychosurgery ; effectif résident non fourni. Professions des résidents ; lieu de travail et commanditaires peuvent être extérieurs au quartier. Visiteurs exclus du stock. activité/institution locale Budget civil 28,00 % ; coefficient 1,750000 ; part de filière 1,410 %. Apprentissage, atelier, combustible et outils ; titre noble ne remplace pas qualification.";1.0002873191596067e-05;9.010522916295903e-06;0.005326000882250919;0.11186202955461942;0.011461801595938338
Boucher;Boucher;0.14705010906161892;0.19892066049134105;3.2351023993556165;D — activité déduite;SB99;"Garnison de centaines de soldats, prisonniers, clergé/étude/psychosurgery ; effectif résident non fourni. Professions des résidents ; lieu de travail et commanditaires peuvent être extérieurs au quartier. Visiteurs exclus du stock. activité/institution locale Budget civil 28,00 % ; coefficient 2,000000 ; part de filière 1,611 %. Apprentissage, atelier, combustible et outils ; titre noble ne remplace pas qualification.";1.1431855076109793e-05;1.029774047576675e-05;0.006086858151143909;0.12784231949099362;0.013099201823929528
Écorcheur;Boucher;0.05882004362464758;0.07956826419653644;1.2940409597422466;A — activité attestée;MJ128;"Garnison de centaines de soldats, prisonniers, clergé/étude/psychosurgery ; effectif résident non fourni. Professions des résidents ; lieu de travail et commanditaires peuvent être extérieurs au quartier. Visiteurs exclus du stock. activité/institution locale Budget civil 28,00 % ; coefficient 0,800000 ; part de filière 0,644 %. Apprentissage, atelier, combustible et outils ; titre noble ne remplace pas qualification.";4.572742030443917e-06;4.119096190306697e-06;0.002434743260457562;0.051136927796397454;0.005239680729571811
Boulanger;Boulanger;0.31248148175594026;0.42270640354409983;6.874592598630686;A — activité attestée;MJ128;"Garnison de centaines de soldats, prisonniers, clergé/étude/psychosurgery ; effectif résident non fourni. Professions des résidents ; lieu de travail et commanditaires peuvent être extérieurs au quartier. Visiteurs exclus du stock. activité/institution locale Budget civil 28,00 % ; coefficient 4,250000 ; part de filière 3,423 %. Apprentissage, atelier, combustible et outils ; titre noble ne remplace pas qualification.";2.4292692036733312e-05;2.188269851100434e-05;0.012934573571180802;0.27166492891836147;0.027835803875850246
Cuisinier;Cuisinier;0.5502294576550895;0.7443177556072312;12.105048068411968;A — activité attestée;MJ128;"Garnison de centaines de soldats, prisonniers, clergé/étude/psychosurgery ; effectif résident non fourni. Professions des résidents ; lieu de travail et commanditaires peuvent être extérieurs au quartier. Visiteurs exclus du stock. activité/institution locale Budget civil 15,00 % ; coefficient 7,500000 ; part de filière 11,252 %. Apprentissage et qualification variable ; soins avancés et thérapie magique exigent formation.";2.235558607032989e-05;5.034441523340751e-06;0.0023806334210823895;0.5000045850448414;0.047816849161572056
Cuisinier de haute cuisine;Cuisinier;0;0;0.0;A — activité attestée;"PG28; CC52";"Garnison de centaines de soldats, prisonniers, clergé/étude/psychosurgery ; effectif résident non fourni. Professions des résidents ; lieu de travail et commanditaires peuvent être extérieurs au quartier. Visiteurs exclus du stock. activité/institution locale Budget civil 15,00 % ; coefficient 0,000000 ; part de filière 0,000 %. Zéro proposé : Haute cuisine concentrée auprès de clientèle et maîtres attestés/proposés ; cuisine ordinaire conservée. Apprentissage et qualification variable ; soins avancés et thérapie magique exigent formation.";0;0;0;0;0
Poissonnier;Transformateur alimentaire;0.09558257089005232;0.12929842931937172;2.102816559581151;D — activité déduite;"SB120; SB149";"Garnison de centaines de soldats, prisonniers, clergé/étude/psychosurgery ; effectif résident non fourni. Professions des résidents ; lieu de travail et commanditaires peuvent être extérieurs au quartier. Visiteurs exclus du stock. activité/institution locale Budget civil 28,00 % ; coefficient 1,300000 ; part de filière 1,047 %. Apprentissage, atelier, combustible et outils ; titre noble ne remplace pas qualification.";7.430705799471362e-06;6.693531309248387e-06;0.003956457798243538;0.08309750766914586;0.008514481185554194
Saleur et sécheur alimentaire;Transformateur alimentaire;0.09558257089005232;0.12929842931937172;2.102816559581151;D — activité déduite;"SB120; SB149";"Garnison de centaines de soldats, prisonniers, clergé/étude/psychosurgery ; effectif résident non fourni. Professions des résidents ; lieu de travail et commanditaires peuvent être extérieurs au quartier. Visiteurs exclus du stock. activité/institution locale Budget civil 28,00 % ; coefficient 1,300000 ; part de filière 1,047 %. Apprentissage, atelier, combustible et outils ; titre noble ne remplace pas qualification.";7.430705799471362e-06;6.693531309248387e-06;0.003956457798243538;0.08309750766914586;0.008514481185554194
Fromager;Transformateur alimentaire;0.09558257089005232;0.12929842931937172;2.102816559581151;A — activité attestée;"SB120; SB149";"Garnison de centaines de soldats, prisonniers, clergé/étude/psychosurgery ; effectif résident non fourni. Professions des résidents ; lieu de travail et commanditaires peuvent être extérieurs au quartier. Visiteurs exclus du stock. activité/institution locale Budget civil 28,00 % ; coefficient 1,300000 ; part de filière 1,047 %. Apprentissage, atelier, combustible et outils ; titre noble ne remplace pas qualification.";7.430705799471362e-06;6.693531309248387e-06;0.003956457798243538;0.08309750766914586;0.008514481185554194
Huilier;Transformateur alimentaire;0.09558257089005232;0.12929842931937172;2.102816559581151;P — activité proposée;"SB120; SB149";"Garnison de centaines de soldats, prisonniers, clergé/étude/psychosurgery ; effectif résident non fourni. Professions des résidents ; lieu de travail et commanditaires peuvent être extérieurs au quartier. Visiteurs exclus du stock. activité/institution locale Budget civil 28,00 % ; coefficient 1,300000 ; part de filière 1,047 %. Apprentissage, atelier, combustible et outils ; titre noble ne remplace pas qualification.";7.430705799471362e-06;6.693531309248387e-06;0.003956457798243538;0.08309750766914586;0.008514481185554194
Brasseur;Fabricant de boissons;0.08823006543697136;0.11935239629480464;1.9410614396133699;A — activité attestée;"MJ128; SB120";"Garnison de centaines de soldats, prisonniers, clergé/étude/psychosurgery ; effectif résident non fourni. Professions des résidents ; lieu de travail et commanditaires peuvent être extérieurs au quartier. Visiteurs exclus du stock. activité/institution locale Budget civil 28,00 % ; coefficient 1,200000 ; part de filière 0,967 %. Apprentissage, atelier, combustible et outils ; titre noble ne remplace pas qualification.";6.859113045665871e-06;6.178644285460046e-06;0.0036521148906863412;0.07670539169459618;0.007859521094357712
Distillateur;Fabricant de boissons;0.08823006543697136;0.11935239629480464;1.9410614396133699;A — activité attestée;"MJ128; SB120";"Garnison de centaines de soldats, prisonniers, clergé/étude/psychosurgery ; effectif résident non fourni. Professions des résidents ; lieu de travail et commanditaires peuvent être extérieurs au quartier. Visiteurs exclus du stock. activité/institution locale Budget civil 28,00 % ; coefficient 1,200000 ; part de filière 0,967 %. Apprentissage, atelier, combustible et outils ; titre noble ne remplace pas qualification.";6.859113045665871e-06;6.178644285460046e-06;0.0036521148906863412;0.07670539169459618;0.007859521094357712
Distillateur de Highlandtuber;Fabricant de boissons;0;0;0.0;A — activité attestée;"SB120; SB121";"Garnison de centaines de soldats, prisonniers, clergé/étude/psychosurgery ; effectif résident non fourni. Professions des résidents ; lieu de travail et commanditaires peuvent être extérieurs au quartier. Visiteurs exclus du stock. activité/institution locale Budget civil 28,00 % ; coefficient 0,000000 ; part de filière 0,000 %. Zéro proposé : Filière régionale non retenue dans ce scénario, sans interdiction universelle. Apprentissage, atelier, combustible et outils ; titre noble ne remplace pas qualification.";0;0;0;0;0
Maître de cérémonie du thé;Maître de cérémonie du thé;0;0;0.0;A — activité attestée;SB201;"Garnison de centaines de soldats, prisonniers, clergé/étude/psychosurgery ; effectif résident non fourni. Professions des résidents ; lieu de travail et commanditaires peuvent être extérieurs au quartier. Visiteurs exclus du stock. activité/institution locale Budget civil 0,00 % ; coefficient 0,000000 ; part de filière 0,000 %. Zéro proposé : Filière régionale non retenue dans ce scénario, sans interdiction universelle. Apprentissage, audition et réseau ; accès au mérite notamment Mustardseed.";0;0;0;0;0
Alchimiste;Alchimiste;0.17008356578901596;0.23007895377552082;3.7418384473583512;A — activité attestée;"MJ128; BR55";"Garnison de centaines de soldats, prisonniers, clergé/étude/psychosurgery ; effectif résident non fourni. Professions des résidents ; lieu de travail et commanditaires peuvent être extérieurs au quartier. Visiteurs exclus du stock. activité/institution locale Budget civil 6,00 % ; coefficient 2,500000 ; part de filière 8,695 %. Long apprentissage, frais, bourses, talent, licence ou secret ; titre ne donne pas maîtrise.";0.0006713629408091776;0.00015118983934524089;0.017873262744470073;0.1501568992992291;0.0012308509651623657
Apothicaire;Alchimiste;0.06803342631560637;0.09203158151020831;1.49673537894334;A — activité attestée;"MJ128; BR55";"Garnison de centaines de soldats, prisonniers, clergé/étude/psychosurgery ; effectif résident non fourni. Professions des résidents ; lieu de travail et commanditaires peuvent être extérieurs au quartier. Visiteurs exclus du stock. activité/institution locale Budget civil 6,00 % ; coefficient 1,000000 ; part de filière 3,478 %. Long apprentissage, frais, bourses, talent, licence ou secret ; titre ne donne pas maîtrise.";0.0002685451763236711;6.047593573809635e-05;0.007149305097788033;0.060062759719691626;0.0004923403860649464
Préparateur de poisons;Alchimiste;0.06803342631560637;0.09203158151020831;1.49673537894334;D — activité déduite;"BR55; SB193";"Garnison de centaines de soldats, prisonniers, clergé/étude/psychosurgery ; effectif résident non fourni. Professions des résidents ; lieu de travail et commanditaires peuvent être extérieurs au quartier. Visiteurs exclus du stock. activité/institution locale Budget civil 6,00 % ; coefficient 1,000000 ; part de filière 3,478 %. Long apprentissage, frais, bourses, talent, licence ou secret ; titre ne donne pas maîtrise.";0.0002685451763236711;6.047593573809635e-05;0.007149305097788033;0.060062759719691626;0.0004923403860649464
Préparateur de potions;Alchimiste;0.06803342631560637;0.09203158151020831;1.49673537894334;A — activité attestée;SB138;"Garnison de centaines de soldats, prisonniers, clergé/étude/psychosurgery ; effectif résident non fourni. Professions des résidents ; lieu de travail et commanditaires peuvent être extérieurs au quartier. Visiteurs exclus du stock. activité/institution locale Budget civil 6,00 % ; coefficient 1,000000 ; part de filière 3,478 %. Long apprentissage, frais, bourses, talent, licence ou secret ; titre ne donne pas maîtrise.";0.0002685451763236711;6.047593573809635e-05;0.007149305097788033;0.060062759719691626;0.0004923403860649464
Préparateur d’Estelindea;Alchimiste;0;0;0.0;A — activité attestée;SB153;"Garnison de centaines de soldats, prisonniers, clergé/étude/psychosurgery ; effectif résident non fourni. Professions des résidents ; lieu de travail et commanditaires peuvent être extérieurs au quartier. Visiteurs exclus du stock. activité/institution locale Budget civil 6,00 % ; coefficient 0,000000 ; part de filière 0,000 %. Zéro proposé : Filière régionale non retenue dans ce scénario, sans interdiction universelle. Long apprentissage, frais, bourses, talent, licence ou secret ; titre ne donne pas maîtrise.";0;0;0;0;0
Charbonnier;Charbonnier;0.05230024171122992;0.07074866310160426;1.1506053176470583;P — activité proposée;SB128;"Garnison de centaines de soldats, prisonniers, clergé/étude/psychosurgery ; effectif résident non fourni. Professions des résidents ; lieu de travail et commanditaires peuvent être extérieurs au quartier. Visiteurs exclus du stock. activité/institution locale Budget civil 2,00 % ; coefficient 0,750000 ; part de filière 8,021 %. Savoir-faire de terrain et sécurité ; procédé spécialisé distinct du rang social.";2.102785548894027e-06;4.735438761805962e-07;0.0004478488319937235;0.04703085897660531;0.004818957573205812
Fondeur et affineur;Métallurgiste;0.05146753817156662;0.06962223117196938;1.1322858397744657;D — activité déduite;"SB198; SB160";"Garnison de centaines de soldats, prisonniers, clergé/étude/psychosurgery ; effectif résident non fourni. Professions des résidents ; lieu de travail et commanditaires peuvent être extérieurs au quartier. Visiteurs exclus du stock. activité/institution locale Budget civil 28,00 % ; coefficient 0,700000 ; part de filière 0,564 %. Apprentissage, atelier, combustible et outils ; titre noble ne remplace pas qualification.";4.001149276638427e-06;3.6042091665183623e-06;0.0021304003529003662;0.044744811821847766;0.004584720638375333
Aciériste;Métallurgiste;0.05146753817156662;0.06962223117196938;1.1322858397744657;D — activité déduite;SB198;"Garnison de centaines de soldats, prisonniers, clergé/étude/psychosurgery ; effectif résident non fourni. Professions des résidents ; lieu de travail et commanditaires peuvent être extérieurs au quartier. Visiteurs exclus du stock. activité/institution locale Budget civil 28,00 % ; coefficient 0,700000 ; part de filière 0,564 %. Apprentissage, atelier, combustible et outils ; titre noble ne remplace pas qualification.";4.001149276638427e-06;3.6042091665183623e-06;0.0021304003529003662;0.044744811821847766;0.004584720638375333
Forgeron;Forgeron;0.3676252726540473;0.4973016512283527;8.08775599838904;A — activité attestée;MJ128;"Garnison de centaines de soldats, prisonniers, clergé/étude/psychosurgery ; effectif résident non fourni. Professions des résidents ; lieu de travail et commanditaires peuvent être extérieurs au quartier. Visiteurs exclus du stock. activité/institution locale Budget civil 28,00 % ; coefficient 5,000000 ; part de filière 4,027 %. Apprentissage, atelier, combustible et outils ; titre noble ne remplace pas qualification.";2.857963769027448e-05;2.5744351189416875e-05;0.015217145377859764;0.31960579872748407;0.032748004559823816
Armurier;Forgeron;0.14705010906161892;0.19892066049134105;3.2351023993556165;A — activité attestée;MJ128;"Garnison de centaines de soldats, prisonniers, clergé/étude/psychosurgery ; effectif résident non fourni. Professions des résidents ; lieu de travail et commanditaires peuvent être extérieurs au quartier. Visiteurs exclus du stock. activité/institution locale Budget civil 28,00 % ; coefficient 2,000000 ; part de filière 1,611 %. Apprentissage, atelier, combustible et outils ; titre noble ne remplace pas qualification.";1.1431855076109793e-05;1.029774047576675e-05;0.006086858151143909;0.12784231949099362;0.013099201823929528
Coutelier;Forgeron;0.14705010906161892;0.19892066049134105;3.2351023993556165;D — activité déduite;MJ128;"Garnison de centaines de soldats, prisonniers, clergé/étude/psychosurgery ; effectif résident non fourni. Professions des résidents ; lieu de travail et commanditaires peuvent être extérieurs au quartier. Visiteurs exclus du stock. activité/institution locale Budget civil 28,00 % ; coefficient 2,000000 ; part de filière 1,611 %. Apprentissage, atelier, combustible et outils ; titre noble ne remplace pas qualification.";1.1431855076109793e-05;1.029774047576675e-05;0.006086858151143909;0.12784231949099362;0.013099201823929528
Rémouleur;Forgeron;0.14705010906161892;0.19892066049134105;3.2351023993556165;D — activité déduite;MJ128;"Garnison de centaines de soldats, prisonniers, clergé/étude/psychosurgery ; effectif résident non fourni. Professions des résidents ; lieu de travail et commanditaires peuvent être extérieurs au quartier. Visiteurs exclus du stock. activité/institution locale Budget civil 28,00 % ; coefficient 2,000000 ; part de filière 1,611 %. Apprentissage, atelier, combustible et outils ; titre noble ne remplace pas qualification.";1.1431855076109793e-05;1.029774047576675e-05;0.006086858151143909;0.12784231949099362;0.013099201823929528
Serrurier;Mécanicien et artisan du métal;0.08823006543697136;0.11935239629480464;1.9410614396133699;A — activité attestée;"MJ128; SB174";"Garnison de centaines de soldats, prisonniers, clergé/étude/psychosurgery ; effectif résident non fourni. Professions des résidents ; lieu de travail et commanditaires peuvent être extérieurs au quartier. Visiteurs exclus du stock. activité/institution locale Budget civil 28,00 % ; coefficient 1,200000 ; part de filière 0,967 %. Apprentissage, atelier, combustible et outils ; titre noble ne remplace pas qualification.";6.859113045665871e-06;6.178644285460046e-06;0.0036521148906863412;0.07670539169459618;0.007859521094357712
Rétameur;Mécanicien et artisan du métal;0.08823006543697136;0.11935239629480464;1.9410614396133699;A — activité attestée;"MJ128; SB174";"Garnison de centaines de soldats, prisonniers, clergé/étude/psychosurgery ; effectif résident non fourni. Professions des résidents ; lieu de travail et commanditaires peuvent être extérieurs au quartier. Visiteurs exclus du stock. activité/institution locale Budget civil 28,00 % ; coefficient 1,200000 ; part de filière 0,967 %. Apprentissage, atelier, combustible et outils ; titre noble ne remplace pas qualification.";6.859113045665871e-06;6.178644285460046e-06;0.0036521148906863412;0.07670539169459618;0.007859521094357712
Réparateur et bricoleur;Mécanicien et artisan du métal;0.08823006543697136;0.11935239629480464;1.9410614396133699;A — activité attestée;"MJ128; SB174";"Garnison de centaines de soldats, prisonniers, clergé/étude/psychosurgery ; effectif résident non fourni. Professions des résidents ; lieu de travail et commanditaires peuvent être extérieurs au quartier. Visiteurs exclus du stock. activité/institution locale Budget civil 28,00 % ; coefficient 1,200000 ; part de filière 0,967 %. Apprentissage, atelier, combustible et outils ; titre noble ne remplace pas qualification.";6.859113045665871e-06;6.178644285460046e-06;0.0036521148906863412;0.07670539169459618;0.007859521094357712
Horloger;Mécanicien et artisan du métal;0;0;0.0;D — activité déduite;SB174;"Garnison de centaines de soldats, prisonniers, clergé/étude/psychosurgery ; effectif résident non fourni. Professions des résidents ; lieu de travail et commanditaires peuvent être extérieurs au quartier. Visiteurs exclus du stock. activité/institution locale Budget civil 28,00 % ; coefficient 0,000000 ; part de filière 0,000 %. Zéro proposé : Climat, matière ou culture hors filière régionale retenue ; aucun établissement exceptionnel proposé. Apprentissage, atelier, combustible et outils ; titre noble ne remplace pas qualification.";0;0;0;0;0
Fabricant d’outils de précision;Mécanicien et artisan du métal;0;0;0.0;A — activité attestée;SB174;"Garnison de centaines de soldats, prisonniers, clergé/étude/psychosurgery ; effectif résident non fourni. Professions des résidents ; lieu de travail et commanditaires peuvent être extérieurs au quartier. Visiteurs exclus du stock. activité/institution locale Budget civil 28,00 % ; coefficient 0,000000 ; part de filière 0,000 %. Zéro proposé : Climat, matière ou culture hors filière régionale retenue ; aucun établissement exceptionnel proposé. Apprentissage, atelier, combustible et outils ; titre noble ne remplace pas qualification.";0;0;0;0;0
Fabricant d’instruments de navigation;Mécanicien et artisan du métal;0;0;0.0;D — activité déduite;SB174;"Garnison de centaines de soldats, prisonniers, clergé/étude/psychosurgery ; effectif résident non fourni. Professions des résidents ; lieu de travail et commanditaires peuvent être extérieurs au quartier. Visiteurs exclus du stock. activité/institution locale Budget civil 28,00 % ; coefficient 0,000000 ; part de filière 0,000 %. Zéro proposé : Climat, matière ou culture hors filière régionale retenue ; aucun établissement exceptionnel proposé. Apprentissage, atelier, combustible et outils ; titre noble ne remplace pas qualification.";0;0;0;0;0
Bijoutier;Bijoutier;0.14705010906161892;0.19892066049134105;3.2351023993556165;A — activité attestée;MJ128;"Garnison de centaines de soldats, prisonniers, clergé/étude/psychosurgery ; effectif résident non fourni. Professions des résidents ; lieu de travail et commanditaires peuvent être extérieurs au quartier. Visiteurs exclus du stock. activité/institution locale Budget civil 28,00 % ; coefficient 2,000000 ; part de filière 1,611 %. Apprentissage, atelier, combustible et outils ; titre noble ne remplace pas qualification.";1.1431855076109793e-05;1.029774047576675e-05;0.006086858151143909;0.12784231949099362;0.013099201823929528
Orfèvre;Bijoutier;0.05882004362464758;0.07956826419653644;1.2940409597422466;A — activité attestée;MJ128;"Garnison de centaines de soldats, prisonniers, clergé/étude/psychosurgery ; effectif résident non fourni. Professions des résidents ; lieu de travail et commanditaires peuvent être extérieurs au quartier. Visiteurs exclus du stock. activité/institution locale Budget civil 28,00 % ; coefficient 0,800000 ; part de filière 0,644 %. Apprentissage, atelier, combustible et outils ; titre noble ne remplace pas qualification.";4.572742030443917e-06;4.119096190306697e-06;0.002434743260457562;0.051136927796397454;0.005239680729571811
Lapidaire et tailleur de gemmes;Bijoutier;0.05882004362464758;0.07956826419653644;1.2940409597422466;A — activité attestée;MJ128;"Garnison de centaines de soldats, prisonniers, clergé/étude/psychosurgery ; effectif résident non fourni. Professions des résidents ; lieu de travail et commanditaires peuvent être extérieurs au quartier. Visiteurs exclus du stock. activité/institution locale Budget civil 28,00 % ; coefficient 0,800000 ; part de filière 0,644 %. Apprentissage, atelier, combustible et outils ; titre noble ne remplace pas qualification.";4.572742030443917e-06;4.119096190306697e-06;0.002434743260457562;0.051136927796397454;0.005239680729571811
Tanneur;Tanneur;0.09190631816351183;0.12432541280708817;2.02193899959726;A — activité attestée;MJ128;"Garnison de centaines de soldats, prisonniers, clergé/étude/psychosurgery ; effectif résident non fourni. Professions des résidents ; lieu de travail et commanditaires peuvent être extérieurs au quartier. Visiteurs exclus du stock. activité/institution locale Budget civil 28,00 % ; coefficient 1,250000 ; part de filière 1,007 %. Apprentissage, atelier, combustible et outils ; titre noble ne remplace pas qualification.";7.14490942256862e-06;6.436087797354219e-06;0.003804286344464941;0.07990144968187102;0.008187001139955954
Fourreur;Tanneur;0.03676252726540473;0.04973016512283526;0.8087755998389041;D — activité déduite;"SB120; SB133";"Garnison de centaines de soldats, prisonniers, clergé/étude/psychosurgery ; effectif résident non fourni. Professions des résidents ; lieu de travail et commanditaires peuvent être extérieurs au quartier. Visiteurs exclus du stock. activité/institution locale Budget civil 28,00 % ; coefficient 0,500000 ; part de filière 0,403 %. Apprentissage, atelier, combustible et outils ; titre noble ne remplace pas qualification.";2.8579637690274483e-06;2.5744351189416876e-06;0.0015217145377859772;0.031960579872748404;0.003274800455982382
Maroquinier;Artisan du cuir;0.11764008724929516;0.15913652839307288;2.5880819194844933;A — activité attestée;MJ128;"Garnison de centaines de soldats, prisonniers, clergé/étude/psychosurgery ; effectif résident non fourni. Professions des résidents ; lieu de travail et commanditaires peuvent être extérieurs au quartier. Visiteurs exclus du stock. activité/institution locale Budget civil 28,00 % ; coefficient 1,600000 ; part de filière 1,289 %. Apprentissage, atelier, combustible et outils ; titre noble ne remplace pas qualification.";9.145484060887834e-06;8.238192380613394e-06;0.004869486520915124;0.10227385559279491;0.010479361459143622
Bourrelier et sellier;Artisan du cuir;0.11764008724929516;0.15913652839307288;2.5880819194844933;D — activité déduite;"MJ128; SB163";"Garnison de centaines de soldats, prisonniers, clergé/étude/psychosurgery ; effectif résident non fourni. Professions des résidents ; lieu de travail et commanditaires peuvent être extérieurs au quartier. Visiteurs exclus du stock. activité/institution locale Budget civil 28,00 % ; coefficient 1,600000 ; part de filière 1,289 %. Apprentissage, atelier, combustible et outils ; titre noble ne remplace pas qualification.";9.145484060887834e-06;8.238192380613394e-06;0.004869486520915124;0.10227385559279491;0.010479361459143622
Boursier, fabricant de bourses;Artisan du cuir;0.11764008724929516;0.15913652839307288;2.5880819194844933;D — activité déduite;MJ128;"Garnison de centaines de soldats, prisonniers, clergé/étude/psychosurgery ; effectif résident non fourni. Professions des résidents ; lieu de travail et commanditaires peuvent être extérieurs au quartier. Visiteurs exclus du stock. activité/institution locale Budget civil 28,00 % ; coefficient 1,600000 ; part de filière 1,289 %. Apprentissage, atelier, combustible et outils ; titre noble ne remplace pas qualification.";9.145484060887834e-06;8.238192380613394e-06;0.004869486520915124;0.10227385559279491;0.010479361459143622
Gantier;Artisan du cuir;0.11764008724929516;0.15913652839307288;2.5880819194844933;D — activité déduite;MJ128;"Garnison de centaines de soldats, prisonniers, clergé/étude/psychosurgery ; effectif résident non fourni. Professions des résidents ; lieu de travail et commanditaires peuvent être extérieurs au quartier. Visiteurs exclus du stock. activité/institution locale Budget civil 28,00 % ; coefficient 1,600000 ; part de filière 1,289 %. Apprentissage, atelier, combustible et outils ; titre noble ne remplace pas qualification.";9.145484060887834e-06;8.238192380613394e-06;0.004869486520915124;0.10227385559279491;0.010479361459143622
Cordonnier;Artisan du cuir;0.11764008724929516;0.15913652839307288;2.5880819194844933;A — activité attestée;MJ128;"Garnison de centaines de soldats, prisonniers, clergé/étude/psychosurgery ; effectif résident non fourni. Professions des résidents ; lieu de travail et commanditaires peuvent être extérieurs au quartier. Visiteurs exclus du stock. activité/institution locale Budget civil 28,00 % ; coefficient 1,600000 ; part de filière 1,289 %. Apprentissage, atelier, combustible et outils ; titre noble ne remplace pas qualification.";9.145484060887834e-06;8.238192380613394e-06;0.004869486520915124;0.10227385559279491;0.010479361459143622
Fileur;Artisan textile;0.14705010906161892;0.19892066049134105;3.2351023993556165;D — activité déduite;MJ128;"Garnison de centaines de soldats, prisonniers, clergé/étude/psychosurgery ; effectif résident non fourni. Professions des résidents ; lieu de travail et commanditaires peuvent être extérieurs au quartier. Visiteurs exclus du stock. activité/institution locale Budget civil 28,00 % ; coefficient 2,000000 ; part de filière 1,611 %. Apprentissage, atelier, combustible et outils ; titre noble ne remplace pas qualification.";1.1431855076109793e-05;1.029774047576675e-05;0.006086858151143909;0.12784231949099362;0.013099201823929528
Tisserand;Artisan textile;0.14705010906161892;0.19892066049134105;3.2351023993556165;A — activité attestée;MJ128;"Garnison de centaines de soldats, prisonniers, clergé/étude/psychosurgery ; effectif résident non fourni. Professions des résidents ; lieu de travail et commanditaires peuvent être extérieurs au quartier. Visiteurs exclus du stock. activité/institution locale Budget civil 28,00 % ; coefficient 2,000000 ; part de filière 1,611 %. Apprentissage, atelier, combustible et outils ; titre noble ne remplace pas qualification.";1.1431855076109793e-05;1.029774047576675e-05;0.006086858151143909;0.12784231949099362;0.013099201823929528
Teinturier;Artisan textile;0.14705010906161892;0.19892066049134105;3.2351023993556165;A — activité attestée;MJ128;"Garnison de centaines de soldats, prisonniers, clergé/étude/psychosurgery ; effectif résident non fourni. Professions des résidents ; lieu de travail et commanditaires peuvent être extérieurs au quartier. Visiteurs exclus du stock. activité/institution locale Budget civil 28,00 % ; coefficient 2,000000 ; part de filière 1,611 %. Apprentissage, atelier, combustible et outils ; titre noble ne remplace pas qualification.";1.1431855076109793e-05;1.029774047576675e-05;0.006086858151143909;0.12784231949099362;0.013099201823929528
Tailleur;Tailleur de vêtements;0.14705010906161892;0.19892066049134105;3.2351023993556165;D — activité déduite;"MJ128; SB139";"Garnison de centaines de soldats, prisonniers, clergé/étude/psychosurgery ; effectif résident non fourni. Professions des résidents ; lieu de travail et commanditaires peuvent être extérieurs au quartier. Visiteurs exclus du stock. activité/institution locale Budget civil 28,00 % ; coefficient 2,000000 ; part de filière 1,611 %. Apprentissage, atelier, combustible et outils ; titre noble ne remplace pas qualification.";1.1431855076109793e-05;1.029774047576675e-05;0.006086858151143909;0.12784231949099362;0.013099201823929528
Modiste et fabricant de coiffes;Tailleur de vêtements;0.14705010906161892;0.19892066049134105;3.2351023993556165;D — activité déduite;"SB139; SB120";"Garnison de centaines de soldats, prisonniers, clergé/étude/psychosurgery ; effectif résident non fourni. Professions des résidents ; lieu de travail et commanditaires peuvent être extérieurs au quartier. Visiteurs exclus du stock. activité/institution locale Budget civil 28,00 % ; coefficient 2,000000 ; part de filière 1,611 %. Apprentissage, atelier, combustible et outils ; titre noble ne remplace pas qualification.";1.1431855076109793e-05;1.029774047576675e-05;0.006086858151143909;0.12784231949099362;0.013099201823929528
Tapissier;Tapissier;0.07352505453080946;0.09946033024567053;1.6175511996778082;D — activité déduite;SB200;"Garnison de centaines de soldats, prisonniers, clergé/étude/psychosurgery ; effectif résident non fourni. Professions des résidents ; lieu de travail et commanditaires peuvent être extérieurs au quartier. Visiteurs exclus du stock. activité/institution locale Budget civil 28,00 % ; coefficient 1,000000 ; part de filière 0,805 %. Apprentissage, atelier, combustible et outils ; titre noble ne remplace pas qualification.";5.7159275380548966e-06;5.148870237883375e-06;0.0030434290755719543;0.06392115974549681;0.006549600911964764
Menuisier;Menuisier;0.3676252726540473;0.4973016512283527;8.08775599838904;D — activité déduite;"MJ128; SB152";"Garnison de centaines de soldats, prisonniers, clergé/étude/psychosurgery ; effectif résident non fourni. Professions des résidents ; lieu de travail et commanditaires peuvent être extérieurs au quartier. Visiteurs exclus du stock. activité/institution locale Budget civil 28,00 % ; coefficient 5,000000 ; part de filière 4,027 %. Apprentissage, atelier, combustible et outils ; titre noble ne remplace pas qualification.";2.857963769027448e-05;2.5744351189416875e-05;0.015217145377859764;0.31960579872748407;0.032748004559823816
Ébéniste;Menuisier;0.14705010906161892;0.19892066049134105;3.2351023993556165;D — activité déduite;MJ128;"Garnison de centaines de soldats, prisonniers, clergé/étude/psychosurgery ; effectif résident non fourni. Professions des résidents ; lieu de travail et commanditaires peuvent être extérieurs au quartier. Visiteurs exclus du stock. activité/institution locale Budget civil 28,00 % ; coefficient 2,000000 ; part de filière 1,611 %. Apprentissage, atelier, combustible et outils ; titre noble ne remplace pas qualification.";1.1431855076109793e-05;1.029774047576675e-05;0.006086858151143909;0.12784231949099362;0.013099201823929528
Sculpteur sur bois;Menuisier;0.14705010906161892;0.19892066049134105;3.2351023993556165;A — activité attestée;MJ128;"Garnison de centaines de soldats, prisonniers, clergé/étude/psychosurgery ; effectif résident non fourni. Professions des résidents ; lieu de travail et commanditaires peuvent être extérieurs au quartier. Visiteurs exclus du stock. activité/institution locale Budget civil 28,00 % ; coefficient 2,000000 ; part de filière 1,611 %. Apprentissage, atelier, combustible et outils ; titre noble ne remplace pas qualification.";1.1431855076109793e-05;1.029774047576675e-05;0.006086858151143909;0.12784231949099362;0.013099201823929528
Tonnelier;Menuisier;0.14705010906161892;0.19892066049134105;3.2351023993556165;A — activité attestée;MJ128;"Garnison de centaines de soldats, prisonniers, clergé/étude/psychosurgery ; effectif résident non fourni. Professions des résidents ; lieu de travail et commanditaires peuvent être extérieurs au quartier. Visiteurs exclus du stock. activité/institution locale Budget civil 28,00 % ; coefficient 2,000000 ; part de filière 1,611 %. Apprentissage, atelier, combustible et outils ; titre noble ne remplace pas qualification.";1.1431855076109793e-05;1.029774047576675e-05;0.006086858151143909;0.12784231949099362;0.013099201823929528
Charron;Menuisier;0.14705010906161892;0.19892066049134105;3.2351023993556165;A — activité attestée;MJ128;"Garnison de centaines de soldats, prisonniers, clergé/étude/psychosurgery ; effectif résident non fourni. Professions des résidents ; lieu de travail et commanditaires peuvent être extérieurs au quartier. Visiteurs exclus du stock. activité/institution locale Budget civil 28,00 % ; coefficient 2,000000 ; part de filière 1,611 %. Apprentissage, atelier, combustible et outils ; titre noble ne remplace pas qualification.";1.1431855076109793e-05;1.029774047576675e-05;0.006086858151143909;0.12784231949099362;0.013099201823929528
Charpentier;Charpentier;0.23895642722513077;0.32324607329842925;5.257041398952876;A — activité attestée;MJ128;"Garnison de centaines de soldats, prisonniers, clergé/étude/psychosurgery ; effectif résident non fourni. Professions des résidents ; lieu de travail et commanditaires peuvent être extérieurs au quartier. Visiteurs exclus du stock. activité/institution locale Budget civil 28,00 % ; coefficient 3,250000 ; part de filière 2,618 %. Apprentissage, atelier, combustible et outils ; titre noble ne remplace pas qualification.";1.8576764498678413e-05;1.673382827312098e-05;0.009891144495608847;0.20774376917286463;0.021286202963885486
Couvreur;Charpentier;0.09558257089005232;0.12929842931937172;2.102816559581151;A — activité attestée;MJ128;"Garnison de centaines de soldats, prisonniers, clergé/étude/psychosurgery ; effectif résident non fourni. Professions des résidents ; lieu de travail et commanditaires peuvent être extérieurs au quartier. Visiteurs exclus du stock. activité/institution locale Budget civil 28,00 % ; coefficient 1,300000 ; part de filière 1,047 %. Apprentissage, atelier, combustible et outils ; titre noble ne remplace pas qualification.";7.430705799471362e-06;6.693531309248387e-06;0.003956457798243538;0.08309750766914586;0.008514481185554194
Constructeur naval;Constructeur naval;0.11028758179621419;0.1491904953685058;2.426326799516712;A — activité attestée;"MJ128; SB148";"Garnison de centaines de soldats, prisonniers, clergé/étude/psychosurgery ; effectif résident non fourni. Professions des résidents ; lieu de travail et commanditaires peuvent être extérieurs au quartier. Visiteurs exclus du stock. activité/institution locale Budget civil 28,00 % ; coefficient 1,500000 ; part de filière 1,208 %. Apprentissage, atelier, combustible et outils ; titre noble ne remplace pas qualification.";8.573891307082342e-06;7.723305356825058e-06;0.004565143613357929;0.09588173961824521;0.009824401367947145
Calfat;Constructeur naval;0.04411503271848568;0.05967619814740232;0.9705307198066849;D — activité déduite;"MJ128; SB148";"Garnison de centaines de soldats, prisonniers, clergé/étude/psychosurgery ; effectif résident non fourni. Professions des résidents ; lieu de travail et commanditaires peuvent être extérieurs au quartier. Visiteurs exclus du stock. activité/institution locale Budget civil 28,00 % ; coefficient 0,600000 ; part de filière 0,483 %. Apprentissage, atelier, combustible et outils ; titre noble ne remplace pas qualification.";3.4295565228329356e-06;3.089322142730023e-06;0.0018260574453431706;0.03835269584729809;0.003929760547178856
Constructeur de drakkars;Constructeur naval;0;0;0.0;A — activité attestée;SB130;"Garnison de centaines de soldats, prisonniers, clergé/étude/psychosurgery ; effectif résident non fourni. Professions des résidents ; lieu de travail et commanditaires peuvent être extérieurs au quartier. Visiteurs exclus du stock. activité/institution locale Budget civil 28,00 % ; coefficient 0,000000 ; part de filière 0,000 %. Zéro proposé : Filière régionale non retenue dans ce scénario, sans interdiction universelle. Apprentissage, atelier, combustible et outils ; titre noble ne remplace pas qualification.";0;0;0;0;0
Cordier;Cordier;0.09190631816351183;0.12432541280708817;2.02193899959726;D — activité déduite;SB130;"Garnison de centaines de soldats, prisonniers, clergé/étude/psychosurgery ; effectif résident non fourni. Professions des résidents ; lieu de travail et commanditaires peuvent être extérieurs au quartier. Visiteurs exclus du stock. activité/institution locale Budget civil 28,00 % ; coefficient 1,250000 ; part de filière 1,007 %. Apprentissage, atelier, combustible et outils ; titre noble ne remplace pas qualification.";7.14490942256862e-06;6.436087797354219e-06;0.003804286344464941;0.07990144968187102;0.008187001139955954
Voilier;Cordier;0.03676252726540473;0.04973016512283526;0.8087755998389041;A — activité attestée;MJ128;"Garnison de centaines de soldats, prisonniers, clergé/étude/psychosurgery ; effectif résident non fourni. Professions des résidents ; lieu de travail et commanditaires peuvent être extérieurs au quartier. Visiteurs exclus du stock. activité/institution locale Budget civil 28,00 % ; coefficient 0,500000 ; part de filière 0,403 %. Apprentissage, atelier, combustible et outils ; titre noble ne remplace pas qualification.";2.8579637690274483e-06;2.5744351189416876e-06;0.0015217145377859772;0.031960579872748404;0.003274800455982382
Facteur d’arcs;Facteur d’arcs;0.07352505453080946;0.09946033024567053;1.6175511996778082;A — activité attestée;"MJ128; SB152";"Garnison de centaines de soldats, prisonniers, clergé/étude/psychosurgery ; effectif résident non fourni. Professions des résidents ; lieu de travail et commanditaires peuvent être extérieurs au quartier. Visiteurs exclus du stock. activité/institution locale Budget civil 28,00 % ; coefficient 1,000000 ; part de filière 0,805 %. Apprentissage, atelier, combustible et outils ; titre noble ne remplace pas qualification.";5.7159275380548966e-06;5.148870237883375e-06;0.0030434290755719543;0.06392115974549681;0.006549600911964764
Fabricant de flèches;Facteur d’arcs;0.02941002181232379;0.03978413209826822;0.6470204798711233;A — activité attestée;SB152;"Garnison de centaines de soldats, prisonniers, clergé/étude/psychosurgery ; effectif résident non fourni. Professions des résidents ; lieu de travail et commanditaires peuvent être extérieurs au quartier. Visiteurs exclus du stock. activité/institution locale Budget civil 28,00 % ; coefficient 0,400000 ; part de filière 0,322 %. Apprentissage, atelier, combustible et outils ; titre noble ne remplace pas qualification.";2.2863710152219585e-06;2.0595480951533486e-06;0.001217371630228781;0.025568463898198727;0.0026198403647859055
Luthier et facteur d’instruments;Luthier;0.055143790898107094;0.0745952476842529;1.213163399758356;D — activité déduite;BR55;"Garnison de centaines de soldats, prisonniers, clergé/étude/psychosurgery ; effectif résident non fourni. Professions des résidents ; lieu de travail et commanditaires peuvent être extérieurs au quartier. Visiteurs exclus du stock. activité/institution locale Budget civil 28,00 % ; coefficient 0,750000 ; part de filière 0,604 %. Apprentissage, atelier, combustible et outils ; titre noble ne remplace pas qualification.";4.286945653541171e-06;3.861652678412529e-06;0.0022825718066789647;0.047940869809122606;0.0049122006839735725
Tailleur de pierre;Tailleur de pierre;0.18381263632702366;0.24865082561417634;4.04387799919452;A — activité attestée;"MJ128; SB161";"Garnison de centaines de soldats, prisonniers, clergé/étude/psychosurgery ; effectif résident non fourni. Professions des résidents ; lieu de travail et commanditaires peuvent être extérieurs au quartier. Visiteurs exclus du stock. activité/institution locale Budget civil 28,00 % ; coefficient 2,500000 ; part de filière 2,014 %. Apprentissage, atelier, combustible et outils ; titre noble ne remplace pas qualification.";1.428981884513724e-05;1.2872175594708438e-05;0.007608572688929882;0.15980289936374203;0.016374002279911908
Sculpteur sur pierre;Tailleur de pierre;0.07352505453080946;0.09946033024567053;1.6175511996778082;D — activité déduite;"MJ128; SB161";"Garnison de centaines de soldats, prisonniers, clergé/étude/psychosurgery ; effectif résident non fourni. Professions des résidents ; lieu de travail et commanditaires peuvent être extérieurs au quartier. Visiteurs exclus du stock. activité/institution locale Budget civil 28,00 % ; coefficient 1,000000 ; part de filière 0,805 %. Apprentissage, atelier, combustible et outils ; titre noble ne remplace pas qualification.";5.7159275380548966e-06;5.148870237883375e-06;0.0030434290755719543;0.06392115974549681;0.006549600911964764
Sculpteur de statues de Stone Spirits;Tailleur de pierre;0;0;0.0;A — activité attestée;SB161;"Garnison de centaines de soldats, prisonniers, clergé/étude/psychosurgery ; effectif résident non fourni. Professions des résidents ; lieu de travail et commanditaires peuvent être extérieurs au quartier. Visiteurs exclus du stock. activité/institution locale Budget civil 28,00 % ; coefficient 0,000000 ; part de filière 0,000 %. Zéro proposé : Filière régionale non retenue dans ce scénario, sans interdiction universelle. Apprentissage, atelier, combustible et outils ; titre noble ne remplace pas qualification.";0;0;0;0;0
Maçon;Maçon;1.0293507634313326;1.3924446234393877;22.645716795489317;A — activité attestée;"MJ128; SB90";"Garnison de centaines de soldats, prisonniers, clergé/étude/psychosurgery ; effectif résident non fourni. Professions des résidents ; lieu de travail et commanditaires peuvent être extérieurs au quartier. Visiteurs exclus du stock. activité/institution locale Budget civil 28,00 % ; coefficient 14,000000 ; part de filière 11,277 %. Apprentissage, atelier, combustible et outils ; titre noble ne remplace pas qualification.";8.002298553276854e-05;7.208418333036723e-05;0.04260800705800735;0.8948962364369554;0.0916944127675067
Plâtrier;Maçon;0.411740305372533;0.556977849375755;9.058286718195726;A — activité attestée;"MJ128; SB90";"Garnison de centaines de soldats, prisonniers, clergé/étude/psychosurgery ; effectif résident non fourni. Professions des résidents ; lieu de travail et commanditaires peuvent être extérieurs au quartier. Visiteurs exclus du stock. activité/institution locale Budget civil 28,00 % ; coefficient 5,600000 ; part de filière 4,511 %. Apprentissage, atelier, combustible et outils ; titre noble ne remplace pas qualification.";3.200919421310741e-05;2.88336733321469e-05;0.01704320282320293;0.3579584945747821;0.036677765107002665
Manœuvre de chantier;Maçon;0.41174030537253303;0.556977849375755;9.058286718195728;A — activité attestée;SB90;"Garnison de centaines de soldats, prisonniers, clergé/étude/psychosurgery ; effectif résident non fourni. Professions des résidents ; lieu de travail et commanditaires peuvent être extérieurs au quartier. Visiteurs exclus du stock. activité/institution locale Budget civil 28,00 % ; coefficient 5,600000 ; part de filière 4,511 %. Apprentissage, atelier, combustible et outils ; titre noble ne remplace pas qualification.";1.6344070464331745e-05;1.472263205217319e-05;0.008702353018504323;0.365551148815901;0.037455736835611174
Architecte;Architecte;0.14705010906161892;0.19892066049134105;3.2351023993556165;A — activité attestée;SB174;"Garnison de centaines de soldats, prisonniers, clergé/étude/psychosurgery ; effectif résident non fourni. Professions des résidents ; lieu de travail et commanditaires peuvent être extérieurs au quartier. Visiteurs exclus du stock. activité/institution locale Budget civil 28,00 % ; coefficient 2,000000 ; part de filière 1,611 %. Apprentissage, atelier, combustible et outils ; titre noble ne remplace pas qualification.";1.1431855076109793e-05;1.029774047576675e-05;0.006086858151143909;0.12784231949099362;0.013099201823929528
Géomètre et arpenteur;Architecte;0.05882004362464758;0.07956826419653644;1.2940409597422466;A — activité attestée;MJ128;"Garnison de centaines de soldats, prisonniers, clergé/étude/psychosurgery ; effectif résident non fourni. Professions des résidents ; lieu de travail et commanditaires peuvent être extérieurs au quartier. Visiteurs exclus du stock. activité/institution locale Budget civil 28,00 % ; coefficient 0,800000 ; part de filière 0,644 %. Apprentissage, atelier, combustible et outils ; titre noble ne remplace pas qualification.";4.572742030443917e-06;4.119096190306697e-06;0.002434743260457562;0.051136927796397454;0.005239680729571811
Potier;Potier;0.18381263632702366;0.24865082561417634;4.04387799919452;A — activité attestée;"MJ128; SB200";"Garnison de centaines de soldats, prisonniers, clergé/étude/psychosurgery ; effectif résident non fourni. Professions des résidents ; lieu de travail et commanditaires peuvent être extérieurs au quartier. Visiteurs exclus du stock. activité/institution locale Budget civil 28,00 % ; coefficient 2,500000 ; part de filière 2,014 %. Apprentissage, atelier, combustible et outils ; titre noble ne remplace pas qualification.";1.428981884513724e-05;1.2872175594708438e-05;0.007608572688929882;0.15980289936374203;0.016374002279911908
Tuilier;Potier;0.07352505453080946;0.09946033024567053;1.6175511996778082;A — activité attestée;"MJ128; SB200";"Garnison de centaines de soldats, prisonniers, clergé/étude/psychosurgery ; effectif résident non fourni. Professions des résidents ; lieu de travail et commanditaires peuvent être extérieurs au quartier. Visiteurs exclus du stock. activité/institution locale Budget civil 28,00 % ; coefficient 1,000000 ; part de filière 0,805 %. Apprentissage, atelier, combustible et outils ; titre noble ne remplace pas qualification.";5.7159275380548966e-06;5.148870237883375e-06;0.0030434290755719543;0.06392115974549681;0.006549600911964764
Porcelainier;Potier;0.07352505453080946;0.09946033024567053;1.6175511996778082;D — activité déduite;SB200;"Garnison de centaines de soldats, prisonniers, clergé/étude/psychosurgery ; effectif résident non fourni. Professions des résidents ; lieu de travail et commanditaires peuvent être extérieurs au quartier. Visiteurs exclus du stock. activité/institution locale Budget civil 28,00 % ; coefficient 1,000000 ; part de filière 0,805 %. Apprentissage, atelier, combustible et outils ; titre noble ne remplace pas qualification.";5.7159275380548966e-06;5.148870237883375e-06;0.0030434290755719543;0.06392115974549681;0.006549600911964764
Souffleur de verre;Verrier;0.05146753817156662;0.06962223117196938;1.1322858397744657;A — activité attestée;"MJ128; SB174";"Garnison de centaines de soldats, prisonniers, clergé/étude/psychosurgery ; effectif résident non fourni. Professions des résidents ; lieu de travail et commanditaires peuvent être extérieurs au quartier. Visiteurs exclus du stock. activité/institution locale Budget civil 28,00 % ; coefficient 0,700000 ; part de filière 0,564 %. Apprentissage, atelier, combustible et outils ; titre noble ne remplace pas qualification.";4.001149276638427e-06;3.6042091665183623e-06;0.0021304003529003662;0.044744811821847766;0.004584720638375333
Vitrier;Verrier;0.05146753817156662;0.06962223117196938;1.1322858397744657;A — activité attestée;"MJ128; SB174";"Garnison de centaines de soldats, prisonniers, clergé/étude/psychosurgery ; effectif résident non fourni. Professions des résidents ; lieu de travail et commanditaires peuvent être extérieurs au quartier. Visiteurs exclus du stock. activité/institution locale Budget civil 28,00 % ; coefficient 0,700000 ; part de filière 0,564 %. Apprentissage, atelier, combustible et outils ; titre noble ne remplace pas qualification.";4.001149276638427e-06;3.6042091665183623e-06;0.0021304003529003662;0.044744811821847766;0.004584720638375333
Opticien et fabricant de lentilles;Verrier;0;0;0.0;D — activité déduite;SB174;"Garnison de centaines de soldats, prisonniers, clergé/étude/psychosurgery ; effectif résident non fourni. Professions des résidents ; lieu de travail et commanditaires peuvent être extérieurs au quartier. Visiteurs exclus du stock. activité/institution locale Budget civil 28,00 % ; coefficient 0,000000 ; part de filière 0,000 %. Zéro proposé : Climat, matière ou culture hors filière régionale retenue ; aucun établissement exceptionnel proposé. Apprentissage, atelier, combustible et outils ; titre noble ne remplace pas qualification.";0;0;0;0;0
Papetier;Papetier et artisan du livre;0.05882004362464758;0.07956826419653644;1.2940409597422466;A — activité attestée;SB138;"Garnison de centaines de soldats, prisonniers, clergé/étude/psychosurgery ; effectif résident non fourni. Professions des résidents ; lieu de travail et commanditaires peuvent être extérieurs au quartier. Visiteurs exclus du stock. activité/institution locale Budget civil 28,00 % ; coefficient 0,800000 ; part de filière 0,644 %. Apprentissage, atelier, combustible et outils ; titre noble ne remplace pas qualification.";4.572742030443917e-06;4.119096190306697e-06;0.002434743260457562;0.051136927796397454;0.005239680729571811
Relieur;Papetier et artisan du livre;0.05882004362464758;0.07956826419653644;1.2940409597422466;D — activité déduite;"SB138; MJ128";"Garnison de centaines de soldats, prisonniers, clergé/étude/psychosurgery ; effectif résident non fourni. Professions des résidents ; lieu de travail et commanditaires peuvent être extérieurs au quartier. Visiteurs exclus du stock. activité/institution locale Budget civil 28,00 % ; coefficient 0,800000 ; part de filière 0,644 %. Apprentissage, atelier, combustible et outils ; titre noble ne remplace pas qualification.";4.572742030443917e-06;4.119096190306697e-06;0.002434743260457562;0.051136927796397454;0.005239680729571811
Chandelier;Chandelier;0.09190631816351183;0.12432541280708817;2.02193899959726;P — activité proposée;SB98;"Garnison de centaines de soldats, prisonniers, clergé/étude/psychosurgery ; effectif résident non fourni. Professions des résidents ; lieu de travail et commanditaires peuvent être extérieurs au quartier. Visiteurs exclus du stock. activité/institution locale Budget civil 28,00 % ; coefficient 1,250000 ; part de filière 1,007 %. Apprentissage, atelier, combustible et outils ; titre noble ne remplace pas qualification.";7.14490942256862e-06;6.436087797354219e-06;0.003804286344464941;0.07990144968187102;0.008187001139955954
Peintre;Peintre;0.14705010906161892;0.19892066049134105;3.2351023993556165;A — activité attestée;"MJ128; SB190";"Garnison de centaines de soldats, prisonniers, clergé/étude/psychosurgery ; effectif résident non fourni. Professions des résidents ; lieu de travail et commanditaires peuvent être extérieurs au quartier. Visiteurs exclus du stock. activité/institution locale Budget civil 28,00 % ; coefficient 2,000000 ; part de filière 1,611 %. Apprentissage, atelier, combustible et outils ; titre noble ne remplace pas qualification.";1.1431855076109793e-05;1.029774047576675e-05;0.006086858151143909;0.12784231949099362;0.013099201823929528
Fabricant d’enseignes;Peintre;0.05882004362464758;0.07956826419653644;1.2940409597422466;A — activité attestée;"MJ128; SB190";"Garnison de centaines de soldats, prisonniers, clergé/étude/psychosurgery ; effectif résident non fourni. Professions des résidents ; lieu de travail et commanditaires peuvent être extérieurs au quartier. Visiteurs exclus du stock. activité/institution locale Budget civil 28,00 % ; coefficient 0,800000 ; part de filière 0,644 %. Apprentissage, atelier, combustible et outils ; titre noble ne remplace pas qualification.";4.572742030443917e-06;4.119096190306697e-06;0.002434743260457562;0.051136927796397454;0.005239680729571811
Enlumineur;Peintre;0.05882004362464758;0.07956826419653644;1.2940409597422466;A — activité attestée;"MJ128; SB190";"Garnison de centaines de soldats, prisonniers, clergé/étude/psychosurgery ; effectif résident non fourni. Professions des résidents ; lieu de travail et commanditaires peuvent être extérieurs au quartier. Visiteurs exclus du stock. activité/institution locale Budget civil 28,00 % ; coefficient 0,800000 ; part de filière 0,644 %. Apprentissage, atelier, combustible et outils ; titre noble ne remplace pas qualification.";4.572742030443917e-06;4.119096190306697e-06;0.002434743260457562;0.051136927796397454;0.005239680729571811
Peintre de guerre spirituel;Peintre;0;0;0.0;A — activité attestée;SB193;"Garnison de centaines de soldats, prisonniers, clergé/étude/psychosurgery ; effectif résident non fourni. Professions des résidents ; lieu de travail et commanditaires peuvent être extérieurs au quartier. Visiteurs exclus du stock. activité/institution locale Initiation de la Red Mother ou apprentissage autorisé; recette complète non librement disponible Budget civil 28,00 % ; coefficient 0,000000 ; part de filière 0,000 %. Zéro proposé : Filière régionale non retenue dans ce scénario, sans interdiction universelle. Apprentissage, atelier, combustible et outils ; titre noble ne remplace pas qualification.";0;0;0;0;0
Tatoueur rituel;Peintre;0;0;0.0;D — activité déduite;"SB200; SB204";"Garnison de centaines de soldats, prisonniers, clergé/étude/psychosurgery ; effectif résident non fourni. Professions des résidents ; lieu de travail et commanditaires peuvent être extérieurs au quartier. Visiteurs exclus du stock. activité/institution locale Budget civil 28,00 % ; coefficient 0,000000 ; part de filière 0,000 %. Zéro proposé : Filière régionale non retenue dans ce scénario, sans interdiction universelle. Apprentissage, atelier, combustible et outils ; titre noble ne remplace pas qualification.";0;0;0;0;0
Portefaix;Transporteur terrestre;0.09939893488203262;0.13446098003629764;2.186776567404718;D — activité déduite;"MJ132; SB121";"Garnison de centaines de soldats, prisonniers, clergé/étude/psychosurgery ; effectif résident non fourni. Professions des résidents ; lieu de travail et commanditaires peuvent être extérieurs au quartier. Visiteurs exclus du stock. activité/institution locale Budget civil 14,00 % ; coefficient 6,000000 ; part de filière 2,178 %. Réseau, itinéraires, confiance et capital ; manutention distincte de propriété du fret.";6.384896049706633e-05;5.751472709099601e-05;0.0030596574812274215;0.08568267340014053;0.010535240313076604
Docker;Transporteur terrestre;0.09939893488203262;0.13446098003629764;2.186776567404718;D — activité déduite;"MJ132; SB121";"Garnison de centaines de soldats, prisonniers, clergé/étude/psychosurgery ; effectif résident non fourni. Professions des résidents ; lieu de travail et commanditaires peuvent être extérieurs au quartier. Visiteurs exclus du stock. activité/institution locale Budget civil 14,00 % ; coefficient 6,000000 ; part de filière 2,178 %. Réseau, itinéraires, confiance et capital ; manutention distincte de propriété du fret.";6.384896049706633e-05;5.751472709099601e-05;0.0030596574812274215;0.08568267340014053;0.010535240313076604
Magasinier;Transporteur terrestre;0.09939893488203262;0.13446098003629764;2.186776567404718;D — activité déduite;"MJ132; SB121";"Garnison de centaines de soldats, prisonniers, clergé/étude/psychosurgery ; effectif résident non fourni. Professions des résidents ; lieu de travail et commanditaires peuvent être extérieurs au quartier. Visiteurs exclus du stock. activité/institution locale Budget civil 14,00 % ; coefficient 6,000000 ; part de filière 2,178 %. Réseau, itinéraires, confiance et capital ; manutention distincte de propriété du fret.";0.00012373798763546837;0.00011146237204550885;0.005929554007355884;0.08302563972241656;0.010208540792579211
Charretier et cocher;Transporteur terrestre;0.09939893488203262;0.13446098003629764;2.186776567404718;D — activité déduite;"MJ132; SB121";"Garnison de centaines de soldats, prisonniers, clergé/étude/psychosurgery ; effectif résident non fourni. Professions des résidents ; lieu de travail et commanditaires peuvent être extérieurs au quartier. Visiteurs exclus du stock. activité/institution locale Budget civil 14,00 % ; coefficient 6,000000 ; part de filière 2,178 %. Réseau, itinéraires, confiance et capital ; manutention distincte de propriété du fret.";0.00012373798763546837;0.00011146237204550885;0.005929554007355884;0.08302563972241656;0.010208540792579211
Chef de caravane;Transporteur terrestre;0.09939893488203262;0.13446098003629764;2.186776567404718;A — activité attestée;MJ132;"Garnison de centaines de soldats, prisonniers, clergé/étude/psychosurgery ; effectif résident non fourni. Professions des résidents ; lieu de travail et commanditaires peuvent être extérieurs au quartier. Visiteurs exclus du stock. activité/institution locale Budget civil 14,00 % ; coefficient 6,000000 ; part de filière 2,178 %. Réseau, itinéraires, confiance et capital ; manutention distincte de propriété du fret.";0.00012373798763546837;0.00011146237204550885;0.005929554007355884;0.08302563972241656;0.010208540792579211
Coursier et messager;Transporteur terrestre;0.09939893488203262;0.13446098003629764;2.186776567404718;D — activité déduite;"MJ132; SB121";"Garnison de centaines de soldats, prisonniers, clergé/étude/psychosurgery ; effectif résident non fourni. Professions des résidents ; lieu de travail et commanditaires peuvent être extérieurs au quartier. Visiteurs exclus du stock. activité/institution locale Budget civil 14,00 % ; coefficient 6,000000 ; part de filière 2,178 %. Réseau, itinéraires, confiance et capital ; manutention distincte de propriété du fret.";0.00012373798763546837;0.00011146237204550885;0.005929554007355884;0.08302563972241656;0.010208540792579211
Porteur d’eau;Transporteur terrestre;0.09939893488203262;0.13446098003629764;2.186776567404718;P — activité proposée;"MJ132; SB121";"Garnison de centaines de soldats, prisonniers, clergé/étude/psychosurgery ; effectif résident non fourni. Professions des résidents ; lieu de travail et commanditaires peuvent être extérieurs au quartier. Visiteurs exclus du stock. activité/institution locale Budget civil 14,00 % ; coefficient 6,000000 ; part de filière 2,178 %. Réseau, itinéraires, confiance et capital ; manutention distincte de propriété du fret.";0.00012373798763546837;0.00011146237204550885;0.005929554007355884;0.08302563972241656;0.010208540792579211
Transporteur de canopée;Transporteur terrestre;0;0;0.0;D — activité déduite;SB154;"Garnison de centaines de soldats, prisonniers, clergé/étude/psychosurgery ; effectif résident non fourni. Professions des résidents ; lieu de travail et commanditaires peuvent être extérieurs au quartier. Visiteurs exclus du stock. activité/institution locale Budget civil 14,00 % ; coefficient 0,000000 ; part de filière 0,000 %. Zéro proposé : Filière régionale non retenue dans ce scénario, sans interdiction universelle. Réseau, itinéraires, confiance et capital ; manutention distincte de propriété du fret.";0;0;0;0;0
Opérateur de Stone Disks;Transporteur terrestre;0;0;0.0;A — activité attestée;PG13;"Garnison de centaines de soldats, prisonniers, clergé/étude/psychosurgery ; effectif résident non fourni. Professions des résidents ; lieu de travail et commanditaires peuvent être extérieurs au quartier. Visiteurs exclus du stock. activité/institution locale Prêtre nain de Dorsi; Formation spécialisée Budget civil 14,00 % ; coefficient 0,000000 ; part de filière 0,000 %. Zéro proposé : Filière régionale non retenue dans ce scénario, sans interdiction universelle. Réseau, itinéraires, confiance et capital ; manutention distincte de propriété du fret.";0;0;0;0;0
Palefrenier et soigneur d’écurie;Transporteur terrestre;0.09939893488203262;0.13446098003629764;2.186776567404718;D — activité déduite;SB123;"Garnison de centaines de soldats, prisonniers, clergé/étude/psychosurgery ; effectif résident non fourni. Professions des résidents ; lieu de travail et commanditaires peuvent être extérieurs au quartier. Visiteurs exclus du stock. activité/institution locale Budget civil 14,00 % ; coefficient 6,000000 ; part de filière 2,178 %. Réseau, itinéraires, confiance et capital ; manutention distincte de propriété du fret.";0.00012373798763546837;0.00011146237204550885;0.005929554007355884;0.08302563972241656;0.010208540792579211
Marin;Marin;0.0414162228675136;0.056025408348457345;0.9111569030852992;A — activité attestée;MJ136;"Garnison de centaines de soldats, prisonniers, clergé/étude/psychosurgery ; effectif résident non fourni. Professions des résidents ; lieu de travail et commanditaires peuvent être extérieurs au quartier. Visiteurs exclus du stock. activité/institution locale Budget civil 14,00 % ; coefficient 2,500000 ; part de filière 0,907 %. Réseau, itinéraires, confiance et capital ; manutention distincte de propriété du fret.";5.1557494848111836e-05;4.644265501896203e-05;0.0024706475030649515;0.0345940165510069;0.0042535586635746745
Navigateur;Marin;0.016566489147005436;0.022410163339382935;0.3644627612341196;A — activité attestée;MJ136;"Garnison de centaines de soldats, prisonniers, clergé/étude/psychosurgery ; effectif résident non fourni. Professions des résidents ; lieu de travail et commanditaires peuvent être extérieurs au quartier. Visiteurs exclus du stock. activité/institution locale Budget civil 14,00 % ; coefficient 1,000000 ; part de filière 0,363 %. Réseau, itinéraires, confiance et capital ; manutention distincte de propriété du fret.";2.0622997939244736e-05;1.8577062007584805e-05;0.00098825900122598;0.013837606620402756;0.0017014234654298694
Pilote de port;Marin;0.016566489147005436;0.022410163339382935;0.3644627612341196;D — activité déduite;MJ136;"Garnison de centaines de soldats, prisonniers, clergé/étude/psychosurgery ; effectif résident non fourni. Professions des résidents ; lieu de travail et commanditaires peuvent être extérieurs au quartier. Visiteurs exclus du stock. activité/institution locale Budget civil 14,00 % ; coefficient 1,000000 ; part de filière 0,363 %. Réseau, itinéraires, confiance et capital ; manutention distincte de propriété du fret.";2.0622997939244736e-05;1.8577062007584805e-05;0.00098825900122598;0.013837606620402756;0.0017014234654298694
Capitaine de navire;Marin;0.016566489147005436;0.022410163339382935;0.3644627612341196;A — activité attestée;MJ136;"Garnison de centaines de soldats, prisonniers, clergé/étude/psychosurgery ; effectif résident non fourni. Professions des résidents ; lieu de travail et commanditaires peuvent être extérieurs au quartier. Visiteurs exclus du stock. activité/institution locale Budget civil 14,00 % ; coefficient 1,000000 ; part de filière 0,363 %. Réseau, itinéraires, confiance et capital ; manutention distincte de propriété du fret.";2.0622997939244736e-05;1.8577062007584805e-05;0.00098825900122598;0.013837606620402756;0.0017014234654298694
Pilote de véhicule volant;Marin;0;0;0.0;D — activité déduite;"SB142; SB174";"Garnison de centaines de soldats, prisonniers, clergé/étude/psychosurgery ; effectif résident non fourni. Professions des résidents ; lieu de travail et commanditaires peuvent être extérieurs au quartier. Visiteurs exclus du stock. activité/institution locale Budget civil 14,00 % ; coefficient 0,000000 ; part de filière 0,000 %. Zéro proposé : Climat, matière ou culture hors filière régionale retenue ; aucun établissement exceptionnel proposé. Réseau, itinéraires, confiance et capital ; manutention distincte de propriété du fret.";0;0;0;0;0
Aubergiste;Hôte professionnel;0.22009178306203578;0.29772710224289245;4.842019227364787;D — activité déduite;"SB110; SB123";"Garnison de centaines de soldats, prisonniers, clergé/étude/psychosurgery ; effectif résident non fourni. Professions des résidents ; lieu de travail et commanditaires peuvent être extérieurs au quartier. Visiteurs exclus du stock. activité/institution locale Budget civil 15,00 % ; coefficient 3,000000 ; part de filière 4,501 %. Apprentissage et qualification variable ; soins avancés et thérapie magique exigent formation.";8.942234428131953e-06;2.013776609336298e-06;0.0009522533684329552;0.20000183401793653;0.01912673966462882
Tavernier;Hôte professionnel;0.22009178306203578;0.29772710224289245;4.842019227364787;A — activité attestée;"SB108; SB149";"Garnison de centaines de soldats, prisonniers, clergé/étude/psychosurgery ; effectif résident non fourni. Professions des résidents ; lieu de travail et commanditaires peuvent être extérieurs au quartier. Visiteurs exclus du stock. activité/institution locale Budget civil 15,00 % ; coefficient 3,000000 ; part de filière 4,501 %. Apprentissage et qualification variable ; soins avancés et thérapie magique exigent formation.";8.942234428131953e-06;2.013776609336298e-06;0.0009522533684329552;0.20000183401793653;0.01912673966462882
Barbier;Barbier;0.5502294576550895;0.7443177556072312;12.105048068411968;P — activité proposée;"MJ135; PG40";"Garnison de centaines de soldats, prisonniers, clergé/étude/psychosurgery ; effectif résident non fourni. Professions des résidents ; lieu de travail et commanditaires peuvent être extérieurs au quartier. Visiteurs exclus du stock. activité/institution locale Budget civil 15,00 % ; coefficient 7,500000 ; part de filière 11,252 %. Apprentissage et qualification variable ; soins avancés et thérapie magique exigent formation.";2.235558607032989e-05;5.034441523340751e-06;0.0023806334210823895;0.5000045850448414;0.047816849161572056
Domestique;Employé domestique et aide familiale;1.467278553746905;1.9848473482859497;32.280128182431916;A — activité attestée;"MJ135; PG40";"Garnison de centaines de soldats, prisonniers, clergé/étude/psychosurgery ; effectif résident non fourni. Professions des résidents ; lieu de travail et commanditaires peuvent être extérieurs au quartier. Visiteurs exclus du stock. activité/institution locale Budget civil 15,00 % ; coefficient 20,000000 ; part de filière 30,005 %. Apprentissage et qualification variable ; soins avancés et thérapie magique exigent formation.";5.961489618754632e-05;1.3425177395575322e-05;0.006348355789553034;1.3333455601195767;0.1275115977641921
Gardien d’enfants;Employé domestique et aide familiale;0.7336392768734525;0.9924236741429748;16.140064091215958;A — activité attestée;PG40;"Garnison de centaines de soldats, prisonniers, clergé/étude/psychosurgery ; effectif résident non fourni. Professions des résidents ; lieu de travail et commanditaires peuvent être extérieurs au quartier. Visiteurs exclus du stock. activité/institution locale Budget civil 15,00 % ; coefficient 10,000000 ; part de filière 15,003 %. Apprentissage et qualification variable ; soins avancés et thérapie magique exigent formation.";2.980744809377316e-05;6.712588697787661e-06;0.003174177894776517;0.6666727800597884;0.06375579888209605
Terrassier d’hygiène urbaine;Agent d’entretien;0.14672785537469052;0.19848473482859502;3.228012818243191;P — activité proposée;SB90;"Garnison de centaines de soldats, prisonniers, clergé/étude/psychosurgery ; effectif résident non fourni. Professions des résidents ; lieu de travail et commanditaires peuvent être extérieurs au quartier. Visiteurs exclus du stock. activité/institution locale Budget civil 15,00 % ; coefficient 2,000000 ; part de filière 3,001 %. Apprentissage et qualification variable ; soins avancés et thérapie magique exigent formation.";2.98728157688846e-06;6.727309391614696e-07;0.0003181138860663932;0.13362695843134947;0.012779123044758606
Ramoneur;Agent d’entretien;0.14672785537469052;0.19848473482859502;3.228012818243191;P — activité proposée;SB90;"Garnison de centaines de soldats, prisonniers, clergé/étude/psychosurgery ; effectif résident non fourni. Professions des résidents ; lieu de travail et commanditaires peuvent être extérieurs au quartier. Visiteurs exclus du stock. activité/institution locale Budget civil 15,00 % ; coefficient 2,000000 ; part de filière 3,001 %. Apprentissage et qualification variable ; soins avancés et thérapie magique exigent formation.";5.961489618754636e-06;1.3425177395575327e-06;0.0006348355789553036;0.1333345560119577;0.01275115977641921
Fossoyeur;Agent funéraire;0.04401835661240716;0.0595454204485785;0.9684038454729575;A — activité attestée;"MJ135; SB99; SB182";"Garnison de centaines de soldats, prisonniers, clergé/étude/psychosurgery ; effectif résident non fourni. Professions des résidents ; lieu de travail et commanditaires peuvent être extérieurs au quartier. Visiteurs exclus du stock. activité/institution locale Budget civil 15,00 % ; coefficient 0,600000 ; part de filière 0,900 %. Apprentissage et qualification variable ; soins avancés et thérapie magique exigent formation.";1.7884468856263906e-06;4.0275532186725984e-07;0.00019045067368659107;0.04000036680358731;0.0038253479329257633
Gardien de cimetière;Agent funéraire;0.04401835661240716;0.0595454204485785;0.9684038454729575;A — activité attestée;"MJ135; SB99; SB182";"Garnison de centaines de soldats, prisonniers, clergé/étude/psychosurgery ; effectif résident non fourni. Professions des résidents ; lieu de travail et commanditaires peuvent être extérieurs au quartier. Visiteurs exclus du stock. activité/institution locale Budget civil 15,00 % ; coefficient 0,600000 ; part de filière 0,900 %. Apprentissage et qualification variable ; soins avancés et thérapie magique exigent formation.";1.7884468856263906e-06;4.0275532186725984e-07;0.00019045067368659107;0.04000036680358731;0.0038253479329257633
Momificateur;Agent funéraire;0;0;0.0;A — activité attestée;SB182;"Garnison de centaines de soldats, prisonniers, clergé/étude/psychosurgery ; effectif résident non fourni. Professions des résidents ; lieu de travail et commanditaires peuvent être extérieurs au quartier. Visiteurs exclus du stock. activité/institution locale Budget civil 15,00 % ; coefficient 0,000000 ; part de filière 0,000 %. Zéro proposé : Filière régionale non retenue dans ce scénario, sans interdiction universelle. Apprentissage et qualification variable ; soins avancés et thérapie magique exigent formation.";0;0;0;0;0
Gardien d’arbres funéraires;Agent funéraire;0;0;0.0;D — activité déduite;SB155;"Garnison de centaines de soldats, prisonniers, clergé/étude/psychosurgery ; effectif résident non fourni. Professions des résidents ; lieu de travail et commanditaires peuvent être extérieurs au quartier. Visiteurs exclus du stock. activité/institution locale Budget civil 15,00 % ; coefficient 0,000000 ; part de filière 0,000 %. Zéro proposé : Filière régionale non retenue dans ce scénario, sans interdiction universelle. Apprentissage et qualification variable ; soins avancés et thérapie magique exigent formation.";0;0;0;0;0
Marchand;Marchand;0.46593250725952795;0.6302858439201451;10.250515159709614;A — activité attestée;"MJ128; SB139";"Garnison de centaines de soldats, prisonniers, clergé/étude/psychosurgery ; effectif résident non fourni. Professions des résidents ; lieu de travail et commanditaires peuvent être extérieurs au quartier. Visiteurs exclus du stock. activité/institution locale Budget civil 14,00 % ; coefficient 28,125000 ; part de filière 10,209 %. Réseau, itinéraires, confiance et capital ; manutention distincte de propriété du fret.";0.0005800218170412581;0.0005224798689633227;0.02779478440948071;0.38918268619882757;0.047852534965215084
Colporteur;Marchand;0.18637300290381117;0.252114337568058;4.100206063883846;A — activité attestée;SB121;"Garnison de centaines de soldats, prisonniers, clergé/étude/psychosurgery ; effectif résident non fourni. Professions des résidents ; lieu de travail et commanditaires peuvent être extérieurs au quartier. Visiteurs exclus du stock. activité/institution locale Budget civil 14,00 % ; coefficient 11,250000 ; part de filière 4,083 %. Réseau, itinéraires, confiance et capital ; manutention distincte de propriété du fret.";0.00023200872681650321;0.00020899194758532908;0.011117913763792281;0.15567307447953102;0.019141013986086034
Courtier;Marchand;0.18637300290381117;0.252114337568058;4.100206063883846;A — activité attestée;SB149;"Garnison de centaines de soldats, prisonniers, clergé/étude/psychosurgery ; effectif résident non fourni. Professions des résidents ; lieu de travail et commanditaires peuvent être extérieurs au quartier. Visiteurs exclus du stock. activité/institution locale Budget civil 14,00 % ; coefficient 11,250000 ; part de filière 4,083 %. Réseau, itinéraires, confiance et capital ; manutention distincte de propriété du fret.";0.00023200872681650321;0.00020899194758532908;0.011117913763792281;0.15567307447953102;0.019141013986086034
Commissaire-priseur d’objets magiques;Marchand;0;0;0.0;A — activité attestée;SB139;"Garnison de centaines de soldats, prisonniers, clergé/étude/psychosurgery ; effectif résident non fourni. Professions des résidents ; lieu de travail et commanditaires peuvent être extérieurs au quartier. Visiteurs exclus du stock. activité/institution locale Budget civil 14,00 % ; coefficient 0,000000 ; part de filière 0,000 %. Zéro proposé : Filière régionale non retenue dans ce scénario, sans interdiction universelle. Réseau, itinéraires, confiance et capital ; manutention distincte de propriété du fret.";0;0;0;0;0
Comptable;Professionnel de finance;0.05177027858439199;0.07003176043557167;1.1389461288566238;D — activité déduite;"SB212; SB213";"Garnison de centaines de soldats, prisonniers, clergé/étude/psychosurgery ; effectif résident non fourni. Professions des résidents ; lieu de travail et commanditaires peuvent être extérieurs au quartier. Visiteurs exclus du stock. activité/institution locale Budget civil 14,00 % ; coefficient 3,125000 ; part de filière 1,134 %. Réseau, itinéraires, confiance et capital ; manutention distincte de propriété du fret.";6.44468685601398e-05;5.805331877370252e-05;0.00308830937883119;0.04324252068875861;0.005316948329468342
Banquier et employé de banque;Professionnel de finance;0.00414162228675136;0.005602540834845735;0.09111569030852992;A — activité attestée;"SB212; SB213";"Garnison de centaines de soldats, prisonniers, clergé/étude/psychosurgery ; effectif résident non fourni. Professions des résidents ; lieu de travail et commanditaires peuvent être extérieurs au quartier. Visiteurs exclus du stock. activité/institution locale Budget civil 14,00 % ; coefficient 0,250000 ; part de filière 0,091 %. Réseau, itinéraires, confiance et capital ; manutention distincte de propriété du fret.";1.5394395213188858e-05;1.3867170781240427e-05;0.00024590103538265685;0.0034431073139265748;0.0004233523714476986
Usurier et prêteur sur gages;Professionnel de finance;0.05177027858439199;0.07003176043557167;1.1389461288566238;D — activité déduite;"SB212; SB213";"Garnison de centaines de soldats, prisonniers, clergé/étude/psychosurgery ; effectif résident non fourni. Professions des résidents ; lieu de travail et commanditaires peuvent être extérieurs au quartier. Visiteurs exclus du stock. activité/institution locale Budget civil 14,00 % ; coefficient 3,125000 ; part de filière 1,134 %. Réseau, itinéraires, confiance et capital ; manutention distincte de propriété du fret.";6.44468685601398e-05;5.805331877370252e-05;0.00308830937883119;0.04324252068875861;0.005316948329468342
Changeur;Professionnel de finance;0.05177027858439199;0.07003176043557167;1.1389461288566238;D — activité déduite;"SB212; SB213";"Garnison de centaines de soldats, prisonniers, clergé/étude/psychosurgery ; effectif résident non fourni. Professions des résidents ; lieu de travail et commanditaires peuvent être extérieurs au quartier. Visiteurs exclus du stock. activité/institution locale Budget civil 14,00 % ; coefficient 3,125000 ; part de filière 1,134 %. Réseau, itinéraires, confiance et capital ; manutention distincte de propriété du fret.";6.44468685601398e-05;5.805331877370252e-05;0.00308830937883119;0.04324252068875861;0.005316948329468342
Assureur;Professionnel de finance;0.004141622286751359;0.005602540834845734;0.0911156903085299;D — activité déduite;"SB212; SB213";"Garnison de centaines de soldats, prisonniers, clergé/étude/psychosurgery ; effectif résident non fourni. Professions des résidents ; lieu de travail et commanditaires peuvent être extérieurs au quartier. Visiteurs exclus du stock. activité/institution locale Budget civil 14,00 % ; coefficient 0,250000 ; part de filière 0,091 %. Réseau, itinéraires, confiance et capital ; manutention distincte de propriété du fret.";5.155749484811184e-06;4.644265501896201e-06;0.000247064750306495;0.003459401655100689;0.00042535586635746736
Estimateur;Professionnel de finance;0.004141622286751359;0.005602540834845734;0.0911156903085299;A — activité attestée;"SB212; SB213";"Garnison de centaines de soldats, prisonniers, clergé/étude/psychosurgery ; effectif résident non fourni. Professions des résidents ; lieu de travail et commanditaires peuvent être extérieurs au quartier. Visiteurs exclus du stock. activité/institution locale Budget civil 14,00 % ; coefficient 0,250000 ; part de filière 0,091 %. Réseau, itinéraires, confiance et capital ; manutention distincte de propriété du fret.";5.155749484811184e-06;4.644265501896201e-06;0.000247064750306495;0.003459401655100689;0.00042535586635746736
Négociateur;Professionnel de finance;0.004141622286751359;0.005602540834845734;0.0911156903085299;A — activité attestée;"SB212; SB213";"Garnison de centaines de soldats, prisonniers, clergé/étude/psychosurgery ; effectif résident non fourni. Professions des résidents ; lieu de travail et commanditaires peuvent être extérieurs au quartier. Visiteurs exclus du stock. activité/institution locale Budget civil 14,00 % ; coefficient 0,250000 ; part de filière 0,091 %. Réseau, itinéraires, confiance et capital ; manutention distincte de propriété du fret.";5.155749484811184e-06;4.644265501896201e-06;0.000247064750306495;0.003459401655100689;0.00042535586635746736
Scribe;Scribe et auteur;0.14742253812949635;0.19942446043165465;3.24329583884892;A — activité attestée;"MJ128; SB32";"Garnison de centaines de soldats, prisonniers, clergé/étude/psychosurgery ; effectif résident non fourni. Professions des résidents ; lieu de travail et commanditaires peuvent être extérieurs au quartier. Visiteurs exclus du stock. activité/institution locale Budget civil 22,00 % ; coefficient 2,000000 ; part de filière 2,055 %. Instruction, autorisation ou initiation ; clergé, caste et office ne rendent pas noble.";0.0015934132330263618;0.00035883406138187494;0.009544592976067105;0.13364343030605497;0.0022822675529660364
Calligraphe;Scribe et auteur;0.14742253812949635;0.19942446043165465;3.24329583884892;A — activité attestée;"MJ128; SB32";"Garnison de centaines de soldats, prisonniers, clergé/étude/psychosurgery ; effectif résident non fourni. Professions des résidents ; lieu de travail et commanditaires peuvent être extérieurs au quartier. Visiteurs exclus du stock. activité/institution locale Budget civil 22,00 % ; coefficient 2,000000 ; part de filière 2,055 %. Instruction, autorisation ou initiation ; clergé, caste et office ne rendent pas noble.";0.0015934132330263618;0.00035883406138187494;0.009544592976067105;0.13364343030605497;0.0022822675529660364
Écrivain;Scribe et auteur;0.13606685263121274;0.18406316302041661;2.99347075788668;A — activité attestée;"MJ128; SB32";"Garnison de centaines de soldats, prisonniers, clergé/étude/psychosurgery ; effectif résident non fourni. Professions des résidents ; lieu de travail et commanditaires peuvent être extérieurs au quartier. Visiteurs exclus du stock. activité/institution locale Budget civil 6,00 % ; coefficient 2,000000 ; part de filière 6,956 %. Long apprentissage, frais, bourses, talent, licence ou secret ; titre ne donne pas maîtrise.";0.0005370903526473422;0.0001209518714761927;0.014298610195576066;0.12012551943938325;0.0009846807721298927
Journaliste et rédacteur;Scribe et auteur;0.13606685263121274;0.18406316302041661;2.99347075788668;A — activité attestée;CC9;"Garnison de centaines de soldats, prisonniers, clergé/étude/psychosurgery ; effectif résident non fourni. Professions des résidents ; lieu de travail et commanditaires peuvent être extérieurs au quartier. Visiteurs exclus du stock. activité/institution locale Budget civil 6,00 % ; coefficient 2,000000 ; part de filière 6,956 %. Long apprentissage, frais, bourses, talent, licence ou secret ; titre ne donne pas maîtrise.";0.0005370903526473422;0.0001209518714761927;0.014298610195576066;0.12012551943938325;0.0009846807721298927
Traducteur;Scribe et auteur;0.14742253812949635;0.19942446043165465;3.24329583884892;D — activité déduite;SB198;"Garnison de centaines de soldats, prisonniers, clergé/étude/psychosurgery ; effectif résident non fourni. Professions des résidents ; lieu de travail et commanditaires peuvent être extérieurs au quartier. Visiteurs exclus du stock. activité/institution locale Budget civil 22,00 % ; coefficient 2,000000 ; part de filière 2,055 %. Instruction, autorisation ou initiation ; clergé, caste et office ne rendent pas noble.";0.0015934132330263618;0.00035883406138187494;0.009544592976067105;0.13364343030605497;0.0022822675529660364
Bibliothécaire;Érudit;0.09582464978417263;0.12962589928057552;2.1081422952517976;A — activité attestée;MJ138;"Garnison de centaines de soldats, prisonniers, clergé/étude/psychosurgery ; effectif résident non fourni. Professions des résidents ; lieu de travail et commanditaires peuvent être extérieurs au quartier. Visiteurs exclus du stock. activité/institution locale Budget civil 22,00 % ; coefficient 1,300000 ; part de filière 1,336 %. Instruction, autorisation ou initiation ; clergé, caste et office ne rendent pas noble.";0.0010357186014671358;0.0002332421398982189;0.00620398543444362;0.08686822969893573;0.0014834739094279244
Conservateur de musée;Érudit;0.09582464978417263;0.12962589928057552;2.1081422952517976;A — activité attestée;PG48;"Garnison de centaines de soldats, prisonniers, clergé/étude/psychosurgery ; effectif résident non fourni. Professions des résidents ; lieu de travail et commanditaires peuvent être extérieurs au quartier. Visiteurs exclus du stock. activité/institution locale Budget civil 22,00 % ; coefficient 1,300000 ; part de filière 1,336 %. Instruction, autorisation ou initiation ; clergé, caste et office ne rendent pas noble.";0.0010357186014671358;0.0002332421398982189;0.00620398543444362;0.08686822969893573;0.0014834739094279244
Historien;Érudit;0.08844345421028829;0.11964105596327082;1.9457559926263424;A — activité attestée;PG46;"Garnison de centaines de soldats, prisonniers, clergé/étude/psychosurgery ; effectif résident non fourni. Professions des résidents ; lieu de travail et commanditaires peuvent être extérieurs au quartier. Visiteurs exclus du stock. activité/institution locale Budget civil 6,00 % ; coefficient 1,300000 ; part de filière 4,522 %. Long apprentissage, frais, bourses, talent, licence ou secret ; titre ne donne pas maîtrise.";0.001037293138892752;0.00023359672315855661;0.009205062164100917;0.07733359108401705;0.0006339111001190128
Astronome;Érudit;0.08844345421028829;0.11964105596327082;1.9457559926263424;A — activité attestée;MJ138;"Garnison de centaines de soldats, prisonniers, clergé/étude/psychosurgery ; effectif résident non fourni. Professions des résidents ; lieu de travail et commanditaires peuvent être extérieurs au quartier. Visiteurs exclus du stock. activité/institution locale Budget civil 6,00 % ; coefficient 1,300000 ; part de filière 4,522 %. Long apprentissage, frais, bourses, talent, licence ou secret ; titre ne donne pas maîtrise.";0.00034910872922077235;7.861871645952528e-05;0.009294096627124443;0.07808158763559912;0.0006400425018844305
Chercheur non arcanique;Érudit;0.08844345421028829;0.11964105596327082;1.9457559926263424;A — activité attestée;"MJ138; PG46";"Garnison de centaines de soldats, prisonniers, clergé/étude/psychosurgery ; effectif résident non fourni. Professions des résidents ; lieu de travail et commanditaires peuvent être extérieurs au quartier. Visiteurs exclus du stock. activité/institution locale Budget civil 6,00 % ; coefficient 1,300000 ; part de filière 4,522 %. Long apprentissage, frais, bourses, talent, licence ou secret ; titre ne donne pas maîtrise.";0.001037293138892752;0.00023359672315855661;0.009205062164100917;0.07733359108401705;0.0006339111001190128
Mathématicien;Érudit;0.061910417947201805;0.08374873917428957;1.3620291948384398;A — activité attestée;SB174;"Garnison de centaines de soldats, prisonniers, clergé/étude/psychosurgery ; effectif résident non fourni. Professions des résidents ; lieu de travail et commanditaires peuvent être extérieurs au quartier. Visiteurs exclus du stock. activité/institution locale Budget civil 6,00 % ; coefficient 0,910000 ; part de filière 3,165 %. Long apprentissage, frais, bourses, talent, licence ou secret ; titre ne donne pas maîtrise.";0.00024437611045454073;5.503310152166772e-05;0.006505867638987113;0.054657111344919386;0.0004480297513191015
Philosophe;Érudit;0.061910417947201805;0.08374873917428957;1.3620291948384398;A — activité attestée;SB178;"Garnison de centaines de soldats, prisonniers, clergé/étude/psychosurgery ; effectif résident non fourni. Professions des résidents ; lieu de travail et commanditaires peuvent être extérieurs au quartier. Visiteurs exclus du stock. activité/institution locale Budget civil 6,00 % ; coefficient 0,910000 ; part de filière 3,165 %. Long apprentissage, frais, bourses, talent, licence ou secret ; titre ne donne pas maîtrise.";0.00024437611045454073;5.503310152166772e-05;0.006505867638987113;0.054657111344919386;0.0004480297513191015
Archéologue;Érudit;0.08844345421028829;0.11964105596327082;1.9457559926263424;D — activité déduite;PG48;"Garnison de centaines de soldats, prisonniers, clergé/étude/psychosurgery ; effectif résident non fourni. Professions des résidents ; lieu de travail et commanditaires peuvent être extérieurs au quartier. Visiteurs exclus du stock. activité/institution locale Budget civil 6,00 % ; coefficient 1,300000 ; part de filière 4,522 %. Long apprentissage, frais, bourses, talent, licence ou secret ; titre ne donne pas maîtrise.";0.00034910872922077235;7.861871645952528e-05;0.009294096627124443;0.07808158763559912;0.0006400425018844305
Professeur;Enseignant;0.1253091574100719;0.16951079136690647;2.756801463021582;A — activité attestée;"MJ138; SB141";"Garnison de centaines de soldats, prisonniers, clergé/étude/psychosurgery ; effectif résident non fourni. Professions des résidents ; lieu de travail et commanditaires peuvent être extérieurs au quartier. Visiteurs exclus du stock. activité/institution locale Budget civil 22,00 % ; coefficient 1,700000 ; part de filière 1,747 %. Instruction, autorisation ou initiation ; clergé, caste et office ne rendent pas noble.";0.001354401248072408;0.00030500895217459395;0.008112904029657038;0.11359691576014673;0.0019399274200211315
Enseignant de magie arcanique;Enseignant;0.0034697047420959247;0.004693610657020624;0.07633350432611034;A — activité attestée;SB141;"Garnison de centaines de soldats, prisonniers, clergé/étude/psychosurgery ; effectif résident non fourni. Professions des résidents ; lieu de travail et commanditaires peuvent être extérieurs au quartier. Visiteurs exclus du stock. activité/institution locale Budget civil 6,00 % ; coefficient 0,051000 ; part de filière 0,177 %. Long apprentissage, frais, bourses, talent, licence ou secret ; titre ne donne pas maîtrise.";1.3695803992507224e-05;3.084272722642914e-06;0.00036461455998718957;0.003063200745704273;2.510935968931227e-05
Instructeur martial;Enseignant;0;0;0.0;A — activité attestée;SB94;"Garnison de centaines de soldats, prisonniers, clergé/étude/psychosurgery ; effectif résident non fourni. Professions des résidents ; lieu de travail et commanditaires peuvent être extérieurs au quartier. Visiteurs exclus du stock. activité/institution locale Budget civil 22,00 % ; coefficient 0,000000 ; part de filière 0,000 %. Zéro proposé : Technique de site, institution, secret ou habilitation concentrée dans les implantations autorisées du scénario. Instruction, autorisation ou initiation ; clergé, caste et office ne rendent pas noble.";0;0;0;0;0
Formateur de tir à l’arc;Enseignant;0;0;0.0;A — activité attestée;SB155;"Garnison de centaines de soldats, prisonniers, clergé/étude/psychosurgery ; effectif résident non fourni. Professions des résidents ; lieu de travail et commanditaires peuvent être extérieurs au quartier. Visiteurs exclus du stock. activité/institution locale Budget civil 22,00 % ; coefficient 0,000000 ; part de filière 0,000 %. Zéro proposé : Technique de site, institution, secret ou habilitation concentrée dans les implantations autorisées du scénario. Instruction, autorisation ou initiation ; clergé, caste et office ne rendent pas noble.";0;0;0;0;0
Ingénieur;Ingénieur;0.17008356578901593;0.23007895377552076;3.741838447358351;A — activité attestée;SB174;"Garnison de centaines de soldats, prisonniers, clergé/étude/psychosurgery ; effectif résident non fourni. Professions des résidents ; lieu de travail et commanditaires peuvent être extérieurs au quartier. Visiteurs exclus du stock. activité/institution locale Budget civil 6,00 % ; coefficient 2,500000 ; part de filière 8,695 %. Long apprentissage, frais, bourses, talent, licence ou secret ; titre ne donne pas maîtrise.";0.0019947944978706785;0.00044922446761260887;0.017702042623270995;0.14871844439234047;0.0012190598079211785
Inventeur;Ingénieur;0.04082005578936382;0.055218948906124984;0.898041227366004;A — activité attestée;SB178;"Garnison de centaines de soldats, prisonniers, clergé/étude/psychosurgery ; effectif résident non fourni. Professions des résidents ; lieu de travail et commanditaires peuvent être extérieurs au quartier. Visiteurs exclus du stock. activité/institution locale Budget civil 6,00 % ; coefficient 0,600000 ; part de filière 2,087 %. Long apprentissage, frais, bourses, talent, licence ou secret ; titre ne donne pas maîtrise.";0.00016112710579420267;3.6285561442857824e-05;0.004289583058672819;0.03603765583181497;0.0002954042316389679
Ingénieur mystique;Ingénieur;0.06803342631560637;0.09203158151020831;1.49673537894334;A — activité attestée;SB174;"Garnison de centaines de soldats, prisonniers, clergé/étude/psychosurgery ; effectif résident non fourni. Professions des résidents ; lieu de travail et commanditaires peuvent être extérieurs au quartier. Visiteurs exclus du stock. activité/institution locale Budget civil 6,00 % ; coefficient 1,000000 ; part de filière 3,478 %. Long apprentissage, frais, bourses, talent, licence ou secret ; titre ne donne pas maîtrise.";0.0002685451763236711;6.047593573809635e-05;0.007149305097788033;0.060062759719691626;0.0004923403860649464
Créateur et mainteneur de golems;Ingénieur;0.06803342631560637;0.09203158151020831;1.49673537894334;D — activité déduite;SB174;"Garnison de centaines de soldats, prisonniers, clergé/étude/psychosurgery ; effectif résident non fourni. Professions des résidents ; lieu de travail et commanditaires peuvent être extérieurs au quartier. Visiteurs exclus du stock. activité/institution locale Budget civil 6,00 % ; coefficient 1,000000 ; part de filière 3,478 %. Long apprentissage, frais, bourses, talent, licence ou secret ; titre ne donne pas maîtrise.";0.0002685451763236711;6.047593573809635e-05;0.007149305097788033;0.060062759719691626;0.0004923403860649464
Chercheur en golems;Ingénieur;0.05442674105248511;0.07362526520816666;1.1973883031546724;A — activité attestée;SB178;"Garnison de centaines de soldats, prisonniers, clergé/étude/psychosurgery ; effectif résident non fourni. Professions des résidents ; lieu de travail et commanditaires peuvent être extérieurs au quartier. Visiteurs exclus du stock. activité/institution locale Budget civil 6,00 % ; coefficient 0,800000 ; part de filière 2,783 %. Long apprentissage, frais, bourses, talent, licence ou secret ; titre ne donne pas maîtrise.";0.0002148361410589369;4.838074859047708e-05;0.0057194440782304245;0.04805020777575331;0.0003938723088519572
Ingénieur de réacteurs de bauronite;Ingénieur;0;0;0.0;D — activité déduite;SB174;"Garnison de centaines de soldats, prisonniers, clergé/étude/psychosurgery ; effectif résident non fourni. Professions des résidents ; lieu de travail et commanditaires peuvent être extérieurs au quartier. Visiteurs exclus du stock. activité/institution locale Accès aux secrets des réacteurs; savoir détenu par un petit nombre Budget civil 6,00 % ; coefficient 0,000000 ; part de filière 0,000 %. Zéro proposé : Filière régionale non retenue dans ce scénario, sans interdiction universelle. Long apprentissage, frais, bourses, talent, licence ou secret ; titre ne donne pas maîtrise.";0;0;0;0;0
Technicien de communication runique;Ingénieur;0;0;0.0;D — activité déduite;SB174;"Garnison de centaines de soldats, prisonniers, clergé/étude/psychosurgery ; effectif résident non fourni. Professions des résidents ; lieu de travail et commanditaires peuvent être extérieurs au quartier. Visiteurs exclus du stock. activité/institution locale Budget civil 6,00 % ; coefficient 0,000000 ; part de filière 0,000 %. Zéro proposé : Filière régionale non retenue dans ce scénario, sans interdiction universelle. Long apprentissage, frais, bourses, talent, licence ou secret ; titre ne donne pas maîtrise.";0;0;0;0;0
Chercheur en magie;Praticien des services arcaniques;0.0020410027894681914;0.0027609474453062495;0.04490206136830021;A — activité attestée;"SB138; SB139";"Garnison de centaines de soldats, prisonniers, clergé/étude/psychosurgery ; effectif résident non fourni. Professions des résidents ; lieu de travail et commanditaires peuvent être extérieurs au quartier. Visiteurs exclus du stock. activité/institution locale Budget civil 6,00 % ; coefficient 0,030000 ; part de filière 0,104 %. Long apprentissage, frais, bourses, talent, licence ou secret ; titre ne donne pas maîtrise.";8.056355289710135e-06;1.814278072142891e-06;0.00021447915293364102;0.001801882791590749;1.4770211581948396e-05
Fabricant d’objets magiques;Praticien des services arcaniques;0.06803342631560637;0.09203158151020831;1.49673537894334;A — activité attestée;SB138;"Garnison de centaines de soldats, prisonniers, clergé/étude/psychosurgery ; effectif résident non fourni. Professions des résidents ; lieu de travail et commanditaires peuvent être extérieurs au quartier. Visiteurs exclus du stock. activité/institution locale Budget civil 6,00 % ; coefficient 1,000000 ; part de filière 3,478 %. Long apprentissage, frais, bourses, talent, licence ou secret ; titre ne donne pas maîtrise.";0.0002685451763236711;6.047593573809635e-05;0.007149305097788033;0.060062759719691626;0.0004923403860649464
Fabricant de parchemins magiques;Praticien des services arcaniques;0.06803342631560637;0.09203158151020831;1.49673537894334;A — activité attestée;SB138;"Garnison de centaines de soldats, prisonniers, clergé/étude/psychosurgery ; effectif résident non fourni. Professions des résidents ; lieu de travail et commanditaires peuvent être extérieurs au quartier. Visiteurs exclus du stock. activité/institution locale Budget civil 6,00 % ; coefficient 1,000000 ; part de filière 3,478 %. Long apprentissage, frais, bourses, talent, licence ou secret ; titre ne donne pas maîtrise.";0.0002685451763236711;6.047593573809635e-05;0.007149305097788033;0.060062759719691626;0.0004923403860649464
Nécromancien de service;Praticien des services arcaniques;0.06803342631560637;0.09203158151020831;1.49673537894334;D — activité déduite;"SB108; SB170";"Garnison de centaines de soldats, prisonniers, clergé/étude/psychosurgery ; effectif résident non fourni. Professions des résidents ; lieu de travail et commanditaires peuvent être extérieurs au quartier. Visiteurs exclus du stock. activité/institution locale Budget civil 6,00 % ; coefficient 1,000000 ; part de filière 3,478 %. Long apprentissage, frais, bourses, talent, licence ou secret ; titre ne donne pas maîtrise.";0.0002685451763236711;6.047593573809635e-05;0.007149305097788033;0.060062759719691626;0.0004923403860649464
Illusionniste de service;Praticien des services arcaniques;0.06803342631560637;0.09203158151020831;1.49673537894334;D — activité déduite;"SB107; SB142";"Garnison de centaines de soldats, prisonniers, clergé/étude/psychosurgery ; effectif résident non fourni. Professions des résidents ; lieu de travail et commanditaires peuvent être extérieurs au quartier. Visiteurs exclus du stock. activité/institution locale Budget civil 6,00 % ; coefficient 1,000000 ; part de filière 3,478 %. Long apprentissage, frais, bourses, talent, licence ou secret ; titre ne donne pas maîtrise.";0.0002685451763236711;6.047593573809635e-05;0.007149305097788033;0.060062759719691626;0.0004923403860649464
Chercheur en aethermancy;Praticien des services arcaniques;0;0;0.0;A — activité attestée;SB140;"Garnison de centaines de soldats, prisonniers, clergé/étude/psychosurgery ; effectif résident non fourni. Professions des résidents ; lieu de travail et commanditaires peuvent être extérieurs au quartier. Visiteurs exclus du stock. activité/institution locale Budget civil 6,00 % ; coefficient 0,000000 ; part de filière 0,000 %. Zéro proposé : Filière régionale non retenue dans ce scénario, sans interdiction universelle. Long apprentissage, frais, bourses, talent, licence ou secret ; titre ne donne pas maîtrise.";0;0;0;0;0
Chercheur en biomancy;Praticien des services arcaniques;0;0;0.0;A — activité attestée;SB140;"Garnison de centaines de soldats, prisonniers, clergé/étude/psychosurgery ; effectif résident non fourni. Professions des résidents ; lieu de travail et commanditaires peuvent être extérieurs au quartier. Visiteurs exclus du stock. activité/institution locale Budget civil 6,00 % ; coefficient 0,000000 ; part de filière 0,000 %. Zéro proposé : Filière régionale non retenue dans ce scénario, sans interdiction universelle. Long apprentissage, frais, bourses, talent, licence ou secret ; titre ne donne pas maîtrise.";0;0;0;0;0
Désenchanteur et récupérateur arcanique;Praticien des services arcaniques;0;0;0.0;A — activité attestée;SB139;"Garnison de centaines de soldats, prisonniers, clergé/étude/psychosurgery ; effectif résident non fourni. Professions des résidents ; lieu de travail et commanditaires peuvent être extérieurs au quartier. Visiteurs exclus du stock. activité/institution locale Budget civil 6,00 % ; coefficient 0,000000 ; part de filière 0,000 %. Zéro proposé : Filière régionale non retenue dans ce scénario, sans interdiction universelle. Long apprentissage, frais, bourses, talent, licence ou secret ; titre ne donne pas maîtrise.";0;0;0;0;0
Extracteur de mémoire;Praticien des services arcaniques;0;0;0.0;A — activité attestée;SB140;"Garnison de centaines de soldats, prisonniers, clergé/étude/psychosurgery ; effectif résident non fourni. Professions des résidents ; lieu de travail et commanditaires peuvent être extérieurs au quartier. Visiteurs exclus du stock. activité/institution locale Budget civil 6,00 % ; coefficient 0,000000 ; part de filière 0,000 %. Zéro proposé : Filière régionale non retenue dans ce scénario, sans interdiction universelle. Long apprentissage, frais, bourses, talent, licence ou secret ; titre ne donne pas maîtrise.";0;0;0;0;0
Certificateur et inspecteur arcanique;Praticien des services arcaniques;0;0;0.0;A — activité attestée;SB139;"Garnison de centaines de soldats, prisonniers, clergé/étude/psychosurgery ; effectif résident non fourni. Professions des résidents ; lieu de travail et commanditaires peuvent être extérieurs au quartier. Visiteurs exclus du stock. activité/institution locale Budget civil 6,00 % ; coefficient 0,000000 ; part de filière 0,000 %. Zéro proposé : Filière régionale non retenue dans ce scénario, sans interdiction universelle. Long apprentissage, frais, bourses, talent, licence ou secret ; titre ne donne pas maîtrise.";0;0;0;0;0
Opérateur de transport magique;Praticien des services arcaniques;0.06803342631560637;0.09203158151020831;1.49673537894334;D — activité déduite;SB142;"Garnison de centaines de soldats, prisonniers, clergé/étude/psychosurgery ; effectif résident non fourni. Professions des résidents ; lieu de travail et commanditaires peuvent être extérieurs au quartier. Visiteurs exclus du stock. activité/institution locale Budget civil 6,00 % ; coefficient 1,000000 ; part de filière 3,478 %. Long apprentissage, frais, bourses, talent, licence ou secret ; titre ne donne pas maîtrise.";0.0002685451763236711;6.047593573809635e-05;0.007149305097788033;0.060062759719691626;0.0004923403860649464
Restaurateur de runes de tunnels;Praticien des services arcaniques;0;0;0.0;A — activité attestée;SB161;"Garnison de centaines de soldats, prisonniers, clergé/étude/psychosurgery ; effectif résident non fourni. Professions des résidents ; lieu de travail et commanditaires peuvent être extérieurs au quartier. Visiteurs exclus du stock. activité/institution locale Budget civil 6,00 % ; coefficient 0,000000 ; part de filière 0,000 %. Zéro proposé : Filière régionale non retenue dans ce scénario, sans interdiction universelle. Long apprentissage, frais, bourses, talent, licence ou secret ; titre ne donne pas maîtrise.";0;0;0;0;0
Artificier psychique;Praticien des services arcaniques;0;0;0.0;A — activité attestée;PG8;"Garnison de centaines de soldats, prisonniers, clergé/étude/psychosurgery ; effectif résident non fourni. Professions des résidents ; lieu de travail et commanditaires peuvent être extérieurs au quartier. Visiteurs exclus du stock. activité/institution locale Budget civil 6,00 % ; coefficient 0,000000 ; part de filière 0,000 %. Zéro proposé : Filière régionale non retenue dans ce scénario, sans interdiction universelle. Long apprentissage, frais, bourses, talent, licence ou secret ; titre ne donne pas maîtrise.";0;0;0;0;0
Guérisseur;Soigneur;0.6235933853424347;0.8435601230215287;13.719054477533565;A — activité attestée;"MJ141; PG36";"Garnison de centaines de soldats, prisonniers, clergé/étude/psychosurgery ; effectif résident non fourni. Professions des résidents ; lieu de travail et commanditaires peuvent être extérieurs au quartier. Visiteurs exclus du stock. activité/institution locale Budget civil 15,00 % ; coefficient 8,500000 ; part de filière 12,752 %. Apprentissage et qualification variable ; soins avancés et thérapie magique exigent formation.";2.5336330879707208e-05;5.705700393119517e-06;0.0026980512105600415;0.5666718630508202;0.05419242904978167
Chirurgien;Soigneur;0.0935390078013652;0.1265340184532293;2.0578581716300346;P — activité proposée;"MJ141; PG36";"Garnison de centaines de soldats, prisonniers, clergé/étude/psychosurgery ; effectif résident non fourni. Professions des résidents ; lieu de travail et commanditaires peuvent être extérieurs au quartier. Visiteurs exclus du stock. activité/institution locale Budget civil 15,00 % ; coefficient 1,275000 ; part de filière 1,913 %. Apprentissage et qualification variable ; soins avancés et thérapie magique exigent formation.";3.8004496319560806e-06;8.558550589679271e-07;0.00040470768158400606;0.08500077945762302;0.008128864357467246
Praticien de psychosurgery;Soigneur;0.04988747082739478;0.06748480984172231;1.0975243582026852;D — activité déduite;SB94;"Garnison de centaines de soldats, prisonniers, clergé/étude/psychosurgery ; effectif résident non fourni. Professions des résidents ; lieu de travail et commanditaires peuvent être extérieurs au quartier. Visiteurs exclus du stock. activité/institution locale Budget civil 15,00 % ; coefficient 0,680000 ; part de filière 1,020 %. Apprentissage et qualification variable ; soins avancés et thérapie magique exigent formation.";2.026906470376576e-06;4.564560314495609e-07;0.00021584409684480315;0.04533374904406562;0.00433539432398253
Opérateur de thérapie onirique;Soigneur;0;0;0.0;D — activité déduite;"SB141; SB228";"Garnison de centaines de soldats, prisonniers, clergé/étude/psychosurgery ; effectif résident non fourni. Professions des résidents ; lieu de travail et commanditaires peuvent être extérieurs au quartier. Visiteurs exclus du stock. activité/institution locale Budget civil 15,00 % ; coefficient 0,000000 ; part de filière 0,000 %. Zéro proposé : Technique de site, institution, secret ou habilitation concentrée dans les implantations autorisées du scénario. Apprentissage et qualification variable ; soins avancés et thérapie magique exigent formation.";0;0;0;0;0
Prêtre et officiant;Officiant religieux;0.4422676143884891;0.598273381294964;9.72988751654676;A — activité attestée;"MJ127; SB182";"Garnison de centaines de soldats, prisonniers, clergé/étude/psychosurgery ; effectif résident non fourni. Professions des résidents ; lieu de travail et commanditaires peuvent être extérieurs au quartier. Visiteurs exclus du stock. activité/institution locale Budget civil 22,00 % ; coefficient 6,000000 ; part de filière 6,166 %. Instruction, autorisation ou initiation ; clergé, caste et office ne rendent pas noble.";0.0047802396990790875;0.001076502184145625;0.02863377892820132;0.40093029091816496;0.006846802658898112
Acolyte;Officiant religieux;0.4422676143884891;0.598273381294964;9.72988751654676;A — activité attestée;"MJ127; SB182";"Garnison de centaines de soldats, prisonniers, clergé/étude/psychosurgery ; effectif résident non fourni. Professions des résidents ; lieu de travail et commanditaires peuvent être extérieurs au quartier. Visiteurs exclus du stock. activité/institution locale Budget civil 22,00 % ; coefficient 6,000000 ; part de filière 6,166 %. Instruction, autorisation ou initiation ; clergé, caste et office ne rendent pas noble.";0.0047802396990790875;0.001076502184145625;0.02863377892820132;0.40093029091816496;0.006846802658898112
Shaman;Officiant religieux;0.4422676143884891;0.598273381294964;9.72988751654676;A — activité attestée;"SB129; SB191";"Garnison de centaines de soldats, prisonniers, clergé/étude/psychosurgery ; effectif résident non fourni. Professions des résidents ; lieu de travail et commanditaires peuvent être extérieurs au quartier. Visiteurs exclus du stock. activité/institution locale Budget civil 22,00 % ; coefficient 6,000000 ; part de filière 6,166 %. Instruction, autorisation ou initiation ; clergé, caste et office ne rendent pas noble.";0.0047802396990790875;0.001076502184145625;0.02863377892820132;0.40093029091816496;0.006846802658898112
Sugenja;Officiant religieux;0;0;0.0;A — activité attestée;SB198;"Garnison de centaines de soldats, prisonniers, clergé/étude/psychosurgery ; effectif résident non fourni. Professions des résidents ; lieu de travail et commanditaires peuvent être extérieurs au quartier. Visiteurs exclus du stock. activité/institution locale Budget civil 22,00 % ; coefficient 0,000000 ; part de filière 0,000 %. Zéro proposé : Filière régionale non retenue dans ce scénario, sans interdiction universelle. Instruction, autorisation ou initiation ; clergé, caste et office ne rendent pas noble.";0;0;0;0;0
Gardien et officiant druidique;Officiant religieux;0.4422676143884891;0.598273381294964;9.72988751654676;A — activité attestée;SB153;"Garnison de centaines de soldats, prisonniers, clergé/étude/psychosurgery ; effectif résident non fourni. Professions des résidents ; lieu de travail et commanditaires peuvent être extérieurs au quartier. Visiteurs exclus du stock. activité/institution locale Budget civil 22,00 % ; coefficient 6,000000 ; part de filière 6,166 %. Instruction, autorisation ou initiation ; clergé, caste et office ne rendent pas noble.";0.0047802396990790875;0.001076502184145625;0.02863377892820132;0.40093029091816496;0.006846802658898112
Gardien-purificateur de Mother Tree;Officiant religieux;0;0;0.0;A — activité attestée;SB153;"Garnison de centaines de soldats, prisonniers, clergé/étude/psychosurgery ; effectif résident non fourni. Professions des résidents ; lieu de travail et commanditaires peuvent être extérieurs au quartier. Visiteurs exclus du stock. activité/institution locale Budget civil 22,00 % ; coefficient 0,000000 ; part de filière 0,000 %. Zéro proposé : Filière régionale non retenue dans ce scénario, sans interdiction universelle. Instruction, autorisation ou initiation ; clergé, caste et office ne rendent pas noble.";0;0;0;0;0
Officiant des rites Ba-Akhu;Officiant religieux;0;0;0.0;A — activité attestée;SB184;"Garnison de centaines de soldats, prisonniers, clergé/étude/psychosurgery ; effectif résident non fourni. Professions des résidents ; lieu de travail et commanditaires peuvent être extérieurs au quartier. Visiteurs exclus du stock. activité/institution locale Budget civil 22,00 % ; coefficient 0,000000 ; part de filière 0,000 %. Zéro proposé : Filière régionale non retenue dans ce scénario, sans interdiction universelle. Instruction, autorisation ou initiation ; clergé, caste et office ne rendent pas noble.";0;0;0;0;0
Garde et sentinelle;Garde et surveillant;0.29595026354665904;0.40034395263603045;6.510905798026499;A — activité attestée;"MJ140; SB90";"Garnison de centaines de soldats, prisonniers, clergé/étude/psychosurgery ; effectif résident non fourni. Professions des résidents ; lieu de travail et commanditaires peuvent être extérieurs au quartier. Visiteurs exclus du stock. activité/institution locale Budget civil 10,00 % ; coefficient 64,400000 ; part de filière 9,078 %. Entraînement, loyauté, armes et habilitations ; aucun métier verrouillé par naissance sauf source explicite.";0.0008183413022262101;0.00018428912662952964;0.009150192619388594;0.2745450747460319;0.011252365752382795
Garde du corps;Garde et surveillant;0.29595026354665904;0.40034395263603045;6.510905798026499;A — activité attestée;"MJ140; SB90";"Garnison de centaines de soldats, prisonniers, clergé/étude/psychosurgery ; effectif résident non fourni. Professions des résidents ; lieu de travail et commanditaires peuvent être extérieurs au quartier. Visiteurs exclus du stock. activité/institution locale Budget civil 10,00 % ; coefficient 64,400000 ; part de filière 9,078 %. Entraînement, loyauté, armes et habilitations ; aucun métier verrouillé par naissance sauf source explicite.";0.0008183413022262101;0.00018428912662952964;0.009150192619388594;0.2745450747460319;0.011252365752382795
Soldat;Combattant professionnel;39.845035999999986;53.89999999999999;876.5907919999996;A — activité attestée;"MJ140; SB90";"Garnison de centaines de soldats, prisonniers, clergé/étude/psychosurgery ; effectif résident non fourni. Professions des résidents ; lieu de travail et commanditaires peuvent être extérieurs au quartier. Visiteurs exclus du stock. activité/institution locale Garnison incluse dans les résidents par convention proposée, comptée une seule fois. Entraînement, loyauté, armes et habilitations ; aucun métier verrouillé par naissance sauf source explicite.";0.02761435251488643;0.006218707150139222;1.235067294702241;37.05732292694219;1.5188127186905251
Mercenaire;Combattant professionnel;0.29595026354665904;0.40034395263603045;6.510905798026499;A — activité attestée;"MJ140; SB90";"Garnison de centaines de soldats, prisonniers, clergé/étude/psychosurgery ; effectif résident non fourni. Professions des résidents ; lieu de travail et commanditaires peuvent être extérieurs au quartier. Visiteurs exclus du stock. activité/institution locale Budget civil 10,00 % ; coefficient 64,400000 ; part de filière 9,078 %. Entraînement, loyauté, armes et habilitations ; aucun métier verrouillé par naissance sauf source explicite.";0.0008183413022262101;0.00018428912662952964;0.009150192619388594;0.2745450747460319;0.011252365752382795
Éclaireur;Combattant professionnel;0.29595026354665904;0.40034395263603045;6.510905798026499;A — activité attestée;"MJ140; SB90";"Garnison de centaines de soldats, prisonniers, clergé/étude/psychosurgery ; effectif résident non fourni. Professions des résidents ; lieu de travail et commanditaires peuvent être extérieurs au quartier. Visiteurs exclus du stock. activité/institution locale Budget civil 10,00 % ; coefficient 64,400000 ; part de filière 9,078 %. Entraînement, loyauté, armes et habilitations ; aucun métier verrouillé par naissance sauf source explicite.";0.0008183413022262101;0.00018428912662952964;0.009150192619388594;0.2745450747460319;0.011252365752382795
Chasseur de primes;Combattant professionnel;0.29595026354665904;0.40034395263603045;6.510905798026499;A — activité attestée;MJ140;"Garnison de centaines de soldats, prisonniers, clergé/étude/psychosurgery ; effectif résident non fourni. Professions des résidents ; lieu de travail et commanditaires peuvent être extérieurs au quartier. Visiteurs exclus du stock. activité/institution locale Budget civil 10,00 % ; coefficient 64,400000 ; part de filière 9,078 %. Entraînement, loyauté, armes et habilitations ; aucun métier verrouillé par naissance sauf source explicite.";0.0008183413022262101;0.00018428912662952964;0.009150192619388594;0.2745450747460319;0.011252365752382795
Gladiateur;Combattant professionnel;0.29595026354665904;0.40034395263603045;6.510905798026499;A — activité attestée;MJ130;"Garnison de centaines de soldats, prisonniers, clergé/étude/psychosurgery ; effectif résident non fourni. Professions des résidents ; lieu de travail et commanditaires peuvent être extérieurs au quartier. Visiteurs exclus du stock. activité/institution locale Budget civil 10,00 % ; coefficient 64,400000 ; part de filière 9,078 %. Entraînement, loyauté, armes et habilitations ; aucun métier verrouillé par naissance sauf source explicite.";0.0008183413022262101;0.00018428912662952964;0.009150192619388594;0.2745450747460319;0.011252365752382795
Champion d’arène;Combattant professionnel;0.29595026354665904;0.40034395263603045;6.510905798026499;A — activité attestée;SB90;"Garnison de centaines de soldats, prisonniers, clergé/étude/psychosurgery ; effectif résident non fourni. Professions des résidents ; lieu de travail et commanditaires peuvent être extérieurs au quartier. Visiteurs exclus du stock. activité/institution locale Budget civil 10,00 % ; coefficient 64,400000 ; part de filière 9,078 %. Entraînement, loyauté, armes et habilitations ; aucun métier verrouillé par naissance sauf source explicite.";0.0008183413022262101;0.00018428912662952964;0.009150192619388594;0.2745450747460319;0.011252365752382795
Veilleur de nuit;Garde et surveillant;0.29595026354665904;0.40034395263603045;6.510905798026499;P — activité proposée;"MJ140; SB90";"Garnison de centaines de soldats, prisonniers, clergé/étude/psychosurgery ; effectif résident non fourni. Professions des résidents ; lieu de travail et commanditaires peuvent être extérieurs au quartier. Visiteurs exclus du stock. activité/institution locale Budget civil 10,00 % ; coefficient 64,400000 ; part de filière 9,078 %. Entraînement, loyauté, armes et habilitations ; aucun métier verrouillé par naissance sauf source explicite.";0.0008183413022262101;0.00018428912662952964;0.009150192619388594;0.2745450747460319;0.011252365752382795
Guide;Guide;2.6672047526678755;3.608036297640653;58.678504558693255;A — activité attestée;MJ140;"Garnison de centaines de soldats, prisonniers, clergé/étude/psychosurgery ; effectif résident non fourni. Professions des résidents ; lieu de travail et commanditaires peuvent être extérieurs au quartier. Visiteurs exclus du stock. activité/institution locale Budget civil 14,00 % ; coefficient 161,000000 ; part de filière 58,439 %. Réseau, itinéraires, confiance et capital ; manutention distincte de propriété du fret.";0.0033203026682184027;0.002990906983221154;0.15910969919738288;2.227854665884844;0.2739291779342089
Gardien de domaine;Garde et surveillant;0.29595026354665904;0.40034395263603045;6.510905798026499;A — activité attestée;MJ140;"Garnison de centaines de soldats, prisonniers, clergé/étude/psychosurgery ; effectif résident non fourni. Professions des résidents ; lieu de travail et commanditaires peuvent être extérieurs au quartier. Visiteurs exclus du stock. activité/institution locale Budget civil 10,00 % ; coefficient 64,400000 ; part de filière 9,078 %. Entraînement, loyauté, armes et habilitations ; aucun métier verrouillé par naissance sauf source explicite.";0.0008183413022262101;0.00018428912662952964;0.009150192619388594;0.2745450747460319;0.011252365752382795
Spellshield;Protecteur et contrôleur arcanique;0;0;0.0;A — activité attestée;SB140;"Garnison de centaines de soldats, prisonniers, clergé/étude/psychosurgery ; effectif résident non fourni. Professions des résidents ; lieu de travail et commanditaires peuvent être extérieurs au quartier. Visiteurs exclus du stock. activité/institution locale Budget civil 10,00 % ; coefficient 0,000000 ; part de filière 0,000 %. Zéro proposé : Filière régionale non retenue dans ce scénario, sans interdiction universelle. Entraînement, loyauté, armes et habilitations ; aucun métier verrouillé par naissance sauf source explicite.";0;0;0;0;0
Warden des Arcane Enforcers;Protecteur et contrôleur arcanique;0;0;0.0;A — activité attestée;SB140;"Garnison de centaines de soldats, prisonniers, clergé/étude/psychosurgery ; effectif résident non fourni. Professions des résidents ; lieu de travail et commanditaires peuvent être extérieurs au quartier. Visiteurs exclus du stock. activité/institution locale Budget civil 10,00 % ; coefficient 0,000000 ; part de filière 0,000 %. Zéro proposé : Filière régionale non retenue dans ce scénario, sans interdiction universelle. Entraînement, loyauté, armes et habilitations ; aucun métier verrouillé par naissance sauf source explicite.";0;0;0;0;0
Inquisiteur;Garde et surveillant;0;0;0.0;A — activité attestée;SB29;"Garnison de centaines de soldats, prisonniers, clergé/étude/psychosurgery ; effectif résident non fourni. Professions des résidents ; lieu de travail et commanditaires peuvent être extérieurs au quartier. Visiteurs exclus du stock. activité/institution locale Budget civil 10,00 % ; coefficient 0,000000 ; part de filière 0,000 %. Zéro proposé : Inquisiteur bauronien : aucun établissement de son Église habilité dans ce profil, notamment les ordres cirrus indépendants. Entraînement, loyauté, armes et habilitations ; aucun métier verrouillé par naissance sauf source explicite.";0;0;0;0;0
Mage impérial chargé du contrôle;Protecteur et contrôleur arcanique;0.29595026354665904;0.40034395263603045;6.510905798026499;A — activité attestée;SB98;"Garnison de centaines de soldats, prisonniers, clergé/étude/psychosurgery ; effectif résident non fourni. Professions des résidents ; lieu de travail et commanditaires peuvent être extérieurs au quartier. Visiteurs exclus du stock. activité/institution locale Budget civil 10,00 % ; coefficient 64,400000 ; part de filière 9,078 %. Entraînement, loyauté, armes et habilitations ; aucun métier verrouillé par naissance sauf source explicite.";0.0008183413022262101;0.00018428912662952964;0.009150192619388594;0.2745450747460319;0.011252365752382795
Chasseur de morts-vivants;Combattant professionnel;0.29595026354665904;0.40034395263603045;6.510905798026499;A — activité attestée;SB210;"Garnison de centaines de soldats, prisonniers, clergé/étude/psychosurgery ; effectif résident non fourni. Professions des résidents ; lieu de travail et commanditaires peuvent être extérieurs au quartier. Visiteurs exclus du stock. activité/institution locale Budget civil 10,00 % ; coefficient 64,400000 ; part de filière 9,078 %. Entraînement, loyauté, armes et habilitations ; aucun métier verrouillé par naissance sauf source explicite.";0.0008183413022262101;0.00018428912662952964;0.009150192619388594;0.2745450747460319;0.011252365752382795
Détective;Enquêteur et agent de renseignement;0.0022977504933746826;0.0031082605018325346;0.05055051085424302;A — activité attestée;"PG9; BR42";"Garnison de centaines de soldats, prisonniers, clergé/étude/psychosurgery ; effectif résident non fourni. Professions des résidents ; lieu de travail et commanditaires peuvent être extérieurs au quartier. Visiteurs exclus du stock. activité/institution locale Budget civil 10,00 % ; coefficient 0,500000 ; part de filière 0,070 %. Entraînement, loyauté, armes et habilitations ; aucun métier verrouillé par naissance sauf source explicite.";6.353581539023371e-06;1.4308162005398264e-06;7.10418681629549e-05;0.0021315611393325465;8.736308813961796e-05
Espion;Enquêteur et agent de renseignement;0.0022977504933746826;0.0031082605018325346;0.05055051085424302;A — activité attestée;"PG9; BR42";"Garnison de centaines de soldats, prisonniers, clergé/étude/psychosurgery ; effectif résident non fourni. Professions des résidents ; lieu de travail et commanditaires peuvent être extérieurs au quartier. Visiteurs exclus du stock. activité/institution locale Budget civil 10,00 % ; coefficient 0,500000 ; part de filière 0,070 %. Entraînement, loyauté, armes et habilitations ; aucun métier verrouillé par naissance sauf source explicite.";6.353581539023371e-06;1.4308162005398264e-06;7.10418681629549e-05;0.0021315611393325465;8.736308813961796e-05
Détective arcanique;Enquêteur et agent de renseignement;0;0;0.0;A — activité attestée;SB140;"Garnison de centaines de soldats, prisonniers, clergé/étude/psychosurgery ; effectif résident non fourni. Professions des résidents ; lieu de travail et commanditaires peuvent être extérieurs au quartier. Visiteurs exclus du stock. activité/institution locale Budget civil 10,00 % ; coefficient 0,000000 ; part de filière 0,000 %. Zéro proposé : Filière régionale non retenue dans ce scénario, sans interdiction universelle. Entraînement, loyauté, armes et habilitations ; aucun métier verrouillé par naissance sauf source explicite.";0;0;0;0;0
Fonctionnaire;Administrateur et juriste;0.6634014215827337;0.8974100719424462;14.594831274820143;A — activité attestée;"SB90; SB213";"Garnison de centaines de soldats, prisonniers, clergé/étude/psychosurgery ; effectif résident non fourni. Professions des résidents ; lieu de travail et commanditaires peuvent être extérieurs au quartier. Visiteurs exclus du stock. activité/institution locale Budget civil 22,00 % ; coefficient 9,000000 ; part de filière 9,250 %. Instruction, autorisation ou initiation ; clergé, caste et office ne rendent pas noble.";0.020956056263776338;0.004719269693396312;0.04184246816322618;0.5858784121886821;0.010005215273652768
Percepteur;Administrateur et juriste;0.6634014215827336;0.8974100719424462;14.59483127482014;A — activité attestée;SB132;"Garnison de centaines de soldats, prisonniers, clergé/étude/psychosurgery ; effectif résident non fourni. Professions des résidents ; lieu de travail et commanditaires peuvent être extérieurs au quartier. Visiteurs exclus du stock. activité/institution locale Budget civil 22,00 % ; coefficient 9,000000 ; part de filière 9,250 %. Instruction, autorisation ou initiation ; clergé, caste et office ne rendent pas noble.";0.007170359548618633;0.0016147532762184377;0.042950668392301994;0.6013954363772473;0.010270203988347167
Juge;Administrateur et juriste;0.6634014215827337;0.8974100719424462;14.594831274820143;A — activité attestée;"SB90; SB213";"Garnison de centaines de soldats, prisonniers, clergé/étude/psychosurgery ; effectif résident non fourni. Professions des résidents ; lieu de travail et commanditaires peuvent être extérieurs au quartier. Visiteurs exclus du stock. activité/institution locale Budget civil 22,00 % ; coefficient 9,000000 ; part de filière 9,250 %. Instruction, autorisation ou initiation ; clergé, caste et office ne rendent pas noble.";0.020956056263776338;0.004719269693396312;0.04184246816322618;0.5858784121886821;0.010005215273652768
Avocat;Administrateur et juriste;0.6634014215827336;0.8974100719424462;14.59483127482014;A — activité attestée;"SB90; SB213";"Garnison de centaines de soldats, prisonniers, clergé/étude/psychosurgery ; effectif résident non fourni. Professions des résidents ; lieu de travail et commanditaires peuvent être extérieurs au quartier. Visiteurs exclus du stock. activité/institution locale Budget civil 22,00 % ; coefficient 9,000000 ; part de filière 9,250 %. Instruction, autorisation ou initiation ; clergé, caste et office ne rendent pas noble.";0.007170359548618633;0.0016147532762184377;0.042950668392301994;0.6013954363772473;0.010270203988347167
Diplomate et émissaire;Administrateur et juriste;0.6634014215827337;0.8974100719424462;14.594831274820143;A — activité attestée;PG46;"Garnison de centaines de soldats, prisonniers, clergé/étude/psychosurgery ; effectif résident non fourni. Professions des résidents ; lieu de travail et commanditaires peuvent être extérieurs au quartier. Visiteurs exclus du stock. activité/institution locale Budget civil 22,00 % ; coefficient 9,000000 ; part de filière 9,250 %. Instruction, autorisation ou initiation ; clergé, caste et office ne rendent pas noble.";0.020956056263776338;0.004719269693396312;0.04184246816322618;0.5858784121886821;0.010005215273652768
Recruteur et agent de missions;Administrateur et juriste;0.6634014215827336;0.8974100719424462;14.59483127482014;D — activité déduite;SB105;"Garnison de centaines de soldats, prisonniers, clergé/étude/psychosurgery ; effectif résident non fourni. Professions des résidents ; lieu de travail et commanditaires peuvent être extérieurs au quartier. Visiteurs exclus du stock. activité/institution locale Budget civil 22,00 % ; coefficient 9,000000 ; part de filière 9,250 %. Instruction, autorisation ou initiation ; clergé, caste et office ne rendent pas noble.";0.007170359548618633;0.0016147532762184377;0.042950668392301994;0.6013954363772473;0.010270203988347167
Bourreau;Administrateur et juriste;0.6634014215827336;0.8974100719424462;14.59483127482014;A — activité attestée;SB148;"Garnison de centaines de soldats, prisonniers, clergé/étude/psychosurgery ; effectif résident non fourni. Professions des résidents ; lieu de travail et commanditaires peuvent être extérieurs au quartier. Visiteurs exclus du stock. activité/institution locale Budget civil 22,00 % ; coefficient 9,000000 ; part de filière 9,250 %. Instruction, autorisation ou initiation ; clergé, caste et office ne rendent pas noble.";0.007170359548618633;0.0016147532762184377;0.042950668392301994;0.6013954363772473;0.010270203988347167
Acteur et comédien;Artiste du spectacle;0;0;0.0;A — activité attestée;MJ129;"Garnison de centaines de soldats, prisonniers, clergé/étude/psychosurgery ; effectif résident non fourni. Professions des résidents ; lieu de travail et commanditaires peuvent être extérieurs au quartier. Visiteurs exclus du stock. activité/institution locale Budget civil 0,00 % ; coefficient 0,000000 ; part de filière 0,000 %. Zéro proposé : Budget local de cette filière nul ou coefficient non retenu ; aucune interdiction universelle. Apprentissage, audition et réseau ; accès au mérite notamment Mustardseed.";0;0;0;0;0
Danseur;Artiste du spectacle;0;0;0.0;A — activité attestée;MJ129;"Garnison de centaines de soldats, prisonniers, clergé/étude/psychosurgery ; effectif résident non fourni. Professions des résidents ; lieu de travail et commanditaires peuvent être extérieurs au quartier. Visiteurs exclus du stock. activité/institution locale Budget civil 0,00 % ; coefficient 0,000000 ; part de filière 0,000 %. Zéro proposé : Budget local de cette filière nul ou coefficient non retenu ; aucune interdiction universelle. Apprentissage, audition et réseau ; accès au mérite notamment Mustardseed.";0;0;0;0;0
Musicien;Artiste du spectacle;0;0;0.0;A — activité attestée;MJ129;"Garnison de centaines de soldats, prisonniers, clergé/étude/psychosurgery ; effectif résident non fourni. Professions des résidents ; lieu de travail et commanditaires peuvent être extérieurs au quartier. Visiteurs exclus du stock. activité/institution locale Budget civil 0,00 % ; coefficient 0,000000 ; part de filière 0,000 %. Zéro proposé : Budget local de cette filière nul ou coefficient non retenu ; aucune interdiction universelle. Apprentissage, audition et réseau ; accès au mérite notamment Mustardseed.";0;0;0;0;0
Chanteur;Artiste du spectacle;0;0;0.0;A — activité attestée;MJ129;"Garnison de centaines de soldats, prisonniers, clergé/étude/psychosurgery ; effectif résident non fourni. Professions des résidents ; lieu de travail et commanditaires peuvent être extérieurs au quartier. Visiteurs exclus du stock. activité/institution locale Budget civil 0,00 % ; coefficient 0,000000 ; part de filière 0,000 %. Zéro proposé : Budget local de cette filière nul ou coefficient non retenu ; aucune interdiction universelle. Apprentissage, audition et réseau ; accès au mérite notamment Mustardseed.";0;0;0;0;0
Poète;Artiste du spectacle;0;0;0.0;A — activité attestée;MJ129;"Garnison de centaines de soldats, prisonniers, clergé/étude/psychosurgery ; effectif résident non fourni. Professions des résidents ; lieu de travail et commanditaires peuvent être extérieurs au quartier. Visiteurs exclus du stock. activité/institution locale Budget civil 0,00 % ; coefficient 0,000000 ; part de filière 0,000 %. Zéro proposé : Budget local de cette filière nul ou coefficient non retenu ; aucune interdiction universelle. Apprentissage, audition et réseau ; accès au mérite notamment Mustardseed.";0;0;0;0;0
Conteur;Artiste du spectacle;0;0;0.0;A — activité attestée;MJ129;"Garnison de centaines de soldats, prisonniers, clergé/étude/psychosurgery ; effectif résident non fourni. Professions des résidents ; lieu de travail et commanditaires peuvent être extérieurs au quartier. Visiteurs exclus du stock. activité/institution locale Budget civil 0,00 % ; coefficient 0,000000 ; part de filière 0,000 %. Zéro proposé : Budget local de cette filière nul ou coefficient non retenu ; aucune interdiction universelle. Apprentissage, audition et réseau ; accès au mérite notamment Mustardseed.";0;0;0;0;0
Bouffon;Artiste du spectacle;0;0;0.0;A — activité attestée;MJ129;"Garnison de centaines de soldats, prisonniers, clergé/étude/psychosurgery ; effectif résident non fourni. Professions des résidents ; lieu de travail et commanditaires peuvent être extérieurs au quartier. Visiteurs exclus du stock. activité/institution locale Budget civil 0,00 % ; coefficient 0,000000 ; part de filière 0,000 %. Zéro proposé : Budget local de cette filière nul ou coefficient non retenu ; aucune interdiction universelle. Apprentissage, audition et réseau ; accès au mérite notamment Mustardseed.";0;0;0;0;0
Jongleur;Artiste du spectacle;0;0;0.0;A — activité attestée;MJ129;"Garnison de centaines de soldats, prisonniers, clergé/étude/psychosurgery ; effectif résident non fourni. Professions des résidents ; lieu de travail et commanditaires peuvent être extérieurs au quartier. Visiteurs exclus du stock. activité/institution locale Budget civil 0,00 % ; coefficient 0,000000 ; part de filière 0,000 %. Zéro proposé : Budget local de cette filière nul ou coefficient non retenu ; aucune interdiction universelle. Apprentissage, audition et réseau ; accès au mérite notamment Mustardseed.";0;0;0;0;0
Acrobate;Artiste du spectacle;0;0;0.0;A — activité attestée;MJ129;"Garnison de centaines de soldats, prisonniers, clergé/étude/psychosurgery ; effectif résident non fourni. Professions des résidents ; lieu de travail et commanditaires peuvent être extérieurs au quartier. Visiteurs exclus du stock. activité/institution locale Budget civil 0,00 % ; coefficient 0,000000 ; part de filière 0,000 %. Zéro proposé : Budget local de cette filière nul ou coefficient non retenu ; aucune interdiction universelle. Apprentissage, audition et réseau ; accès au mérite notamment Mustardseed.";0;0;0;0;0
Cracheur de feu;Artiste du spectacle;0;0;0.0;A — activité attestée;MJ129;"Garnison de centaines de soldats, prisonniers, clergé/étude/psychosurgery ; effectif résident non fourni. Professions des résidents ; lieu de travail et commanditaires peuvent être extérieurs au quartier. Visiteurs exclus du stock. activité/institution locale Budget civil 0,00 % ; coefficient 0,000000 ; part de filière 0,000 %. Zéro proposé : Budget local de cette filière nul ou coefficient non retenu ; aucune interdiction universelle. Apprentissage, audition et réseau ; accès au mérite notamment Mustardseed.";0;0;0;0;0
Compositeur;Artiste du spectacle;0;0;0.0;A — activité attestée;PG28;"Garnison de centaines de soldats, prisonniers, clergé/étude/psychosurgery ; effectif résident non fourni. Professions des résidents ; lieu de travail et commanditaires peuvent être extérieurs au quartier. Visiteurs exclus du stock. activité/institution locale Budget civil 0,00 % ; coefficient 0,000000 ; part de filière 0,000 %. Zéro proposé : Budget local de cette filière nul ou coefficient non retenu ; aucune interdiction universelle. Apprentissage, audition et réseau ; accès au mérite notamment Mustardseed.";0;0;0;0;0
Crieur public;Artiste du spectacle;0;0;0.0;P — activité proposée;MJ129;"Garnison de centaines de soldats, prisonniers, clergé/étude/psychosurgery ; effectif résident non fourni. Professions des résidents ; lieu de travail et commanditaires peuvent être extérieurs au quartier. Visiteurs exclus du stock. activité/institution locale Budget civil 0,00 % ; coefficient 0,000000 ; part de filière 0,000 %. Zéro proposé : Budget local de cette filière nul ou coefficient non retenu ; aucune interdiction universelle. Apprentissage, audition et réseau ; accès au mérite notamment Mustardseed.";0;0;0;0;0
Joueur professionnel;Professionnel du jeu;0;0;0.0;P — activité proposée;SB99;"Garnison de centaines de soldats, prisonniers, clergé/étude/psychosurgery ; effectif résident non fourni. Professions des résidents ; lieu de travail et commanditaires peuvent être extérieurs au quartier. Visiteurs exclus du stock. activité/institution locale Budget civil 0,00 % ; coefficient 0,000000 ; part de filière 0,000 %. Zéro proposé : Budget local de cette filière nul ou coefficient non retenu ; aucune interdiction universelle. Apprentissage, audition et réseau ; accès au mérite notamment Mustardseed.";0;0;0;0;0
Croupier;Professionnel du jeu;0;0;0.0;D — activité déduite;SB99;"Garnison de centaines de soldats, prisonniers, clergé/étude/psychosurgery ; effectif résident non fourni. Professions des résidents ; lieu de travail et commanditaires peuvent être extérieurs au quartier. Visiteurs exclus du stock. activité/institution locale Budget civil 0,00 % ; coefficient 0,000000 ; part de filière 0,000 %. Zéro proposé : Budget local de cette filière nul ou coefficient non retenu ; aucune interdiction universelle. Apprentissage, audition et réseau ; accès au mérite notamment Mustardseed.";0;0;0;0;0
Preneur de paris;Professionnel du jeu;0;0;0.0;D — activité déduite;SB99;"Garnison de centaines de soldats, prisonniers, clergé/étude/psychosurgery ; effectif résident non fourni. Professions des résidents ; lieu de travail et commanditaires peuvent être extérieurs au quartier. Visiteurs exclus du stock. activité/institution locale Budget civil 0,00 % ; coefficient 0,000000 ; part de filière 0,000 %. Zéro proposé : Budget local de cette filière nul ou coefficient non retenu ; aucune interdiction universelle. Apprentissage, audition et réseau ; accès au mérite notamment Mustardseed.";0;0;0;0;0
Maître-chanteur;Opérateur d’activités illicites;0;0;0.0;A — activité attestée;BR42;"Garnison de centaines de soldats, prisonniers, clergé/étude/psychosurgery ; effectif résident non fourni. Professions des résidents ; lieu de travail et commanditaires peuvent être extérieurs au quartier. Visiteurs exclus du stock. activité/institution locale Budget civil 0,00 % ; coefficient 0,000000 ; part de filière 0,000 %. Zéro proposé : Budget local de cette filière nul ou coefficient non retenu ; aucune interdiction universelle. Réseaux, exclusion, dettes et compétences ; statut légal distinct de noblesse.";0;0;0;0;0
Cambrioleur;Opérateur d’activités illicites;0;0;0.0;A — activité attestée;BR42;"Garnison de centaines de soldats, prisonniers, clergé/étude/psychosurgery ; effectif résident non fourni. Professions des résidents ; lieu de travail et commanditaires peuvent être extérieurs au quartier. Visiteurs exclus du stock. activité/institution locale Budget civil 0,00 % ; coefficient 0,000000 ; part de filière 0,000 %. Zéro proposé : Budget local de cette filière nul ou coefficient non retenu ; aucune interdiction universelle. Réseaux, exclusion, dettes et compétences ; statut légal distinct de noblesse.";0;0;0;0;0
Homme de main;Opérateur d’activités illicites;0;0;0.0;A — activité attestée;BR42;"Garnison de centaines de soldats, prisonniers, clergé/étude/psychosurgery ; effectif résident non fourni. Professions des résidents ; lieu de travail et commanditaires peuvent être extérieurs au quartier. Visiteurs exclus du stock. activité/institution locale Budget civil 0,00 % ; coefficient 0,000000 ; part de filière 0,000 %. Zéro proposé : Budget local de cette filière nul ou coefficient non retenu ; aucune interdiction universelle. Réseaux, exclusion, dettes et compétences ; statut légal distinct de noblesse.";0;0;0;0;0
Receleur;Opérateur d’activités illicites;0;0;0.0;A — activité attestée;BR42;"Garnison de centaines de soldats, prisonniers, clergé/étude/psychosurgery ; effectif résident non fourni. Professions des résidents ; lieu de travail et commanditaires peuvent être extérieurs au quartier. Visiteurs exclus du stock. activité/institution locale Budget civil 0,00 % ; coefficient 0,000000 ; part de filière 0,000 %. Zéro proposé : Budget local de cette filière nul ou coefficient non retenu ; aucune interdiction universelle. Réseaux, exclusion, dettes et compétences ; statut légal distinct de noblesse.";0;0;0;0;0
Voleur de grand chemin;Opérateur d’activités illicites;0;0;0.0;A — activité attestée;BR42;"Garnison de centaines de soldats, prisonniers, clergé/étude/psychosurgery ; effectif résident non fourni. Professions des résidents ; lieu de travail et commanditaires peuvent être extérieurs au quartier. Visiteurs exclus du stock. activité/institution locale Budget civil 0,00 % ; coefficient 0,000000 ; part de filière 0,000 %. Zéro proposé : Budget local de cette filière nul ou coefficient non retenu ; aucune interdiction universelle. Réseaux, exclusion, dettes et compétences ; statut légal distinct de noblesse.";0;0;0;0;0
Tueur à gages;Opérateur d’activités illicites;0;0;0.0;A — activité attestée;BR42;"Garnison de centaines de soldats, prisonniers, clergé/étude/psychosurgery ; effectif résident non fourni. Professions des résidents ; lieu de travail et commanditaires peuvent être extérieurs au quartier. Visiteurs exclus du stock. activité/institution locale Budget civil 0,00 % ; coefficient 0,000000 ; part de filière 0,000 %. Zéro proposé : Budget local de cette filière nul ou coefficient non retenu ; aucune interdiction universelle. Réseaux, exclusion, dettes et compétences ; statut légal distinct de noblesse.";0;0;0;0;0
Pickpocket;Opérateur d’activités illicites;0;0;0.0;A — activité attestée;BR42;"Garnison de centaines de soldats, prisonniers, clergé/étude/psychosurgery ; effectif résident non fourni. Professions des résidents ; lieu de travail et commanditaires peuvent être extérieurs au quartier. Visiteurs exclus du stock. activité/institution locale Budget civil 0,00 % ; coefficient 0,000000 ; part de filière 0,000 %. Zéro proposé : Budget local de cette filière nul ou coefficient non retenu ; aucune interdiction universelle. Réseaux, exclusion, dettes et compétences ; statut légal distinct de noblesse.";0;0;0;0;0
Contrebandier;Opérateur d’activités illicites;0;0;0.0;A — activité attestée;BR42;"Garnison de centaines de soldats, prisonniers, clergé/étude/psychosurgery ; effectif résident non fourni. Professions des résidents ; lieu de travail et commanditaires peuvent être extérieurs au quartier. Visiteurs exclus du stock. activité/institution locale Budget civil 0,00 % ; coefficient 0,000000 ; part de filière 0,000 %. Zéro proposé : Budget local de cette filière nul ou coefficient non retenu ; aucune interdiction universelle. Réseaux, exclusion, dettes et compétences ; statut légal distinct de noblesse.";0;0;0;0;0
Pirate;Opérateur d’activités illicites;0;0;0.0;A — activité attestée;MJ136;"Garnison de centaines de soldats, prisonniers, clergé/étude/psychosurgery ; effectif résident non fourni. Professions des résidents ; lieu de travail et commanditaires peuvent être extérieurs au quartier. Visiteurs exclus du stock. activité/institution locale Budget civil 0,00 % ; coefficient 0,000000 ; part de filière 0,000 %. Zéro proposé : Budget local de cette filière nul ou coefficient non retenu ; aucune interdiction universelle. Réseaux, exclusion, dettes et compétences ; statut légal distinct de noblesse.";0;0;0;0;0
Cultivateur de tubercules;Agriculteur;0;0;0.0;A — activité attestée;"SB120; SB168";"Garnison de centaines de soldats, prisonniers, clergé/étude/psychosurgery ; effectif résident non fourni. Professions des résidents ; lieu de travail et commanditaires peuvent être extérieurs au quartier. Visiteurs exclus du stock. activité/institution locale Budget civil 3,00 % ; coefficient 0,000000 ; part de filière 0,000 %. Zéro proposé : Climat, matière ou culture hors filière régionale retenue ; aucun établissement exceptionnel proposé. Transmission familiale, terre/eau, droits d’usage et outils ; les tâches saisonnières restent secondaires.";0;0;0;0;0
Cartographe;Cartographe;0.051025069736704794;0.06902368613265626;1.1225515342075054;A — activité attestée;MJ128;"Garnison de centaines de soldats, prisonniers, clergé/étude/psychosurgery ; effectif résident non fourni. Professions des résidents ; lieu de travail et commanditaires peuvent être extérieurs au quartier. Visiteurs exclus du stock. activité/institution locale Budget civil 6,00 % ; coefficient 0,750000 ; part de filière 2,609 %. Long apprentissage, frais, bourses, talent, licence ou secret ; titre ne donne pas maîtrise.";0.0002014088822427534;4.5356951803572295e-05;0.0053619788233410254;0.04504706978976873;0.00036925528954871
Sans métier actif;Statut;1.4784799999999998;2.0000000000000004;32.526559999999996;P;;Personnes productives occupées + personnes sans emploi disponibles recherchant une activité. Inclut aide familiale, subsistance, apprentissage productif et travail partiel.;0.003520000000000001;0.0008799999999999995;0.054464;1.3456159999999997;0.07400000000000001
Hors activité;Statut;26.076;0;573.672;P;;"Tous habitants recensés dans les catégories sources; enfants, étudiants et retraités ne sont exclus de l’activité que sans contribution productive. Pas de seuil humain de 18 ans imposé.";0.14400000000000002;0.035999999999999976;0.9568;23.6392;1.3
