Métier;Base;% habitants;% actifs;Effectif attendu;Appui activité;Références;Justification proposée;Nobles de milieu privilégié / % de tous habitants;Autres nobles, dont maisons modestes / % de tous habitants;Peuple de milieu privilégié / % de tous habitants;Peuple ordinaire / % de tous habitants;Peuple précaire / % de tous habitants
Agriculteur généraliste;Agriculteur;0.9721832862410694;1.610182794566607;194.4366572482139;A — activité attestée;"SB90; SB198";"Bois, bûcheronnage et transformation, exploitation Shortfall ; exorcisme/recherche et gardes autour citadelle. Professions des résidents ; lieu de travail et commanditaires peuvent être extérieurs au quartier. Visiteurs exclus du stock. activité/institution locale Budget civil 15,00 % ; coefficient 5,000000 ; part de filière 11,523 %. Transmission familiale, terre/eau, droits d’usage et outils ; les tâches saisonnières restent secondaires.";0.000199351037943347;0.00016497575701619906;0.005127809481291444;0.9223809801114777;0.044310169853340714
Céréalier;Agriculteur;1.166619943489283;1.932219353479928;233.32398869785658;D — activité déduite;"SB90; SB198";"Bois, bûcheronnage et transformation, exploitation Shortfall ; exorcisme/recherche et gardes autour citadelle. Professions des résidents ; lieu de travail et commanditaires peuvent être extérieurs au quartier. Visiteurs exclus du stock. activité/institution locale Budget civil 15,00 % ; coefficient 6,000000 ; part de filière 13,828 %. Transmission familiale, terre/eau, droits d’usage et outils ; les tâches saisonnières restent secondaires.";0.00023922124553201623;0.00019797090841943888;0.006153371377549728;1.106857176133773;0.05317220382400879
Riziculteur;Agriculteur;0;0;0.0;A — activité attestée;SB198;"Bois, bûcheronnage et transformation, exploitation Shortfall ; exorcisme/recherche et gardes autour citadelle. Professions des résidents ; lieu de travail et commanditaires peuvent être extérieurs au quartier. Visiteurs exclus du stock. activité/institution locale Budget civil 15,00 % ; coefficient 0,000000 ; part de filière 0,000 %. Zéro proposé : Climat, matière ou culture hors filière régionale retenue ; aucun établissement exceptionnel proposé. Transmission familiale, terre/eau, droits d’usage et outils ; les tâches saisonnières restent secondaires.";0;0;0;0;0
Vigneron;Agriculteur;0.16263337943132528;0.2693622417590171;32.52667588626505;A — activité attestée;MJ128;"Bois, bûcheronnage et transformation, exploitation Shortfall ; exorcisme/recherche et gardes autour citadelle. Professions des résidents ; lieu de travail et commanditaires peuvent être extérieurs au quartier. Visiteurs exclus du stock. activité/institution locale Budget civil 30,00 % ; coefficient 0,600000 ; part de filière 0,964 %. Savoir-faire de terrain et sécurité ; procédé spécialisé distinct du rang social.";1.9908767238194174e-05;4.118945128484598e-06;0.0017070116858190752;0.15352706819277162;0.007375271840367906
Cultivateur d’épices;Agriculteur;0;0;0.0;A — activité attestée;SB182;"Bois, bûcheronnage et transformation, exploitation Shortfall ; exorcisme/recherche et gardes autour citadelle. Professions des résidents ; lieu de travail et commanditaires peuvent être extérieurs au quartier. Visiteurs exclus du stock. activité/institution locale Budget civil 30,00 % ; coefficient 0,000000 ; part de filière 0,000 %. Zéro proposé : Climat, matière ou culture hors filière régionale retenue ; aucun établissement exceptionnel proposé. Savoir-faire de terrain et sécurité ; procédé spécialisé distinct du rang social.";0;0;0;0;0
Cultivateur d’herbes pour thé;Agriculteur;0;0;0.0;D — activité déduite;SB198;"Bois, bûcheronnage et transformation, exploitation Shortfall ; exorcisme/recherche et gardes autour citadelle. Professions des résidents ; lieu de travail et commanditaires peuvent être extérieurs au quartier. Visiteurs exclus du stock. activité/institution locale Budget civil 30,00 % ; coefficient 0,000000 ; part de filière 0,000 %. Zéro proposé : Climat, matière ou culture hors filière régionale retenue ; aucun établissement exceptionnel proposé. Savoir-faire de terrain et sécurité ; procédé spécialisé distinct du rang social.";0;0;0;0;0
Maraîcher;Agriculteur;1.166619943489283;1.932219353479928;233.32398869785658;D — activité déduite;"SB90; SB198";"Bois, bûcheronnage et transformation, exploitation Shortfall ; exorcisme/recherche et gardes autour citadelle. Professions des résidents ; lieu de travail et commanditaires peuvent être extérieurs au quartier. Visiteurs exclus du stock. activité/institution locale Budget civil 15,00 % ; coefficient 6,000000 ; part de filière 13,828 %. Transmission familiale, terre/eau, droits d’usage et outils ; les tâches saisonnières restent secondaires.";0.00023922124553201623;0.00019797090841943888;0.006153371377549728;1.106857176133773;0.05317220382400879
Jardinier;Horticulteur;0.27105563238554214;0.4489370695983618;54.21112647710843;A — activité attestée;"SB29; SB161";"Bois, bûcheronnage et transformation, exploitation Shortfall ; exorcisme/recherche et gardes autour citadelle. Professions des résidents ; lieu de travail et commanditaires peuvent être extérieurs au quartier. Visiteurs exclus du stock. activité/institution locale Budget civil 30,00 % ; coefficient 1,000000 ; part de filière 1,606 %. Savoir-faire de terrain et sécurité ; procédé spécialisé distinct du rang social.";3.3181278730323605e-05;6.864908547474329e-06;0.0028450194763651247;0.2558784469879527;0.012292119733946508
Fleuriste;Horticulteur;0.27105563238554214;0.4489370695983618;54.21112647710843;A — activité attestée;"SB29; SB161";"Bois, bûcheronnage et transformation, exploitation Shortfall ; exorcisme/recherche et gardes autour citadelle. Professions des résidents ; lieu de travail et commanditaires peuvent être extérieurs au quartier. Visiteurs exclus du stock. activité/institution locale Budget civil 30,00 % ; coefficient 1,000000 ; part de filière 1,606 %. Savoir-faire de terrain et sécurité ; procédé spécialisé distinct du rang social.";3.3181278730323605e-05;6.864908547474329e-06;0.0028450194763651247;0.2558784469879527;0.012292119733946508
Arboriculteur de verger;Horticulteur;0.19443665724821388;0.3220365589133214;38.88733144964277;D — activité déduite;"SB29; SB161";"Bois, bûcheronnage et transformation, exploitation Shortfall ; exorcisme/recherche et gardes autour citadelle. Professions des résidents ; lieu de travail et commanditaires peuvent être extérieurs au quartier. Visiteurs exclus du stock. activité/institution locale Budget civil 15,00 % ; coefficient 1,000000 ; part de filière 2,305 %. Transmission familiale, terre/eau, droits d’usage et outils ; les tâches saisonnières restent secondaires.";3.987020758866937e-05;3.299515140323981e-05;0.0010255618962582878;0.18447619602229554;0.00886203397066814
Jardinier de roses magiques;Horticulteur;0;0;0.0;A — activité attestée;SB157;"Bois, bûcheronnage et transformation, exploitation Shortfall ; exorcisme/recherche et gardes autour citadelle. Professions des résidents ; lieu de travail et commanditaires peuvent être extérieurs au quartier. Visiteurs exclus du stock. activité/institution locale Budget civil 30,00 % ; coefficient 0,000000 ; part de filière 0,000 %. Zéro proposé : Filière régionale non retenue dans ce scénario, sans interdiction universelle. Savoir-faire de terrain et sécurité ; procédé spécialisé distinct du rang social.";0;0;0;0;0
Arboriculteur de breithwood;Horticulteur;0;0;0.0;D — activité déduite;SB152;"Bois, bûcheronnage et transformation, exploitation Shortfall ; exorcisme/recherche et gardes autour citadelle. Professions des résidents ; lieu de travail et commanditaires peuvent être extérieurs au quartier. Visiteurs exclus du stock. activité/institution locale Budget civil 30,00 % ; coefficient 0,000000 ; part de filière 0,000 %. Zéro proposé : Filière régionale non retenue dans ce scénario, sans interdiction universelle. Savoir-faire de terrain et sécurité ; procédé spécialisé distinct du rang social.";0;0;0;0;0
Éleveur généraliste;Éleveur;0.4860916431205347;0.8050913972833035;97.21832862410695;A — activité attestée;"SB120; SB182";"Bois, bûcheronnage et transformation, exploitation Shortfall ; exorcisme/recherche et gardes autour citadelle. Professions des résidents ; lieu de travail et commanditaires peuvent être extérieurs au quartier. Visiteurs exclus du stock. activité/institution locale Budget civil 15,00 % ; coefficient 2,500000 ; part de filière 5,762 %. Transmission familiale, terre/eau, droits d’usage et outils ; les tâches saisonnières restent secondaires.";9.96755189716735e-05;8.248787850809953e-05;0.002563904740645722;0.46119049005573887;0.022155084926670357
Berger;Éleveur;0.19443665724821388;0.3220365589133214;38.88733144964277;A — activité attestée;MJ135;"Bois, bûcheronnage et transformation, exploitation Shortfall ; exorcisme/recherche et gardes autour citadelle. Professions des résidents ; lieu de travail et commanditaires peuvent être extérieurs au quartier. Visiteurs exclus du stock. activité/institution locale Budget civil 15,00 % ; coefficient 1,000000 ; part de filière 2,305 %. Transmission familiale, terre/eau, droits d’usage et outils ; les tâches saisonnières restent secondaires.";3.987020758866937e-05;3.299515140323981e-05;0.0010255618962582878;0.18447619602229554;0.00886203397066814
Éleveur de yaks;Éleveur;0;0;0.0;A — activité attestée;SB120;"Bois, bûcheronnage et transformation, exploitation Shortfall ; exorcisme/recherche et gardes autour citadelle. Professions des résidents ; lieu de travail et commanditaires peuvent être extérieurs au quartier. Visiteurs exclus du stock. activité/institution locale Budget civil 15,00 % ; coefficient 0,000000 ; part de filière 0,000 %. Zéro proposé : Climat, matière ou culture hors filière régionale retenue ; aucun établissement exceptionnel proposé. Transmission familiale, terre/eau, droits d’usage et outils ; les tâches saisonnières restent secondaires.";0;0;0;0;0
Éleveur de chevaux;Éleveur;0.27105563238554214;0.4489370695983618;54.21112647710843;A — activité attestée;SB182;"Bois, bûcheronnage et transformation, exploitation Shortfall ; exorcisme/recherche et gardes autour citadelle. Professions des résidents ; lieu de travail et commanditaires peuvent être extérieurs au quartier. Visiteurs exclus du stock. activité/institution locale Budget civil 30,00 % ; coefficient 1,000000 ; part de filière 1,606 %. Savoir-faire de terrain et sécurité ; procédé spécialisé distinct du rang social.";3.3181278730323605e-05;6.864908547474329e-06;0.0028450194763651247;0.2558784469879527;0.012292119733946508
Éleveur de chameaux;Éleveur;0;0;0.0;A — activité attestée;SB182;"Bois, bûcheronnage et transformation, exploitation Shortfall ; exorcisme/recherche et gardes autour citadelle. Professions des résidents ; lieu de travail et commanditaires peuvent être extérieurs au quartier. Visiteurs exclus du stock. activité/institution locale Budget civil 30,00 % ; coefficient 0,000000 ; part de filière 0,000 %. Zéro proposé : Climat, matière ou culture hors filière régionale retenue ; aucun établissement exceptionnel proposé. Savoir-faire de terrain et sécurité ; procédé spécialisé distinct du rang social.";0;0;0;0;0
Éleveur de vers à soie;Éleveur;0;0;0.0;A — activité attestée;SB198;"Bois, bûcheronnage et transformation, exploitation Shortfall ; exorcisme/recherche et gardes autour citadelle. Professions des résidents ; lieu de travail et commanditaires peuvent être extérieurs au quartier. Visiteurs exclus du stock. activité/institution locale Budget civil 30,00 % ; coefficient 0,000000 ; part de filière 0,000 %. Zéro proposé : Climat, matière ou culture hors filière régionale retenue ; aucun établissement exceptionnel proposé. Savoir-faire de terrain et sécurité ; procédé spécialisé distinct du rang social.";0;0;0;0;0
Éleveur de loups géants;Éleveur;0;0;0.0;A — activité attestée;SB191;"Bois, bûcheronnage et transformation, exploitation Shortfall ; exorcisme/recherche et gardes autour citadelle. Professions des résidents ; lieu de travail et commanditaires peuvent être extérieurs au quartier. Visiteurs exclus du stock. activité/institution locale Budget civil 30,00 % ; coefficient 0,000000 ; part de filière 0,000 %. Zéro proposé : Filière régionale non retenue dans ce scénario, sans interdiction universelle. Savoir-faire de terrain et sécurité ; procédé spécialisé distinct du rang social.";0;0;0;0;0
Éleveur de montures volantes;Éleveur;0.27105563238554214;0.4489370695983618;54.21112647710843;A — activité attestée;"SB124; SB107";"Bois, bûcheronnage et transformation, exploitation Shortfall ; exorcisme/recherche et gardes autour citadelle. Professions des résidents ; lieu de travail et commanditaires peuvent être extérieurs au quartier. Visiteurs exclus du stock. activité/institution locale Budget civil 30,00 % ; coefficient 1,000000 ; part de filière 1,606 %. Savoir-faire de terrain et sécurité ; procédé spécialisé distinct du rang social.";3.3181278730323605e-05;6.864908547474329e-06;0.0028450194763651247;0.2558784469879527;0.012292119733946508
Apiculteur;Éleveur;0.19443665724821388;0.3220365589133214;38.88733144964277;P — activité proposée;SB152;"Bois, bûcheronnage et transformation, exploitation Shortfall ; exorcisme/recherche et gardes autour citadelle. Professions des résidents ; lieu de travail et commanditaires peuvent être extérieurs au quartier. Visiteurs exclus du stock. activité/institution locale Budget civil 15,00 % ; coefficient 1,000000 ; part de filière 2,305 %. Transmission familiale, terre/eau, droits d’usage et outils ; les tâches saisonnières restent secondaires.";3.987020758866937e-05;3.299515140323981e-05;0.0010255618962582878;0.18447619602229554;0.00886203397066814
Chasseur de gibier;Chasseur;0.5347008074325881;0.8856005370116337;106.94016148651761;A — activité attestée;"MJ139; PG20";"Bois, bûcheronnage et transformation, exploitation Shortfall ; exorcisme/recherche et gardes autour citadelle. Professions des résidents ; lieu de travail et commanditaires peuvent être extérieurs au quartier. Visiteurs exclus du stock. activité/institution locale Budget civil 15,00 % ; coefficient 2,750000 ; part de filière 6,338 %. Transmission familiale, terre/eau, droits d’usage et outils ; les tâches saisonnières restent secondaires.";0.00010964307086884078;9.07366663589095e-05;0.0028202952147102925;0.5073095390613127;0.02437059341933737
Trappeur;Chasseur;0.21388032297303525;0.35424021480465345;42.77606459460705;A — activité attestée;MJ140;"Bois, bûcheronnage et transformation, exploitation Shortfall ; exorcisme/recherche et gardes autour citadelle. Professions des résidents ; lieu de travail et commanditaires peuvent être extérieurs au quartier. Visiteurs exclus du stock. activité/institution locale Budget civil 15,00 % ; coefficient 1,100000 ; part de filière 2,535 %. Transmission familiale, terre/eau, droits d’usage et outils ; les tâches saisonnières restent secondaires.";4.3857228347536325e-05;3.629466654356381e-05;0.0011281180858841175;0.20292381562452508;0.009748237367734955
Chasseur de monstres;Chasseur;0.02107882119587067;0.03491188924937008;4.215764239174134;A — activité attestée;PG58;"Bois, bûcheronnage et transformation, exploitation Shortfall ; exorcisme/recherche et gardes autour citadelle. Professions des résidents ; lieu de travail et commanditaires peuvent être extérieurs au quartier. Visiteurs exclus du stock. activité/institution locale Budget civil 1,00 % ; coefficient 1,100000 ; part de filière 3,748 %. Long apprentissage, frais, bourses, talent, licence ou secret ; titre ne donne pas maîtrise.";0.0002359491883891234;4.881576787038811e-05;0.0025288357700713492;0.01819529391370383;6.992655583598287e-05
Chasseur de monstres marins;Chasseur;0;0;0.0;A — activité attestée;SB148;"Bois, bûcheronnage et transformation, exploitation Shortfall ; exorcisme/recherche et gardes autour citadelle. Professions des résidents ; lieu de travail et commanditaires peuvent être extérieurs au quartier. Visiteurs exclus du stock. activité/institution locale Budget civil 1,00 % ; coefficient 0,000000 ; part de filière 0,000 %. Zéro proposé : Filière régionale non retenue dans ce scénario, sans interdiction universelle. Long apprentissage, frais, bourses, talent, licence ou secret ; titre ne donne pas maîtrise.";0;0;0;0;0
Chasseur de dragons;Chasseur;0;0;0.0;A — activité attestée;SB220;"Bois, bûcheronnage et transformation, exploitation Shortfall ; exorcisme/recherche et gardes autour citadelle. Professions des résidents ; lieu de travail et commanditaires peuvent être extérieurs au quartier. Visiteurs exclus du stock. activité/institution locale Budget civil 1,00 % ; coefficient 0,000000 ; part de filière 0,000 %. Zéro proposé : Technique de site, institution, secret ou habilitation concentrée dans les implantations autorisées du scénario. Long apprentissage, frais, bourses, talent, licence ou secret ; titre ne donne pas maîtrise.";0;0;0;0;0
Cueilleur;Collecteur de ressources;0.23332398869785664;0.3864438706959856;46.664797739571334;A — activité attestée;"MJ139; SB153";"Bois, bûcheronnage et transformation, exploitation Shortfall ; exorcisme/recherche et gardes autour citadelle. Professions des résidents ; lieu de travail et commanditaires peuvent être extérieurs au quartier. Visiteurs exclus du stock. activité/institution locale Budget civil 15,00 % ; coefficient 1,200000 ; part de filière 2,766 %. Transmission familiale, terre/eau, droits d’usage et outils ; les tâches saisonnières restent secondaires.";4.784424910640324e-05;3.959418168388779e-05;0.0012306742755099458;0.22137143522675465;0.010634440764801769
Herboriste de collecte;Collecteur de ressources;0.32526675886265066;0.5387244835180344;65.05335177253014;D — activité déduite;BR55;"Bois, bûcheronnage et transformation, exploitation Shortfall ; exorcisme/recherche et gardes autour citadelle. Professions des résidents ; lieu de travail et commanditaires peuvent être extérieurs au quartier. Visiteurs exclus du stock. activité/institution locale Budget civil 30,00 % ; coefficient 1,200000 ; part de filière 1,928 %. Savoir-faire de terrain et sécurité ; procédé spécialisé distinct du rang social.";3.981753447638836e-05;8.237890256969199e-06;0.003414023371638151;0.30705413638554335;0.014750543680735818
Collecteur de composants de créatures;Collecteur de ressources;0.32526675886265066;0.5387244835180344;65.05335177253014;A — activité attestée;"SB104; SB139";"Bois, bûcheronnage et transformation, exploitation Shortfall ; exorcisme/recherche et gardes autour citadelle. Professions des résidents ; lieu de travail et commanditaires peuvent être extérieurs au quartier. Visiteurs exclus du stock. activité/institution locale Budget civil 30,00 % ; coefficient 1,200000 ; part de filière 1,928 %. Savoir-faire de terrain et sécurité ; procédé spécialisé distinct du rang social.";3.981753447638836e-05;8.237890256969199e-06;0.003414023371638151;0.30705413638554335;0.014750543680735818
Collecteur de perles;Collecteur de ressources;0;0;0.0;D — activité déduite;SB149;"Bois, bûcheronnage et transformation, exploitation Shortfall ; exorcisme/recherche et gardes autour citadelle. Professions des résidents ; lieu de travail et commanditaires peuvent être extérieurs au quartier. Visiteurs exclus du stock. activité/institution locale Budget civil 30,00 % ; coefficient 0,000000 ; part de filière 0,000 %. Zéro proposé : Filière régionale non retenue dans ce scénario, sans interdiction universelle. Savoir-faire de terrain et sécurité ; procédé spécialisé distinct du rang social.";0;0;0;0;0
Récupérateur de reliques penumbrales;Collecteur de ressources;0;0;0.0;A — activité attestée;PG8;"Bois, bûcheronnage et transformation, exploitation Shortfall ; exorcisme/recherche et gardes autour citadelle. Professions des résidents ; lieu de travail et commanditaires peuvent être extérieurs au quartier. Visiteurs exclus du stock. activité/institution locale Budget civil 30,00 % ; coefficient 0,000000 ; part de filière 0,000 %. Zéro proposé : Filière régionale non retenue dans ce scénario, sans interdiction universelle. Savoir-faire de terrain et sécurité ; procédé spécialisé distinct du rang social.";0;0;0;0;0
Bûcheron;Travailleur forestier;6.0987517286746975;10.101084065963141;1219.7503457349394;A — activité attestée;"MJ135; SB107";"Bois, bûcheronnage et transformation, exploitation Shortfall ; exorcisme/recherche et gardes autour citadelle. Professions des résidents ; lieu de travail et commanditaires peuvent être extérieurs au quartier. Visiteurs exclus du stock. activité/institution locale Budget civil 30,00 % ; coefficient 22,500000 ; part de filière 36,145 %. Savoir-faire de terrain et sécurité ; procédé spécialisé distinct du rang social.";0.0007465787714322809;0.00015446044231817236;0.06401293821821528;5.757265057228936;0.27657269401379636
Forestier;Travailleur forestier;2.0329172428915663;3.3670280219877142;406.58344857831327;A — activité attestée;MJ140;"Bois, bûcheronnage et transformation, exploitation Shortfall ; exorcisme/recherche et gardes autour citadelle. Professions des résidents ; lieu de travail et commanditaires peuvent être extérieurs au quartier. Visiteurs exclus du stock. activité/institution locale Budget civil 30,00 % ; coefficient 7,500000 ; part de filière 12,048 %. Savoir-faire de terrain et sécurité ; procédé spécialisé distinct du rang social.";0.0002488595904774271;5.148681410605747e-05;0.02133764607273844;1.9190883524096454;0.09219089800459883
Scieur;Travailleur forestier;6.0987517286746975;10.101084065963141;1219.7503457349394;D — activité déduite;SB99;"Bois, bûcheronnage et transformation, exploitation Shortfall ; exorcisme/recherche et gardes autour citadelle. Professions des résidents ; lieu de travail et commanditaires peuvent être extérieurs au quartier. Visiteurs exclus du stock. activité/institution locale Budget civil 30,00 % ; coefficient 22,500000 ; part de filière 36,145 %. Savoir-faire de terrain et sécurité ; procédé spécialisé distinct du rang social.";0.0007465787714322809;0.00015446044231817236;0.06401293821821528;5.757265057228936;0.27657269401379636
Pêcheur maritime;Pêcheur;2.7998878643742793;4.6373264483518275;559.9775728748558;A — activité attestée;"SB110; SB168";"Bois, bûcheronnage et transformation, exploitation Shortfall ; exorcisme/recherche et gardes autour citadelle. Professions des résidents ; lieu de travail et commanditaires peuvent être extérieurs au quartier. Visiteurs exclus du stock. activité/institution locale Budget civil 15,00 % ; coefficient 14,400000 ; part de filière 33,187 %. Transmission familiale, terre/eau, droits d’usage et outils ; les tâches saisonnières restent secondaires.";0.000574130989276839;0.0004751301802066534;0.014768091306119351;2.6564572227210554;0.12761328917762113
Pêcheur d’eau douce;Pêcheur;0.279988786437428;0.46373264483518284;55.9977572874856;A — activité attestée;SB138;"Bois, bûcheronnage et transformation, exploitation Shortfall ; exorcisme/recherche et gardes autour citadelle. Professions des résidents ; lieu de travail et commanditaires peuvent être extérieurs au quartier. Visiteurs exclus du stock. activité/institution locale Budget civil 15,00 % ; coefficient 1,440000 ; part de filière 3,319 %. Transmission familiale, terre/eau, droits d’usage et outils ; les tâches saisonnières restent secondaires.";5.741309892768394e-05;4.7513018020665395e-05;0.0014768091306119363;0.2656457222721056;0.012761328917762127
Cultivateur marin;Pêcheur;0;0;0.0;P — activité proposée;SB149;"Bois, bûcheronnage et transformation, exploitation Shortfall ; exorcisme/recherche et gardes autour citadelle. Professions des résidents ; lieu de travail et commanditaires peuvent être extérieurs au quartier. Visiteurs exclus du stock. activité/institution locale Budget civil 15,00 % ; coefficient 0,000000 ; part de filière 0,000 %. Zéro proposé : Filière régionale non retenue dans ce scénario, sans interdiction universelle. Transmission familiale, terre/eau, droits d’usage et outils ; les tâches saisonnières restent secondaires.";0;0;0;0;0
Mineur;Extracteur de ressources minérales;0.13552781619277107;0.2244685347991809;27.105563238554215;A — activité attestée;"MJ135; SB160";"Bois, bûcheronnage et transformation, exploitation Shortfall ; exorcisme/recherche et gardes autour citadelle. Professions des résidents ; lieu de travail et commanditaires peuvent être extérieurs au quartier. Visiteurs exclus du stock. activité/institution locale Budget civil 30,00 % ; coefficient 0,500000 ; part de filière 0,803 %. Savoir-faire de terrain et sécurité ; procédé spécialisé distinct du rang social.";1.6590639365161802e-05;3.4324542737371645e-06;0.0014225097381825624;0.12793922349397635;0.006146059866973254
Carrier;Extracteur de ressources minérales;0.13552781619277107;0.2244685347991809;27.105563238554215;D — activité déduite;"MJ135; SB160";"Bois, bûcheronnage et transformation, exploitation Shortfall ; exorcisme/recherche et gardes autour citadelle. Professions des résidents ; lieu de travail et commanditaires peuvent être extérieurs au quartier. Visiteurs exclus du stock. activité/institution locale Budget civil 30,00 % ; coefficient 0,500000 ; part de filière 0,803 %. Savoir-faire de terrain et sécurité ; procédé spécialisé distinct du rang social.";1.6590639365161802e-05;3.4324542737371645e-06;0.0014225097381825624;0.12793922349397635;0.006146059866973254
Salinier;Extracteur de ressources minérales;0;0;0.0;P — activité proposée;SB120;"Bois, bûcheronnage et transformation, exploitation Shortfall ; exorcisme/recherche et gardes autour citadelle. Professions des résidents ; lieu de travail et commanditaires peuvent être extérieurs au quartier. Visiteurs exclus du stock. activité/institution locale Budget civil 30,00 % ; coefficient 0,000000 ; part de filière 0,000 %. Zéro proposé : Climat, matière ou culture hors filière régionale retenue ; aucun établissement exceptionnel proposé. Savoir-faire de terrain et sécurité ; procédé spécialisé distinct du rang social.";0;0;0;0;0
Mineur de bauronite;Extracteur de ressources minérales;0.13552781619277107;0.2244685347991809;27.105563238554215;A — activité attestée;"SB174; SB182";"Bois, bûcheronnage et transformation, exploitation Shortfall ; exorcisme/recherche et gardes autour citadelle. Professions des résidents ; lieu de travail et commanditaires peuvent être extérieurs au quartier. Visiteurs exclus du stock. activité/institution locale Budget civil 30,00 % ; coefficient 0,500000 ; part de filière 0,803 %. Savoir-faire de terrain et sécurité ; procédé spécialisé distinct du rang social.";1.6590639365161802e-05;3.4324542737371645e-06;0.0014225097381825624;0.12793922349397635;0.006146059866973254
Mineur de tameranium;Extracteur de ressources minérales;0;0;0.0;A — activité attestée;"SB168; SB198";"Bois, bûcheronnage et transformation, exploitation Shortfall ; exorcisme/recherche et gardes autour citadelle. Professions des résidents ; lieu de travail et commanditaires peuvent être extérieurs au quartier. Visiteurs exclus du stock. activité/institution locale Budget civil 30,00 % ; coefficient 0,000000 ; part de filière 0,000 %. Zéro proposé : Climat, matière ou culture hors filière régionale retenue ; aucun établissement exceptionnel proposé. Savoir-faire de terrain et sécurité ; procédé spécialisé distinct du rang social.";0;0;0;0;0
Extracteur d’obsidienne;Extracteur de ressources minérales;0;0;0.0;A — activité attestée;SB190;"Bois, bûcheronnage et transformation, exploitation Shortfall ; exorcisme/recherche et gardes autour citadelle. Professions des résidents ; lieu de travail et commanditaires peuvent être extérieurs au quartier. Visiteurs exclus du stock. activité/institution locale Budget civil 30,00 % ; coefficient 0,000000 ; part de filière 0,000 %. Zéro proposé : Filière régionale non retenue dans ce scénario, sans interdiction universelle. Savoir-faire de terrain et sécurité ; procédé spécialisé distinct du rang social.";0;0;0;0;0
Extracteur de soufre;Extracteur de ressources minérales;0;0;0.0;A — activité attestée;SB190;"Bois, bûcheronnage et transformation, exploitation Shortfall ; exorcisme/recherche et gardes autour citadelle. Professions des résidents ; lieu de travail et commanditaires peuvent être extérieurs au quartier. Visiteurs exclus du stock. activité/institution locale Budget civil 30,00 % ; coefficient 0,000000 ; part de filière 0,000 %. Zéro proposé : Filière régionale non retenue dans ce scénario, sans interdiction universelle. Savoir-faire de terrain et sécurité ; procédé spécialisé distinct du rang social.";0;0;0;0;0
Prospecteur;Extracteur de ressources minérales;0.13552781619277107;0.2244685347991809;27.105563238554215;D — activité déduite;SB104;"Bois, bûcheronnage et transformation, exploitation Shortfall ; exorcisme/recherche et gardes autour citadelle. Professions des résidents ; lieu de travail et commanditaires peuvent être extérieurs au quartier. Visiteurs exclus du stock. activité/institution locale Budget civil 30,00 % ; coefficient 0,500000 ; part de filière 0,803 %. Savoir-faire de terrain et sécurité ; procédé spécialisé distinct du rang social.";1.6590639365161802e-05;3.4324542737371645e-06;0.0014225097381825624;0.12793922349397635;0.006146059866973254
Meunier;Meunier;0.1704091738230202;0.2822409350268317;34.08183476460404;D — activité déduite;SB121;"Bois, bûcheronnage et transformation, exploitation Shortfall ; exorcisme/recherche et gardes autour citadelle. Professions des résidents ; lieu de travail et commanditaires peuvent être extérieurs au quartier. Visiteurs exclus du stock. activité/institution locale Budget civil 27,00 % ; coefficient 1,750000 ; part de filière 1,122 %. Apprentissage, atelier, combustible et outils ; titre noble ne remplace pas qualification.";4.0028708906088105e-05;3.312632139913746e-05;0.008580324569249967;0.1543413072333207;0.007414386990144293
Boucher;Boucher;0.19475334151202311;0.3225610686020933;38.95066830240462;D — activité déduite;SB99;"Bois, bûcheronnage et transformation, exploitation Shortfall ; exorcisme/recherche et gardes autour citadelle. Professions des résidents ; lieu de travail et commanditaires peuvent être extérieurs au quartier. Visiteurs exclus du stock. activité/institution locale Budget civil 27,00 % ; coefficient 2,000000 ; part de filière 1,282 %. Apprentissage, atelier, combustible et outils ; titre noble ne remplace pas qualification.";4.574709589267212e-05;3.785865302758567e-05;0.009806085221999961;0.1763900654095094;0.008473585131593483
Écorcheur;Boucher;0.07790133660480923;0.12902442744083734;15.580267320961845;A — activité attestée;MJ128;"Bois, bûcheronnage et transformation, exploitation Shortfall ; exorcisme/recherche et gardes autour citadelle. Professions des résidents ; lieu de travail et commanditaires peuvent être extérieurs au quartier. Visiteurs exclus du stock. activité/institution locale Budget civil 27,00 % ; coefficient 0,800000 ; part de filière 0,513 %. Apprentissage, atelier, combustible et outils ; titre noble ne remplace pas qualification.";1.8298838357068852e-05;1.514346121103427e-05;0.0039224340887999845;0.07055602616380376;0.003389434052637392
Boulanger;Boulanger;0.41385085071304906;0.6854422707794483;82.7701701426098;A — activité attestée;MJ128;"Bois, bûcheronnage et transformation, exploitation Shortfall ; exorcisme/recherche et gardes autour citadelle. Professions des résidents ; lieu de travail et commanditaires peuvent être extérieurs au quartier. Visiteurs exclus du stock. activité/institution locale Budget civil 27,00 % ; coefficient 4,250000 ; part de filière 2,725 %. Apprentissage, atelier, combustible et outils ; titre noble ne remplace pas qualification.";9.721257877192827e-05;8.044963768361956e-05;0.020837931096749918;0.37482888899520744;0.018006368404636135
Cuisinier;Cuisinier;0.5802841755996905;0.9610981887197327;116.0568351199381;A — activité attestée;MJ128;"Bois, bûcheronnage et transformation, exploitation Shortfall ; exorcisme/recherche et gardes autour citadelle. Professions des résidents ; lieu de travail et commanditaires peuvent être extérieurs au quartier. Visiteurs exclus du stock. activité/institution locale Budget civil 8,00 % ; coefficient 7,500000 ; part de filière 12,897 %. Apprentissage et qualification variable ; soins avancés et thérapie magique exigent formation.";7.162795161904077e-05;1.4819179854520176e-05;0.003070751417757708;0.552361142262392;0.024765834788067268
Cuisinier de haute cuisine;Cuisinier;0;0;0.0;A — activité attestée;"PG28; CC52";"Bois, bûcheronnage et transformation, exploitation Shortfall ; exorcisme/recherche et gardes autour citadelle. Professions des résidents ; lieu de travail et commanditaires peuvent être extérieurs au quartier. Visiteurs exclus du stock. activité/institution locale Budget civil 8,00 % ; coefficient 0,000000 ; part de filière 0,000 %. Zéro proposé : Haute cuisine concentrée auprès de clientèle et maîtres attestés/proposés ; cuisine ordinaire conservée. Apprentissage et qualification variable ; soins avancés et thérapie magique exigent formation.";0;0;0;0;0
Poissonnier;Transformateur alimentaire;0.12658967198281504;0.20966469459136072;25.31793439656301;D — activité déduite;"SB120; SB149";"Bois, bûcheronnage et transformation, exploitation Shortfall ; exorcisme/recherche et gardes autour citadelle. Professions des résidents ; lieu de travail et commanditaires peuvent être extérieurs au quartier. Visiteurs exclus du stock. activité/institution locale Budget civil 27,00 % ; coefficient 1,300000 ; part de filière 0,834 %. Apprentissage, atelier, combustible et outils ; titre noble ne remplace pas qualification.";2.9735612330236885e-05;2.4608124467930695e-05;0.006373955394299974;0.11465354251618114;0.005507830335535764
Saleur et sécheur alimentaire;Transformateur alimentaire;0.12658967198281504;0.20966469459136072;25.31793439656301;D — activité déduite;"SB120; SB149";"Bois, bûcheronnage et transformation, exploitation Shortfall ; exorcisme/recherche et gardes autour citadelle. Professions des résidents ; lieu de travail et commanditaires peuvent être extérieurs au quartier. Visiteurs exclus du stock. activité/institution locale Budget civil 27,00 % ; coefficient 1,300000 ; part de filière 0,834 %. Apprentissage, atelier, combustible et outils ; titre noble ne remplace pas qualification.";2.9735612330236885e-05;2.4608124467930695e-05;0.006373955394299974;0.11465354251618114;0.005507830335535764
Fromager;Transformateur alimentaire;0.12658967198281504;0.20966469459136072;25.31793439656301;A — activité attestée;"SB120; SB149";"Bois, bûcheronnage et transformation, exploitation Shortfall ; exorcisme/recherche et gardes autour citadelle. Professions des résidents ; lieu de travail et commanditaires peuvent être extérieurs au quartier. Visiteurs exclus du stock. activité/institution locale Budget civil 27,00 % ; coefficient 1,300000 ; part de filière 0,834 %. Apprentissage, atelier, combustible et outils ; titre noble ne remplace pas qualification.";2.9735612330236885e-05;2.4608124467930695e-05;0.006373955394299974;0.11465354251618114;0.005507830335535764
Huilier;Transformateur alimentaire;0.12658967198281504;0.20966469459136072;25.31793439656301;P — activité proposée;"SB120; SB149";"Bois, bûcheronnage et transformation, exploitation Shortfall ; exorcisme/recherche et gardes autour citadelle. Professions des résidents ; lieu de travail et commanditaires peuvent être extérieurs au quartier. Visiteurs exclus du stock. activité/institution locale Budget civil 27,00 % ; coefficient 1,300000 ; part de filière 0,834 %. Apprentissage, atelier, combustible et outils ; titre noble ne remplace pas qualification.";2.9735612330236885e-05;2.4608124467930695e-05;0.006373955394299974;0.11465354251618114;0.005507830335535764
Brasseur;Fabricant de boissons;0.11685200490721384;0.19353664116125596;23.370400981442767;A — activité attestée;"MJ128; SB120";"Bois, bûcheronnage et transformation, exploitation Shortfall ; exorcisme/recherche et gardes autour citadelle. Professions des résidents ; lieu de travail et commanditaires peuvent être extérieurs au quartier. Visiteurs exclus du stock. activité/institution locale Budget civil 27,00 % ; coefficient 1,200000 ; part de filière 0,769 %. Apprentissage, atelier, combustible et outils ; titre noble ne remplace pas qualification.";2.7448257535603268e-05;2.2715191816551397e-05;0.005883651133199973;0.10583403924570563;0.005084151078956088
Distillateur;Fabricant de boissons;0.11685200490721384;0.19353664116125596;23.370400981442767;A — activité attestée;"MJ128; SB120";"Bois, bûcheronnage et transformation, exploitation Shortfall ; exorcisme/recherche et gardes autour citadelle. Professions des résidents ; lieu de travail et commanditaires peuvent être extérieurs au quartier. Visiteurs exclus du stock. activité/institution locale Budget civil 27,00 % ; coefficient 1,200000 ; part de filière 0,769 %. Apprentissage, atelier, combustible et outils ; titre noble ne remplace pas qualification.";2.7448257535603268e-05;2.2715191816551397e-05;0.005883651133199973;0.10583403924570563;0.005084151078956088
Distillateur de Highlandtuber;Fabricant de boissons;0;0;0.0;A — activité attestée;"SB120; SB121";"Bois, bûcheronnage et transformation, exploitation Shortfall ; exorcisme/recherche et gardes autour citadelle. Professions des résidents ; lieu de travail et commanditaires peuvent être extérieurs au quartier. Visiteurs exclus du stock. activité/institution locale Budget civil 27,00 % ; coefficient 0,000000 ; part de filière 0,000 %. Zéro proposé : Filière régionale non retenue dans ce scénario, sans interdiction universelle. Apprentissage, atelier, combustible et outils ; titre noble ne remplace pas qualification.";0;0;0;0;0
Maître de cérémonie du thé;Maître de cérémonie du thé;0;0;0.0;A — activité attestée;SB201;"Bois, bûcheronnage et transformation, exploitation Shortfall ; exorcisme/recherche et gardes autour citadelle. Professions des résidents ; lieu de travail et commanditaires peuvent être extérieurs au quartier. Visiteurs exclus du stock. activité/institution locale Budget civil 0,00 % ; coefficient 0,000000 ; part de filière 0,000 %. Zéro proposé : Filière régionale non retenue dans ce scénario, sans interdiction universelle. Apprentissage, audition et réseau ; accès au mérite notamment Mustardseed.";0;0;0;0;0
Alchimiste;Alchimiste;0.047906411808796984;0.07934520283947745;9.581282361759397;A — activité attestée;"MJ128; BR55";"Bois, bûcheronnage et transformation, exploitation Shortfall ; exorcisme/recherche et gardes autour citadelle. Professions des résidents ; lieu de travail et commanditaires peuvent être extérieurs au quartier. Visiteurs exclus du stock. activité/institution locale Budget civil 1,00 % ; coefficient 2,500000 ; part de filière 8,518 %. Long apprentissage, frais, bourses, talent, licence ou secret ; titre ne donne pas maîtrise.";0.0005362481554298257;0.00011094492697815473;0.005747354022889427;0.04135294071296325;0.00015892399053632462
Apothicaire;Alchimiste;0.01916256472351879;0.03173808113579098;3.832512944703758;A — activité attestée;"MJ128; BR55";"Bois, bûcheronnage et transformation, exploitation Shortfall ; exorcisme/recherche et gardes autour citadelle. Professions des résidents ; lieu de travail et commanditaires peuvent être extérieurs au quartier. Visiteurs exclus du stock. activité/institution locale Budget civil 1,00 % ; coefficient 1,000000 ; part de filière 3,407 %. Long apprentissage, frais, bourses, talent, licence ou secret ; titre ne donne pas maîtrise.";0.0002144992621719302;4.4377970791261885e-05;0.002298941609155771;0.016541176285185297;6.356959621452987e-05
Préparateur de poisons;Alchimiste;0.01916256472351879;0.03173808113579098;3.832512944703758;D — activité déduite;"BR55; SB193";"Bois, bûcheronnage et transformation, exploitation Shortfall ; exorcisme/recherche et gardes autour citadelle. Professions des résidents ; lieu de travail et commanditaires peuvent être extérieurs au quartier. Visiteurs exclus du stock. activité/institution locale Budget civil 1,00 % ; coefficient 1,000000 ; part de filière 3,407 %. Long apprentissage, frais, bourses, talent, licence ou secret ; titre ne donne pas maîtrise.";0.0002144992621719302;4.4377970791261885e-05;0.002298941609155771;0.016541176285185297;6.356959621452987e-05
Préparateur de potions;Alchimiste;0.01916256472351879;0.03173808113579098;3.832512944703758;A — activité attestée;SB138;"Bois, bûcheronnage et transformation, exploitation Shortfall ; exorcisme/recherche et gardes autour citadelle. Professions des résidents ; lieu de travail et commanditaires peuvent être extérieurs au quartier. Visiteurs exclus du stock. activité/institution locale Budget civil 1,00 % ; coefficient 1,000000 ; part de filière 3,407 %. Long apprentissage, frais, bourses, talent, licence ou secret ; titre ne donne pas maîtrise.";0.0002144992621719302;4.4377970791261885e-05;0.002298941609155771;0.016541176285185297;6.356959621452987e-05
Préparateur d’Estelindea;Alchimiste;0;0;0.0;A — activité attestée;SB153;"Bois, bûcheronnage et transformation, exploitation Shortfall ; exorcisme/recherche et gardes autour citadelle. Professions des résidents ; lieu de travail et commanditaires peuvent être extérieurs au quartier. Visiteurs exclus du stock. activité/institution locale Budget civil 1,00 % ; coefficient 0,000000 ; part de filière 0,000 %. Zéro proposé : Filière régionale non retenue dans ce scénario, sans interdiction universelle. Long apprentissage, frais, bourses, talent, licence ou secret ; titre ne donne pas maîtrise.";0;0;0;0;0
Charbonnier;Charbonnier;0.2032917242891566;0.33670280219877136;40.658344857831324;P — activité proposée;SB128;"Bois, bûcheronnage et transformation, exploitation Shortfall ; exorcisme/recherche et gardes autour citadelle. Professions des résidents ; lieu de travail et commanditaires peuvent être extérieurs au quartier. Visiteurs exclus du stock. activité/institution locale Budget civil 30,00 % ; coefficient 0,750000 ; part de filière 1,205 %. Savoir-faire de terrain et sécurité ; procédé spécialisé distinct du rang social.";2.4885959047742704e-05;5.148681410605747e-06;0.002133764607273843;0.19190883524096453;0.009219089800459884
Fondeur et affineur;Métallurgiste;0.06816366952920808;0.11289637401073266;13.632733905841615;D — activité déduite;"SB198; SB160";"Bois, bûcheronnage et transformation, exploitation Shortfall ; exorcisme/recherche et gardes autour citadelle. Professions des résidents ; lieu de travail et commanditaires peuvent être extérieurs au quartier. Visiteurs exclus du stock. activité/institution locale Budget civil 27,00 % ; coefficient 0,700000 ; part de filière 0,449 %. Apprentissage, atelier, combustible et outils ; titre noble ne remplace pas qualification.";1.6011483562435245e-05;1.3250528559654981e-05;0.0034321298276999853;0.06173652289332829;0.002965754796057717
Aciériste;Métallurgiste;0.06816366952920808;0.11289637401073266;13.632733905841615;D — activité déduite;SB198;"Bois, bûcheronnage et transformation, exploitation Shortfall ; exorcisme/recherche et gardes autour citadelle. Professions des résidents ; lieu de travail et commanditaires peuvent être extérieurs au quartier. Visiteurs exclus du stock. activité/institution locale Budget civil 27,00 % ; coefficient 0,700000 ; part de filière 0,449 %. Apprentissage, atelier, combustible et outils ; titre noble ne remplace pas qualification.";1.6011483562435245e-05;1.3250528559654981e-05;0.0034321298276999853;0.06173652289332829;0.002965754796057717
Forgeron;Forgeron;0.48688335378005776;0.8064026715052334;97.37667075601155;A — activité attestée;MJ128;"Bois, bûcheronnage et transformation, exploitation Shortfall ; exorcisme/recherche et gardes autour citadelle. Professions des résidents ; lieu de travail et commanditaires peuvent être extérieurs au quartier. Visiteurs exclus du stock. activité/institution locale Budget civil 27,00 % ; coefficient 5,000000 ; part de filière 3,206 %. Apprentissage, atelier, combustible et outils ; titre noble ne remplace pas qualification.";0.00011436773973168031;9.46466325689642e-05;0.0245152130549999;0.44097516352377353;0.021183962828983702
Armurier;Forgeron;0.19475334151202311;0.3225610686020933;38.95066830240462;A — activité attestée;MJ128;"Bois, bûcheronnage et transformation, exploitation Shortfall ; exorcisme/recherche et gardes autour citadelle. Professions des résidents ; lieu de travail et commanditaires peuvent être extérieurs au quartier. Visiteurs exclus du stock. activité/institution locale Budget civil 27,00 % ; coefficient 2,000000 ; part de filière 1,282 %. Apprentissage, atelier, combustible et outils ; titre noble ne remplace pas qualification.";4.574709589267212e-05;3.785865302758567e-05;0.009806085221999961;0.1763900654095094;0.008473585131593483
Coutelier;Forgeron;0.19475334151202311;0.3225610686020933;38.95066830240462;D — activité déduite;MJ128;"Bois, bûcheronnage et transformation, exploitation Shortfall ; exorcisme/recherche et gardes autour citadelle. Professions des résidents ; lieu de travail et commanditaires peuvent être extérieurs au quartier. Visiteurs exclus du stock. activité/institution locale Budget civil 27,00 % ; coefficient 2,000000 ; part de filière 1,282 %. Apprentissage, atelier, combustible et outils ; titre noble ne remplace pas qualification.";4.574709589267212e-05;3.785865302758567e-05;0.009806085221999961;0.1763900654095094;0.008473585131593483
Rémouleur;Forgeron;0.19475334151202311;0.3225610686020933;38.95066830240462;D — activité déduite;MJ128;"Bois, bûcheronnage et transformation, exploitation Shortfall ; exorcisme/recherche et gardes autour citadelle. Professions des résidents ; lieu de travail et commanditaires peuvent être extérieurs au quartier. Visiteurs exclus du stock. activité/institution locale Budget civil 27,00 % ; coefficient 2,000000 ; part de filière 1,282 %. Apprentissage, atelier, combustible et outils ; titre noble ne remplace pas qualification.";4.574709589267212e-05;3.785865302758567e-05;0.009806085221999961;0.1763900654095094;0.008473585131593483
Serrurier;Mécanicien et artisan du métal;0.11685200490721384;0.19353664116125596;23.370400981442767;A — activité attestée;"MJ128; SB174";"Bois, bûcheronnage et transformation, exploitation Shortfall ; exorcisme/recherche et gardes autour citadelle. Professions des résidents ; lieu de travail et commanditaires peuvent être extérieurs au quartier. Visiteurs exclus du stock. activité/institution locale Budget civil 27,00 % ; coefficient 1,200000 ; part de filière 0,769 %. Apprentissage, atelier, combustible et outils ; titre noble ne remplace pas qualification.";2.7448257535603268e-05;2.2715191816551397e-05;0.005883651133199973;0.10583403924570563;0.005084151078956088
Rétameur;Mécanicien et artisan du métal;0.11685200490721384;0.19353664116125596;23.370400981442767;A — activité attestée;"MJ128; SB174";"Bois, bûcheronnage et transformation, exploitation Shortfall ; exorcisme/recherche et gardes autour citadelle. Professions des résidents ; lieu de travail et commanditaires peuvent être extérieurs au quartier. Visiteurs exclus du stock. activité/institution locale Budget civil 27,00 % ; coefficient 1,200000 ; part de filière 0,769 %. Apprentissage, atelier, combustible et outils ; titre noble ne remplace pas qualification.";2.7448257535603268e-05;2.2715191816551397e-05;0.005883651133199973;0.10583403924570563;0.005084151078956088
Réparateur et bricoleur;Mécanicien et artisan du métal;0.11685200490721384;0.19353664116125596;23.370400981442767;A — activité attestée;"MJ128; SB174";"Bois, bûcheronnage et transformation, exploitation Shortfall ; exorcisme/recherche et gardes autour citadelle. Professions des résidents ; lieu de travail et commanditaires peuvent être extérieurs au quartier. Visiteurs exclus du stock. activité/institution locale Budget civil 27,00 % ; coefficient 1,200000 ; part de filière 0,769 %. Apprentissage, atelier, combustible et outils ; titre noble ne remplace pas qualification.";2.7448257535603268e-05;2.2715191816551397e-05;0.005883651133199973;0.10583403924570563;0.005084151078956088
Horloger;Mécanicien et artisan du métal;0;0;0.0;D — activité déduite;SB174;"Bois, bûcheronnage et transformation, exploitation Shortfall ; exorcisme/recherche et gardes autour citadelle. Professions des résidents ; lieu de travail et commanditaires peuvent être extérieurs au quartier. Visiteurs exclus du stock. activité/institution locale Budget civil 27,00 % ; coefficient 0,000000 ; part de filière 0,000 %. Zéro proposé : Climat, matière ou culture hors filière régionale retenue ; aucun établissement exceptionnel proposé. Apprentissage, atelier, combustible et outils ; titre noble ne remplace pas qualification.";0;0;0;0;0
Fabricant d’outils de précision;Mécanicien et artisan du métal;0;0;0.0;A — activité attestée;SB174;"Bois, bûcheronnage et transformation, exploitation Shortfall ; exorcisme/recherche et gardes autour citadelle. Professions des résidents ; lieu de travail et commanditaires peuvent être extérieurs au quartier. Visiteurs exclus du stock. activité/institution locale Budget civil 27,00 % ; coefficient 0,000000 ; part de filière 0,000 %. Zéro proposé : Climat, matière ou culture hors filière régionale retenue ; aucun établissement exceptionnel proposé. Apprentissage, atelier, combustible et outils ; titre noble ne remplace pas qualification.";0;0;0;0;0
Fabricant d’instruments de navigation;Mécanicien et artisan du métal;0;0;0.0;D — activité déduite;SB174;"Bois, bûcheronnage et transformation, exploitation Shortfall ; exorcisme/recherche et gardes autour citadelle. Professions des résidents ; lieu de travail et commanditaires peuvent être extérieurs au quartier. Visiteurs exclus du stock. activité/institution locale Budget civil 27,00 % ; coefficient 0,000000 ; part de filière 0,000 %. Zéro proposé : Climat, matière ou culture hors filière régionale retenue ; aucun établissement exceptionnel proposé. Apprentissage, atelier, combustible et outils ; titre noble ne remplace pas qualification.";0;0;0;0;0
Bijoutier;Bijoutier;0.19475334151202311;0.3225610686020933;38.95066830240462;A — activité attestée;MJ128;"Bois, bûcheronnage et transformation, exploitation Shortfall ; exorcisme/recherche et gardes autour citadelle. Professions des résidents ; lieu de travail et commanditaires peuvent être extérieurs au quartier. Visiteurs exclus du stock. activité/institution locale Budget civil 27,00 % ; coefficient 2,000000 ; part de filière 1,282 %. Apprentissage, atelier, combustible et outils ; titre noble ne remplace pas qualification.";4.574709589267212e-05;3.785865302758567e-05;0.009806085221999961;0.1763900654095094;0.008473585131593483
Orfèvre;Bijoutier;0.07790133660480923;0.12902442744083734;15.580267320961845;A — activité attestée;MJ128;"Bois, bûcheronnage et transformation, exploitation Shortfall ; exorcisme/recherche et gardes autour citadelle. Professions des résidents ; lieu de travail et commanditaires peuvent être extérieurs au quartier. Visiteurs exclus du stock. activité/institution locale Budget civil 27,00 % ; coefficient 0,800000 ; part de filière 0,513 %. Apprentissage, atelier, combustible et outils ; titre noble ne remplace pas qualification.";1.8298838357068852e-05;1.514346121103427e-05;0.0039224340887999845;0.07055602616380376;0.003389434052637392
Lapidaire et tailleur de gemmes;Bijoutier;0.07790133660480923;0.12902442744083734;15.580267320961845;A — activité attestée;MJ128;"Bois, bûcheronnage et transformation, exploitation Shortfall ; exorcisme/recherche et gardes autour citadelle. Professions des résidents ; lieu de travail et commanditaires peuvent être extérieurs au quartier. Visiteurs exclus du stock. activité/institution locale Budget civil 27,00 % ; coefficient 0,800000 ; part de filière 0,513 %. Apprentissage, atelier, combustible et outils ; titre noble ne remplace pas qualification.";1.8298838357068852e-05;1.514346121103427e-05;0.0039224340887999845;0.07055602616380376;0.003389434052637392
Tanneur;Tanneur;0.12172083844501444;0.20160066787630834;24.344167689002887;A — activité attestée;MJ128;"Bois, bûcheronnage et transformation, exploitation Shortfall ; exorcisme/recherche et gardes autour citadelle. Professions des résidents ; lieu de travail et commanditaires peuvent être extérieurs au quartier. Visiteurs exclus du stock. activité/institution locale Budget civil 27,00 % ; coefficient 1,250000 ; part de filière 0,802 %. Apprentissage, atelier, combustible et outils ; titre noble ne remplace pas qualification.";2.859193493292008e-05;2.366165814224105e-05;0.006128803263749975;0.11024379088094338;0.0052959907072459254
Fourreur;Tanneur;0.04868833537800578;0.08064026715052333;9.737667075601156;D — activité déduite;"SB120; SB133";"Bois, bûcheronnage et transformation, exploitation Shortfall ; exorcisme/recherche et gardes autour citadelle. Professions des résidents ; lieu de travail et commanditaires peuvent être extérieurs au quartier. Visiteurs exclus du stock. activité/institution locale Budget civil 27,00 % ; coefficient 0,500000 ; part de filière 0,321 %. Apprentissage, atelier, combustible et outils ; titre noble ne remplace pas qualification.";1.143677397316803e-05;9.464663256896417e-06;0.0024515213054999902;0.04409751635237735;0.0021183962828983708
Maroquinier;Artisan du cuir;0.15580267320961846;0.25804885488167467;31.16053464192369;A — activité attestée;MJ128;"Bois, bûcheronnage et transformation, exploitation Shortfall ; exorcisme/recherche et gardes autour citadelle. Professions des résidents ; lieu de travail et commanditaires peuvent être extérieurs au quartier. Visiteurs exclus du stock. activité/institution locale Budget civil 27,00 % ; coefficient 1,600000 ; part de filière 1,026 %. Apprentissage, atelier, combustible et outils ; titre noble ne remplace pas qualification.";3.6597676714137704e-05;3.028692242206854e-05;0.007844868177599969;0.1411120523276075;0.006778868105274784
Bourrelier et sellier;Artisan du cuir;0.15580267320961846;0.25804885488167467;31.16053464192369;D — activité déduite;"MJ128; SB163";"Bois, bûcheronnage et transformation, exploitation Shortfall ; exorcisme/recherche et gardes autour citadelle. Professions des résidents ; lieu de travail et commanditaires peuvent être extérieurs au quartier. Visiteurs exclus du stock. activité/institution locale Budget civil 27,00 % ; coefficient 1,600000 ; part de filière 1,026 %. Apprentissage, atelier, combustible et outils ; titre noble ne remplace pas qualification.";3.6597676714137704e-05;3.028692242206854e-05;0.007844868177599969;0.1411120523276075;0.006778868105274784
Boursier, fabricant de bourses;Artisan du cuir;0.15580267320961846;0.25804885488167467;31.16053464192369;D — activité déduite;MJ128;"Bois, bûcheronnage et transformation, exploitation Shortfall ; exorcisme/recherche et gardes autour citadelle. Professions des résidents ; lieu de travail et commanditaires peuvent être extérieurs au quartier. Visiteurs exclus du stock. activité/institution locale Budget civil 27,00 % ; coefficient 1,600000 ; part de filière 1,026 %. Apprentissage, atelier, combustible et outils ; titre noble ne remplace pas qualification.";3.6597676714137704e-05;3.028692242206854e-05;0.007844868177599969;0.1411120523276075;0.006778868105274784
Gantier;Artisan du cuir;0.15580267320961846;0.25804885488167467;31.16053464192369;D — activité déduite;MJ128;"Bois, bûcheronnage et transformation, exploitation Shortfall ; exorcisme/recherche et gardes autour citadelle. Professions des résidents ; lieu de travail et commanditaires peuvent être extérieurs au quartier. Visiteurs exclus du stock. activité/institution locale Budget civil 27,00 % ; coefficient 1,600000 ; part de filière 1,026 %. Apprentissage, atelier, combustible et outils ; titre noble ne remplace pas qualification.";3.6597676714137704e-05;3.028692242206854e-05;0.007844868177599969;0.1411120523276075;0.006778868105274784
Cordonnier;Artisan du cuir;0.15580267320961846;0.25804885488167467;31.16053464192369;A — activité attestée;MJ128;"Bois, bûcheronnage et transformation, exploitation Shortfall ; exorcisme/recherche et gardes autour citadelle. Professions des résidents ; lieu de travail et commanditaires peuvent être extérieurs au quartier. Visiteurs exclus du stock. activité/institution locale Budget civil 27,00 % ; coefficient 1,600000 ; part de filière 1,026 %. Apprentissage, atelier, combustible et outils ; titre noble ne remplace pas qualification.";3.6597676714137704e-05;3.028692242206854e-05;0.007844868177599969;0.1411120523276075;0.006778868105274784
Fileur;Artisan textile;0.19475334151202311;0.3225610686020933;38.95066830240462;D — activité déduite;MJ128;"Bois, bûcheronnage et transformation, exploitation Shortfall ; exorcisme/recherche et gardes autour citadelle. Professions des résidents ; lieu de travail et commanditaires peuvent être extérieurs au quartier. Visiteurs exclus du stock. activité/institution locale Budget civil 27,00 % ; coefficient 2,000000 ; part de filière 1,282 %. Apprentissage, atelier, combustible et outils ; titre noble ne remplace pas qualification.";4.574709589267212e-05;3.785865302758567e-05;0.009806085221999961;0.1763900654095094;0.008473585131593483
Tisserand;Artisan textile;0.19475334151202311;0.3225610686020933;38.95066830240462;A — activité attestée;MJ128;"Bois, bûcheronnage et transformation, exploitation Shortfall ; exorcisme/recherche et gardes autour citadelle. Professions des résidents ; lieu de travail et commanditaires peuvent être extérieurs au quartier. Visiteurs exclus du stock. activité/institution locale Budget civil 27,00 % ; coefficient 2,000000 ; part de filière 1,282 %. Apprentissage, atelier, combustible et outils ; titre noble ne remplace pas qualification.";4.574709589267212e-05;3.785865302758567e-05;0.009806085221999961;0.1763900654095094;0.008473585131593483
Teinturier;Artisan textile;0.19475334151202311;0.3225610686020933;38.95066830240462;A — activité attestée;MJ128;"Bois, bûcheronnage et transformation, exploitation Shortfall ; exorcisme/recherche et gardes autour citadelle. Professions des résidents ; lieu de travail et commanditaires peuvent être extérieurs au quartier. Visiteurs exclus du stock. activité/institution locale Budget civil 27,00 % ; coefficient 2,000000 ; part de filière 1,282 %. Apprentissage, atelier, combustible et outils ; titre noble ne remplace pas qualification.";4.574709589267212e-05;3.785865302758567e-05;0.009806085221999961;0.1763900654095094;0.008473585131593483
Tailleur;Tailleur de vêtements;0.19475334151202311;0.3225610686020933;38.95066830240462;D — activité déduite;"MJ128; SB139";"Bois, bûcheronnage et transformation, exploitation Shortfall ; exorcisme/recherche et gardes autour citadelle. Professions des résidents ; lieu de travail et commanditaires peuvent être extérieurs au quartier. Visiteurs exclus du stock. activité/institution locale Budget civil 27,00 % ; coefficient 2,000000 ; part de filière 1,282 %. Apprentissage, atelier, combustible et outils ; titre noble ne remplace pas qualification.";4.574709589267212e-05;3.785865302758567e-05;0.009806085221999961;0.1763900654095094;0.008473585131593483
Modiste et fabricant de coiffes;Tailleur de vêtements;0.19475334151202311;0.3225610686020933;38.95066830240462;D — activité déduite;"SB139; SB120";"Bois, bûcheronnage et transformation, exploitation Shortfall ; exorcisme/recherche et gardes autour citadelle. Professions des résidents ; lieu de travail et commanditaires peuvent être extérieurs au quartier. Visiteurs exclus du stock. activité/institution locale Budget civil 27,00 % ; coefficient 2,000000 ; part de filière 1,282 %. Apprentissage, atelier, combustible et outils ; titre noble ne remplace pas qualification.";4.574709589267212e-05;3.785865302758567e-05;0.009806085221999961;0.1763900654095094;0.008473585131593483
Tapissier;Tapissier;0.09737667075601156;0.16128053430104666;19.47533415120231;D — activité déduite;SB200;"Bois, bûcheronnage et transformation, exploitation Shortfall ; exorcisme/recherche et gardes autour citadelle. Professions des résidents ; lieu de travail et commanditaires peuvent être extérieurs au quartier. Visiteurs exclus du stock. activité/institution locale Budget civil 27,00 % ; coefficient 1,000000 ; part de filière 0,641 %. Apprentissage, atelier, combustible et outils ; titre noble ne remplace pas qualification.";2.287354794633606e-05;1.8929326513792835e-05;0.0049030426109999805;0.0881950327047547;0.0042367925657967416
Menuisier;Menuisier;1.947533415120231;3.2256106860209335;389.5066830240462;D — activité déduite;"MJ128; SB152";"Bois, bûcheronnage et transformation, exploitation Shortfall ; exorcisme/recherche et gardes autour citadelle. Professions des résidents ; lieu de travail et commanditaires peuvent être extérieurs au quartier. Visiteurs exclus du stock. activité/institution locale Budget civil 27,00 % ; coefficient 20,000000 ; part de filière 12,825 %. Apprentissage, atelier, combustible et outils ; titre noble ne remplace pas qualification.";0.00045747095892672125;0.0003785865302758568;0.0980608522199996;1.7639006540950941;0.08473585131593481
Ébéniste;Menuisier;0.7790133660480925;1.2902442744083733;155.8026732096185;D — activité déduite;MJ128;"Bois, bûcheronnage et transformation, exploitation Shortfall ; exorcisme/recherche et gardes autour citadelle. Professions des résidents ; lieu de travail et commanditaires peuvent être extérieurs au quartier. Visiteurs exclus du stock. activité/institution locale Budget civil 27,00 % ; coefficient 8,000000 ; part de filière 5,130 %. Apprentissage, atelier, combustible et outils ; titre noble ne remplace pas qualification.";0.00018298838357068848;0.00015143461211034268;0.039224340887999844;0.7055602616380376;0.03389434052637393
Sculpteur sur bois;Menuisier;0.7790133660480925;1.2902442744083733;155.8026732096185;A — activité attestée;MJ128;"Bois, bûcheronnage et transformation, exploitation Shortfall ; exorcisme/recherche et gardes autour citadelle. Professions des résidents ; lieu de travail et commanditaires peuvent être extérieurs au quartier. Visiteurs exclus du stock. activité/institution locale Budget civil 27,00 % ; coefficient 8,000000 ; part de filière 5,130 %. Apprentissage, atelier, combustible et outils ; titre noble ne remplace pas qualification.";0.00018298838357068848;0.00015143461211034268;0.039224340887999844;0.7055602616380376;0.03389434052637393
Tonnelier;Menuisier;0.7790133660480925;1.2902442744083733;155.8026732096185;A — activité attestée;MJ128;"Bois, bûcheronnage et transformation, exploitation Shortfall ; exorcisme/recherche et gardes autour citadelle. Professions des résidents ; lieu de travail et commanditaires peuvent être extérieurs au quartier. Visiteurs exclus du stock. activité/institution locale Budget civil 27,00 % ; coefficient 8,000000 ; part de filière 5,130 %. Apprentissage, atelier, combustible et outils ; titre noble ne remplace pas qualification.";0.00018298838357068848;0.00015143461211034268;0.039224340887999844;0.7055602616380376;0.03389434052637393
Charron;Menuisier;0.7790133660480925;1.2902442744083733;155.8026732096185;A — activité attestée;MJ128;"Bois, bûcheronnage et transformation, exploitation Shortfall ; exorcisme/recherche et gardes autour citadelle. Professions des résidents ; lieu de travail et commanditaires peuvent être extérieurs au quartier. Visiteurs exclus du stock. activité/institution locale Budget civil 27,00 % ; coefficient 8,000000 ; part de filière 5,130 %. Apprentissage, atelier, combustible et outils ; titre noble ne remplace pas qualification.";0.00018298838357068848;0.00015143461211034268;0.039224340887999844;0.7055602616380376;0.03389434052637393
Charpentier;Charpentier;0.31647417995703747;0.5241617364784015;63.29483599140749;A — activité attestée;MJ128;"Bois, bûcheronnage et transformation, exploitation Shortfall ; exorcisme/recherche et gardes autour citadelle. Professions des résidents ; lieu de travail et commanditaires peuvent être extérieurs au quartier. Visiteurs exclus du stock. activité/institution locale Budget civil 27,00 % ; coefficient 3,250000 ; part de filière 2,084 %. Apprentissage, atelier, combustible et outils ; titre noble ne remplace pas qualification.";7.433903082559222e-05;6.152031116982673e-05;0.015934888485749935;0.28663385629045274;0.013769575838839405
Couvreur;Charpentier;0.12658967198281504;0.20966469459136072;25.31793439656301;A — activité attestée;MJ128;"Bois, bûcheronnage et transformation, exploitation Shortfall ; exorcisme/recherche et gardes autour citadelle. Professions des résidents ; lieu de travail et commanditaires peuvent être extérieurs au quartier. Visiteurs exclus du stock. activité/institution locale Budget civil 27,00 % ; coefficient 1,300000 ; part de filière 0,834 %. Apprentissage, atelier, combustible et outils ; titre noble ne remplace pas qualification.";2.9735612330236885e-05;2.4608124467930695e-05;0.006373955394299974;0.11465354251618114;0.005507830335535764
Constructeur naval;Constructeur naval;0.14606500613401732;0.24192080145156997;29.213001226803463;A — activité attestée;"MJ128; SB148";"Bois, bûcheronnage et transformation, exploitation Shortfall ; exorcisme/recherche et gardes autour citadelle. Professions des résidents ; lieu de travail et commanditaires peuvent être extérieurs au quartier. Visiteurs exclus du stock. activité/institution locale Budget civil 27,00 % ; coefficient 1,500000 ; part de filière 0,962 %. Apprentissage, atelier, combustible et outils ; titre noble ne remplace pas qualification.";3.43103219195041e-05;2.8393989770689257e-05;0.007354563916499972;0.13229254905713206;0.00635518884869511
Calfat;Constructeur naval;0.05842600245360692;0.09676832058062798;11.685200490721384;D — activité déduite;"MJ128; SB148";"Bois, bûcheronnage et transformation, exploitation Shortfall ; exorcisme/recherche et gardes autour citadelle. Professions des résidents ; lieu de travail et commanditaires peuvent être extérieurs au quartier. Visiteurs exclus du stock. activité/institution locale Budget civil 27,00 % ; coefficient 0,600000 ; part de filière 0,385 %. Apprentissage, atelier, combustible et outils ; titre noble ne remplace pas qualification.";1.3724128767801634e-05;1.1357595908275699e-05;0.0029418255665999865;0.052917019622852814;0.002542075539478044
Constructeur de drakkars;Constructeur naval;0;0;0.0;A — activité attestée;SB130;"Bois, bûcheronnage et transformation, exploitation Shortfall ; exorcisme/recherche et gardes autour citadelle. Professions des résidents ; lieu de travail et commanditaires peuvent être extérieurs au quartier. Visiteurs exclus du stock. activité/institution locale Budget civil 27,00 % ; coefficient 0,000000 ; part de filière 0,000 %. Zéro proposé : Filière régionale non retenue dans ce scénario, sans interdiction universelle. Apprentissage, atelier, combustible et outils ; titre noble ne remplace pas qualification.";0;0;0;0;0
Cordier;Cordier;0.12172083844501444;0.20160066787630834;24.344167689002887;D — activité déduite;SB130;"Bois, bûcheronnage et transformation, exploitation Shortfall ; exorcisme/recherche et gardes autour citadelle. Professions des résidents ; lieu de travail et commanditaires peuvent être extérieurs au quartier. Visiteurs exclus du stock. activité/institution locale Budget civil 27,00 % ; coefficient 1,250000 ; part de filière 0,802 %. Apprentissage, atelier, combustible et outils ; titre noble ne remplace pas qualification.";2.859193493292008e-05;2.366165814224105e-05;0.006128803263749975;0.11024379088094338;0.0052959907072459254
Voilier;Cordier;0.04868833537800578;0.08064026715052333;9.737667075601156;A — activité attestée;MJ128;"Bois, bûcheronnage et transformation, exploitation Shortfall ; exorcisme/recherche et gardes autour citadelle. Professions des résidents ; lieu de travail et commanditaires peuvent être extérieurs au quartier. Visiteurs exclus du stock. activité/institution locale Budget civil 27,00 % ; coefficient 0,500000 ; part de filière 0,321 %. Apprentissage, atelier, combustible et outils ; titre noble ne remplace pas qualification.";1.143677397316803e-05;9.464663256896417e-06;0.0024515213054999902;0.04409751635237735;0.0021183962828983708
Facteur d’arcs;Facteur d’arcs;0.09737667075601156;0.16128053430104666;19.47533415120231;A — activité attestée;"MJ128; SB152";"Bois, bûcheronnage et transformation, exploitation Shortfall ; exorcisme/recherche et gardes autour citadelle. Professions des résidents ; lieu de travail et commanditaires peuvent être extérieurs au quartier. Visiteurs exclus du stock. activité/institution locale Budget civil 27,00 % ; coefficient 1,000000 ; part de filière 0,641 %. Apprentissage, atelier, combustible et outils ; titre noble ne remplace pas qualification.";2.287354794633606e-05;1.8929326513792835e-05;0.0049030426109999805;0.0881950327047547;0.0042367925657967416
Fabricant de flèches;Facteur d’arcs;0.038950668302404616;0.06451221372041867;7.790133660480922;A — activité attestée;SB152;"Bois, bûcheronnage et transformation, exploitation Shortfall ; exorcisme/recherche et gardes autour citadelle. Professions des résidents ; lieu de travail et commanditaires peuvent être extérieurs au quartier. Visiteurs exclus du stock. activité/institution locale Budget civil 27,00 % ; coefficient 0,400000 ; part de filière 0,256 %. Apprentissage, atelier, combustible et outils ; titre noble ne remplace pas qualification.";9.149419178534426e-06;7.571730605517135e-06;0.0019612170443999923;0.03527801308190188;0.001694717026318696
Luthier et facteur d’instruments;Luthier;0.07303250306700866;0.12096040072578498;14.606500613401732;D — activité déduite;BR55;"Bois, bûcheronnage et transformation, exploitation Shortfall ; exorcisme/recherche et gardes autour citadelle. Professions des résidents ; lieu de travail et commanditaires peuvent être extérieurs au quartier. Visiteurs exclus du stock. activité/institution locale Budget civil 27,00 % ; coefficient 0,750000 ; part de filière 0,481 %. Apprentissage, atelier, combustible et outils ; titre noble ne remplace pas qualification.";1.715516095975205e-05;1.4196994885344629e-05;0.003677281958249986;0.06614627452856603;0.003177594424347555
Tailleur de pierre;Tailleur de pierre;0.24344167689002888;0.4032013357526167;48.688335378005775;A — activité attestée;"MJ128; SB161";"Bois, bûcheronnage et transformation, exploitation Shortfall ; exorcisme/recherche et gardes autour citadelle. Professions des résidents ; lieu de travail et commanditaires peuvent être extérieurs au quartier. Visiteurs exclus du stock. activité/institution locale Budget civil 27,00 % ; coefficient 2,500000 ; part de filière 1,603 %. Apprentissage, atelier, combustible et outils ; titre noble ne remplace pas qualification.";5.718386986584016e-05;4.73233162844821e-05;0.01225760652749995;0.22048758176188676;0.010591981414491851
Sculpteur sur pierre;Tailleur de pierre;0.09737667075601156;0.16128053430104666;19.47533415120231;D — activité déduite;"MJ128; SB161";"Bois, bûcheronnage et transformation, exploitation Shortfall ; exorcisme/recherche et gardes autour citadelle. Professions des résidents ; lieu de travail et commanditaires peuvent être extérieurs au quartier. Visiteurs exclus du stock. activité/institution locale Budget civil 27,00 % ; coefficient 1,000000 ; part de filière 0,641 %. Apprentissage, atelier, combustible et outils ; titre noble ne remplace pas qualification.";2.287354794633606e-05;1.8929326513792835e-05;0.0049030426109999805;0.0881950327047547;0.0042367925657967416
Sculpteur de statues de Stone Spirits;Tailleur de pierre;0;0;0.0;A — activité attestée;SB161;"Bois, bûcheronnage et transformation, exploitation Shortfall ; exorcisme/recherche et gardes autour citadelle. Professions des résidents ; lieu de travail et commanditaires peuvent être extérieurs au quartier. Visiteurs exclus du stock. activité/institution locale Budget civil 27,00 % ; coefficient 0,000000 ; part de filière 0,000 %. Zéro proposé : Filière régionale non retenue dans ce scénario, sans interdiction universelle. Apprentissage, atelier, combustible et outils ; titre noble ne remplace pas qualification.";0;0;0;0;0
Maçon;Maçon;0.9737667075601155;1.6128053430104667;194.7533415120231;A — activité attestée;"MJ128; SB90";"Bois, bûcheronnage et transformation, exploitation Shortfall ; exorcisme/recherche et gardes autour citadelle. Professions des résidents ; lieu de travail et commanditaires peuvent être extérieurs au quartier. Visiteurs exclus du stock. activité/institution locale Budget civil 27,00 % ; coefficient 10,000000 ; part de filière 6,412 %. Apprentissage, atelier, combustible et outils ; titre noble ne remplace pas qualification.";0.00022873547946336063;0.0001892932651379284;0.0490304261099998;0.8819503270475471;0.042367925657967404
Plâtrier;Maçon;0.38950668302404623;0.6451221372041867;77.90133660480925;A — activité attestée;"MJ128; SB90";"Bois, bûcheronnage et transformation, exploitation Shortfall ; exorcisme/recherche et gardes autour citadelle. Professions des résidents ; lieu de travail et commanditaires peuvent être extérieurs au quartier. Visiteurs exclus du stock. activité/institution locale Budget civil 27,00 % ; coefficient 4,000000 ; part de filière 2,565 %. Apprentissage, atelier, combustible et outils ; titre noble ne remplace pas qualification.";9.149419178534424e-05;7.571730605517134e-05;0.019612170443999922;0.3527801308190188;0.016947170263186966
Manœuvre de chantier;Maçon;0.3895066830240463;0.6451221372041868;77.90133660480926;A — activité attestée;SB90;"Bois, bûcheronnage et transformation, exploitation Shortfall ; exorcisme/recherche et gardes autour citadelle. Professions des résidents ; lieu de travail et commanditaires peuvent être extérieurs au quartier. Visiteurs exclus du stock. activité/institution locale Budget civil 27,00 % ; coefficient 4,000000 ; part de filière 2,565 %. Apprentissage, atelier, combustible et outils ; titre noble ne remplace pas qualification.";4.69388882799114e-05;3.884493759033179e-05;0.010061551005961795;0.3619706743076324;0.017388673884581842
Architecte;Architecte;0.19475334151202311;0.3225610686020933;38.95066830240462;A — activité attestée;SB174;"Bois, bûcheronnage et transformation, exploitation Shortfall ; exorcisme/recherche et gardes autour citadelle. Professions des résidents ; lieu de travail et commanditaires peuvent être extérieurs au quartier. Visiteurs exclus du stock. activité/institution locale Budget civil 27,00 % ; coefficient 2,000000 ; part de filière 1,282 %. Apprentissage, atelier, combustible et outils ; titre noble ne remplace pas qualification.";4.574709589267212e-05;3.785865302758567e-05;0.009806085221999961;0.1763900654095094;0.008473585131593483
Géomètre et arpenteur;Architecte;0.07790133660480923;0.12902442744083734;15.580267320961845;A — activité attestée;MJ128;"Bois, bûcheronnage et transformation, exploitation Shortfall ; exorcisme/recherche et gardes autour citadelle. Professions des résidents ; lieu de travail et commanditaires peuvent être extérieurs au quartier. Visiteurs exclus du stock. activité/institution locale Budget civil 27,00 % ; coefficient 0,800000 ; part de filière 0,513 %. Apprentissage, atelier, combustible et outils ; titre noble ne remplace pas qualification.";1.8298838357068852e-05;1.514346121103427e-05;0.0039224340887999845;0.07055602616380376;0.003389434052637392
Potier;Potier;0.24344167689002888;0.4032013357526167;48.688335378005775;A — activité attestée;"MJ128; SB200";"Bois, bûcheronnage et transformation, exploitation Shortfall ; exorcisme/recherche et gardes autour citadelle. Professions des résidents ; lieu de travail et commanditaires peuvent être extérieurs au quartier. Visiteurs exclus du stock. activité/institution locale Budget civil 27,00 % ; coefficient 2,500000 ; part de filière 1,603 %. Apprentissage, atelier, combustible et outils ; titre noble ne remplace pas qualification.";5.718386986584016e-05;4.73233162844821e-05;0.01225760652749995;0.22048758176188676;0.010591981414491851
Tuilier;Potier;0.09737667075601156;0.16128053430104666;19.47533415120231;A — activité attestée;"MJ128; SB200";"Bois, bûcheronnage et transformation, exploitation Shortfall ; exorcisme/recherche et gardes autour citadelle. Professions des résidents ; lieu de travail et commanditaires peuvent être extérieurs au quartier. Visiteurs exclus du stock. activité/institution locale Budget civil 27,00 % ; coefficient 1,000000 ; part de filière 0,641 %. Apprentissage, atelier, combustible et outils ; titre noble ne remplace pas qualification.";2.287354794633606e-05;1.8929326513792835e-05;0.0049030426109999805;0.0881950327047547;0.0042367925657967416
Porcelainier;Potier;0.09737667075601156;0.16128053430104666;19.47533415120231;D — activité déduite;SB200;"Bois, bûcheronnage et transformation, exploitation Shortfall ; exorcisme/recherche et gardes autour citadelle. Professions des résidents ; lieu de travail et commanditaires peuvent être extérieurs au quartier. Visiteurs exclus du stock. activité/institution locale Budget civil 27,00 % ; coefficient 1,000000 ; part de filière 0,641 %. Apprentissage, atelier, combustible et outils ; titre noble ne remplace pas qualification.";2.287354794633606e-05;1.8929326513792835e-05;0.0049030426109999805;0.0881950327047547;0.0042367925657967416
Souffleur de verre;Verrier;0.06816366952920808;0.11289637401073266;13.632733905841615;A — activité attestée;"MJ128; SB174";"Bois, bûcheronnage et transformation, exploitation Shortfall ; exorcisme/recherche et gardes autour citadelle. Professions des résidents ; lieu de travail et commanditaires peuvent être extérieurs au quartier. Visiteurs exclus du stock. activité/institution locale Budget civil 27,00 % ; coefficient 0,700000 ; part de filière 0,449 %. Apprentissage, atelier, combustible et outils ; titre noble ne remplace pas qualification.";1.6011483562435245e-05;1.3250528559654981e-05;0.0034321298276999853;0.06173652289332829;0.002965754796057717
Vitrier;Verrier;0.06816366952920808;0.11289637401073266;13.632733905841615;A — activité attestée;"MJ128; SB174";"Bois, bûcheronnage et transformation, exploitation Shortfall ; exorcisme/recherche et gardes autour citadelle. Professions des résidents ; lieu de travail et commanditaires peuvent être extérieurs au quartier. Visiteurs exclus du stock. activité/institution locale Budget civil 27,00 % ; coefficient 0,700000 ; part de filière 0,449 %. Apprentissage, atelier, combustible et outils ; titre noble ne remplace pas qualification.";1.6011483562435245e-05;1.3250528559654981e-05;0.0034321298276999853;0.06173652289332829;0.002965754796057717
Opticien et fabricant de lentilles;Verrier;0;0;0.0;D — activité déduite;SB174;"Bois, bûcheronnage et transformation, exploitation Shortfall ; exorcisme/recherche et gardes autour citadelle. Professions des résidents ; lieu de travail et commanditaires peuvent être extérieurs au quartier. Visiteurs exclus du stock. activité/institution locale Budget civil 27,00 % ; coefficient 0,000000 ; part de filière 0,000 %. Zéro proposé : Climat, matière ou culture hors filière régionale retenue ; aucun établissement exceptionnel proposé. Apprentissage, atelier, combustible et outils ; titre noble ne remplace pas qualification.";0;0;0;0;0
Papetier;Papetier et artisan du livre;0.07790133660480923;0.12902442744083734;15.580267320961845;A — activité attestée;SB138;"Bois, bûcheronnage et transformation, exploitation Shortfall ; exorcisme/recherche et gardes autour citadelle. Professions des résidents ; lieu de travail et commanditaires peuvent être extérieurs au quartier. Visiteurs exclus du stock. activité/institution locale Budget civil 27,00 % ; coefficient 0,800000 ; part de filière 0,513 %. Apprentissage, atelier, combustible et outils ; titre noble ne remplace pas qualification.";1.8298838357068852e-05;1.514346121103427e-05;0.0039224340887999845;0.07055602616380376;0.003389434052637392
Relieur;Papetier et artisan du livre;0.07790133660480923;0.12902442744083734;15.580267320961845;D — activité déduite;"SB138; MJ128";"Bois, bûcheronnage et transformation, exploitation Shortfall ; exorcisme/recherche et gardes autour citadelle. Professions des résidents ; lieu de travail et commanditaires peuvent être extérieurs au quartier. Visiteurs exclus du stock. activité/institution locale Budget civil 27,00 % ; coefficient 0,800000 ; part de filière 0,513 %. Apprentissage, atelier, combustible et outils ; titre noble ne remplace pas qualification.";1.8298838357068852e-05;1.514346121103427e-05;0.0039224340887999845;0.07055602616380376;0.003389434052637392
Chandelier;Chandelier;0.12172083844501444;0.20160066787630834;24.344167689002887;P — activité proposée;SB98;"Bois, bûcheronnage et transformation, exploitation Shortfall ; exorcisme/recherche et gardes autour citadelle. Professions des résidents ; lieu de travail et commanditaires peuvent être extérieurs au quartier. Visiteurs exclus du stock. activité/institution locale Budget civil 27,00 % ; coefficient 1,250000 ; part de filière 0,802 %. Apprentissage, atelier, combustible et outils ; titre noble ne remplace pas qualification.";2.859193493292008e-05;2.366165814224105e-05;0.006128803263749975;0.11024379088094338;0.0052959907072459254
Peintre;Peintre;0.19475334151202311;0.3225610686020933;38.95066830240462;A — activité attestée;"MJ128; SB190";"Bois, bûcheronnage et transformation, exploitation Shortfall ; exorcisme/recherche et gardes autour citadelle. Professions des résidents ; lieu de travail et commanditaires peuvent être extérieurs au quartier. Visiteurs exclus du stock. activité/institution locale Budget civil 27,00 % ; coefficient 2,000000 ; part de filière 1,282 %. Apprentissage, atelier, combustible et outils ; titre noble ne remplace pas qualification.";4.574709589267212e-05;3.785865302758567e-05;0.009806085221999961;0.1763900654095094;0.008473585131593483
Fabricant d’enseignes;Peintre;0.07790133660480923;0.12902442744083734;15.580267320961845;A — activité attestée;"MJ128; SB190";"Bois, bûcheronnage et transformation, exploitation Shortfall ; exorcisme/recherche et gardes autour citadelle. Professions des résidents ; lieu de travail et commanditaires peuvent être extérieurs au quartier. Visiteurs exclus du stock. activité/institution locale Budget civil 27,00 % ; coefficient 0,800000 ; part de filière 0,513 %. Apprentissage, atelier, combustible et outils ; titre noble ne remplace pas qualification.";1.8298838357068852e-05;1.514346121103427e-05;0.0039224340887999845;0.07055602616380376;0.003389434052637392
Enlumineur;Peintre;0.07790133660480923;0.12902442744083734;15.580267320961845;A — activité attestée;"MJ128; SB190";"Bois, bûcheronnage et transformation, exploitation Shortfall ; exorcisme/recherche et gardes autour citadelle. Professions des résidents ; lieu de travail et commanditaires peuvent être extérieurs au quartier. Visiteurs exclus du stock. activité/institution locale Budget civil 27,00 % ; coefficient 0,800000 ; part de filière 0,513 %. Apprentissage, atelier, combustible et outils ; titre noble ne remplace pas qualification.";1.8298838357068852e-05;1.514346121103427e-05;0.0039224340887999845;0.07055602616380376;0.003389434052637392
Peintre de guerre spirituel;Peintre;0;0;0.0;A — activité attestée;SB193;"Bois, bûcheronnage et transformation, exploitation Shortfall ; exorcisme/recherche et gardes autour citadelle. Professions des résidents ; lieu de travail et commanditaires peuvent être extérieurs au quartier. Visiteurs exclus du stock. activité/institution locale Initiation de la Red Mother ou apprentissage autorisé; recette complète non librement disponible Budget civil 27,00 % ; coefficient 0,000000 ; part de filière 0,000 %. Zéro proposé : Filière régionale non retenue dans ce scénario, sans interdiction universelle. Apprentissage, atelier, combustible et outils ; titre noble ne remplace pas qualification.";0;0;0;0;0
Tatoueur rituel;Peintre;0;0;0.0;D — activité déduite;"SB200; SB204";"Bois, bûcheronnage et transformation, exploitation Shortfall ; exorcisme/recherche et gardes autour citadelle. Professions des résidents ; lieu de travail et commanditaires peuvent être extérieurs au quartier. Visiteurs exclus du stock. activité/institution locale Budget civil 27,00 % ; coefficient 0,000000 ; part de filière 0,000 %. Zéro proposé : Filière régionale non retenue dans ce scénario, sans interdiction universelle. Apprentissage, atelier, combustible et outils ; titre noble ne remplace pas qualification.";0;0;0;0;0
Portefaix;Transporteur terrestre;0.27251488208882907;0.45135395826376357;54.502976417765815;D — activité déduite;"MJ132; SB121";"Bois, bûcheronnage et transformation, exploitation Shortfall ; exorcisme/recherche et gardes autour citadelle. Professions des résidents ; lieu de travail et commanditaires peuvent être extérieurs au quartier. Visiteurs exclus du stock. activité/institution locale Budget civil 12,00 % ; coefficient 6,000000 ; part de filière 4,038 %. Réseau, itinéraires, confiance et capital ; manutention distincte de propriété du fret.";0.0005338363529081327;0.00044178378679329697;0.010298709026580182;0.24700172293784303;0.014238829984704405
Docker;Transporteur terrestre;0.27251488208882907;0.45135395826376357;54.502976417765815;D — activité déduite;"MJ132; SB121";"Bois, bûcheronnage et transformation, exploitation Shortfall ; exorcisme/recherche et gardes autour citadelle. Professions des résidents ; lieu de travail et commanditaires peuvent être extérieurs au quartier. Visiteurs exclus du stock. activité/institution locale Budget civil 12,00 % ; coefficient 6,000000 ; part de filière 4,038 %. Réseau, itinéraires, confiance et capital ; manutention distincte de propriété du fret.";0.0005338363529081327;0.00044178378679329697;0.010298709026580182;0.24700172293784303;0.014238829984704405
Magasinier;Transporteur terrestre;0.27251488208882907;0.45135395826376357;54.502976417765815;D — activité déduite;"MJ132; SB121";"Bois, bûcheronnage et transformation, exploitation Shortfall ; exorcisme/recherche et gardes autour citadelle. Professions des résidents ; lieu de travail et commanditaires peuvent être extérieurs au quartier. Visiteurs exclus du stock. activité/institution locale Budget civil 12,00 % ; coefficient 6,000000 ; part de filière 4,038 %. Réseau, itinéraires, confiance et capital ; manutention distincte de propriété du fret.";0.0010252563874721327;0.0008484653523949888;0.019779127357471837;0.23718888080503703;0.013673152186453059
Charretier et cocher;Transporteur terrestre;0.27251488208882907;0.45135395826376357;54.502976417765815;D — activité déduite;"MJ132; SB121";"Bois, bûcheronnage et transformation, exploitation Shortfall ; exorcisme/recherche et gardes autour citadelle. Professions des résidents ; lieu de travail et commanditaires peuvent être extérieurs au quartier. Visiteurs exclus du stock. activité/institution locale Budget civil 12,00 % ; coefficient 6,000000 ; part de filière 4,038 %. Réseau, itinéraires, confiance et capital ; manutention distincte de propriété du fret.";0.0010252563874721327;0.0008484653523949888;0.019779127357471837;0.23718888080503703;0.013673152186453059
Chef de caravane;Transporteur terrestre;0.27251488208882907;0.45135395826376357;54.502976417765815;A — activité attestée;MJ132;"Bois, bûcheronnage et transformation, exploitation Shortfall ; exorcisme/recherche et gardes autour citadelle. Professions des résidents ; lieu de travail et commanditaires peuvent être extérieurs au quartier. Visiteurs exclus du stock. activité/institution locale Budget civil 12,00 % ; coefficient 6,000000 ; part de filière 4,038 %. Réseau, itinéraires, confiance et capital ; manutention distincte de propriété du fret.";0.0010252563874721327;0.0008484653523949888;0.019779127357471837;0.23718888080503703;0.013673152186453059
Coursier et messager;Transporteur terrestre;0.27251488208882907;0.45135395826376357;54.502976417765815;D — activité déduite;"MJ132; SB121";"Bois, bûcheronnage et transformation, exploitation Shortfall ; exorcisme/recherche et gardes autour citadelle. Professions des résidents ; lieu de travail et commanditaires peuvent être extérieurs au quartier. Visiteurs exclus du stock. activité/institution locale Budget civil 12,00 % ; coefficient 6,000000 ; part de filière 4,038 %. Réseau, itinéraires, confiance et capital ; manutention distincte de propriété du fret.";0.0010252563874721327;0.0008484653523949888;0.019779127357471837;0.23718888080503703;0.013673152186453059
Porteur d’eau;Transporteur terrestre;0.27251488208882907;0.45135395826376357;54.502976417765815;P — activité proposée;"MJ132; SB121";"Bois, bûcheronnage et transformation, exploitation Shortfall ; exorcisme/recherche et gardes autour citadelle. Professions des résidents ; lieu de travail et commanditaires peuvent être extérieurs au quartier. Visiteurs exclus du stock. activité/institution locale Budget civil 12,00 % ; coefficient 6,000000 ; part de filière 4,038 %. Réseau, itinéraires, confiance et capital ; manutention distincte de propriété du fret.";0.0010252563874721327;0.0008484653523949888;0.019779127357471837;0.23718888080503703;0.013673152186453059
Transporteur de canopée;Transporteur terrestre;0;0;0.0;D — activité déduite;SB154;"Bois, bûcheronnage et transformation, exploitation Shortfall ; exorcisme/recherche et gardes autour citadelle. Professions des résidents ; lieu de travail et commanditaires peuvent être extérieurs au quartier. Visiteurs exclus du stock. activité/institution locale Budget civil 12,00 % ; coefficient 0,000000 ; part de filière 0,000 %. Zéro proposé : Filière régionale non retenue dans ce scénario, sans interdiction universelle. Réseau, itinéraires, confiance et capital ; manutention distincte de propriété du fret.";0;0;0;0;0
Opérateur de Stone Disks;Transporteur terrestre;0;0;0.0;A — activité attestée;PG13;"Bois, bûcheronnage et transformation, exploitation Shortfall ; exorcisme/recherche et gardes autour citadelle. Professions des résidents ; lieu de travail et commanditaires peuvent être extérieurs au quartier. Visiteurs exclus du stock. activité/institution locale Prêtre nain de Dorsi; Formation spécialisée Budget civil 12,00 % ; coefficient 0,000000 ; part de filière 0,000 %. Zéro proposé : Filière régionale non retenue dans ce scénario, sans interdiction universelle. Réseau, itinéraires, confiance et capital ; manutention distincte de propriété du fret.";0;0;0;0;0
Palefrenier et soigneur d’écurie;Transporteur terrestre;0.27251488208882907;0.45135395826376357;54.502976417765815;D — activité déduite;SB123;"Bois, bûcheronnage et transformation, exploitation Shortfall ; exorcisme/recherche et gardes autour citadelle. Professions des résidents ; lieu de travail et commanditaires peuvent être extérieurs au quartier. Visiteurs exclus du stock. activité/institution locale Budget civil 12,00 % ; coefficient 6,000000 ; part de filière 4,038 %. Réseau, itinéraires, confiance et capital ; manutention distincte de propriété du fret.";0.0010252563874721327;0.0008484653523949888;0.019779127357471837;0.23718888080503703;0.013673152186453059
Marin;Marin;0.20438616156662182;0.3385154686978227;40.87723231332436;A — activité attestée;MJ136;"Bois, bûcheronnage et transformation, exploitation Shortfall ; exorcisme/recherche et gardes autour citadelle. Professions des résidents ; lieu de travail et commanditaires peuvent être extérieurs au quartier. Visiteurs exclus du stock. activité/institution locale Budget civil 12,00 % ; coefficient 4,500000 ; part de filière 3,028 %. Réseau, itinéraires, confiance et capital ; manutention distincte de propriété du fret.";0.0007689422906040997;0.0006363490142962422;0.014834345518103885;0.17789166060377778;0.010254864139839797
Navigateur;Marin;0.08175446462664873;0.1354061874791291;16.350892925329745;A — activité attestée;MJ136;"Bois, bûcheronnage et transformation, exploitation Shortfall ; exorcisme/recherche et gardes autour citadelle. Professions des résidents ; lieu de travail et commanditaires peuvent être extérieurs au quartier. Visiteurs exclus du stock. activité/institution locale Budget civil 12,00 % ; coefficient 1,800000 ; part de filière 1,211 %. Réseau, itinéraires, confiance et capital ; manutention distincte de propriété du fret.";0.00030757691624163985;0.0002545396057184967;0.005933738207241553;0.07115666424151113;0.004101945655935917
Pilote de port;Marin;0.08175446462664873;0.1354061874791291;16.350892925329745;D — activité déduite;MJ136;"Bois, bûcheronnage et transformation, exploitation Shortfall ; exorcisme/recherche et gardes autour citadelle. Professions des résidents ; lieu de travail et commanditaires peuvent être extérieurs au quartier. Visiteurs exclus du stock. activité/institution locale Budget civil 12,00 % ; coefficient 1,800000 ; part de filière 1,211 %. Réseau, itinéraires, confiance et capital ; manutention distincte de propriété du fret.";0.00030757691624163985;0.0002545396057184967;0.005933738207241553;0.07115666424151113;0.004101945655935917
Capitaine de navire;Marin;0.08175446462664873;0.1354061874791291;16.350892925329745;A — activité attestée;MJ136;"Bois, bûcheronnage et transformation, exploitation Shortfall ; exorcisme/recherche et gardes autour citadelle. Professions des résidents ; lieu de travail et commanditaires peuvent être extérieurs au quartier. Visiteurs exclus du stock. activité/institution locale Budget civil 12,00 % ; coefficient 1,800000 ; part de filière 1,211 %. Réseau, itinéraires, confiance et capital ; manutention distincte de propriété du fret.";0.00030757691624163985;0.0002545396057184967;0.005933738207241553;0.07115666424151113;0.004101945655935917
Pilote de véhicule volant;Marin;0;0;0.0;D — activité déduite;"SB142; SB174";"Bois, bûcheronnage et transformation, exploitation Shortfall ; exorcisme/recherche et gardes autour citadelle. Professions des résidents ; lieu de travail et commanditaires peuvent être extérieurs au quartier. Visiteurs exclus du stock. activité/institution locale Budget civil 12,00 % ; coefficient 0,000000 ; part de filière 0,000 %. Zéro proposé : Climat, matière ou culture hors filière régionale retenue ; aucun établissement exceptionnel proposé. Réseau, itinéraires, confiance et capital ; manutention distincte de propriété du fret.";0;0;0;0;0
Aubergiste;Hôte professionnel;0.23211367023987617;0.38443927548789303;46.42273404797524;D — activité déduite;"SB110; SB123";"Bois, bûcheronnage et transformation, exploitation Shortfall ; exorcisme/recherche et gardes autour citadelle. Professions des résidents ; lieu de travail et commanditaires peuvent être extérieurs au quartier. Visiteurs exclus du stock. activité/institution locale Budget civil 8,00 % ; coefficient 3,000000 ; part de filière 5,159 %. Apprentissage et qualification variable ; soins avancés et thérapie magique exigent formation.";2.8651180647616305e-05;5.927671941808071e-06;0.001228300567103083;0.22094445690495676;0.009906333915226908
Tavernier;Hôte professionnel;0.23211367023987617;0.38443927548789303;46.42273404797524;A — activité attestée;"SB108; SB149";"Bois, bûcheronnage et transformation, exploitation Shortfall ; exorcisme/recherche et gardes autour citadelle. Professions des résidents ; lieu de travail et commanditaires peuvent être extérieurs au quartier. Visiteurs exclus du stock. activité/institution locale Budget civil 8,00 % ; coefficient 3,000000 ; part de filière 5,159 %. Apprentissage et qualification variable ; soins avancés et thérapie magique exigent formation.";2.8651180647616305e-05;5.927671941808071e-06;0.001228300567103083;0.22094445690495676;0.009906333915226908
Barbier;Barbier;0.5802841755996905;0.9610981887197327;116.0568351199381;P — activité proposée;"MJ135; PG40";"Bois, bûcheronnage et transformation, exploitation Shortfall ; exorcisme/recherche et gardes autour citadelle. Professions des résidents ; lieu de travail et commanditaires peuvent être extérieurs au quartier. Visiteurs exclus du stock. activité/institution locale Budget civil 8,00 % ; coefficient 7,500000 ; part de filière 12,897 %. Apprentissage et qualification variable ; soins avancés et thérapie magique exigent formation.";7.162795161904077e-05;1.4819179854520176e-05;0.003070751417757708;0.552361142262392;0.024765834788067268
Domestique;Employé domestique et aide familiale;1.5474244682658416;2.562928503252621;309.48489365316834;A — activité attestée;"MJ135; PG40";"Bois, bûcheronnage et transformation, exploitation Shortfall ; exorcisme/recherche et gardes autour citadelle. Professions des résidents ; lieu de travail et commanditaires peuvent être extérieurs au quartier. Visiteurs exclus du stock. activité/institution locale Budget civil 8,00 % ; coefficient 20,000000 ; part de filière 34,391 %. Apprentissage et qualification variable ; soins avancés et thérapie magique exigent formation.";0.0001910078709841088;3.951781294538715e-05;0.008188670447353896;1.4729630460330454;0.06604222610151272
Gardien d’enfants;Employé domestique et aide familiale;0.7737122341329208;1.2814642516263104;154.74244682658417;A — activité attestée;PG40;"Bois, bûcheronnage et transformation, exploitation Shortfall ; exorcisme/recherche et gardes autour citadelle. Professions des résidents ; lieu de travail et commanditaires peuvent être extérieurs au quartier. Visiteurs exclus du stock. activité/institution locale Budget civil 8,00 % ; coefficient 10,000000 ; part de filière 17,195 %. Apprentissage et qualification variable ; soins avancés et thérapie magique exigent formation.";9.55039354920544e-05;1.9758906472693575e-05;0.004094335223676948;0.7364815230165227;0.03302111305075636
Terrassier d’hygiène urbaine;Agent d’entretien;0.1547424468265841;0.25629285032526206;30.948489365316824;P — activité proposée;SB90;"Bois, bûcheronnage et transformation, exploitation Shortfall ; exorcisme/recherche et gardes autour citadelle. Professions des résidents ; lieu de travail et commanditaires peuvent être extérieurs au quartier. Visiteurs exclus du stock. activité/institution locale Budget civil 8,00 % ; coefficient 2,000000 ; part de filière 3,439 %. Apprentissage et qualification variable ; soins avancés et thérapie magique exigent formation.";9.576445215105757e-06;1.9812805029578174e-06;0.00041055037951898956;0.14769810104196493;0.006622237679382139
Ramoneur;Agent d’entretien;0.1547424468265841;0.25629285032526206;30.948489365316824;P — activité proposée;SB90;"Bois, bûcheronnage et transformation, exploitation Shortfall ; exorcisme/recherche et gardes autour citadelle. Professions des résidents ; lieu de travail et commanditaires peuvent être extérieurs au quartier. Visiteurs exclus du stock. activité/institution locale Budget civil 8,00 % ; coefficient 2,000000 ; part de filière 3,439 %. Apprentissage et qualification variable ; soins avancés et thérapie magique exigent formation.";1.9100787098410873e-05;3.951781294538716e-06;0.0008188670447353889;0.1472963046033045;0.00660422261015127
Fossoyeur;Agent funéraire;0.046422734047975235;0.07688785509757862;9.284546809595048;A — activité attestée;"MJ135; SB99; SB182";"Bois, bûcheronnage et transformation, exploitation Shortfall ; exorcisme/recherche et gardes autour citadelle. Professions des résidents ; lieu de travail et commanditaires peuvent être extérieurs au quartier. Visiteurs exclus du stock. activité/institution locale Budget civil 8,00 % ; coefficient 0,600000 ; part de filière 1,032 %. Apprentissage et qualification variable ; soins avancés et thérapie magique exigent formation.";5.7302361295232596e-06;1.1855343883616142e-06;0.00024566011342061673;0.04418889138099135;0.0019812667830453805
Gardien de cimetière;Agent funéraire;0.046422734047975235;0.07688785509757862;9.284546809595048;A — activité attestée;"MJ135; SB99; SB182";"Bois, bûcheronnage et transformation, exploitation Shortfall ; exorcisme/recherche et gardes autour citadelle. Professions des résidents ; lieu de travail et commanditaires peuvent être extérieurs au quartier. Visiteurs exclus du stock. activité/institution locale Budget civil 8,00 % ; coefficient 0,600000 ; part de filière 1,032 %. Apprentissage et qualification variable ; soins avancés et thérapie magique exigent formation.";5.7302361295232596e-06;1.1855343883616142e-06;0.00024566011342061673;0.04418889138099135;0.0019812667830453805
Momificateur;Agent funéraire;0;0;0.0;A — activité attestée;SB182;"Bois, bûcheronnage et transformation, exploitation Shortfall ; exorcisme/recherche et gardes autour citadelle. Professions des résidents ; lieu de travail et commanditaires peuvent être extérieurs au quartier. Visiteurs exclus du stock. activité/institution locale Budget civil 8,00 % ; coefficient 0,000000 ; part de filière 0,000 %. Zéro proposé : Filière régionale non retenue dans ce scénario, sans interdiction universelle. Apprentissage et qualification variable ; soins avancés et thérapie magique exigent formation.";0;0;0;0;0
Gardien d’arbres funéraires;Agent funéraire;0;0;0.0;D — activité déduite;SB155;"Bois, bûcheronnage et transformation, exploitation Shortfall ; exorcisme/recherche et gardes autour citadelle. Professions des résidents ; lieu de travail et commanditaires peuvent être extérieurs au quartier. Visiteurs exclus du stock. activité/institution locale Budget civil 8,00 % ; coefficient 0,000000 ; part de filière 0,000 %. Zéro proposé : Filière régionale non retenue dans ce scénario, sans interdiction universelle. Apprentissage et qualification variable ; soins avancés et thérapie magique exigent formation.";0;0;0;0;0
Marchand;Marchand;1.3285100501830418;2.2003505465358475;265.7020100366084;A — activité attestée;"MJ128; SB139";"Bois, bûcheronnage et transformation, exploitation Shortfall ; exorcisme/recherche et gardes autour citadelle. Professions des résidents ; lieu de travail et commanditaires peuvent être extérieurs au quartier. Visiteurs exclus du stock. activité/institution locale Budget civil 12,00 % ; coefficient 29,250000 ; part de filière 19,684 %. Réseau, itinéraires, confiance et capital ; manutention distincte de propriété du fret.";0.004998124888926647;0.004136268592925572;0.09642324586767523;1.1562957939245557;0.06665661690895869
Colporteur;Marchand;0.5314040200732166;0.8801402186143389;106.28080401464332;A — activité attestée;SB121;"Bois, bûcheronnage et transformation, exploitation Shortfall ; exorcisme/recherche et gardes autour citadelle. Professions des résidents ; lieu de travail et commanditaires peuvent être extérieurs au quartier. Visiteurs exclus du stock. activité/institution locale Budget civil 12,00 % ; coefficient 11,700000 ; part de filière 7,873 %. Réseau, itinéraires, confiance et capital ; manutention distincte de propriété du fret.";0.0019992499555706593;0.0016545074371702281;0.0385692983470701;0.4625183175698222;0.026662646763583455
Courtier;Marchand;0.5314040200732166;0.8801402186143389;106.28080401464332;A — activité attestée;SB149;"Bois, bûcheronnage et transformation, exploitation Shortfall ; exorcisme/recherche et gardes autour citadelle. Professions des résidents ; lieu de travail et commanditaires peuvent être extérieurs au quartier. Visiteurs exclus du stock. activité/institution locale Budget civil 12,00 % ; coefficient 11,700000 ; part de filière 7,873 %. Réseau, itinéraires, confiance et capital ; manutention distincte de propriété du fret.";0.0019992499555706593;0.0016545074371702281;0.0385692983470701;0.4625183175698222;0.026662646763583455
Commissaire-priseur d’objets magiques;Marchand;0;0;0.0;A — activité attestée;SB139;"Bois, bûcheronnage et transformation, exploitation Shortfall ; exorcisme/recherche et gardes autour citadelle. Professions des résidents ; lieu de travail et commanditaires peuvent être extérieurs au quartier. Visiteurs exclus du stock. activité/institution locale Budget civil 12,00 % ; coefficient 0,000000 ; part de filière 0,000 %. Zéro proposé : Filière régionale non retenue dans ce scénario, sans interdiction universelle. Réseau, itinéraires, confiance et capital ; manutention distincte de propriété du fret.";0;0;0;0;0
Comptable;Professionnel de finance;0.1135478675370121;0.18806414927656812;22.70957350740242;D — activité déduite;"SB212; SB213";"Bois, bûcheronnage et transformation, exploitation Shortfall ; exorcisme/recherche et gardes autour citadelle. Professions des résidents ; lieu de travail et commanditaires peuvent être extérieurs au quartier. Visiteurs exclus du stock. activité/institution locale Budget civil 12,00 % ; coefficient 2,500000 ; part de filière 1,682 %. Réseau, itinéraires, confiance et capital ; manutention distincte de propriété du fret.";0.0004271901614467219;0.00035352723016457866;0.00824130306561327;0.09882870033543209;0.005697146744355442
Banquier et employé de banque;Professionnel de finance;0.009083829402960968;0.015045131942125452;1.8167658805921938;A — activité attestée;"SB212; SB213";"Bois, bûcheronnage et transformation, exploitation Shortfall ; exorcisme/recherche et gardes autour citadelle. Professions des résidents ; lieu de travail et commanditaires peuvent être extérieurs au quartier. Visiteurs exclus du stock. activité/institution locale Budget civil 12,00 % ; coefficient 0,200000 ; part de filière 0,135 %. Réseau, itinéraires, confiance et capital ; manutention distincte de propriété du fret.";0.00010113489885664687;8.369560887048737e-05;0.0006503609143408936;0.00779904869430874;0.00044958928658419997
Usurier et prêteur sur gages;Professionnel de finance;0.1135478675370121;0.18806414927656812;22.70957350740242;D — activité déduite;"SB212; SB213";"Bois, bûcheronnage et transformation, exploitation Shortfall ; exorcisme/recherche et gardes autour citadelle. Professions des résidents ; lieu de travail et commanditaires peuvent être extérieurs au quartier. Visiteurs exclus du stock. activité/institution locale Budget civil 12,00 % ; coefficient 2,500000 ; part de filière 1,682 %. Réseau, itinéraires, confiance et capital ; manutention distincte de propriété du fret.";0.0004271901614467219;0.00035352723016457866;0.00824130306561327;0.09882870033543209;0.005697146744355442
Changeur;Professionnel de finance;0.1135478675370121;0.18806414927656812;22.70957350740242;D — activité déduite;"SB212; SB213";"Bois, bûcheronnage et transformation, exploitation Shortfall ; exorcisme/recherche et gardes autour citadelle. Professions des résidents ; lieu de travail et commanditaires peuvent être extérieurs au quartier. Visiteurs exclus du stock. activité/institution locale Budget civil 12,00 % ; coefficient 2,500000 ; part de filière 1,682 %. Réseau, itinéraires, confiance et capital ; manutention distincte de propriété du fret.";0.0004271901614467219;0.00035352723016457866;0.00824130306561327;0.09882870033543209;0.005697146744355442
Assureur;Professionnel de finance;0.009083829402960968;0.015045131942125452;1.8167658805921938;D — activité déduite;"SB212; SB213";"Bois, bûcheronnage et transformation, exploitation Shortfall ; exorcisme/recherche et gardes autour citadelle. Professions des résidents ; lieu de travail et commanditaires peuvent être extérieurs au quartier. Visiteurs exclus du stock. activité/institution locale Budget civil 12,00 % ; coefficient 0,200000 ; part de filière 0,135 %. Réseau, itinéraires, confiance et capital ; manutention distincte de propriété du fret.";3.417521291573773e-05;2.8282178413166285e-05;0.0006593042452490611;0.007906296026834568;0.0004557717395484351
Estimateur;Professionnel de finance;0.009083829402960968;0.015045131942125452;1.8167658805921938;A — activité attestée;"SB212; SB213";"Bois, bûcheronnage et transformation, exploitation Shortfall ; exorcisme/recherche et gardes autour citadelle. Professions des résidents ; lieu de travail et commanditaires peuvent être extérieurs au quartier. Visiteurs exclus du stock. activité/institution locale Budget civil 12,00 % ; coefficient 0,200000 ; part de filière 0,135 %. Réseau, itinéraires, confiance et capital ; manutention distincte de propriété du fret.";3.417521291573773e-05;2.8282178413166285e-05;0.0006593042452490611;0.007906296026834568;0.0004557717395484351
Négociateur;Professionnel de finance;0.009083829402960968;0.015045131942125452;1.8167658805921938;A — activité attestée;"SB212; SB213";"Bois, bûcheronnage et transformation, exploitation Shortfall ; exorcisme/recherche et gardes autour citadelle. Professions des résidents ; lieu de travail et commanditaires peuvent être extérieurs au quartier. Visiteurs exclus du stock. activité/institution locale Budget civil 12,00 % ; coefficient 0,200000 ; part de filière 0,135 %. Réseau, itinéraires, confiance et capital ; manutention distincte de propriété du fret.";3.417521291573773e-05;2.8282178413166285e-05;0.0006593042452490611;0.007906296026834568;0.0004557717395484351
Scribe;Scribe et auteur;0.08441882734709194;0.1398190498186268;16.88376546941839;A — activité attestée;"MJ128; SB32";"Bois, bûcheronnage et transformation, exploitation Shortfall ; exorcisme/recherche et gardes autour citadelle. Professions des résidents ; lieu de travail et commanditaires peuvent être extérieurs au quartier. Visiteurs exclus du stock. activité/institution locale Budget civil 4,00 % ; coefficient 2,000000 ; part de filière 3,752 %. Instruction, autorisation ou initiation ; clergé, caste et office ne rendent pas noble.";0.00257624638352638;0.0005330022378705833;0.006212580817178713;0.0745005107811698;0.000596487127346465
Calligraphe;Scribe et auteur;0.08441882734709194;0.1398190498186268;16.88376546941839;A — activité attestée;"MJ128; SB32";"Bois, bûcheronnage et transformation, exploitation Shortfall ; exorcisme/recherche et gardes autour citadelle. Professions des résidents ; lieu de travail et commanditaires peuvent être extérieurs au quartier. Visiteurs exclus du stock. activité/institution locale Budget civil 4,00 % ; coefficient 2,000000 ; part de filière 3,752 %. Instruction, autorisation ou initiation ; clergé, caste et office ne rendent pas noble.";0.00257624638352638;0.0005330022378705833;0.006212580817178713;0.0745005107811698;0.000596487127346465
Écrivain;Scribe et auteur;0.03832512944703758;0.06347616227158195;7.665025889407516;A — activité attestée;"MJ128; SB32";"Bois, bûcheronnage et transformation, exploitation Shortfall ; exorcisme/recherche et gardes autour citadelle. Professions des résidents ; lieu de travail et commanditaires peuvent être extérieurs au quartier. Visiteurs exclus du stock. activité/institution locale Budget civil 1,00 % ; coefficient 2,000000 ; part de filière 6,814 %. Long apprentissage, frais, bourses, talent, licence ou secret ; titre ne donne pas maîtrise.";0.0004289985243438604;8.875594158252377e-05;0.004597883218311542;0.03308235257037059;0.00012713919242905974
Journaliste et rédacteur;Scribe et auteur;0.03832512944703758;0.06347616227158195;7.665025889407516;A — activité attestée;CC9;"Bois, bûcheronnage et transformation, exploitation Shortfall ; exorcisme/recherche et gardes autour citadelle. Professions des résidents ; lieu de travail et commanditaires peuvent être extérieurs au quartier. Visiteurs exclus du stock. activité/institution locale Budget civil 1,00 % ; coefficient 2,000000 ; part de filière 6,814 %. Long apprentissage, frais, bourses, talent, licence ou secret ; titre ne donne pas maîtrise.";0.0004289985243438604;8.875594158252377e-05;0.004597883218311542;0.03308235257037059;0.00012713919242905974
Traducteur;Scribe et auteur;0.08441882734709194;0.1398190498186268;16.88376546941839;D — activité déduite;SB198;"Bois, bûcheronnage et transformation, exploitation Shortfall ; exorcisme/recherche et gardes autour citadelle. Professions des résidents ; lieu de travail et commanditaires peuvent être extérieurs au quartier. Visiteurs exclus du stock. activité/institution locale Budget civil 4,00 % ; coefficient 2,000000 ; part de filière 3,752 %. Instruction, autorisation ou initiation ; clergé, caste et office ne rendent pas noble.";0.00257624638352638;0.0005330022378705833;0.006212580817178713;0.0745005107811698;0.000596487127346465
Bibliothécaire;Érudit;0.05487223777560976;0.09088238238210741;10.974447555121952;A — activité attestée;MJ138;"Bois, bûcheronnage et transformation, exploitation Shortfall ; exorcisme/recherche et gardes autour citadelle. Professions des résidents ; lieu de travail et commanditaires peuvent être extérieurs au quartier. Visiteurs exclus du stock. activité/institution locale Budget civil 4,00 % ; coefficient 1,300000 ; part de filière 2,439 %. Instruction, autorisation ou initiation ; clergé, caste et office ne rendent pas noble.";0.0016745601492921475;0.00034645145461587924;0.004038177531166163;0.04842533200776037;0.00038771663277520243
Conservateur de musée;Érudit;0.05487223777560976;0.09088238238210741;10.974447555121952;A — activité attestée;PG48;"Bois, bûcheronnage et transformation, exploitation Shortfall ; exorcisme/recherche et gardes autour citadelle. Professions des résidents ; lieu de travail et commanditaires peuvent être extérieurs au quartier. Visiteurs exclus du stock. activité/institution locale Budget civil 4,00 % ; coefficient 1,300000 ; part de filière 2,439 %. Instruction, autorisation ou initiation ; clergé, caste et office ne rendent pas noble.";0.0016745601492921475;0.00034645145461587924;0.004038177531166163;0.04842533200776037;0.00038771663277520243
Historien;Érudit;0.02491133414057443;0.04125950547652828;4.982266828114886;A — activité attestée;PG46;"Bois, bûcheronnage et transformation, exploitation Shortfall ; exorcisme/recherche et gardes autour citadelle. Professions des résidents ; lieu de travail et commanditaires peuvent être extérieurs au quartier. Visiteurs exclus du stock. activité/institution locale Budget civil 1,00 % ; coefficient 1,300000 ; part de filière 4,429 %. Long apprentissage, frais, bourses, talent, licence ou secret ; titre ne donne pas maîtrise.";0.000814539044021817;0.00016852081232320866;0.002909998666386662;0.020937809267818762;8.046635002398014e-05
Astronome;Érudit;0.024911334140574427;0.04125950547652827;4.982266828114885;A — activité attestée;MJ138;"Bois, bûcheronnage et transformation, exploitation Shortfall ; exorcisme/recherche et gardes autour citadelle. Professions des résidents ; lieu de travail et commanditaires peuvent être extérieurs au quartier. Visiteurs exclus du stock. activité/institution locale Budget civil 1,00 % ; coefficient 1,300000 ; part de filière 4,429 %. Long apprentissage, frais, bourses, talent, licence ou secret ; titre ne donne pas maîtrise.";0.0002788490408235093;5.769136202864044e-05;0.002988624091902503;0.021503529170740887;8.264047507888881e-05
Chercheur non arcanique;Érudit;0.02491133414057443;0.04125950547652828;4.982266828114886;A — activité attestée;"MJ138; PG46";"Bois, bûcheronnage et transformation, exploitation Shortfall ; exorcisme/recherche et gardes autour citadelle. Professions des résidents ; lieu de travail et commanditaires peuvent être extérieurs au quartier. Visiteurs exclus du stock. activité/institution locale Budget civil 1,00 % ; coefficient 1,300000 ; part de filière 4,429 %. Long apprentissage, frais, bourses, talent, licence ou secret ; titre ne donne pas maîtrise.";0.000814539044021817;0.00016852081232320866;0.002909998666386662;0.020937809267818762;8.046635002398014e-05
Mathématicien;Érudit;0.0174379338984021;0.028881653833569786;3.4875867796804196;A — activité attestée;SB174;"Bois, bûcheronnage et transformation, exploitation Shortfall ; exorcisme/recherche et gardes autour citadelle. Professions des résidents ; lieu de travail et commanditaires peuvent être extérieurs au quartier. Visiteurs exclus du stock. activité/institution locale Budget civil 1,00 % ; coefficient 0,910000 ; part de filière 3,100 %. Long apprentissage, frais, bourses, talent, licence ou secret ; titre ne donne pas maîtrise.";0.00019519432857645656;4.038395342004833e-05;0.0020920368643317527;0.015052470419518618;5.784833255522216e-05
Philosophe;Érudit;0.0174379338984021;0.028881653833569786;3.4875867796804196;A — activité attestée;SB178;"Bois, bûcheronnage et transformation, exploitation Shortfall ; exorcisme/recherche et gardes autour citadelle. Professions des résidents ; lieu de travail et commanditaires peuvent être extérieurs au quartier. Visiteurs exclus du stock. activité/institution locale Budget civil 1,00 % ; coefficient 0,910000 ; part de filière 3,100 %. Long apprentissage, frais, bourses, talent, licence ou secret ; titre ne donne pas maîtrise.";0.00019519432857645656;4.038395342004833e-05;0.0020920368643317527;0.015052470419518618;5.784833255522216e-05
Archéologue;Érudit;0.024911334140574427;0.04125950547652827;4.982266828114885;D — activité déduite;PG48;"Bois, bûcheronnage et transformation, exploitation Shortfall ; exorcisme/recherche et gardes autour citadelle. Professions des résidents ; lieu de travail et commanditaires peuvent être extérieurs au quartier. Visiteurs exclus du stock. activité/institution locale Budget civil 1,00 % ; coefficient 1,300000 ; part de filière 4,429 %. Long apprentissage, frais, bourses, talent, licence ou secret ; titre ne donne pas maîtrise.";0.0002788490408235093;5.769136202864044e-05;0.002988624091902503;0.021503529170740887;8.264047507888881e-05
Professeur;Enseignant;0.07175600324502815;0.11884619234583278;14.35120064900563;A — activité attestée;"MJ138; SB141";"Bois, bûcheronnage et transformation, exploitation Shortfall ; exorcisme/recherche et gardes autour citadelle. Professions des résidents ; lieu de travail et commanditaires peuvent être extérieurs au quartier. Visiteurs exclus du stock. activité/institution locale Budget civil 4,00 % ; coefficient 1,700000 ; part de filière 3,189 %. Instruction, autorisation ou initiation ; clergé, caste et office ne rendent pas noble.";0.0021898094259974223;0.0004530519021899957;0.005280693694601905;0.06332543416399433;0.000507014058244495
Enseignant de magie arcanique;Enseignant;0.0009772908008994583;0.0016186421379253398;0.19545816017989168;A — activité attestée;SB141;"Bois, bûcheronnage et transformation, exploitation Shortfall ; exorcisme/recherche et gardes autour citadelle. Professions des résidents ; lieu de travail et commanditaires peuvent être extérieurs au quartier. Visiteurs exclus du stock. activité/institution locale Budget civil 1,00 % ; coefficient 0,051000 ; part de filière 0,174 %. Long apprentissage, frais, bourses, talent, licence ou secret ; titre ne donne pas maîtrise.";1.0939462370768442e-05;2.2632765103543564e-06;0.00011724602206694435;0.0008435999905444502;3.2420494069410234e-06
Instructeur martial;Enseignant;0;0;0.0;A — activité attestée;SB94;"Bois, bûcheronnage et transformation, exploitation Shortfall ; exorcisme/recherche et gardes autour citadelle. Professions des résidents ; lieu de travail et commanditaires peuvent être extérieurs au quartier. Visiteurs exclus du stock. activité/institution locale Budget civil 4,00 % ; coefficient 0,000000 ; part de filière 0,000 %. Zéro proposé : Technique de site, institution, secret ou habilitation concentrée dans les implantations autorisées du scénario. Instruction, autorisation ou initiation ; clergé, caste et office ne rendent pas noble.";0;0;0;0;0
Formateur de tir à l’arc;Enseignant;0;0;0.0;A — activité attestée;SB155;"Bois, bûcheronnage et transformation, exploitation Shortfall ; exorcisme/recherche et gardes autour citadelle. Professions des résidents ; lieu de travail et commanditaires peuvent être extérieurs au quartier. Visiteurs exclus du stock. activité/institution locale Budget civil 4,00 % ; coefficient 0,000000 ; part de filière 0,000 %. Zéro proposé : Technique de site, institution, secret ou habilitation concentrée dans les implantations autorisées du scénario. Instruction, autorisation ou initiation ; clergé, caste et office ne rendent pas noble.";0;0;0;0;0
Ingénieur;Ingénieur;0.047906411808796984;0.07934520283947745;9.581282361759397;A — activité attestée;SB174;"Bois, bûcheronnage et transformation, exploitation Shortfall ; exorcisme/recherche et gardes autour citadelle. Professions des résidents ; lieu de travail et commanditaires peuvent être extérieurs au quartier. Visiteurs exclus du stock. activité/institution locale Budget civil 1,00 % ; coefficient 2,500000 ; part de filière 8,518 %. Long apprentissage, frais, bourses, talent, licence ou secret ; titre ne donne pas maîtrise.";0.0015664212385034942;0.00032407848523693976;0.005596151281512812;0.04026501782272839;0.0001547429808153464
Inventeur;Ingénieur;0.011497538834111273;0.019042848681474586;2.2995077668222548;A — activité attestée;SB178;"Bois, bûcheronnage et transformation, exploitation Shortfall ; exorcisme/recherche et gardes autour citadelle. Professions des résidents ; lieu de travail et commanditaires peuvent être extérieurs au quartier. Visiteurs exclus du stock. activité/institution locale Budget civil 1,00 % ; coefficient 0,600000 ; part de filière 2,044 %. Long apprentissage, frais, bourses, talent, licence ou secret ; titre ne donne pas maîtrise.";0.00012869955730315813;2.6626782474757144e-05;0.0013793649654934626;0.009924705771111177;3.8141757728717905e-05
Ingénieur mystique;Ingénieur;0.01916256472351879;0.03173808113579098;3.832512944703758;A — activité attestée;SB174;"Bois, bûcheronnage et transformation, exploitation Shortfall ; exorcisme/recherche et gardes autour citadelle. Professions des résidents ; lieu de travail et commanditaires peuvent être extérieurs au quartier. Visiteurs exclus du stock. activité/institution locale Budget civil 1,00 % ; coefficient 1,000000 ; part de filière 3,407 %. Long apprentissage, frais, bourses, talent, licence ou secret ; titre ne donne pas maîtrise.";0.0002144992621719302;4.4377970791261885e-05;0.002298941609155771;0.016541176285185297;6.356959621452987e-05
Créateur et mainteneur de golems;Ingénieur;0.01916256472351879;0.03173808113579098;3.832512944703758;D — activité déduite;SB174;"Bois, bûcheronnage et transformation, exploitation Shortfall ; exorcisme/recherche et gardes autour citadelle. Professions des résidents ; lieu de travail et commanditaires peuvent être extérieurs au quartier. Visiteurs exclus du stock. activité/institution locale Budget civil 1,00 % ; coefficient 1,000000 ; part de filière 3,407 %. Long apprentissage, frais, bourses, talent, licence ou secret ; titre ne donne pas maîtrise.";0.0002144992621719302;4.4377970791261885e-05;0.002298941609155771;0.016541176285185297;6.356959621452987e-05
Chercheur en golems;Ingénieur;0.015330051778815034;0.02539046490863279;3.0660103557630065;A — activité attestée;SB178;"Bois, bûcheronnage et transformation, exploitation Shortfall ; exorcisme/recherche et gardes autour citadelle. Professions des résidents ; lieu de travail et commanditaires peuvent être extérieurs au quartier. Visiteurs exclus du stock. activité/institution locale Budget civil 1,00 % ; coefficient 0,800000 ; part de filière 2,726 %. Long apprentissage, frais, bourses, talent, licence ou secret ; titre ne donne pas maîtrise.";0.0001715994097375442;3.550237663300953e-05;0.001839153287324617;0.013232941028148239;5.0855676971623866e-05
Ingénieur de réacteurs de bauronite;Ingénieur;0;0;0.0;D — activité déduite;SB174;"Bois, bûcheronnage et transformation, exploitation Shortfall ; exorcisme/recherche et gardes autour citadelle. Professions des résidents ; lieu de travail et commanditaires peuvent être extérieurs au quartier. Visiteurs exclus du stock. activité/institution locale Accès aux secrets des réacteurs; savoir détenu par un petit nombre Budget civil 1,00 % ; coefficient 0,000000 ; part de filière 0,000 %. Zéro proposé : Filière régionale non retenue dans ce scénario, sans interdiction universelle. Long apprentissage, frais, bourses, talent, licence ou secret ; titre ne donne pas maîtrise.";0;0;0;0;0
Technicien de communication runique;Ingénieur;0;0;0.0;D — activité déduite;SB174;"Bois, bûcheronnage et transformation, exploitation Shortfall ; exorcisme/recherche et gardes autour citadelle. Professions des résidents ; lieu de travail et commanditaires peuvent être extérieurs au quartier. Visiteurs exclus du stock. activité/institution locale Budget civil 1,00 % ; coefficient 0,000000 ; part de filière 0,000 %. Zéro proposé : Filière régionale non retenue dans ce scénario, sans interdiction universelle. Long apprentissage, frais, bourses, talent, licence ou secret ; titre ne donne pas maîtrise.";0;0;0;0;0
Chercheur en magie;Praticien des services arcaniques;0.0005748769417055638;0.0009521424340737294;0.11497538834111275;A — activité attestée;"SB138; SB139";"Bois, bûcheronnage et transformation, exploitation Shortfall ; exorcisme/recherche et gardes autour citadelle. Professions des résidents ; lieu de travail et commanditaires peuvent être extérieurs au quartier. Visiteurs exclus du stock. activité/institution locale Budget civil 1,00 % ; coefficient 0,030000 ; part de filière 0,102 %. Long apprentissage, frais, bourses, talent, licence ou secret ; titre ne donne pas maîtrise.";6.434977865157911e-06;1.3313391237378578e-06;6.896824827467315e-05;0.0004962352885555589;1.907087886435896e-06
Fabricant d’objets magiques;Praticien des services arcaniques;0.01916256472351879;0.03173808113579098;3.832512944703758;A — activité attestée;SB138;"Bois, bûcheronnage et transformation, exploitation Shortfall ; exorcisme/recherche et gardes autour citadelle. Professions des résidents ; lieu de travail et commanditaires peuvent être extérieurs au quartier. Visiteurs exclus du stock. activité/institution locale Budget civil 1,00 % ; coefficient 1,000000 ; part de filière 3,407 %. Long apprentissage, frais, bourses, talent, licence ou secret ; titre ne donne pas maîtrise.";0.0002144992621719302;4.4377970791261885e-05;0.002298941609155771;0.016541176285185297;6.356959621452987e-05
Fabricant de parchemins magiques;Praticien des services arcaniques;0.01916256472351879;0.03173808113579098;3.832512944703758;A — activité attestée;SB138;"Bois, bûcheronnage et transformation, exploitation Shortfall ; exorcisme/recherche et gardes autour citadelle. Professions des résidents ; lieu de travail et commanditaires peuvent être extérieurs au quartier. Visiteurs exclus du stock. activité/institution locale Budget civil 1,00 % ; coefficient 1,000000 ; part de filière 3,407 %. Long apprentissage, frais, bourses, talent, licence ou secret ; titre ne donne pas maîtrise.";0.0002144992621719302;4.4377970791261885e-05;0.002298941609155771;0.016541176285185297;6.356959621452987e-05
Nécromancien de service;Praticien des services arcaniques;0.01916256472351879;0.03173808113579098;3.832512944703758;D — activité déduite;"SB108; SB170";"Bois, bûcheronnage et transformation, exploitation Shortfall ; exorcisme/recherche et gardes autour citadelle. Professions des résidents ; lieu de travail et commanditaires peuvent être extérieurs au quartier. Visiteurs exclus du stock. activité/institution locale Budget civil 1,00 % ; coefficient 1,000000 ; part de filière 3,407 %. Long apprentissage, frais, bourses, talent, licence ou secret ; titre ne donne pas maîtrise.";0.0002144992621719302;4.4377970791261885e-05;0.002298941609155771;0.016541176285185297;6.356959621452987e-05
Illusionniste de service;Praticien des services arcaniques;0.01916256472351879;0.03173808113579098;3.832512944703758;D — activité déduite;"SB107; SB142";"Bois, bûcheronnage et transformation, exploitation Shortfall ; exorcisme/recherche et gardes autour citadelle. Professions des résidents ; lieu de travail et commanditaires peuvent être extérieurs au quartier. Visiteurs exclus du stock. activité/institution locale Budget civil 1,00 % ; coefficient 1,000000 ; part de filière 3,407 %. Long apprentissage, frais, bourses, talent, licence ou secret ; titre ne donne pas maîtrise.";0.0002144992621719302;4.4377970791261885e-05;0.002298941609155771;0.016541176285185297;6.356959621452987e-05
Chercheur en aethermancy;Praticien des services arcaniques;0;0;0.0;A — activité attestée;SB140;"Bois, bûcheronnage et transformation, exploitation Shortfall ; exorcisme/recherche et gardes autour citadelle. Professions des résidents ; lieu de travail et commanditaires peuvent être extérieurs au quartier. Visiteurs exclus du stock. activité/institution locale Budget civil 1,00 % ; coefficient 0,000000 ; part de filière 0,000 %. Zéro proposé : Filière régionale non retenue dans ce scénario, sans interdiction universelle. Long apprentissage, frais, bourses, talent, licence ou secret ; titre ne donne pas maîtrise.";0;0;0;0;0
Chercheur en biomancy;Praticien des services arcaniques;0;0;0.0;A — activité attestée;SB140;"Bois, bûcheronnage et transformation, exploitation Shortfall ; exorcisme/recherche et gardes autour citadelle. Professions des résidents ; lieu de travail et commanditaires peuvent être extérieurs au quartier. Visiteurs exclus du stock. activité/institution locale Budget civil 1,00 % ; coefficient 0,000000 ; part de filière 0,000 %. Zéro proposé : Filière régionale non retenue dans ce scénario, sans interdiction universelle. Long apprentissage, frais, bourses, talent, licence ou secret ; titre ne donne pas maîtrise.";0;0;0;0;0
Désenchanteur et récupérateur arcanique;Praticien des services arcaniques;0;0;0.0;A — activité attestée;SB139;"Bois, bûcheronnage et transformation, exploitation Shortfall ; exorcisme/recherche et gardes autour citadelle. Professions des résidents ; lieu de travail et commanditaires peuvent être extérieurs au quartier. Visiteurs exclus du stock. activité/institution locale Budget civil 1,00 % ; coefficient 0,000000 ; part de filière 0,000 %. Zéro proposé : Filière régionale non retenue dans ce scénario, sans interdiction universelle. Long apprentissage, frais, bourses, talent, licence ou secret ; titre ne donne pas maîtrise.";0;0;0;0;0
Extracteur de mémoire;Praticien des services arcaniques;0;0;0.0;A — activité attestée;SB140;"Bois, bûcheronnage et transformation, exploitation Shortfall ; exorcisme/recherche et gardes autour citadelle. Professions des résidents ; lieu de travail et commanditaires peuvent être extérieurs au quartier. Visiteurs exclus du stock. activité/institution locale Budget civil 1,00 % ; coefficient 0,000000 ; part de filière 0,000 %. Zéro proposé : Filière régionale non retenue dans ce scénario, sans interdiction universelle. Long apprentissage, frais, bourses, talent, licence ou secret ; titre ne donne pas maîtrise.";0;0;0;0;0
Certificateur et inspecteur arcanique;Praticien des services arcaniques;0;0;0.0;A — activité attestée;SB139;"Bois, bûcheronnage et transformation, exploitation Shortfall ; exorcisme/recherche et gardes autour citadelle. Professions des résidents ; lieu de travail et commanditaires peuvent être extérieurs au quartier. Visiteurs exclus du stock. activité/institution locale Budget civil 1,00 % ; coefficient 0,000000 ; part de filière 0,000 %. Zéro proposé : Filière régionale non retenue dans ce scénario, sans interdiction universelle. Long apprentissage, frais, bourses, talent, licence ou secret ; titre ne donne pas maîtrise.";0;0;0;0;0
Opérateur de transport magique;Praticien des services arcaniques;0.01916256472351879;0.03173808113579098;3.832512944703758;D — activité déduite;SB142;"Bois, bûcheronnage et transformation, exploitation Shortfall ; exorcisme/recherche et gardes autour citadelle. Professions des résidents ; lieu de travail et commanditaires peuvent être extérieurs au quartier. Visiteurs exclus du stock. activité/institution locale Budget civil 1,00 % ; coefficient 1,000000 ; part de filière 3,407 %. Long apprentissage, frais, bourses, talent, licence ou secret ; titre ne donne pas maîtrise.";0.0002144992621719302;4.4377970791261885e-05;0.002298941609155771;0.016541176285185297;6.356959621452987e-05
Restaurateur de runes de tunnels;Praticien des services arcaniques;0;0;0.0;A — activité attestée;SB161;"Bois, bûcheronnage et transformation, exploitation Shortfall ; exorcisme/recherche et gardes autour citadelle. Professions des résidents ; lieu de travail et commanditaires peuvent être extérieurs au quartier. Visiteurs exclus du stock. activité/institution locale Budget civil 1,00 % ; coefficient 0,000000 ; part de filière 0,000 %. Zéro proposé : Filière régionale non retenue dans ce scénario, sans interdiction universelle. Long apprentissage, frais, bourses, talent, licence ou secret ; titre ne donne pas maîtrise.";0;0;0;0;0
Artificier psychique;Praticien des services arcaniques;0;0;0.0;A — activité attestée;PG8;"Bois, bûcheronnage et transformation, exploitation Shortfall ; exorcisme/recherche et gardes autour citadelle. Professions des résidents ; lieu de travail et commanditaires peuvent être extérieurs au quartier. Visiteurs exclus du stock. activité/institution locale Budget civil 1,00 % ; coefficient 0,000000 ; part de filière 0,000 %. Zéro proposé : Filière régionale non retenue dans ce scénario, sans interdiction universelle. Long apprentissage, frais, bourses, talent, licence ou secret ; titre ne donne pas maîtrise.";0;0;0;0;0
Guérisseur;Soigneur;0.13153107980259648;0.21784892277647272;26.3062159605193;A — activité attestée;"MJ141; PG36";"Bois, bûcheronnage et transformation, exploitation Shortfall ; exorcisme/recherche et gardes autour citadelle. Professions des résidents ; lieu de travail et commanditaires peuvent être extérieurs au quartier. Visiteurs exclus du stock. activité/institution locale Budget civil 8,00 % ; coefficient 1,700000 ; part de filière 2,923 %. Apprentissage et qualification variable ; soins avancés et thérapie magique exigent formation.";1.6235669033649234e-05;3.3590141003579064e-06;0.0006960369880250803;0.12520185891280883;0.005613589218628578
Chirurgien;Soigneur;0.01972966197038948;0.03267733841647092;3.945932394077896;P — activité proposée;"MJ141; PG36";"Bois, bûcheronnage et transformation, exploitation Shortfall ; exorcisme/recherche et gardes autour citadelle. Professions des résidents ; lieu de travail et commanditaires peuvent être extérieurs au quartier. Visiteurs exclus du stock. activité/institution locale Budget civil 8,00 % ; coefficient 0,255000 ; part de filière 0,438 %. Apprentissage et qualification variable ; soins avancés et thérapie magique exigent formation.";2.435350355047385e-06;5.03852115053686e-07;0.000104405548203762;0.01878027883692133;0.0008420383827942865
Praticien de psychosurgery;Soigneur;0;0;0.0;D — activité déduite;SB94;"Bois, bûcheronnage et transformation, exploitation Shortfall ; exorcisme/recherche et gardes autour citadelle. Professions des résidents ; lieu de travail et commanditaires peuvent être extérieurs au quartier. Visiteurs exclus du stock. activité/institution locale Budget civil 8,00 % ; coefficient 0,000000 ; part de filière 0,000 %. Zéro proposé : Filière régionale non retenue dans ce scénario, sans interdiction universelle. Apprentissage et qualification variable ; soins avancés et thérapie magique exigent formation.";0;0;0;0;0
Opérateur de thérapie onirique;Soigneur;0;0;0.0;D — activité déduite;"SB141; SB228";"Bois, bûcheronnage et transformation, exploitation Shortfall ; exorcisme/recherche et gardes autour citadelle. Professions des résidents ; lieu de travail et commanditaires peuvent être extérieurs au quartier. Visiteurs exclus du stock. activité/institution locale Budget civil 8,00 % ; coefficient 0,000000 ; part de filière 0,000 %. Zéro proposé : Technique de site, institution, secret ou habilitation concentrée dans les implantations autorisées du scénario. Apprentissage et qualification variable ; soins avancés et thérapie magique exigent formation.";0;0;0;0;0
Prêtre et officiant;Officiant religieux;0.08441882734709194;0.1398190498186268;16.88376546941839;A — activité attestée;"MJ127; SB182";"Bois, bûcheronnage et transformation, exploitation Shortfall ; exorcisme/recherche et gardes autour citadelle. Professions des résidents ; lieu de travail et commanditaires peuvent être extérieurs au quartier. Visiteurs exclus du stock. activité/institution locale Budget civil 4,00 % ; coefficient 2,000000 ; part de filière 3,752 %. Instruction, autorisation ou initiation ; clergé, caste et office ne rendent pas noble.";0.00257624638352638;0.0005330022378705833;0.006212580817178713;0.0745005107811698;0.000596487127346465
Acolyte;Officiant religieux;0.08441882734709194;0.1398190498186268;16.88376546941839;A — activité attestée;"MJ127; SB182";"Bois, bûcheronnage et transformation, exploitation Shortfall ; exorcisme/recherche et gardes autour citadelle. Professions des résidents ; lieu de travail et commanditaires peuvent être extérieurs au quartier. Visiteurs exclus du stock. activité/institution locale Budget civil 4,00 % ; coefficient 2,000000 ; part de filière 3,752 %. Instruction, autorisation ou initiation ; clergé, caste et office ne rendent pas noble.";0.00257624638352638;0.0005330022378705833;0.006212580817178713;0.0745005107811698;0.000596487127346465
Shaman;Officiant religieux;0.08441882734709194;0.1398190498186268;16.88376546941839;A — activité attestée;"SB129; SB191";"Bois, bûcheronnage et transformation, exploitation Shortfall ; exorcisme/recherche et gardes autour citadelle. Professions des résidents ; lieu de travail et commanditaires peuvent être extérieurs au quartier. Visiteurs exclus du stock. activité/institution locale Budget civil 4,00 % ; coefficient 2,000000 ; part de filière 3,752 %. Instruction, autorisation ou initiation ; clergé, caste et office ne rendent pas noble.";0.00257624638352638;0.0005330022378705833;0.006212580817178713;0.0745005107811698;0.000596487127346465
Sugenja;Officiant religieux;0;0;0.0;A — activité attestée;SB198;"Bois, bûcheronnage et transformation, exploitation Shortfall ; exorcisme/recherche et gardes autour citadelle. Professions des résidents ; lieu de travail et commanditaires peuvent être extérieurs au quartier. Visiteurs exclus du stock. activité/institution locale Budget civil 4,00 % ; coefficient 0,000000 ; part de filière 0,000 %. Zéro proposé : Filière régionale non retenue dans ce scénario, sans interdiction universelle. Instruction, autorisation ou initiation ; clergé, caste et office ne rendent pas noble.";0;0;0;0;0
Gardien et officiant druidique;Officiant religieux;0.08441882734709194;0.1398190498186268;16.88376546941839;A — activité attestée;SB153;"Bois, bûcheronnage et transformation, exploitation Shortfall ; exorcisme/recherche et gardes autour citadelle. Professions des résidents ; lieu de travail et commanditaires peuvent être extérieurs au quartier. Visiteurs exclus du stock. activité/institution locale Budget civil 4,00 % ; coefficient 2,000000 ; part de filière 3,752 %. Instruction, autorisation ou initiation ; clergé, caste et office ne rendent pas noble.";0.00257624638352638;0.0005330022378705833;0.006212580817178713;0.0745005107811698;0.000596487127346465
Gardien-purificateur de Mother Tree;Officiant religieux;0;0;0.0;A — activité attestée;SB153;"Bois, bûcheronnage et transformation, exploitation Shortfall ; exorcisme/recherche et gardes autour citadelle. Professions des résidents ; lieu de travail et commanditaires peuvent être extérieurs au quartier. Visiteurs exclus du stock. activité/institution locale Budget civil 4,00 % ; coefficient 0,000000 ; part de filière 0,000 %. Zéro proposé : Filière régionale non retenue dans ce scénario, sans interdiction universelle. Instruction, autorisation ou initiation ; clergé, caste et office ne rendent pas noble.";0;0;0;0;0
Officiant des rites Ba-Akhu;Officiant religieux;0;0;0.0;A — activité attestée;SB184;"Bois, bûcheronnage et transformation, exploitation Shortfall ; exorcisme/recherche et gardes autour citadelle. Professions des résidents ; lieu de travail et commanditaires peuvent être extérieurs au quartier. Visiteurs exclus du stock. activité/institution locale Budget civil 4,00 % ; coefficient 0,000000 ; part de filière 0,000 %. Zéro proposé : Filière régionale non retenue dans ce scénario, sans interdiction universelle. Instruction, autorisation ou initiation ; clergé, caste et office ne rendent pas noble.";0;0;0;0;0
Garde et sentinelle;Garde et surveillant;0.11155068671133335;0.18475630985095923;22.31013734226667;A — activité attestée;"MJ140; SB90";"Bois, bûcheronnage et transformation, exploitation Shortfall ; exorcisme/recherche et gardes autour citadelle. Professions des résidents ; lieu de travail et commanditaires peuvent être extérieurs au quartier. Visiteurs exclus du stock. activité/institution locale Budget civil 2,00 % ; coefficient 11,900000 ; part de filière 9,917 %. Entraînement, loyauté, armes et habilitations ; aucun métier verrouillé par naissance sauf source explicite.";0.0009024843613971855;0.00018671590859623943;0.0040624788551181555;0.10439303682449153;0.0020059707617302415
Garde du corps;Garde et surveillant;0.11155068671133335;0.18475630985095923;22.31013734226667;A — activité attestée;"MJ140; SB90";"Bois, bûcheronnage et transformation, exploitation Shortfall ; exorcisme/recherche et gardes autour citadelle. Professions des résidents ; lieu de travail et commanditaires peuvent être extérieurs au quartier. Visiteurs exclus du stock. activité/institution locale Budget civil 2,00 % ; coefficient 11,900000 ; part de filière 9,917 %. Entraînement, loyauté, armes et habilitations ; aucun métier verrouillé par naissance sauf source explicite.";0.0009024843613971855;0.00018671590859623943;0.0040624788551181555;0.10439303682449153;0.0020059707617302415
Soldat;Combattant professionnel;0.85650828;1.4185955625633517;171.301656;A — activité attestée;"MJ140; SB90";"Bois, bûcheronnage et transformation, exploitation Shortfall ; exorcisme/recherche et gardes autour citadelle. Professions des résidents ; lieu de travail et commanditaires peuvent être extérieurs au quartier. Visiteurs exclus du stock. activité/institution locale Garnison incluse dans les résidents par convention proposée, comptée une seule fois. Entraînement, loyauté, armes et habilitations ; aucun métier verrouillé par naissance sauf source explicite.";0.0017451433579522395;0.0003610544865356833;0.03142262977213283;0.8074635866207402;0.015515865762638994
Mercenaire;Combattant professionnel;0.11155068671133335;0.18475630985095923;22.31013734226667;A — activité attestée;"MJ140; SB90";"Bois, bûcheronnage et transformation, exploitation Shortfall ; exorcisme/recherche et gardes autour citadelle. Professions des résidents ; lieu de travail et commanditaires peuvent être extérieurs au quartier. Visiteurs exclus du stock. activité/institution locale Budget civil 2,00 % ; coefficient 11,900000 ; part de filière 9,917 %. Entraînement, loyauté, armes et habilitations ; aucun métier verrouillé par naissance sauf source explicite.";0.0009024843613971855;0.00018671590859623943;0.0040624788551181555;0.10439303682449153;0.0020059707617302415
Éclaireur;Combattant professionnel;0.11155068671133335;0.18475630985095923;22.31013734226667;A — activité attestée;"MJ140; SB90";"Bois, bûcheronnage et transformation, exploitation Shortfall ; exorcisme/recherche et gardes autour citadelle. Professions des résidents ; lieu de travail et commanditaires peuvent être extérieurs au quartier. Visiteurs exclus du stock. activité/institution locale Budget civil 2,00 % ; coefficient 11,900000 ; part de filière 9,917 %. Entraînement, loyauté, armes et habilitations ; aucun métier verrouillé par naissance sauf source explicite.";0.0009024843613971855;0.00018671590859623943;0.0040624788551181555;0.10439303682449153;0.0020059707617302415
Chasseur de primes;Combattant professionnel;0.11155068671133335;0.18475630985095923;22.31013734226667;A — activité attestée;MJ140;"Bois, bûcheronnage et transformation, exploitation Shortfall ; exorcisme/recherche et gardes autour citadelle. Professions des résidents ; lieu de travail et commanditaires peuvent être extérieurs au quartier. Visiteurs exclus du stock. activité/institution locale Budget civil 2,00 % ; coefficient 11,900000 ; part de filière 9,917 %. Entraînement, loyauté, armes et habilitations ; aucun métier verrouillé par naissance sauf source explicite.";0.0009024843613971855;0.00018671590859623943;0.0040624788551181555;0.10439303682449153;0.0020059707617302415
Gladiateur;Combattant professionnel;0.11155068671133335;0.18475630985095923;22.31013734226667;A — activité attestée;MJ130;"Bois, bûcheronnage et transformation, exploitation Shortfall ; exorcisme/recherche et gardes autour citadelle. Professions des résidents ; lieu de travail et commanditaires peuvent être extérieurs au quartier. Visiteurs exclus du stock. activité/institution locale Budget civil 2,00 % ; coefficient 11,900000 ; part de filière 9,917 %. Entraînement, loyauté, armes et habilitations ; aucun métier verrouillé par naissance sauf source explicite.";0.0009024843613971855;0.00018671590859623943;0.0040624788551181555;0.10439303682449153;0.0020059707617302415
Champion d’arène;Combattant professionnel;0.11155068671133335;0.18475630985095923;22.31013734226667;A — activité attestée;SB90;"Bois, bûcheronnage et transformation, exploitation Shortfall ; exorcisme/recherche et gardes autour citadelle. Professions des résidents ; lieu de travail et commanditaires peuvent être extérieurs au quartier. Visiteurs exclus du stock. activité/institution locale Budget civil 2,00 % ; coefficient 11,900000 ; part de filière 9,917 %. Entraînement, loyauté, armes et habilitations ; aucun métier verrouillé par naissance sauf source explicite.";0.0009024843613971855;0.00018671590859623943;0.0040624788551181555;0.10439303682449153;0.0020059707617302415
Veilleur de nuit;Garde et surveillant;0.11155068671133335;0.18475630985095923;22.31013734226667;P — activité proposée;"MJ140; SB90";"Bois, bûcheronnage et transformation, exploitation Shortfall ; exorcisme/recherche et gardes autour citadelle. Professions des résidents ; lieu de travail et commanditaires peuvent être extérieurs au quartier. Visiteurs exclus du stock. activité/institution locale Budget civil 2,00 % ; coefficient 11,900000 ; part de filière 9,917 %. Entraînement, loyauté, armes et habilitations ; aucun métier verrouillé par naissance sauf source explicite.";0.0009024843613971855;0.00018671590859623943;0.0040624788551181555;0.10439303682449153;0.0020059707617302415
Guide;Guide;1.3512196236904443;2.2379633763911615;270.2439247380889;A — activité attestée;MJ140;"Bois, bûcheronnage et transformation, exploitation Shortfall ; exorcisme/recherche et gardes autour citadelle. Professions des résidents ; lieu de travail et commanditaires peuvent être extérieurs au quartier. Visiteurs exclus du stock. activité/institution locale Budget civil 12,00 % ; coefficient 29,750000 ; part de filière 20,020 %. Réseau, itinéraires, confiance et capital ; manutention distincte de propriété du fret.";0.0050835629212159904;0.0042069740389584845;0.09807150648079782;1.1760615339916423;0.0677960462578297
Gardien de domaine;Garde et surveillant;0.11155068671133335;0.18475630985095923;22.31013734226667;A — activité attestée;MJ140;"Bois, bûcheronnage et transformation, exploitation Shortfall ; exorcisme/recherche et gardes autour citadelle. Professions des résidents ; lieu de travail et commanditaires peuvent être extérieurs au quartier. Visiteurs exclus du stock. activité/institution locale Budget civil 2,00 % ; coefficient 11,900000 ; part de filière 9,917 %. Entraînement, loyauté, armes et habilitations ; aucun métier verrouillé par naissance sauf source explicite.";0.0009024843613971855;0.00018671590859623943;0.0040624788551181555;0.10439303682449153;0.0020059707617302415
Spellshield;Protecteur et contrôleur arcanique;0;0;0.0;A — activité attestée;SB140;"Bois, bûcheronnage et transformation, exploitation Shortfall ; exorcisme/recherche et gardes autour citadelle. Professions des résidents ; lieu de travail et commanditaires peuvent être extérieurs au quartier. Visiteurs exclus du stock. activité/institution locale Budget civil 2,00 % ; coefficient 0,000000 ; part de filière 0,000 %. Zéro proposé : Filière régionale non retenue dans ce scénario, sans interdiction universelle. Entraînement, loyauté, armes et habilitations ; aucun métier verrouillé par naissance sauf source explicite.";0;0;0;0;0
Warden des Arcane Enforcers;Protecteur et contrôleur arcanique;0;0;0.0;A — activité attestée;SB140;"Bois, bûcheronnage et transformation, exploitation Shortfall ; exorcisme/recherche et gardes autour citadelle. Professions des résidents ; lieu de travail et commanditaires peuvent être extérieurs au quartier. Visiteurs exclus du stock. activité/institution locale Budget civil 2,00 % ; coefficient 0,000000 ; part de filière 0,000 %. Zéro proposé : Filière régionale non retenue dans ce scénario, sans interdiction universelle. Entraînement, loyauté, armes et habilitations ; aucun métier verrouillé par naissance sauf source explicite.";0;0;0;0;0
Inquisiteur;Garde et surveillant;0;0;0.0;A — activité attestée;SB29;"Bois, bûcheronnage et transformation, exploitation Shortfall ; exorcisme/recherche et gardes autour citadelle. Professions des résidents ; lieu de travail et commanditaires peuvent être extérieurs au quartier. Visiteurs exclus du stock. activité/institution locale Budget civil 2,00 % ; coefficient 0,000000 ; part de filière 0,000 %. Zéro proposé : Inquisiteur bauronien : aucun établissement de son Église habilité dans ce profil, notamment les ordres cirrus indépendants. Entraînement, loyauté, armes et habilitations ; aucun métier verrouillé par naissance sauf source explicite.";0;0;0;0;0
Mage impérial chargé du contrôle;Protecteur et contrôleur arcanique;0;0;0.0;A — activité attestée;SB98;"Bois, bûcheronnage et transformation, exploitation Shortfall ; exorcisme/recherche et gardes autour citadelle. Professions des résidents ; lieu de travail et commanditaires peuvent être extérieurs au quartier. Visiteurs exclus du stock. activité/institution locale Budget civil 2,00 % ; coefficient 0,000000 ; part de filière 0,000 %. Zéro proposé : Filière régionale non retenue dans ce scénario, sans interdiction universelle. Entraînement, loyauté, armes et habilitations ; aucun métier verrouillé par naissance sauf source explicite.";0;0;0;0;0
Chasseur de morts-vivants;Combattant professionnel;0.11155068671133335;0.18475630985095923;22.31013734226667;A — activité attestée;SB210;"Bois, bûcheronnage et transformation, exploitation Shortfall ; exorcisme/recherche et gardes autour citadelle. Professions des résidents ; lieu de travail et commanditaires peuvent être extérieurs au quartier. Visiteurs exclus du stock. activité/institution locale Budget civil 2,00 % ; coefficient 11,900000 ; part de filière 9,917 %. Entraînement, loyauté, armes et habilitations ; aucun métier verrouillé par naissance sauf source explicite.";0.0009024843613971855;0.00018671590859623943;0.0040624788551181555;0.10439303682449153;0.0020059707617302415
Détective;Enquêteur et agent de renseignement;0.004687003643333334;0.0077628701618050085;0.9374007286666668;A — activité attestée;"PG9; BR42";"Bois, bûcheronnage et transformation, exploitation Shortfall ; exorcisme/recherche et gardes autour citadelle. Professions des résidents ; lieu de travail et commanditaires peuvent être extérieurs au quartier. Visiteurs exclus du stock. activité/institution locale Budget civil 2,00 % ; coefficient 0,500000 ; part de filière 0,417 %. Entraînement, loyauté, armes et habilitations ; aucun métier verrouillé par naissance sauf source explicite.";3.7919510983075e-05;7.84520624353947e-06;0.0001706923888705107;0.0043862620514492235;8.428448578698493e-05
Espion;Enquêteur et agent de renseignement;0.004687003643333334;0.0077628701618050085;0.9374007286666668;A — activité attestée;"PG9; BR42";"Bois, bûcheronnage et transformation, exploitation Shortfall ; exorcisme/recherche et gardes autour citadelle. Professions des résidents ; lieu de travail et commanditaires peuvent être extérieurs au quartier. Visiteurs exclus du stock. activité/institution locale Budget civil 2,00 % ; coefficient 0,500000 ; part de filière 0,417 %. Entraînement, loyauté, armes et habilitations ; aucun métier verrouillé par naissance sauf source explicite.";3.7919510983075e-05;7.84520624353947e-06;0.0001706923888705107;0.0043862620514492235;8.428448578698493e-05
Détective arcanique;Enquêteur et agent de renseignement;0;0;0.0;A — activité attestée;SB140;"Bois, bûcheronnage et transformation, exploitation Shortfall ; exorcisme/recherche et gardes autour citadelle. Professions des résidents ; lieu de travail et commanditaires peuvent être extérieurs au quartier. Visiteurs exclus du stock. activité/institution locale Budget civil 2,00 % ; coefficient 0,000000 ; part de filière 0,000 %. Zéro proposé : Filière régionale non retenue dans ce scénario, sans interdiction universelle. Entraînement, loyauté, armes et habilitations ; aucun métier verrouillé par naissance sauf source explicite.";0;0;0;0;0
Fonctionnaire;Administrateur et juriste;0.2110470683677299;0.34954762454656707;42.20941367354598;A — activité attestée;"SB90; SB213";"Bois, bûcheronnage et transformation, exploitation Shortfall ; exorcisme/recherche et gardes autour citadelle. Professions des résidents ; lieu de travail et commanditaires peuvent être extérieurs au quartier. Visiteurs exclus du stock. activité/institution locale Budget civil 4,00 % ; coefficient 5,000000 ; part de filière 9,381 %. Instruction, autorisation ou initiation ; clergé, caste et office ne rendent pas noble.";0.017996203520890798;0.003723252873306187;0.01446586132584801;0.17347284315162662;0.0013889074960582825
Percepteur;Administrateur et juriste;0.21104706836772988;0.349547624546567;42.20941367354598;A — activité attestée;SB132;"Bois, bûcheronnage et transformation, exploitation Shortfall ; exorcisme/recherche et gardes autour citadelle. Professions des résidents ; lieu de travail et commanditaires peuvent être extérieurs au quartier. Visiteurs exclus du stock. activité/institution locale Budget civil 4,00 % ; coefficient 5,000000 ; part de filière 9,381 %. Instruction, autorisation ou initiation ; clergé, caste et office ne rendent pas noble.";0.006440615958815955;0.001332505594676459;0.015531452042946784;0.1862512769529245;0.001491217818366163
Juge;Administrateur et juriste;0.2110470683677299;0.34954762454656707;42.20941367354598;A — activité attestée;"SB90; SB213";"Bois, bûcheronnage et transformation, exploitation Shortfall ; exorcisme/recherche et gardes autour citadelle. Professions des résidents ; lieu de travail et commanditaires peuvent être extérieurs au quartier. Visiteurs exclus du stock. activité/institution locale Budget civil 4,00 % ; coefficient 5,000000 ; part de filière 9,381 %. Instruction, autorisation ou initiation ; clergé, caste et office ne rendent pas noble.";0.017996203520890798;0.003723252873306187;0.01446586132584801;0.17347284315162662;0.0013889074960582825
Avocat;Administrateur et juriste;0.21104706836772988;0.349547624546567;42.20941367354598;A — activité attestée;"SB90; SB213";"Bois, bûcheronnage et transformation, exploitation Shortfall ; exorcisme/recherche et gardes autour citadelle. Professions des résidents ; lieu de travail et commanditaires peuvent être extérieurs au quartier. Visiteurs exclus du stock. activité/institution locale Budget civil 4,00 % ; coefficient 5,000000 ; part de filière 9,381 %. Instruction, autorisation ou initiation ; clergé, caste et office ne rendent pas noble.";0.006440615958815955;0.001332505594676459;0.015531452042946784;0.1862512769529245;0.001491217818366163
Diplomate et émissaire;Administrateur et juriste;0.2110470683677299;0.34954762454656707;42.20941367354598;A — activité attestée;PG46;"Bois, bûcheronnage et transformation, exploitation Shortfall ; exorcisme/recherche et gardes autour citadelle. Professions des résidents ; lieu de travail et commanditaires peuvent être extérieurs au quartier. Visiteurs exclus du stock. activité/institution locale Budget civil 4,00 % ; coefficient 5,000000 ; part de filière 9,381 %. Instruction, autorisation ou initiation ; clergé, caste et office ne rendent pas noble.";0.017996203520890798;0.003723252873306187;0.01446586132584801;0.17347284315162662;0.0013889074960582825
Recruteur et agent de missions;Administrateur et juriste;0.21104706836772988;0.349547624546567;42.20941367354598;D — activité déduite;SB105;"Bois, bûcheronnage et transformation, exploitation Shortfall ; exorcisme/recherche et gardes autour citadelle. Professions des résidents ; lieu de travail et commanditaires peuvent être extérieurs au quartier. Visiteurs exclus du stock. activité/institution locale Budget civil 4,00 % ; coefficient 5,000000 ; part de filière 9,381 %. Instruction, autorisation ou initiation ; clergé, caste et office ne rendent pas noble.";0.006440615958815955;0.001332505594676459;0.015531452042946784;0.1862512769529245;0.001491217818366163
Bourreau;Administrateur et juriste;0.21104706836772988;0.349547624546567;42.20941367354598;A — activité attestée;SB148;"Bois, bûcheronnage et transformation, exploitation Shortfall ; exorcisme/recherche et gardes autour citadelle. Professions des résidents ; lieu de travail et commanditaires peuvent être extérieurs au quartier. Visiteurs exclus du stock. activité/institution locale Budget civil 4,00 % ; coefficient 5,000000 ; part de filière 9,381 %. Instruction, autorisation ou initiation ; clergé, caste et office ne rendent pas noble.";0.006440615958815955;0.001332505594676459;0.015531452042946784;0.1862512769529245;0.001491217818366163
Acteur et comédien;Artiste du spectacle;0;0;0.0;A — activité attestée;MJ129;"Bois, bûcheronnage et transformation, exploitation Shortfall ; exorcisme/recherche et gardes autour citadelle. Professions des résidents ; lieu de travail et commanditaires peuvent être extérieurs au quartier. Visiteurs exclus du stock. activité/institution locale Budget civil 0,00 % ; coefficient 0,000000 ; part de filière 0,000 %. Zéro proposé : Budget local de cette filière nul ou coefficient non retenu ; aucune interdiction universelle. Apprentissage, audition et réseau ; accès au mérite notamment Mustardseed.";0;0;0;0;0
Danseur;Artiste du spectacle;0;0;0.0;A — activité attestée;MJ129;"Bois, bûcheronnage et transformation, exploitation Shortfall ; exorcisme/recherche et gardes autour citadelle. Professions des résidents ; lieu de travail et commanditaires peuvent être extérieurs au quartier. Visiteurs exclus du stock. activité/institution locale Budget civil 0,00 % ; coefficient 0,000000 ; part de filière 0,000 %. Zéro proposé : Budget local de cette filière nul ou coefficient non retenu ; aucune interdiction universelle. Apprentissage, audition et réseau ; accès au mérite notamment Mustardseed.";0;0;0;0;0
Musicien;Artiste du spectacle;0;0;0.0;A — activité attestée;MJ129;"Bois, bûcheronnage et transformation, exploitation Shortfall ; exorcisme/recherche et gardes autour citadelle. Professions des résidents ; lieu de travail et commanditaires peuvent être extérieurs au quartier. Visiteurs exclus du stock. activité/institution locale Budget civil 0,00 % ; coefficient 0,000000 ; part de filière 0,000 %. Zéro proposé : Budget local de cette filière nul ou coefficient non retenu ; aucune interdiction universelle. Apprentissage, audition et réseau ; accès au mérite notamment Mustardseed.";0;0;0;0;0
Chanteur;Artiste du spectacle;0;0;0.0;A — activité attestée;MJ129;"Bois, bûcheronnage et transformation, exploitation Shortfall ; exorcisme/recherche et gardes autour citadelle. Professions des résidents ; lieu de travail et commanditaires peuvent être extérieurs au quartier. Visiteurs exclus du stock. activité/institution locale Budget civil 0,00 % ; coefficient 0,000000 ; part de filière 0,000 %. Zéro proposé : Budget local de cette filière nul ou coefficient non retenu ; aucune interdiction universelle. Apprentissage, audition et réseau ; accès au mérite notamment Mustardseed.";0;0;0;0;0
Poète;Artiste du spectacle;0;0;0.0;A — activité attestée;MJ129;"Bois, bûcheronnage et transformation, exploitation Shortfall ; exorcisme/recherche et gardes autour citadelle. Professions des résidents ; lieu de travail et commanditaires peuvent être extérieurs au quartier. Visiteurs exclus du stock. activité/institution locale Budget civil 0,00 % ; coefficient 0,000000 ; part de filière 0,000 %. Zéro proposé : Budget local de cette filière nul ou coefficient non retenu ; aucune interdiction universelle. Apprentissage, audition et réseau ; accès au mérite notamment Mustardseed.";0;0;0;0;0
Conteur;Artiste du spectacle;0;0;0.0;A — activité attestée;MJ129;"Bois, bûcheronnage et transformation, exploitation Shortfall ; exorcisme/recherche et gardes autour citadelle. Professions des résidents ; lieu de travail et commanditaires peuvent être extérieurs au quartier. Visiteurs exclus du stock. activité/institution locale Budget civil 0,00 % ; coefficient 0,000000 ; part de filière 0,000 %. Zéro proposé : Budget local de cette filière nul ou coefficient non retenu ; aucune interdiction universelle. Apprentissage, audition et réseau ; accès au mérite notamment Mustardseed.";0;0;0;0;0
Bouffon;Artiste du spectacle;0;0;0.0;A — activité attestée;MJ129;"Bois, bûcheronnage et transformation, exploitation Shortfall ; exorcisme/recherche et gardes autour citadelle. Professions des résidents ; lieu de travail et commanditaires peuvent être extérieurs au quartier. Visiteurs exclus du stock. activité/institution locale Budget civil 0,00 % ; coefficient 0,000000 ; part de filière 0,000 %. Zéro proposé : Budget local de cette filière nul ou coefficient non retenu ; aucune interdiction universelle. Apprentissage, audition et réseau ; accès au mérite notamment Mustardseed.";0;0;0;0;0
Jongleur;Artiste du spectacle;0;0;0.0;A — activité attestée;MJ129;"Bois, bûcheronnage et transformation, exploitation Shortfall ; exorcisme/recherche et gardes autour citadelle. Professions des résidents ; lieu de travail et commanditaires peuvent être extérieurs au quartier. Visiteurs exclus du stock. activité/institution locale Budget civil 0,00 % ; coefficient 0,000000 ; part de filière 0,000 %. Zéro proposé : Budget local de cette filière nul ou coefficient non retenu ; aucune interdiction universelle. Apprentissage, audition et réseau ; accès au mérite notamment Mustardseed.";0;0;0;0;0
Acrobate;Artiste du spectacle;0;0;0.0;A — activité attestée;MJ129;"Bois, bûcheronnage et transformation, exploitation Shortfall ; exorcisme/recherche et gardes autour citadelle. Professions des résidents ; lieu de travail et commanditaires peuvent être extérieurs au quartier. Visiteurs exclus du stock. activité/institution locale Budget civil 0,00 % ; coefficient 0,000000 ; part de filière 0,000 %. Zéro proposé : Budget local de cette filière nul ou coefficient non retenu ; aucune interdiction universelle. Apprentissage, audition et réseau ; accès au mérite notamment Mustardseed.";0;0;0;0;0
Cracheur de feu;Artiste du spectacle;0;0;0.0;A — activité attestée;MJ129;"Bois, bûcheronnage et transformation, exploitation Shortfall ; exorcisme/recherche et gardes autour citadelle. Professions des résidents ; lieu de travail et commanditaires peuvent être extérieurs au quartier. Visiteurs exclus du stock. activité/institution locale Budget civil 0,00 % ; coefficient 0,000000 ; part de filière 0,000 %. Zéro proposé : Budget local de cette filière nul ou coefficient non retenu ; aucune interdiction universelle. Apprentissage, audition et réseau ; accès au mérite notamment Mustardseed.";0;0;0;0;0
Compositeur;Artiste du spectacle;0;0;0.0;A — activité attestée;PG28;"Bois, bûcheronnage et transformation, exploitation Shortfall ; exorcisme/recherche et gardes autour citadelle. Professions des résidents ; lieu de travail et commanditaires peuvent être extérieurs au quartier. Visiteurs exclus du stock. activité/institution locale Budget civil 0,00 % ; coefficient 0,000000 ; part de filière 0,000 %. Zéro proposé : Budget local de cette filière nul ou coefficient non retenu ; aucune interdiction universelle. Apprentissage, audition et réseau ; accès au mérite notamment Mustardseed.";0;0;0;0;0
Crieur public;Artiste du spectacle;0;0;0.0;P — activité proposée;MJ129;"Bois, bûcheronnage et transformation, exploitation Shortfall ; exorcisme/recherche et gardes autour citadelle. Professions des résidents ; lieu de travail et commanditaires peuvent être extérieurs au quartier. Visiteurs exclus du stock. activité/institution locale Budget civil 0,00 % ; coefficient 0,000000 ; part de filière 0,000 %. Zéro proposé : Budget local de cette filière nul ou coefficient non retenu ; aucune interdiction universelle. Apprentissage, audition et réseau ; accès au mérite notamment Mustardseed.";0;0;0;0;0
Joueur professionnel;Professionnel du jeu;0;0;0.0;P — activité proposée;SB99;"Bois, bûcheronnage et transformation, exploitation Shortfall ; exorcisme/recherche et gardes autour citadelle. Professions des résidents ; lieu de travail et commanditaires peuvent être extérieurs au quartier. Visiteurs exclus du stock. activité/institution locale Budget civil 0,00 % ; coefficient 0,000000 ; part de filière 0,000 %. Zéro proposé : Budget local de cette filière nul ou coefficient non retenu ; aucune interdiction universelle. Apprentissage, audition et réseau ; accès au mérite notamment Mustardseed.";0;0;0;0;0
Croupier;Professionnel du jeu;0;0;0.0;D — activité déduite;SB99;"Bois, bûcheronnage et transformation, exploitation Shortfall ; exorcisme/recherche et gardes autour citadelle. Professions des résidents ; lieu de travail et commanditaires peuvent être extérieurs au quartier. Visiteurs exclus du stock. activité/institution locale Budget civil 0,00 % ; coefficient 0,000000 ; part de filière 0,000 %. Zéro proposé : Budget local de cette filière nul ou coefficient non retenu ; aucune interdiction universelle. Apprentissage, audition et réseau ; accès au mérite notamment Mustardseed.";0;0;0;0;0
Preneur de paris;Professionnel du jeu;0;0;0.0;D — activité déduite;SB99;"Bois, bûcheronnage et transformation, exploitation Shortfall ; exorcisme/recherche et gardes autour citadelle. Professions des résidents ; lieu de travail et commanditaires peuvent être extérieurs au quartier. Visiteurs exclus du stock. activité/institution locale Budget civil 0,00 % ; coefficient 0,000000 ; part de filière 0,000 %. Zéro proposé : Budget local de cette filière nul ou coefficient non retenu ; aucune interdiction universelle. Apprentissage, audition et réseau ; accès au mérite notamment Mustardseed.";0;0;0;0;0
Maître-chanteur;Opérateur d’activités illicites;0.062493381911111125;0.10350493549073346;12.498676382222225;A — activité attestée;BR42;"Bois, bûcheronnage et transformation, exploitation Shortfall ; exorcisme/recherche et gardes autour citadelle. Professions des résidents ; lieu de travail et commanditaires peuvent être extérieurs au quartier. Visiteurs exclus du stock. activité/institution locale Budget civil 1,00 % ; coefficient 1,000000 ; part de filière 11,111 %. Réseaux, exclusion, dettes et compétences ; statut légal distinct de noblesse.";3.609613891824317e-05;7.467966940171374e-06;0.0023212084232486145;0.05567129611687139;0.004457313265132706
Cambrioleur;Opérateur d’activités illicites;0.062493381911111125;0.10350493549073346;12.498676382222225;A — activité attestée;BR42;"Bois, bûcheronnage et transformation, exploitation Shortfall ; exorcisme/recherche et gardes autour citadelle. Professions des résidents ; lieu de travail et commanditaires peuvent être extérieurs au quartier. Visiteurs exclus du stock. activité/institution locale Budget civil 1,00 % ; coefficient 1,000000 ; part de filière 11,111 %. Réseaux, exclusion, dettes et compétences ; statut légal distinct de noblesse.";3.609613891824317e-05;7.467966940171374e-06;0.0023212084232486145;0.05567129611687139;0.004457313265132706
Homme de main;Opérateur d’activités illicites;0.062493381911111125;0.10350493549073346;12.498676382222225;A — activité attestée;BR42;"Bois, bûcheronnage et transformation, exploitation Shortfall ; exorcisme/recherche et gardes autour citadelle. Professions des résidents ; lieu de travail et commanditaires peuvent être extérieurs au quartier. Visiteurs exclus du stock. activité/institution locale Budget civil 1,00 % ; coefficient 1,000000 ; part de filière 11,111 %. Réseaux, exclusion, dettes et compétences ; statut légal distinct de noblesse.";3.609613891824317e-05;7.467966940171374e-06;0.0023212084232486145;0.05567129611687139;0.004457313265132706
Receleur;Opérateur d’activités illicites;0.062493381911111125;0.10350493549073346;12.498676382222225;A — activité attestée;BR42;"Bois, bûcheronnage et transformation, exploitation Shortfall ; exorcisme/recherche et gardes autour citadelle. Professions des résidents ; lieu de travail et commanditaires peuvent être extérieurs au quartier. Visiteurs exclus du stock. activité/institution locale Budget civil 1,00 % ; coefficient 1,000000 ; part de filière 11,111 %. Réseaux, exclusion, dettes et compétences ; statut légal distinct de noblesse.";3.609613891824317e-05;7.467966940171374e-06;0.0023212084232486145;0.05567129611687139;0.004457313265132706
Voleur de grand chemin;Opérateur d’activités illicites;0.062493381911111125;0.10350493549073346;12.498676382222225;A — activité attestée;BR42;"Bois, bûcheronnage et transformation, exploitation Shortfall ; exorcisme/recherche et gardes autour citadelle. Professions des résidents ; lieu de travail et commanditaires peuvent être extérieurs au quartier. Visiteurs exclus du stock. activité/institution locale Budget civil 1,00 % ; coefficient 1,000000 ; part de filière 11,111 %. Réseaux, exclusion, dettes et compétences ; statut légal distinct de noblesse.";3.609613891824317e-05;7.467966940171374e-06;0.0023212084232486145;0.05567129611687139;0.004457313265132706
Tueur à gages;Opérateur d’activités illicites;0.062493381911111125;0.10350493549073346;12.498676382222225;A — activité attestée;BR42;"Bois, bûcheronnage et transformation, exploitation Shortfall ; exorcisme/recherche et gardes autour citadelle. Professions des résidents ; lieu de travail et commanditaires peuvent être extérieurs au quartier. Visiteurs exclus du stock. activité/institution locale Budget civil 1,00 % ; coefficient 1,000000 ; part de filière 11,111 %. Réseaux, exclusion, dettes et compétences ; statut légal distinct de noblesse.";3.609613891824317e-05;7.467966940171374e-06;0.0023212084232486145;0.05567129611687139;0.004457313265132706
Pickpocket;Opérateur d’activités illicites;0.062493381911111125;0.10350493549073346;12.498676382222225;A — activité attestée;BR42;"Bois, bûcheronnage et transformation, exploitation Shortfall ; exorcisme/recherche et gardes autour citadelle. Professions des résidents ; lieu de travail et commanditaires peuvent être extérieurs au quartier. Visiteurs exclus du stock. activité/institution locale Budget civil 1,00 % ; coefficient 1,000000 ; part de filière 11,111 %. Réseaux, exclusion, dettes et compétences ; statut légal distinct de noblesse.";3.609613891824317e-05;7.467966940171374e-06;0.0023212084232486145;0.05567129611687139;0.004457313265132706
Contrebandier;Opérateur d’activités illicites;0.062493381911111125;0.10350493549073346;12.498676382222225;A — activité attestée;BR42;"Bois, bûcheronnage et transformation, exploitation Shortfall ; exorcisme/recherche et gardes autour citadelle. Professions des résidents ; lieu de travail et commanditaires peuvent être extérieurs au quartier. Visiteurs exclus du stock. activité/institution locale Budget civil 1,00 % ; coefficient 1,000000 ; part de filière 11,111 %. Réseaux, exclusion, dettes et compétences ; statut légal distinct de noblesse.";3.609613891824317e-05;7.467966940171374e-06;0.0023212084232486145;0.05567129611687139;0.004457313265132706
Pirate;Opérateur d’activités illicites;0.062493381911111125;0.10350493549073346;12.498676382222225;A — activité attestée;MJ136;"Bois, bûcheronnage et transformation, exploitation Shortfall ; exorcisme/recherche et gardes autour citadelle. Professions des résidents ; lieu de travail et commanditaires peuvent être extérieurs au quartier. Visiteurs exclus du stock. activité/institution locale Budget civil 1,00 % ; coefficient 1,000000 ; part de filière 11,111 %. Réseaux, exclusion, dettes et compétences ; statut légal distinct de noblesse.";3.609613891824317e-05;7.467966940171374e-06;0.0023212084232486145;0.05567129611687139;0.004457313265132706
Cultivateur de tubercules;Agriculteur;0;0;0.0;A — activité attestée;"SB120; SB168";"Bois, bûcheronnage et transformation, exploitation Shortfall ; exorcisme/recherche et gardes autour citadelle. Professions des résidents ; lieu de travail et commanditaires peuvent être extérieurs au quartier. Visiteurs exclus du stock. activité/institution locale Budget civil 15,00 % ; coefficient 0,000000 ; part de filière 0,000 %. Zéro proposé : Climat, matière ou culture hors filière régionale retenue ; aucun établissement exceptionnel proposé. Transmission familiale, terre/eau, droits d’usage et outils ; les tâches saisonnières restent secondaires.";0;0;0;0;0
Cartographe;Cartographe;0.014371923542639093;0.023803560851843233;2.8743847085278187;A — activité attestée;MJ128;"Bois, bûcheronnage et transformation, exploitation Shortfall ; exorcisme/recherche et gardes autour citadelle. Professions des résidents ; lieu de travail et commanditaires peuvent être extérieurs au quartier. Visiteurs exclus du stock. activité/institution locale Budget civil 1,00 % ; coefficient 0,750000 ; part de filière 2,555 %. Long apprentissage, frais, bourses, talent, licence ou secret ; titre ne donne pas maîtrise.";0.00016087444662894773;3.3283478093446444e-05;0.0017242062068668286;0.012405882213888973;4.767719716089739e-05
Sans métier actif;Statut;3.2766480000000002;5.426962495776552;655.3296;P;;Personnes productives occupées + personnes sans emploi disponibles recherchant une activité. Inclut aide familiale, subsistance, apprentissage productif et travail partiel.;0.003168;0.001032;0.036608;2.77184;0.46399999999999997
Hors activité;Statut;39.622800000000005;0;7924.560000000001;P;;"Tous habitants recensés dans les catégories sources; enfants, étudiants et retraités ne sont exclus de l’activité que sans contribution productive. Pas de seuil humain de 18 ans imposé.";0.32159999999999994;0.0684;1.6896;35.443200000000004;2.1
