Métier;Base;% habitants;% actifs;Effectif attendu;Appui activité;Références;Justification proposée;Milieu privilégié, noblesse non établie / % de tous habitants;Milieu ordinaire, noblesse non établie / % de tous habitants;Milieu précaire, noblesse non établie / % de tous habitants
Agriculteur généraliste;Agriculteur;4.222621832000001;6.270599691119692;20057.453702000003;A — activité attestée;"SB90; SB198";"Contexte régional ; taille et fréquence locales proposées. Profil résidentiel rural/mixte ; jardins, cuisine, filage, corvées et milice saisonnière restent activités secondaires. chapitre régional ; profil territorial proposé Même total vivrier et mêmes effectifs sociaux qu’en V2 ; répartition P revue par culture/habitat. Delta exact, anciennes parts et nouvelles parts enregistrés dans food_reallocation_v3. Ajustement IPF conservant strates et espèces ; aucune création de personne. Transmission familiale, terre/eau, droits d’usage et outils ; les tâches saisonnières restent secondaires.";0.026121845332480426;4.089866451054464;0.10663353561305616
Céréalier;Agriculteur;15.201438595199999;22.574158888030883;72206.83332719999;D — activité déduite;"SB90; SB198";"Contexte régional ; taille et fréquence locales proposées. Profil résidentiel rural/mixte ; jardins, cuisine, filage, corvées et milice saisonnière restent activités secondaires. chapitre régional ; profil territorial proposé Même total vivrier et mêmes effectifs sociaux qu’en V2 ; répartition P revue par culture/habitat. Delta exact, anciennes parts et nouvelles parts enregistrés dans food_reallocation_v3. Ajustement IPF conservant strates et espèces ; aucune création de personne. Transmission familiale, terre/eau, droits d’usage et outils ; les tâches saisonnières restent secondaires.";0.09403864319692945;14.723519223796066;0.38388072820700186
Riziculteur;Agriculteur;0;0;0.0;A — activité attestée;SB198;"Contexte régional ; taille et fréquence locales proposées. Profil résidentiel rural/mixte ; jardins, cuisine, filage, corvées et milice saisonnière restent activités secondaires. chapitre régional ; profil territorial proposé Budget civil 65,00 % ; coefficient 0,000000 ; part de filière 0,000 %. Zéro proposé : Climat, matière ou culture hors filière régionale retenue ; aucun établissement exceptionnel proposé. Transmission familiale, terre/eau, droits d’usage et outils ; les tâches saisonnières restent secondaires.";0;0;0
Vigneron;Agriculteur;0;0;0.0;A — activité attestée;MJ128;"Contexte régional ; taille et fréquence locales proposées. Profil résidentiel rural/mixte ; jardins, cuisine, filage, corvées et milice saisonnière restent activités secondaires. chapitre régional ; profil territorial proposé Budget civil 6,00 % ; coefficient 0,000000 ; part de filière 0,000 %. Zéro proposé : Climat, matière ou culture hors filière régionale retenue ; aucun établissement exceptionnel proposé. Savoir-faire de terrain et sécurité ; procédé spécialisé distinct du rang social.";0;0;0
Cultivateur d’épices;Agriculteur;1.0811593693383412;1.6055232689907057;5135.50700435712;A — activité attestée;SB182;"Contexte régional ; taille et fréquence locales proposées. Profil résidentiel rural/mixte ; jardins, cuisine, filage, corvées et milice saisonnière restent activités secondaires. chapitre régional ; profil territorial proposé Budget civil 6,00 % ; coefficient 48,000000 ; part de filière 27,738 %. Savoir-faire de terrain et sécurité ; procédé spécialisé distinct du rang social.";0.013294225291251047;1.0407305708957837;0.027134573151306532
Cultivateur d’herbes pour thé;Agriculteur;0;0;0.0;D — activité déduite;SB198;"Contexte régional ; taille et fréquence locales proposées. Profil résidentiel rural/mixte ; jardins, cuisine, filage, corvées et milice saisonnière restent activités secondaires. chapitre régional ; profil territorial proposé Budget civil 6,00 % ; coefficient 0,000000 ; part de filière 0,000 %. Zéro proposé : Climat, matière ou culture hors filière régionale retenue ; aucun établissement exceptionnel proposé. Savoir-faire de terrain et sécurité ; procédé spécialisé distinct du rang social.";0;0;0
Maraîcher;Agriculteur;5.9116705648000005;8.778839567567568;28080.435182800004;D — activité déduite;"SB90; SB198";"Contexte régional ; taille et fréquence locales proposées. Profil résidentiel rural/mixte ; jardins, cuisine, filage, corvées et milice saisonnière restent activités secondaires. chapitre régional ; profil territorial proposé Même total vivrier et mêmes effectifs sociaux qu’en V2 ; répartition P revue par culture/habitat. Delta exact, anciennes parts et nouvelles parts enregistrés dans food_reallocation_v3. Ajustement IPF conservant strates et espèces ; aucune création de personne. Transmission familiale, terre/eau, droits d’usage et outils ; les tâches saisonnières restent secondaires.";0.036570583465472574;5.72581303147625;0.14928694985827856
Jardinier;Horticulteur;0.01351449211672927;0.020069040862383827;64.19383755446404;A — activité attestée;"SB29; SB161";"Contexte régional ; taille et fréquence locales proposées. Profil résidentiel rural/mixte ; jardins, cuisine, filage, corvées et milice saisonnière restent activités secondaires. chapitre régional ; profil territorial proposé Budget civil 6,00 % ; coefficient 0,600000 ; part de filière 0,347 %. Savoir-faire de terrain et sécurité ; procédé spécialisé distinct du rang social.";0.00016617781614063805;0.0130091321361973;0.0003391821643913318
Fleuriste;Horticulteur;0.01351449211672927;0.020069040862383827;64.19383755446404;A — activité attestée;"SB29; SB161";"Contexte régional ; taille et fréquence locales proposées. Profil résidentiel rural/mixte ; jardins, cuisine, filage, corvées et milice saisonnière restent activités secondaires. chapitre régional ; profil territorial proposé Budget civil 6,00 % ; coefficient 0,600000 ; part de filière 0,347 %. Savoir-faire de terrain et sécurité ; procédé spécialisé distinct du rang social.";0.00016617781614063805;0.0130091321361973;0.0003391821643913318
Arboriculteur de verger;Horticulteur;1.6890487328000001;2.5082398764478766;8022.981480800001;D — activité déduite;"SB29; SB161";"Contexte régional ; taille et fréquence locales proposées. Profil résidentiel rural/mixte ; jardins, cuisine, filage, corvées et milice saisonnière restent activités secondaires. chapitre régional ; profil territorial proposé Même total vivrier et mêmes effectifs sociaux qu’en V2 ; répartition P revue par culture/habitat. Delta exact, anciennes parts et nouvelles parts enregistrés dans food_reallocation_v3. Ajustement IPF conservant strates et espèces ; aucune création de personne. Transmission familiale, terre/eau, droits d’usage et outils ; les tâches saisonnières restent secondaires.";0.010448738132992167;1.6359465804217854;0.04265341424522244
Jardinier de roses magiques;Horticulteur;0;0;0.0;A — activité attestée;SB157;"Contexte régional ; taille et fréquence locales proposées. Profil résidentiel rural/mixte ; jardins, cuisine, filage, corvées et milice saisonnière restent activités secondaires. chapitre régional ; profil territorial proposé Budget civil 6,00 % ; coefficient 0,000000 ; part de filière 0,000 %. Zéro proposé : Filière régionale non retenue dans ce scénario, sans interdiction universelle. Savoir-faire de terrain et sécurité ; procédé spécialisé distinct du rang social.";0;0;0
Arboriculteur de breithwood;Horticulteur;0;0;0.0;D — activité déduite;SB152;"Contexte régional ; taille et fréquence locales proposées. Profil résidentiel rural/mixte ; jardins, cuisine, filage, corvées et milice saisonnière restent activités secondaires. chapitre régional ; profil territorial proposé Budget civil 6,00 % ; coefficient 0,000000 ; part de filière 0,000 %. Zéro proposé : Filière régionale non retenue dans ce scénario, sans interdiction universelle. Savoir-faire de terrain et sécurité ; procédé spécialisé distinct du rang social.";0;0;0
Éleveur généraliste;Éleveur;10.55655458;15.676499227799226;50143.634255;A — activité attestée;"SB120; SB182";"Contexte régional ; taille et fréquence locales proposées. Profil résidentiel rural/mixte ; jardins, cuisine, filage, corvées et milice saisonnière restent activités secondaires. chapitre régional ; profil territorial proposé Même total vivrier et mêmes effectifs sociaux qu’en V2 ; répartition P revue par culture/habitat. Delta exact, anciennes parts et nouvelles parts enregistrés dans food_reallocation_v3. Ajustement IPF conservant strates et espèces ; aucune création de personne. Transmission familiale, terre/eau, droits d’usage et outils ; les tâches saisonnières restent secondaires.";0.06530461333120105;10.22466612763616;0.26658383903264044
Berger;Éleveur;2.9558352824000003;4.389419783783784;14040.217591400002;A — activité attestée;MJ135;"Contexte régional ; taille et fréquence locales proposées. Profil résidentiel rural/mixte ; jardins, cuisine, filage, corvées et milice saisonnière restent activités secondaires. chapitre régional ; profil territorial proposé Même total vivrier et mêmes effectifs sociaux qu’en V2 ; répartition P revue par culture/habitat. Delta exact, anciennes parts et nouvelles parts enregistrés dans food_reallocation_v3. Ajustement IPF conservant strates et espèces ; aucune création de personne. Transmission familiale, terre/eau, droits d’usage et outils ; les tâches saisonnières restent secondaires.";0.018285291732736287;2.862906515738125;0.07464347492913928
Éleveur de yaks;Éleveur;0;0;0.0;A — activité attestée;SB120;"Contexte régional ; taille et fréquence locales proposées. Profil résidentiel rural/mixte ; jardins, cuisine, filage, corvées et milice saisonnière restent activités secondaires. chapitre régional ; profil territorial proposé Budget civil 65,00 % ; coefficient 0,000000 ; part de filière 0,000 %. Zéro proposé : Climat, matière ou culture hors filière régionale retenue ; aucun établissement exceptionnel proposé. Transmission familiale, terre/eau, droits d’usage et outils ; les tâches saisonnières restent secondaires.";0;0;0
Éleveur de chevaux;Éleveur;0.9009661411152846;1.337936057492255;4279.589170297602;A — activité attestée;SB182;"Contexte régional ; taille et fréquence locales proposées. Profil résidentiel rural/mixte ; jardins, cuisine, filage, corvées et milice saisonnière restent activités secondaires. chapitre régional ; profil territorial proposé Budget civil 6,00 % ; coefficient 40,000000 ; part de filière 23,115 %. Savoir-faire de terrain et sécurité ; procédé spécialisé distinct du rang social.";0.011078521076042543;0.8672754757464867;0.02261214429275545
Éleveur de chameaux;Éleveur;1.6217390540075123;2.408284903486059;7703.260506535684;A — activité attestée;SB182;"Contexte régional ; taille et fréquence locales proposées. Profil résidentiel rural/mixte ; jardins, cuisine, filage, corvées et milice saisonnière restent activités secondaires. chapitre régional ; profil territorial proposé Budget civil 6,00 % ; coefficient 72,000000 ; part de filière 41,606 %. Savoir-faire de terrain et sécurité ; procédé spécialisé distinct du rang social.";0.019941337936876576;1.5610958563436759;0.04070185972695983
Éleveur de vers à soie;Éleveur;0;0;0.0;A — activité attestée;SB198;"Contexte régional ; taille et fréquence locales proposées. Profil résidentiel rural/mixte ; jardins, cuisine, filage, corvées et milice saisonnière restent activités secondaires. chapitre régional ; profil territorial proposé Budget civil 6,00 % ; coefficient 0,000000 ; part de filière 0,000 %. Zéro proposé : Climat, matière ou culture hors filière régionale retenue ; aucun établissement exceptionnel proposé. Savoir-faire de terrain et sécurité ; procédé spécialisé distinct du rang social.";0;0;0
Éleveur de loups géants;Éleveur;0;0;0.0;A — activité attestée;SB191;"Contexte régional ; taille et fréquence locales proposées. Profil résidentiel rural/mixte ; jardins, cuisine, filage, corvées et milice saisonnière restent activités secondaires. chapitre régional ; profil territorial proposé Budget civil 6,00 % ; coefficient 0,000000 ; part de filière 0,000 %. Zéro proposé : Filière régionale non retenue dans ce scénario, sans interdiction universelle. Savoir-faire de terrain et sécurité ; procédé spécialisé distinct du rang social.";0;0;0
Éleveur de montures volantes;Éleveur;0;0;0.0;A — activité attestée;"SB124; SB107";"Contexte régional ; taille et fréquence locales proposées. Profil résidentiel rural/mixte ; jardins, cuisine, filage, corvées et milice saisonnière restent activités secondaires. chapitre régional ; profil territorial proposé Budget civil 6,00 % ; coefficient 0,000000 ; part de filière 0,000 %. Zéro proposé : Climat, matière ou culture hors filière régionale retenue ; aucun établissement exceptionnel proposé. Savoir-faire de terrain et sécurité ; procédé spécialisé distinct du rang social.";0;0;0
Apiculteur;Éleveur;0;0;0.0;P — activité proposée;SB152;"Contexte régional ; taille et fréquence locales proposées. Profil résidentiel rural/mixte ; jardins, cuisine, filage, corvées et milice saisonnière restent activités secondaires. chapitre régional ; profil territorial proposé Même total vivrier et mêmes effectifs sociaux qu’en V2 ; répartition P revue par culture/habitat. Delta exact, anciennes parts et nouvelles parts enregistrés dans food_reallocation_v3. Ajustement IPF conservant strates et espèces ; aucune création de personne. Zéro proposé : Réaffectation vivrière V3 : quota de capture/habitat limité ou remplacement par culture/pastoralisme ; zéro de scénario, pas interdiction universelle. Transmission familiale, terre/eau, droits d’usage et outils ; les tâches saisonnières restent secondaires.";0;0;0
Chasseur de gibier;Chasseur;0;0;0.0;A — activité attestée;"MJ139; PG20";"Contexte régional ; taille et fréquence locales proposées. Profil résidentiel rural/mixte ; jardins, cuisine, filage, corvées et milice saisonnière restent activités secondaires. chapitre régional ; profil territorial proposé Même total vivrier et mêmes effectifs sociaux qu’en V2 ; répartition P revue par culture/habitat. Delta exact, anciennes parts et nouvelles parts enregistrés dans food_reallocation_v3. Ajustement IPF conservant strates et espèces ; aucune création de personne. Zéro proposé : Réaffectation vivrière V3 : quota de capture/habitat limité ou remplacement par culture/pastoralisme ; zéro de scénario, pas interdiction universelle. Transmission familiale, terre/eau, droits d’usage et outils ; les tâches saisonnières restent secondaires.";0;0;0
Trappeur;Chasseur;0;0;0.0;A — activité attestée;MJ140;"Contexte régional ; taille et fréquence locales proposées. Profil résidentiel rural/mixte ; jardins, cuisine, filage, corvées et milice saisonnière restent activités secondaires. chapitre régional ; profil territorial proposé Même total vivrier et mêmes effectifs sociaux qu’en V2 ; répartition P revue par culture/habitat. Delta exact, anciennes parts et nouvelles parts enregistrés dans food_reallocation_v3. Ajustement IPF conservant strates et espèces ; aucune création de personne. Zéro proposé : Réaffectation vivrière V3 : quota de capture/habitat limité ou remplacement par culture/pastoralisme ; zéro de scénario, pas interdiction universelle. Transmission familiale, terre/eau, droits d’usage et outils ; les tâches saisonnières restent secondaires.";0;0;0
Chasseur de monstres;Chasseur;0;0;0.0;A — activité attestée;PG58;"Contexte régional ; taille et fréquence locales proposées. Profil résidentiel rural/mixte ; jardins, cuisine, filage, corvées et milice saisonnière restent activités secondaires. chapitre régional ; profil territorial proposé Budget civil 1,00 % ; coefficient 0,000000 ; part de filière 0,000 %. Zéro proposé : Spécialité avancée non installée dans le profil rural ordinaire : apprentissage, matériel et clientèle insuffisamment établis. Long apprentissage, frais, bourses, talent, licence ou secret ; titre ne donne pas maîtrise.";0;0;0
Chasseur de monstres marins;Chasseur;0;0;0.0;A — activité attestée;SB148;"Contexte régional ; taille et fréquence locales proposées. Profil résidentiel rural/mixte ; jardins, cuisine, filage, corvées et milice saisonnière restent activités secondaires. chapitre régional ; profil territorial proposé Budget civil 1,00 % ; coefficient 0,000000 ; part de filière 0,000 %. Zéro proposé : Filière régionale non retenue dans ce scénario, sans interdiction universelle. Long apprentissage, frais, bourses, talent, licence ou secret ; titre ne donne pas maîtrise.";0;0;0
Chasseur de dragons;Chasseur;0;0;0.0;A — activité attestée;SB220;"Contexte régional ; taille et fréquence locales proposées. Profil résidentiel rural/mixte ; jardins, cuisine, filage, corvées et milice saisonnière restent activités secondaires. chapitre régional ; profil territorial proposé Budget civil 1,00 % ; coefficient 0,000000 ; part de filière 0,000 %. Zéro proposé : Technique de site, institution, secret ou habilitation concentrée dans les implantations autorisées du scénario. Long apprentissage, frais, bourses, talent, licence ou secret ; titre ne donne pas maîtrise.";0;0;0
Cueilleur;Collecteur de ressources;0.21113109160000001;0.3135299845559846;1002.8726851000001;A — activité attestée;"MJ139; SB153";"Contexte régional ; taille et fréquence locales proposées. Profil résidentiel rural/mixte ; jardins, cuisine, filage, corvées et milice saisonnière restent activités secondaires. chapitre régional ; profil territorial proposé Même total vivrier et mêmes effectifs sociaux qu’en V2 ; répartition P revue par culture/habitat. Delta exact, anciennes parts et nouvelles parts enregistrés dans food_reallocation_v3. Ajustement IPF conservant strates et espèces ; aucune création de personne. Transmission familiale, terre/eau, droits d’usage et outils ; les tâches saisonnières restent secondaires.";0.0013060922666240202;0.20449332255272318;0.005331676780652808
Herboriste de collecte;Collecteur de ressources;0.018019322822305693;0.026758721149845104;85.59178340595204;D — activité déduite;BR55;"Contexte régional ; taille et fréquence locales proposées. Profil résidentiel rural/mixte ; jardins, cuisine, filage, corvées et milice saisonnière restent activités secondaires. chapitre régional ; profil territorial proposé Budget civil 6,00 % ; coefficient 0,800000 ; part de filière 0,462 %. Savoir-faire de terrain et sécurité ; procédé spécialisé distinct du rang social.";0.00022157042152085076;0.017345509514929733;0.00045224288585510905
Collecteur de composants de créatures;Collecteur de ressources;0.018019322822305693;0.026758721149845104;85.59178340595204;A — activité attestée;"SB104; SB139";"Contexte régional ; taille et fréquence locales proposées. Profil résidentiel rural/mixte ; jardins, cuisine, filage, corvées et milice saisonnière restent activités secondaires. chapitre régional ; profil territorial proposé Budget civil 6,00 % ; coefficient 0,800000 ; part de filière 0,462 %. Savoir-faire de terrain et sécurité ; procédé spécialisé distinct du rang social.";0.00022157042152085076;0.017345509514929733;0.00045224288585510905
Collecteur de perles;Collecteur de ressources;0;0;0.0;D — activité déduite;SB149;"Contexte régional ; taille et fréquence locales proposées. Profil résidentiel rural/mixte ; jardins, cuisine, filage, corvées et milice saisonnière restent activités secondaires. chapitre régional ; profil territorial proposé Budget civil 6,00 % ; coefficient 0,000000 ; part de filière 0,000 %. Zéro proposé : Technique de site, institution, secret ou habilitation concentrée dans les implantations autorisées du scénario. Savoir-faire de terrain et sécurité ; procédé spécialisé distinct du rang social.";0;0;0
Récupérateur de reliques penumbrales;Collecteur de ressources;0;0;0.0;A — activité attestée;PG8;"Contexte régional ; taille et fréquence locales proposées. Profil résidentiel rural/mixte ; jardins, cuisine, filage, corvées et milice saisonnière restent activités secondaires. chapitre régional ; profil territorial proposé Budget civil 6,00 % ; coefficient 0,000000 ; part de filière 0,000 %. Zéro proposé : Filière régionale non retenue dans ce scénario, sans interdiction universelle. Savoir-faire de terrain et sécurité ; procédé spécialisé distinct du rang social.";0;0;0
Bûcheron;Travailleur forestier;0.011262076763941057;0.016724200718653187;53.49486462872002;A — activité attestée;"MJ135; SB107";"Contexte régional ; taille et fréquence locales proposées. Profil résidentiel rural/mixte ; jardins, cuisine, filage, corvées et milice saisonnière restent activités secondaires. chapitre régional ; profil territorial proposé Budget civil 6,00 % ; coefficient 0,500000 ; part de filière 0,289 %. Savoir-faire de terrain et sécurité ; procédé spécialisé distinct du rang social.";0.00013848151345053177;0.010840943446831083;0.0002826518036594432
Forestier;Travailleur forestier;0.011262076763941057;0.016724200718653187;53.49486462872002;A — activité attestée;MJ140;"Contexte régional ; taille et fréquence locales proposées. Profil résidentiel rural/mixte ; jardins, cuisine, filage, corvées et milice saisonnière restent activités secondaires. chapitre régional ; profil territorial proposé Budget civil 6,00 % ; coefficient 0,500000 ; part de filière 0,289 %. Savoir-faire de terrain et sécurité ; procédé spécialisé distinct du rang social.";0.00013848151345053177;0.010840943446831083;0.0002826518036594432
Scieur;Travailleur forestier;0.011262076763941057;0.016724200718653187;53.49486462872002;D — activité déduite;SB99;"Contexte régional ; taille et fréquence locales proposées. Profil résidentiel rural/mixte ; jardins, cuisine, filage, corvées et milice saisonnière restent activités secondaires. chapitre régional ; profil territorial proposé Budget civil 6,00 % ; coefficient 0,500000 ; part de filière 0,289 %. Savoir-faire de terrain et sécurité ; procédé spécialisé distinct du rang social.";0.00013848151345053177;0.010840943446831083;0.0002826518036594432
Pêcheur maritime;Pêcheur;1.4779176412000001;2.194709891891892;7020.108795700001;A — activité attestée;"SB110; SB168";"Contexte régional ; taille et fréquence locales proposées. Profil résidentiel rural/mixte ; jardins, cuisine, filage, corvées et milice saisonnière restent activités secondaires. chapitre régional ; profil territorial proposé Même total vivrier et mêmes effectifs sociaux qu’en V2 ; répartition P revue par culture/habitat. Delta exact, anciennes parts et nouvelles parts enregistrés dans food_reallocation_v3. Ajustement IPF conservant strates et espèces ; aucune création de personne. Transmission familiale, terre/eau, droits d’usage et outils ; les tâches saisonnières restent secondaires.";0.00914264586636815;1.4314532578690622;0.03732173746456966
Pêcheur d’eau douce;Pêcheur;0;0;0.0;A — activité attestée;SB138;"Contexte régional ; taille et fréquence locales proposées. Profil résidentiel rural/mixte ; jardins, cuisine, filage, corvées et milice saisonnière restent activités secondaires. chapitre régional ; profil territorial proposé Budget civil 65,00 % ; coefficient 0,000000 ; part de filière 0,000 %. Zéro proposé : Poids technique nul dans la filière locale du scénario. Transmission familiale, terre/eau, droits d’usage et outils ; les tâches saisonnières restent secondaires.";0;0;0
Cultivateur marin;Pêcheur;0;0;0.0;P — activité proposée;SB149;"Contexte régional ; taille et fréquence locales proposées. Profil résidentiel rural/mixte ; jardins, cuisine, filage, corvées et milice saisonnière restent activités secondaires. chapitre régional ; profil territorial proposé Même total vivrier et mêmes effectifs sociaux qu’en V2 ; répartition P revue par culture/habitat. Delta exact, anciennes parts et nouvelles parts enregistrés dans food_reallocation_v3. Ajustement IPF conservant strates et espèces ; aucune création de personne. Zéro proposé : Réaffectation vivrière V3 : quota de capture/habitat limité ou remplacement par culture/pastoralisme ; zéro de scénario, pas interdiction universelle. Transmission familiale, terre/eau, droits d’usage et outils ; les tâches saisonnières restent secondaires.";0;0;0
Mineur;Extracteur de ressources minérales;0.022524153527882115;0.033448401437306374;106.98972925744005;A — activité attestée;"MJ135; SB160";"Contexte régional ; taille et fréquence locales proposées. Profil résidentiel rural/mixte ; jardins, cuisine, filage, corvées et milice saisonnière restent activités secondaires. chapitre régional ; profil territorial proposé Budget civil 6,00 % ; coefficient 1,000000 ; part de filière 0,578 %. Savoir-faire de terrain et sécurité ; procédé spécialisé distinct du rang social.";0.00027696302690106354;0.021681886893662166;0.0005653036073188864
Carrier;Extracteur de ressources minérales;0.022524153527882115;0.033448401437306374;106.98972925744005;D — activité déduite;"MJ135; SB160";"Contexte régional ; taille et fréquence locales proposées. Profil résidentiel rural/mixte ; jardins, cuisine, filage, corvées et milice saisonnière restent activités secondaires. chapitre régional ; profil territorial proposé Budget civil 6,00 % ; coefficient 1,000000 ; part de filière 0,578 %. Savoir-faire de terrain et sécurité ; procédé spécialisé distinct du rang social.";0.00027696302690106354;0.021681886893662166;0.0005653036073188864
Salinier;Extracteur de ressources minérales;0.022524153527882115;0.033448401437306374;106.98972925744005;P — activité proposée;SB120;"Contexte régional ; taille et fréquence locales proposées. Profil résidentiel rural/mixte ; jardins, cuisine, filage, corvées et milice saisonnière restent activités secondaires. chapitre régional ; profil territorial proposé Budget civil 6,00 % ; coefficient 1,000000 ; part de filière 0,578 %. Savoir-faire de terrain et sécurité ; procédé spécialisé distinct du rang social.";0.00027696302690106354;0.021681886893662166;0.0005653036073188864
Mineur de bauronite;Extracteur de ressources minérales;0.09009661411152846;0.1337936057492255;427.9589170297602;A — activité attestée;"SB174; SB182";"Contexte régional ; taille et fréquence locales proposées. Profil résidentiel rural/mixte ; jardins, cuisine, filage, corvées et milice saisonnière restent activités secondaires. chapitre régional ; profil territorial proposé Budget civil 6,00 % ; coefficient 4,000000 ; part de filière 2,311 %. Savoir-faire de terrain et sécurité ; procédé spécialisé distinct du rang social.";0.0011078521076042542;0.08672754757464866;0.0022612144292755458
Mineur de tameranium;Extracteur de ressources minérales;0;0;0.0;A — activité attestée;"SB168; SB198";"Contexte régional ; taille et fréquence locales proposées. Profil résidentiel rural/mixte ; jardins, cuisine, filage, corvées et milice saisonnière restent activités secondaires. chapitre régional ; profil territorial proposé Budget civil 6,00 % ; coefficient 0,000000 ; part de filière 0,000 %. Zéro proposé : Climat, matière ou culture hors filière régionale retenue ; aucun établissement exceptionnel proposé. Savoir-faire de terrain et sécurité ; procédé spécialisé distinct du rang social.";0;0;0
Extracteur d’obsidienne;Extracteur de ressources minérales;0;0;0.0;A — activité attestée;SB190;"Contexte régional ; taille et fréquence locales proposées. Profil résidentiel rural/mixte ; jardins, cuisine, filage, corvées et milice saisonnière restent activités secondaires. chapitre régional ; profil territorial proposé Budget civil 6,00 % ; coefficient 0,000000 ; part de filière 0,000 %. Zéro proposé : Filière régionale non retenue dans ce scénario, sans interdiction universelle. Savoir-faire de terrain et sécurité ; procédé spécialisé distinct du rang social.";0;0;0
Extracteur de soufre;Extracteur de ressources minérales;0;0;0.0;A — activité attestée;SB190;"Contexte régional ; taille et fréquence locales proposées. Profil résidentiel rural/mixte ; jardins, cuisine, filage, corvées et milice saisonnière restent activités secondaires. chapitre régional ; profil territorial proposé Budget civil 6,00 % ; coefficient 0,000000 ; part de filière 0,000 %. Zéro proposé : Filière régionale non retenue dans ce scénario, sans interdiction universelle. Savoir-faire de terrain et sécurité ; procédé spécialisé distinct du rang social.";0;0;0
Prospecteur;Extracteur de ressources minérales;0.022524153527882115;0.033448401437306374;106.98972925744005;D — activité déduite;SB104;"Contexte régional ; taille et fréquence locales proposées. Profil résidentiel rural/mixte ; jardins, cuisine, filage, corvées et milice saisonnière restent activités secondaires. chapitre régional ; profil territorial proposé Budget civil 6,00 % ; coefficient 1,000000 ; part de filière 0,578 %. Savoir-faire de terrain et sécurité ; procédé spécialisé distinct du rang social.";0.00027696302690106354;0.021681886893662166;0.0005653036073188864
Meunier;Meunier;0.1680679634213305;0.24958117526185106;798.32282625132;D — activité déduite;SB121;"Contexte régional ; taille et fréquence locales proposées. Profil résidentiel rural/mixte ; jardins, cuisine, filage, corvées et milice saisonnière restent activités secondaires. chapitre régional ; profil territorial proposé Budget civil 14,00 % ; coefficient 1,750000 ; part de filière 1,848 %. Apprentissage, atelier, combustible et outils ; titre noble ne remplace pas qualification.";0.009848637604497359;0.15419895499167777;0.004020370825155374
Boucher;Boucher;0.19207767248152058;0.28523562887068693;912.3689442872227;D — activité déduite;SB99;"Contexte régional ; taille et fréquence locales proposées. Profil résidentiel rural/mixte ; jardins, cuisine, filage, corvées et milice saisonnière restent activités secondaires. chapitre régional ; profil territorial proposé Budget civil 14,00 % ; coefficient 2,000000 ; part de filière 2,112 %. Apprentissage, atelier, combustible et outils ; titre noble ne remplace pas qualification.";0.01125558583371127;0.17622737713334602;0.004594709514463285
Écorcheur;Boucher;0.07683106899260823;0.11409425154827477;364.9475777148891;A — activité attestée;MJ128;"Contexte régional ; taille et fréquence locales proposées. Profil résidentiel rural/mixte ; jardins, cuisine, filage, corvées et milice saisonnière restent activités secondaires. chapitre régional ; profil territorial proposé Budget civil 14,00 % ; coefficient 0,800000 ; part de filière 0,845 %. Apprentissage, atelier, combustible et outils ; titre noble ne remplace pas qualification.";0.004502234333484508;0.07049095085333841;0.0018378838057853141
Boulanger;Boulanger;0.40816505402323133;0.6061257113502099;1938.7840066103488;A — activité attestée;MJ128;"Contexte régional ; taille et fréquence locales proposées. Profil résidentiel rural/mixte ; jardins, cuisine, filage, corvées et milice saisonnière restent activités secondaires. chapitre régional ; profil territorial proposé Budget civil 14,00 % ; coefficient 4,250000 ; part de filière 4,488 %. Apprentissage, atelier, combustible et outils ; titre noble ne remplace pas qualification.";0.023918119896636468;0.3744831764083604;0.009763757718234485
Cuisinier;Cuisinier;0.15691645603864735;0.23302117023856153;745.3531661835749;A — activité attestée;MJ128;"Contexte régional ; taille et fréquence locales proposées. Profil résidentiel rural/mixte ; jardins, cuisine, filage, corvées et milice saisonnière restent activités secondaires. chapitre régional ; profil territorial proposé Budget civil 2,00 % ; coefficient 7,500000 ; part de filière 12,077 %. Apprentissage et qualification variable ; soins avancés et thérapie magique exigent formation.";0.000972348433794595;0.15223944508878423;0.0037046625160685187
Cuisinier de haute cuisine;Cuisinier;0;0;0.0;A — activité attestée;"PG28; CC52";"Contexte régional ; taille et fréquence locales proposées. Profil résidentiel rural/mixte ; jardins, cuisine, filage, corvées et milice saisonnière restent activités secondaires. chapitre régional ; profil territorial proposé Budget civil 2,00 % ; coefficient 0,000000 ; part de filière 0,000 %. Zéro proposé : Haute cuisine concentrée auprès de clientèle et maîtres attestés/proposés ; cuisine ordinaire conservée. Apprentissage et qualification variable ; soins avancés et thérapie magique exigent formation.";0;0;0
Poissonnier;Transformateur alimentaire;0.12485048711298839;0.18540315876594654;593.0398137866948;D — activité déduite;"SB120; SB149";"Contexte régional ; taille et fréquence locales proposées. Profil résidentiel rural/mixte ; jardins, cuisine, filage, corvées et milice saisonnière restent activités secondaires. chapitre régional ; profil territorial proposé Budget civil 14,00 % ; coefficient 1,300000 ; part de filière 1,373 %. Apprentissage, atelier, combustible et outils ; titre noble ne remplace pas qualification.";0.007316130791912326;0.11454779513667493;0.0029865611844011354
Saleur et sécheur alimentaire;Transformateur alimentaire;0.12485048711298839;0.18540315876594654;593.0398137866948;D — activité déduite;"SB120; SB149";"Contexte régional ; taille et fréquence locales proposées. Profil résidentiel rural/mixte ; jardins, cuisine, filage, corvées et milice saisonnière restent activités secondaires. chapitre régional ; profil territorial proposé Budget civil 14,00 % ; coefficient 1,300000 ; part de filière 1,373 %. Apprentissage, atelier, combustible et outils ; titre noble ne remplace pas qualification.";0.007316130791912326;0.11454779513667493;0.0029865611844011354
Fromager;Transformateur alimentaire;0.12485048711298839;0.18540315876594654;593.0398137866948;A — activité attestée;"SB120; SB149";"Contexte régional ; taille et fréquence locales proposées. Profil résidentiel rural/mixte ; jardins, cuisine, filage, corvées et milice saisonnière restent activités secondaires. chapitre régional ; profil territorial proposé Budget civil 14,00 % ; coefficient 1,300000 ; part de filière 1,373 %. Apprentissage, atelier, combustible et outils ; titre noble ne remplace pas qualification.";0.007316130791912326;0.11454779513667493;0.0029865611844011354
Huilier;Transformateur alimentaire;0.12485048711298839;0.18540315876594654;593.0398137866948;P — activité proposée;"SB120; SB149";"Contexte régional ; taille et fréquence locales proposées. Profil résidentiel rural/mixte ; jardins, cuisine, filage, corvées et milice saisonnière restent activités secondaires. chapitre régional ; profil territorial proposé Budget civil 14,00 % ; coefficient 1,300000 ; part de filière 1,373 %. Apprentissage, atelier, combustible et outils ; titre noble ne remplace pas qualification.";0.007316130791912326;0.11454779513667493;0.0029865611844011354
Brasseur;Fabricant de boissons;0.11524660348891237;0.1711413773224122;547.4213665723338;A — activité attestée;"MJ128; SB120";"Contexte régional ; taille et fréquence locales proposées. Profil résidentiel rural/mixte ; jardins, cuisine, filage, corvées et milice saisonnière restent activités secondaires. chapitre régional ; profil territorial proposé Budget civil 14,00 % ; coefficient 1,200000 ; part de filière 1,267 %. Apprentissage, atelier, combustible et outils ; titre noble ne remplace pas qualification.";0.006753351500226764;0.10573642628000764;0.002756825708677972
Distillateur;Fabricant de boissons;0.11524660348891237;0.1711413773224122;547.4213665723338;A — activité attestée;"MJ128; SB120";"Contexte régional ; taille et fréquence locales proposées. Profil résidentiel rural/mixte ; jardins, cuisine, filage, corvées et milice saisonnière restent activités secondaires. chapitre régional ; profil territorial proposé Budget civil 14,00 % ; coefficient 1,200000 ; part de filière 1,267 %. Apprentissage, atelier, combustible et outils ; titre noble ne remplace pas qualification.";0.006753351500226764;0.10573642628000764;0.002756825708677972
Distillateur de Highlandtuber;Fabricant de boissons;0;0;0.0;A — activité attestée;"SB120; SB121";"Contexte régional ; taille et fréquence locales proposées. Profil résidentiel rural/mixte ; jardins, cuisine, filage, corvées et milice saisonnière restent activités secondaires. chapitre régional ; profil territorial proposé Budget civil 14,00 % ; coefficient 0,000000 ; part de filière 0,000 %. Zéro proposé : Filière régionale non retenue dans ce scénario, sans interdiction universelle. Apprentissage, atelier, combustible et outils ; titre noble ne remplace pas qualification.";0;0;0
Maître de cérémonie du thé;Maître de cérémonie du thé;0;0;0.0;A — activité attestée;SB201;"Contexte régional ; taille et fréquence locales proposées. Profil résidentiel rural/mixte ; jardins, cuisine, filage, corvées et milice saisonnière restent activités secondaires. chapitre régional ; profil territorial proposé Budget civil 0,00 % ; coefficient 0,000000 ; part de filière 0,000 %. Zéro proposé : Filière régionale non retenue dans ce scénario, sans interdiction universelle. Apprentissage, audition et réseau ; accès au mérite notamment Mustardseed.";0;0;0
Alchimiste;Alchimiste;0.4640243771428571;0.6890768891340319;2204.115791428571;A — activité attestée;"MJ128; BR55";"Contexte régional ; taille et fréquence locales proposées. Profil résidentiel rural/mixte ; jardins, cuisine, filage, corvées et milice saisonnière restent activités secondaires. chapitre régional ; profil territorial proposé Budget civil 1,00 % ; coefficient 2,500000 ; part de filière 71,429 %. Long apprentissage, frais, bourses, talent, licence ou secret ; titre ne donne pas maîtrise.";0.06377626927517555;0.39941500420359194;0.0008331036640896029
Apothicaire;Alchimiste;0.18560975085714285;0.2756307556536127;881.6463165714284;A — activité attestée;"MJ128; BR55";"Contexte régional ; taille et fréquence locales proposées. Profil résidentiel rural/mixte ; jardins, cuisine, filage, corvées et milice saisonnière restent activités secondaires. chapitre régional ; profil territorial proposé Budget civil 1,00 % ; coefficient 1,000000 ; part de filière 28,571 %. Long apprentissage, frais, bourses, talent, licence ou secret ; titre ne donne pas maîtrise.";0.02551050771007022;0.1597660016814368;0.00033324146563584126
Préparateur de poisons;Alchimiste;0;0;0.0;D — activité déduite;"BR55; SB193";"Contexte régional ; taille et fréquence locales proposées. Profil résidentiel rural/mixte ; jardins, cuisine, filage, corvées et milice saisonnière restent activités secondaires. chapitre régional ; profil territorial proposé Budget civil 1,00 % ; coefficient 0,000000 ; part de filière 0,000 %. Zéro proposé : Spécialité avancée non installée dans le profil rural ordinaire : apprentissage, matériel et clientèle insuffisamment établis. Long apprentissage, frais, bourses, talent, licence ou secret ; titre ne donne pas maîtrise.";0;0;0
Préparateur de potions;Alchimiste;0;0;0.0;A — activité attestée;SB138;"Contexte régional ; taille et fréquence locales proposées. Profil résidentiel rural/mixte ; jardins, cuisine, filage, corvées et milice saisonnière restent activités secondaires. chapitre régional ; profil territorial proposé Budget civil 1,00 % ; coefficient 0,000000 ; part de filière 0,000 %. Zéro proposé : Spécialité avancée non installée dans le profil rural ordinaire : apprentissage, matériel et clientèle insuffisamment établis. Long apprentissage, frais, bourses, talent, licence ou secret ; titre ne donne pas maîtrise.";0;0;0
Préparateur d’Estelindea;Alchimiste;0;0;0.0;A — activité attestée;SB153;"Contexte régional ; taille et fréquence locales proposées. Profil résidentiel rural/mixte ; jardins, cuisine, filage, corvées et milice saisonnière restent activités secondaires. chapitre régional ; profil territorial proposé Budget civil 1,00 % ; coefficient 0,000000 ; part de filière 0,000 %. Zéro proposé : Filière régionale non retenue dans ce scénario, sans interdiction universelle. Long apprentissage, frais, bourses, talent, licence ou secret ; titre ne donne pas maîtrise.";0;0;0
Charbonnier;Charbonnier;0.01689311514591158;0.025086301077979777;80.24229694308;P — activité proposée;SB128;"Contexte régional ; taille et fréquence locales proposées. Profil résidentiel rural/mixte ; jardins, cuisine, filage, corvées et milice saisonnière restent activités secondaires. chapitre régional ; profil territorial proposé Budget civil 6,00 % ; coefficient 0,750000 ; part de filière 0,433 %. Savoir-faire de terrain et sécurité ; procédé spécialisé distinct du rang social.";0.00020772227017579762;0.01626141517024662;0.00042397770548916456
Fondeur et affineur;Métallurgiste;0;0;0.0;D — activité déduite;"SB198; SB160";"Contexte régional ; taille et fréquence locales proposées. Profil résidentiel rural/mixte ; jardins, cuisine, filage, corvées et milice saisonnière restent activités secondaires. chapitre régional ; profil territorial proposé Budget civil 14,00 % ; coefficient 0,000000 ; part de filière 0,000 %. Zéro proposé : Artisanat de base et réparation locale ; atelier spécialisé absent du scénario rural ordinaire. Apprentissage, atelier, combustible et outils ; titre noble ne remplace pas qualification.";0;0;0
Aciériste;Métallurgiste;0;0;0.0;D — activité déduite;SB198;"Contexte régional ; taille et fréquence locales proposées. Profil résidentiel rural/mixte ; jardins, cuisine, filage, corvées et milice saisonnière restent activités secondaires. chapitre régional ; profil territorial proposé Budget civil 14,00 % ; coefficient 0,000000 ; part de filière 0,000 %. Zéro proposé : Artisanat de base et réparation locale ; atelier spécialisé absent du scénario rural ordinaire. Apprentissage, atelier, combustible et outils ; titre noble ne remplace pas qualification.";0;0;0
Forgeron;Forgeron;0.4801941812038014;0.7130890721767172;2280.9223607180566;A — activité attestée;MJ128;"Contexte régional ; taille et fréquence locales proposées. Profil résidentiel rural/mixte ; jardins, cuisine, filage, corvées et milice saisonnière restent activités secondaires. chapitre régional ; profil territorial proposé Budget civil 14,00 % ; coefficient 5,000000 ; part de filière 5,280 %. Apprentissage, atelier, combustible et outils ; titre noble ne remplace pas qualification.";0.028138964584278166;0.44056844283336505;0.01148677378615821
Armurier;Forgeron;0.19207767248152058;0.28523562887068693;912.3689442872227;A — activité attestée;MJ128;"Contexte régional ; taille et fréquence locales proposées. Profil résidentiel rural/mixte ; jardins, cuisine, filage, corvées et milice saisonnière restent activités secondaires. chapitre régional ; profil territorial proposé Budget civil 14,00 % ; coefficient 2,000000 ; part de filière 2,112 %. Apprentissage, atelier, combustible et outils ; titre noble ne remplace pas qualification.";0.01125558583371127;0.17622737713334602;0.004594709514463285
Coutelier;Forgeron;0.19207767248152058;0.28523562887068693;912.3689442872227;D — activité déduite;MJ128;"Contexte régional ; taille et fréquence locales proposées. Profil résidentiel rural/mixte ; jardins, cuisine, filage, corvées et milice saisonnière restent activités secondaires. chapitre régional ; profil territorial proposé Budget civil 14,00 % ; coefficient 2,000000 ; part de filière 2,112 %. Apprentissage, atelier, combustible et outils ; titre noble ne remplace pas qualification.";0.01125558583371127;0.17622737713334602;0.004594709514463285
Rémouleur;Forgeron;0.19207767248152058;0.28523562887068693;912.3689442872227;D — activité déduite;MJ128;"Contexte régional ; taille et fréquence locales proposées. Profil résidentiel rural/mixte ; jardins, cuisine, filage, corvées et milice saisonnière restent activités secondaires. chapitre régional ; profil territorial proposé Budget civil 14,00 % ; coefficient 2,000000 ; part de filière 2,112 %. Apprentissage, atelier, combustible et outils ; titre noble ne remplace pas qualification.";0.01125558583371127;0.17622737713334602;0.004594709514463285
Serrurier;Mécanicien et artisan du métal;0;0;0.0;A — activité attestée;"MJ128; SB174";"Contexte régional ; taille et fréquence locales proposées. Profil résidentiel rural/mixte ; jardins, cuisine, filage, corvées et milice saisonnière restent activités secondaires. chapitre régional ; profil territorial proposé Budget civil 14,00 % ; coefficient 0,000000 ; part de filière 0,000 %. Zéro proposé : Artisanat de base et réparation locale ; atelier spécialisé absent du scénario rural ordinaire. Apprentissage, atelier, combustible et outils ; titre noble ne remplace pas qualification.";0;0;0
Rétameur;Mécanicien et artisan du métal;0;0;0.0;A — activité attestée;"MJ128; SB174";"Contexte régional ; taille et fréquence locales proposées. Profil résidentiel rural/mixte ; jardins, cuisine, filage, corvées et milice saisonnière restent activités secondaires. chapitre régional ; profil territorial proposé Budget civil 14,00 % ; coefficient 0,000000 ; part de filière 0,000 %. Zéro proposé : Artisanat de base et réparation locale ; atelier spécialisé absent du scénario rural ordinaire. Apprentissage, atelier, combustible et outils ; titre noble ne remplace pas qualification.";0;0;0
Réparateur et bricoleur;Mécanicien et artisan du métal;0;0;0.0;A — activité attestée;"MJ128; SB174";"Contexte régional ; taille et fréquence locales proposées. Profil résidentiel rural/mixte ; jardins, cuisine, filage, corvées et milice saisonnière restent activités secondaires. chapitre régional ; profil territorial proposé Budget civil 14,00 % ; coefficient 0,000000 ; part de filière 0,000 %. Zéro proposé : Artisanat de base et réparation locale ; atelier spécialisé absent du scénario rural ordinaire. Apprentissage, atelier, combustible et outils ; titre noble ne remplace pas qualification.";0;0;0
Horloger;Mécanicien et artisan du métal;0;0;0.0;D — activité déduite;SB174;"Contexte régional ; taille et fréquence locales proposées. Profil résidentiel rural/mixte ; jardins, cuisine, filage, corvées et milice saisonnière restent activités secondaires. chapitre régional ; profil territorial proposé Budget civil 14,00 % ; coefficient 0,000000 ; part de filière 0,000 %. Zéro proposé : Climat, matière ou culture hors filière régionale retenue ; aucun établissement exceptionnel proposé. Apprentissage, atelier, combustible et outils ; titre noble ne remplace pas qualification.";0;0;0
Fabricant d’outils de précision;Mécanicien et artisan du métal;0;0;0.0;A — activité attestée;SB174;"Contexte régional ; taille et fréquence locales proposées. Profil résidentiel rural/mixte ; jardins, cuisine, filage, corvées et milice saisonnière restent activités secondaires. chapitre régional ; profil territorial proposé Budget civil 14,00 % ; coefficient 0,000000 ; part de filière 0,000 %. Zéro proposé : Climat, matière ou culture hors filière régionale retenue ; aucun établissement exceptionnel proposé. Apprentissage, atelier, combustible et outils ; titre noble ne remplace pas qualification.";0;0;0
Fabricant d’instruments de navigation;Mécanicien et artisan du métal;0;0;0.0;D — activité déduite;SB174;"Contexte régional ; taille et fréquence locales proposées. Profil résidentiel rural/mixte ; jardins, cuisine, filage, corvées et milice saisonnière restent activités secondaires. chapitre régional ; profil territorial proposé Budget civil 14,00 % ; coefficient 0,000000 ; part de filière 0,000 %. Zéro proposé : Climat, matière ou culture hors filière régionale retenue ; aucun établissement exceptionnel proposé. Apprentissage, atelier, combustible et outils ; titre noble ne remplace pas qualification.";0;0;0
Bijoutier;Bijoutier;0;0;0.0;A — activité attestée;MJ128;"Contexte régional ; taille et fréquence locales proposées. Profil résidentiel rural/mixte ; jardins, cuisine, filage, corvées et milice saisonnière restent activités secondaires. chapitre régional ; profil territorial proposé Budget civil 14,00 % ; coefficient 0,000000 ; part de filière 0,000 %. Zéro proposé : Artisanat de base et réparation locale ; atelier spécialisé absent du scénario rural ordinaire. Apprentissage, atelier, combustible et outils ; titre noble ne remplace pas qualification.";0;0;0
Orfèvre;Bijoutier;0;0;0.0;A — activité attestée;MJ128;"Contexte régional ; taille et fréquence locales proposées. Profil résidentiel rural/mixte ; jardins, cuisine, filage, corvées et milice saisonnière restent activités secondaires. chapitre régional ; profil territorial proposé Budget civil 14,00 % ; coefficient 0,000000 ; part de filière 0,000 %. Zéro proposé : Artisanat de base et réparation locale ; atelier spécialisé absent du scénario rural ordinaire. Apprentissage, atelier, combustible et outils ; titre noble ne remplace pas qualification.";0;0;0
Lapidaire et tailleur de gemmes;Bijoutier;0;0;0.0;A — activité attestée;MJ128;"Contexte régional ; taille et fréquence locales proposées. Profil résidentiel rural/mixte ; jardins, cuisine, filage, corvées et milice saisonnière restent activités secondaires. chapitre régional ; profil territorial proposé Budget civil 14,00 % ; coefficient 0,000000 ; part de filière 0,000 %. Zéro proposé : Artisanat de base et réparation locale ; atelier spécialisé absent du scénario rural ordinaire. Apprentissage, atelier, combustible et outils ; titre noble ne remplace pas qualification.";0;0;0
Tanneur;Tanneur;0.12004854530095035;0.1782722680441793;570.2305901795141;A — activité attestée;MJ128;"Contexte régional ; taille et fréquence locales proposées. Profil résidentiel rural/mixte ; jardins, cuisine, filage, corvées et milice saisonnière restent activités secondaires. chapitre régional ; profil territorial proposé Budget civil 14,00 % ; coefficient 1,250000 ; part de filière 1,320 %. Apprentissage, atelier, combustible et outils ; titre noble ne remplace pas qualification.";0.007034741146069542;0.11014211070834126;0.0028716934465395525
Fourreur;Tanneur;0.048019418120380145;0.07130890721767173;228.09223607180567;D — activité déduite;"SB120; SB133";"Contexte régional ; taille et fréquence locales proposées. Profil résidentiel rural/mixte ; jardins, cuisine, filage, corvées et milice saisonnière restent activités secondaires. chapitre régional ; profil territorial proposé Budget civil 14,00 % ; coefficient 0,500000 ; part de filière 0,528 %. Apprentissage, atelier, combustible et outils ; titre noble ne remplace pas qualification.";0.0028138964584278176;0.044056844283336505;0.0011486773786158213
Maroquinier;Artisan du cuir;0.15366213798521647;0.22818850309654953;729.8951554297782;A — activité attestée;MJ128;"Contexte régional ; taille et fréquence locales proposées. Profil résidentiel rural/mixte ; jardins, cuisine, filage, corvées et milice saisonnière restent activités secondaires. chapitre régional ; profil territorial proposé Budget civil 14,00 % ; coefficient 1,600000 ; part de filière 1,690 %. Apprentissage, atelier, combustible et outils ; titre noble ne remplace pas qualification.";0.009004468666969016;0.14098190170667682;0.0036757676115706283
Bourrelier et sellier;Artisan du cuir;0.15366213798521647;0.22818850309654953;729.8951554297782;D — activité déduite;"MJ128; SB163";"Contexte régional ; taille et fréquence locales proposées. Profil résidentiel rural/mixte ; jardins, cuisine, filage, corvées et milice saisonnière restent activités secondaires. chapitre régional ; profil territorial proposé Budget civil 14,00 % ; coefficient 1,600000 ; part de filière 1,690 %. Apprentissage, atelier, combustible et outils ; titre noble ne remplace pas qualification.";0.009004468666969016;0.14098190170667682;0.0036757676115706283
Boursier, fabricant de bourses;Artisan du cuir;0.15366213798521647;0.22818850309654953;729.8951554297782;D — activité déduite;MJ128;"Contexte régional ; taille et fréquence locales proposées. Profil résidentiel rural/mixte ; jardins, cuisine, filage, corvées et milice saisonnière restent activités secondaires. chapitre régional ; profil territorial proposé Budget civil 14,00 % ; coefficient 1,600000 ; part de filière 1,690 %. Apprentissage, atelier, combustible et outils ; titre noble ne remplace pas qualification.";0.009004468666969016;0.14098190170667682;0.0036757676115706283
Gantier;Artisan du cuir;0.15366213798521647;0.22818850309654953;729.8951554297782;D — activité déduite;MJ128;"Contexte régional ; taille et fréquence locales proposées. Profil résidentiel rural/mixte ; jardins, cuisine, filage, corvées et milice saisonnière restent activités secondaires. chapitre régional ; profil territorial proposé Budget civil 14,00 % ; coefficient 1,600000 ; part de filière 1,690 %. Apprentissage, atelier, combustible et outils ; titre noble ne remplace pas qualification.";0.009004468666969016;0.14098190170667682;0.0036757676115706283
Cordonnier;Artisan du cuir;0.15366213798521647;0.22818850309654953;729.8951554297782;A — activité attestée;MJ128;"Contexte régional ; taille et fréquence locales proposées. Profil résidentiel rural/mixte ; jardins, cuisine, filage, corvées et milice saisonnière restent activités secondaires. chapitre régional ; profil territorial proposé Budget civil 14,00 % ; coefficient 1,600000 ; part de filière 1,690 %. Apprentissage, atelier, combustible et outils ; titre noble ne remplace pas qualification.";0.009004468666969016;0.14098190170667682;0.0036757676115706283
Fileur;Artisan textile;0.19207767248152058;0.28523562887068693;912.3689442872227;D — activité déduite;MJ128;"Contexte régional ; taille et fréquence locales proposées. Profil résidentiel rural/mixte ; jardins, cuisine, filage, corvées et milice saisonnière restent activités secondaires. chapitre régional ; profil territorial proposé Budget civil 14,00 % ; coefficient 2,000000 ; part de filière 2,112 %. Apprentissage, atelier, combustible et outils ; titre noble ne remplace pas qualification.";0.01125558583371127;0.17622737713334602;0.004594709514463285
Tisserand;Artisan textile;0.19207767248152058;0.28523562887068693;912.3689442872227;A — activité attestée;MJ128;"Contexte régional ; taille et fréquence locales proposées. Profil résidentiel rural/mixte ; jardins, cuisine, filage, corvées et milice saisonnière restent activités secondaires. chapitre régional ; profil territorial proposé Budget civil 14,00 % ; coefficient 2,000000 ; part de filière 2,112 %. Apprentissage, atelier, combustible et outils ; titre noble ne remplace pas qualification.";0.01125558583371127;0.17622737713334602;0.004594709514463285
Teinturier;Artisan textile;0.19207767248152058;0.28523562887068693;912.3689442872227;A — activité attestée;MJ128;"Contexte régional ; taille et fréquence locales proposées. Profil résidentiel rural/mixte ; jardins, cuisine, filage, corvées et milice saisonnière restent activités secondaires. chapitre régional ; profil territorial proposé Budget civil 14,00 % ; coefficient 2,000000 ; part de filière 2,112 %. Apprentissage, atelier, combustible et outils ; titre noble ne remplace pas qualification.";0.01125558583371127;0.17622737713334602;0.004594709514463285
Tailleur;Tailleur de vêtements;0.19207767248152058;0.28523562887068693;912.3689442872227;D — activité déduite;"MJ128; SB139";"Contexte régional ; taille et fréquence locales proposées. Profil résidentiel rural/mixte ; jardins, cuisine, filage, corvées et milice saisonnière restent activités secondaires. chapitre régional ; profil territorial proposé Budget civil 14,00 % ; coefficient 2,000000 ; part de filière 2,112 %. Apprentissage, atelier, combustible et outils ; titre noble ne remplace pas qualification.";0.01125558583371127;0.17622737713334602;0.004594709514463285
Modiste et fabricant de coiffes;Tailleur de vêtements;0.19207767248152058;0.28523562887068693;912.3689442872227;D — activité déduite;"SB139; SB120";"Contexte régional ; taille et fréquence locales proposées. Profil résidentiel rural/mixte ; jardins, cuisine, filage, corvées et milice saisonnière restent activités secondaires. chapitre régional ; profil territorial proposé Budget civil 14,00 % ; coefficient 2,000000 ; part de filière 2,112 %. Apprentissage, atelier, combustible et outils ; titre noble ne remplace pas qualification.";0.01125558583371127;0.17622737713334602;0.004594709514463285
Tapissier;Tapissier;0;0;0.0;D — activité déduite;SB200;"Contexte régional ; taille et fréquence locales proposées. Profil résidentiel rural/mixte ; jardins, cuisine, filage, corvées et milice saisonnière restent activités secondaires. chapitre régional ; profil territorial proposé Budget civil 14,00 % ; coefficient 0,000000 ; part de filière 0,000 %. Zéro proposé : Artisanat de base et réparation locale ; atelier spécialisé absent du scénario rural ordinaire. Apprentissage, atelier, combustible et outils ; titre noble ne remplace pas qualification.";0;0;0
Menuisier;Menuisier;0.4801941812038014;0.7130890721767172;2280.9223607180566;D — activité déduite;"MJ128; SB152";"Contexte régional ; taille et fréquence locales proposées. Profil résidentiel rural/mixte ; jardins, cuisine, filage, corvées et milice saisonnière restent activités secondaires. chapitre régional ; profil territorial proposé Budget civil 14,00 % ; coefficient 5,000000 ; part de filière 5,280 %. Apprentissage, atelier, combustible et outils ; titre noble ne remplace pas qualification.";0.028138964584278166;0.44056844283336505;0.01148677378615821
Ébéniste;Menuisier;0.19207767248152058;0.28523562887068693;912.3689442872227;D — activité déduite;MJ128;"Contexte régional ; taille et fréquence locales proposées. Profil résidentiel rural/mixte ; jardins, cuisine, filage, corvées et milice saisonnière restent activités secondaires. chapitre régional ; profil territorial proposé Budget civil 14,00 % ; coefficient 2,000000 ; part de filière 2,112 %. Apprentissage, atelier, combustible et outils ; titre noble ne remplace pas qualification.";0.01125558583371127;0.17622737713334602;0.004594709514463285
Sculpteur sur bois;Menuisier;0.19207767248152058;0.28523562887068693;912.3689442872227;A — activité attestée;MJ128;"Contexte régional ; taille et fréquence locales proposées. Profil résidentiel rural/mixte ; jardins, cuisine, filage, corvées et milice saisonnière restent activités secondaires. chapitre régional ; profil territorial proposé Budget civil 14,00 % ; coefficient 2,000000 ; part de filière 2,112 %. Apprentissage, atelier, combustible et outils ; titre noble ne remplace pas qualification.";0.01125558583371127;0.17622737713334602;0.004594709514463285
Tonnelier;Menuisier;0.19207767248152058;0.28523562887068693;912.3689442872227;A — activité attestée;MJ128;"Contexte régional ; taille et fréquence locales proposées. Profil résidentiel rural/mixte ; jardins, cuisine, filage, corvées et milice saisonnière restent activités secondaires. chapitre régional ; profil territorial proposé Budget civil 14,00 % ; coefficient 2,000000 ; part de filière 2,112 %. Apprentissage, atelier, combustible et outils ; titre noble ne remplace pas qualification.";0.01125558583371127;0.17622737713334602;0.004594709514463285
Charron;Menuisier;0.19207767248152058;0.28523562887068693;912.3689442872227;A — activité attestée;MJ128;"Contexte régional ; taille et fréquence locales proposées. Profil résidentiel rural/mixte ; jardins, cuisine, filage, corvées et milice saisonnière restent activités secondaires. chapitre régional ; profil territorial proposé Budget civil 14,00 % ; coefficient 2,000000 ; part de filière 2,112 %. Apprentissage, atelier, combustible et outils ; titre noble ne remplace pas qualification.";0.01125558583371127;0.17622737713334602;0.004594709514463285
Charpentier;Charpentier;0.31212621778247096;0.4635078969148662;1482.599534466737;A — activité attestée;MJ128;"Contexte régional ; taille et fréquence locales proposées. Profil résidentiel rural/mixte ; jardins, cuisine, filage, corvées et milice saisonnière restent activités secondaires. chapitre régional ; profil territorial proposé Budget civil 14,00 % ; coefficient 3,250000 ; part de filière 3,432 %. Apprentissage, atelier, combustible et outils ; titre noble ne remplace pas qualification.";0.01829032697978081;0.2863694878416873;0.007466402961002836
Couvreur;Charpentier;0.12485048711298839;0.18540315876594654;593.0398137866948;A — activité attestée;MJ128;"Contexte régional ; taille et fréquence locales proposées. Profil résidentiel rural/mixte ; jardins, cuisine, filage, corvées et milice saisonnière restent activités secondaires. chapitre régional ; profil territorial proposé Budget civil 14,00 % ; coefficient 1,300000 ; part de filière 1,373 %. Apprentissage, atelier, combustible et outils ; titre noble ne remplace pas qualification.";0.007316130791912326;0.11454779513667493;0.0029865611844011354
Constructeur naval;Constructeur naval;0;0;0.0;A — activité attestée;"MJ128; SB148";"Contexte régional ; taille et fréquence locales proposées. Profil résidentiel rural/mixte ; jardins, cuisine, filage, corvées et milice saisonnière restent activités secondaires. chapitre régional ; profil territorial proposé Budget civil 14,00 % ; coefficient 0,000000 ; part de filière 0,000 %. Zéro proposé : Artisanat de base et réparation locale ; atelier spécialisé absent du scénario rural ordinaire. Apprentissage, atelier, combustible et outils ; titre noble ne remplace pas qualification.";0;0;0
Calfat;Constructeur naval;0;0;0.0;D — activité déduite;"MJ128; SB148";"Contexte régional ; taille et fréquence locales proposées. Profil résidentiel rural/mixte ; jardins, cuisine, filage, corvées et milice saisonnière restent activités secondaires. chapitre régional ; profil territorial proposé Budget civil 14,00 % ; coefficient 0,000000 ; part de filière 0,000 %. Zéro proposé : Artisanat de base et réparation locale ; atelier spécialisé absent du scénario rural ordinaire. Apprentissage, atelier, combustible et outils ; titre noble ne remplace pas qualification.";0;0;0
Constructeur de drakkars;Constructeur naval;0;0;0.0;A — activité attestée;SB130;"Contexte régional ; taille et fréquence locales proposées. Profil résidentiel rural/mixte ; jardins, cuisine, filage, corvées et milice saisonnière restent activités secondaires. chapitre régional ; profil territorial proposé Budget civil 14,00 % ; coefficient 0,000000 ; part de filière 0,000 %. Zéro proposé : Filière régionale non retenue dans ce scénario, sans interdiction universelle. Apprentissage, atelier, combustible et outils ; titre noble ne remplace pas qualification.";0;0;0
Cordier;Cordier;0.12004854530095035;0.1782722680441793;570.2305901795141;D — activité déduite;SB130;"Contexte régional ; taille et fréquence locales proposées. Profil résidentiel rural/mixte ; jardins, cuisine, filage, corvées et milice saisonnière restent activités secondaires. chapitre régional ; profil territorial proposé Budget civil 14,00 % ; coefficient 1,250000 ; part de filière 1,320 %. Apprentissage, atelier, combustible et outils ; titre noble ne remplace pas qualification.";0.007034741146069542;0.11014211070834126;0.0028716934465395525
Voilier;Cordier;0.048019418120380145;0.07130890721767173;228.09223607180567;A — activité attestée;MJ128;"Contexte régional ; taille et fréquence locales proposées. Profil résidentiel rural/mixte ; jardins, cuisine, filage, corvées et milice saisonnière restent activités secondaires. chapitre régional ; profil territorial proposé Budget civil 14,00 % ; coefficient 0,500000 ; part de filière 0,528 %. Apprentissage, atelier, combustible et outils ; titre noble ne remplace pas qualification.";0.0028138964584278176;0.044056844283336505;0.0011486773786158213
Facteur d’arcs;Facteur d’arcs;0;0;0.0;A — activité attestée;"MJ128; SB152";"Contexte régional ; taille et fréquence locales proposées. Profil résidentiel rural/mixte ; jardins, cuisine, filage, corvées et milice saisonnière restent activités secondaires. chapitre régional ; profil territorial proposé Budget civil 14,00 % ; coefficient 0,000000 ; part de filière 0,000 %. Zéro proposé : Artisanat de base et réparation locale ; atelier spécialisé absent du scénario rural ordinaire. Apprentissage, atelier, combustible et outils ; titre noble ne remplace pas qualification.";0;0;0
Fabricant de flèches;Facteur d’arcs;0;0;0.0;A — activité attestée;SB152;"Contexte régional ; taille et fréquence locales proposées. Profil résidentiel rural/mixte ; jardins, cuisine, filage, corvées et milice saisonnière restent activités secondaires. chapitre régional ; profil territorial proposé Budget civil 14,00 % ; coefficient 0,000000 ; part de filière 0,000 %. Zéro proposé : Artisanat de base et réparation locale ; atelier spécialisé absent du scénario rural ordinaire. Apprentissage, atelier, combustible et outils ; titre noble ne remplace pas qualification.";0;0;0
Luthier et facteur d’instruments;Luthier;0;0;0.0;D — activité déduite;BR55;"Contexte régional ; taille et fréquence locales proposées. Profil résidentiel rural/mixte ; jardins, cuisine, filage, corvées et milice saisonnière restent activités secondaires. chapitre régional ; profil territorial proposé Budget civil 14,00 % ; coefficient 0,000000 ; part de filière 0,000 %. Zéro proposé : Artisanat de base et réparation locale ; atelier spécialisé absent du scénario rural ordinaire. Apprentissage, atelier, combustible et outils ; titre noble ne remplace pas qualification.";0;0;0
Tailleur de pierre;Tailleur de pierre;0;0;0.0;A — activité attestée;"MJ128; SB161";"Contexte régional ; taille et fréquence locales proposées. Profil résidentiel rural/mixte ; jardins, cuisine, filage, corvées et milice saisonnière restent activités secondaires. chapitre régional ; profil territorial proposé Budget civil 14,00 % ; coefficient 0,000000 ; part de filière 0,000 %. Zéro proposé : Artisanat de base et réparation locale ; atelier spécialisé absent du scénario rural ordinaire. Apprentissage, atelier, combustible et outils ; titre noble ne remplace pas qualification.";0;0;0
Sculpteur sur pierre;Tailleur de pierre;0;0;0.0;D — activité déduite;"MJ128; SB161";"Contexte régional ; taille et fréquence locales proposées. Profil résidentiel rural/mixte ; jardins, cuisine, filage, corvées et milice saisonnière restent activités secondaires. chapitre régional ; profil territorial proposé Budget civil 14,00 % ; coefficient 0,000000 ; part de filière 0,000 %. Zéro proposé : Artisanat de base et réparation locale ; atelier spécialisé absent du scénario rural ordinaire. Apprentissage, atelier, combustible et outils ; titre noble ne remplace pas qualification.";0;0;0
Sculpteur de statues de Stone Spirits;Tailleur de pierre;0;0;0.0;A — activité attestée;SB161;"Contexte régional ; taille et fréquence locales proposées. Profil résidentiel rural/mixte ; jardins, cuisine, filage, corvées et milice saisonnière restent activités secondaires. chapitre régional ; profil territorial proposé Budget civil 14,00 % ; coefficient 0,000000 ; part de filière 0,000 %. Zéro proposé : Filière régionale non retenue dans ce scénario, sans interdiction universelle. Apprentissage, atelier, combustible et outils ; titre noble ne remplace pas qualification.";0;0;0
Maçon;Maçon;0.9603883624076028;1.4261781443534345;4561.844721436113;A — activité attestée;"MJ128; SB90";"Contexte régional ; taille et fréquence locales proposées. Profil résidentiel rural/mixte ; jardins, cuisine, filage, corvées et milice saisonnière restent activités secondaires. chapitre régional ; profil territorial proposé Budget civil 14,00 % ; coefficient 10,000000 ; part de filière 10,560 %. Apprentissage, atelier, combustible et outils ; titre noble ne remplace pas qualification.";0.05627792916855633;0.8811368856667301;0.02297354757231642
Plâtrier;Maçon;0.38415534496304116;0.5704712577413739;1824.7378885744454;A — activité attestée;"MJ128; SB90";"Contexte régional ; taille et fréquence locales proposées. Profil résidentiel rural/mixte ; jardins, cuisine, filage, corvées et milice saisonnière restent activités secondaires. chapitre régional ; profil territorial proposé Budget civil 14,00 % ; coefficient 4,000000 ; part de filière 4,224 %. Apprentissage, atelier, combustible et outils ; titre noble ne remplace pas qualification.";0.02251117166742254;0.35245475426669204;0.00918941902892657
Manœuvre de chantier;Maçon;0.3841553449630411;0.5704712577413737;1824.7378885744452;A — activité attestée;SB90;"Contexte régional ; taille et fréquence locales proposées. Profil résidentiel rural/mixte ; jardins, cuisine, filage, corvées et milice saisonnière restent activités secondaires. chapitre régional ; profil territorial proposé Budget civil 14,00 % ; coefficient 4,000000 ; part de filière 4,224 %. Apprentissage, atelier, combustible et outils ; titre noble ne remplace pas qualification.";0.011595323817870444;0.3630932291973569;0.009466791947813732
Architecte;Architecte;0;0;0.0;A — activité attestée;SB174;"Contexte régional ; taille et fréquence locales proposées. Profil résidentiel rural/mixte ; jardins, cuisine, filage, corvées et milice saisonnière restent activités secondaires. chapitre régional ; profil territorial proposé Budget civil 14,00 % ; coefficient 0,000000 ; part de filière 0,000 %. Zéro proposé : Artisanat de base et réparation locale ; atelier spécialisé absent du scénario rural ordinaire. Apprentissage, atelier, combustible et outils ; titre noble ne remplace pas qualification.";0;0;0
Géomètre et arpenteur;Architecte;0;0;0.0;A — activité attestée;MJ128;"Contexte régional ; taille et fréquence locales proposées. Profil résidentiel rural/mixte ; jardins, cuisine, filage, corvées et milice saisonnière restent activités secondaires. chapitre régional ; profil territorial proposé Budget civil 14,00 % ; coefficient 0,000000 ; part de filière 0,000 %. Zéro proposé : Artisanat de base et réparation locale ; atelier spécialisé absent du scénario rural ordinaire. Apprentissage, atelier, combustible et outils ; titre noble ne remplace pas qualification.";0;0;0
Potier;Potier;0.4801941812038014;0.7130890721767172;2280.9223607180566;A — activité attestée;"MJ128; SB200";"Contexte régional ; taille et fréquence locales proposées. Profil résidentiel rural/mixte ; jardins, cuisine, filage, corvées et milice saisonnière restent activités secondaires. chapitre régional ; profil territorial proposé Budget civil 14,00 % ; coefficient 5,000000 ; part de filière 5,280 %. Apprentissage, atelier, combustible et outils ; titre noble ne remplace pas qualification.";0.028138964584278166;0.44056844283336505;0.01148677378615821
Tuilier;Potier;0.19207767248152058;0.28523562887068693;912.3689442872227;A — activité attestée;"MJ128; SB200";"Contexte régional ; taille et fréquence locales proposées. Profil résidentiel rural/mixte ; jardins, cuisine, filage, corvées et milice saisonnière restent activités secondaires. chapitre régional ; profil territorial proposé Budget civil 14,00 % ; coefficient 2,000000 ; part de filière 2,112 %. Apprentissage, atelier, combustible et outils ; titre noble ne remplace pas qualification.";0.01125558583371127;0.17622737713334602;0.004594709514463285
Porcelainier;Potier;0.19207767248152058;0.28523562887068693;912.3689442872227;D — activité déduite;SB200;"Contexte régional ; taille et fréquence locales proposées. Profil résidentiel rural/mixte ; jardins, cuisine, filage, corvées et milice saisonnière restent activités secondaires. chapitre régional ; profil territorial proposé Budget civil 14,00 % ; coefficient 2,000000 ; part de filière 2,112 %. Apprentissage, atelier, combustible et outils ; titre noble ne remplace pas qualification.";0.01125558583371127;0.17622737713334602;0.004594709514463285
Souffleur de verre;Verrier;0;0;0.0;A — activité attestée;"MJ128; SB174";"Contexte régional ; taille et fréquence locales proposées. Profil résidentiel rural/mixte ; jardins, cuisine, filage, corvées et milice saisonnière restent activités secondaires. chapitre régional ; profil territorial proposé Budget civil 14,00 % ; coefficient 0,000000 ; part de filière 0,000 %. Zéro proposé : Artisanat de base et réparation locale ; atelier spécialisé absent du scénario rural ordinaire. Apprentissage, atelier, combustible et outils ; titre noble ne remplace pas qualification.";0;0;0
Vitrier;Verrier;0;0;0.0;A — activité attestée;"MJ128; SB174";"Contexte régional ; taille et fréquence locales proposées. Profil résidentiel rural/mixte ; jardins, cuisine, filage, corvées et milice saisonnière restent activités secondaires. chapitre régional ; profil territorial proposé Budget civil 14,00 % ; coefficient 0,000000 ; part de filière 0,000 %. Zéro proposé : Artisanat de base et réparation locale ; atelier spécialisé absent du scénario rural ordinaire. Apprentissage, atelier, combustible et outils ; titre noble ne remplace pas qualification.";0;0;0
Opticien et fabricant de lentilles;Verrier;0;0;0.0;D — activité déduite;SB174;"Contexte régional ; taille et fréquence locales proposées. Profil résidentiel rural/mixte ; jardins, cuisine, filage, corvées et milice saisonnière restent activités secondaires. chapitre régional ; profil territorial proposé Budget civil 14,00 % ; coefficient 0,000000 ; part de filière 0,000 %. Zéro proposé : Climat, matière ou culture hors filière régionale retenue ; aucun établissement exceptionnel proposé. Apprentissage, atelier, combustible et outils ; titre noble ne remplace pas qualification.";0;0;0
Papetier;Papetier et artisan du livre;0;0;0.0;A — activité attestée;SB138;"Contexte régional ; taille et fréquence locales proposées. Profil résidentiel rural/mixte ; jardins, cuisine, filage, corvées et milice saisonnière restent activités secondaires. chapitre régional ; profil territorial proposé Budget civil 14,00 % ; coefficient 0,000000 ; part de filière 0,000 %. Zéro proposé : Artisanat de base et réparation locale ; atelier spécialisé absent du scénario rural ordinaire. Apprentissage, atelier, combustible et outils ; titre noble ne remplace pas qualification.";0;0;0
Relieur;Papetier et artisan du livre;0;0;0.0;D — activité déduite;"SB138; MJ128";"Contexte régional ; taille et fréquence locales proposées. Profil résidentiel rural/mixte ; jardins, cuisine, filage, corvées et milice saisonnière restent activités secondaires. chapitre régional ; profil territorial proposé Budget civil 14,00 % ; coefficient 0,000000 ; part de filière 0,000 %. Zéro proposé : Artisanat de base et réparation locale ; atelier spécialisé absent du scénario rural ordinaire. Apprentissage, atelier, combustible et outils ; titre noble ne remplace pas qualification.";0;0;0
Chandelier;Chandelier;0.12004854530095035;0.1782722680441793;570.2305901795141;P — activité proposée;SB98;"Contexte régional ; taille et fréquence locales proposées. Profil résidentiel rural/mixte ; jardins, cuisine, filage, corvées et milice saisonnière restent activités secondaires. chapitre régional ; profil territorial proposé Budget civil 14,00 % ; coefficient 1,250000 ; part de filière 1,320 %. Apprentissage, atelier, combustible et outils ; titre noble ne remplace pas qualification.";0.007034741146069542;0.11014211070834126;0.0028716934465395525
Peintre;Peintre;0;0;0.0;A — activité attestée;"MJ128; SB190";"Contexte régional ; taille et fréquence locales proposées. Profil résidentiel rural/mixte ; jardins, cuisine, filage, corvées et milice saisonnière restent activités secondaires. chapitre régional ; profil territorial proposé Budget civil 14,00 % ; coefficient 0,000000 ; part de filière 0,000 %. Zéro proposé : Artisanat de base et réparation locale ; atelier spécialisé absent du scénario rural ordinaire. Apprentissage, atelier, combustible et outils ; titre noble ne remplace pas qualification.";0;0;0
Fabricant d’enseignes;Peintre;0;0;0.0;A — activité attestée;"MJ128; SB190";"Contexte régional ; taille et fréquence locales proposées. Profil résidentiel rural/mixte ; jardins, cuisine, filage, corvées et milice saisonnière restent activités secondaires. chapitre régional ; profil territorial proposé Budget civil 14,00 % ; coefficient 0,000000 ; part de filière 0,000 %. Zéro proposé : Artisanat de base et réparation locale ; atelier spécialisé absent du scénario rural ordinaire. Apprentissage, atelier, combustible et outils ; titre noble ne remplace pas qualification.";0;0;0
Enlumineur;Peintre;0;0;0.0;A — activité attestée;"MJ128; SB190";"Contexte régional ; taille et fréquence locales proposées. Profil résidentiel rural/mixte ; jardins, cuisine, filage, corvées et milice saisonnière restent activités secondaires. chapitre régional ; profil territorial proposé Budget civil 14,00 % ; coefficient 0,000000 ; part de filière 0,000 %. Zéro proposé : Artisanat de base et réparation locale ; atelier spécialisé absent du scénario rural ordinaire. Apprentissage, atelier, combustible et outils ; titre noble ne remplace pas qualification.";0;0;0
Peintre de guerre spirituel;Peintre;0;0;0.0;A — activité attestée;SB193;"Contexte régional ; taille et fréquence locales proposées. Profil résidentiel rural/mixte ; jardins, cuisine, filage, corvées et milice saisonnière restent activités secondaires. chapitre régional ; profil territorial proposé Initiation de la Red Mother ou apprentissage autorisé; recette complète non librement disponible Budget civil 14,00 % ; coefficient 0,000000 ; part de filière 0,000 %. Zéro proposé : Filière régionale non retenue dans ce scénario, sans interdiction universelle. Apprentissage, atelier, combustible et outils ; titre noble ne remplace pas qualification.";0;0;0
Tatoueur rituel;Peintre;0;0;0.0;D — activité déduite;"SB200; SB204";"Contexte régional ; taille et fréquence locales proposées. Profil résidentiel rural/mixte ; jardins, cuisine, filage, corvées et milice saisonnière restent activités secondaires. chapitre régional ; profil territorial proposé Budget civil 14,00 % ; coefficient 0,000000 ; part de filière 0,000 %. Zéro proposé : Filière régionale non retenue dans ce scénario, sans interdiction universelle. Apprentissage, atelier, combustible et outils ; titre noble ne remplace pas qualification.";0;0;0
Portefaix;Transporteur terrestre;0.4042167907555556;0.6002625345345346;1920.0297560888894;D — activité déduite;"MJ132; SB121";"Contexte régional ; taille et fréquence locales proposées. Profil résidentiel rural/mixte ; jardins, cuisine, filage, corvées et milice saisonnière restent activités secondaires. chapitre régional ; profil territorial proposé Budget civil 7,00 % ; coefficient 6,000000 ; part de filière 8,889 %. Réseau, itinéraires, confiance et capital ; manutention distincte de propriété du fret.";0.017942074995270202;0.3745559302387965;0.011718785521488867
Docker;Transporteur terrestre;0;0;0.0;D — activité déduite;"MJ132; SB121";"Contexte régional ; taille et fréquence locales proposées. Profil résidentiel rural/mixte ; jardins, cuisine, filage, corvées et milice saisonnière restent activités secondaires. chapitre régional ; profil territorial proposé Budget civil 7,00 % ; coefficient 0,000000 ; part de filière 0,000 %. Zéro proposé : Petit réseau rural de transport et commerce ; aucun bureau financier/courtage spécialisé ajouté. Réseau, itinéraires, confiance et capital ; manutention distincte de propriété du fret.";0;0;0
Magasinier;Transporteur terrestre;0;0;0.0;D — activité déduite;"MJ132; SB121";"Contexte régional ; taille et fréquence locales proposées. Profil résidentiel rural/mixte ; jardins, cuisine, filage, corvées et milice saisonnière restent activités secondaires. chapitre régional ; profil territorial proposé Budget civil 7,00 % ; coefficient 0,000000 ; part de filière 0,000 %. Zéro proposé : Petit réseau rural de transport et commerce ; aucun bureau financier/courtage spécialisé ajouté. Réseau, itinéraires, confiance et capital ; manutention distincte de propriété du fret.";0;0;0
Charretier et cocher;Transporteur terrestre;0.40421679075555556;0.6002625345345345;1920.029756088889;D — activité déduite;"MJ132; SB121";"Contexte régional ; taille et fréquence locales proposées. Profil résidentiel rural/mixte ; jardins, cuisine, filage, corvées et milice saisonnière restent activités secondaires. chapitre régional ; profil territorial proposé Budget civil 7,00 % ; coefficient 6,000000 ; part de filière 8,889 %. Réseau, itinéraires, confiance et capital ; manutention distincte de propriété du fret.";0.03435904614337443;0.3586370164471476;0.011220728165033526
Chef de caravane;Transporteur terrestre;0.40421679075555556;0.6002625345345345;1920.029756088889;A — activité attestée;MJ132;"Contexte régional ; taille et fréquence locales proposées. Profil résidentiel rural/mixte ; jardins, cuisine, filage, corvées et milice saisonnière restent activités secondaires. chapitre régional ; profil territorial proposé Budget civil 7,00 % ; coefficient 6,000000 ; part de filière 8,889 %. Réseau, itinéraires, confiance et capital ; manutention distincte de propriété du fret.";0.03435904614337443;0.3586370164471476;0.011220728165033526
Coursier et messager;Transporteur terrestre;0.40421679075555556;0.6002625345345345;1920.029756088889;D — activité déduite;"MJ132; SB121";"Contexte régional ; taille et fréquence locales proposées. Profil résidentiel rural/mixte ; jardins, cuisine, filage, corvées et milice saisonnière restent activités secondaires. chapitre régional ; profil territorial proposé Budget civil 7,00 % ; coefficient 6,000000 ; part de filière 8,889 %. Réseau, itinéraires, confiance et capital ; manutention distincte de propriété du fret.";0.03435904614337443;0.3586370164471476;0.011220728165033526
Porteur d’eau;Transporteur terrestre;0;0;0.0;P — activité proposée;"MJ132; SB121";"Contexte régional ; taille et fréquence locales proposées. Profil résidentiel rural/mixte ; jardins, cuisine, filage, corvées et milice saisonnière restent activités secondaires. chapitre régional ; profil territorial proposé Budget civil 7,00 % ; coefficient 0,000000 ; part de filière 0,000 %. Zéro proposé : Petit réseau rural de transport et commerce ; aucun bureau financier/courtage spécialisé ajouté. Réseau, itinéraires, confiance et capital ; manutention distincte de propriété du fret.";0;0;0
Transporteur de canopée;Transporteur terrestre;0;0;0.0;D — activité déduite;SB154;"Contexte régional ; taille et fréquence locales proposées. Profil résidentiel rural/mixte ; jardins, cuisine, filage, corvées et milice saisonnière restent activités secondaires. chapitre régional ; profil territorial proposé Budget civil 7,00 % ; coefficient 0,000000 ; part de filière 0,000 %. Zéro proposé : Filière régionale non retenue dans ce scénario, sans interdiction universelle. Réseau, itinéraires, confiance et capital ; manutention distincte de propriété du fret.";0;0;0
Opérateur de Stone Disks;Transporteur terrestre;0;0;0.0;A — activité attestée;PG13;"Contexte régional ; taille et fréquence locales proposées. Profil résidentiel rural/mixte ; jardins, cuisine, filage, corvées et milice saisonnière restent activités secondaires. chapitre régional ; profil territorial proposé Prêtre nain de Dorsi; Formation spécialisée Budget civil 7,00 % ; coefficient 0,000000 ; part de filière 0,000 %. Zéro proposé : Filière régionale non retenue dans ce scénario, sans interdiction universelle. Réseau, itinéraires, confiance et capital ; manutention distincte de propriété du fret.";0;0;0
Palefrenier et soigneur d’écurie;Transporteur terrestre;0.40421679075555556;0.6002625345345345;1920.029756088889;D — activité déduite;SB123;"Contexte régional ; taille et fréquence locales proposées. Profil résidentiel rural/mixte ; jardins, cuisine, filage, corvées et milice saisonnière restent activités secondaires. chapitre régional ; profil territorial proposé Budget civil 7,00 % ; coefficient 6,000000 ; part de filière 8,889 %. Réseau, itinéraires, confiance et capital ; manutention distincte de propriété du fret.";0.03435904614337443;0.3586370164471476;0.011220728165033526
Marin;Marin;0.16842366281481483;0.2501093893893894;800.0123983703705;A — activité attestée;MJ136;"Contexte régional ; taille et fréquence locales proposées. Profil résidentiel rural/mixte ; jardins, cuisine, filage, corvées et milice saisonnière restent activités secondaires. chapitre régional ; profil territorial proposé Budget civil 7,00 % ; coefficient 2,500000 ; part de filière 3,704 %. Réseau, itinéraires, confiance et capital ; manutention distincte de propriété du fret.";0.01431626922640601;0.1494320901863115;0.004675303402097304
Navigateur;Marin;0.06736946512592593;0.10004375575575575;320.00495934814813;A — activité attestée;MJ136;"Contexte régional ; taille et fréquence locales proposées. Profil résidentiel rural/mixte ; jardins, cuisine, filage, corvées et milice saisonnière restent activités secondaires. chapitre régional ; profil territorial proposé Budget civil 7,00 % ; coefficient 1,000000 ; part de filière 1,481 %. Réseau, itinéraires, confiance et capital ; manutention distincte de propriété du fret.";0.005726507690562406;0.0597728360745246;0.001870121360838921
Pilote de port;Marin;0;0;0.0;D — activité déduite;MJ136;"Contexte régional ; taille et fréquence locales proposées. Profil résidentiel rural/mixte ; jardins, cuisine, filage, corvées et milice saisonnière restent activités secondaires. chapitre régional ; profil territorial proposé Budget civil 7,00 % ; coefficient 0,000000 ; part de filière 0,000 %. Zéro proposé : Petit réseau rural de transport et commerce ; aucun bureau financier/courtage spécialisé ajouté. Réseau, itinéraires, confiance et capital ; manutention distincte de propriété du fret.";0;0;0
Capitaine de navire;Marin;0;0;0.0;A — activité attestée;MJ136;"Contexte régional ; taille et fréquence locales proposées. Profil résidentiel rural/mixte ; jardins, cuisine, filage, corvées et milice saisonnière restent activités secondaires. chapitre régional ; profil territorial proposé Budget civil 7,00 % ; coefficient 0,000000 ; part de filière 0,000 %. Zéro proposé : Petit réseau rural de transport et commerce ; aucun bureau financier/courtage spécialisé ajouté. Réseau, itinéraires, confiance et capital ; manutention distincte de propriété du fret.";0;0;0
Pilote de véhicule volant;Marin;0;0;0.0;D — activité déduite;"SB142; SB174";"Contexte régional ; taille et fréquence locales proposées. Profil résidentiel rural/mixte ; jardins, cuisine, filage, corvées et milice saisonnière restent activités secondaires. chapitre régional ; profil territorial proposé Budget civil 7,00 % ; coefficient 0,000000 ; part de filière 0,000 %. Zéro proposé : Climat, matière ou culture hors filière régionale retenue ; aucun établissement exceptionnel proposé. Réseau, itinéraires, confiance et capital ; manutention distincte de propriété du fret.";0;0;0
Aubergiste;Hôte professionnel;0.06276658241545893;0.0932084680954246;298.14126647342994;D — activité déduite;"SB110; SB123";"Contexte régional ; taille et fréquence locales proposées. Profil résidentiel rural/mixte ; jardins, cuisine, filage, corvées et milice saisonnière restent activités secondaires. chapitre régional ; profil territorial proposé Budget civil 2,00 % ; coefficient 3,000000 ; part de filière 4,831 %. Apprentissage et qualification variable ; soins avancés et thérapie magique exigent formation.";0.000388939373517838;0.06089577803551368;0.001481865006427408
Tavernier;Hôte professionnel;0.06276658241545893;0.0932084680954246;298.14126647342994;A — activité attestée;"SB108; SB149";"Contexte régional ; taille et fréquence locales proposées. Profil résidentiel rural/mixte ; jardins, cuisine, filage, corvées et milice saisonnière restent activités secondaires. chapitre régional ; profil territorial proposé Budget civil 2,00 % ; coefficient 3,000000 ; part de filière 4,831 %. Apprentissage et qualification variable ; soins avancés et thérapie magique exigent formation.";0.000388939373517838;0.06089577803551368;0.001481865006427408
Barbier;Barbier;0.15691645603864735;0.23302117023856153;745.3531661835749;P — activité proposée;"MJ135; PG40";"Contexte régional ; taille et fréquence locales proposées. Profil résidentiel rural/mixte ; jardins, cuisine, filage, corvées et milice saisonnière restent activités secondaires. chapitre régional ; profil territorial proposé Budget civil 2,00 % ; coefficient 7,500000 ; part de filière 12,077 %. Apprentissage et qualification variable ; soins avancés et thérapie magique exigent formation.";0.000972348433794595;0.15223944508878423;0.0037046625160685187
Domestique;Employé domestique et aide familiale;0.41844388276972616;0.6213897873028307;1987.6084431561994;A — activité attestée;"MJ135; PG40";"Contexte régional ; taille et fréquence locales proposées. Profil résidentiel rural/mixte ; jardins, cuisine, filage, corvées et milice saisonnière restent activités secondaires. chapitre régional ; profil territorial proposé Budget civil 2,00 % ; coefficient 20,000000 ; part de filière 32,206 %. Apprentissage et qualification variable ; soins avancés et thérapie magique exigent formation.";0.0025929291567855866;0.4059718535700912;0.009879100042849387
Gardien d’enfants;Employé domestique et aide familiale;0.20922194138486308;0.31069489365141534;993.8042215780997;A — activité attestée;PG40;"Contexte régional ; taille et fréquence locales proposées. Profil résidentiel rural/mixte ; jardins, cuisine, filage, corvées et milice saisonnière restent activités secondaires. chapitre régional ; profil territorial proposé Budget civil 2,00 % ; coefficient 10,000000 ; part de filière 16,103 %. Apprentissage et qualification variable ; soins avancés et thérapie magique exigent formation.";0.0012964645783927933;0.2029859267850456;0.004939550021424694
Terrassier d’hygiène urbaine;Agent d’entretien;0.04184438827697263;0.062138978730283075;198.76084431561998;P — activité proposée;SB90;"Contexte régional ; taille et fréquence locales proposées. Profil résidentiel rural/mixte ; jardins, cuisine, filage, corvées et milice saisonnière restent activités secondaires. chapitre régional ; profil territorial proposé Budget civil 2,00 % ; coefficient 2,000000 ; part de filière 3,221 %. Apprentissage et qualification variable ; soins avancés et thérapie magique exigent formation.";0.00013004938983159872;0.04072335852865673;0.0009909803584842976
Ramoneur;Agent d’entretien;0.04184438827697262;0.062138978730283075;198.76084431561995;P — activité proposée;SB90;"Contexte régional ; taille et fréquence locales proposées. Profil résidentiel rural/mixte ; jardins, cuisine, filage, corvées et milice saisonnière restent activités secondaires. chapitre régional ; profil territorial proposé Budget civil 2,00 % ; coefficient 2,000000 ; part de filière 3,221 %. Apprentissage et qualification variable ; soins avancés et thérapie magique exigent formation.";0.00025929291567855864;0.040597185357009125;0.0009879100042849383
Fossoyeur;Agent funéraire;0.03765994944927535;0.055925080857254755;178.88475988405793;A — activité attestée;"MJ135; SB99; SB182";"Contexte régional ; taille et fréquence locales proposées. Profil résidentiel rural/mixte ; jardins, cuisine, filage, corvées et milice saisonnière restent activités secondaires. chapitre régional ; profil territorial proposé Budget civil 2,00 % ; coefficient 1,800000 ; part de filière 2,899 %. Apprentissage et qualification variable ; soins avancés et thérapie magique exigent formation.";0.0002333636241107029;0.03653746682130821;0.0008891190038564451
Gardien de cimetière;Agent funéraire;0.03765994944927535;0.055925080857254755;178.88475988405793;A — activité attestée;"MJ135; SB99; SB182";"Contexte régional ; taille et fréquence locales proposées. Profil résidentiel rural/mixte ; jardins, cuisine, filage, corvées et milice saisonnière restent activités secondaires. chapitre régional ; profil territorial proposé Budget civil 2,00 % ; coefficient 1,800000 ; part de filière 2,899 %. Apprentissage et qualification variable ; soins avancés et thérapie magique exigent formation.";0.0002333636241107029;0.03653746682130821;0.0008891190038564451
Momificateur;Agent funéraire;0.03765994944927535;0.055925080857254755;178.88475988405793;A — activité attestée;SB182;"Contexte régional ; taille et fréquence locales proposées. Profil résidentiel rural/mixte ; jardins, cuisine, filage, corvées et milice saisonnière restent activités secondaires. chapitre régional ; profil territorial proposé Budget civil 2,00 % ; coefficient 1,800000 ; part de filière 2,899 %. Apprentissage et qualification variable ; soins avancés et thérapie magique exigent formation.";0.0002333636241107029;0.03653746682130821;0.0008891190038564451
Gardien d’arbres funéraires;Agent funéraire;0;0;0.0;D — activité déduite;SB155;"Contexte régional ; taille et fréquence locales proposées. Profil résidentiel rural/mixte ; jardins, cuisine, filage, corvées et milice saisonnière restent activités secondaires. chapitre régional ; profil territorial proposé Budget civil 2,00 % ; coefficient 0,000000 ; part de filière 0,000 %. Zéro proposé : Filière régionale non retenue dans ce scénario, sans interdiction universelle. Apprentissage et qualification variable ; soins avancés et thérapie magique exigent formation.";0;0;0
Marchand;Marchand;1.5158129653333332;2.2509845045045043;7200.111585333332;A — activité attestée;"MJ128; SB139";"Contexte régional ; taille et fréquence locales proposées. Profil résidentiel rural/mixte ; jardins, cuisine, filage, corvées et milice saisonnière restent activités secondaires. chapitre régional ; profil territorial proposé Budget civil 7,00 % ; coefficient 22,500000 ; part de filière 33,333 %. Réseau, itinéraires, confiance et capital ; manutention distincte de propriété du fret.";0.12884642303765415;1.3448888116768034;0.04207773061887573
Colporteur;Marchand;0.6063251861333334;0.9003938018018018;2880.0446341333336;A — activité attestée;SB121;"Contexte régional ; taille et fréquence locales proposées. Profil résidentiel rural/mixte ; jardins, cuisine, filage, corvées et milice saisonnière restent activités secondaires. chapitre régional ; profil territorial proposé Budget civil 7,00 % ; coefficient 9,000000 ; part de filière 13,333 %. Réseau, itinéraires, confiance et capital ; manutention distincte de propriété du fret.";0.051538569215061655;0.5379555246707215;0.016831092247550295
Courtier;Marchand;0;0;0.0;A — activité attestée;SB149;"Contexte régional ; taille et fréquence locales proposées. Profil résidentiel rural/mixte ; jardins, cuisine, filage, corvées et milice saisonnière restent activités secondaires. chapitre régional ; profil territorial proposé Budget civil 7,00 % ; coefficient 0,000000 ; part de filière 0,000 %. Zéro proposé : Petit réseau rural de transport et commerce ; aucun bureau financier/courtage spécialisé ajouté. Réseau, itinéraires, confiance et capital ; manutention distincte de propriété du fret.";0;0;0
Commissaire-priseur d’objets magiques;Marchand;0;0;0.0;A — activité attestée;SB139;"Contexte régional ; taille et fréquence locales proposées. Profil résidentiel rural/mixte ; jardins, cuisine, filage, corvées et milice saisonnière restent activités secondaires. chapitre régional ; profil territorial proposé Budget civil 7,00 % ; coefficient 0,000000 ; part de filière 0,000 %. Zéro proposé : Filière régionale non retenue dans ce scénario, sans interdiction universelle. Réseau, itinéraires, confiance et capital ; manutention distincte de propriété du fret.";0;0;0
Comptable;Professionnel de finance;0.16842366281481483;0.2501093893893894;800.0123983703705;D — activité déduite;"SB212; SB213";"Contexte régional ; taille et fréquence locales proposées. Profil résidentiel rural/mixte ; jardins, cuisine, filage, corvées et milice saisonnière restent activités secondaires. chapitre régional ; profil territorial proposé Budget civil 7,00 % ; coefficient 2,500000 ; part de filière 3,704 %. Réseau, itinéraires, confiance et capital ; manutention distincte de propriété du fret.";0.01431626922640601;0.1494320901863115;0.004675303402097304
Banquier et employé de banque;Professionnel de finance;0;0;0.0;A — activité attestée;"SB212; SB213";"Contexte régional ; taille et fréquence locales proposées. Profil résidentiel rural/mixte ; jardins, cuisine, filage, corvées et milice saisonnière restent activités secondaires. chapitre régional ; profil territorial proposé Budget civil 7,00 % ; coefficient 0,000000 ; part de filière 0,000 %. Zéro proposé : Petit réseau rural de transport et commerce ; aucun bureau financier/courtage spécialisé ajouté. Réseau, itinéraires, confiance et capital ; manutention distincte de propriété du fret.";0;0;0
Usurier et prêteur sur gages;Professionnel de finance;0;0;0.0;D — activité déduite;"SB212; SB213";"Contexte régional ; taille et fréquence locales proposées. Profil résidentiel rural/mixte ; jardins, cuisine, filage, corvées et milice saisonnière restent activités secondaires. chapitre régional ; profil territorial proposé Budget civil 7,00 % ; coefficient 0,000000 ; part de filière 0,000 %. Zéro proposé : Petit réseau rural de transport et commerce ; aucun bureau financier/courtage spécialisé ajouté. Réseau, itinéraires, confiance et capital ; manutention distincte de propriété du fret.";0;0;0
Changeur;Professionnel de finance;0;0;0.0;D — activité déduite;"SB212; SB213";"Contexte régional ; taille et fréquence locales proposées. Profil résidentiel rural/mixte ; jardins, cuisine, filage, corvées et milice saisonnière restent activités secondaires. chapitre régional ; profil territorial proposé Budget civil 7,00 % ; coefficient 0,000000 ; part de filière 0,000 %. Zéro proposé : Petit réseau rural de transport et commerce ; aucun bureau financier/courtage spécialisé ajouté. Réseau, itinéraires, confiance et capital ; manutention distincte de propriété du fret.";0;0;0
Assureur;Professionnel de finance;0;0;0.0;D — activité déduite;"SB212; SB213";"Contexte régional ; taille et fréquence locales proposées. Profil résidentiel rural/mixte ; jardins, cuisine, filage, corvées et milice saisonnière restent activités secondaires. chapitre régional ; profil territorial proposé Budget civil 7,00 % ; coefficient 0,000000 ; part de filière 0,000 %. Zéro proposé : Petit réseau rural de transport et commerce ; aucun bureau financier/courtage spécialisé ajouté. Réseau, itinéraires, confiance et capital ; manutention distincte de propriété du fret.";0;0;0
Estimateur;Professionnel de finance;0;0;0.0;A — activité attestée;"SB212; SB213";"Contexte régional ; taille et fréquence locales proposées. Profil résidentiel rural/mixte ; jardins, cuisine, filage, corvées et milice saisonnière restent activités secondaires. chapitre régional ; profil territorial proposé Budget civil 7,00 % ; coefficient 0,000000 ; part de filière 0,000 %. Zéro proposé : Petit réseau rural de transport et commerce ; aucun bureau financier/courtage spécialisé ajouté. Réseau, itinéraires, confiance et capital ; manutention distincte de propriété du fret.";0;0;0
Négociateur;Professionnel de finance;0;0;0.0;A — activité attestée;"SB212; SB213";"Contexte régional ; taille et fréquence locales proposées. Profil résidentiel rural/mixte ; jardins, cuisine, filage, corvées et milice saisonnière restent activités secondaires. chapitre régional ; profil territorial proposé Budget civil 7,00 % ; coefficient 0,000000 ; part de filière 0,000 %. Zéro proposé : Petit réseau rural de transport et commerce ; aucun bureau financier/courtage spécialisé ajouté. Réseau, itinéraires, confiance et capital ; manutention distincte de propriété du fret.";0;0;0
Scribe;Scribe et auteur;0.10339004689655171;0.15353437317575247;491.1027227586206;A — activité attestée;"MJ128; SB32";"Contexte régional ; taille et fréquence locales proposées. Profil résidentiel rural/mixte ; jardins, cuisine, filage, corvées et milice saisonnière restent activités secondaires. chapitre régional ; profil territorial proposé Budget civil 3,00 % ; coefficient 2,000000 ; part de filière 5,305 %. Instruction, autorisation ou initiation ; clergé, caste et office ne rendent pas noble.";0.009003530357843244;0.0939781404743938;0.00040837606431465745
Calligraphe;Scribe et auteur;0;0;0.0;A — activité attestée;"MJ128; SB32";"Contexte régional ; taille et fréquence locales proposées. Profil résidentiel rural/mixte ; jardins, cuisine, filage, corvées et milice saisonnière restent activités secondaires. chapitre régional ; profil territorial proposé Budget civil 3,00 % ; coefficient 0,000000 ; part de filière 0,000 %. Zéro proposé : Fonction spécialisée concentrée dans les villes/institutions ; instruction et rites ruraux courants conservés. Instruction, autorisation ou initiation ; clergé, caste et office ne rendent pas noble.";0;0;0
Écrivain;Scribe et auteur;0;0;0.0;A — activité attestée;"MJ128; SB32";"Contexte régional ; taille et fréquence locales proposées. Profil résidentiel rural/mixte ; jardins, cuisine, filage, corvées et milice saisonnière restent activités secondaires. chapitre régional ; profil territorial proposé Budget civil 1,00 % ; coefficient 0,000000 ; part de filière 0,000 %. Zéro proposé : Spécialité avancée non installée dans le profil rural ordinaire : apprentissage, matériel et clientèle insuffisamment établis. Long apprentissage, frais, bourses, talent, licence ou secret ; titre ne donne pas maîtrise.";0;0;0
Journaliste et rédacteur;Scribe et auteur;0;0;0.0;A — activité attestée;CC9;"Contexte régional ; taille et fréquence locales proposées. Profil résidentiel rural/mixte ; jardins, cuisine, filage, corvées et milice saisonnière restent activités secondaires. chapitre régional ; profil territorial proposé Budget civil 1,00 % ; coefficient 0,000000 ; part de filière 0,000 %. Zéro proposé : Spécialité avancée non installée dans le profil rural ordinaire : apprentissage, matériel et clientèle insuffisamment établis. Long apprentissage, frais, bourses, talent, licence ou secret ; titre ne donne pas maîtrise.";0;0;0
Traducteur;Scribe et auteur;0;0;0.0;D — activité déduite;SB198;"Contexte régional ; taille et fréquence locales proposées. Profil résidentiel rural/mixte ; jardins, cuisine, filage, corvées et milice saisonnière restent activités secondaires. chapitre régional ; profil territorial proposé Budget civil 3,00 % ; coefficient 0,000000 ; part de filière 0,000 %. Zéro proposé : Fonction spécialisée concentrée dans les villes/institutions ; instruction et rites ruraux courants conservés. Instruction, autorisation ou initiation ; clergé, caste et office ne rendent pas noble.";0;0;0
Bibliothécaire;Érudit;0;0;0.0;A — activité attestée;MJ138;"Contexte régional ; taille et fréquence locales proposées. Profil résidentiel rural/mixte ; jardins, cuisine, filage, corvées et milice saisonnière restent activités secondaires. chapitre régional ; profil territorial proposé Budget civil 3,00 % ; coefficient 0,000000 ; part de filière 0,000 %. Zéro proposé : Fonction spécialisée concentrée dans les villes/institutions ; instruction et rites ruraux courants conservés. Instruction, autorisation ou initiation ; clergé, caste et office ne rendent pas noble.";0;0;0
Conservateur de musée;Érudit;0;0;0.0;A — activité attestée;PG48;"Contexte régional ; taille et fréquence locales proposées. Profil résidentiel rural/mixte ; jardins, cuisine, filage, corvées et milice saisonnière restent activités secondaires. chapitre régional ; profil territorial proposé Budget civil 3,00 % ; coefficient 0,000000 ; part de filière 0,000 %. Zéro proposé : Fonction spécialisée concentrée dans les villes/institutions ; instruction et rites ruraux courants conservés. Instruction, autorisation ou initiation ; clergé, caste et office ne rendent pas noble.";0;0;0
Historien;Érudit;0;0;0.0;A — activité attestée;PG46;"Contexte régional ; taille et fréquence locales proposées. Profil résidentiel rural/mixte ; jardins, cuisine, filage, corvées et milice saisonnière restent activités secondaires. chapitre régional ; profil territorial proposé Budget civil 1,00 % ; coefficient 0,000000 ; part de filière 0,000 %. Zéro proposé : Spécialité avancée non installée dans le profil rural ordinaire : apprentissage, matériel et clientèle insuffisamment établis. Long apprentissage, frais, bourses, talent, licence ou secret ; titre ne donne pas maîtrise.";0;0;0
Astronome;Érudit;0;0;0.0;A — activité attestée;MJ138;"Contexte régional ; taille et fréquence locales proposées. Profil résidentiel rural/mixte ; jardins, cuisine, filage, corvées et milice saisonnière restent activités secondaires. chapitre régional ; profil territorial proposé Budget civil 1,00 % ; coefficient 0,000000 ; part de filière 0,000 %. Zéro proposé : Spécialité avancée non installée dans le profil rural ordinaire : apprentissage, matériel et clientèle insuffisamment établis. Long apprentissage, frais, bourses, talent, licence ou secret ; titre ne donne pas maîtrise.";0;0;0
Chercheur non arcanique;Érudit;0;0;0.0;A — activité attestée;"MJ138; PG46";"Contexte régional ; taille et fréquence locales proposées. Profil résidentiel rural/mixte ; jardins, cuisine, filage, corvées et milice saisonnière restent activités secondaires. chapitre régional ; profil territorial proposé Budget civil 1,00 % ; coefficient 0,000000 ; part de filière 0,000 %. Zéro proposé : Spécialité avancée non installée dans le profil rural ordinaire : apprentissage, matériel et clientèle insuffisamment établis. Long apprentissage, frais, bourses, talent, licence ou secret ; titre ne donne pas maîtrise.";0;0;0
Mathématicien;Érudit;0;0;0.0;A — activité attestée;SB174;"Contexte régional ; taille et fréquence locales proposées. Profil résidentiel rural/mixte ; jardins, cuisine, filage, corvées et milice saisonnière restent activités secondaires. chapitre régional ; profil territorial proposé Budget civil 1,00 % ; coefficient 0,000000 ; part de filière 0,000 %. Zéro proposé : Spécialité avancée non installée dans le profil rural ordinaire : apprentissage, matériel et clientèle insuffisamment établis. Long apprentissage, frais, bourses, talent, licence ou secret ; titre ne donne pas maîtrise.";0;0;0
Philosophe;Érudit;0;0;0.0;A — activité attestée;SB178;"Contexte régional ; taille et fréquence locales proposées. Profil résidentiel rural/mixte ; jardins, cuisine, filage, corvées et milice saisonnière restent activités secondaires. chapitre régional ; profil territorial proposé Budget civil 1,00 % ; coefficient 0,000000 ; part de filière 0,000 %. Zéro proposé : Spécialité avancée non installée dans le profil rural ordinaire : apprentissage, matériel et clientèle insuffisamment établis. Long apprentissage, frais, bourses, talent, licence ou secret ; titre ne donne pas maîtrise.";0;0;0
Archéologue;Érudit;0;0;0.0;D — activité déduite;PG48;"Contexte régional ; taille et fréquence locales proposées. Profil résidentiel rural/mixte ; jardins, cuisine, filage, corvées et milice saisonnière restent activités secondaires. chapitre régional ; profil territorial proposé Budget civil 1,00 % ; coefficient 0,000000 ; part de filière 0,000 %. Zéro proposé : Spécialité avancée non installée dans le profil rural ordinaire : apprentissage, matériel et clientèle insuffisamment établis. Long apprentissage, frais, bourses, talent, licence ou secret ; titre ne donne pas maîtrise.";0;0;0
Professeur;Enseignant;0.08788153986206895;0.1305042171993896;417.43731434482754;A — activité attestée;"MJ138; SB141";"Contexte régional ; taille et fréquence locales proposées. Profil résidentiel rural/mixte ; jardins, cuisine, filage, corvées et milice saisonnière restent activités secondaires. chapitre régional ; profil territorial proposé Budget civil 3,00 % ; coefficient 1,700000 ; part de filière 4,509 %. Instruction, autorisation ou initiation ; clergé, caste et office ne rendent pas noble.";0.007653000804166764;0.07988141940323473;0.0003471196546674589
Enseignant de magie arcanique;Enseignant;0;0;0.0;A — activité attestée;SB141;"Contexte régional ; taille et fréquence locales proposées. Profil résidentiel rural/mixte ; jardins, cuisine, filage, corvées et milice saisonnière restent activités secondaires. chapitre régional ; profil territorial proposé Budget civil 1,00 % ; coefficient 0,000000 ; part de filière 0,000 %. Zéro proposé : Spécialité avancée non installée dans le profil rural ordinaire : apprentissage, matériel et clientèle insuffisamment établis. Long apprentissage, frais, bourses, talent, licence ou secret ; titre ne donne pas maîtrise.";0;0;0
Instructeur martial;Enseignant;0;0;0.0;A — activité attestée;SB94;"Contexte régional ; taille et fréquence locales proposées. Profil résidentiel rural/mixte ; jardins, cuisine, filage, corvées et milice saisonnière restent activités secondaires. chapitre régional ; profil territorial proposé Budget civil 3,00 % ; coefficient 0,000000 ; part de filière 0,000 %. Zéro proposé : Technique de site, institution, secret ou habilitation concentrée dans les implantations autorisées du scénario. Instruction, autorisation ou initiation ; clergé, caste et office ne rendent pas noble.";0;0;0
Formateur de tir à l’arc;Enseignant;0;0;0.0;A — activité attestée;SB155;"Contexte régional ; taille et fréquence locales proposées. Profil résidentiel rural/mixte ; jardins, cuisine, filage, corvées et milice saisonnière restent activités secondaires. chapitre régional ; profil territorial proposé Budget civil 3,00 % ; coefficient 0,000000 ; part de filière 0,000 %. Zéro proposé : Technique de site, institution, secret ou habilitation concentrée dans les implantations autorisées du scénario. Instruction, autorisation ou initiation ; clergé, caste et office ne rendent pas noble.";0;0;0
Ingénieur;Ingénieur;0;0;0.0;A — activité attestée;SB174;"Contexte régional ; taille et fréquence locales proposées. Profil résidentiel rural/mixte ; jardins, cuisine, filage, corvées et milice saisonnière restent activités secondaires. chapitre régional ; profil territorial proposé Budget civil 1,00 % ; coefficient 0,000000 ; part de filière 0,000 %. Zéro proposé : Spécialité avancée non installée dans le profil rural ordinaire : apprentissage, matériel et clientèle insuffisamment établis. Long apprentissage, frais, bourses, talent, licence ou secret ; titre ne donne pas maîtrise.";0;0;0
Inventeur;Ingénieur;0;0;0.0;A — activité attestée;SB178;"Contexte régional ; taille et fréquence locales proposées. Profil résidentiel rural/mixte ; jardins, cuisine, filage, corvées et milice saisonnière restent activités secondaires. chapitre régional ; profil territorial proposé Budget civil 1,00 % ; coefficient 0,000000 ; part de filière 0,000 %. Zéro proposé : Spécialité avancée non installée dans le profil rural ordinaire : apprentissage, matériel et clientèle insuffisamment établis. Long apprentissage, frais, bourses, talent, licence ou secret ; titre ne donne pas maîtrise.";0;0;0
Ingénieur mystique;Ingénieur;0;0;0.0;A — activité attestée;SB174;"Contexte régional ; taille et fréquence locales proposées. Profil résidentiel rural/mixte ; jardins, cuisine, filage, corvées et milice saisonnière restent activités secondaires. chapitre régional ; profil territorial proposé Budget civil 1,00 % ; coefficient 0,000000 ; part de filière 0,000 %. Zéro proposé : Spécialité avancée non installée dans le profil rural ordinaire : apprentissage, matériel et clientèle insuffisamment établis. Long apprentissage, frais, bourses, talent, licence ou secret ; titre ne donne pas maîtrise.";0;0;0
Créateur et mainteneur de golems;Ingénieur;0;0;0.0;D — activité déduite;SB174;"Contexte régional ; taille et fréquence locales proposées. Profil résidentiel rural/mixte ; jardins, cuisine, filage, corvées et milice saisonnière restent activités secondaires. chapitre régional ; profil territorial proposé Budget civil 1,00 % ; coefficient 0,000000 ; part de filière 0,000 %. Zéro proposé : Spécialité avancée non installée dans le profil rural ordinaire : apprentissage, matériel et clientèle insuffisamment établis. Long apprentissage, frais, bourses, talent, licence ou secret ; titre ne donne pas maîtrise.";0;0;0
Chercheur en golems;Ingénieur;0;0;0.0;A — activité attestée;SB178;"Contexte régional ; taille et fréquence locales proposées. Profil résidentiel rural/mixte ; jardins, cuisine, filage, corvées et milice saisonnière restent activités secondaires. chapitre régional ; profil territorial proposé Budget civil 1,00 % ; coefficient 0,000000 ; part de filière 0,000 %. Zéro proposé : Spécialité avancée non installée dans le profil rural ordinaire : apprentissage, matériel et clientèle insuffisamment établis. Long apprentissage, frais, bourses, talent, licence ou secret ; titre ne donne pas maîtrise.";0;0;0
Ingénieur de réacteurs de bauronite;Ingénieur;0;0;0.0;D — activité déduite;SB174;"Contexte régional ; taille et fréquence locales proposées. Profil résidentiel rural/mixte ; jardins, cuisine, filage, corvées et milice saisonnière restent activités secondaires. chapitre régional ; profil territorial proposé Accès aux secrets des réacteurs; savoir détenu par un petit nombre Budget civil 1,00 % ; coefficient 0,000000 ; part de filière 0,000 %. Zéro proposé : Filière régionale non retenue dans ce scénario, sans interdiction universelle. Long apprentissage, frais, bourses, talent, licence ou secret ; titre ne donne pas maîtrise.";0;0;0
Technicien de communication runique;Ingénieur;0;0;0.0;D — activité déduite;SB174;"Contexte régional ; taille et fréquence locales proposées. Profil résidentiel rural/mixte ; jardins, cuisine, filage, corvées et milice saisonnière restent activités secondaires. chapitre régional ; profil territorial proposé Budget civil 1,00 % ; coefficient 0,000000 ; part de filière 0,000 %. Zéro proposé : Filière régionale non retenue dans ce scénario, sans interdiction universelle. Long apprentissage, frais, bourses, talent, licence ou secret ; titre ne donne pas maîtrise.";0;0;0
Chercheur en magie;Praticien des services arcaniques;0;0;0.0;A — activité attestée;"SB138; SB139";"Contexte régional ; taille et fréquence locales proposées. Profil résidentiel rural/mixte ; jardins, cuisine, filage, corvées et milice saisonnière restent activités secondaires. chapitre régional ; profil territorial proposé Budget civil 1,00 % ; coefficient 0,000000 ; part de filière 0,000 %. Zéro proposé : Spécialité avancée non installée dans le profil rural ordinaire : apprentissage, matériel et clientèle insuffisamment établis. Long apprentissage, frais, bourses, talent, licence ou secret ; titre ne donne pas maîtrise.";0;0;0
Fabricant d’objets magiques;Praticien des services arcaniques;0;0;0.0;A — activité attestée;SB138;"Contexte régional ; taille et fréquence locales proposées. Profil résidentiel rural/mixte ; jardins, cuisine, filage, corvées et milice saisonnière restent activités secondaires. chapitre régional ; profil territorial proposé Budget civil 1,00 % ; coefficient 0,000000 ; part de filière 0,000 %. Zéro proposé : Spécialité avancée non installée dans le profil rural ordinaire : apprentissage, matériel et clientèle insuffisamment établis. Long apprentissage, frais, bourses, talent, licence ou secret ; titre ne donne pas maîtrise.";0;0;0
Fabricant de parchemins magiques;Praticien des services arcaniques;0;0;0.0;A — activité attestée;SB138;"Contexte régional ; taille et fréquence locales proposées. Profil résidentiel rural/mixte ; jardins, cuisine, filage, corvées et milice saisonnière restent activités secondaires. chapitre régional ; profil territorial proposé Budget civil 1,00 % ; coefficient 0,000000 ; part de filière 0,000 %. Zéro proposé : Spécialité avancée non installée dans le profil rural ordinaire : apprentissage, matériel et clientèle insuffisamment établis. Long apprentissage, frais, bourses, talent, licence ou secret ; titre ne donne pas maîtrise.";0;0;0
Nécromancien de service;Praticien des services arcaniques;0;0;0.0;D — activité déduite;"SB108; SB170";"Contexte régional ; taille et fréquence locales proposées. Profil résidentiel rural/mixte ; jardins, cuisine, filage, corvées et milice saisonnière restent activités secondaires. chapitre régional ; profil territorial proposé Budget civil 1,00 % ; coefficient 0,000000 ; part de filière 0,000 %. Zéro proposé : Spécialité avancée non installée dans le profil rural ordinaire : apprentissage, matériel et clientèle insuffisamment établis. Long apprentissage, frais, bourses, talent, licence ou secret ; titre ne donne pas maîtrise.";0;0;0
Illusionniste de service;Praticien des services arcaniques;0;0;0.0;D — activité déduite;"SB107; SB142";"Contexte régional ; taille et fréquence locales proposées. Profil résidentiel rural/mixte ; jardins, cuisine, filage, corvées et milice saisonnière restent activités secondaires. chapitre régional ; profil territorial proposé Budget civil 1,00 % ; coefficient 0,000000 ; part de filière 0,000 %. Zéro proposé : Spécialité avancée non installée dans le profil rural ordinaire : apprentissage, matériel et clientèle insuffisamment établis. Long apprentissage, frais, bourses, talent, licence ou secret ; titre ne donne pas maîtrise.";0;0;0
Chercheur en aethermancy;Praticien des services arcaniques;0;0;0.0;A — activité attestée;SB140;"Contexte régional ; taille et fréquence locales proposées. Profil résidentiel rural/mixte ; jardins, cuisine, filage, corvées et milice saisonnière restent activités secondaires. chapitre régional ; profil territorial proposé Budget civil 1,00 % ; coefficient 0,000000 ; part de filière 0,000 %. Zéro proposé : Filière régionale non retenue dans ce scénario, sans interdiction universelle. Long apprentissage, frais, bourses, talent, licence ou secret ; titre ne donne pas maîtrise.";0;0;0
Chercheur en biomancy;Praticien des services arcaniques;0;0;0.0;A — activité attestée;SB140;"Contexte régional ; taille et fréquence locales proposées. Profil résidentiel rural/mixte ; jardins, cuisine, filage, corvées et milice saisonnière restent activités secondaires. chapitre régional ; profil territorial proposé Budget civil 1,00 % ; coefficient 0,000000 ; part de filière 0,000 %. Zéro proposé : Filière régionale non retenue dans ce scénario, sans interdiction universelle. Long apprentissage, frais, bourses, talent, licence ou secret ; titre ne donne pas maîtrise.";0;0;0
Désenchanteur et récupérateur arcanique;Praticien des services arcaniques;0;0;0.0;A — activité attestée;SB139;"Contexte régional ; taille et fréquence locales proposées. Profil résidentiel rural/mixte ; jardins, cuisine, filage, corvées et milice saisonnière restent activités secondaires. chapitre régional ; profil territorial proposé Budget civil 1,00 % ; coefficient 0,000000 ; part de filière 0,000 %. Zéro proposé : Filière régionale non retenue dans ce scénario, sans interdiction universelle. Long apprentissage, frais, bourses, talent, licence ou secret ; titre ne donne pas maîtrise.";0;0;0
Extracteur de mémoire;Praticien des services arcaniques;0;0;0.0;A — activité attestée;SB140;"Contexte régional ; taille et fréquence locales proposées. Profil résidentiel rural/mixte ; jardins, cuisine, filage, corvées et milice saisonnière restent activités secondaires. chapitre régional ; profil territorial proposé Budget civil 1,00 % ; coefficient 0,000000 ; part de filière 0,000 %. Zéro proposé : Filière régionale non retenue dans ce scénario, sans interdiction universelle. Long apprentissage, frais, bourses, talent, licence ou secret ; titre ne donne pas maîtrise.";0;0;0
Certificateur et inspecteur arcanique;Praticien des services arcaniques;0;0;0.0;A — activité attestée;SB139;"Contexte régional ; taille et fréquence locales proposées. Profil résidentiel rural/mixte ; jardins, cuisine, filage, corvées et milice saisonnière restent activités secondaires. chapitre régional ; profil territorial proposé Budget civil 1,00 % ; coefficient 0,000000 ; part de filière 0,000 %. Zéro proposé : Filière régionale non retenue dans ce scénario, sans interdiction universelle. Long apprentissage, frais, bourses, talent, licence ou secret ; titre ne donne pas maîtrise.";0;0;0
Opérateur de transport magique;Praticien des services arcaniques;0;0;0.0;D — activité déduite;SB142;"Contexte régional ; taille et fréquence locales proposées. Profil résidentiel rural/mixte ; jardins, cuisine, filage, corvées et milice saisonnière restent activités secondaires. chapitre régional ; profil territorial proposé Budget civil 1,00 % ; coefficient 0,000000 ; part de filière 0,000 %. Zéro proposé : Spécialité avancée non installée dans le profil rural ordinaire : apprentissage, matériel et clientèle insuffisamment établis. Long apprentissage, frais, bourses, talent, licence ou secret ; titre ne donne pas maîtrise.";0;0;0
Restaurateur de runes de tunnels;Praticien des services arcaniques;0;0;0.0;A — activité attestée;SB161;"Contexte régional ; taille et fréquence locales proposées. Profil résidentiel rural/mixte ; jardins, cuisine, filage, corvées et milice saisonnière restent activités secondaires. chapitre régional ; profil territorial proposé Budget civil 1,00 % ; coefficient 0,000000 ; part de filière 0,000 %. Zéro proposé : Filière régionale non retenue dans ce scénario, sans interdiction universelle. Long apprentissage, frais, bourses, talent, licence ou secret ; titre ne donne pas maîtrise.";0;0;0
Artificier psychique;Praticien des services arcaniques;0;0;0.0;A — activité attestée;PG8;"Contexte régional ; taille et fréquence locales proposées. Profil résidentiel rural/mixte ; jardins, cuisine, filage, corvées et milice saisonnière restent activités secondaires. chapitre régional ; profil territorial proposé Budget civil 1,00 % ; coefficient 0,000000 ; part de filière 0,000 %. Zéro proposé : Filière régionale non retenue dans ce scénario, sans interdiction universelle. Long apprentissage, frais, bourses, talent, licence ou secret ; titre ne donne pas maîtrise.";0;0;0
Guérisseur;Soigneur;0.03556773003542673;0.05281813192074061;168.946717668277;A — activité attestée;"MJ141; PG36";"Contexte régional ; taille et fréquence locales proposées. Profil résidentiel rural/mixte ; jardins, cuisine, filage, corvées et milice saisonnière restent activités secondaires. chapitre régional ; profil territorial proposé Budget civil 2,00 % ; coefficient 1,700000 ; part de filière 2,738 %. Apprentissage et qualification variable ; soins avancés et thérapie magique exigent formation.";0.00022039897832677488;0.034507607553457754;0.0008397235036421982
Chirurgien;Soigneur;0;0;0.0;P — activité proposée;"MJ141; PG36";"Contexte régional ; taille et fréquence locales proposées. Profil résidentiel rural/mixte ; jardins, cuisine, filage, corvées et milice saisonnière restent activités secondaires. chapitre régional ; profil territorial proposé Budget civil 2,00 % ; coefficient 0,000000 ; part de filière 0,000 %. Zéro proposé : Expert de site raréfié dans les villages ; aucune implantation spécifique définie. Apprentissage et qualification variable ; soins avancés et thérapie magique exigent formation.";0;0;0
Praticien de psychosurgery;Soigneur;0;0;0.0;D — activité déduite;SB94;"Contexte régional ; taille et fréquence locales proposées. Profil résidentiel rural/mixte ; jardins, cuisine, filage, corvées et milice saisonnière restent activités secondaires. chapitre régional ; profil territorial proposé Budget civil 2,00 % ; coefficient 0,000000 ; part de filière 0,000 %. Zéro proposé : Filière régionale non retenue dans ce scénario, sans interdiction universelle. Apprentissage et qualification variable ; soins avancés et thérapie magique exigent formation.";0;0;0
Opérateur de thérapie onirique;Soigneur;0;0;0.0;D — activité déduite;"SB141; SB228";"Contexte régional ; taille et fréquence locales proposées. Profil résidentiel rural/mixte ; jardins, cuisine, filage, corvées et milice saisonnière restent activités secondaires. chapitre régional ; profil territorial proposé Budget civil 2,00 % ; coefficient 0,000000 ; part de filière 0,000 %. Zéro proposé : Technique de site, institution, secret ou habilitation concentrée dans les implantations autorisées du scénario. Apprentissage et qualification variable ; soins avancés et thérapie magique exigent formation.";0;0;0
Prêtre et officiant;Officiant religieux;0.3101701406896552;0.4606031195272575;1473.308168275862;A — activité attestée;"MJ127; SB182";"Contexte régional ; taille et fréquence locales proposées. Profil résidentiel rural/mixte ; jardins, cuisine, filage, corvées et milice saisonnière restent activités secondaires. chapitre régional ; profil territorial proposé Budget civil 3,00 % ; coefficient 6,000000 ; part de filière 15,915 %. Instruction, autorisation ou initiation ; clergé, caste et office ne rendent pas noble.";0.02701059107352974;0.2819344214231815;0.0012251281929439722
Acolyte;Officiant religieux;0.3101701406896552;0.4606031195272575;1473.308168275862;A — activité attestée;"MJ127; SB182";"Contexte régional ; taille et fréquence locales proposées. Profil résidentiel rural/mixte ; jardins, cuisine, filage, corvées et milice saisonnière restent activités secondaires. chapitre régional ; profil territorial proposé Budget civil 3,00 % ; coefficient 6,000000 ; part de filière 15,915 %. Instruction, autorisation ou initiation ; clergé, caste et office ne rendent pas noble.";0.02701059107352974;0.2819344214231815;0.0012251281929439722
Shaman;Officiant religieux;0.3101701406896552;0.4606031195272575;1473.308168275862;A — activité attestée;"SB129; SB191";"Contexte régional ; taille et fréquence locales proposées. Profil résidentiel rural/mixte ; jardins, cuisine, filage, corvées et milice saisonnière restent activités secondaires. chapitre régional ; profil territorial proposé Budget civil 3,00 % ; coefficient 6,000000 ; part de filière 15,915 %. Instruction, autorisation ou initiation ; clergé, caste et office ne rendent pas noble.";0.02701059107352974;0.2819344214231815;0.0012251281929439722
Sugenja;Officiant religieux;0;0;0.0;A — activité attestée;SB198;"Contexte régional ; taille et fréquence locales proposées. Profil résidentiel rural/mixte ; jardins, cuisine, filage, corvées et milice saisonnière restent activités secondaires. chapitre régional ; profil territorial proposé Budget civil 3,00 % ; coefficient 0,000000 ; part de filière 0,000 %. Zéro proposé : Filière régionale non retenue dans ce scénario, sans interdiction universelle. Instruction, autorisation ou initiation ; clergé, caste et office ne rendent pas noble.";0;0;0
Gardien et officiant druidique;Officiant religieux;0.3101701406896552;0.4606031195272575;1473.308168275862;A — activité attestée;SB153;"Contexte régional ; taille et fréquence locales proposées. Profil résidentiel rural/mixte ; jardins, cuisine, filage, corvées et milice saisonnière restent activités secondaires. chapitre régional ; profil territorial proposé Budget civil 3,00 % ; coefficient 6,000000 ; part de filière 15,915 %. Instruction, autorisation ou initiation ; clergé, caste et office ne rendent pas noble.";0.02701059107352974;0.2819344214231815;0.0012251281929439722
Gardien-purificateur de Mother Tree;Officiant religieux;0;0;0.0;A — activité attestée;SB153;"Contexte régional ; taille et fréquence locales proposées. Profil résidentiel rural/mixte ; jardins, cuisine, filage, corvées et milice saisonnière restent activités secondaires. chapitre régional ; profil territorial proposé Budget civil 3,00 % ; coefficient 0,000000 ; part de filière 0,000 %. Zéro proposé : Filière régionale non retenue dans ce scénario, sans interdiction universelle. Instruction, autorisation ou initiation ; clergé, caste et office ne rendent pas noble.";0;0;0
Officiant des rites Ba-Akhu;Officiant religieux;0;0;0.0;A — activité attestée;SB184;"Contexte régional ; taille et fréquence locales proposées. Profil résidentiel rural/mixte ; jardins, cuisine, filage, corvées et milice saisonnière restent activités secondaires. chapitre régional ; profil territorial proposé Budget civil 3,00 % ; coefficient 0,000000 ; part de filière 0,000 %. Zéro proposé : Fonction spécialisée concentrée dans les villes/institutions ; instruction et rites ruraux courants conservés. Instruction, autorisation ou initiation ; clergé, caste et office ne rendent pas noble.";0;0;0
Garde et sentinelle;Garde et surveillant;0.12809687030985917;0.1902240426341835;608.460133971831;A — activité attestée;"MJ140; SB90";"Contexte régional ; taille et fréquence locales proposées. Profil résidentiel rural/mixte ; jardins, cuisine, filage, corvées et milice saisonnière restent activités secondaires. chapitre régional ; profil territorial proposé Budget civil 2,00 % ; coefficient 7,000000 ; part de filière 9,859 %. Entraînement, loyauté, armes et habilitations ; aucun métier verrouillé par naissance sauf source explicite.";0.005427778228328066;0.1214029746107904;0.0012661174707406873
Garde du corps;Garde et surveillant;0.12809687030985917;0.1902240426341835;608.460133971831;A — activité attestée;"MJ140; SB90";"Contexte régional ; taille et fréquence locales proposées. Profil résidentiel rural/mixte ; jardins, cuisine, filage, corvées et milice saisonnière restent activités secondaires. chapitre régional ; profil territorial proposé Budget civil 2,00 % ; coefficient 7,000000 ; part de filière 9,859 %. Entraînement, loyauté, armes et habilitations ; aucun métier verrouillé par naissance sauf source explicite.";0.005427778228328066;0.1214029746107904;0.0012661174707406873
Soldat;Combattant professionnel;0.1301872;0.19332818532818533;618.3892;A — activité attestée;"MJ140; SB90";"Contexte régional ; taille et fréquence locales proposées. Profil résidentiel rural/mixte ; jardins, cuisine, filage, corvées et milice saisonnière restent activités secondaires. chapitre régional ; profil territorial proposé Garnison incluse dans les résidents par convention proposée, comptée une seule fois. Entraînement, loyauté, armes et habilitations ; aucun métier verrouillé par naissance sauf source explicite.";0.005516350618541265;0.12338407096143886;0.0012867784200198795
Mercenaire;Combattant professionnel;0.12809687030985917;0.1902240426341835;608.460133971831;A — activité attestée;"MJ140; SB90";"Contexte régional ; taille et fréquence locales proposées. Profil résidentiel rural/mixte ; jardins, cuisine, filage, corvées et milice saisonnière restent activités secondaires. chapitre régional ; profil territorial proposé Budget civil 2,00 % ; coefficient 7,000000 ; part de filière 9,859 %. Entraînement, loyauté, armes et habilitations ; aucun métier verrouillé par naissance sauf source explicite.";0.005427778228328066;0.1214029746107904;0.0012661174707406873
Éclaireur;Combattant professionnel;0.12809687030985917;0.1902240426341835;608.460133971831;A — activité attestée;"MJ140; SB90";"Contexte régional ; taille et fréquence locales proposées. Profil résidentiel rural/mixte ; jardins, cuisine, filage, corvées et milice saisonnière restent activités secondaires. chapitre régional ; profil territorial proposé Budget civil 2,00 % ; coefficient 7,000000 ; part de filière 9,859 %. Entraînement, loyauté, armes et habilitations ; aucun métier verrouillé par naissance sauf source explicite.";0.005427778228328066;0.1214029746107904;0.0012661174707406873
Chasseur de primes;Combattant professionnel;0.12809687030985917;0.1902240426341835;608.460133971831;A — activité attestée;MJ140;"Contexte régional ; taille et fréquence locales proposées. Profil résidentiel rural/mixte ; jardins, cuisine, filage, corvées et milice saisonnière restent activités secondaires. chapitre régional ; profil territorial proposé Budget civil 2,00 % ; coefficient 7,000000 ; part de filière 9,859 %. Entraînement, loyauté, armes et habilitations ; aucun métier verrouillé par naissance sauf source explicite.";0.005427778228328066;0.1214029746107904;0.0012661174707406873
Gladiateur;Combattant professionnel;0.12809687030985917;0.1902240426341835;608.460133971831;A — activité attestée;MJ130;"Contexte régional ; taille et fréquence locales proposées. Profil résidentiel rural/mixte ; jardins, cuisine, filage, corvées et milice saisonnière restent activités secondaires. chapitre régional ; profil territorial proposé Budget civil 2,00 % ; coefficient 7,000000 ; part de filière 9,859 %. Entraînement, loyauté, armes et habilitations ; aucun métier verrouillé par naissance sauf source explicite.";0.005427778228328066;0.1214029746107904;0.0012661174707406873
Champion d’arène;Combattant professionnel;0.12809687030985917;0.1902240426341835;608.460133971831;A — activité attestée;SB90;"Contexte régional ; taille et fréquence locales proposées. Profil résidentiel rural/mixte ; jardins, cuisine, filage, corvées et milice saisonnière restent activités secondaires. chapitre régional ; profil territorial proposé Budget civil 2,00 % ; coefficient 7,000000 ; part de filière 9,859 %. Entraînement, loyauté, armes et habilitations ; aucun métier verrouillé par naissance sauf source explicite.";0.005427778228328066;0.1214029746107904;0.0012661174707406873
Veilleur de nuit;Garde et surveillant;0.12809687030985917;0.1902240426341835;608.460133971831;P — activité proposée;"MJ140; SB90";"Contexte régional ; taille et fréquence locales proposées. Profil résidentiel rural/mixte ; jardins, cuisine, filage, corvées et milice saisonnière restent activités secondaires. chapitre régional ; profil territorial proposé Budget civil 2,00 % ; coefficient 7,000000 ; part de filière 9,859 %. Entraînement, loyauté, armes et habilitations ; aucun métier verrouillé par naissance sauf source explicite.";0.005427778228328066;0.1214029746107904;0.0012661174707406873
Guide;Guide;0;0;0.0;A — activité attestée;MJ140;"Contexte régional ; taille et fréquence locales proposées. Profil résidentiel rural/mixte ; jardins, cuisine, filage, corvées et milice saisonnière restent activités secondaires. chapitre régional ; profil territorial proposé Budget civil 7,00 % ; coefficient 0,000000 ; part de filière 0,000 %. Zéro proposé : Petit réseau rural de transport et commerce ; aucun bureau financier/courtage spécialisé ajouté. Réseau, itinéraires, confiance et capital ; manutention distincte de propriété du fret.";0;0;0
Gardien de domaine;Garde et surveillant;0.12809687030985917;0.1902240426341835;608.460133971831;A — activité attestée;MJ140;"Contexte régional ; taille et fréquence locales proposées. Profil résidentiel rural/mixte ; jardins, cuisine, filage, corvées et milice saisonnière restent activités secondaires. chapitre régional ; profil territorial proposé Budget civil 2,00 % ; coefficient 7,000000 ; part de filière 9,859 %. Entraînement, loyauté, armes et habilitations ; aucun métier verrouillé par naissance sauf source explicite.";0.005427778228328066;0.1214029746107904;0.0012661174707406873
Spellshield;Protecteur et contrôleur arcanique;0;0;0.0;A — activité attestée;SB140;"Contexte régional ; taille et fréquence locales proposées. Profil résidentiel rural/mixte ; jardins, cuisine, filage, corvées et milice saisonnière restent activités secondaires. chapitre régional ; profil territorial proposé Budget civil 2,00 % ; coefficient 0,000000 ; part de filière 0,000 %. Zéro proposé : Filière régionale non retenue dans ce scénario, sans interdiction universelle. Entraînement, loyauté, armes et habilitations ; aucun métier verrouillé par naissance sauf source explicite.";0;0;0
Warden des Arcane Enforcers;Protecteur et contrôleur arcanique;0;0;0.0;A — activité attestée;SB140;"Contexte régional ; taille et fréquence locales proposées. Profil résidentiel rural/mixte ; jardins, cuisine, filage, corvées et milice saisonnière restent activités secondaires. chapitre régional ; profil territorial proposé Budget civil 2,00 % ; coefficient 0,000000 ; part de filière 0,000 %. Zéro proposé : Filière régionale non retenue dans ce scénario, sans interdiction universelle. Entraînement, loyauté, armes et habilitations ; aucun métier verrouillé par naissance sauf source explicite.";0;0;0
Inquisiteur;Garde et surveillant;0;0;0.0;A — activité attestée;SB29;"Contexte régional ; taille et fréquence locales proposées. Profil résidentiel rural/mixte ; jardins, cuisine, filage, corvées et milice saisonnière restent activités secondaires. chapitre régional ; profil territorial proposé Budget civil 2,00 % ; coefficient 0,000000 ; part de filière 0,000 %. Zéro proposé : Inquisiteur bauronien : aucun établissement de son Église habilité dans ce profil, notamment les ordres cirrus indépendants. Entraînement, loyauté, armes et habilitations ; aucun métier verrouillé par naissance sauf source explicite.";0;0;0
Mage impérial chargé du contrôle;Protecteur et contrôleur arcanique;0;0;0.0;A — activité attestée;SB98;"Contexte régional ; taille et fréquence locales proposées. Profil résidentiel rural/mixte ; jardins, cuisine, filage, corvées et milice saisonnière restent activités secondaires. chapitre régional ; profil territorial proposé Budget civil 2,00 % ; coefficient 0,000000 ; part de filière 0,000 %. Zéro proposé : Filière régionale non retenue dans ce scénario, sans interdiction universelle. Entraînement, loyauté, armes et habilitations ; aucun métier verrouillé par naissance sauf source explicite.";0;0;0
Chasseur de morts-vivants;Combattant professionnel;0.12809687030985917;0.1902240426341835;608.460133971831;A — activité attestée;SB210;"Contexte régional ; taille et fréquence locales proposées. Profil résidentiel rural/mixte ; jardins, cuisine, filage, corvées et milice saisonnière restent activités secondaires. chapitre régional ; profil territorial proposé Budget civil 2,00 % ; coefficient 7,000000 ; part de filière 9,859 %. Entraînement, loyauté, armes et habilitations ; aucun métier verrouillé par naissance sauf source explicite.";0.005427778228328066;0.1214029746107904;0.0012661174707406873
Détective;Enquêteur et agent de renseignement;0.009149776450704226;0.013587431616727392;43.461438140845075;A — activité attestée;"PG9; BR42";"Contexte régional ; taille et fréquence locales proposées. Profil résidentiel rural/mixte ; jardins, cuisine, filage, corvées et milice saisonnière restent activités secondaires. chapitre régional ; profil territorial proposé Budget civil 2,00 % ; coefficient 0,500000 ; part de filière 0,704 %. Entraînement, loyauté, armes et habilitations ; aucun métier verrouillé par naissance sauf source explicite.";0.00038769844488057624;0.008671641043627887;9.043696219576341e-05
Espion;Enquêteur et agent de renseignement;0.009149776450704226;0.013587431616727392;43.461438140845075;A — activité attestée;"PG9; BR42";"Contexte régional ; taille et fréquence locales proposées. Profil résidentiel rural/mixte ; jardins, cuisine, filage, corvées et milice saisonnière restent activités secondaires. chapitre régional ; profil territorial proposé Budget civil 2,00 % ; coefficient 0,500000 ; part de filière 0,704 %. Entraînement, loyauté, armes et habilitations ; aucun métier verrouillé par naissance sauf source explicite.";0.00038769844488057624;0.008671641043627887;9.043696219576341e-05
Détective arcanique;Enquêteur et agent de renseignement;0;0;0.0;A — activité attestée;SB140;"Contexte régional ; taille et fréquence locales proposées. Profil résidentiel rural/mixte ; jardins, cuisine, filage, corvées et milice saisonnière restent activités secondaires. chapitre régional ; profil territorial proposé Budget civil 2,00 % ; coefficient 0,000000 ; part de filière 0,000 %. Zéro proposé : Filière régionale non retenue dans ce scénario, sans interdiction universelle. Entraînement, loyauté, armes et habilitations ; aucun métier verrouillé par naissance sauf source explicite.";0;0;0
Fonctionnaire;Administrateur et juriste;0.2584751172413793;0.3838359329393812;1227.7568068965516;A — activité attestée;"SB90; SB213";"Contexte régional ; taille et fréquence locales proposées. Profil résidentiel rural/mixte ; jardins, cuisine, filage, corvées et milice saisonnière restent activités secondaires. chapitre régional ; profil territorial proposé Budget civil 3,00 % ; coefficient 5,000000 ; part de filière 13,263 %. Instruction, autorisation ou initiation ; clergé, caste et office ne rendent pas noble.";0.02250882589460813;0.23494535118598453;0.0010209401607866441
Percepteur;Administrateur et juriste;0.2584751172413793;0.3838359329393812;1227.7568068965516;A — activité attestée;SB132;"Contexte régional ; taille et fréquence locales proposées. Profil résidentiel rural/mixte ; jardins, cuisine, filage, corvées et milice saisonnière restent activités secondaires. chapitre régional ; profil territorial proposé Budget civil 3,00 % ; coefficient 5,000000 ; part de filière 13,263 %. Instruction, autorisation ou initiation ; clergé, caste et office ne rendent pas noble.";0.02250882589460813;0.23494535118598453;0.0010209401607866441
Juge;Administrateur et juriste;0;0;0.0;A — activité attestée;"SB90; SB213";"Contexte régional ; taille et fréquence locales proposées. Profil résidentiel rural/mixte ; jardins, cuisine, filage, corvées et milice saisonnière restent activités secondaires. chapitre régional ; profil territorial proposé Budget civil 3,00 % ; coefficient 0,000000 ; part de filière 0,000 %. Zéro proposé : Fonction spécialisée concentrée dans les villes/institutions ; instruction et rites ruraux courants conservés. Instruction, autorisation ou initiation ; clergé, caste et office ne rendent pas noble.";0;0;0
Avocat;Administrateur et juriste;0;0;0.0;A — activité attestée;"SB90; SB213";"Contexte régional ; taille et fréquence locales proposées. Profil résidentiel rural/mixte ; jardins, cuisine, filage, corvées et milice saisonnière restent activités secondaires. chapitre régional ; profil territorial proposé Budget civil 3,00 % ; coefficient 0,000000 ; part de filière 0,000 %. Zéro proposé : Fonction spécialisée concentrée dans les villes/institutions ; instruction et rites ruraux courants conservés. Instruction, autorisation ou initiation ; clergé, caste et office ne rendent pas noble.";0;0;0
Diplomate et émissaire;Administrateur et juriste;0;0;0.0;A — activité attestée;PG46;"Contexte régional ; taille et fréquence locales proposées. Profil résidentiel rural/mixte ; jardins, cuisine, filage, corvées et milice saisonnière restent activités secondaires. chapitre régional ; profil territorial proposé Budget civil 3,00 % ; coefficient 0,000000 ; part de filière 0,000 %. Zéro proposé : Fonction spécialisée concentrée dans les villes/institutions ; instruction et rites ruraux courants conservés. Instruction, autorisation ou initiation ; clergé, caste et office ne rendent pas noble.";0;0;0
Recruteur et agent de missions;Administrateur et juriste;0;0;0.0;D — activité déduite;SB105;"Contexte régional ; taille et fréquence locales proposées. Profil résidentiel rural/mixte ; jardins, cuisine, filage, corvées et milice saisonnière restent activités secondaires. chapitre régional ; profil territorial proposé Budget civil 3,00 % ; coefficient 0,000000 ; part de filière 0,000 %. Zéro proposé : Fonction spécialisée concentrée dans les villes/institutions ; instruction et rites ruraux courants conservés. Instruction, autorisation ou initiation ; clergé, caste et office ne rendent pas noble.";0;0;0
Bourreau;Administrateur et juriste;0;0;0.0;A — activité attestée;SB148;"Contexte régional ; taille et fréquence locales proposées. Profil résidentiel rural/mixte ; jardins, cuisine, filage, corvées et milice saisonnière restent activités secondaires. chapitre régional ; profil territorial proposé Budget civil 3,00 % ; coefficient 0,000000 ; part de filière 0,000 %. Zéro proposé : Fonction spécialisée concentrée dans les villes/institutions ; instruction et rites ruraux courants conservés. Instruction, autorisation ou initiation ; clergé, caste et office ne rendent pas noble.";0;0;0
Acteur et comédien;Artiste du spectacle;0;0;0.0;A — activité attestée;MJ129;"Contexte régional ; taille et fréquence locales proposées. Profil résidentiel rural/mixte ; jardins, cuisine, filage, corvées et milice saisonnière restent activités secondaires. chapitre régional ; profil territorial proposé Budget civil 0,00 % ; coefficient 0,000000 ; part de filière 0,000 %. Zéro proposé : Loisir/rite familial secondaire, pas profession permanente spécialisée ajoutée. Apprentissage, audition et réseau ; accès au mérite notamment Mustardseed.";0;0;0
Danseur;Artiste du spectacle;0;0;0.0;A — activité attestée;MJ129;"Contexte régional ; taille et fréquence locales proposées. Profil résidentiel rural/mixte ; jardins, cuisine, filage, corvées et milice saisonnière restent activités secondaires. chapitre régional ; profil territorial proposé Budget civil 0,00 % ; coefficient 0,000000 ; part de filière 0,000 %. Zéro proposé : Loisir/rite familial secondaire, pas profession permanente spécialisée ajoutée. Apprentissage, audition et réseau ; accès au mérite notamment Mustardseed.";0;0;0
Musicien;Artiste du spectacle;0;0;0.0;A — activité attestée;MJ129;"Contexte régional ; taille et fréquence locales proposées. Profil résidentiel rural/mixte ; jardins, cuisine, filage, corvées et milice saisonnière restent activités secondaires. chapitre régional ; profil territorial proposé Budget civil 0,00 % ; coefficient 0,000000 ; part de filière 0,000 %. Zéro proposé : Budget local de cette filière nul ou coefficient non retenu ; aucune interdiction universelle. Apprentissage, audition et réseau ; accès au mérite notamment Mustardseed.";0;0;0
Chanteur;Artiste du spectacle;0;0;0.0;A — activité attestée;MJ129;"Contexte régional ; taille et fréquence locales proposées. Profil résidentiel rural/mixte ; jardins, cuisine, filage, corvées et milice saisonnière restent activités secondaires. chapitre régional ; profil territorial proposé Budget civil 0,00 % ; coefficient 0,000000 ; part de filière 0,000 %. Zéro proposé : Loisir/rite familial secondaire, pas profession permanente spécialisée ajoutée. Apprentissage, audition et réseau ; accès au mérite notamment Mustardseed.";0;0;0
Poète;Artiste du spectacle;0;0;0.0;A — activité attestée;MJ129;"Contexte régional ; taille et fréquence locales proposées. Profil résidentiel rural/mixte ; jardins, cuisine, filage, corvées et milice saisonnière restent activités secondaires. chapitre régional ; profil territorial proposé Budget civil 0,00 % ; coefficient 0,000000 ; part de filière 0,000 %. Zéro proposé : Loisir/rite familial secondaire, pas profession permanente spécialisée ajoutée. Apprentissage, audition et réseau ; accès au mérite notamment Mustardseed.";0;0;0
Conteur;Artiste du spectacle;0;0;0.0;A — activité attestée;MJ129;"Contexte régional ; taille et fréquence locales proposées. Profil résidentiel rural/mixte ; jardins, cuisine, filage, corvées et milice saisonnière restent activités secondaires. chapitre régional ; profil territorial proposé Budget civil 0,00 % ; coefficient 0,000000 ; part de filière 0,000 %. Zéro proposé : Budget local de cette filière nul ou coefficient non retenu ; aucune interdiction universelle. Apprentissage, audition et réseau ; accès au mérite notamment Mustardseed.";0;0;0
Bouffon;Artiste du spectacle;0;0;0.0;A — activité attestée;MJ129;"Contexte régional ; taille et fréquence locales proposées. Profil résidentiel rural/mixte ; jardins, cuisine, filage, corvées et milice saisonnière restent activités secondaires. chapitre régional ; profil territorial proposé Budget civil 0,00 % ; coefficient 0,000000 ; part de filière 0,000 %. Zéro proposé : Loisir/rite familial secondaire, pas profession permanente spécialisée ajoutée. Apprentissage, audition et réseau ; accès au mérite notamment Mustardseed.";0;0;0
Jongleur;Artiste du spectacle;0;0;0.0;A — activité attestée;MJ129;"Contexte régional ; taille et fréquence locales proposées. Profil résidentiel rural/mixte ; jardins, cuisine, filage, corvées et milice saisonnière restent activités secondaires. chapitre régional ; profil territorial proposé Budget civil 0,00 % ; coefficient 0,000000 ; part de filière 0,000 %. Zéro proposé : Loisir/rite familial secondaire, pas profession permanente spécialisée ajoutée. Apprentissage, audition et réseau ; accès au mérite notamment Mustardseed.";0;0;0
Acrobate;Artiste du spectacle;0;0;0.0;A — activité attestée;MJ129;"Contexte régional ; taille et fréquence locales proposées. Profil résidentiel rural/mixte ; jardins, cuisine, filage, corvées et milice saisonnière restent activités secondaires. chapitre régional ; profil territorial proposé Budget civil 0,00 % ; coefficient 0,000000 ; part de filière 0,000 %. Zéro proposé : Loisir/rite familial secondaire, pas profession permanente spécialisée ajoutée. Apprentissage, audition et réseau ; accès au mérite notamment Mustardseed.";0;0;0
Cracheur de feu;Artiste du spectacle;0;0;0.0;A — activité attestée;MJ129;"Contexte régional ; taille et fréquence locales proposées. Profil résidentiel rural/mixte ; jardins, cuisine, filage, corvées et milice saisonnière restent activités secondaires. chapitre régional ; profil territorial proposé Budget civil 0,00 % ; coefficient 0,000000 ; part de filière 0,000 %. Zéro proposé : Loisir/rite familial secondaire, pas profession permanente spécialisée ajoutée. Apprentissage, audition et réseau ; accès au mérite notamment Mustardseed.";0;0;0
Compositeur;Artiste du spectacle;0;0;0.0;A — activité attestée;PG28;"Contexte régional ; taille et fréquence locales proposées. Profil résidentiel rural/mixte ; jardins, cuisine, filage, corvées et milice saisonnière restent activités secondaires. chapitre régional ; profil territorial proposé Budget civil 0,00 % ; coefficient 0,000000 ; part de filière 0,000 %. Zéro proposé : Loisir/rite familial secondaire, pas profession permanente spécialisée ajoutée. Apprentissage, audition et réseau ; accès au mérite notamment Mustardseed.";0;0;0
Crieur public;Artiste du spectacle;0;0;0.0;P — activité proposée;MJ129;"Contexte régional ; taille et fréquence locales proposées. Profil résidentiel rural/mixte ; jardins, cuisine, filage, corvées et milice saisonnière restent activités secondaires. chapitre régional ; profil territorial proposé Budget civil 0,00 % ; coefficient 0,000000 ; part de filière 0,000 %. Zéro proposé : Loisir/rite familial secondaire, pas profession permanente spécialisée ajoutée. Apprentissage, audition et réseau ; accès au mérite notamment Mustardseed.";0;0;0
Joueur professionnel;Professionnel du jeu;0;0;0.0;P — activité proposée;SB99;"Contexte régional ; taille et fréquence locales proposées. Profil résidentiel rural/mixte ; jardins, cuisine, filage, corvées et milice saisonnière restent activités secondaires. chapitre régional ; profil territorial proposé Budget civil 0,00 % ; coefficient 0,000000 ; part de filière 0,000 %. Zéro proposé : Loisir/rite familial secondaire, pas profession permanente spécialisée ajoutée. Apprentissage, audition et réseau ; accès au mérite notamment Mustardseed.";0;0;0
Croupier;Professionnel du jeu;0;0;0.0;D — activité déduite;SB99;"Contexte régional ; taille et fréquence locales proposées. Profil résidentiel rural/mixte ; jardins, cuisine, filage, corvées et milice saisonnière restent activités secondaires. chapitre régional ; profil territorial proposé Budget civil 0,00 % ; coefficient 0,000000 ; part de filière 0,000 %. Zéro proposé : Loisir/rite familial secondaire, pas profession permanente spécialisée ajoutée. Apprentissage, audition et réseau ; accès au mérite notamment Mustardseed.";0;0;0
Preneur de paris;Professionnel du jeu;0;0;0.0;D — activité déduite;SB99;"Contexte régional ; taille et fréquence locales proposées. Profil résidentiel rural/mixte ; jardins, cuisine, filage, corvées et milice saisonnière restent activités secondaires. chapitre régional ; profil territorial proposé Budget civil 0,00 % ; coefficient 0,000000 ; part de filière 0,000 %. Zéro proposé : Loisir/rite familial secondaire, pas profession permanente spécialisée ajoutée. Apprentissage, audition et réseau ; accès au mérite notamment Mustardseed.";0;0;0
Maître-chanteur;Opérateur d’activités illicites;0;0;0.0;A — activité attestée;BR42;"Contexte régional ; taille et fréquence locales proposées. Profil résidentiel rural/mixte ; jardins, cuisine, filage, corvées et milice saisonnière restent activités secondaires. chapitre régional ; profil territorial proposé Budget civil 0,00 % ; coefficient 0,000000 ; part de filière 0,000 %. Zéro proposé : Budget local de cette filière nul ou coefficient non retenu ; aucune interdiction universelle. Réseaux, exclusion, dettes et compétences ; statut légal distinct de noblesse.";0;0;0
Cambrioleur;Opérateur d’activités illicites;0;0;0.0;A — activité attestée;BR42;"Contexte régional ; taille et fréquence locales proposées. Profil résidentiel rural/mixte ; jardins, cuisine, filage, corvées et milice saisonnière restent activités secondaires. chapitre régional ; profil territorial proposé Budget civil 0,00 % ; coefficient 0,000000 ; part de filière 0,000 %. Zéro proposé : Budget local de cette filière nul ou coefficient non retenu ; aucune interdiction universelle. Réseaux, exclusion, dettes et compétences ; statut légal distinct de noblesse.";0;0;0
Homme de main;Opérateur d’activités illicites;0;0;0.0;A — activité attestée;BR42;"Contexte régional ; taille et fréquence locales proposées. Profil résidentiel rural/mixte ; jardins, cuisine, filage, corvées et milice saisonnière restent activités secondaires. chapitre régional ; profil territorial proposé Budget civil 0,00 % ; coefficient 0,000000 ; part de filière 0,000 %. Zéro proposé : Budget local de cette filière nul ou coefficient non retenu ; aucune interdiction universelle. Réseaux, exclusion, dettes et compétences ; statut légal distinct de noblesse.";0;0;0
Receleur;Opérateur d’activités illicites;0;0;0.0;A — activité attestée;BR42;"Contexte régional ; taille et fréquence locales proposées. Profil résidentiel rural/mixte ; jardins, cuisine, filage, corvées et milice saisonnière restent activités secondaires. chapitre régional ; profil territorial proposé Budget civil 0,00 % ; coefficient 0,000000 ; part de filière 0,000 %. Zéro proposé : Budget local de cette filière nul ou coefficient non retenu ; aucune interdiction universelle. Réseaux, exclusion, dettes et compétences ; statut légal distinct de noblesse.";0;0;0
Voleur de grand chemin;Opérateur d’activités illicites;0;0;0.0;A — activité attestée;BR42;"Contexte régional ; taille et fréquence locales proposées. Profil résidentiel rural/mixte ; jardins, cuisine, filage, corvées et milice saisonnière restent activités secondaires. chapitre régional ; profil territorial proposé Budget civil 0,00 % ; coefficient 0,000000 ; part de filière 0,000 %. Zéro proposé : Budget local de cette filière nul ou coefficient non retenu ; aucune interdiction universelle. Réseaux, exclusion, dettes et compétences ; statut légal distinct de noblesse.";0;0;0
Tueur à gages;Opérateur d’activités illicites;0;0;0.0;A — activité attestée;BR42;"Contexte régional ; taille et fréquence locales proposées. Profil résidentiel rural/mixte ; jardins, cuisine, filage, corvées et milice saisonnière restent activités secondaires. chapitre régional ; profil territorial proposé Budget civil 0,00 % ; coefficient 0,000000 ; part de filière 0,000 %. Zéro proposé : Budget local de cette filière nul ou coefficient non retenu ; aucune interdiction universelle. Réseaux, exclusion, dettes et compétences ; statut légal distinct de noblesse.";0;0;0
Pickpocket;Opérateur d’activités illicites;0;0;0.0;A — activité attestée;BR42;"Contexte régional ; taille et fréquence locales proposées. Profil résidentiel rural/mixte ; jardins, cuisine, filage, corvées et milice saisonnière restent activités secondaires. chapitre régional ; profil territorial proposé Budget civil 0,00 % ; coefficient 0,000000 ; part de filière 0,000 %. Zéro proposé : Budget local de cette filière nul ou coefficient non retenu ; aucune interdiction universelle. Réseaux, exclusion, dettes et compétences ; statut légal distinct de noblesse.";0;0;0
Contrebandier;Opérateur d’activités illicites;0;0;0.0;A — activité attestée;BR42;"Contexte régional ; taille et fréquence locales proposées. Profil résidentiel rural/mixte ; jardins, cuisine, filage, corvées et milice saisonnière restent activités secondaires. chapitre régional ; profil territorial proposé Budget civil 0,00 % ; coefficient 0,000000 ; part de filière 0,000 %. Zéro proposé : Budget local de cette filière nul ou coefficient non retenu ; aucune interdiction universelle. Réseaux, exclusion, dettes et compétences ; statut légal distinct de noblesse.";0;0;0
Pirate;Opérateur d’activités illicites;0;0;0.0;A — activité attestée;MJ136;"Contexte régional ; taille et fréquence locales proposées. Profil résidentiel rural/mixte ; jardins, cuisine, filage, corvées et milice saisonnière restent activités secondaires. chapitre régional ; profil territorial proposé Budget civil 0,00 % ; coefficient 0,000000 ; part de filière 0,000 %. Zéro proposé : Budget local de cette filière nul ou coefficient non retenu ; aucune interdiction universelle. Réseaux, exclusion, dettes et compétences ; statut légal distinct de noblesse.";0;0;0
Cultivateur de tubercules;Agriculteur;0;0;0.0;A — activité attestée;"SB120; SB168";"Contexte régional ; taille et fréquence locales proposées. Profil résidentiel rural/mixte ; jardins, cuisine, filage, corvées et milice saisonnière restent activités secondaires. chapitre régional ; profil territorial proposé Budget civil 65,00 % ; coefficient 0,000000 ; part de filière 0,000 %. Zéro proposé : Climat, matière ou culture hors filière régionale retenue ; aucun établissement exceptionnel proposé. Transmission familiale, terre/eau, droits d’usage et outils ; les tâches saisonnières restent secondaires.";0;0;0
Cartographe;Cartographe;0;0;0.0;A — activité attestée;MJ128;"Contexte régional ; taille et fréquence locales proposées. Profil résidentiel rural/mixte ; jardins, cuisine, filage, corvées et milice saisonnière restent activités secondaires. chapitre régional ; profil territorial proposé Budget civil 1,00 % ; coefficient 0,000000 ; part de filière 0,000 %. Zéro proposé : Spécialité avancée non installée dans le profil rural ordinaire : apprentissage, matériel et clientèle insuffisamment établis. Long apprentissage, frais, bourses, talent, licence ou secret ; titre ne donne pas maîtrise.";0;0;0
Sans métier actif;Statut;2.2464;3.335907335907336;10670.4;P;;Personnes productives occupées + personnes sans emploi disponibles recherchant une activité. Inclut aide familiale, subsistance, apprentissage productif et travail partiel.;0.031200000000000002;1.9176;0.29760000000000003
Hors activité;Statut;32.66;0;155134.99999999997;P;;"Tous habitants recensés dans les catégories sources; enfants, étudiants et retraités ne sont exclus de l’activité que sans contribution productive. Pas de seuil humain de 18 ans imposé.";1.44;30.079999999999995;1.1400000000000001
