Métier;Base;% habitants;% actifs;Effectif attendu;Appui activité;Références;Justification proposée;Milieu privilégié, noblesse non établie / % de tous habitants;Milieu ordinaire, noblesse non établie / % de tous habitants;Milieu précaire, noblesse non établie / % de tous habitants
Agriculteur généraliste;Agriculteur;2.2317135247524744;3.6893925024838397;66.95140574257424;A — activité attestée;"SB90; SB198";"Visiteurs dont nobles, eaux chaudes, entraînement dragonblades, portail Elemental Grounds et secours. Professions des résidents ; lieu de travail et commanditaires peuvent être extérieurs au quartier. Visiteurs exclus du stock. activité/institution locale Budget civil 20,00 % ; coefficient 5,000000 ; part de filière 19,802 %. Transmission familiale, terre/eau, droits d’usage et outils ; les tâches saisonnières restent secondaires.";0.012365995874633173;2.109341718126512;0.11000581075132917
Céréalier;Agriculteur;1.78537081980198;2.9515140019870727;53.5611245940594;D — activité déduite;"SB90; SB198";"Visiteurs dont nobles, eaux chaudes, entraînement dragonblades, portail Elemental Grounds et secours. Professions des résidents ; lieu de travail et commanditaires peuvent être extérieurs au quartier. Visiteurs exclus du stock. activité/institution locale Budget civil 20,00 % ; coefficient 4,000000 ; part de filière 15,842 %. Transmission familiale, terre/eau, droits d’usage et outils ; les tâches saisonnières restent secondaires.";0.00989279669970654;1.68747337450121;0.0880046486010634
Riziculteur;Agriculteur;0;0;0.0;A — activité attestée;SB198;"Visiteurs dont nobles, eaux chaudes, entraînement dragonblades, portail Elemental Grounds et secours. Professions des résidents ; lieu de travail et commanditaires peuvent être extérieurs au quartier. Visiteurs exclus du stock. activité/institution locale Budget civil 20,00 % ; coefficient 0,000000 ; part de filière 0,000 %. Zéro proposé : Climat, matière ou culture hors filière régionale retenue ; aucun établissement exceptionnel proposé. Transmission familiale, terre/eau, droits d’usage et outils ; les tâches saisonnières restent secondaires.";0;0;0
Vigneron;Agriculteur;0;0;0.0;A — activité attestée;MJ128;"Visiteurs dont nobles, eaux chaudes, entraînement dragonblades, portail Elemental Grounds et secours. Professions des résidents ; lieu de travail et commanditaires peuvent être extérieurs au quartier. Visiteurs exclus du stock. activité/institution locale Budget civil 1,00 % ; coefficient 0,000000 ; part de filière 0,000 %. Zéro proposé : Climat, matière ou culture hors filière régionale retenue ; aucun établissement exceptionnel proposé. Savoir-faire de terrain et sécurité ; procédé spécialisé distinct du rang social.";0;0;0
Cultivateur d’épices;Agriculteur;0;0;0.0;A — activité attestée;SB182;"Visiteurs dont nobles, eaux chaudes, entraînement dragonblades, portail Elemental Grounds et secours. Professions des résidents ; lieu de travail et commanditaires peuvent être extérieurs au quartier. Visiteurs exclus du stock. activité/institution locale Budget civil 1,00 % ; coefficient 0,000000 ; part de filière 0,000 %. Zéro proposé : Climat, matière ou culture hors filière régionale retenue ; aucun établissement exceptionnel proposé. Savoir-faire de terrain et sécurité ; procédé spécialisé distinct du rang social.";0;0;0
Cultivateur d’herbes pour thé;Agriculteur;0;0;0.0;D — activité déduite;SB198;"Visiteurs dont nobles, eaux chaudes, entraînement dragonblades, portail Elemental Grounds et secours. Professions des résidents ; lieu de travail et commanditaires peuvent être extérieurs au quartier. Visiteurs exclus du stock. activité/institution locale Budget civil 1,00 % ; coefficient 0,000000 ; part de filière 0,000 %. Zéro proposé : Climat, matière ou culture hors filière régionale retenue ; aucun établissement exceptionnel proposé. Savoir-faire de terrain et sécurité ; procédé spécialisé distinct du rang social.";0;0;0
Maraîcher;Agriculteur;1.78537081980198;2.9515140019870727;53.5611245940594;D — activité déduite;"SB90; SB198";"Visiteurs dont nobles, eaux chaudes, entraînement dragonblades, portail Elemental Grounds et secours. Professions des résidents ; lieu de travail et commanditaires peuvent être extérieurs au quartier. Visiteurs exclus du stock. activité/institution locale Budget civil 20,00 % ; coefficient 4,000000 ; part de filière 15,842 %. Transmission familiale, terre/eau, droits d’usage et outils ; les tâches saisonnières restent secondaires.";0.00989279669970654;1.68747337450121;0.0880046486010634
Jardinier;Horticulteur;0.07563861275167783;0.1250431687083449;2.2691583825503345;A — activité attestée;"SB29; SB161";"Visiteurs dont nobles, eaux chaudes, entraînement dragonblades, portail Elemental Grounds et secours. Professions des résidents ; lieu de travail et commanditaires peuvent être extérieurs au quartier. Visiteurs exclus du stock. activité/institution locale Budget civil 1,00 % ; coefficient 1,000000 ; part de filière 13,423 %. Savoir-faire de terrain et sécurité ; procédé spécialisé distinct du rang social.";0.0008336128596626926;0.07109716028857321;0.0037078396034419176
Fleuriste;Horticulteur;0.07563861275167783;0.1250431687083449;2.2691583825503345;A — activité attestée;"SB29; SB161";"Visiteurs dont nobles, eaux chaudes, entraînement dragonblades, portail Elemental Grounds et secours. Professions des résidents ; lieu de travail et commanditaires peuvent être extérieurs au quartier. Visiteurs exclus du stock. activité/institution locale Budget civil 1,00 % ; coefficient 1,000000 ; part de filière 13,423 %. Savoir-faire de terrain et sécurité ; procédé spécialisé distinct du rang social.";0.0008336128596626926;0.07109716028857321;0.0037078396034419176
Arboriculteur de verger;Horticulteur;0.446342704950495;0.7378785004967682;13.39028114851485;D — activité déduite;"SB29; SB161";"Visiteurs dont nobles, eaux chaudes, entraînement dragonblades, portail Elemental Grounds et secours. Professions des résidents ; lieu de travail et commanditaires peuvent être extérieurs au quartier. Visiteurs exclus du stock. activité/institution locale Budget civil 20,00 % ; coefficient 1,000000 ; part de filière 3,960 %. Transmission familiale, terre/eau, droits d’usage et outils ; les tâches saisonnières restent secondaires.";0.002473199174926635;0.4218683436253025;0.02200116215026585
Jardinier de roses magiques;Horticulteur;0;0;0.0;A — activité attestée;SB157;"Visiteurs dont nobles, eaux chaudes, entraînement dragonblades, portail Elemental Grounds et secours. Professions des résidents ; lieu de travail et commanditaires peuvent être extérieurs au quartier. Visiteurs exclus du stock. activité/institution locale Budget civil 1,00 % ; coefficient 0,000000 ; part de filière 0,000 %. Zéro proposé : Filière régionale non retenue dans ce scénario, sans interdiction universelle. Savoir-faire de terrain et sécurité ; procédé spécialisé distinct du rang social.";0;0;0
Arboriculteur de breithwood;Horticulteur;0;0;0.0;D — activité déduite;SB152;"Visiteurs dont nobles, eaux chaudes, entraînement dragonblades, portail Elemental Grounds et secours. Professions des résidents ; lieu de travail et commanditaires peuvent être extérieurs au quartier. Visiteurs exclus du stock. activité/institution locale Budget civil 1,00 % ; coefficient 0,000000 ; part de filière 0,000 %. Zéro proposé : Filière régionale non retenue dans ce scénario, sans interdiction universelle. Savoir-faire de terrain et sécurité ; procédé spécialisé distinct du rang social.";0;0;0
Éleveur généraliste;Éleveur;1.1158567623762372;1.8446962512419198;33.47570287128712;A — activité attestée;"SB120; SB182";"Visiteurs dont nobles, eaux chaudes, entraînement dragonblades, portail Elemental Grounds et secours. Professions des résidents ; lieu de travail et commanditaires peuvent être extérieurs au quartier. Visiteurs exclus du stock. activité/institution locale Budget civil 20,00 % ; coefficient 2,500000 ; part de filière 9,901 %. Transmission familiale, terre/eau, droits d’usage et outils ; les tâches saisonnières restent secondaires.";0.006182997937316586;1.054670859063256;0.05500290537566459
Berger;Éleveur;0.446342704950495;0.7378785004967682;13.39028114851485;A — activité attestée;MJ135;"Visiteurs dont nobles, eaux chaudes, entraînement dragonblades, portail Elemental Grounds et secours. Professions des résidents ; lieu de travail et commanditaires peuvent être extérieurs au quartier. Visiteurs exclus du stock. activité/institution locale Budget civil 20,00 % ; coefficient 1,000000 ; part de filière 3,960 %. Transmission familiale, terre/eau, droits d’usage et outils ; les tâches saisonnières restent secondaires.";0.002473199174926635;0.4218683436253025;0.02200116215026585
Éleveur de yaks;Éleveur;0;0;0.0;A — activité attestée;SB120;"Visiteurs dont nobles, eaux chaudes, entraînement dragonblades, portail Elemental Grounds et secours. Professions des résidents ; lieu de travail et commanditaires peuvent être extérieurs au quartier. Visiteurs exclus du stock. activité/institution locale Budget civil 20,00 % ; coefficient 0,000000 ; part de filière 0,000 %. Zéro proposé : Climat, matière ou culture hors filière régionale retenue ; aucun établissement exceptionnel proposé. Transmission familiale, terre/eau, droits d’usage et outils ; les tâches saisonnières restent secondaires.";0;0;0
Éleveur de chevaux;Éleveur;0.07563861275167783;0.1250431687083449;2.2691583825503345;A — activité attestée;SB182;"Visiteurs dont nobles, eaux chaudes, entraînement dragonblades, portail Elemental Grounds et secours. Professions des résidents ; lieu de travail et commanditaires peuvent être extérieurs au quartier. Visiteurs exclus du stock. activité/institution locale Budget civil 1,00 % ; coefficient 1,000000 ; part de filière 13,423 %. Savoir-faire de terrain et sécurité ; procédé spécialisé distinct du rang social.";0.0008336128596626926;0.07109716028857321;0.0037078396034419176
Éleveur de chameaux;Éleveur;0;0;0.0;A — activité attestée;SB182;"Visiteurs dont nobles, eaux chaudes, entraînement dragonblades, portail Elemental Grounds et secours. Professions des résidents ; lieu de travail et commanditaires peuvent être extérieurs au quartier. Visiteurs exclus du stock. activité/institution locale Budget civil 1,00 % ; coefficient 0,000000 ; part de filière 0,000 %. Zéro proposé : Climat, matière ou culture hors filière régionale retenue ; aucun établissement exceptionnel proposé. Savoir-faire de terrain et sécurité ; procédé spécialisé distinct du rang social.";0;0;0
Éleveur de vers à soie;Éleveur;0;0;0.0;A — activité attestée;SB198;"Visiteurs dont nobles, eaux chaudes, entraînement dragonblades, portail Elemental Grounds et secours. Professions des résidents ; lieu de travail et commanditaires peuvent être extérieurs au quartier. Visiteurs exclus du stock. activité/institution locale Budget civil 1,00 % ; coefficient 0,000000 ; part de filière 0,000 %. Zéro proposé : Climat, matière ou culture hors filière régionale retenue ; aucun établissement exceptionnel proposé. Savoir-faire de terrain et sécurité ; procédé spécialisé distinct du rang social.";0;0;0
Éleveur de loups géants;Éleveur;0;0;0.0;A — activité attestée;SB191;"Visiteurs dont nobles, eaux chaudes, entraînement dragonblades, portail Elemental Grounds et secours. Professions des résidents ; lieu de travail et commanditaires peuvent être extérieurs au quartier. Visiteurs exclus du stock. activité/institution locale Budget civil 1,00 % ; coefficient 0,000000 ; part de filière 0,000 %. Zéro proposé : Filière régionale non retenue dans ce scénario, sans interdiction universelle. Savoir-faire de terrain et sécurité ; procédé spécialisé distinct du rang social.";0;0;0
Éleveur de montures volantes;Éleveur;0;0;0.0;A — activité attestée;"SB124; SB107";"Visiteurs dont nobles, eaux chaudes, entraînement dragonblades, portail Elemental Grounds et secours. Professions des résidents ; lieu de travail et commanditaires peuvent être extérieurs au quartier. Visiteurs exclus du stock. activité/institution locale Budget civil 1,00 % ; coefficient 0,000000 ; part de filière 0,000 %. Zéro proposé : Climat, matière ou culture hors filière régionale retenue ; aucun établissement exceptionnel proposé. Savoir-faire de terrain et sécurité ; procédé spécialisé distinct du rang social.";0;0;0
Apiculteur;Éleveur;0;0;0.0;P — activité proposée;SB152;"Visiteurs dont nobles, eaux chaudes, entraînement dragonblades, portail Elemental Grounds et secours. Professions des résidents ; lieu de travail et commanditaires peuvent être extérieurs au quartier. Visiteurs exclus du stock. activité/institution locale Budget civil 20,00 % ; coefficient 0,000000 ; part de filière 0,000 %. Zéro proposé : Climat, matière ou culture hors filière régionale retenue ; aucun établissement exceptionnel proposé. Transmission familiale, terre/eau, droits d’usage et outils ; les tâches saisonnières restent secondaires.";0;0;0
Chasseur de gibier;Chasseur;0.5579283811881186;0.9223481256209599;16.73785143564356;A — activité attestée;"MJ139; PG20";"Visiteurs dont nobles, eaux chaudes, entraînement dragonblades, portail Elemental Grounds et secours. Professions des résidents ; lieu de travail et commanditaires peuvent être extérieurs au quartier. Visiteurs exclus du stock. activité/institution locale Budget civil 20,00 % ; coefficient 1,250000 ; part de filière 4,950 %. Transmission familiale, terre/eau, droits d’usage et outils ; les tâches saisonnières restent secondaires.";0.003091498968658293;0.527335429531628;0.027501452687832294
Trappeur;Chasseur;0.2231713524752475;0.3689392502483841;6.695140574257425;A — activité attestée;MJ140;"Visiteurs dont nobles, eaux chaudes, entraînement dragonblades, portail Elemental Grounds et secours. Professions des résidents ; lieu de travail et commanditaires peuvent être extérieurs au quartier. Visiteurs exclus du stock. activité/institution locale Budget civil 20,00 % ; coefficient 0,500000 ; part de filière 1,980 %. Transmission familiale, terre/eau, droits d’usage et outils ; les tâches saisonnières restent secondaires.";0.0012365995874633175;0.21093417181265126;0.011000581075132925
Chasseur de monstres;Chasseur;0.00796965394587969;0.013175159441031065;0.23908961837639073;A — activité attestée;PG58;"Visiteurs dont nobles, eaux chaudes, entraînement dragonblades, portail Elemental Grounds et secours. Professions des résidents ; lieu de travail et commanditaires peuvent être extérieurs au quartier. Visiteurs exclus du stock. activité/institution locale Budget civil 3,00 % ; coefficient 0,500000 ; part de filière 0,471 %. Long apprentissage, frais, bourses, talent, licence ou secret ; titre ne donne pas maîtrise.";0.0010150478864392899;0.006925711036842961;2.8895022597439328e-05
Chasseur de monstres marins;Chasseur;0;0;0.0;A — activité attestée;SB148;"Visiteurs dont nobles, eaux chaudes, entraînement dragonblades, portail Elemental Grounds et secours. Professions des résidents ; lieu de travail et commanditaires peuvent être extérieurs au quartier. Visiteurs exclus du stock. activité/institution locale Budget civil 3,00 % ; coefficient 0,000000 ; part de filière 0,000 %. Zéro proposé : Filière régionale non retenue dans ce scénario, sans interdiction universelle. Long apprentissage, frais, bourses, talent, licence ou secret ; titre ne donne pas maîtrise.";0;0;0
Chasseur de dragons;Chasseur;0;0;0.0;A — activité attestée;SB220;"Visiteurs dont nobles, eaux chaudes, entraînement dragonblades, portail Elemental Grounds et secours. Professions des résidents ; lieu de travail et commanditaires peuvent être extérieurs au quartier. Visiteurs exclus du stock. activité/institution locale Budget civil 3,00 % ; coefficient 0,000000 ; part de filière 0,000 %. Zéro proposé : Technique de site, institution, secret ou habilitation concentrée dans les implantations autorisées du scénario. Long apprentissage, frais, bourses, talent, licence ou secret ; titre ne donne pas maîtrise.";0;0;0
Cueilleur;Collecteur de ressources;0.35707416396039604;0.5903028003974146;10.71222491881188;A — activité attestée;"MJ139; SB153";"Visiteurs dont nobles, eaux chaudes, entraînement dragonblades, portail Elemental Grounds et secours. Professions des résidents ; lieu de travail et commanditaires peuvent être extérieurs au quartier. Visiteurs exclus du stock. activité/institution locale Budget civil 20,00 % ; coefficient 0,800000 ; part de filière 3,168 %. Transmission familiale, terre/eau, droits d’usage et outils ; les tâches saisonnières restent secondaires.";0.001978559339941308;0.33749467490024204;0.017600929720212665
Herboriste de collecte;Collecteur de ressources;0.06051089020134227;0.10003453496667593;1.815326706040268;D — activité déduite;BR55;"Visiteurs dont nobles, eaux chaudes, entraînement dragonblades, portail Elemental Grounds et secours. Professions des résidents ; lieu de travail et commanditaires peuvent être extérieurs au quartier. Visiteurs exclus du stock. activité/institution locale Budget civil 1,00 % ; coefficient 0,800000 ; part de filière 10,738 %. Savoir-faire de terrain et sécurité ; procédé spécialisé distinct du rang social.";0.000666890287730154;0.05687772823085858;0.0029662716827535355
Collecteur de composants de créatures;Collecteur de ressources;0.06051089020134227;0.10003453496667593;1.815326706040268;A — activité attestée;"SB104; SB139";"Visiteurs dont nobles, eaux chaudes, entraînement dragonblades, portail Elemental Grounds et secours. Professions des résidents ; lieu de travail et commanditaires peuvent être extérieurs au quartier. Visiteurs exclus du stock. activité/institution locale Budget civil 1,00 % ; coefficient 0,800000 ; part de filière 10,738 %. Savoir-faire de terrain et sécurité ; procédé spécialisé distinct du rang social.";0.000666890287730154;0.05687772823085858;0.0029662716827535355
Collecteur de perles;Collecteur de ressources;0;0;0.0;D — activité déduite;SB149;"Visiteurs dont nobles, eaux chaudes, entraînement dragonblades, portail Elemental Grounds et secours. Professions des résidents ; lieu de travail et commanditaires peuvent être extérieurs au quartier. Visiteurs exclus du stock. activité/institution locale Budget civil 1,00 % ; coefficient 0,000000 ; part de filière 0,000 %. Zéro proposé : Filière régionale non retenue dans ce scénario, sans interdiction universelle. Savoir-faire de terrain et sécurité ; procédé spécialisé distinct du rang social.";0;0;0
Récupérateur de reliques penumbrales;Collecteur de ressources;0;0;0.0;A — activité attestée;PG8;"Visiteurs dont nobles, eaux chaudes, entraînement dragonblades, portail Elemental Grounds et secours. Professions des résidents ; lieu de travail et commanditaires peuvent être extérieurs au quartier. Visiteurs exclus du stock. activité/institution locale Budget civil 1,00 % ; coefficient 0,000000 ; part de filière 0,000 %. Zéro proposé : Filière régionale non retenue dans ce scénario, sans interdiction universelle. Savoir-faire de terrain et sécurité ; procédé spécialisé distinct du rang social.";0;0;0
Bûcheron;Travailleur forestier;0.015127722550335567;0.025008633741668982;0.453831676510067;A — activité attestée;"MJ135; SB107";"Visiteurs dont nobles, eaux chaudes, entraînement dragonblades, portail Elemental Grounds et secours. Professions des résidents ; lieu de travail et commanditaires peuvent être extérieurs au quartier. Visiteurs exclus du stock. activité/institution locale Budget civil 1,00 % ; coefficient 0,200000 ; part de filière 2,685 %. Savoir-faire de terrain et sécurité ; procédé spécialisé distinct du rang social.";0.0001667225719325385;0.014219432057714644;0.0007415679206883839
Forestier;Travailleur forestier;0.015127722550335567;0.025008633741668982;0.453831676510067;A — activité attestée;MJ140;"Visiteurs dont nobles, eaux chaudes, entraînement dragonblades, portail Elemental Grounds et secours. Professions des résidents ; lieu de travail et commanditaires peuvent être extérieurs au quartier. Visiteurs exclus du stock. activité/institution locale Budget civil 1,00 % ; coefficient 0,200000 ; part de filière 2,685 %. Savoir-faire de terrain et sécurité ; procédé spécialisé distinct du rang social.";0.0001667225719325385;0.014219432057714644;0.0007415679206883839
Scieur;Travailleur forestier;0.015127722550335567;0.025008633741668982;0.453831676510067;D — activité déduite;SB99;"Visiteurs dont nobles, eaux chaudes, entraînement dragonblades, portail Elemental Grounds et secours. Professions des résidents ; lieu de travail et commanditaires peuvent être extérieurs au quartier. Visiteurs exclus du stock. activité/institution locale Budget civil 1,00 % ; coefficient 0,200000 ; part de filière 2,685 %. Savoir-faire de terrain et sécurité ; procédé spécialisé distinct du rang social.";0.0001667225719325385;0.014219432057714644;0.0007415679206883839
Pêcheur maritime;Pêcheur;0;0;0.0;A — activité attestée;"SB110; SB168";"Visiteurs dont nobles, eaux chaudes, entraînement dragonblades, portail Elemental Grounds et secours. Professions des résidents ; lieu de travail et commanditaires peuvent être extérieurs au quartier. Visiteurs exclus du stock. activité/institution locale Budget civil 20,00 % ; coefficient 0,000000 ; part de filière 0,000 %. Zéro proposé : Poids technique nul dans la filière locale du scénario. Transmission familiale, terre/eau, droits d’usage et outils ; les tâches saisonnières restent secondaires.";0;0;0
Pêcheur d’eau douce;Pêcheur;2.320982065742574;3.8369682025831944;69.62946197227723;A — activité attestée;SB138;"Visiteurs dont nobles, eaux chaudes, entraînement dragonblades, portail Elemental Grounds et secours. Professions des résidents ; lieu de travail et commanditaires peuvent être extérieurs au quartier. Visiteurs exclus du stock. activité/institution locale Budget civil 20,00 % ; coefficient 5,200000 ; part de filière 20,594 %. Transmission familiale, terre/eau, droits d’usage et outils ; les tâches saisonnières restent secondaires.";0.012860635709618491;2.193715386851573;0.11440604318138234
Cultivateur marin;Pêcheur;0;0;0.0;P — activité proposée;SB149;"Visiteurs dont nobles, eaux chaudes, entraînement dragonblades, portail Elemental Grounds et secours. Professions des résidents ; lieu de travail et commanditaires peuvent être extérieurs au quartier. Visiteurs exclus du stock. activité/institution locale Budget civil 20,00 % ; coefficient 0,000000 ; part de filière 0,000 %. Zéro proposé : Filière régionale non retenue dans ce scénario, sans interdiction universelle. Transmission familiale, terre/eau, droits d’usage et outils ; les tâches saisonnières restent secondaires.";0;0;0
Mineur;Extracteur de ressources minérales;0.03781930637583891;0.06252158435417245;1.1345791912751673;A — activité attestée;"MJ135; SB160";"Visiteurs dont nobles, eaux chaudes, entraînement dragonblades, portail Elemental Grounds et secours. Professions des résidents ; lieu de travail et commanditaires peuvent être extérieurs au quartier. Visiteurs exclus du stock. activité/institution locale Budget civil 1,00 % ; coefficient 0,500000 ; part de filière 6,711 %. Savoir-faire de terrain et sécurité ; procédé spécialisé distinct du rang social.";0.0004168064298313463;0.03554858014428661;0.0018539198017209588
Carrier;Extracteur de ressources minérales;0.03781930637583891;0.06252158435417245;1.1345791912751673;D — activité déduite;"MJ135; SB160";"Visiteurs dont nobles, eaux chaudes, entraînement dragonblades, portail Elemental Grounds et secours. Professions des résidents ; lieu de travail et commanditaires peuvent être extérieurs au quartier. Visiteurs exclus du stock. activité/institution locale Budget civil 1,00 % ; coefficient 0,500000 ; part de filière 6,711 %. Savoir-faire de terrain et sécurité ; procédé spécialisé distinct du rang social.";0.0004168064298313463;0.03554858014428661;0.0018539198017209588
Salinier;Extracteur de ressources minérales;0;0;0.0;P — activité proposée;SB120;"Visiteurs dont nobles, eaux chaudes, entraînement dragonblades, portail Elemental Grounds et secours. Professions des résidents ; lieu de travail et commanditaires peuvent être extérieurs au quartier. Visiteurs exclus du stock. activité/institution locale Budget civil 1,00 % ; coefficient 0,000000 ; part de filière 0,000 %. Zéro proposé : Climat, matière ou culture hors filière régionale retenue ; aucun établissement exceptionnel proposé. Savoir-faire de terrain et sécurité ; procédé spécialisé distinct du rang social.";0;0;0
Mineur de bauronite;Extracteur de ressources minérales;0;0;0.0;A — activité attestée;"SB174; SB182";"Visiteurs dont nobles, eaux chaudes, entraînement dragonblades, portail Elemental Grounds et secours. Professions des résidents ; lieu de travail et commanditaires peuvent être extérieurs au quartier. Visiteurs exclus du stock. activité/institution locale Budget civil 1,00 % ; coefficient 0,000000 ; part de filière 0,000 %. Zéro proposé : Climat, matière ou culture hors filière régionale retenue ; aucun établissement exceptionnel proposé. Savoir-faire de terrain et sécurité ; procédé spécialisé distinct du rang social.";0;0;0
Mineur de tameranium;Extracteur de ressources minérales;0;0;0.0;A — activité attestée;"SB168; SB198";"Visiteurs dont nobles, eaux chaudes, entraînement dragonblades, portail Elemental Grounds et secours. Professions des résidents ; lieu de travail et commanditaires peuvent être extérieurs au quartier. Visiteurs exclus du stock. activité/institution locale Budget civil 1,00 % ; coefficient 0,000000 ; part de filière 0,000 %. Zéro proposé : Climat, matière ou culture hors filière régionale retenue ; aucun établissement exceptionnel proposé. Savoir-faire de terrain et sécurité ; procédé spécialisé distinct du rang social.";0;0;0
Extracteur d’obsidienne;Extracteur de ressources minérales;0;0;0.0;A — activité attestée;SB190;"Visiteurs dont nobles, eaux chaudes, entraînement dragonblades, portail Elemental Grounds et secours. Professions des résidents ; lieu de travail et commanditaires peuvent être extérieurs au quartier. Visiteurs exclus du stock. activité/institution locale Budget civil 1,00 % ; coefficient 0,000000 ; part de filière 0,000 %. Zéro proposé : Filière régionale non retenue dans ce scénario, sans interdiction universelle. Savoir-faire de terrain et sécurité ; procédé spécialisé distinct du rang social.";0;0;0
Extracteur de soufre;Extracteur de ressources minérales;0;0;0.0;A — activité attestée;SB190;"Visiteurs dont nobles, eaux chaudes, entraînement dragonblades, portail Elemental Grounds et secours. Professions des résidents ; lieu de travail et commanditaires peuvent être extérieurs au quartier. Visiteurs exclus du stock. activité/institution locale Budget civil 1,00 % ; coefficient 0,000000 ; part de filière 0,000 %. Zéro proposé : Filière régionale non retenue dans ce scénario, sans interdiction universelle. Savoir-faire de terrain et sécurité ; procédé spécialisé distinct du rang social.";0;0;0
Prospecteur;Extracteur de ressources minérales;0.03781930637583891;0.06252158435417245;1.1345791912751673;D — activité déduite;SB104;"Visiteurs dont nobles, eaux chaudes, entraînement dragonblades, portail Elemental Grounds et secours. Professions des résidents ; lieu de travail et commanditaires peuvent être extérieurs au quartier. Visiteurs exclus du stock. activité/institution locale Budget civil 1,00 % ; coefficient 0,500000 ; part de filière 6,711 %. Savoir-faire de terrain et sécurité ; procédé spécialisé distinct du rang social.";0.0004168064298313463;0.03554858014428661;0.0018539198017209588
Meunier;Meunier;0.19856801686383085;0.3282658569413636;5.957040505914925;D — activité déduite;SB121;"Visiteurs dont nobles, eaux chaudes, entraînement dragonblades, portail Elemental Grounds et secours. Professions des résidents ; lieu de travail et commanditaires peuvent être extérieurs au quartier. Visiteurs exclus du stock. activité/institution locale Budget civil 24,00 % ; coefficient 1,750000 ; part de filière 1,468 %. Apprentissage, atelier, combustible et outils ; titre noble ne remplace pas qualification.";0.01048008292906528;0.17876502916396653;0.009322904770799055
Boucher;Boucher;0.2269348764158067;0.37516097936155846;6.8080462924742005;D — activité déduite;SB99;"Visiteurs dont nobles, eaux chaudes, entraînement dragonblades, portail Elemental Grounds et secours. Professions des résidents ; lieu de travail et commanditaires peuvent être extérieurs au quartier. Visiteurs exclus du stock. activité/institution locale Budget civil 24,00 % ; coefficient 2,000000 ; part de filière 1,678 %. Apprentissage, atelier, combustible et outils ; titre noble ne remplace pas qualification.";0.011977237633217461;0.2043028904731046;0.010654748309484638
Écorcheur;Boucher;0.09077395056632266;0.15006439174462335;2.7232185169896796;A — activité attestée;MJ128;"Visiteurs dont nobles, eaux chaudes, entraînement dragonblades, portail Elemental Grounds et secours. Professions des résidents ; lieu de travail et commanditaires peuvent être extérieurs au quartier. Visiteurs exclus du stock. activité/institution locale Budget civil 24,00 % ; coefficient 0,800000 ; part de filière 0,671 %. Apprentissage, atelier, combustible et outils ; titre noble ne remplace pas qualification.";0.0047908950532869815;0.08172115618924183;0.004261899323793852
Boulanger;Boulanger;0.4822366123835892;0.7972170811433118;14.467098371507678;A — activité attestée;MJ128;"Visiteurs dont nobles, eaux chaudes, entraînement dragonblades, portail Elemental Grounds et secours. Professions des résidents ; lieu de travail et commanditaires peuvent être extérieurs au quartier. Visiteurs exclus du stock. activité/institution locale Budget civil 24,00 % ; coefficient 4,250000 ; part de filière 3,566 %. Apprentissage, atelier, combustible et outils ; titre noble ne remplace pas qualification.";0.0254516299705871;0.4341436422553473;0.02264134015765484
Cuisinier;Cuisinier;1.4608923590129306;2.4150973037079364;43.826770770387924;A — activité attestée;MJ128;"Visiteurs dont nobles, eaux chaudes, entraînement dragonblades, portail Elemental Grounds et secours. Professions des résidents ; lieu de travail et commanditaires peuvent être extérieurs au quartier. Visiteurs exclus du stock. activité/institution locale Budget civil 27,00 % ; coefficient 7,500000 ; part de filière 9,602 %. Apprentissage et qualification variable ; soins avancés et thérapie magique exigent formation.";0.008121539699317884;1.3853394968644237;0.06743132244918909
Cuisinier de haute cuisine;Cuisinier;0;0;0.0;A — activité attestée;"PG28; CC52";"Visiteurs dont nobles, eaux chaudes, entraînement dragonblades, portail Elemental Grounds et secours. Professions des résidents ; lieu de travail et commanditaires peuvent être extérieurs au quartier. Visiteurs exclus du stock. activité/institution locale Budget civil 27,00 % ; coefficient 0,000000 ; part de filière 0,000 %. Zéro proposé : Haute cuisine concentrée auprès de clientèle et maîtres attestés/proposés ; cuisine ordinaire conservée. Apprentissage et qualification variable ; soins avancés et thérapie magique exigent formation.";0;0;0
Poissonnier;Transformateur alimentaire;0.14750766967027437;0.24385463658501302;4.425230090108231;D — activité déduite;"SB120; SB149";"Visiteurs dont nobles, eaux chaudes, entraînement dragonblades, portail Elemental Grounds et secours. Professions des résidents ; lieu de travail et commanditaires peuvent être extérieurs au quartier. Visiteurs exclus du stock. activité/institution locale Budget civil 24,00 % ; coefficient 1,300000 ; part de filière 1,091 %. Apprentissage, atelier, combustible et outils ; titre noble ne remplace pas qualification.";0.007785204461591354;0.132796878807518;0.006925586401165015
Saleur et sécheur alimentaire;Transformateur alimentaire;0.14750766967027437;0.24385463658501302;4.425230090108231;D — activité déduite;"SB120; SB149";"Visiteurs dont nobles, eaux chaudes, entraînement dragonblades, portail Elemental Grounds et secours. Professions des résidents ; lieu de travail et commanditaires peuvent être extérieurs au quartier. Visiteurs exclus du stock. activité/institution locale Budget civil 24,00 % ; coefficient 1,300000 ; part de filière 1,091 %. Apprentissage, atelier, combustible et outils ; titre noble ne remplace pas qualification.";0.007785204461591354;0.132796878807518;0.006925586401165015
Fromager;Transformateur alimentaire;0.14750766967027437;0.24385463658501302;4.425230090108231;A — activité attestée;"SB120; SB149";"Visiteurs dont nobles, eaux chaudes, entraînement dragonblades, portail Elemental Grounds et secours. Professions des résidents ; lieu de travail et commanditaires peuvent être extérieurs au quartier. Visiteurs exclus du stock. activité/institution locale Budget civil 24,00 % ; coefficient 1,300000 ; part de filière 1,091 %. Apprentissage, atelier, combustible et outils ; titre noble ne remplace pas qualification.";0.007785204461591354;0.132796878807518;0.006925586401165015
Huilier;Transformateur alimentaire;0.14750766967027437;0.24385463658501302;4.425230090108231;P — activité proposée;"SB120; SB149";"Visiteurs dont nobles, eaux chaudes, entraînement dragonblades, portail Elemental Grounds et secours. Professions des résidents ; lieu de travail et commanditaires peuvent être extérieurs au quartier. Visiteurs exclus du stock. activité/institution locale Budget civil 24,00 % ; coefficient 1,300000 ; part de filière 1,091 %. Apprentissage, atelier, combustible et outils ; titre noble ne remplace pas qualification.";0.007785204461591354;0.132796878807518;0.006925586401165015
Brasseur;Fabricant de boissons;0.13616092584948403;0.22509658761693507;4.084827775484521;A — activité attestée;"MJ128; SB120";"Visiteurs dont nobles, eaux chaudes, entraînement dragonblades, portail Elemental Grounds et secours. Professions des résidents ; lieu de travail et commanditaires peuvent être extérieurs au quartier. Visiteurs exclus du stock. activité/institution locale Budget civil 24,00 % ; coefficient 1,200000 ; part de filière 1,007 %. Apprentissage, atelier, combustible et outils ; titre noble ne remplace pas qualification.";0.007186342579930477;0.12258173428386278;0.006392848985690781
Distillateur;Fabricant de boissons;0.13616092584948403;0.22509658761693507;4.084827775484521;A — activité attestée;"MJ128; SB120";"Visiteurs dont nobles, eaux chaudes, entraînement dragonblades, portail Elemental Grounds et secours. Professions des résidents ; lieu de travail et commanditaires peuvent être extérieurs au quartier. Visiteurs exclus du stock. activité/institution locale Budget civil 24,00 % ; coefficient 1,200000 ; part de filière 1,007 %. Apprentissage, atelier, combustible et outils ; titre noble ne remplace pas qualification.";0.007186342579930477;0.12258173428386278;0.006392848985690781
Distillateur de Highlandtuber;Fabricant de boissons;0;0;0.0;A — activité attestée;"SB120; SB121";"Visiteurs dont nobles, eaux chaudes, entraînement dragonblades, portail Elemental Grounds et secours. Professions des résidents ; lieu de travail et commanditaires peuvent être extérieurs au quartier. Visiteurs exclus du stock. activité/institution locale Budget civil 24,00 % ; coefficient 0,000000 ; part de filière 0,000 %. Zéro proposé : Filière régionale non retenue dans ce scénario, sans interdiction universelle. Apprentissage, atelier, combustible et outils ; titre noble ne remplace pas qualification.";0;0;0
Maître de cérémonie du thé;Maître de cérémonie du thé;0;0;0.0;A — activité attestée;SB201;"Visiteurs dont nobles, eaux chaudes, entraînement dragonblades, portail Elemental Grounds et secours. Professions des résidents ; lieu de travail et commanditaires peuvent être extérieurs au quartier. Visiteurs exclus du stock. activité/institution locale Budget civil 2,00 % ; coefficient 0,000000 ; part de filière 0,000 %. Zéro proposé : Filière régionale non retenue dans ce scénario, sans interdiction universelle. Apprentissage, audition et réseau ; accès au mérite notamment Mustardseed.";0;0;0
Alchimiste;Alchimiste;0.15939307891759377;0.26350318882062124;4.781792367527813;A — activité attestée;"MJ128; BR55";"Visiteurs dont nobles, eaux chaudes, entraînement dragonblades, portail Elemental Grounds et secours. Professions des résidents ; lieu de travail et commanditaires peuvent être extérieurs au quartier. Visiteurs exclus du stock. activité/institution locale Budget civil 3,00 % ; coefficient 10,000000 ; part de filière 9,429 %. Long apprentissage, frais, bourses, talent, licence ou secret ; titre ne donne pas maîtrise.";0.020300957728785794;0.1385142207368592;0.0005779004519487866
Apothicaire;Alchimiste;0.06375723156703753;0.10540127552824852;1.9127169470111258;A — activité attestée;"MJ128; BR55";"Visiteurs dont nobles, eaux chaudes, entraînement dragonblades, portail Elemental Grounds et secours. Professions des résidents ; lieu de travail et commanditaires peuvent être extérieurs au quartier. Visiteurs exclus du stock. activité/institution locale Budget civil 3,00 % ; coefficient 4,000000 ; part de filière 3,771 %. Long apprentissage, frais, bourses, talent, licence ou secret ; titre ne donne pas maîtrise.";0.008120383091514319;0.05540568829474369;0.00023116018077951462
Préparateur de poisons;Alchimiste;0.06375723156703753;0.10540127552824852;1.9127169470111258;D — activité déduite;"BR55; SB193";"Visiteurs dont nobles, eaux chaudes, entraînement dragonblades, portail Elemental Grounds et secours. Professions des résidents ; lieu de travail et commanditaires peuvent être extérieurs au quartier. Visiteurs exclus du stock. activité/institution locale Budget civil 3,00 % ; coefficient 4,000000 ; part de filière 3,771 %. Long apprentissage, frais, bourses, talent, licence ou secret ; titre ne donne pas maîtrise.";0.008120383091514319;0.05540568829474369;0.00023116018077951462
Préparateur de potions;Alchimiste;0.06375723156703753;0.10540127552824852;1.9127169470111258;A — activité attestée;SB138;"Visiteurs dont nobles, eaux chaudes, entraînement dragonblades, portail Elemental Grounds et secours. Professions des résidents ; lieu de travail et commanditaires peuvent être extérieurs au quartier. Visiteurs exclus du stock. activité/institution locale Budget civil 3,00 % ; coefficient 4,000000 ; part de filière 3,771 %. Long apprentissage, frais, bourses, talent, licence ou secret ; titre ne donne pas maîtrise.";0.008120383091514319;0.05540568829474369;0.00023116018077951462
Préparateur d’Estelindea;Alchimiste;0;0;0.0;A — activité attestée;SB153;"Visiteurs dont nobles, eaux chaudes, entraînement dragonblades, portail Elemental Grounds et secours. Professions des résidents ; lieu de travail et commanditaires peuvent être extérieurs au quartier. Visiteurs exclus du stock. activité/institution locale Budget civil 3,00 % ; coefficient 0,000000 ; part de filière 0,000 %. Zéro proposé : Filière régionale non retenue dans ce scénario, sans interdiction universelle. Long apprentissage, frais, bourses, talent, licence ou secret ; titre ne donne pas maîtrise.";0;0;0
Charbonnier;Charbonnier;0.05672895956375838;0.0937823765312587;1.7018687869127516;P — activité proposée;SB128;"Visiteurs dont nobles, eaux chaudes, entraînement dragonblades, portail Elemental Grounds et secours. Professions des résidents ; lieu de travail et commanditaires peuvent être extérieurs au quartier. Visiteurs exclus du stock. activité/institution locale Budget civil 1,00 % ; coefficient 0,750000 ; part de filière 10,067 %. Savoir-faire de terrain et sécurité ; procédé spécialisé distinct du rang social.";0.0006252096447470197;0.053322870216429924;0.0027808797025814383
Fondeur et affineur;Métallurgiste;0.07942720674553234;0.13130634277654546;2.3828162023659702;D — activité déduite;"SB198; SB160";"Visiteurs dont nobles, eaux chaudes, entraînement dragonblades, portail Elemental Grounds et secours. Professions des résidents ; lieu de travail et commanditaires peuvent être extérieurs au quartier. Visiteurs exclus du stock. activité/institution locale Budget civil 24,00 % ; coefficient 0,700000 ; part de filière 0,587 %. Apprentissage, atelier, combustible et outils ; titre noble ne remplace pas qualification.";0.004192033171626109;0.07150601166558661;0.003729161908319623
Aciériste;Métallurgiste;0.07942720674553234;0.13130634277654546;2.3828162023659702;D — activité déduite;SB198;"Visiteurs dont nobles, eaux chaudes, entraînement dragonblades, portail Elemental Grounds et secours. Professions des résidents ; lieu de travail et commanditaires peuvent être extérieurs au quartier. Visiteurs exclus du stock. activité/institution locale Budget civil 24,00 % ; coefficient 0,700000 ; part de filière 0,587 %. Apprentissage, atelier, combustible et outils ; titre noble ne remplace pas qualification.";0.004192033171626109;0.07150601166558661;0.003729161908319623
Forgeron;Forgeron;0.5673371910395167;0.9379024484038961;17.020115731185502;A — activité attestée;MJ128;"Visiteurs dont nobles, eaux chaudes, entraînement dragonblades, portail Elemental Grounds et secours. Professions des résidents ; lieu de travail et commanditaires peuvent être extérieurs au quartier. Visiteurs exclus du stock. activité/institution locale Budget civil 24,00 % ; coefficient 5,000000 ; part de filière 4,195 %. Apprentissage, atelier, combustible et outils ; titre noble ne remplace pas qualification.";0.029943094083043655;0.5107572261827615;0.026636870773711598
Armurier;Forgeron;0.2269348764158067;0.37516097936155846;6.8080462924742005;A — activité attestée;MJ128;"Visiteurs dont nobles, eaux chaudes, entraînement dragonblades, portail Elemental Grounds et secours. Professions des résidents ; lieu de travail et commanditaires peuvent être extérieurs au quartier. Visiteurs exclus du stock. activité/institution locale Budget civil 24,00 % ; coefficient 2,000000 ; part de filière 1,678 %. Apprentissage, atelier, combustible et outils ; titre noble ne remplace pas qualification.";0.011977237633217461;0.2043028904731046;0.010654748309484638
Coutelier;Forgeron;0.2269348764158067;0.37516097936155846;6.8080462924742005;D — activité déduite;MJ128;"Visiteurs dont nobles, eaux chaudes, entraînement dragonblades, portail Elemental Grounds et secours. Professions des résidents ; lieu de travail et commanditaires peuvent être extérieurs au quartier. Visiteurs exclus du stock. activité/institution locale Budget civil 24,00 % ; coefficient 2,000000 ; part de filière 1,678 %. Apprentissage, atelier, combustible et outils ; titre noble ne remplace pas qualification.";0.011977237633217461;0.2043028904731046;0.010654748309484638
Rémouleur;Forgeron;0.2269348764158067;0.37516097936155846;6.8080462924742005;D — activité déduite;MJ128;"Visiteurs dont nobles, eaux chaudes, entraînement dragonblades, portail Elemental Grounds et secours. Professions des résidents ; lieu de travail et commanditaires peuvent être extérieurs au quartier. Visiteurs exclus du stock. activité/institution locale Budget civil 24,00 % ; coefficient 2,000000 ; part de filière 1,678 %. Apprentissage, atelier, combustible et outils ; titre noble ne remplace pas qualification.";0.011977237633217461;0.2043028904731046;0.010654748309484638
Serrurier;Mécanicien et artisan du métal;0.13616092584948403;0.22509658761693507;4.084827775484521;A — activité attestée;"MJ128; SB174";"Visiteurs dont nobles, eaux chaudes, entraînement dragonblades, portail Elemental Grounds et secours. Professions des résidents ; lieu de travail et commanditaires peuvent être extérieurs au quartier. Visiteurs exclus du stock. activité/institution locale Budget civil 24,00 % ; coefficient 1,200000 ; part de filière 1,007 %. Apprentissage, atelier, combustible et outils ; titre noble ne remplace pas qualification.";0.007186342579930477;0.12258173428386278;0.006392848985690781
Rétameur;Mécanicien et artisan du métal;0.13616092584948403;0.22509658761693507;4.084827775484521;A — activité attestée;"MJ128; SB174";"Visiteurs dont nobles, eaux chaudes, entraînement dragonblades, portail Elemental Grounds et secours. Professions des résidents ; lieu de travail et commanditaires peuvent être extérieurs au quartier. Visiteurs exclus du stock. activité/institution locale Budget civil 24,00 % ; coefficient 1,200000 ; part de filière 1,007 %. Apprentissage, atelier, combustible et outils ; titre noble ne remplace pas qualification.";0.007186342579930477;0.12258173428386278;0.006392848985690781
Réparateur et bricoleur;Mécanicien et artisan du métal;0.13616092584948403;0.22509658761693507;4.084827775484521;A — activité attestée;"MJ128; SB174";"Visiteurs dont nobles, eaux chaudes, entraînement dragonblades, portail Elemental Grounds et secours. Professions des résidents ; lieu de travail et commanditaires peuvent être extérieurs au quartier. Visiteurs exclus du stock. activité/institution locale Budget civil 24,00 % ; coefficient 1,200000 ; part de filière 1,007 %. Apprentissage, atelier, combustible et outils ; titre noble ne remplace pas qualification.";0.007186342579930477;0.12258173428386278;0.006392848985690781
Horloger;Mécanicien et artisan du métal;0;0;0.0;D — activité déduite;SB174;"Visiteurs dont nobles, eaux chaudes, entraînement dragonblades, portail Elemental Grounds et secours. Professions des résidents ; lieu de travail et commanditaires peuvent être extérieurs au quartier. Visiteurs exclus du stock. activité/institution locale Budget civil 24,00 % ; coefficient 0,000000 ; part de filière 0,000 %. Zéro proposé : Climat, matière ou culture hors filière régionale retenue ; aucun établissement exceptionnel proposé. Apprentissage, atelier, combustible et outils ; titre noble ne remplace pas qualification.";0;0;0
Fabricant d’outils de précision;Mécanicien et artisan du métal;0;0;0.0;A — activité attestée;SB174;"Visiteurs dont nobles, eaux chaudes, entraînement dragonblades, portail Elemental Grounds et secours. Professions des résidents ; lieu de travail et commanditaires peuvent être extérieurs au quartier. Visiteurs exclus du stock. activité/institution locale Budget civil 24,00 % ; coefficient 0,000000 ; part de filière 0,000 %. Zéro proposé : Climat, matière ou culture hors filière régionale retenue ; aucun établissement exceptionnel proposé. Apprentissage, atelier, combustible et outils ; titre noble ne remplace pas qualification.";0;0;0
Fabricant d’instruments de navigation;Mécanicien et artisan du métal;0;0;0.0;D — activité déduite;SB174;"Visiteurs dont nobles, eaux chaudes, entraînement dragonblades, portail Elemental Grounds et secours. Professions des résidents ; lieu de travail et commanditaires peuvent être extérieurs au quartier. Visiteurs exclus du stock. activité/institution locale Budget civil 24,00 % ; coefficient 0,000000 ; part de filière 0,000 %. Zéro proposé : Climat, matière ou culture hors filière régionale retenue ; aucun établissement exceptionnel proposé. Apprentissage, atelier, combustible et outils ; titre noble ne remplace pas qualification.";0;0;0
Bijoutier;Bijoutier;0.2269348764158067;0.37516097936155846;6.8080462924742005;A — activité attestée;MJ128;"Visiteurs dont nobles, eaux chaudes, entraînement dragonblades, portail Elemental Grounds et secours. Professions des résidents ; lieu de travail et commanditaires peuvent être extérieurs au quartier. Visiteurs exclus du stock. activité/institution locale Budget civil 24,00 % ; coefficient 2,000000 ; part de filière 1,678 %. Apprentissage, atelier, combustible et outils ; titre noble ne remplace pas qualification.";0.011977237633217461;0.2043028904731046;0.010654748309484638
Orfèvre;Bijoutier;0.09077395056632266;0.15006439174462335;2.7232185169896796;A — activité attestée;MJ128;"Visiteurs dont nobles, eaux chaudes, entraînement dragonblades, portail Elemental Grounds et secours. Professions des résidents ; lieu de travail et commanditaires peuvent être extérieurs au quartier. Visiteurs exclus du stock. activité/institution locale Budget civil 24,00 % ; coefficient 0,800000 ; part de filière 0,671 %. Apprentissage, atelier, combustible et outils ; titre noble ne remplace pas qualification.";0.0047908950532869815;0.08172115618924183;0.004261899323793852
Lapidaire et tailleur de gemmes;Bijoutier;0.09077395056632266;0.15006439174462335;2.7232185169896796;A — activité attestée;MJ128;"Visiteurs dont nobles, eaux chaudes, entraînement dragonblades, portail Elemental Grounds et secours. Professions des résidents ; lieu de travail et commanditaires peuvent être extérieurs au quartier. Visiteurs exclus du stock. activité/institution locale Budget civil 24,00 % ; coefficient 0,800000 ; part de filière 0,671 %. Apprentissage, atelier, combustible et outils ; titre noble ne remplace pas qualification.";0.0047908950532869815;0.08172115618924183;0.004261899323793852
Tanneur;Tanneur;0.14183429775987919;0.23447561210097403;4.2550289327963755;A — activité attestée;MJ128;"Visiteurs dont nobles, eaux chaudes, entraînement dragonblades, portail Elemental Grounds et secours. Professions des résidents ; lieu de travail et commanditaires peuvent être extérieurs au quartier. Visiteurs exclus du stock. activité/institution locale Budget civil 24,00 % ; coefficient 1,250000 ; part de filière 1,049 %. Apprentissage, atelier, combustible et outils ; titre noble ne remplace pas qualification.";0.007485773520760914;0.12768930654569038;0.0066592176934278996
Fourreur;Tanneur;0.056733719103951676;0.09379024484038961;1.7020115731185501;D — activité déduite;"SB120; SB133";"Visiteurs dont nobles, eaux chaudes, entraînement dragonblades, portail Elemental Grounds et secours. Professions des résidents ; lieu de travail et commanditaires peuvent être extérieurs au quartier. Visiteurs exclus du stock. activité/institution locale Budget civil 24,00 % ; coefficient 0,500000 ; part de filière 0,419 %. Apprentissage, atelier, combustible et outils ; titre noble ne remplace pas qualification.";0.0029943094083043653;0.05107572261827615;0.0026636870773711595
Maroquinier;Artisan du cuir;0.18154790113264532;0.3001287834892467;5.446437033979359;A — activité attestée;MJ128;"Visiteurs dont nobles, eaux chaudes, entraînement dragonblades, portail Elemental Grounds et secours. Professions des résidents ; lieu de travail et commanditaires peuvent être extérieurs au quartier. Visiteurs exclus du stock. activité/institution locale Budget civil 24,00 % ; coefficient 1,600000 ; part de filière 1,342 %. Apprentissage, atelier, combustible et outils ; titre noble ne remplace pas qualification.";0.009581790106573963;0.16344231237848367;0.008523798647587705
Bourrelier et sellier;Artisan du cuir;0.18154790113264532;0.3001287834892467;5.446437033979359;D — activité déduite;"MJ128; SB163";"Visiteurs dont nobles, eaux chaudes, entraînement dragonblades, portail Elemental Grounds et secours. Professions des résidents ; lieu de travail et commanditaires peuvent être extérieurs au quartier. Visiteurs exclus du stock. activité/institution locale Budget civil 24,00 % ; coefficient 1,600000 ; part de filière 1,342 %. Apprentissage, atelier, combustible et outils ; titre noble ne remplace pas qualification.";0.009581790106573963;0.16344231237848367;0.008523798647587705
Boursier, fabricant de bourses;Artisan du cuir;0.18154790113264532;0.3001287834892467;5.446437033979359;D — activité déduite;MJ128;"Visiteurs dont nobles, eaux chaudes, entraînement dragonblades, portail Elemental Grounds et secours. Professions des résidents ; lieu de travail et commanditaires peuvent être extérieurs au quartier. Visiteurs exclus du stock. activité/institution locale Budget civil 24,00 % ; coefficient 1,600000 ; part de filière 1,342 %. Apprentissage, atelier, combustible et outils ; titre noble ne remplace pas qualification.";0.009581790106573963;0.16344231237848367;0.008523798647587705
Gantier;Artisan du cuir;0.18154790113264532;0.3001287834892467;5.446437033979359;D — activité déduite;MJ128;"Visiteurs dont nobles, eaux chaudes, entraînement dragonblades, portail Elemental Grounds et secours. Professions des résidents ; lieu de travail et commanditaires peuvent être extérieurs au quartier. Visiteurs exclus du stock. activité/institution locale Budget civil 24,00 % ; coefficient 1,600000 ; part de filière 1,342 %. Apprentissage, atelier, combustible et outils ; titre noble ne remplace pas qualification.";0.009581790106573963;0.16344231237848367;0.008523798647587705
Cordonnier;Artisan du cuir;0.18154790113264532;0.3001287834892467;5.446437033979359;A — activité attestée;MJ128;"Visiteurs dont nobles, eaux chaudes, entraînement dragonblades, portail Elemental Grounds et secours. Professions des résidents ; lieu de travail et commanditaires peuvent être extérieurs au quartier. Visiteurs exclus du stock. activité/institution locale Budget civil 24,00 % ; coefficient 1,600000 ; part de filière 1,342 %. Apprentissage, atelier, combustible et outils ; titre noble ne remplace pas qualification.";0.009581790106573963;0.16344231237848367;0.008523798647587705
Fileur;Artisan textile;0.2269348764158067;0.37516097936155846;6.8080462924742005;D — activité déduite;MJ128;"Visiteurs dont nobles, eaux chaudes, entraînement dragonblades, portail Elemental Grounds et secours. Professions des résidents ; lieu de travail et commanditaires peuvent être extérieurs au quartier. Visiteurs exclus du stock. activité/institution locale Budget civil 24,00 % ; coefficient 2,000000 ; part de filière 1,678 %. Apprentissage, atelier, combustible et outils ; titre noble ne remplace pas qualification.";0.011977237633217461;0.2043028904731046;0.010654748309484638
Tisserand;Artisan textile;0.2269348764158067;0.37516097936155846;6.8080462924742005;A — activité attestée;MJ128;"Visiteurs dont nobles, eaux chaudes, entraînement dragonblades, portail Elemental Grounds et secours. Professions des résidents ; lieu de travail et commanditaires peuvent être extérieurs au quartier. Visiteurs exclus du stock. activité/institution locale Budget civil 24,00 % ; coefficient 2,000000 ; part de filière 1,678 %. Apprentissage, atelier, combustible et outils ; titre noble ne remplace pas qualification.";0.011977237633217461;0.2043028904731046;0.010654748309484638
Teinturier;Artisan textile;0.2269348764158067;0.37516097936155846;6.8080462924742005;A — activité attestée;MJ128;"Visiteurs dont nobles, eaux chaudes, entraînement dragonblades, portail Elemental Grounds et secours. Professions des résidents ; lieu de travail et commanditaires peuvent être extérieurs au quartier. Visiteurs exclus du stock. activité/institution locale Budget civil 24,00 % ; coefficient 2,000000 ; part de filière 1,678 %. Apprentissage, atelier, combustible et outils ; titre noble ne remplace pas qualification.";0.011977237633217461;0.2043028904731046;0.010654748309484638
Tailleur;Tailleur de vêtements;0.2269348764158067;0.37516097936155846;6.8080462924742005;D — activité déduite;"MJ128; SB139";"Visiteurs dont nobles, eaux chaudes, entraînement dragonblades, portail Elemental Grounds et secours. Professions des résidents ; lieu de travail et commanditaires peuvent être extérieurs au quartier. Visiteurs exclus du stock. activité/institution locale Budget civil 24,00 % ; coefficient 2,000000 ; part de filière 1,678 %. Apprentissage, atelier, combustible et outils ; titre noble ne remplace pas qualification.";0.011977237633217461;0.2043028904731046;0.010654748309484638
Modiste et fabricant de coiffes;Tailleur de vêtements;0.2269348764158067;0.37516097936155846;6.8080462924742005;D — activité déduite;"SB139; SB120";"Visiteurs dont nobles, eaux chaudes, entraînement dragonblades, portail Elemental Grounds et secours. Professions des résidents ; lieu de travail et commanditaires peuvent être extérieurs au quartier. Visiteurs exclus du stock. activité/institution locale Budget civil 24,00 % ; coefficient 2,000000 ; part de filière 1,678 %. Apprentissage, atelier, combustible et outils ; titre noble ne remplace pas qualification.";0.011977237633217461;0.2043028904731046;0.010654748309484638
Tapissier;Tapissier;0.11346743820790335;0.18758048968077923;3.4040231462371002;D — activité déduite;SB200;"Visiteurs dont nobles, eaux chaudes, entraînement dragonblades, portail Elemental Grounds et secours. Professions des résidents ; lieu de travail et commanditaires peuvent être extérieurs au quartier. Visiteurs exclus du stock. activité/institution locale Budget civil 24,00 % ; coefficient 1,000000 ; part de filière 0,839 %. Apprentissage, atelier, combustible et outils ; titre noble ne remplace pas qualification.";0.0059886188166087305;0.1021514452365523;0.005327374154742319
Menuisier;Menuisier;0.5673371910395167;0.9379024484038961;17.020115731185502;D — activité déduite;"MJ128; SB152";"Visiteurs dont nobles, eaux chaudes, entraînement dragonblades, portail Elemental Grounds et secours. Professions des résidents ; lieu de travail et commanditaires peuvent être extérieurs au quartier. Visiteurs exclus du stock. activité/institution locale Budget civil 24,00 % ; coefficient 5,000000 ; part de filière 4,195 %. Apprentissage, atelier, combustible et outils ; titre noble ne remplace pas qualification.";0.029943094083043655;0.5107572261827615;0.026636870773711598
Ébéniste;Menuisier;0.2269348764158067;0.37516097936155846;6.8080462924742005;D — activité déduite;MJ128;"Visiteurs dont nobles, eaux chaudes, entraînement dragonblades, portail Elemental Grounds et secours. Professions des résidents ; lieu de travail et commanditaires peuvent être extérieurs au quartier. Visiteurs exclus du stock. activité/institution locale Budget civil 24,00 % ; coefficient 2,000000 ; part de filière 1,678 %. Apprentissage, atelier, combustible et outils ; titre noble ne remplace pas qualification.";0.011977237633217461;0.2043028904731046;0.010654748309484638
Sculpteur sur bois;Menuisier;0.2269348764158067;0.37516097936155846;6.8080462924742005;A — activité attestée;MJ128;"Visiteurs dont nobles, eaux chaudes, entraînement dragonblades, portail Elemental Grounds et secours. Professions des résidents ; lieu de travail et commanditaires peuvent être extérieurs au quartier. Visiteurs exclus du stock. activité/institution locale Budget civil 24,00 % ; coefficient 2,000000 ; part de filière 1,678 %. Apprentissage, atelier, combustible et outils ; titre noble ne remplace pas qualification.";0.011977237633217461;0.2043028904731046;0.010654748309484638
Tonnelier;Menuisier;0.2269348764158067;0.37516097936155846;6.8080462924742005;A — activité attestée;MJ128;"Visiteurs dont nobles, eaux chaudes, entraînement dragonblades, portail Elemental Grounds et secours. Professions des résidents ; lieu de travail et commanditaires peuvent être extérieurs au quartier. Visiteurs exclus du stock. activité/institution locale Budget civil 24,00 % ; coefficient 2,000000 ; part de filière 1,678 %. Apprentissage, atelier, combustible et outils ; titre noble ne remplace pas qualification.";0.011977237633217461;0.2043028904731046;0.010654748309484638
Charron;Menuisier;0.2269348764158067;0.37516097936155846;6.8080462924742005;A — activité attestée;MJ128;"Visiteurs dont nobles, eaux chaudes, entraînement dragonblades, portail Elemental Grounds et secours. Professions des résidents ; lieu de travail et commanditaires peuvent être extérieurs au quartier. Visiteurs exclus du stock. activité/institution locale Budget civil 24,00 % ; coefficient 2,000000 ; part de filière 1,678 %. Apprentissage, atelier, combustible et outils ; titre noble ne remplace pas qualification.";0.011977237633217461;0.2043028904731046;0.010654748309484638
Charpentier;Charpentier;0.3687691741756859;0.6096365914625326;11.063075225270577;A — activité attestée;MJ128;"Visiteurs dont nobles, eaux chaudes, entraînement dragonblades, portail Elemental Grounds et secours. Professions des résidents ; lieu de travail et commanditaires peuvent être extérieurs au quartier. Visiteurs exclus du stock. activité/institution locale Budget civil 24,00 % ; coefficient 3,250000 ; part de filière 2,727 %. Apprentissage, atelier, combustible et outils ; titre noble ne remplace pas qualification.";0.019463011153978364;0.331992197018795;0.01731396600291254
Couvreur;Charpentier;0.14750766967027437;0.24385463658501302;4.425230090108231;A — activité attestée;MJ128;"Visiteurs dont nobles, eaux chaudes, entraînement dragonblades, portail Elemental Grounds et secours. Professions des résidents ; lieu de travail et commanditaires peuvent être extérieurs au quartier. Visiteurs exclus du stock. activité/institution locale Budget civil 24,00 % ; coefficient 1,300000 ; part de filière 1,091 %. Apprentissage, atelier, combustible et outils ; titre noble ne remplace pas qualification.";0.007785204461591354;0.132796878807518;0.006925586401165015
Constructeur naval;Constructeur naval;0.17020115731185503;0.28137073452116884;5.106034719355651;A — activité attestée;"MJ128; SB148";"Visiteurs dont nobles, eaux chaudes, entraînement dragonblades, portail Elemental Grounds et secours. Professions des résidents ; lieu de travail et commanditaires peuvent être extérieurs au quartier. Visiteurs exclus du stock. activité/institution locale Budget civil 24,00 % ; coefficient 1,500000 ; part de filière 1,258 %. Apprentissage, atelier, combustible et outils ; titre noble ne remplace pas qualification.";0.008982928224913094;0.15322716785482846;0.007991061232113477
Calfat;Constructeur naval;0.06808046292474201;0.11254829380846754;2.0424138877422604;D — activité déduite;"MJ128; SB148";"Visiteurs dont nobles, eaux chaudes, entraînement dragonblades, portail Elemental Grounds et secours. Professions des résidents ; lieu de travail et commanditaires peuvent être extérieurs au quartier. Visiteurs exclus du stock. activité/institution locale Budget civil 24,00 % ; coefficient 0,600000 ; part de filière 0,503 %. Apprentissage, atelier, combustible et outils ; titre noble ne remplace pas qualification.";0.0035931712899652385;0.06129086714193139;0.0031964244928453906
Constructeur de drakkars;Constructeur naval;0;0;0.0;A — activité attestée;SB130;"Visiteurs dont nobles, eaux chaudes, entraînement dragonblades, portail Elemental Grounds et secours. Professions des résidents ; lieu de travail et commanditaires peuvent être extérieurs au quartier. Visiteurs exclus du stock. activité/institution locale Budget civil 24,00 % ; coefficient 0,000000 ; part de filière 0,000 %. Zéro proposé : Filière régionale non retenue dans ce scénario, sans interdiction universelle. Apprentissage, atelier, combustible et outils ; titre noble ne remplace pas qualification.";0;0;0
Cordier;Cordier;0.14183429775987919;0.23447561210097403;4.2550289327963755;D — activité déduite;SB130;"Visiteurs dont nobles, eaux chaudes, entraînement dragonblades, portail Elemental Grounds et secours. Professions des résidents ; lieu de travail et commanditaires peuvent être extérieurs au quartier. Visiteurs exclus du stock. activité/institution locale Budget civil 24,00 % ; coefficient 1,250000 ; part de filière 1,049 %. Apprentissage, atelier, combustible et outils ; titre noble ne remplace pas qualification.";0.007485773520760914;0.12768930654569038;0.0066592176934278996
Voilier;Cordier;0.056733719103951676;0.09379024484038961;1.7020115731185501;A — activité attestée;MJ128;"Visiteurs dont nobles, eaux chaudes, entraînement dragonblades, portail Elemental Grounds et secours. Professions des résidents ; lieu de travail et commanditaires peuvent être extérieurs au quartier. Visiteurs exclus du stock. activité/institution locale Budget civil 24,00 % ; coefficient 0,500000 ; part de filière 0,419 %. Apprentissage, atelier, combustible et outils ; titre noble ne remplace pas qualification.";0.0029943094083043653;0.05107572261827615;0.0026636870773711595
Facteur d’arcs;Facteur d’arcs;0.11346743820790335;0.18758048968077923;3.4040231462371002;A — activité attestée;"MJ128; SB152";"Visiteurs dont nobles, eaux chaudes, entraînement dragonblades, portail Elemental Grounds et secours. Professions des résidents ; lieu de travail et commanditaires peuvent être extérieurs au quartier. Visiteurs exclus du stock. activité/institution locale Budget civil 24,00 % ; coefficient 1,000000 ; part de filière 0,839 %. Apprentissage, atelier, combustible et outils ; titre noble ne remplace pas qualification.";0.0059886188166087305;0.1021514452365523;0.005327374154742319
Fabricant de flèches;Facteur d’arcs;0.04538697528316133;0.07503219587231168;1.3616092584948398;A — activité attestée;SB152;"Visiteurs dont nobles, eaux chaudes, entraînement dragonblades, portail Elemental Grounds et secours. Professions des résidents ; lieu de travail et commanditaires peuvent être extérieurs au quartier. Visiteurs exclus du stock. activité/institution locale Budget civil 24,00 % ; coefficient 0,400000 ; part de filière 0,336 %. Apprentissage, atelier, combustible et outils ; titre noble ne remplace pas qualification.";0.0023954475266434907;0.04086057809462092;0.002130949661896926
Luthier et facteur d’instruments;Luthier;0.08510057865592752;0.14068536726058442;2.5530173596778254;D — activité déduite;BR55;"Visiteurs dont nobles, eaux chaudes, entraînement dragonblades, portail Elemental Grounds et secours. Professions des résidents ; lieu de travail et commanditaires peuvent être extérieurs au quartier. Visiteurs exclus du stock. activité/institution locale Budget civil 24,00 % ; coefficient 0,750000 ; part de filière 0,629 %. Apprentissage, atelier, combustible et outils ; titre noble ne remplace pas qualification.";0.004491464112456547;0.07661358392741423;0.003995530616056738
Tailleur de pierre;Tailleur de pierre;0.28366859551975837;0.46895122420194807;8.510057865592751;A — activité attestée;"MJ128; SB161";"Visiteurs dont nobles, eaux chaudes, entraînement dragonblades, portail Elemental Grounds et secours. Professions des résidents ; lieu de travail et commanditaires peuvent être extérieurs au quartier. Visiteurs exclus du stock. activité/institution locale Budget civil 24,00 % ; coefficient 2,500000 ; part de filière 2,097 %. Apprentissage, atelier, combustible et outils ; titre noble ne remplace pas qualification.";0.014971547041521828;0.25537861309138077;0.013318435386855799
Sculpteur sur pierre;Tailleur de pierre;0.11346743820790335;0.18758048968077923;3.4040231462371002;D — activité déduite;"MJ128; SB161";"Visiteurs dont nobles, eaux chaudes, entraînement dragonblades, portail Elemental Grounds et secours. Professions des résidents ; lieu de travail et commanditaires peuvent être extérieurs au quartier. Visiteurs exclus du stock. activité/institution locale Budget civil 24,00 % ; coefficient 1,000000 ; part de filière 0,839 %. Apprentissage, atelier, combustible et outils ; titre noble ne remplace pas qualification.";0.0059886188166087305;0.1021514452365523;0.005327374154742319
Sculpteur de statues de Stone Spirits;Tailleur de pierre;0;0;0.0;A — activité attestée;SB161;"Visiteurs dont nobles, eaux chaudes, entraînement dragonblades, portail Elemental Grounds et secours. Professions des résidents ; lieu de travail et commanditaires peuvent être extérieurs au quartier. Visiteurs exclus du stock. activité/institution locale Budget civil 24,00 % ; coefficient 0,000000 ; part de filière 0,000 %. Zéro proposé : Filière régionale non retenue dans ce scénario, sans interdiction universelle. Apprentissage, atelier, combustible et outils ; titre noble ne remplace pas qualification.";0;0;0
Maçon;Maçon;1.1346743820790335;1.8758048968077923;34.040231462371004;A — activité attestée;"MJ128; SB90";"Visiteurs dont nobles, eaux chaudes, entraînement dragonblades, portail Elemental Grounds et secours. Professions des résidents ; lieu de travail et commanditaires peuvent être extérieurs au quartier. Visiteurs exclus du stock. activité/institution locale Budget civil 24,00 % ; coefficient 10,000000 ; part de filière 8,390 %. Apprentissage, atelier, combustible et outils ; titre noble ne remplace pas qualification.";0.05988618816608731;1.021514452365523;0.053273741547423197
Plâtrier;Maçon;0.4538697528316134;0.7503219587231169;13.616092584948401;A — activité attestée;"MJ128; SB90";"Visiteurs dont nobles, eaux chaudes, entraînement dragonblades, portail Elemental Grounds et secours. Professions des résidents ; lieu de travail et commanditaires peuvent être extérieurs au quartier. Visiteurs exclus du stock. activité/institution locale Budget civil 24,00 % ; coefficient 4,000000 ; part de filière 3,356 %. Apprentissage, atelier, combustible et outils ; titre noble ne remplace pas qualification.";0.023954475266434922;0.4086057809462092;0.021309496618969276
Manœuvre de chantier;Maçon;0.4538697528316134;0.7503219587231169;13.616092584948401;A — activité attestée;SB90;"Visiteurs dont nobles, eaux chaudes, entraînement dragonblades, portail Elemental Grounds et secours. Professions des résidents ; lieu de travail et commanditaires peuvent être extérieurs au quartier. Visiteurs exclus du stock. activité/institution locale Budget civil 24,00 % ; coefficient 4,000000 ; part de filière 3,356 %. Apprentissage, atelier, combustible et outils ; titre noble ne remplace pas qualification.";0.01230187363946019;0.41968080115672785;0.021887078035425382
Architecte;Architecte;0.2269348764158067;0.37516097936155846;6.8080462924742005;A — activité attestée;SB174;"Visiteurs dont nobles, eaux chaudes, entraînement dragonblades, portail Elemental Grounds et secours. Professions des résidents ; lieu de travail et commanditaires peuvent être extérieurs au quartier. Visiteurs exclus du stock. activité/institution locale Budget civil 24,00 % ; coefficient 2,000000 ; part de filière 1,678 %. Apprentissage, atelier, combustible et outils ; titre noble ne remplace pas qualification.";0.011977237633217461;0.2043028904731046;0.010654748309484638
Géomètre et arpenteur;Architecte;0.09077395056632266;0.15006439174462335;2.7232185169896796;A — activité attestée;MJ128;"Visiteurs dont nobles, eaux chaudes, entraînement dragonblades, portail Elemental Grounds et secours. Professions des résidents ; lieu de travail et commanditaires peuvent être extérieurs au quartier. Visiteurs exclus du stock. activité/institution locale Budget civil 24,00 % ; coefficient 0,800000 ; part de filière 0,671 %. Apprentissage, atelier, combustible et outils ; titre noble ne remplace pas qualification.";0.0047908950532869815;0.08172115618924183;0.004261899323793852
Potier;Potier;0.28366859551975837;0.46895122420194807;8.510057865592751;A — activité attestée;"MJ128; SB200";"Visiteurs dont nobles, eaux chaudes, entraînement dragonblades, portail Elemental Grounds et secours. Professions des résidents ; lieu de travail et commanditaires peuvent être extérieurs au quartier. Visiteurs exclus du stock. activité/institution locale Budget civil 24,00 % ; coefficient 2,500000 ; part de filière 2,097 %. Apprentissage, atelier, combustible et outils ; titre noble ne remplace pas qualification.";0.014971547041521828;0.25537861309138077;0.013318435386855799
Tuilier;Potier;0.11346743820790335;0.18758048968077923;3.4040231462371002;A — activité attestée;"MJ128; SB200";"Visiteurs dont nobles, eaux chaudes, entraînement dragonblades, portail Elemental Grounds et secours. Professions des résidents ; lieu de travail et commanditaires peuvent être extérieurs au quartier. Visiteurs exclus du stock. activité/institution locale Budget civil 24,00 % ; coefficient 1,000000 ; part de filière 0,839 %. Apprentissage, atelier, combustible et outils ; titre noble ne remplace pas qualification.";0.0059886188166087305;0.1021514452365523;0.005327374154742319
Porcelainier;Potier;0.11346743820790335;0.18758048968077923;3.4040231462371002;D — activité déduite;SB200;"Visiteurs dont nobles, eaux chaudes, entraînement dragonblades, portail Elemental Grounds et secours. Professions des résidents ; lieu de travail et commanditaires peuvent être extérieurs au quartier. Visiteurs exclus du stock. activité/institution locale Budget civil 24,00 % ; coefficient 1,000000 ; part de filière 0,839 %. Apprentissage, atelier, combustible et outils ; titre noble ne remplace pas qualification.";0.0059886188166087305;0.1021514452365523;0.005327374154742319
Souffleur de verre;Verrier;0.07942720674553234;0.13130634277654546;2.3828162023659702;A — activité attestée;"MJ128; SB174";"Visiteurs dont nobles, eaux chaudes, entraînement dragonblades, portail Elemental Grounds et secours. Professions des résidents ; lieu de travail et commanditaires peuvent être extérieurs au quartier. Visiteurs exclus du stock. activité/institution locale Budget civil 24,00 % ; coefficient 0,700000 ; part de filière 0,587 %. Apprentissage, atelier, combustible et outils ; titre noble ne remplace pas qualification.";0.004192033171626109;0.07150601166558661;0.003729161908319623
Vitrier;Verrier;0.07942720674553234;0.13130634277654546;2.3828162023659702;A — activité attestée;"MJ128; SB174";"Visiteurs dont nobles, eaux chaudes, entraînement dragonblades, portail Elemental Grounds et secours. Professions des résidents ; lieu de travail et commanditaires peuvent être extérieurs au quartier. Visiteurs exclus du stock. activité/institution locale Budget civil 24,00 % ; coefficient 0,700000 ; part de filière 0,587 %. Apprentissage, atelier, combustible et outils ; titre noble ne remplace pas qualification.";0.004192033171626109;0.07150601166558661;0.003729161908319623
Opticien et fabricant de lentilles;Verrier;0;0;0.0;D — activité déduite;SB174;"Visiteurs dont nobles, eaux chaudes, entraînement dragonblades, portail Elemental Grounds et secours. Professions des résidents ; lieu de travail et commanditaires peuvent être extérieurs au quartier. Visiteurs exclus du stock. activité/institution locale Budget civil 24,00 % ; coefficient 0,000000 ; part de filière 0,000 %. Zéro proposé : Climat, matière ou culture hors filière régionale retenue ; aucun établissement exceptionnel proposé. Apprentissage, atelier, combustible et outils ; titre noble ne remplace pas qualification.";0;0;0
Papetier;Papetier et artisan du livre;0.21785748135917443;0.36015454018709614;6.535724440775233;A — activité attestée;SB138;"Visiteurs dont nobles, eaux chaudes, entraînement dragonblades, portail Elemental Grounds et secours. Professions des résidents ; lieu de travail et commanditaires peuvent être extérieurs au quartier. Visiteurs exclus du stock. activité/institution locale Budget civil 24,00 % ; coefficient 1,920000 ; part de filière 1,611 %. Apprentissage, atelier, combustible et outils ; titre noble ne remplace pas qualification.";0.011498148127888764;0.19613077485418043;0.01022855837710525
Relieur;Papetier et artisan du livre;0.21785748135917443;0.36015454018709614;6.535724440775233;D — activité déduite;"SB138; MJ128";"Visiteurs dont nobles, eaux chaudes, entraînement dragonblades, portail Elemental Grounds et secours. Professions des résidents ; lieu de travail et commanditaires peuvent être extérieurs au quartier. Visiteurs exclus du stock. activité/institution locale Budget civil 24,00 % ; coefficient 1,920000 ; part de filière 1,611 %. Apprentissage, atelier, combustible et outils ; titre noble ne remplace pas qualification.";0.011498148127888764;0.19613077485418043;0.01022855837710525
Chandelier;Chandelier;0.14183429775987919;0.23447561210097403;4.2550289327963755;P — activité proposée;SB98;"Visiteurs dont nobles, eaux chaudes, entraînement dragonblades, portail Elemental Grounds et secours. Professions des résidents ; lieu de travail et commanditaires peuvent être extérieurs au quartier. Visiteurs exclus du stock. activité/institution locale Budget civil 24,00 % ; coefficient 1,250000 ; part de filière 1,049 %. Apprentissage, atelier, combustible et outils ; titre noble ne remplace pas qualification.";0.007485773520760914;0.12768930654569038;0.0066592176934278996
Peintre;Peintre;0.2269348764158067;0.37516097936155846;6.8080462924742005;A — activité attestée;"MJ128; SB190";"Visiteurs dont nobles, eaux chaudes, entraînement dragonblades, portail Elemental Grounds et secours. Professions des résidents ; lieu de travail et commanditaires peuvent être extérieurs au quartier. Visiteurs exclus du stock. activité/institution locale Budget civil 24,00 % ; coefficient 2,000000 ; part de filière 1,678 %. Apprentissage, atelier, combustible et outils ; titre noble ne remplace pas qualification.";0.011977237633217461;0.2043028904731046;0.010654748309484638
Fabricant d’enseignes;Peintre;0.09077395056632266;0.15006439174462335;2.7232185169896796;A — activité attestée;"MJ128; SB190";"Visiteurs dont nobles, eaux chaudes, entraînement dragonblades, portail Elemental Grounds et secours. Professions des résidents ; lieu de travail et commanditaires peuvent être extérieurs au quartier. Visiteurs exclus du stock. activité/institution locale Budget civil 24,00 % ; coefficient 0,800000 ; part de filière 0,671 %. Apprentissage, atelier, combustible et outils ; titre noble ne remplace pas qualification.";0.0047908950532869815;0.08172115618924183;0.004261899323793852
Enlumineur;Peintre;0.09077395056632266;0.15006439174462335;2.7232185169896796;A — activité attestée;"MJ128; SB190";"Visiteurs dont nobles, eaux chaudes, entraînement dragonblades, portail Elemental Grounds et secours. Professions des résidents ; lieu de travail et commanditaires peuvent être extérieurs au quartier. Visiteurs exclus du stock. activité/institution locale Budget civil 24,00 % ; coefficient 0,800000 ; part de filière 0,671 %. Apprentissage, atelier, combustible et outils ; titre noble ne remplace pas qualification.";0.0047908950532869815;0.08172115618924183;0.004261899323793852
Peintre de guerre spirituel;Peintre;0;0;0.0;A — activité attestée;SB193;"Visiteurs dont nobles, eaux chaudes, entraînement dragonblades, portail Elemental Grounds et secours. Professions des résidents ; lieu de travail et commanditaires peuvent être extérieurs au quartier. Visiteurs exclus du stock. activité/institution locale Initiation de la Red Mother ou apprentissage autorisé; recette complète non librement disponible Budget civil 24,00 % ; coefficient 0,000000 ; part de filière 0,000 %. Zéro proposé : Filière régionale non retenue dans ce scénario, sans interdiction universelle. Apprentissage, atelier, combustible et outils ; titre noble ne remplace pas qualification.";0;0;0
Tatoueur rituel;Peintre;0;0;0.0;D — activité déduite;"SB200; SB204";"Visiteurs dont nobles, eaux chaudes, entraînement dragonblades, portail Elemental Grounds et secours. Professions des résidents ; lieu de travail et commanditaires peuvent être extérieurs au quartier. Visiteurs exclus du stock. activité/institution locale Budget civil 24,00 % ; coefficient 0,000000 ; part de filière 0,000 %. Zéro proposé : Filière régionale non retenue dans ce scénario, sans interdiction universelle. Apprentissage, atelier, combustible et outils ; titre noble ne remplace pas qualification.";0;0;0
Portefaix;Transporteur terrestre;0.28211551906290105;0.46638373129922484;8.463465571887031;D — activité déduite;"MJ132; SB121";"Visiteurs dont nobles, eaux chaudes, entraînement dragonblades, portail Elemental Grounds et secours. Professions des résidents ; lieu de travail et commanditaires peuvent être extérieurs au quartier. Visiteurs exclus du stock. activité/institution locale Budget civil 13,00 % ; coefficient 6,000000 ; part de filière 3,851 %. Réseau, itinéraires, confiance et capital ; manutention distincte de propriété du fret.";0.011209830836770648;0.2549503663310125;0.015955321895117953
Docker;Transporteur terrestre;0.28211551906290105;0.46638373129922484;8.463465571887031;D — activité déduite;"MJ132; SB121";"Visiteurs dont nobles, eaux chaudes, entraînement dragonblades, portail Elemental Grounds et secours. Professions des résidents ; lieu de travail et commanditaires peuvent être extérieurs au quartier. Visiteurs exclus du stock. activité/institution locale Budget civil 13,00 % ; coefficient 6,000000 ; part de filière 3,851 %. Réseau, itinéraires, confiance et capital ; manutention distincte de propriété du fret.";0.011209830836770648;0.2549503663310125;0.015955321895117953
Magasinier;Transporteur terrestre;0.2821155190629011;0.4663837312992249;8.463465571887033;D — activité déduite;"MJ132; SB121";"Visiteurs dont nobles, eaux chaudes, entraînement dragonblades, portail Elemental Grounds et secours. Professions des résidents ; lieu de travail et commanditaires peuvent être extérieurs au quartier. Visiteurs exclus du stock. activité/institution locale Budget civil 13,00 % ; coefficient 6,000000 ; part de filière 3,851 %. Réseau, itinéraires, confiance et capital ; manutention distincte de propriété du fret.";0.021562863531601;0.24520708816115472;0.015345567370145363
Charretier et cocher;Transporteur terrestre;0.2821155190629011;0.4663837312992249;8.463465571887033;D — activité déduite;"MJ132; SB121";"Visiteurs dont nobles, eaux chaudes, entraînement dragonblades, portail Elemental Grounds et secours. Professions des résidents ; lieu de travail et commanditaires peuvent être extérieurs au quartier. Visiteurs exclus du stock. activité/institution locale Budget civil 13,00 % ; coefficient 6,000000 ; part de filière 3,851 %. Réseau, itinéraires, confiance et capital ; manutention distincte de propriété du fret.";0.021562863531601;0.24520708816115472;0.015345567370145363
Chef de caravane;Transporteur terrestre;0.2821155190629011;0.4663837312992249;8.463465571887033;A — activité attestée;MJ132;"Visiteurs dont nobles, eaux chaudes, entraînement dragonblades, portail Elemental Grounds et secours. Professions des résidents ; lieu de travail et commanditaires peuvent être extérieurs au quartier. Visiteurs exclus du stock. activité/institution locale Budget civil 13,00 % ; coefficient 6,000000 ; part de filière 3,851 %. Réseau, itinéraires, confiance et capital ; manutention distincte de propriété du fret.";0.021562863531601;0.24520708816115472;0.015345567370145363
Coursier et messager;Transporteur terrestre;0.2821155190629011;0.4663837312992249;8.463465571887033;D — activité déduite;"MJ132; SB121";"Visiteurs dont nobles, eaux chaudes, entraînement dragonblades, portail Elemental Grounds et secours. Professions des résidents ; lieu de travail et commanditaires peuvent être extérieurs au quartier. Visiteurs exclus du stock. activité/institution locale Budget civil 13,00 % ; coefficient 6,000000 ; part de filière 3,851 %. Réseau, itinéraires, confiance et capital ; manutention distincte de propriété du fret.";0.021562863531601;0.24520708816115472;0.015345567370145363
Porteur d’eau;Transporteur terrestre;0.2821155190629011;0.4663837312992249;8.463465571887033;P — activité proposée;"MJ132; SB121";"Visiteurs dont nobles, eaux chaudes, entraînement dragonblades, portail Elemental Grounds et secours. Professions des résidents ; lieu de travail et commanditaires peuvent être extérieurs au quartier. Visiteurs exclus du stock. activité/institution locale Budget civil 13,00 % ; coefficient 6,000000 ; part de filière 3,851 %. Réseau, itinéraires, confiance et capital ; manutention distincte de propriété du fret.";0.021562863531601;0.24520708816115472;0.015345567370145363
Transporteur de canopée;Transporteur terrestre;0;0;0.0;D — activité déduite;SB154;"Visiteurs dont nobles, eaux chaudes, entraînement dragonblades, portail Elemental Grounds et secours. Professions des résidents ; lieu de travail et commanditaires peuvent être extérieurs au quartier. Visiteurs exclus du stock. activité/institution locale Budget civil 13,00 % ; coefficient 0,000000 ; part de filière 0,000 %. Zéro proposé : Filière régionale non retenue dans ce scénario, sans interdiction universelle. Réseau, itinéraires, confiance et capital ; manutention distincte de propriété du fret.";0;0;0
Opérateur de Stone Disks;Transporteur terrestre;0;0;0.0;A — activité attestée;PG13;"Visiteurs dont nobles, eaux chaudes, entraînement dragonblades, portail Elemental Grounds et secours. Professions des résidents ; lieu de travail et commanditaires peuvent être extérieurs au quartier. Visiteurs exclus du stock. activité/institution locale Prêtre nain de Dorsi; Formation spécialisée Budget civil 13,00 % ; coefficient 0,000000 ; part de filière 0,000 %. Zéro proposé : Filière régionale non retenue dans ce scénario, sans interdiction universelle. Réseau, itinéraires, confiance et capital ; manutention distincte de propriété du fret.";0;0;0
Palefrenier et soigneur d’écurie;Transporteur terrestre;0.2821155190629011;0.4663837312992249;8.463465571887033;D — activité déduite;SB123;"Visiteurs dont nobles, eaux chaudes, entraînement dragonblades, portail Elemental Grounds et secours. Professions des résidents ; lieu de travail et commanditaires peuvent être extérieurs au quartier. Visiteurs exclus du stock. activité/institution locale Budget civil 13,00 % ; coefficient 6,000000 ; part de filière 3,851 %. Réseau, itinéraires, confiance et capital ; manutention distincte de propriété du fret.";0.021562863531601;0.24520708816115472;0.015345567370145363
Marin;Marin;0.11754813294287547;0.19432655470801038;3.5264439882862644;A — activité attestée;MJ136;"Visiteurs dont nobles, eaux chaudes, entraînement dragonblades, portail Elemental Grounds et secours. Professions des résidents ; lieu de travail et commanditaires peuvent être extérieurs au quartier. Visiteurs exclus du stock. activité/institution locale Budget civil 13,00 % ; coefficient 2,500000 ; part de filière 1,605 %. Réseau, itinéraires, confiance et capital ; manutention distincte de propriété du fret.";0.008984526471500418;0.10216962006714782;0.006393986404227236
Navigateur;Marin;0.047019253177150194;0.07773062188320416;1.4105775953145059;A — activité attestée;MJ136;"Visiteurs dont nobles, eaux chaudes, entraînement dragonblades, portail Elemental Grounds et secours. Professions des résidents ; lieu de travail et commanditaires peuvent être extérieurs au quartier. Visiteurs exclus du stock. activité/institution locale Budget civil 13,00 % ; coefficient 1,000000 ; part de filière 0,642 %. Réseau, itinéraires, confiance et capital ; manutention distincte de propriété du fret.";0.0035938105886001675;0.04086784802685913;0.002557594561690895
Pilote de port;Marin;0.047019253177150194;0.07773062188320416;1.4105775953145059;D — activité déduite;MJ136;"Visiteurs dont nobles, eaux chaudes, entraînement dragonblades, portail Elemental Grounds et secours. Professions des résidents ; lieu de travail et commanditaires peuvent être extérieurs au quartier. Visiteurs exclus du stock. activité/institution locale Budget civil 13,00 % ; coefficient 1,000000 ; part de filière 0,642 %. Réseau, itinéraires, confiance et capital ; manutention distincte de propriété du fret.";0.0035938105886001675;0.04086784802685913;0.002557594561690895
Capitaine de navire;Marin;0.047019253177150194;0.07773062188320416;1.4105775953145059;A — activité attestée;MJ136;"Visiteurs dont nobles, eaux chaudes, entraînement dragonblades, portail Elemental Grounds et secours. Professions des résidents ; lieu de travail et commanditaires peuvent être extérieurs au quartier. Visiteurs exclus du stock. activité/institution locale Budget civil 13,00 % ; coefficient 1,000000 ; part de filière 0,642 %. Réseau, itinéraires, confiance et capital ; manutention distincte de propriété du fret.";0.0035938105886001675;0.04086784802685913;0.002557594561690895
Pilote de véhicule volant;Marin;0.047019253177150194;0.07773062188320416;1.4105775953145059;D — activité déduite;"SB142; SB174";"Visiteurs dont nobles, eaux chaudes, entraînement dragonblades, portail Elemental Grounds et secours. Professions des résidents ; lieu de travail et commanditaires peuvent être extérieurs au quartier. Visiteurs exclus du stock. activité/institution locale Budget civil 13,00 % ; coefficient 1,000000 ; part de filière 0,642 %. Réseau, itinéraires, confiance et capital ; manutention distincte de propriété du fret.";0.0035938105886001675;0.04086784802685913;0.002557594561690895
Aubergiste;Hôte professionnel;2.3374277744206884;3.864155685932697;70.12283323262065;D — activité déduite;"SB110; SB123";"Visiteurs dont nobles, eaux chaudes, entraînement dragonblades, portail Elemental Grounds et secours. Professions des résidents ; lieu de travail et commanditaires peuvent être extérieurs au quartier. Visiteurs exclus du stock. activité/institution locale Budget civil 27,00 % ; coefficient 12,000000 ; part de filière 15,363 %. Apprentissage et qualification variable ; soins avancés et thérapie magique exigent formation.";0.012994463518908605;2.2165431949830774;0.10789011591870251
Tavernier;Hôte professionnel;2.3374277744206884;3.864155685932697;70.12283323262065;A — activité attestée;"SB108; SB149";"Visiteurs dont nobles, eaux chaudes, entraînement dragonblades, portail Elemental Grounds et secours. Professions des résidents ; lieu de travail et commanditaires peuvent être extérieurs au quartier. Visiteurs exclus du stock. activité/institution locale Budget civil 27,00 % ; coefficient 12,000000 ; part de filière 15,363 %. Apprentissage et qualification variable ; soins avancés et thérapie magique exigent formation.";0.012994463518908605;2.2165431949830774;0.10789011591870251
Barbier;Barbier;1.4608923590129306;2.4150973037079364;43.826770770387924;P — activité proposée;"MJ135; PG40";"Visiteurs dont nobles, eaux chaudes, entraînement dragonblades, portail Elemental Grounds et secours. Professions des résidents ; lieu de travail et commanditaires peuvent être extérieurs au quartier. Visiteurs exclus du stock. activité/institution locale Budget civil 27,00 % ; coefficient 7,500000 ; part de filière 9,602 %. Apprentissage et qualification variable ; soins avancés et thérapie magique exigent formation.";0.008121539699317884;1.3853394968644237;0.06743132244918909
Domestique;Employé domestique et aide familiale;3.895712957367814;6.440259476554496;116.87138872103442;A — activité attestée;"MJ135; PG40";"Visiteurs dont nobles, eaux chaudes, entraînement dragonblades, portail Elemental Grounds et secours. Professions des résidents ; lieu de travail et commanditaires peuvent être extérieurs au quartier. Visiteurs exclus du stock. activité/institution locale Budget civil 27,00 % ; coefficient 20,000000 ; part de filière 25,605 %. Apprentissage et qualification variable ; soins avancés et thérapie magique exigent formation.";0.021657439198181007;3.6942386583051285;0.17981685986450424
Gardien d’enfants;Employé domestique et aide familiale;1.947856478683907;3.220129738277248;58.43569436051721;A — activité attestée;PG40;"Visiteurs dont nobles, eaux chaudes, entraînement dragonblades, portail Elemental Grounds et secours. Professions des résidents ; lieu de travail et commanditaires peuvent être extérieurs au quartier. Visiteurs exclus du stock. activité/institution locale Budget civil 27,00 % ; coefficient 10,000000 ; part de filière 12,802 %. Apprentissage et qualification variable ; soins avancés et thérapie magique exigent formation.";0.010828719599090503;1.8471193291525643;0.08990842993225212
Terrassier d’hygiène urbaine;Agent d’entretien;0.3895712957367815;0.6440259476554497;11.687138872103446;P — activité proposée;SB90;"Visiteurs dont nobles, eaux chaudes, entraînement dragonblades, portail Elemental Grounds et secours. Professions des résidents ; lieu de travail et commanditaires peuvent être extérieurs au quartier. Visiteurs exclus du stock. activité/institution locale Budget civil 27,00 % ; coefficient 2,000000 ; part de filière 2,560 %. Apprentissage et qualification variable ; soins avancés et thérapie magique exigent formation.";0.0010858903553355016;0.3704535972746057;0.018031808106840293
Ramoneur;Agent d’entretien;0.3895712957367814;0.6440259476554496;11.687138872103441;P — activité proposée;SB90;"Visiteurs dont nobles, eaux chaudes, entraînement dragonblades, portail Elemental Grounds et secours. Professions des résidents ; lieu de travail et commanditaires peuvent être extérieurs au quartier. Visiteurs exclus du stock. activité/institution locale Budget civil 27,00 % ; coefficient 2,000000 ; part de filière 2,560 %. Apprentissage et qualification variable ; soins avancés et thérapie magique exigent formation.";0.0021657439198181014;0.3694238658305129;0.01798168598645042
Fossoyeur;Agent funéraire;0.11687138872103442;0.19320778429663485;3.5061416616310326;A — activité attestée;"MJ135; SB99; SB182";"Visiteurs dont nobles, eaux chaudes, entraînement dragonblades, portail Elemental Grounds et secours. Professions des résidents ; lieu de travail et commanditaires peuvent être extérieurs au quartier. Visiteurs exclus du stock. activité/institution locale Budget civil 27,00 % ; coefficient 0,600000 ; part de filière 0,768 %. Apprentissage et qualification variable ; soins avancés et thérapie magique exigent formation.";0.0006497231759454303;0.11082715974915386;0.005394505795935128
Gardien de cimetière;Agent funéraire;0.11687138872103442;0.19320778429663485;3.5061416616310326;A — activité attestée;"MJ135; SB99; SB182";"Visiteurs dont nobles, eaux chaudes, entraînement dragonblades, portail Elemental Grounds et secours. Professions des résidents ; lieu de travail et commanditaires peuvent être extérieurs au quartier. Visiteurs exclus du stock. activité/institution locale Budget civil 27,00 % ; coefficient 0,600000 ; part de filière 0,768 %. Apprentissage et qualification variable ; soins avancés et thérapie magique exigent formation.";0.0006497231759454303;0.11082715974915386;0.005394505795935128
Momificateur;Agent funéraire;0;0;0.0;A — activité attestée;SB182;"Visiteurs dont nobles, eaux chaudes, entraînement dragonblades, portail Elemental Grounds et secours. Professions des résidents ; lieu de travail et commanditaires peuvent être extérieurs au quartier. Visiteurs exclus du stock. activité/institution locale Budget civil 27,00 % ; coefficient 0,000000 ; part de filière 0,000 %. Zéro proposé : Filière régionale non retenue dans ce scénario, sans interdiction universelle. Apprentissage et qualification variable ; soins avancés et thérapie magique exigent formation.";0;0;0
Gardien d’arbres funéraires;Agent funéraire;0;0;0.0;D — activité déduite;SB155;"Visiteurs dont nobles, eaux chaudes, entraînement dragonblades, portail Elemental Grounds et secours. Professions des résidents ; lieu de travail et commanditaires peuvent être extérieurs au quartier. Visiteurs exclus du stock. activité/institution locale Budget civil 27,00 % ; coefficient 0,000000 ; part de filière 0,000 %. Zéro proposé : Filière régionale non retenue dans ce scénario, sans interdiction universelle. Apprentissage et qualification variable ; soins avancés et thérapie magique exigent formation.";0;0;0
Marchand;Marchand;1.0579331964858791;1.7489389923720935;31.737995894576375;A — activité attestée;"MJ128; SB139";"Visiteurs dont nobles, eaux chaudes, entraînement dragonblades, portail Elemental Grounds et secours. Professions des résidents ; lieu de travail et commanditaires peuvent être extérieurs au quartier. Visiteurs exclus du stock. activité/institution locale Budget civil 13,00 % ; coefficient 22,500000 ; part de filière 14,442 %. Réseau, itinéraires, confiance et capital ; manutention distincte de propriété du fret.";0.08086073824350376;0.9195265806043302;0.05754587763804514
Colporteur;Marchand;0.4231732785943517;0.6995755969488374;12.695198357830552;A — activité attestée;SB121;"Visiteurs dont nobles, eaux chaudes, entraînement dragonblades, portail Elemental Grounds et secours. Professions des résidents ; lieu de travail et commanditaires peuvent être extérieurs au quartier. Visiteurs exclus du stock. activité/institution locale Budget civil 13,00 % ; coefficient 9,000000 ; part de filière 5,777 %. Réseau, itinéraires, confiance et capital ; manutention distincte de propriété du fret.";0.032344295297401494;0.36781063224173216;0.023018351055218055
Courtier;Marchand;0.4231732785943517;0.6995755969488374;12.695198357830552;A — activité attestée;SB149;"Visiteurs dont nobles, eaux chaudes, entraînement dragonblades, portail Elemental Grounds et secours. Professions des résidents ; lieu de travail et commanditaires peuvent être extérieurs au quartier. Visiteurs exclus du stock. activité/institution locale Budget civil 13,00 % ; coefficient 9,000000 ; part de filière 5,777 %. Réseau, itinéraires, confiance et capital ; manutention distincte de propriété du fret.";0.032344295297401494;0.36781063224173216;0.023018351055218055
Commissaire-priseur d’objets magiques;Marchand;0;0;0.0;A — activité attestée;SB139;"Visiteurs dont nobles, eaux chaudes, entraînement dragonblades, portail Elemental Grounds et secours. Professions des résidents ; lieu de travail et commanditaires peuvent être extérieurs au quartier. Visiteurs exclus du stock. activité/institution locale Budget civil 13,00 % ; coefficient 0,000000 ; part de filière 0,000 %. Zéro proposé : Technique de site, institution, secret ou habilitation concentrée dans les implantations autorisées du scénario. Réseau, itinéraires, confiance et capital ; manutention distincte de propriété du fret.";0;0;0
Comptable;Professionnel de finance;0.11754813294287547;0.19432655470801038;3.5264439882862644;D — activité déduite;"SB212; SB213";"Visiteurs dont nobles, eaux chaudes, entraînement dragonblades, portail Elemental Grounds et secours. Professions des résidents ; lieu de travail et commanditaires peuvent être extérieurs au quartier. Visiteurs exclus du stock. activité/institution locale Budget civil 13,00 % ; coefficient 2,500000 ; part de filière 1,605 %. Réseau, itinéraires, confiance et capital ; manutention distincte de propriété du fret.";0.008984526471500418;0.10216962006714782;0.006393986404227236
Banquier et employé de banque;Professionnel de finance;0.009403850635430037;0.015546124376640828;0.2821155190629011;A — activité attestée;"SB212; SB213";"Visiteurs dont nobles, eaux chaudes, entraînement dragonblades, portail Elemental Grounds et secours. Professions des résidents ; lieu de travail et commanditaires peuvent être extérieurs au quartier. Visiteurs exclus du stock. activité/institution locale Budget civil 13,00 % ; coefficient 0,200000 ; part de filière 0,128 %. Réseau, itinéraires, confiance et capital ; manutention distincte de propriété du fret.";0.000718762117720033;0.008173569605371826;0.0005115189123381786
Usurier et prêteur sur gages;Professionnel de finance;0.11754813294287547;0.19432655470801038;3.5264439882862644;D — activité déduite;"SB212; SB213";"Visiteurs dont nobles, eaux chaudes, entraînement dragonblades, portail Elemental Grounds et secours. Professions des résidents ; lieu de travail et commanditaires peuvent être extérieurs au quartier. Visiteurs exclus du stock. activité/institution locale Budget civil 13,00 % ; coefficient 2,500000 ; part de filière 1,605 %. Réseau, itinéraires, confiance et capital ; manutention distincte de propriété du fret.";0.008984526471500418;0.10216962006714782;0.006393986404227236
Changeur;Professionnel de finance;0.11754813294287547;0.19432655470801038;3.5264439882862644;D — activité déduite;"SB212; SB213";"Visiteurs dont nobles, eaux chaudes, entraînement dragonblades, portail Elemental Grounds et secours. Professions des résidents ; lieu de travail et commanditaires peuvent être extérieurs au quartier. Visiteurs exclus du stock. activité/institution locale Budget civil 13,00 % ; coefficient 2,500000 ; part de filière 1,605 %. Réseau, itinéraires, confiance et capital ; manutention distincte de propriété du fret.";0.008984526471500418;0.10216962006714782;0.006393986404227236
Assureur;Professionnel de finance;0.009403850635430037;0.015546124376640828;0.2821155190629011;D — activité déduite;"SB212; SB213";"Visiteurs dont nobles, eaux chaudes, entraînement dragonblades, portail Elemental Grounds et secours. Professions des résidents ; lieu de travail et commanditaires peuvent être extérieurs au quartier. Visiteurs exclus du stock. activité/institution locale Budget civil 13,00 % ; coefficient 0,200000 ; part de filière 0,128 %. Réseau, itinéraires, confiance et capital ; manutention distincte de propriété du fret.";0.000718762117720033;0.008173569605371826;0.0005115189123381786
Estimateur;Professionnel de finance;0.009403850635430037;0.015546124376640828;0.2821155190629011;A — activité attestée;"SB212; SB213";"Visiteurs dont nobles, eaux chaudes, entraînement dragonblades, portail Elemental Grounds et secours. Professions des résidents ; lieu de travail et commanditaires peuvent être extérieurs au quartier. Visiteurs exclus du stock. activité/institution locale Budget civil 13,00 % ; coefficient 0,200000 ; part de filière 0,128 %. Réseau, itinéraires, confiance et capital ; manutention distincte de propriété du fret.";0.000718762117720033;0.008173569605371826;0.0005115189123381786
Négociateur;Professionnel de finance;0.009403850635430037;0.015546124376640828;0.2821155190629011;A — activité attestée;"SB212; SB213";"Visiteurs dont nobles, eaux chaudes, entraînement dragonblades, portail Elemental Grounds et secours. Professions des résidents ; lieu de travail et commanditaires peuvent être extérieurs au quartier. Visiteurs exclus du stock. activité/institution locale Budget civil 13,00 % ; coefficient 0,200000 ; part de filière 0,128 %. Réseau, itinéraires, confiance et capital ; manutention distincte de propriété du fret.";0.000718762117720033;0.008173569605371826;0.0005115189123381786
Scribe;Scribe et auteur;0.09955965812720846;0.16458862312317488;2.986789743816254;A — activité attestée;"MJ128; SB32";"Visiteurs dont nobles, eaux chaudes, entraînement dragonblades, portail Elemental Grounds et secours. Professions des résidents ; lieu de travail et commanditaires peuvent être extérieurs au quartier. Visiteurs exclus du stock. activité/institution locale Budget civil 5,00 % ; coefficient 2,000000 ; part de filière 3,534 %. Instruction, autorisation ou initiation ; clergé, caste et office ne rendent pas noble.";0.007983566748007483;0.09078697514131989;0.0007891162378810818
Calligraphe;Scribe et auteur;0.09955965812720846;0.16458862312317488;2.986789743816254;A — activité attestée;"MJ128; SB32";"Visiteurs dont nobles, eaux chaudes, entraînement dragonblades, portail Elemental Grounds et secours. Professions des résidents ; lieu de travail et commanditaires peuvent être extérieurs au quartier. Visiteurs exclus du stock. activité/institution locale Budget civil 5,00 % ; coefficient 2,000000 ; part de filière 3,534 %. Instruction, autorisation ou initiation ; clergé, caste et office ne rendent pas noble.";0.007983566748007483;0.09078697514131989;0.0007891162378810818
Écrivain;Scribe et auteur;0.03187861578351876;0.05270063776412426;0.9563584735055629;A — activité attestée;"MJ128; SB32";"Visiteurs dont nobles, eaux chaudes, entraînement dragonblades, portail Elemental Grounds et secours. Professions des résidents ; lieu de travail et commanditaires peuvent être extérieurs au quartier. Visiteurs exclus du stock. activité/institution locale Budget civil 3,00 % ; coefficient 2,000000 ; part de filière 1,886 %. Long apprentissage, frais, bourses, talent, licence ou secret ; titre ne donne pas maîtrise.";0.004060191545757159;0.027702844147371845;0.00011558009038975731
Journaliste et rédacteur;Scribe et auteur;0.03187861578351876;0.05270063776412426;0.9563584735055629;A — activité attestée;CC9;"Visiteurs dont nobles, eaux chaudes, entraînement dragonblades, portail Elemental Grounds et secours. Professions des résidents ; lieu de travail et commanditaires peuvent être extérieurs au quartier. Visiteurs exclus du stock. activité/institution locale Budget civil 3,00 % ; coefficient 2,000000 ; part de filière 1,886 %. Long apprentissage, frais, bourses, talent, licence ou secret ; titre ne donne pas maîtrise.";0.004060191545757159;0.027702844147371845;0.00011558009038975731
Traducteur;Scribe et auteur;0.09955965812720846;0.16458862312317488;2.986789743816254;D — activité déduite;SB198;"Visiteurs dont nobles, eaux chaudes, entraînement dragonblades, portail Elemental Grounds et secours. Professions des résidents ; lieu de travail et commanditaires peuvent être extérieurs au quartier. Visiteurs exclus du stock. activité/institution locale Budget civil 5,00 % ; coefficient 2,000000 ; part de filière 3,534 %. Instruction, autorisation ou initiation ; clergé, caste et office ne rendent pas noble.";0.007983566748007483;0.09078697514131989;0.0007891162378810818
Bibliothécaire;Érudit;0.16178444445671378;0.2674565125751592;4.853533333701414;A — activité attestée;MJ138;"Visiteurs dont nobles, eaux chaudes, entraînement dragonblades, portail Elemental Grounds et secours. Professions des résidents ; lieu de travail et commanditaires peuvent être extérieurs au quartier. Visiteurs exclus du stock. activité/institution locale Budget civil 5,00 % ; coefficient 3,250000 ; part de filière 5,742 %. Instruction, autorisation ou initiation ; clergé, caste et office ne rendent pas noble.";0.012973295965512154;0.14752883460464486;0.0012823138865567581
Conservateur de musée;Érudit;0.16178444445671378;0.2674565125751592;4.853533333701414;A — activité attestée;PG48;"Visiteurs dont nobles, eaux chaudes, entraînement dragonblades, portail Elemental Grounds et secours. Professions des résidents ; lieu de travail et commanditaires peuvent être extérieurs au quartier. Visiteurs exclus du stock. activité/institution locale Budget civil 5,00 % ; coefficient 3,250000 ; part de filière 5,742 %. Instruction, autorisation ou initiation ; clergé, caste et office ne rendent pas noble.";0.012973295965512154;0.14752883460464486;0.0012823138865567581
Historien;Érudit;0.051802750648217995;0.08563853636670193;1.5540825194465397;A — activité attestée;PG46;"Visiteurs dont nobles, eaux chaudes, entraînement dragonblades, portail Elemental Grounds et secours. Professions des résidents ; lieu de travail et commanditaires peuvent être extérieurs au quartier. Visiteurs exclus du stock. activité/institution locale Budget civil 3,00 % ; coefficient 3,250000 ; part de filière 3,064 %. Long apprentissage, frais, bourses, talent, licence ou secret ; titre ne donne pas maîtrise.";0.006597811261855385;0.045017121739479256;0.00018781764688335567
Astronome;Érudit;0.051802750648217995;0.08563853636670193;1.5540825194465397;A — activité attestée;MJ138;"Visiteurs dont nobles, eaux chaudes, entraînement dragonblades, portail Elemental Grounds et secours. Professions des résidents ; lieu de travail et commanditaires peuvent être extérieurs au quartier. Visiteurs exclus du stock. activité/institution locale Budget civil 3,00 % ; coefficient 3,250000 ; part de filière 3,064 %. Long apprentissage, frais, bourses, talent, licence ou secret ; titre ne donne pas maîtrise.";0.006597811261855385;0.045017121739479256;0.00018781764688335567
Chercheur non arcanique;Érudit;0.051802750648217995;0.08563853636670193;1.5540825194465397;A — activité attestée;"MJ138; PG46";"Visiteurs dont nobles, eaux chaudes, entraînement dragonblades, portail Elemental Grounds et secours. Professions des résidents ; lieu de travail et commanditaires peuvent être extérieurs au quartier. Visiteurs exclus du stock. activité/institution locale Budget civil 3,00 % ; coefficient 3,250000 ; part de filière 3,064 %. Long apprentissage, frais, bourses, talent, licence ou secret ; titre ne donne pas maîtrise.";0.006597811261855385;0.045017121739479256;0.00018781764688335567
Mathématicien;Érudit;0.03626192545375259;0.059946975456691344;1.0878577636125777;A — activité attestée;SB174;"Visiteurs dont nobles, eaux chaudes, entraînement dragonblades, portail Elemental Grounds et secours. Professions des résidents ; lieu de travail et commanditaires peuvent être extérieurs au quartier. Visiteurs exclus du stock. activité/institution locale Budget civil 3,00 % ; coefficient 2,275000 ; part de filière 2,145 %. Long apprentissage, frais, bourses, talent, licence ou secret ; titre ne donne pas maîtrise.";0.004618467883298769;0.03151198521763547;0.00013147235281834894
Philosophe;Érudit;0.03626192545375259;0.059946975456691344;1.0878577636125777;A — activité attestée;SB178;"Visiteurs dont nobles, eaux chaudes, entraînement dragonblades, portail Elemental Grounds et secours. Professions des résidents ; lieu de travail et commanditaires peuvent être extérieurs au quartier. Visiteurs exclus du stock. activité/institution locale Budget civil 3,00 % ; coefficient 2,275000 ; part de filière 2,145 %. Long apprentissage, frais, bourses, talent, licence ou secret ; titre ne donne pas maîtrise.";0.004618467883298769;0.03151198521763547;0.00013147235281834894
Archéologue;Érudit;0.051802750648217995;0.08563853636670193;1.5540825194465397;D — activité déduite;PG48;"Visiteurs dont nobles, eaux chaudes, entraînement dragonblades, portail Elemental Grounds et secours. Professions des résidents ; lieu de travail et commanditaires peuvent être extérieurs au quartier. Visiteurs exclus du stock. activité/institution locale Budget civil 3,00 % ; coefficient 3,250000 ; part de filière 3,064 %. Long apprentissage, frais, bourses, talent, licence ou secret ; titre ne donne pas maîtrise.";0.006597811261855385;0.045017121739479256;0.00018781764688335567
Professeur;Enseignant;0.2538771282243816;0.41970098896409586;7.616313846731447;A — activité attestée;"MJ138; SB141";"Visiteurs dont nobles, eaux chaudes, entraînement dragonblades, portail Elemental Grounds et secours. Professions des résidents ; lieu de travail et commanditaires peuvent être extérieurs au quartier. Visiteurs exclus du stock. activité/institution locale Budget civil 5,00 % ; coefficient 5,100000 ; part de filière 9,011 %. Instruction, autorisation ou initiation ; clergé, caste et office ne rendent pas noble.";0.020358095207419075;0.23150678661036575;0.002012246406596759
Enseignant de magie arcanique;Enseignant;0.08129047024797285;0.1343866262985169;2.4387141074391856;A — activité attestée;SB141;"Visiteurs dont nobles, eaux chaudes, entraînement dragonblades, portail Elemental Grounds et secours. Professions des résidents ; lieu de travail et commanditaires peuvent être extérieurs au quartier. Visiteurs exclus du stock. activité/institution locale Budget civil 3,00 % ; coefficient 5,100000 ; part de filière 4,809 %. Long apprentissage, frais, bourses, talent, licence ou secret ; titre ne donne pas maîtrise.";0.010353488441680757;0.07064225257579822;0.00029472923049388123
Instructeur martial;Enseignant;0;0;0.0;A — activité attestée;SB94;"Visiteurs dont nobles, eaux chaudes, entraînement dragonblades, portail Elemental Grounds et secours. Professions des résidents ; lieu de travail et commanditaires peuvent être extérieurs au quartier. Visiteurs exclus du stock. activité/institution locale Budget civil 5,00 % ; coefficient 0,000000 ; part de filière 0,000 %. Zéro proposé : Technique de site, institution, secret ou habilitation concentrée dans les implantations autorisées du scénario. Instruction, autorisation ou initiation ; clergé, caste et office ne rendent pas noble.";0;0;0
Formateur de tir à l’arc;Enseignant;0;0;0.0;A — activité attestée;SB155;"Visiteurs dont nobles, eaux chaudes, entraînement dragonblades, portail Elemental Grounds et secours. Professions des résidents ; lieu de travail et commanditaires peuvent être extérieurs au quartier. Visiteurs exclus du stock. activité/institution locale Budget civil 5,00 % ; coefficient 0,000000 ; part de filière 0,000 %. Zéro proposé : Technique de site, institution, secret ou habilitation concentrée dans les implantations autorisées du scénario. Instruction, autorisation ou initiation ; clergé, caste et office ne rendent pas noble.";0;0;0
Ingénieur;Ingénieur;0.09563584735055629;0.1581019132923728;2.8690754205166886;A — activité attestée;SB174;"Visiteurs dont nobles, eaux chaudes, entraînement dragonblades, portail Elemental Grounds et secours. Professions des résidents ; lieu de travail et commanditaires peuvent être extérieurs au quartier. Visiteurs exclus du stock. activité/institution locale Budget civil 3,00 % ; coefficient 6,000000 ; part de filière 5,657 %. Long apprentissage, frais, bourses, talent, licence ou secret ; titre ne donne pas maîtrise.";0.01218057463727148;0.08310853244211554;0.00034674027116927205
Inventeur;Ingénieur;0.022952603364133507;0.03794445919016946;0.6885781009240052;A — activité attestée;SB178;"Visiteurs dont nobles, eaux chaudes, entraînement dragonblades, portail Elemental Grounds et secours. Professions des résidents ; lieu de travail et commanditaires peuvent être extérieurs au quartier. Visiteurs exclus du stock. activité/institution locale Budget civil 3,00 % ; coefficient 1,440000 ; part de filière 1,358 %. Long apprentissage, frais, bourses, talent, licence ou secret ; titre ne donne pas maîtrise.";0.0029233379129451533;0.01994604778610773;8.321766508062524e-05
Ingénieur mystique;Ingénieur;0.03825433894022252;0.06324076531694911;1.1476301682066754;A — activité attestée;SB174;"Visiteurs dont nobles, eaux chaudes, entraînement dragonblades, portail Elemental Grounds et secours. Professions des résidents ; lieu de travail et commanditaires peuvent être extérieurs au quartier. Visiteurs exclus du stock. activité/institution locale Budget civil 3,00 % ; coefficient 2,400000 ; part de filière 2,263 %. Long apprentissage, frais, bourses, talent, licence ou secret ; titre ne donne pas maîtrise.";0.004872229854908593;0.033243412976846215;0.00013869610846770883
Créateur et mainteneur de golems;Ingénieur;0.03825433894022252;0.06324076531694911;1.1476301682066754;D — activité déduite;SB174;"Visiteurs dont nobles, eaux chaudes, entraînement dragonblades, portail Elemental Grounds et secours. Professions des résidents ; lieu de travail et commanditaires peuvent être extérieurs au quartier. Visiteurs exclus du stock. activité/institution locale Budget civil 3,00 % ; coefficient 2,400000 ; part de filière 2,263 %. Long apprentissage, frais, bourses, talent, licence ou secret ; titre ne donne pas maîtrise.";0.004872229854908593;0.033243412976846215;0.00013869610846770883
Chercheur en golems;Ingénieur;0.030603471152178013;0.050592612253559294;0.9181041345653403;A — activité attestée;SB178;"Visiteurs dont nobles, eaux chaudes, entraînement dragonblades, portail Elemental Grounds et secours. Professions des résidents ; lieu de travail et commanditaires peuvent être extérieurs au quartier. Visiteurs exclus du stock. activité/institution locale Budget civil 3,00 % ; coefficient 1,920000 ; part de filière 1,810 %. Long apprentissage, frais, bourses, talent, licence ou secret ; titre ne donne pas maîtrise.";0.003897783883926874;0.026594730381476972;0.00011095688677416706
Ingénieur de réacteurs de bauronite;Ingénieur;0;0;0.0;D — activité déduite;SB174;"Visiteurs dont nobles, eaux chaudes, entraînement dragonblades, portail Elemental Grounds et secours. Professions des résidents ; lieu de travail et commanditaires peuvent être extérieurs au quartier. Visiteurs exclus du stock. activité/institution locale Accès aux secrets des réacteurs; savoir détenu par un petit nombre Budget civil 3,00 % ; coefficient 0,000000 ; part de filière 0,000 %. Zéro proposé : Filière régionale non retenue dans ce scénario, sans interdiction universelle. Long apprentissage, frais, bourses, talent, licence ou secret ; titre ne donne pas maîtrise.";0;0;0
Technicien de communication runique;Ingénieur;0;0;0.0;D — activité déduite;SB174;"Visiteurs dont nobles, eaux chaudes, entraînement dragonblades, portail Elemental Grounds et secours. Professions des résidents ; lieu de travail et commanditaires peuvent être extérieurs au quartier. Visiteurs exclus du stock. activité/institution locale Budget civil 3,00 % ; coefficient 0,000000 ; part de filière 0,000 %. Zéro proposé : Filière régionale non retenue dans ce scénario, sans interdiction universelle. Long apprentissage, frais, bourses, talent, licence ou secret ; titre ne donne pas maîtrise.";0;0;0
Chercheur en magie;Praticien des services arcaniques;0.11157515524231566;0.1844522321744349;3.34725465726947;A — activité attestée;"SB138; SB139";"Visiteurs dont nobles, eaux chaudes, entraînement dragonblades, portail Elemental Grounds et secours. Professions des résidents ; lieu de travail et commanditaires peuvent être extérieurs au quartier. Visiteurs exclus du stock. activité/institution locale Budget civil 3,00 % ; coefficient 7,000000 ; part de filière 6,600 %. Long apprentissage, frais, bourses, talent, licence ou secret ; titre ne donne pas maîtrise.";0.01421067041015006;0.09695995451580146;0.0004045303163641507
Fabricant d’objets magiques;Praticien des services arcaniques;0.11157515524231566;0.1844522321744349;3.34725465726947;A — activité attestée;SB138;"Visiteurs dont nobles, eaux chaudes, entraînement dragonblades, portail Elemental Grounds et secours. Professions des résidents ; lieu de travail et commanditaires peuvent être extérieurs au quartier. Visiteurs exclus du stock. activité/institution locale Budget civil 3,00 % ; coefficient 7,000000 ; part de filière 6,600 %. Long apprentissage, frais, bourses, talent, licence ou secret ; titre ne donne pas maîtrise.";0.01421067041015006;0.09695995451580146;0.0004045303163641507
Fabricant de parchemins magiques;Praticien des services arcaniques;0.11157515524231566;0.1844522321744349;3.34725465726947;A — activité attestée;SB138;"Visiteurs dont nobles, eaux chaudes, entraînement dragonblades, portail Elemental Grounds et secours. Professions des résidents ; lieu de travail et commanditaires peuvent être extérieurs au quartier. Visiteurs exclus du stock. activité/institution locale Budget civil 3,00 % ; coefficient 7,000000 ; part de filière 6,600 %. Long apprentissage, frais, bourses, talent, licence ou secret ; titre ne donne pas maîtrise.";0.01421067041015006;0.09695995451580146;0.0004045303163641507
Nécromancien de service;Praticien des services arcaniques;0.11157515524231566;0.1844522321744349;3.34725465726947;D — activité déduite;"SB108; SB170";"Visiteurs dont nobles, eaux chaudes, entraînement dragonblades, portail Elemental Grounds et secours. Professions des résidents ; lieu de travail et commanditaires peuvent être extérieurs au quartier. Visiteurs exclus du stock. activité/institution locale Budget civil 3,00 % ; coefficient 7,000000 ; part de filière 6,600 %. Long apprentissage, frais, bourses, talent, licence ou secret ; titre ne donne pas maîtrise.";0.01421067041015006;0.09695995451580146;0.0004045303163641507
Illusionniste de service;Praticien des services arcaniques;0.11157515524231566;0.1844522321744349;3.34725465726947;D — activité déduite;"SB107; SB142";"Visiteurs dont nobles, eaux chaudes, entraînement dragonblades, portail Elemental Grounds et secours. Professions des résidents ; lieu de travail et commanditaires peuvent être extérieurs au quartier. Visiteurs exclus du stock. activité/institution locale Budget civil 3,00 % ; coefficient 7,000000 ; part de filière 6,600 %. Long apprentissage, frais, bourses, talent, licence ou secret ; titre ne donne pas maîtrise.";0.01421067041015006;0.09695995451580146;0.0004045303163641507
Chercheur en aethermancy;Praticien des services arcaniques;0;0;0.0;A — activité attestée;SB140;"Visiteurs dont nobles, eaux chaudes, entraînement dragonblades, portail Elemental Grounds et secours. Professions des résidents ; lieu de travail et commanditaires peuvent être extérieurs au quartier. Visiteurs exclus du stock. activité/institution locale Budget civil 3,00 % ; coefficient 0,000000 ; part de filière 0,000 %. Zéro proposé : Technique de site, institution, secret ou habilitation concentrée dans les implantations autorisées du scénario. Long apprentissage, frais, bourses, talent, licence ou secret ; titre ne donne pas maîtrise.";0;0;0
Chercheur en biomancy;Praticien des services arcaniques;0;0;0.0;A — activité attestée;SB140;"Visiteurs dont nobles, eaux chaudes, entraînement dragonblades, portail Elemental Grounds et secours. Professions des résidents ; lieu de travail et commanditaires peuvent être extérieurs au quartier. Visiteurs exclus du stock. activité/institution locale Budget civil 3,00 % ; coefficient 0,000000 ; part de filière 0,000 %. Zéro proposé : Technique de site, institution, secret ou habilitation concentrée dans les implantations autorisées du scénario. Long apprentissage, frais, bourses, talent, licence ou secret ; titre ne donne pas maîtrise.";0;0;0
Désenchanteur et récupérateur arcanique;Praticien des services arcaniques;0;0;0.0;A — activité attestée;SB139;"Visiteurs dont nobles, eaux chaudes, entraînement dragonblades, portail Elemental Grounds et secours. Professions des résidents ; lieu de travail et commanditaires peuvent être extérieurs au quartier. Visiteurs exclus du stock. activité/institution locale Budget civil 3,00 % ; coefficient 0,000000 ; part de filière 0,000 %. Zéro proposé : Technique de site, institution, secret ou habilitation concentrée dans les implantations autorisées du scénario. Long apprentissage, frais, bourses, talent, licence ou secret ; titre ne donne pas maîtrise.";0;0;0
Extracteur de mémoire;Praticien des services arcaniques;0;0;0.0;A — activité attestée;SB140;"Visiteurs dont nobles, eaux chaudes, entraînement dragonblades, portail Elemental Grounds et secours. Professions des résidents ; lieu de travail et commanditaires peuvent être extérieurs au quartier. Visiteurs exclus du stock. activité/institution locale Budget civil 3,00 % ; coefficient 0,000000 ; part de filière 0,000 %. Zéro proposé : Technique de site, institution, secret ou habilitation concentrée dans les implantations autorisées du scénario. Long apprentissage, frais, bourses, talent, licence ou secret ; titre ne donne pas maîtrise.";0;0;0
Certificateur et inspecteur arcanique;Praticien des services arcaniques;0;0;0.0;A — activité attestée;SB139;"Visiteurs dont nobles, eaux chaudes, entraînement dragonblades, portail Elemental Grounds et secours. Professions des résidents ; lieu de travail et commanditaires peuvent être extérieurs au quartier. Visiteurs exclus du stock. activité/institution locale Budget civil 3,00 % ; coefficient 0,000000 ; part de filière 0,000 %. Zéro proposé : Technique de site, institution, secret ou habilitation concentrée dans les implantations autorisées du scénario. Long apprentissage, frais, bourses, talent, licence ou secret ; titre ne donne pas maîtrise.";0;0;0
Opérateur de transport magique;Praticien des services arcaniques;0.11157515524231566;0.1844522321744349;3.34725465726947;D — activité déduite;SB142;"Visiteurs dont nobles, eaux chaudes, entraînement dragonblades, portail Elemental Grounds et secours. Professions des résidents ; lieu de travail et commanditaires peuvent être extérieurs au quartier. Visiteurs exclus du stock. activité/institution locale Budget civil 3,00 % ; coefficient 7,000000 ; part de filière 6,600 %. Long apprentissage, frais, bourses, talent, licence ou secret ; titre ne donne pas maîtrise.";0.01421067041015006;0.09695995451580146;0.0004045303163641507
Restaurateur de runes de tunnels;Praticien des services arcaniques;0;0;0.0;A — activité attestée;SB161;"Visiteurs dont nobles, eaux chaudes, entraînement dragonblades, portail Elemental Grounds et secours. Professions des résidents ; lieu de travail et commanditaires peuvent être extérieurs au quartier. Visiteurs exclus du stock. activité/institution locale Budget civil 3,00 % ; coefficient 0,000000 ; part de filière 0,000 %. Zéro proposé : Filière régionale non retenue dans ce scénario, sans interdiction universelle. Long apprentissage, frais, bourses, talent, licence ou secret ; titre ne donne pas maîtrise.";0;0;0
Artificier psychique;Praticien des services arcaniques;0;0;0.0;A — activité attestée;PG8;"Visiteurs dont nobles, eaux chaudes, entraînement dragonblades, portail Elemental Grounds et secours. Professions des résidents ; lieu de travail et commanditaires peuvent être extérieurs au quartier. Visiteurs exclus du stock. activité/institution locale Budget civil 3,00 % ; coefficient 0,000000 ; part de filière 0,000 %. Zéro proposé : Filière régionale non retenue dans ce scénario, sans interdiction universelle. Long apprentissage, frais, bourses, talent, licence ou secret ; titre ne donne pas maîtrise.";0;0;0
Guérisseur;Soigneur;0.6622712027525285;1.0948441110142644;19.868136082575855;A — activité attestée;"MJ141; PG36";"Visiteurs dont nobles, eaux chaudes, entraînement dragonblades, portail Elemental Grounds et secours. Professions des résidents ; lieu de travail et commanditaires peuvent être extérieurs au quartier. Visiteurs exclus du stock. activité/institution locale Budget civil 27,00 % ; coefficient 3,400000 ; part de filière 4,353 %. Apprentissage et qualification variable ; soins avancés et thérapie magique exigent formation.";0.003681764663690771;0.628020571911872;0.030568866176965723
Chirurgien;Soigneur;0.09934068041287926;0.16422661665213964;2.9802204123863776;P — activité proposée;"MJ141; PG36";"Visiteurs dont nobles, eaux chaudes, entraînement dragonblades, portail Elemental Grounds et secours. Professions des résidents ; lieu de travail et commanditaires peuvent être extérieurs au quartier. Visiteurs exclus du stock. activité/institution locale Budget civil 27,00 % ; coefficient 0,510000 ; part de filière 0,653 %. Apprentissage et qualification variable ; soins avancés et thérapie magique exigent formation.";0.0005522646995536157;0.09420308578678079;0.004585329926544857
Praticien de psychosurgery;Soigneur;0;0;0.0;D — activité déduite;SB94;"Visiteurs dont nobles, eaux chaudes, entraînement dragonblades, portail Elemental Grounds et secours. Professions des résidents ; lieu de travail et commanditaires peuvent être extérieurs au quartier. Visiteurs exclus du stock. activité/institution locale Budget civil 27,00 % ; coefficient 0,000000 ; part de filière 0,000 %. Zéro proposé : Filière régionale non retenue dans ce scénario, sans interdiction universelle. Apprentissage et qualification variable ; soins avancés et thérapie magique exigent formation.";0;0;0
Opérateur de thérapie onirique;Soigneur;0;0;0.0;D — activité déduite;"SB141; SB228";"Visiteurs dont nobles, eaux chaudes, entraînement dragonblades, portail Elemental Grounds et secours. Professions des résidents ; lieu de travail et commanditaires peuvent être extérieurs au quartier. Visiteurs exclus du stock. activité/institution locale Budget civil 27,00 % ; coefficient 0,000000 ; part de filière 0,000 %. Zéro proposé : Technique de site, institution, secret ou habilitation concentrée dans les implantations autorisées du scénario. Apprentissage et qualification variable ; soins avancés et thérapie magique exigent formation.";0;0;0
Prêtre et officiant;Officiant religieux;0.04977982906360423;0.08229431156158744;1.493394871908127;A — activité attestée;"MJ127; SB182";"Visiteurs dont nobles, eaux chaudes, entraînement dragonblades, portail Elemental Grounds et secours. Professions des résidents ; lieu de travail et commanditaires peuvent être extérieurs au quartier. Visiteurs exclus du stock. activité/institution locale Budget civil 5,00 % ; coefficient 1,000000 ; part de filière 1,767 %. Instruction, autorisation ou initiation ; clergé, caste et office ne rendent pas noble.";0.003991783374003742;0.045393487570659946;0.0003945581189405409
Acolyte;Officiant religieux;0.04977982906360423;0.08229431156158744;1.493394871908127;A — activité attestée;"MJ127; SB182";"Visiteurs dont nobles, eaux chaudes, entraînement dragonblades, portail Elemental Grounds et secours. Professions des résidents ; lieu de travail et commanditaires peuvent être extérieurs au quartier. Visiteurs exclus du stock. activité/institution locale Budget civil 5,00 % ; coefficient 1,000000 ; part de filière 1,767 %. Instruction, autorisation ou initiation ; clergé, caste et office ne rendent pas noble.";0.003991783374003742;0.045393487570659946;0.0003945581189405409
Shaman;Officiant religieux;0.04977982906360423;0.08229431156158744;1.493394871908127;A — activité attestée;"SB129; SB191";"Visiteurs dont nobles, eaux chaudes, entraînement dragonblades, portail Elemental Grounds et secours. Professions des résidents ; lieu de travail et commanditaires peuvent être extérieurs au quartier. Visiteurs exclus du stock. activité/institution locale Budget civil 5,00 % ; coefficient 1,000000 ; part de filière 1,767 %. Instruction, autorisation ou initiation ; clergé, caste et office ne rendent pas noble.";0.003991783374003742;0.045393487570659946;0.0003945581189405409
Sugenja;Officiant religieux;0;0;0.0;A — activité attestée;SB198;"Visiteurs dont nobles, eaux chaudes, entraînement dragonblades, portail Elemental Grounds et secours. Professions des résidents ; lieu de travail et commanditaires peuvent être extérieurs au quartier. Visiteurs exclus du stock. activité/institution locale Budget civil 5,00 % ; coefficient 0,000000 ; part de filière 0,000 %. Zéro proposé : Filière régionale non retenue dans ce scénario, sans interdiction universelle. Instruction, autorisation ou initiation ; clergé, caste et office ne rendent pas noble.";0;0;0
Gardien et officiant druidique;Officiant religieux;0.04977982906360423;0.08229431156158744;1.493394871908127;A — activité attestée;SB153;"Visiteurs dont nobles, eaux chaudes, entraînement dragonblades, portail Elemental Grounds et secours. Professions des résidents ; lieu de travail et commanditaires peuvent être extérieurs au quartier. Visiteurs exclus du stock. activité/institution locale Budget civil 5,00 % ; coefficient 1,000000 ; part de filière 1,767 %. Instruction, autorisation ou initiation ; clergé, caste et office ne rendent pas noble.";0.003991783374003742;0.045393487570659946;0.0003945581189405409
Gardien-purificateur de Mother Tree;Officiant religieux;0;0;0.0;A — activité attestée;SB153;"Visiteurs dont nobles, eaux chaudes, entraînement dragonblades, portail Elemental Grounds et secours. Professions des résidents ; lieu de travail et commanditaires peuvent être extérieurs au quartier. Visiteurs exclus du stock. activité/institution locale Budget civil 5,00 % ; coefficient 0,000000 ; part de filière 0,000 %. Zéro proposé : Filière régionale non retenue dans ce scénario, sans interdiction universelle. Instruction, autorisation ou initiation ; clergé, caste et office ne rendent pas noble.";0;0;0
Officiant des rites Ba-Akhu;Officiant religieux;0;0;0.0;A — activité attestée;SB184;"Visiteurs dont nobles, eaux chaudes, entraînement dragonblades, portail Elemental Grounds et secours. Professions des résidents ; lieu de travail et commanditaires peuvent être extérieurs au quartier. Visiteurs exclus du stock. activité/institution locale Budget civil 5,00 % ; coefficient 0,000000 ; part de filière 0,000 %. Zéro proposé : Filière régionale non retenue dans ce scénario, sans interdiction universelle. Instruction, autorisation ou initiation ; clergé, caste et office ne rendent pas noble.";0;0;0
Garde et sentinelle;Garde et surveillant;0.2334055417159763;0.38585806202012946;7.002166251479289;A — activité attestée;"MJ140; SB90";"Visiteurs dont nobles, eaux chaudes, entraînement dragonblades, portail Elemental Grounds et secours. Professions des résidents ; lieu de travail et commanditaires peuvent être extérieurs au quartier. Visiteurs exclus du stock. activité/institution locale Budget civil 5,00 % ; coefficient 21,000000 ; part de filière 8,284 %. Entraînement, loyauté, armes et habilitations ; aucun métier verrouillé par naissance sauf source explicite.";0.00902004085868655;0.2198003145691148;0.004585186288174946
Garde du corps;Garde et surveillant;0.2334055417159763;0.38585806202012946;7.002166251479289;A — activité attestée;"MJ140; SB90";"Visiteurs dont nobles, eaux chaudes, entraînement dragonblades, portail Elemental Grounds et secours. Professions des résidents ; lieu de travail et commanditaires peuvent être extérieurs au quartier. Visiteurs exclus du stock. activité/institution locale Budget civil 5,00 % ; coefficient 21,000000 ; part de filière 8,284 %. Entraînement, loyauté, armes et habilitations ; aucun métier verrouillé par naissance sauf source explicite.";0.00902004085868655;0.2198003145691148;0.004585186288174946
Soldat;Combattant professionnel;0.8581335;1.4186369647875683;25.744005;A — activité attestée;"MJ140; SB90";"Visiteurs dont nobles, eaux chaudes, entraînement dragonblades, portail Elemental Grounds et secours. Professions des résidents ; lieu de travail et commanditaires peuvent être extérieurs au quartier. Visiteurs exclus du stock. activité/institution locale Garnison incluse dans les résidents par convention proposée, comptée une seule fois. Entraînement, loyauté, armes et habilitations ; aucun métier verrouillé par naissance sauf source explicite.";0.03316287683360465;0.8081128316645484;0.01685779150184697
Mercenaire;Combattant professionnel;0.2334055417159763;0.38585806202012946;7.002166251479289;A — activité attestée;"MJ140; SB90";"Visiteurs dont nobles, eaux chaudes, entraînement dragonblades, portail Elemental Grounds et secours. Professions des résidents ; lieu de travail et commanditaires peuvent être extérieurs au quartier. Visiteurs exclus du stock. activité/institution locale Budget civil 5,00 % ; coefficient 21,000000 ; part de filière 8,284 %. Entraînement, loyauté, armes et habilitations ; aucun métier verrouillé par naissance sauf source explicite.";0.00902004085868655;0.2198003145691148;0.004585186288174946
Éclaireur;Combattant professionnel;0.2334055417159763;0.38585806202012946;7.002166251479289;A — activité attestée;"MJ140; SB90";"Visiteurs dont nobles, eaux chaudes, entraînement dragonblades, portail Elemental Grounds et secours. Professions des résidents ; lieu de travail et commanditaires peuvent être extérieurs au quartier. Visiteurs exclus du stock. activité/institution locale Budget civil 5,00 % ; coefficient 21,000000 ; part de filière 8,284 %. Entraînement, loyauté, armes et habilitations ; aucun métier verrouillé par naissance sauf source explicite.";0.00902004085868655;0.2198003145691148;0.004585186288174946
Chasseur de primes;Combattant professionnel;0.2334055417159763;0.38585806202012946;7.002166251479289;A — activité attestée;MJ140;"Visiteurs dont nobles, eaux chaudes, entraînement dragonblades, portail Elemental Grounds et secours. Professions des résidents ; lieu de travail et commanditaires peuvent être extérieurs au quartier. Visiteurs exclus du stock. activité/institution locale Budget civil 5,00 % ; coefficient 21,000000 ; part de filière 8,284 %. Entraînement, loyauté, armes et habilitations ; aucun métier verrouillé par naissance sauf source explicite.";0.00902004085868655;0.2198003145691148;0.004585186288174946
Gladiateur;Combattant professionnel;0.2334055417159763;0.38585806202012946;7.002166251479289;A — activité attestée;MJ130;"Visiteurs dont nobles, eaux chaudes, entraînement dragonblades, portail Elemental Grounds et secours. Professions des résidents ; lieu de travail et commanditaires peuvent être extérieurs au quartier. Visiteurs exclus du stock. activité/institution locale Budget civil 5,00 % ; coefficient 21,000000 ; part de filière 8,284 %. Entraînement, loyauté, armes et habilitations ; aucun métier verrouillé par naissance sauf source explicite.";0.00902004085868655;0.2198003145691148;0.004585186288174946
Champion d’arène;Combattant professionnel;0.2334055417159763;0.38585806202012946;7.002166251479289;A — activité attestée;SB90;"Visiteurs dont nobles, eaux chaudes, entraînement dragonblades, portail Elemental Grounds et secours. Professions des résidents ; lieu de travail et commanditaires peuvent être extérieurs au quartier. Visiteurs exclus du stock. activité/institution locale Budget civil 5,00 % ; coefficient 21,000000 ; part de filière 8,284 %. Entraînement, loyauté, armes et habilitations ; aucun métier verrouillé par naissance sauf source explicite.";0.00902004085868655;0.2198003145691148;0.004585186288174946
Veilleur de nuit;Garde et surveillant;0.2334055417159763;0.38585806202012946;7.002166251479289;P — activité proposée;"MJ140; SB90";"Visiteurs dont nobles, eaux chaudes, entraînement dragonblades, portail Elemental Grounds et secours. Professions des résidents ; lieu de travail et commanditaires peuvent être extérieurs au quartier. Visiteurs exclus du stock. activité/institution locale Budget civil 5,00 % ; coefficient 21,000000 ; part de filière 8,284 %. Entraînement, loyauté, armes et habilitations ; aucun métier verrouillé par naissance sauf source explicite.";0.00902004085868655;0.2198003145691148;0.004585186288174946
Guide;Guide;2.4685107918003846;4.080857648868218;74.05532375401154;A — activité attestée;MJ140;"Visiteurs dont nobles, eaux chaudes, entraînement dragonblades, portail Elemental Grounds et secours. Professions des résidents ; lieu de travail et commanditaires peuvent être extérieurs au quartier. Visiteurs exclus du stock. activité/institution locale Budget civil 13,00 % ; coefficient 52,500000 ; part de filière 33,697 %. Réseau, itinéraires, confiance et capital ; manutention distincte de propriété du fret.";0.18867505590150868;2.145562021410104;0.13427371448877184
Gardien de domaine;Garde et surveillant;0.2334055417159763;0.38585806202012946;7.002166251479289;A — activité attestée;MJ140;"Visiteurs dont nobles, eaux chaudes, entraînement dragonblades, portail Elemental Grounds et secours. Professions des résidents ; lieu de travail et commanditaires peuvent être extérieurs au quartier. Visiteurs exclus du stock. activité/institution locale Budget civil 5,00 % ; coefficient 21,000000 ; part de filière 8,284 %. Entraînement, loyauté, armes et habilitations ; aucun métier verrouillé par naissance sauf source explicite.";0.00902004085868655;0.2198003145691148;0.004585186288174946
Spellshield;Protecteur et contrôleur arcanique;0.2334055417159763;0.38585806202012946;7.002166251479289;A — activité attestée;SB140;"Visiteurs dont nobles, eaux chaudes, entraînement dragonblades, portail Elemental Grounds et secours. Professions des résidents ; lieu de travail et commanditaires peuvent être extérieurs au quartier. Visiteurs exclus du stock. activité/institution locale Budget civil 5,00 % ; coefficient 21,000000 ; part de filière 8,284 %. Entraînement, loyauté, armes et habilitations ; aucun métier verrouillé par naissance sauf source explicite.";0.00902004085868655;0.2198003145691148;0.004585186288174946
Warden des Arcane Enforcers;Protecteur et contrôleur arcanique;0.2334055417159763;0.38585806202012946;7.002166251479289;A — activité attestée;SB140;"Visiteurs dont nobles, eaux chaudes, entraînement dragonblades, portail Elemental Grounds et secours. Professions des résidents ; lieu de travail et commanditaires peuvent être extérieurs au quartier. Visiteurs exclus du stock. activité/institution locale Budget civil 5,00 % ; coefficient 21,000000 ; part de filière 8,284 %. Entraînement, loyauté, armes et habilitations ; aucun métier verrouillé par naissance sauf source explicite.";0.00902004085868655;0.2198003145691148;0.004585186288174946
Inquisiteur;Garde et surveillant;0;0;0.0;A — activité attestée;SB29;"Visiteurs dont nobles, eaux chaudes, entraînement dragonblades, portail Elemental Grounds et secours. Professions des résidents ; lieu de travail et commanditaires peuvent être extérieurs au quartier. Visiteurs exclus du stock. activité/institution locale Budget civil 5,00 % ; coefficient 0,000000 ; part de filière 0,000 %. Zéro proposé : Inquisiteur bauronien : aucun établissement de son Église habilité dans ce profil, notamment les ordres cirrus indépendants. Entraînement, loyauté, armes et habilitations ; aucun métier verrouillé par naissance sauf source explicite.";0;0;0
Mage impérial chargé du contrôle;Protecteur et contrôleur arcanique;0;0;0.0;A — activité attestée;SB98;"Visiteurs dont nobles, eaux chaudes, entraînement dragonblades, portail Elemental Grounds et secours. Professions des résidents ; lieu de travail et commanditaires peuvent être extérieurs au quartier. Visiteurs exclus du stock. activité/institution locale Budget civil 5,00 % ; coefficient 0,000000 ; part de filière 0,000 %. Zéro proposé : Filière régionale non retenue dans ce scénario, sans interdiction universelle. Entraînement, loyauté, armes et habilitations ; aucun métier verrouillé par naissance sauf source explicite.";0;0;0
Chasseur de morts-vivants;Combattant professionnel;0.2334055417159763;0.38585806202012946;7.002166251479289;A — activité attestée;SB210;"Visiteurs dont nobles, eaux chaudes, entraînement dragonblades, portail Elemental Grounds et secours. Professions des résidents ; lieu de travail et commanditaires peuvent être extérieurs au quartier. Visiteurs exclus du stock. activité/institution locale Budget civil 5,00 % ; coefficient 21,000000 ; part de filière 8,284 %. Entraînement, loyauté, armes et habilitations ; aucun métier verrouillé par naissance sauf source explicite.";0.00902004085868655;0.2198003145691148;0.004585186288174946
Détective;Enquêteur et agent de renseignement;0.005557274802761342;0.00918709671476499;0.16671824408284025;A — activité attestée;"PG9; BR42";"Visiteurs dont nobles, eaux chaudes, entraînement dragonblades, portail Elemental Grounds et secours. Professions des résidents ; lieu de travail et commanditaires peuvent être extérieurs au quartier. Visiteurs exclus du stock. activité/institution locale Budget civil 5,00 % ; coefficient 0,500000 ; part de filière 0,197 %. Entraînement, loyauté, armes et habilitations ; aucun métier verrouillé par naissance sauf source explicite.";0.00021476287758777498;0.005233340823074163;0.00010917110209940349
Espion;Enquêteur et agent de renseignement;0.005557274802761342;0.00918709671476499;0.16671824408284025;A — activité attestée;"PG9; BR42";"Visiteurs dont nobles, eaux chaudes, entraînement dragonblades, portail Elemental Grounds et secours. Professions des résidents ; lieu de travail et commanditaires peuvent être extérieurs au quartier. Visiteurs exclus du stock. activité/institution locale Budget civil 5,00 % ; coefficient 0,500000 ; part de filière 0,197 %. Entraînement, loyauté, armes et habilitations ; aucun métier verrouillé par naissance sauf source explicite.";0.00021476287758777498;0.005233340823074163;0.00010917110209940349
Détective arcanique;Enquêteur et agent de renseignement;0.005557274802761342;0.00918709671476499;0.16671824408284025;A — activité attestée;SB140;"Visiteurs dont nobles, eaux chaudes, entraînement dragonblades, portail Elemental Grounds et secours. Professions des résidents ; lieu de travail et commanditaires peuvent être extérieurs au quartier. Visiteurs exclus du stock. activité/institution locale Budget civil 5,00 % ; coefficient 0,500000 ; part de filière 0,197 %. Entraînement, loyauté, armes et habilitations ; aucun métier verrouillé par naissance sauf source explicite.";0.00021476287758777498;0.005233340823074163;0.00010917110209940349
Fonctionnaire;Administrateur et juriste;0.24889914531802118;0.4114715578079372;7.466974359540635;A — activité attestée;"SB90; SB213";"Visiteurs dont nobles, eaux chaudes, entraînement dragonblades, portail Elemental Grounds et secours. Professions des résidents ; lieu de travail et commanditaires peuvent être extérieurs au quartier. Visiteurs exclus du stock. activité/institution locale Budget civil 5,00 % ; coefficient 5,000000 ; part de filière 8,834 %. Instruction, autorisation ou initiation ; clergé, caste et office ne rendent pas noble.";0.01995891687001871;0.22696743785329976;0.0019727905947027045
Percepteur;Administrateur et juriste;0.24889914531802118;0.4114715578079372;7.466974359540635;A — activité attestée;SB132;"Visiteurs dont nobles, eaux chaudes, entraînement dragonblades, portail Elemental Grounds et secours. Professions des résidents ; lieu de travail et commanditaires peuvent être extérieurs au quartier. Visiteurs exclus du stock. activité/institution locale Budget civil 5,00 % ; coefficient 5,000000 ; part de filière 8,834 %. Instruction, autorisation ou initiation ; clergé, caste et office ne rendent pas noble.";0.01995891687001871;0.22696743785329976;0.0019727905947027045
Juge;Administrateur et juriste;0.24889914531802118;0.4114715578079372;7.466974359540635;A — activité attestée;"SB90; SB213";"Visiteurs dont nobles, eaux chaudes, entraînement dragonblades, portail Elemental Grounds et secours. Professions des résidents ; lieu de travail et commanditaires peuvent être extérieurs au quartier. Visiteurs exclus du stock. activité/institution locale Budget civil 5,00 % ; coefficient 5,000000 ; part de filière 8,834 %. Instruction, autorisation ou initiation ; clergé, caste et office ne rendent pas noble.";0.01995891687001871;0.22696743785329976;0.0019727905947027045
Avocat;Administrateur et juriste;0.24889914531802118;0.4114715578079372;7.466974359540635;A — activité attestée;"SB90; SB213";"Visiteurs dont nobles, eaux chaudes, entraînement dragonblades, portail Elemental Grounds et secours. Professions des résidents ; lieu de travail et commanditaires peuvent être extérieurs au quartier. Visiteurs exclus du stock. activité/institution locale Budget civil 5,00 % ; coefficient 5,000000 ; part de filière 8,834 %. Instruction, autorisation ou initiation ; clergé, caste et office ne rendent pas noble.";0.01995891687001871;0.22696743785329976;0.0019727905947027045
Diplomate et émissaire;Administrateur et juriste;0.24889914531802118;0.4114715578079372;7.466974359540635;A — activité attestée;PG46;"Visiteurs dont nobles, eaux chaudes, entraînement dragonblades, portail Elemental Grounds et secours. Professions des résidents ; lieu de travail et commanditaires peuvent être extérieurs au quartier. Visiteurs exclus du stock. activité/institution locale Budget civil 5,00 % ; coefficient 5,000000 ; part de filière 8,834 %. Instruction, autorisation ou initiation ; clergé, caste et office ne rendent pas noble.";0.01995891687001871;0.22696743785329976;0.0019727905947027045
Recruteur et agent de missions;Administrateur et juriste;0.24889914531802118;0.4114715578079372;7.466974359540635;D — activité déduite;SB105;"Visiteurs dont nobles, eaux chaudes, entraînement dragonblades, portail Elemental Grounds et secours. Professions des résidents ; lieu de travail et commanditaires peuvent être extérieurs au quartier. Visiteurs exclus du stock. activité/institution locale Budget civil 5,00 % ; coefficient 5,000000 ; part de filière 8,834 %. Instruction, autorisation ou initiation ; clergé, caste et office ne rendent pas noble.";0.01995891687001871;0.22696743785329976;0.0019727905947027045
Bourreau;Administrateur et juriste;0.24889914531802118;0.4114715578079372;7.466974359540635;A — activité attestée;SB148;"Visiteurs dont nobles, eaux chaudes, entraînement dragonblades, portail Elemental Grounds et secours. Professions des résidents ; lieu de travail et commanditaires peuvent être extérieurs au quartier. Visiteurs exclus du stock. activité/institution locale Budget civil 5,00 % ; coefficient 5,000000 ; part de filière 8,834 %. Instruction, autorisation ou initiation ; clergé, caste et office ne rendent pas noble.";0.01995891687001871;0.22696743785329976;0.0019727905947027045
Acteur et comédien;Artiste du spectacle;0.08804807265624999;0.14555806357455778;2.6414421796874996;A — activité attestée;MJ129;"Visiteurs dont nobles, eaux chaudes, entraînement dragonblades, portail Elemental Grounds et secours. Professions des résidents ; lieu de travail et commanditaires peuvent être extérieurs au quartier. Visiteurs exclus du stock. activité/institution locale Budget civil 2,00 % ; coefficient 1,500000 ; part de filière 7,812 %. Apprentissage, audition et réseau ; accès au mérite notamment Mustardseed.";0.004812732652659714;0.08209365315469143;0.0011416868488988443
Danseur;Artiste du spectacle;0.08804807265624999;0.14555806357455778;2.6414421796874996;A — activité attestée;MJ129;"Visiteurs dont nobles, eaux chaudes, entraînement dragonblades, portail Elemental Grounds et secours. Professions des résidents ; lieu de travail et commanditaires peuvent être extérieurs au quartier. Visiteurs exclus du stock. activité/institution locale Budget civil 2,00 % ; coefficient 1,500000 ; part de filière 7,812 %. Apprentissage, audition et réseau ; accès au mérite notamment Mustardseed.";0.004812732652659714;0.08209365315469143;0.0011416868488988443
Musicien;Artiste du spectacle;0.08804807265624999;0.14555806357455778;2.6414421796874996;A — activité attestée;MJ129;"Visiteurs dont nobles, eaux chaudes, entraînement dragonblades, portail Elemental Grounds et secours. Professions des résidents ; lieu de travail et commanditaires peuvent être extérieurs au quartier. Visiteurs exclus du stock. activité/institution locale Budget civil 2,00 % ; coefficient 1,500000 ; part de filière 7,812 %. Apprentissage, audition et réseau ; accès au mérite notamment Mustardseed.";0.004812732652659714;0.08209365315469143;0.0011416868488988443
Chanteur;Artiste du spectacle;0.08804807265624999;0.14555806357455778;2.6414421796874996;A — activité attestée;MJ129;"Visiteurs dont nobles, eaux chaudes, entraînement dragonblades, portail Elemental Grounds et secours. Professions des résidents ; lieu de travail et commanditaires peuvent être extérieurs au quartier. Visiteurs exclus du stock. activité/institution locale Budget civil 2,00 % ; coefficient 1,500000 ; part de filière 7,812 %. Apprentissage, audition et réseau ; accès au mérite notamment Mustardseed.";0.004812732652659714;0.08209365315469143;0.0011416868488988443
Poète;Artiste du spectacle;0.08804807265624999;0.14555806357455778;2.6414421796874996;A — activité attestée;MJ129;"Visiteurs dont nobles, eaux chaudes, entraînement dragonblades, portail Elemental Grounds et secours. Professions des résidents ; lieu de travail et commanditaires peuvent être extérieurs au quartier. Visiteurs exclus du stock. activité/institution locale Budget civil 2,00 % ; coefficient 1,500000 ; part de filière 7,812 %. Apprentissage, audition et réseau ; accès au mérite notamment Mustardseed.";0.004812732652659714;0.08209365315469143;0.0011416868488988443
Conteur;Artiste du spectacle;0.08804807265624999;0.14555806357455778;2.6414421796874996;A — activité attestée;MJ129;"Visiteurs dont nobles, eaux chaudes, entraînement dragonblades, portail Elemental Grounds et secours. Professions des résidents ; lieu de travail et commanditaires peuvent être extérieurs au quartier. Visiteurs exclus du stock. activité/institution locale Budget civil 2,00 % ; coefficient 1,500000 ; part de filière 7,812 %. Apprentissage, audition et réseau ; accès au mérite notamment Mustardseed.";0.004812732652659714;0.08209365315469143;0.0011416868488988443
Bouffon;Artiste du spectacle;0.08804807265624999;0.14555806357455778;2.6414421796874996;A — activité attestée;MJ129;"Visiteurs dont nobles, eaux chaudes, entraînement dragonblades, portail Elemental Grounds et secours. Professions des résidents ; lieu de travail et commanditaires peuvent être extérieurs au quartier. Visiteurs exclus du stock. activité/institution locale Budget civil 2,00 % ; coefficient 1,500000 ; part de filière 7,812 %. Apprentissage, audition et réseau ; accès au mérite notamment Mustardseed.";0.004812732652659714;0.08209365315469143;0.0011416868488988443
Jongleur;Artiste du spectacle;0.08804807265624999;0.14555806357455778;2.6414421796874996;A — activité attestée;MJ129;"Visiteurs dont nobles, eaux chaudes, entraînement dragonblades, portail Elemental Grounds et secours. Professions des résidents ; lieu de travail et commanditaires peuvent être extérieurs au quartier. Visiteurs exclus du stock. activité/institution locale Budget civil 2,00 % ; coefficient 1,500000 ; part de filière 7,812 %. Apprentissage, audition et réseau ; accès au mérite notamment Mustardseed.";0.004812732652659714;0.08209365315469143;0.0011416868488988443
Acrobate;Artiste du spectacle;0.08804807265624999;0.14555806357455778;2.6414421796874996;A — activité attestée;MJ129;"Visiteurs dont nobles, eaux chaudes, entraînement dragonblades, portail Elemental Grounds et secours. Professions des résidents ; lieu de travail et commanditaires peuvent être extérieurs au quartier. Visiteurs exclus du stock. activité/institution locale Budget civil 2,00 % ; coefficient 1,500000 ; part de filière 7,812 %. Apprentissage, audition et réseau ; accès au mérite notamment Mustardseed.";0.004812732652659714;0.08209365315469143;0.0011416868488988443
Cracheur de feu;Artiste du spectacle;0.08804807265624999;0.14555806357455778;2.6414421796874996;A — activité attestée;MJ129;"Visiteurs dont nobles, eaux chaudes, entraînement dragonblades, portail Elemental Grounds et secours. Professions des résidents ; lieu de travail et commanditaires peuvent être extérieurs au quartier. Visiteurs exclus du stock. activité/institution locale Budget civil 2,00 % ; coefficient 1,500000 ; part de filière 7,812 %. Apprentissage, audition et réseau ; accès au mérite notamment Mustardseed.";0.004812732652659714;0.08209365315469143;0.0011416868488988443
Compositeur;Artiste du spectacle;0.08804807265624999;0.14555806357455778;2.6414421796874996;A — activité attestée;PG28;"Visiteurs dont nobles, eaux chaudes, entraînement dragonblades, portail Elemental Grounds et secours. Professions des résidents ; lieu de travail et commanditaires peuvent être extérieurs au quartier. Visiteurs exclus du stock. activité/institution locale Budget civil 2,00 % ; coefficient 1,500000 ; part de filière 7,812 %. Apprentissage, audition et réseau ; accès au mérite notamment Mustardseed.";0.004812732652659714;0.08209365315469143;0.0011416868488988443
Crieur public;Artiste du spectacle;0.08804807265624999;0.14555806357455778;2.6414421796874996;P — activité proposée;MJ129;"Visiteurs dont nobles, eaux chaudes, entraînement dragonblades, portail Elemental Grounds et secours. Professions des résidents ; lieu de travail et commanditaires peuvent être extérieurs au quartier. Visiteurs exclus du stock. activité/institution locale Budget civil 2,00 % ; coefficient 1,500000 ; part de filière 7,812 %. Apprentissage, audition et réseau ; accès au mérite notamment Mustardseed.";0.004812732652659714;0.08209365315469143;0.0011416868488988443
Joueur professionnel;Professionnel du jeu;0.023479486041666667;0.03881548361988208;0.7043845812499999;P — activité proposée;SB99;"Visiteurs dont nobles, eaux chaudes, entraînement dragonblades, portail Elemental Grounds et secours. Professions des résidents ; lieu de travail et commanditaires peuvent être extérieurs au quartier. Visiteurs exclus du stock. activité/institution locale Budget civil 2,00 % ; coefficient 0,400000 ; part de filière 2,083 %. Apprentissage, audition et réseau ; accès au mérite notamment Mustardseed.";0.0012833953740425908;0.021891640841251052;0.00030444982637302533
Croupier;Professionnel du jeu;0.023479486041666667;0.03881548361988208;0.7043845812499999;D — activité déduite;SB99;"Visiteurs dont nobles, eaux chaudes, entraînement dragonblades, portail Elemental Grounds et secours. Professions des résidents ; lieu de travail et commanditaires peuvent être extérieurs au quartier. Visiteurs exclus du stock. activité/institution locale Budget civil 2,00 % ; coefficient 0,400000 ; part de filière 2,083 %. Apprentissage, audition et réseau ; accès au mérite notamment Mustardseed.";0.0012833953740425908;0.021891640841251052;0.00030444982637302533
Preneur de paris;Professionnel du jeu;0.023479486041666667;0.03881548361988208;0.7043845812499999;D — activité déduite;SB99;"Visiteurs dont nobles, eaux chaudes, entraînement dragonblades, portail Elemental Grounds et secours. Professions des résidents ; lieu de travail et commanditaires peuvent être extérieurs au quartier. Visiteurs exclus du stock. activité/institution locale Budget civil 2,00 % ; coefficient 0,400000 ; part de filière 2,083 %. Apprentissage, audition et réseau ; accès au mérite notamment Mustardseed.";0.0012833953740425908;0.021891640841251052;0.00030444982637302533
Maître-chanteur;Opérateur d’activités illicites;0;0;0.0;A — activité attestée;BR42;"Visiteurs dont nobles, eaux chaudes, entraînement dragonblades, portail Elemental Grounds et secours. Professions des résidents ; lieu de travail et commanditaires peuvent être extérieurs au quartier. Visiteurs exclus du stock. activité/institution locale Budget civil 0,00 % ; coefficient 0,000000 ; part de filière 0,000 %. Zéro proposé : Budget local de cette filière nul ou coefficient non retenu ; aucune interdiction universelle. Réseaux, exclusion, dettes et compétences ; statut légal distinct de noblesse.";0;0;0
Cambrioleur;Opérateur d’activités illicites;0;0;0.0;A — activité attestée;BR42;"Visiteurs dont nobles, eaux chaudes, entraînement dragonblades, portail Elemental Grounds et secours. Professions des résidents ; lieu de travail et commanditaires peuvent être extérieurs au quartier. Visiteurs exclus du stock. activité/institution locale Budget civil 0,00 % ; coefficient 0,000000 ; part de filière 0,000 %. Zéro proposé : Budget local de cette filière nul ou coefficient non retenu ; aucune interdiction universelle. Réseaux, exclusion, dettes et compétences ; statut légal distinct de noblesse.";0;0;0
Homme de main;Opérateur d’activités illicites;0;0;0.0;A — activité attestée;BR42;"Visiteurs dont nobles, eaux chaudes, entraînement dragonblades, portail Elemental Grounds et secours. Professions des résidents ; lieu de travail et commanditaires peuvent être extérieurs au quartier. Visiteurs exclus du stock. activité/institution locale Budget civil 0,00 % ; coefficient 0,000000 ; part de filière 0,000 %. Zéro proposé : Budget local de cette filière nul ou coefficient non retenu ; aucune interdiction universelle. Réseaux, exclusion, dettes et compétences ; statut légal distinct de noblesse.";0;0;0
Receleur;Opérateur d’activités illicites;0;0;0.0;A — activité attestée;BR42;"Visiteurs dont nobles, eaux chaudes, entraînement dragonblades, portail Elemental Grounds et secours. Professions des résidents ; lieu de travail et commanditaires peuvent être extérieurs au quartier. Visiteurs exclus du stock. activité/institution locale Budget civil 0,00 % ; coefficient 0,000000 ; part de filière 0,000 %. Zéro proposé : Budget local de cette filière nul ou coefficient non retenu ; aucune interdiction universelle. Réseaux, exclusion, dettes et compétences ; statut légal distinct de noblesse.";0;0;0
Voleur de grand chemin;Opérateur d’activités illicites;0;0;0.0;A — activité attestée;BR42;"Visiteurs dont nobles, eaux chaudes, entraînement dragonblades, portail Elemental Grounds et secours. Professions des résidents ; lieu de travail et commanditaires peuvent être extérieurs au quartier. Visiteurs exclus du stock. activité/institution locale Budget civil 0,00 % ; coefficient 0,000000 ; part de filière 0,000 %. Zéro proposé : Budget local de cette filière nul ou coefficient non retenu ; aucune interdiction universelle. Réseaux, exclusion, dettes et compétences ; statut légal distinct de noblesse.";0;0;0
Tueur à gages;Opérateur d’activités illicites;0;0;0.0;A — activité attestée;BR42;"Visiteurs dont nobles, eaux chaudes, entraînement dragonblades, portail Elemental Grounds et secours. Professions des résidents ; lieu de travail et commanditaires peuvent être extérieurs au quartier. Visiteurs exclus du stock. activité/institution locale Budget civil 0,00 % ; coefficient 0,000000 ; part de filière 0,000 %. Zéro proposé : Budget local de cette filière nul ou coefficient non retenu ; aucune interdiction universelle. Réseaux, exclusion, dettes et compétences ; statut légal distinct de noblesse.";0;0;0
Pickpocket;Opérateur d’activités illicites;0;0;0.0;A — activité attestée;BR42;"Visiteurs dont nobles, eaux chaudes, entraînement dragonblades, portail Elemental Grounds et secours. Professions des résidents ; lieu de travail et commanditaires peuvent être extérieurs au quartier. Visiteurs exclus du stock. activité/institution locale Budget civil 0,00 % ; coefficient 0,000000 ; part de filière 0,000 %. Zéro proposé : Budget local de cette filière nul ou coefficient non retenu ; aucune interdiction universelle. Réseaux, exclusion, dettes et compétences ; statut légal distinct de noblesse.";0;0;0
Contrebandier;Opérateur d’activités illicites;0;0;0.0;A — activité attestée;BR42;"Visiteurs dont nobles, eaux chaudes, entraînement dragonblades, portail Elemental Grounds et secours. Professions des résidents ; lieu de travail et commanditaires peuvent être extérieurs au quartier. Visiteurs exclus du stock. activité/institution locale Budget civil 0,00 % ; coefficient 0,000000 ; part de filière 0,000 %. Zéro proposé : Budget local de cette filière nul ou coefficient non retenu ; aucune interdiction universelle. Réseaux, exclusion, dettes et compétences ; statut légal distinct de noblesse.";0;0;0
Pirate;Opérateur d’activités illicites;0;0;0.0;A — activité attestée;MJ136;"Visiteurs dont nobles, eaux chaudes, entraînement dragonblades, portail Elemental Grounds et secours. Professions des résidents ; lieu de travail et commanditaires peuvent être extérieurs au quartier. Visiteurs exclus du stock. activité/institution locale Budget civil 0,00 % ; coefficient 0,000000 ; part de filière 0,000 %. Zéro proposé : Budget local de cette filière nul ou coefficient non retenu ; aucune interdiction universelle. Réseaux, exclusion, dettes et compétences ; statut légal distinct de noblesse.";0;0;0
Cultivateur de tubercules;Agriculteur;0;0;0.0;A — activité attestée;"SB120; SB168";"Visiteurs dont nobles, eaux chaudes, entraînement dragonblades, portail Elemental Grounds et secours. Professions des résidents ; lieu de travail et commanditaires peuvent être extérieurs au quartier. Visiteurs exclus du stock. activité/institution locale Budget civil 20,00 % ; coefficient 0,000000 ; part de filière 0,000 %. Zéro proposé : Climat, matière ou culture hors filière régionale retenue ; aucun établissement exceptionnel proposé. Transmission familiale, terre/eau, droits d’usage et outils ; les tâches saisonnières restent secondaires.";0;0;0
Cartographe;Cartographe;0.011954480918819536;0.0197627391615466;0.3586344275645861;A — activité attestée;MJ128;"Visiteurs dont nobles, eaux chaudes, entraînement dragonblades, portail Elemental Grounds et secours. Professions des résidents ; lieu de travail et commanditaires peuvent être extérieurs au quartier. Visiteurs exclus du stock. activité/institution locale Budget civil 3,00 % ; coefficient 0,750000 ; part de filière 0,707 %. Long apprentissage, frais, bourses, talent, licence ou secret ; titre ne donne pas maîtrise.";0.001522571829658935;0.010388566555264442;4.3342533896159006e-05
Sans métier actif;Statut;3.2811;5.424202347495454;98.43299999999999;P;;Personnes productives occupées + personnes sans emploi disponibles recherchant une activité. Inclut aide familiale, subsistance, apprentissage productif et travail partiel.;0.0416;2.7755;0.46399999999999997
Hors activité;Statut;39.510000000000005;0;1185.3000000000002;P;;"Tous habitants recensés dans les catégories sources; enfants, étudiants et retraités ne sont exclus de l’activité que sans contribution productive. Pas de seuil humain de 18 ans imposé.";1.92;35.49;2.1
