Métier;Base;% habitants;% actifs;Effectif attendu;Appui activité;Références;Justification proposée;Milieu privilégié, noblesse non établie / % de tous habitants;Milieu ordinaire, noblesse non établie / % de tous habitants;Milieu précaire, noblesse non établie / % de tous habitants
Agriculteur généraliste;Agriculteur;0.8398515221094631;1.9270526792990132;5862.163624324053;A — activité attestée;"SB90; SB198";"Contexte régional ; taille et fréquence locales proposées. Agrégat pondéré par habitants puis actifs ; quartiers et institutions déjà inclus. chapitre régional ; profil territorial proposé Transmission familiale, terre/eau, droits d’usage et outils ; les tâches saisonnières restent secondaires.";0.0029798821426549158;0.8025393201167822;0.03433231985002599
Céréalier;Agriculteur;1.860374492006656;4.268658869982624;12985.413954206459;D — activité déduite;"SB90; SB198";"Contexte régional ; taille et fréquence locales proposées. Agrégat pondéré par habitants puis actifs ; quartiers et institutions déjà inclus. chapitre régional ; profil territorial proposé Transmission familiale, terre/eau, droits d’usage et outils ; les tâches saisonnières restent secondaires.";0.007151768366955484;1.7907063603891196;0.0625163632505812
Riziculteur;Agriculteur;0;0;0.0;A — activité attestée;SB198;"Contexte régional ; taille et fréquence locales proposées. Agrégat pondéré par habitants puis actifs ; quartiers et institutions déjà inclus. chapitre régional ; profil territorial proposé Zéro proposé : Aucun profil enfant ne retient ce métier dans le scénario ; ne prouve pas absence canonique. Transmission familiale, terre/eau, droits d’usage et outils ; les tâches saisonnières restent secondaires.";0;0;0
Vigneron;Agriculteur;0;0;0.0;A — activité attestée;MJ128;"Contexte régional ; taille et fréquence locales proposées. Agrégat pondéré par habitants puis actifs ; quartiers et institutions déjà inclus. chapitre régional ; profil territorial proposé Zéro proposé : Aucun profil enfant ne retient ce métier dans le scénario ; ne prouve pas absence canonique. Savoir-faire de terrain et sécurité ; procédé spécialisé distinct du rang social.";0;0;0
Cultivateur d’épices;Agriculteur;0;0;0.0;A — activité attestée;SB182;"Contexte régional ; taille et fréquence locales proposées. Agrégat pondéré par habitants puis actifs ; quartiers et institutions déjà inclus. chapitre régional ; profil territorial proposé Zéro proposé : Aucun profil enfant ne retient ce métier dans le scénario ; ne prouve pas absence canonique. Savoir-faire de terrain et sécurité ; procédé spécialisé distinct du rang social.";0;0;0
Cultivateur d’herbes pour thé;Agriculteur;0;0;0.0;D — activité déduite;SB198;"Contexte régional ; taille et fréquence locales proposées. Agrégat pondéré par habitants puis actifs ; quartiers et institutions déjà inclus. chapitre régional ; profil territorial proposé Zéro proposé : Aucun profil enfant ne retient ce métier dans le scénario ; ne prouve pas absence canonique. Savoir-faire de terrain et sécurité ; procédé spécialisé distinct du rang social.";0;0;0
Maraîcher;Agriculteur;1.1499139374439058;2.638495824296117;8026.3992833584625;D — activité déduite;"SB90; SB198";"Contexte régional ; taille et fréquence locales proposées. Agrégat pondéré par habitants puis actifs ; quartiers et institutions déjà inclus. chapitre régional ; profil territorial proposé Transmission familiale, terre/eau, droits d’usage et outils ; les tâches saisonnières restent secondaires.";0.004171843537147497;1.1009903801816354;0.044751713725122856
Jardinier;Horticulteur;0.1838372256427889;0.4218174390397308;1283.1838349866664;A — activité attestée;"SB29; SB161";"Contexte régional ; taille et fréquence locales proposées. Agrégat pondéré par habitants puis actifs ; quartiers et institutions déjà inclus. chapitre régional ; profil territorial proposé Savoir-faire de terrain et sécurité ; procédé spécialisé distinct du rang social.";0.0007924934700809048;0.16914900565548596;0.013895726517222033
Fleuriste;Horticulteur;0.1838372256427889;0.4218174390397308;1283.1838349866664;A — activité attestée;"SB29; SB161";"Contexte régional ; taille et fréquence locales proposées. Agrégat pondéré par habitants puis actifs ; quartiers et institutions déjà inclus. chapitre régional ; profil territorial proposé Savoir-faire de terrain et sécurité ; procédé spécialisé distinct du rang social.";0.0007924934700809048;0.16914900565548596;0.013895726517222033
Arboriculteur de verger;Horticulteur;0.3988699846547865;0.9152135257079173;2784.1124928904096;D — activité déduite;"SB29; SB161";"Contexte régional ; taille et fréquence locales proposées. Agrégat pondéré par habitants puis actifs ; quartiers et institutions déjà inclus. chapitre régional ; profil territorial proposé Transmission familiale, terre/eau, droits d’usage et outils ; les tâches saisonnières restent secondaires.";0.0015644519982185793;0.3846655575907888;0.012639975065779166
Jardinier de roses magiques;Horticulteur;0;0;0.0;A — activité attestée;SB157;"Contexte régional ; taille et fréquence locales proposées. Agrégat pondéré par habitants puis actifs ; quartiers et institutions déjà inclus. chapitre régional ; profil territorial proposé Zéro proposé : Aucun profil enfant ne retient ce métier dans le scénario ; ne prouve pas absence canonique. Savoir-faire de terrain et sécurité ; procédé spécialisé distinct du rang social.";0;0;0
Arboriculteur de breithwood;Horticulteur;0;0;0.0;D — activité déduite;SB152;"Contexte régional ; taille et fréquence locales proposées. Agrégat pondéré par habitants puis actifs ; quartiers et institutions déjà inclus. chapitre régional ; profil territorial proposé Zéro proposé : Aucun profil enfant ne retient ce métier dans le scénario ; ne prouve pas absence canonique. Savoir-faire de terrain et sécurité ; procédé spécialisé distinct du rang social.";0;0;0
Éleveur généraliste;Éleveur;0.4643295457149034;1.0654115300049132;3241.020229090026;A — activité attestée;"SB120; SB182";"Contexte régional ; taille et fréquence locales proposées. Agrégat pondéré par habitants puis actifs ; quartiers et institutions déjà inclus. chapitre régional ; profil territorial proposé Transmission familiale, terre/eau, droits d’usage et outils ; les tâches saisonnières restent secondaires.";0.0016761863731904571;0.44437690882135883;0.01827645052035414
Berger;Éleveur;0.13244727669375508;0.3039023835754772;924.4819913224105;A — activité attestée;MJ135;"Contexte régional ; taille et fréquence locales proposées. Agrégat pondéré par habitants puis actifs ; quartiers et institutions déjà inclus. chapitre régional ; profil territorial proposé Transmission familiale, terre/eau, droits d’usage et outils ; les tâches saisonnières restent secondaires.";0.00044698018704058385;0.12602206501298224;0.005978231493732281
Éleveur de yaks;Éleveur;0;0;0.0;A — activité attestée;SB120;"Contexte régional ; taille et fréquence locales proposées. Agrégat pondéré par habitants puis actifs ; quartiers et institutions déjà inclus. chapitre régional ; profil territorial proposé Zéro proposé : Aucun profil enfant ne retient ce métier dans le scénario ; ne prouve pas absence canonique. Transmission familiale, terre/eau, droits d’usage et outils ; les tâches saisonnières restent secondaires.";0;0;0
Éleveur de chevaux;Éleveur;0.1838372256427889;0.4218174390397308;1283.1838349866664;A — activité attestée;SB182;"Contexte régional ; taille et fréquence locales proposées. Agrégat pondéré par habitants puis actifs ; quartiers et institutions déjà inclus. chapitre régional ; profil territorial proposé Savoir-faire de terrain et sécurité ; procédé spécialisé distinct du rang social.";0.0007924934700809048;0.16914900565548596;0.013895726517222033
Éleveur de chameaux;Éleveur;0;0;0.0;A — activité attestée;SB182;"Contexte régional ; taille et fréquence locales proposées. Agrégat pondéré par habitants puis actifs ; quartiers et institutions déjà inclus. chapitre régional ; profil territorial proposé Zéro proposé : Aucun profil enfant ne retient ce métier dans le scénario ; ne prouve pas absence canonique. Savoir-faire de terrain et sécurité ; procédé spécialisé distinct du rang social.";0;0;0
Éleveur de vers à soie;Éleveur;0;0;0.0;A — activité attestée;SB198;"Contexte régional ; taille et fréquence locales proposées. Agrégat pondéré par habitants puis actifs ; quartiers et institutions déjà inclus. chapitre régional ; profil territorial proposé Zéro proposé : Aucun profil enfant ne retient ce métier dans le scénario ; ne prouve pas absence canonique. Savoir-faire de terrain et sécurité ; procédé spécialisé distinct du rang social.";0;0;0
Éleveur de loups géants;Éleveur;0;0;0.0;A — activité attestée;SB191;"Contexte régional ; taille et fréquence locales proposées. Agrégat pondéré par habitants puis actifs ; quartiers et institutions déjà inclus. chapitre régional ; profil territorial proposé Zéro proposé : Aucun profil enfant ne retient ce métier dans le scénario ; ne prouve pas absence canonique. Savoir-faire de terrain et sécurité ; procédé spécialisé distinct du rang social.";0;0;0
Éleveur de montures volantes;Éleveur;0;0;0.0;A — activité attestée;"SB124; SB107";"Contexte régional ; taille et fréquence locales proposées. Agrégat pondéré par habitants puis actifs ; quartiers et institutions déjà inclus. chapitre régional ; profil territorial proposé Zéro proposé : Aucun profil enfant ne retient ce métier dans le scénario ; ne prouve pas absence canonique. Savoir-faire de terrain et sécurité ; procédé spécialisé distinct du rang social.";0;0;0
Apiculteur;Éleveur;0;0;0.0;P — activité proposée;SB152;"Contexte régional ; taille et fréquence locales proposées. Agrégat pondéré par habitants puis actifs ; quartiers et institutions déjà inclus. chapitre régional ; profil territorial proposé Zéro proposé : Aucun profil enfant ne retient ce métier dans le scénario ; ne prouve pas absence canonique. Transmission familiale, terre/eau, droits d’usage et outils ; les tâches saisonnières restent secondaires.";0;0;0
Chasseur de gibier;Chasseur;0.1433572035371079;0.3289353842916432;1000.6332806890132;A — activité attestée;"MJ139; PG20";"Contexte régional ; taille et fréquence locales proposées. Agrégat pondéré par habitants puis actifs ; quartiers et institutions déjà inclus. chapitre régional ; profil territorial proposé Transmission familiale, terre/eau, droits d’usage et outils ; les tâches saisonnières restent secondaires.";0.00046560258286923006;0.1359739568847439;0.006917644069494777
Trappeur;Chasseur;0.02181985368670564;0.050066001432331954;152.30257873320537;A — activité attestée;MJ140;"Contexte régional ; taille et fréquence locales proposées. Agrégat pondéré par habitants puis actifs ; quartiers et institutions déjà inclus. chapitre régional ; profil territorial proposé Transmission familiale, terre/eau, droits d’usage et outils ; les tâches saisonnières restent secondaires.";3.724479165729266e-05;0.019903783743523355;0.0018788251515249933
Chasseur de monstres;Chasseur;0.01193815949342313;0.02739229689066581;83.32835326409345;A — activité attestée;PG58;"Contexte régional ; taille et fréquence locales proposées. Agrégat pondéré par habitants puis actifs ; quartiers et institutions déjà inclus. chapitre régional ; profil territorial proposé Long apprentissage, frais, bourses, talent, licence ou secret ; titre ne donne pas maîtrise.";0.0005301282319030565;0.01132276395195718;8.526730956289491e-05
Chasseur de monstres marins;Chasseur;0;0;0.0;A — activité attestée;SB148;"Contexte régional ; taille et fréquence locales proposées. Agrégat pondéré par habitants puis actifs ; quartiers et institutions déjà inclus. chapitre régional ; profil territorial proposé Zéro proposé : Aucun profil enfant ne retient ce métier dans le scénario ; ne prouve pas absence canonique. Long apprentissage, frais, bourses, talent, licence ou secret ; titre ne donne pas maîtrise.";0;0;0
Chasseur de dragons;Chasseur;0;0;0.0;A — activité attestée;SB220;"Contexte régional ; taille et fréquence locales proposées. Agrégat pondéré par habitants puis actifs ; quartiers et institutions déjà inclus. chapitre régional ; profil territorial proposé Zéro proposé : Aucun profil enfant ne retient ce métier dans le scénario ; ne prouve pas absence canonique. Long apprentissage, frais, bourses, talent, licence ou secret ; titre ne donne pas maîtrise.";0;0;0
Cueilleur;Collecteur de ressources;0.21252690453941664;0.4876463637133578;1483.4377936851283;A — activité attestée;"MJ139; SB153";"Contexte régional ; taille et fréquence locales proposées. Agrégat pondéré par habitants puis actifs ; quartiers et institutions déjà inclus. chapitre régional ; profil territorial proposé Transmission familiale, terre/eau, droits d’usage et outils ; les tâches saisonnières restent secondaires.";0.0008045728741036655;0.20427504904150837;0.007447282623804575
Herboriste de collecte;Collecteur de ressources;0.14706978051423114;0.3374539512317847;1026.5470679893333;D — activité déduite;BR55;"Contexte régional ; taille et fréquence locales proposées. Agrégat pondéré par habitants puis actifs ; quartiers et institutions déjà inclus. chapitre régional ; profil territorial proposé Savoir-faire de terrain et sécurité ; procédé spécialisé distinct du rang social.";0.0006339947760647238;0.13531920452438878;0.01111658121377763
Collecteur de composants de créatures;Collecteur de ressources;0.14706978051423114;0.3374539512317847;1026.5470679893333;A — activité attestée;"SB104; SB139";"Contexte régional ; taille et fréquence locales proposées. Agrégat pondéré par habitants puis actifs ; quartiers et institutions déjà inclus. chapitre régional ; profil territorial proposé Savoir-faire de terrain et sécurité ; procédé spécialisé distinct du rang social.";0.0006339947760647238;0.13531920452438878;0.01111658121377763
Collecteur de perles;Collecteur de ressources;0;0;0.0;D — activité déduite;SB149;"Contexte régional ; taille et fréquence locales proposées. Agrégat pondéré par habitants puis actifs ; quartiers et institutions déjà inclus. chapitre régional ; profil territorial proposé Zéro proposé : Aucun profil enfant ne retient ce métier dans le scénario ; ne prouve pas absence canonique. Savoir-faire de terrain et sécurité ; procédé spécialisé distinct du rang social.";0;0;0
Récupérateur de reliques penumbrales;Collecteur de ressources;0;0;0.0;A — activité attestée;PG8;"Contexte régional ; taille et fréquence locales proposées. Agrégat pondéré par habitants puis actifs ; quartiers et institutions déjà inclus. chapitre régional ; profil territorial proposé Zéro proposé : Aucun profil enfant ne retient ce métier dans le scénario ; ne prouve pas absence canonique. Savoir-faire de terrain et sécurité ; procédé spécialisé distinct du rang social.";0;0;0
Bûcheron;Travailleur forestier;0.009191861282139446;0.021090871951986542;64.15919174933333;A — activité attestée;"MJ135; SB107";"Contexte régional ; taille et fréquence locales proposées. Agrégat pondéré par habitants puis actifs ; quartiers et institutions déjà inclus. chapitre régional ; profil territorial proposé Savoir-faire de terrain et sécurité ; procédé spécialisé distinct du rang social.";3.962467350404524e-05;0.008457450282774299;0.0006947863258611019
Forestier;Travailleur forestier;0.009191861282139446;0.021090871951986542;64.15919174933333;A — activité attestée;MJ140;"Contexte régional ; taille et fréquence locales proposées. Agrégat pondéré par habitants puis actifs ; quartiers et institutions déjà inclus. chapitre régional ; profil territorial proposé Savoir-faire de terrain et sécurité ; procédé spécialisé distinct du rang social.";3.962467350404524e-05;0.008457450282774299;0.0006947863258611019
Scieur;Travailleur forestier;0.009191861282139446;0.021090871951986542;64.15919174933333;D — activité déduite;SB99;"Contexte régional ; taille et fréquence locales proposées. Agrégat pondéré par habitants puis actifs ; quartiers et institutions déjà inclus. chapitre régional ; profil territorial proposé Savoir-faire de terrain et sécurité ; procédé spécialisé distinct du rang social.";3.962467350404524e-05;0.008457450282774299;0.0006947863258611019
Pêcheur maritime;Pêcheur;0.017455882949364517;0.040052801145865576;121.84206298656433;A — activité attestée;"SB110; SB168";"Contexte régional ; taille et fréquence locales proposées. Agrégat pondéré par habitants puis actifs ; quartiers et institutions déjà inclus. chapitre régional ; profil territorial proposé Transmission familiale, terre/eau, droits d’usage et outils ; les tâches saisonnières restent secondaires.";2.9795833325834127e-05;0.015923026994818686;0.0015030601212199946
Pêcheur d’eau douce;Pêcheur;0.33624623975848944;0.7715223467159023;2346.9987535142564;A — activité attestée;SB138;"Contexte régional ; taille et fréquence locales proposées. Agrégat pondéré par habitants puis actifs ; quartiers et institutions déjà inclus. chapitre régional ; profil territorial proposé Transmission familiale, terre/eau, droits d’usage et outils ; les tâches saisonnières restent secondaires.";0.0012366551444813326;0.32233560055708127;0.012673984056926858
Cultivateur marin;Pêcheur;0;0;0.0;P — activité proposée;SB149;"Contexte régional ; taille et fréquence locales proposées. Agrégat pondéré par habitants puis actifs ; quartiers et institutions déjà inclus. chapitre régional ; profil territorial proposé Zéro proposé : Aucun profil enfant ne retient ce métier dans le scénario ; ne prouve pas absence canonique. Transmission familiale, terre/eau, droits d’usage et outils ; les tâches saisonnières restent secondaires.";0;0;0
Mineur;Extracteur de ressources minérales;0.09191861282139445;0.2109087195198654;641.5919174933332;A — activité attestée;"MJ135; SB160";"Contexte régional ; taille et fréquence locales proposées. Agrégat pondéré par habitants puis actifs ; quartiers et institutions déjà inclus. chapitre régional ; profil territorial proposé Savoir-faire de terrain et sécurité ; procédé spécialisé distinct du rang social.";0.0003962467350404524;0.08457450282774298;0.006947863258611017
Carrier;Extracteur de ressources minérales;0.09191861282139445;0.2109087195198654;641.5919174933332;D — activité déduite;"MJ135; SB160";"Contexte régional ; taille et fréquence locales proposées. Agrégat pondéré par habitants puis actifs ; quartiers et institutions déjà inclus. chapitre régional ; profil territorial proposé Savoir-faire de terrain et sécurité ; procédé spécialisé distinct du rang social.";0.0003962467350404524;0.08457450282774298;0.006947863258611017
Salinier;Extracteur de ressources minérales;0;0;0.0;P — activité proposée;SB120;"Contexte régional ; taille et fréquence locales proposées. Agrégat pondéré par habitants puis actifs ; quartiers et institutions déjà inclus. chapitre régional ; profil territorial proposé Zéro proposé : Aucun profil enfant ne retient ce métier dans le scénario ; ne prouve pas absence canonique. Savoir-faire de terrain et sécurité ; procédé spécialisé distinct du rang social.";0;0;0
Mineur de bauronite;Extracteur de ressources minérales;0.09191861282139445;0.2109087195198654;641.5919174933332;A — activité attestée;"SB174; SB182";"Contexte régional ; taille et fréquence locales proposées. Agrégat pondéré par habitants puis actifs ; quartiers et institutions déjà inclus. chapitre régional ; profil territorial proposé Savoir-faire de terrain et sécurité ; procédé spécialisé distinct du rang social.";0.0003962467350404524;0.08457450282774298;0.006947863258611017
Mineur de tameranium;Extracteur de ressources minérales;0;0;0.0;A — activité attestée;"SB168; SB198";"Contexte régional ; taille et fréquence locales proposées. Agrégat pondéré par habitants puis actifs ; quartiers et institutions déjà inclus. chapitre régional ; profil territorial proposé Zéro proposé : Aucun profil enfant ne retient ce métier dans le scénario ; ne prouve pas absence canonique. Savoir-faire de terrain et sécurité ; procédé spécialisé distinct du rang social.";0;0;0
Extracteur d’obsidienne;Extracteur de ressources minérales;0;0;0.0;A — activité attestée;SB190;"Contexte régional ; taille et fréquence locales proposées. Agrégat pondéré par habitants puis actifs ; quartiers et institutions déjà inclus. chapitre régional ; profil territorial proposé Zéro proposé : Aucun profil enfant ne retient ce métier dans le scénario ; ne prouve pas absence canonique. Savoir-faire de terrain et sécurité ; procédé spécialisé distinct du rang social.";0;0;0
Extracteur de soufre;Extracteur de ressources minérales;0;0;0.0;A — activité attestée;SB190;"Contexte régional ; taille et fréquence locales proposées. Agrégat pondéré par habitants puis actifs ; quartiers et institutions déjà inclus. chapitre régional ; profil territorial proposé Zéro proposé : Aucun profil enfant ne retient ce métier dans le scénario ; ne prouve pas absence canonique. Savoir-faire de terrain et sécurité ; procédé spécialisé distinct du rang social.";0;0;0
Prospecteur;Extracteur de ressources minérales;0.09191861282139445;0.2109087195198654;641.5919174933332;D — activité déduite;SB104;"Contexte régional ; taille et fréquence locales proposées. Agrégat pondéré par habitants puis actifs ; quartiers et institutions déjà inclus. chapitre régional ; profil territorial proposé Savoir-faire de terrain et sécurité ; procédé spécialisé distinct du rang social.";0.0003962467350404524;0.08457450282774298;0.006947863258611017
Meunier;Meunier;0.12065982841976705;0.2768558959755815;842.205602369974;D — activité déduite;SB121;"Contexte régional ; taille et fréquence locales proposées. Agrégat pondéré par habitants puis actifs ; quartiers et institutions déjà inclus. chapitre régional ; profil territorial proposé Apprentissage, atelier, combustible et outils ; titre noble ne remplace pas qualification.";0.0026250742604610458;0.10924525457880913;0.008789499580496874
Boucher;Boucher;0.13789694676544806;0.3164067382578074;962.5206884228276;D — activité déduite;SB99;"Contexte régional ; taille et fréquence locales proposées. Agrégat pondéré par habitants puis actifs ; quartiers et institutions déjà inclus. chapitre régional ; profil territorial proposé Apprentissage, atelier, combustible et outils ; titre noble ne remplace pas qualification.";0.003000084869098338;0.12485171951863899;0.010045142377710715
Écorcheur;Boucher;0.055158778706179225;0.12656269530312297;385.008275369131;A — activité attestée;MJ128;"Contexte régional ; taille et fréquence locales proposées. Agrégat pondéré par habitants puis actifs ; quartiers et institutions déjà inclus. chapitre régional ; profil territorial proposé Apprentissage, atelier, combustible et outils ; titre noble ne remplace pas qualification.";0.0012000339476393356;0.04994068780745561;0.004018056951084285
Boulanger;Boulanger;0.2930310118765771;0.6723643187978406;2045.3564628985082;A — activité attestée;MJ128;"Contexte régional ; taille et fréquence locales proposées. Agrégat pondéré par habitants puis actifs ; quartiers et institutions déjà inclus. chapitre régional ; profil territorial proposé Apprentissage, atelier, combustible et outils ; titre noble ne remplace pas qualification.";0.006375180346833969;0.26530990397710785;0.021345927552635268
Cuisinier;Cuisinier;0.14530744049063013;0.3334102340092617;1014.2459346245982;A — activité attestée;MJ128;"Contexte régional ; taille et fréquence locales proposées. Agrégat pondéré par habitants puis actifs ; quartiers et institutions déjà inclus. chapitre régional ; profil territorial proposé Apprentissage et qualification variable ; soins avancés et thérapie magique exigent formation.";0.00028407192548607547;0.13393504071229853;0.011088327852845532
Cuisinier de haute cuisine;Cuisinier;0;0;0.0;A — activité attestée;"PG28; CC52";"Contexte régional ; taille et fréquence locales proposées. Agrégat pondéré par habitants puis actifs ; quartiers et institutions déjà inclus. chapitre régional ; profil territorial proposé Zéro proposé : Aucun profil enfant ne retient ce métier dans le scénario ; ne prouve pas absence canonique. Apprentissage et qualification variable ; soins avancés et thérapie magique exigent formation.";0;0;0
Poissonnier;Transformateur alimentaire;0.08963301539754123;0.20566437986757483;625.6384474748378;D — activité déduite;"SB120; SB149";"Contexte régional ; taille et fréquence locales proposées. Agrégat pondéré par habitants puis actifs ; quartiers et institutions déjà inclus. chapitre régional ; profil territorial proposé Apprentissage, atelier, combustible et outils ; titre noble ne remplace pas qualification.";0.0019500551649139202;0.08115361768711536;0.006529342545511966
Saleur et sécheur alimentaire;Transformateur alimentaire;0.08963301539754123;0.20566437986757483;625.6384474748378;D — activité déduite;"SB120; SB149";"Contexte régional ; taille et fréquence locales proposées. Agrégat pondéré par habitants puis actifs ; quartiers et institutions déjà inclus. chapitre régional ; profil territorial proposé Apprentissage, atelier, combustible et outils ; titre noble ne remplace pas qualification.";0.0019500551649139202;0.08115361768711536;0.006529342545511966
Fromager;Transformateur alimentaire;0.08963301539754123;0.20566437986757483;625.6384474748378;A — activité attestée;"SB120; SB149";"Contexte régional ; taille et fréquence locales proposées. Agrégat pondéré par habitants puis actifs ; quartiers et institutions déjà inclus. chapitre régional ; profil territorial proposé Apprentissage, atelier, combustible et outils ; titre noble ne remplace pas qualification.";0.0019500551649139202;0.08115361768711536;0.006529342545511966
Huilier;Transformateur alimentaire;0.08963301539754123;0.20566437986757483;625.6384474748378;P — activité proposée;"SB120; SB149";"Contexte régional ; taille et fréquence locales proposées. Agrégat pondéré par habitants puis actifs ; quartiers et institutions déjà inclus. chapitre régional ; profil territorial proposé Apprentissage, atelier, combustible et outils ; titre noble ne remplace pas qualification.";0.0019500551649139202;0.08115361768711536;0.006529342545511966
Brasseur;Fabricant de boissons;0.08273816805926883;0.18984404295468443;577.5124130536965;A — activité attestée;"MJ128; SB120";"Contexte régional ; taille et fréquence locales proposées. Agrégat pondéré par habitants puis actifs ; quartiers et institutions déjà inclus. chapitre régional ; profil territorial proposé Apprentissage, atelier, combustible et outils ; titre noble ne remplace pas qualification.";0.0018000509214590034;0.0749110317111834;0.006027085426626428
Distillateur;Fabricant de boissons;0.08273816805926883;0.18984404295468443;577.5124130536965;A — activité attestée;"MJ128; SB120";"Contexte régional ; taille et fréquence locales proposées. Agrégat pondéré par habitants puis actifs ; quartiers et institutions déjà inclus. chapitre régional ; profil territorial proposé Apprentissage, atelier, combustible et outils ; titre noble ne remplace pas qualification.";0.0018000509214590034;0.0749110317111834;0.006027085426626428
Distillateur de Highlandtuber;Fabricant de boissons;0;0;0.0;A — activité attestée;"SB120; SB121";"Contexte régional ; taille et fréquence locales proposées. Agrégat pondéré par habitants puis actifs ; quartiers et institutions déjà inclus. chapitre régional ; profil territorial proposé Zéro proposé : Aucun profil enfant ne retient ce métier dans le scénario ; ne prouve pas absence canonique. Apprentissage, atelier, combustible et outils ; titre noble ne remplace pas qualification.";0;0;0
Maître de cérémonie du thé;Maître de cérémonie du thé;0;0;0.0;A — activité attestée;SB201;"Contexte régional ; taille et fréquence locales proposées. Agrégat pondéré par habitants puis actifs ; quartiers et institutions déjà inclus. chapitre régional ; profil territorial proposé Zéro proposé : Aucun profil enfant ne retient ce métier dans le scénario ; ne prouve pas absence canonique. Apprentissage, audition et réseau ; accès au mérite notamment Mustardseed.";0;0;0
Alchimiste;Alchimiste;0.10633342841267437;0.24398374323001673;742.2073303204671;A — activité attestée;"MJ128; BR55";"Contexte régional ; taille et fréquence locales proposées. Agrégat pondéré par habitants puis actifs ; quartiers et institutions déjà inclus. chapitre régional ; profil territorial proposé Long apprentissage, frais, bourses, talent, licence ou secret ; titre ne donne pas maîtrise.";0.0071890793362567275;0.09863143449114795;0.0005129145852696994
Apothicaire;Alchimiste;0.04253337136506975;0.0975934972920067;296.8829321281869;A — activité attestée;"MJ128; BR55";"Contexte régional ; taille et fréquence locales proposées. Agrégat pondéré par habitants puis actifs ; quartiers et institutions déjà inclus. chapitre régional ; profil territorial proposé Long apprentissage, frais, bourses, talent, licence ou secret ; titre ne donne pas maîtrise.";0.0028756317345026905;0.03945257379645918;0.00020516583410787974
Préparateur de poisons;Alchimiste;0.02387631898684626;0.05478459378133162;166.6567065281869;D — activité déduite;"BR55; SB193";"Contexte régional ; taille et fréquence locales proposées. Agrégat pondéré par habitants puis actifs ; quartiers et institutions déjà inclus. chapitre régional ; profil territorial proposé Long apprentissage, frais, bourses, talent, licence ou secret ; titre ne donne pas maîtrise.";0.001060256463806113;0.02264552790391436;0.00017053461912578982
Préparateur de potions;Alchimiste;0.02387631898684626;0.05478459378133162;166.6567065281869;A — activité attestée;SB138;"Contexte régional ; taille et fréquence locales proposées. Agrégat pondéré par habitants puis actifs ; quartiers et institutions déjà inclus. chapitre régional ; profil territorial proposé Long apprentissage, frais, bourses, talent, licence ou secret ; titre ne donne pas maîtrise.";0.001060256463806113;0.02264552790391436;0.00017053461912578982
Préparateur d’Estelindea;Alchimiste;0;0;0.0;A — activité attestée;SB153;"Contexte régional ; taille et fréquence locales proposées. Agrégat pondéré par habitants puis actifs ; quartiers et institutions déjà inclus. chapitre régional ; profil territorial proposé Zéro proposé : Aucun profil enfant ne retient ce métier dans le scénario ; ne prouve pas absence canonique. Long apprentissage, frais, bourses, talent, licence ou secret ; titre ne donne pas maîtrise.";0;0;0
Charbonnier;Charbonnier;0.1378779192320917;0.3163630792797982;962.3878762400001;P — activité proposée;SB128;"Contexte régional ; taille et fréquence locales proposées. Agrégat pondéré par habitants puis actifs ; quartiers et institutions déjà inclus. chapitre régional ; profil territorial proposé Savoir-faire de terrain et sécurité ; procédé spécialisé distinct du rang social.";0.0005943701025606786;0.12686175424161447;0.010421794887916525
Fondeur et affineur;Métallurgiste;0.037801035041349434;0.08673507630699277;263.85122458861906;D — activité déduite;"SB198; SB160";"Contexte régional ; taille et fréquence locales proposées. Agrégat pondéré par habitants puis actifs ; quartiers et institutions déjà inclus. chapitre régional ; profil territorial proposé Apprentissage, atelier, combustible et outils ; titre noble ne remplace pas qualification.";0.0006271422026499845;0.03391019494472107;0.003263697893978382
Aciériste;Métallurgiste;0.037801035041349434;0.08673507630699277;263.85122458861906;D — activité déduite;SB198;"Contexte régional ; taille et fréquence locales proposées. Agrégat pondéré par habitants puis actifs ; quartiers et institutions déjà inclus. chapitre régional ; profil territorial proposé Apprentissage, atelier, combustible et outils ; titre noble ne remplace pas qualification.";0.0006271422026499845;0.03391019494472107;0.003263697893978382
Forgeron;Forgeron;0.10342271007408604;0.23730505369335556;721.8905163171206;A — activité attestée;MJ128;"Contexte régional ; taille et fréquence locales proposées. Agrégat pondéré par habitants puis actifs ; quartiers et institutions déjà inclus. chapitre régional ; profil territorial proposé Apprentissage, atelier, combustible et outils ; titre noble ne remplace pas qualification.";0.0022500636518237535;0.09363878963897926;0.007533856783283037
Armurier;Forgeron;0.04136908402963441;0.09492202147734222;288.75620652684825;A — activité attestée;MJ128;"Contexte régional ; taille et fréquence locales proposées. Agrégat pondéré par habitants puis actifs ; quartiers et institutions déjà inclus. chapitre régional ; profil territorial proposé Apprentissage, atelier, combustible et outils ; titre noble ne remplace pas qualification.";0.0009000254607295017;0.0374555158555917;0.003013542713313214
Coutelier;Forgeron;0.04136908402963441;0.09492202147734222;288.75620652684825;D — activité déduite;MJ128;"Contexte régional ; taille et fréquence locales proposées. Agrégat pondéré par habitants puis actifs ; quartiers et institutions déjà inclus. chapitre régional ; profil territorial proposé Apprentissage, atelier, combustible et outils ; titre noble ne remplace pas qualification.";0.0009000254607295017;0.0374555158555917;0.003013542713313214
Rémouleur;Forgeron;0.04136908402963441;0.09492202147734222;288.75620652684825;D — activité déduite;MJ128;"Contexte régional ; taille et fréquence locales proposées. Agrégat pondéré par habitants puis actifs ; quartiers et institutions déjà inclus. chapitre régional ; profil territorial proposé Apprentissage, atelier, combustible et outils ; titre noble ne remplace pas qualification.";0.0009000254607295017;0.0374555158555917;0.003013542713313214
Serrurier;Mécanicien et artisan du métal;0.25920709742639614;0.5947548089622362;1809.265540036245;A — activité attestée;"MJ128; SB174";"Contexte régional ; taille et fréquence locales proposées. Agrégat pondéré par habitants puis actifs ; quartiers et institutions déjà inclus. chapitre régional ; profil territorial proposé Apprentissage, atelier, combustible et outils ; titre noble ne remplace pas qualification.";0.004300403675314179;0.23252705104951593;0.022379642701566047
Rétameur;Mécanicien et artisan du métal;0.25920709742639614;0.5947548089622362;1809.265540036245;A — activité attestée;"MJ128; SB174";"Contexte régional ; taille et fréquence locales proposées. Agrégat pondéré par habitants puis actifs ; quartiers et institutions déjà inclus. chapitre régional ; profil territorial proposé Apprentissage, atelier, combustible et outils ; titre noble ne remplace pas qualification.";0.004300403675314179;0.23252705104951593;0.022379642701566047
Réparateur et bricoleur;Mécanicien et artisan du métal;0.25920709742639614;0.5947548089622362;1809.265540036245;A — activité attestée;"MJ128; SB174";"Contexte régional ; taille et fréquence locales proposées. Agrégat pondéré par habitants puis actifs ; quartiers et institutions déjà inclus. chapitre régional ; profil territorial proposé Apprentissage, atelier, combustible et outils ; titre noble ne remplace pas qualification.";0.004300403675314179;0.23252705104951593;0.022379642701566047
Horloger;Mécanicien et artisan du métal;0.25920709742639614;0.5947548089622362;1809.265540036245;D — activité déduite;SB174;"Contexte régional ; taille et fréquence locales proposées. Agrégat pondéré par habitants puis actifs ; quartiers et institutions déjà inclus. chapitre régional ; profil territorial proposé Apprentissage, atelier, combustible et outils ; titre noble ne remplace pas qualification.";0.004300403675314179;0.23252705104951593;0.022379642701566047
Fabricant d’outils de précision;Mécanicien et artisan du métal;0.25920709742639614;0.5947548089622362;1809.265540036245;A — activité attestée;SB174;"Contexte régional ; taille et fréquence locales proposées. Agrégat pondéré par habitants puis actifs ; quartiers et institutions déjà inclus. chapitre régional ; profil territorial proposé Apprentissage, atelier, combustible et outils ; titre noble ne remplace pas qualification.";0.004300403675314179;0.23252705104951593;0.022379642701566047
Fabricant d’instruments de navigation;Mécanicien et artisan du métal;0.25920709742639614;0.5947548089622362;1809.265540036245;D — activité déduite;SB174;"Contexte régional ; taille et fréquence locales proposées. Agrégat pondéré par habitants puis actifs ; quartiers et institutions déjà inclus. chapitre régional ; profil territorial proposé Apprentissage, atelier, combustible et outils ; titre noble ne remplace pas qualification.";0.004300403675314179;0.23252705104951593;0.022379642701566047
Bijoutier;Bijoutier;0.1080029572609984;0.24781450373426508;753.8606416817689;A — activité attestée;MJ128;"Contexte régional ; taille et fréquence locales proposées. Agrégat pondéré par habitants puis actifs ; quartiers et institutions déjà inclus. chapitre régional ; profil territorial proposé Apprentissage, atelier, combustible et outils ; titre noble ne remplace pas qualification.";0.0017918348647142411;0.09688627127063162;0.00932485112565252
Orfèvre;Bijoutier;0.043201182904399366;0.09912580149370606;301.54425667270755;A — activité attestée;MJ128;"Contexte régional ; taille et fréquence locales proposées. Agrégat pondéré par habitants puis actifs ; quartiers et institutions déjà inclus. chapitre régional ; profil territorial proposé Apprentissage, atelier, combustible et outils ; titre noble ne remplace pas qualification.";0.0007167339458856966;0.03875450850825266;0.0037299404502610075
Lapidaire et tailleur de gemmes;Bijoutier;0.043201182904399366;0.09912580149370606;301.54425667270755;A — activité attestée;MJ128;"Contexte régional ; taille et fréquence locales proposées. Agrégat pondéré par habitants puis actifs ; quartiers et institutions déjà inclus. chapitre régional ; profil territorial proposé Apprentissage, atelier, combustible et outils ; titre noble ne remplace pas qualification.";0.0007167339458856966;0.03875450850825266;0.0037299404502610075
Tanneur;Tanneur;0.08618559172840504;0.19775421141112964;601.5754302642671;A — activité attestée;MJ128;"Contexte régional ; taille et fréquence locales proposées. Agrégat pondéré par habitants puis actifs ; quartiers et institutions déjà inclus. chapitre régional ; profil territorial proposé Apprentissage, atelier, combustible et outils ; titre noble ne remplace pas qualification.";0.0018750530431864614;0.07803232469914938;0.006278213986069196
Fourreur;Tanneur;0.034474236691362015;0.07910168456445185;240.6301721057069;D — activité déduite;"SB120; SB133";"Contexte régional ; taille et fréquence locales proposées. Agrégat pondéré par habitants puis actifs ; quartiers et institutions déjà inclus. chapitre régional ; profil territorial proposé Apprentissage, atelier, combustible et outils ; titre noble ne remplace pas qualification.";0.0007500212172745845;0.031212929879659748;0.0025112855944276788
Maroquinier;Artisan du cuir;0.11031755741235845;0.25312539060624595;770.016550738262;A — activité attestée;MJ128;"Contexte régional ; taille et fréquence locales proposées. Agrégat pondéré par habitants puis actifs ; quartiers et institutions déjà inclus. chapitre régional ; profil territorial proposé Apprentissage, atelier, combustible et outils ; titre noble ne remplace pas qualification.";0.002400067895278671;0.09988137561491121;0.00803611390216857
Bourrelier et sellier;Artisan du cuir;0.11031755741235845;0.25312539060624595;770.016550738262;D — activité déduite;"MJ128; SB163";"Contexte régional ; taille et fréquence locales proposées. Agrégat pondéré par habitants puis actifs ; quartiers et institutions déjà inclus. chapitre régional ; profil territorial proposé Apprentissage, atelier, combustible et outils ; titre noble ne remplace pas qualification.";0.002400067895278671;0.09988137561491121;0.00803611390216857
Boursier, fabricant de bourses;Artisan du cuir;0.11031755741235845;0.25312539060624595;770.016550738262;D — activité déduite;MJ128;"Contexte régional ; taille et fréquence locales proposées. Agrégat pondéré par habitants puis actifs ; quartiers et institutions déjà inclus. chapitre régional ; profil territorial proposé Apprentissage, atelier, combustible et outils ; titre noble ne remplace pas qualification.";0.002400067895278671;0.09988137561491121;0.00803611390216857
Gantier;Artisan du cuir;0.11031755741235845;0.25312539060624595;770.016550738262;D — activité déduite;MJ128;"Contexte régional ; taille et fréquence locales proposées. Agrégat pondéré par habitants puis actifs ; quartiers et institutions déjà inclus. chapitre régional ; profil territorial proposé Apprentissage, atelier, combustible et outils ; titre noble ne remplace pas qualification.";0.002400067895278671;0.09988137561491121;0.00803611390216857
Cordonnier;Artisan du cuir;0.11031755741235845;0.25312539060624595;770.016550738262;A — activité attestée;MJ128;"Contexte régional ; taille et fréquence locales proposées. Agrégat pondéré par habitants puis actifs ; quartiers et institutions déjà inclus. chapitre régional ; profil territorial proposé Apprentissage, atelier, combustible et outils ; titre noble ne remplace pas qualification.";0.002400067895278671;0.09988137561491121;0.00803611390216857
Fileur;Artisan textile;0.13789694676544806;0.3164067382578074;962.5206884228276;D — activité déduite;MJ128;"Contexte régional ; taille et fréquence locales proposées. Agrégat pondéré par habitants puis actifs ; quartiers et institutions déjà inclus. chapitre régional ; profil territorial proposé Apprentissage, atelier, combustible et outils ; titre noble ne remplace pas qualification.";0.003000084869098338;0.12485171951863899;0.010045142377710715
Tisserand;Artisan textile;0.13789694676544806;0.3164067382578074;962.5206884228276;A — activité attestée;MJ128;"Contexte régional ; taille et fréquence locales proposées. Agrégat pondéré par habitants puis actifs ; quartiers et institutions déjà inclus. chapitre régional ; profil territorial proposé Apprentissage, atelier, combustible et outils ; titre noble ne remplace pas qualification.";0.003000084869098338;0.12485171951863899;0.010045142377710715
Teinturier;Artisan textile;0.13789694676544806;0.3164067382578074;962.5206884228276;A — activité attestée;MJ128;"Contexte régional ; taille et fréquence locales proposées. Agrégat pondéré par habitants puis actifs ; quartiers et institutions déjà inclus. chapitre régional ; profil territorial proposé Apprentissage, atelier, combustible et outils ; titre noble ne remplace pas qualification.";0.003000084869098338;0.12485171951863899;0.010045142377710715
Tailleur;Tailleur de vêtements;0.13789694676544806;0.3164067382578074;962.5206884228276;D — activité déduite;"MJ128; SB139";"Contexte régional ; taille et fréquence locales proposées. Agrégat pondéré par habitants puis actifs ; quartiers et institutions déjà inclus. chapitre régional ; profil territorial proposé Apprentissage, atelier, combustible et outils ; titre noble ne remplace pas qualification.";0.003000084869098338;0.12485171951863899;0.010045142377710715
Modiste et fabricant de coiffes;Tailleur de vêtements;0.13789694676544806;0.3164067382578074;962.5206884228276;D — activité déduite;"SB139; SB120";"Contexte régional ; taille et fréquence locales proposées. Agrégat pondéré par habitants puis actifs ; quartiers et institutions déjà inclus. chapitre régional ; profil territorial proposé Apprentissage, atelier, combustible et outils ; titre noble ne remplace pas qualification.";0.003000084869098338;0.12485171951863899;0.010045142377710715
Tapissier;Tapissier;0.0540014786304992;0.12390725186713254;376.93032084088446;D — activité déduite;SB200;"Contexte régional ; taille et fréquence locales proposées. Agrégat pondéré par habitants puis actifs ; quartiers et institutions déjà inclus. chapitre régional ; profil territorial proposé Apprentissage, atelier, combustible et outils ; titre noble ne remplace pas qualification.";0.0008959174323571206;0.04844313563531581;0.00466242556282626
Menuisier;Menuisier;0.34474236691362015;0.7910168456445186;2406.3017210570683;D — activité déduite;"MJ128; SB152";"Contexte régional ; taille et fréquence locales proposées. Agrégat pondéré par habitants puis actifs ; quartiers et institutions déjà inclus. chapitre régional ; profil territorial proposé Apprentissage, atelier, combustible et outils ; titre noble ne remplace pas qualification.";0.007500212172745845;0.3121292987965975;0.025112855944276785
Ébéniste;Menuisier;0.13789694676544806;0.3164067382578074;962.5206884228276;D — activité déduite;MJ128;"Contexte régional ; taille et fréquence locales proposées. Agrégat pondéré par habitants puis actifs ; quartiers et institutions déjà inclus. chapitre régional ; profil territorial proposé Apprentissage, atelier, combustible et outils ; titre noble ne remplace pas qualification.";0.003000084869098338;0.12485171951863899;0.010045142377710715
Sculpteur sur bois;Menuisier;0.13789694676544806;0.3164067382578074;962.5206884228276;A — activité attestée;MJ128;"Contexte régional ; taille et fréquence locales proposées. Agrégat pondéré par habitants puis actifs ; quartiers et institutions déjà inclus. chapitre régional ; profil territorial proposé Apprentissage, atelier, combustible et outils ; titre noble ne remplace pas qualification.";0.003000084869098338;0.12485171951863899;0.010045142377710715
Tonnelier;Menuisier;0.13789694676544806;0.3164067382578074;962.5206884228276;A — activité attestée;MJ128;"Contexte régional ; taille et fréquence locales proposées. Agrégat pondéré par habitants puis actifs ; quartiers et institutions déjà inclus. chapitre régional ; profil territorial proposé Apprentissage, atelier, combustible et outils ; titre noble ne remplace pas qualification.";0.003000084869098338;0.12485171951863899;0.010045142377710715
Charron;Menuisier;0.13789694676544806;0.3164067382578074;962.5206884228276;A — activité attestée;MJ128;"Contexte régional ; taille et fréquence locales proposées. Agrégat pondéré par habitants puis actifs ; quartiers et institutions déjà inclus. chapitre régional ; profil territorial proposé Apprentissage, atelier, combustible et outils ; titre noble ne remplace pas qualification.";0.003000084869098338;0.12485171951863899;0.010045142377710715
Charpentier;Charpentier;0.2240825384938531;0.514160949668937;1564.0961186870948;A — activité attestée;MJ128;"Contexte régional ; taille et fréquence locales proposées. Agrégat pondéré par habitants puis actifs ; quartiers et institutions déjà inclus. chapitre régional ; profil territorial proposé Apprentissage, atelier, combustible et outils ; titre noble ne remplace pas qualification.";0.004875137912284798;0.20288404421778836;0.01632335636377991
Couvreur;Charpentier;0.08963301539754123;0.20566437986757483;625.6384474748378;A — activité attestée;MJ128;"Contexte régional ; taille et fréquence locales proposées. Agrégat pondéré par habitants puis actifs ; quartiers et institutions déjà inclus. chapitre régional ; profil territorial proposé Apprentissage, atelier, combustible et outils ; titre noble ne remplace pas qualification.";0.0019500551649139202;0.08115361768711536;0.006529342545511966
Constructeur naval;Constructeur naval;0.0810022179457488;0.18586087780069882;565.3954812613266;A — activité attestée;"MJ128; SB148";"Contexte régional ; taille et fréquence locales proposées. Agrégat pondéré par habitants puis actifs ; quartiers et institutions déjà inclus. chapitre régional ; profil territorial proposé Apprentissage, atelier, combustible et outils ; titre noble ne remplace pas qualification.";0.0013438761485356806;0.07266470345297374;0.00699363834423939
Calfat;Constructeur naval;0.03240088717829952;0.07434435112027953;226.15819250453063;D — activité déduite;"MJ128; SB148";"Contexte régional ; taille et fréquence locales proposées. Agrégat pondéré par habitants puis actifs ; quartiers et institutions déjà inclus. chapitre régional ; profil territorial proposé Apprentissage, atelier, combustible et outils ; titre noble ne remplace pas qualification.";0.0005375504594142724;0.02906588138118949;0.002797455337695756
Constructeur de drakkars;Constructeur naval;0;0;0.0;A — activité attestée;SB130;"Contexte régional ; taille et fréquence locales proposées. Agrégat pondéré par habitants puis actifs ; quartiers et institutions déjà inclus. chapitre régional ; profil territorial proposé Zéro proposé : Aucun profil enfant ne retient ce métier dans le scénario ; ne prouve pas absence canonique. Apprentissage, atelier, combustible et outils ; titre noble ne remplace pas qualification.";0;0;0
Cordier;Cordier;0.08618559172840504;0.19775421141112964;601.5754302642671;D — activité déduite;SB130;"Contexte régional ; taille et fréquence locales proposées. Agrégat pondéré par habitants puis actifs ; quartiers et institutions déjà inclus. chapitre régional ; profil territorial proposé Apprentissage, atelier, combustible et outils ; titre noble ne remplace pas qualification.";0.0018750530431864614;0.07803232469914938;0.006278213986069196
Voilier;Cordier;0.034474236691362015;0.07910168456445185;240.6301721057069;A — activité attestée;MJ128;"Contexte régional ; taille et fréquence locales proposées. Agrégat pondéré par habitants puis actifs ; quartiers et institutions déjà inclus. chapitre régional ; profil territorial proposé Apprentissage, atelier, combustible et outils ; titre noble ne remplace pas qualification.";0.0007500212172745845;0.031212929879659748;0.0025112855944276788
Facteur d’arcs;Facteur d’arcs;0.0540014786304992;0.12390725186713254;376.93032084088446;A — activité attestée;"MJ128; SB152";"Contexte régional ; taille et fréquence locales proposées. Agrégat pondéré par habitants puis actifs ; quartiers et institutions déjà inclus. chapitre régional ; profil territorial proposé Apprentissage, atelier, combustible et outils ; titre noble ne remplace pas qualification.";0.0008959174323571206;0.04844313563531581;0.00466242556282626
Fabricant de flèches;Facteur d’arcs;0.021600591452199683;0.04956290074685303;150.77212833635377;A — activité attestée;SB152;"Contexte régional ; taille et fréquence locales proposées. Agrégat pondéré par habitants puis actifs ; quartiers et institutions déjà inclus. chapitre régional ; profil territorial proposé Apprentissage, atelier, combustible et outils ; titre noble ne remplace pas qualification.";0.0003583669729428483;0.01937725425412633;0.0018649702251305037
Luthier et facteur d’instruments;Luthier;0.0405011089728744;0.09293043890034941;282.6977406306633;D — activité déduite;BR55;"Contexte régional ; taille et fréquence locales proposées. Agrégat pondéré par habitants puis actifs ; quartiers et institutions déjà inclus. chapitre régional ; profil territorial proposé Apprentissage, atelier, combustible et outils ; titre noble ne remplace pas qualification.";0.0006719380742678403;0.03633235172648687;0.003496819172119695
Tailleur de pierre;Tailleur de pierre;0.135003696576248;0.30976812966783135;942.325802102211;A — activité attestée;"MJ128; SB161";"Contexte régional ; taille et fréquence locales proposées. Agrégat pondéré par habitants puis actifs ; quartiers et institutions déjà inclus. chapitre régional ; profil territorial proposé Apprentissage, atelier, combustible et outils ; titre noble ne remplace pas qualification.";0.0022397935808928016;0.12110783908828955;0.011656063907065648
Sculpteur sur pierre;Tailleur de pierre;0.0540014786304992;0.12390725186713254;376.93032084088446;D — activité déduite;"MJ128; SB161";"Contexte régional ; taille et fréquence locales proposées. Agrégat pondéré par habitants puis actifs ; quartiers et institutions déjà inclus. chapitre régional ; profil territorial proposé Apprentissage, atelier, combustible et outils ; titre noble ne remplace pas qualification.";0.0008959174323571206;0.04844313563531581;0.00466242556282626
Sculpteur de statues de Stone Spirits;Tailleur de pierre;0;0;0.0;A — activité attestée;SB161;"Contexte régional ; taille et fréquence locales proposées. Agrégat pondéré par habitants puis actifs ; quartiers et institutions déjà inclus. chapitre régional ; profil territorial proposé Zéro proposé : Aucun profil enfant ne retient ce métier dans le scénario ; ne prouve pas absence canonique. Apprentissage, atelier, combustible et outils ; titre noble ne remplace pas qualification.";0;0;0
Maçon;Maçon;0.2068454201481721;0.4746101073867111;1443.7810326342412;A — activité attestée;"MJ128; SB90";"Contexte régional ; taille et fréquence locales proposées. Agrégat pondéré par habitants puis actifs ; quartiers et institutions déjà inclus. chapitre régional ; profil territorial proposé Apprentissage, atelier, combustible et outils ; titre noble ne remplace pas qualification.";0.004500127303647507;0.18727757927795852;0.015067713566566074
Plâtrier;Maçon;0.08273816805926883;0.18984404295468443;577.5124130536965;A — activité attestée;"MJ128; SB90";"Contexte régional ; taille et fréquence locales proposées. Agrégat pondéré par habitants puis actifs ; quartiers et institutions déjà inclus. chapitre régional ; profil territorial proposé Apprentissage, atelier, combustible et outils ; titre noble ne remplace pas qualification.";0.0018000509214590034;0.0749110317111834;0.006027085426626428
Manœuvre de chantier;Maçon;0.08273816805926884;0.18984404295468446;577.5124130536965;A — activité attestée;SB90;"Contexte régional ; taille et fréquence locales proposées. Agrégat pondéré par habitants puis actifs ; quartiers et institutions déjà inclus. chapitre régional ; profil territorial proposé Apprentissage, atelier, combustible et outils ; titre noble ne remplace pas qualification.";0.0009120107739140711;0.07574352735207016;0.0060826299332846084
Architecte;Architecte;0.540014786304992;1.2390725186713254;3769.303208408844;A — activité attestée;SB174;"Contexte régional ; taille et fréquence locales proposées. Agrégat pondéré par habitants puis actifs ; quartiers et institutions déjà inclus. chapitre régional ; profil territorial proposé Apprentissage, atelier, combustible et outils ; titre noble ne remplace pas qualification.";0.008959174323571207;0.4844313563531582;0.04662425562826259
Géomètre et arpenteur;Architecte;0.2160059145219968;0.49562900746853017;1507.7212833635379;A — activité attestée;MJ128;"Contexte régional ; taille et fréquence locales proposées. Agrégat pondéré par habitants puis actifs ; quartiers et institutions déjà inclus. chapitre régional ; profil territorial proposé Apprentissage, atelier, combustible et outils ; titre noble ne remplace pas qualification.";0.0035836697294284823;0.19377254254126325;0.01864970225130504
Potier;Potier;0.17237118345681007;0.3955084228222593;1203.1508605285342;A — activité attestée;"MJ128; SB200";"Contexte régional ; taille et fréquence locales proposées. Agrégat pondéré par habitants puis actifs ; quartiers et institutions déjà inclus. chapitre régional ; profil territorial proposé Apprentissage, atelier, combustible et outils ; titre noble ne remplace pas qualification.";0.0037501060863729227;0.15606464939829875;0.012556427972138393
Tuilier;Potier;0.06894847338272403;0.1582033691289037;481.2603442114138;A — activité attestée;"MJ128; SB200";"Contexte régional ; taille et fréquence locales proposées. Agrégat pondéré par habitants puis actifs ; quartiers et institutions déjà inclus. chapitre régional ; profil territorial proposé Apprentissage, atelier, combustible et outils ; titre noble ne remplace pas qualification.";0.001500042434549169;0.062425859759319496;0.0050225711888553575
Porcelainier;Potier;0.06894847338272403;0.1582033691289037;481.2603442114138;D — activité déduite;SB200;"Contexte régional ; taille et fréquence locales proposées. Agrégat pondéré par habitants puis actifs ; quartiers et institutions déjà inclus. chapitre régional ; profil territorial proposé Apprentissage, atelier, combustible et outils ; titre noble ne remplace pas qualification.";0.001500042434549169;0.062425859759319496;0.0050225711888553575
Souffleur de verre;Verrier;0.1134031051240483;0.2602052289209783;791.5536737658571;A — activité attestée;"MJ128; SB174";"Contexte régional ; taille et fréquence locales proposées. Agrégat pondéré par habitants puis actifs ; quartiers et institutions déjà inclus. chapitre régional ; profil territorial proposé Apprentissage, atelier, combustible et outils ; titre noble ne remplace pas qualification.";0.0018814266079499532;0.10173058483416321;0.009791093681935143
Vitrier;Verrier;0.1134031051240483;0.2602052289209783;791.5536737658571;A — activité attestée;"MJ128; SB174";"Contexte régional ; taille et fréquence locales proposées. Agrégat pondéré par habitants puis actifs ; quartiers et institutions déjà inclus. chapitre régional ; profil territorial proposé Apprentissage, atelier, combustible et outils ; titre noble ne remplace pas qualification.";0.0018814266079499532;0.10173058483416321;0.009791093681935143
Opticien et fabricant de lentilles;Verrier;0.1134031051240483;0.2602052289209783;791.5536737658571;D — activité déduite;SB174;"Contexte régional ; taille et fréquence locales proposées. Agrégat pondéré par habitants puis actifs ; quartiers et institutions déjà inclus. chapitre régional ; profil territorial proposé Apprentissage, atelier, combustible et outils ; titre noble ne remplace pas qualification.";0.0018814266079499532;0.10173058483416321;0.009791093681935143
Papetier;Papetier et artisan du livre;0.043201182904399366;0.09912580149370606;301.54425667270755;A — activité attestée;SB138;"Contexte régional ; taille et fréquence locales proposées. Agrégat pondéré par habitants puis actifs ; quartiers et institutions déjà inclus. chapitre régional ; profil territorial proposé Apprentissage, atelier, combustible et outils ; titre noble ne remplace pas qualification.";0.0007167339458856966;0.03875450850825266;0.0037299404502610075
Relieur;Papetier et artisan du livre;0.043201182904399366;0.09912580149370606;301.54425667270755;D — activité déduite;"SB138; MJ128";"Contexte régional ; taille et fréquence locales proposées. Agrégat pondéré par habitants puis actifs ; quartiers et institutions déjà inclus. chapitre régional ; profil territorial proposé Apprentissage, atelier, combustible et outils ; titre noble ne remplace pas qualification.";0.0007167339458856966;0.03875450850825266;0.0037299404502610075
Chandelier;Chandelier;0.08618559172840504;0.19775421141112964;601.5754302642671;P — activité proposée;SB98;"Contexte régional ; taille et fréquence locales proposées. Agrégat pondéré par habitants puis actifs ; quartiers et institutions déjà inclus. chapitre régional ; profil territorial proposé Apprentissage, atelier, combustible et outils ; titre noble ne remplace pas qualification.";0.0018750530431864614;0.07803232469914938;0.006278213986069196
Peintre;Peintre;0.1080029572609984;0.24781450373426508;753.8606416817689;A — activité attestée;"MJ128; SB190";"Contexte régional ; taille et fréquence locales proposées. Agrégat pondéré par habitants puis actifs ; quartiers et institutions déjà inclus. chapitre régional ; profil territorial proposé Apprentissage, atelier, combustible et outils ; titre noble ne remplace pas qualification.";0.0017918348647142411;0.09688627127063162;0.00932485112565252
Fabricant d’enseignes;Peintre;0.043201182904399366;0.09912580149370606;301.54425667270755;A — activité attestée;"MJ128; SB190";"Contexte régional ; taille et fréquence locales proposées. Agrégat pondéré par habitants puis actifs ; quartiers et institutions déjà inclus. chapitre régional ; profil territorial proposé Apprentissage, atelier, combustible et outils ; titre noble ne remplace pas qualification.";0.0007167339458856966;0.03875450850825266;0.0037299404502610075
Enlumineur;Peintre;0.043201182904399366;0.09912580149370606;301.54425667270755;A — activité attestée;"MJ128; SB190";"Contexte régional ; taille et fréquence locales proposées. Agrégat pondéré par habitants puis actifs ; quartiers et institutions déjà inclus. chapitre régional ; profil territorial proposé Apprentissage, atelier, combustible et outils ; titre noble ne remplace pas qualification.";0.0007167339458856966;0.03875450850825266;0.0037299404502610075
Peintre de guerre spirituel;Peintre;0;0;0.0;A — activité attestée;SB193;"Contexte régional ; taille et fréquence locales proposées. Agrégat pondéré par habitants puis actifs ; quartiers et institutions déjà inclus. chapitre régional ; profil territorial proposé Initiation de la Red Mother ou apprentissage autorisé; recette complète non librement disponible Zéro proposé : Aucun profil enfant ne retient ce métier dans le scénario ; ne prouve pas absence canonique. Apprentissage, atelier, combustible et outils ; titre noble ne remplace pas qualification.";0;0;0
Tatoueur rituel;Peintre;0;0;0.0;D — activité déduite;"SB200; SB204";"Contexte régional ; taille et fréquence locales proposées. Agrégat pondéré par habitants puis actifs ; quartiers et institutions déjà inclus. chapitre régional ; profil territorial proposé Zéro proposé : Aucun profil enfant ne retient ce métier dans le scénario ; ne prouve pas absence canonique. Apprentissage, atelier, combustible et outils ; titre noble ne remplace pas qualification.";0;0;0
Portefaix;Transporteur terrestre;0.19725824104453815;0.452612172403902;1376.8625224908765;D — activité déduite;"MJ132; SB121";"Contexte régional ; taille et fréquence locales proposées. Agrégat pondéré par habitants puis actifs ; quartiers et institutions déjà inclus. chapitre régional ; profil territorial proposé Réseau, itinéraires, confiance et capital ; manutention distincte de propriété du fret.";0.0029551505380780115;0.176310198105267;0.017992892401193138
Docker;Transporteur terrestre;0.16823615956730162;0.38602054472062963;1174.2883937797653;D — activité déduite;"MJ132; SB121";"Contexte régional ; taille et fréquence locales proposées. Agrégat pondéré par habitants puis actifs ; quartiers et institutions déjà inclus. chapitre régional ; profil territorial proposé Réseau, itinéraires, confiance et capital ; manutention distincte de propriété du fret.";0.0020707188527095276;0.14901614644782807;0.01714929426676401
Magasinier;Transporteur terrestre;0.16823615956730162;0.38602054472062963;1174.2883937797653;D — activité déduite;"MJ132; SB121";"Contexte régional ; taille et fréquence locales proposées. Agrégat pondéré par habitants puis actifs ; quartiers et institutions déjà inclus. chapitre régional ; profil territorial proposé Réseau, itinéraires, confiance et capital ; manutention distincte de propriété du fret.";0.00409093970031074;0.14720367607556245;0.01694154379142841
Charretier et cocher;Transporteur terrestre;0.19725824104453815;0.452612172403902;1376.8625224908765;D — activité déduite;"MJ132; SB121";"Contexte régional ; taille et fréquence locales proposées. Agrégat pondéré par habitants puis actifs ; quartiers et institutions déjà inclus. chapitre régional ; profil territorial proposé Réseau, itinéraires, confiance et capital ; manutention distincte de propriété du fret.";0.0058074920977268995;0.17369055492831256;0.01776019401849869
Chef de caravane;Transporteur terrestre;0.19725824104453815;0.452612172403902;1376.8625224908765;A — activité attestée;MJ132;"Contexte régional ; taille et fréquence locales proposées. Agrégat pondéré par habitants puis actifs ; quartiers et institutions déjà inclus. chapitre régional ; profil territorial proposé Réseau, itinéraires, confiance et capital ; manutention distincte de propriété du fret.";0.0058074920977268995;0.17369055492831256;0.01776019401849869
Coursier et messager;Transporteur terrestre;0.19725824104453815;0.452612172403902;1376.8625224908765;D — activité déduite;"MJ132; SB121";"Contexte régional ; taille et fréquence locales proposées. Agrégat pondéré par habitants puis actifs ; quartiers et institutions déjà inclus. chapitre régional ; profil territorial proposé Réseau, itinéraires, confiance et capital ; manutention distincte de propriété du fret.";0.0058074920977268995;0.17369055492831256;0.01776019401849869
Porteur d’eau;Transporteur terrestre;0.16823615956730162;0.38602054472062963;1174.2883937797653;P — activité proposée;"MJ132; SB121";"Contexte régional ; taille et fréquence locales proposées. Agrégat pondéré par habitants puis actifs ; quartiers et institutions déjà inclus. chapitre régional ; profil territorial proposé Réseau, itinéraires, confiance et capital ; manutention distincte de propriété du fret.";0.00409093970031074;0.14720367607556245;0.01694154379142841
Transporteur de canopée;Transporteur terrestre;0;0;0.0;D — activité déduite;SB154;"Contexte régional ; taille et fréquence locales proposées. Agrégat pondéré par habitants puis actifs ; quartiers et institutions déjà inclus. chapitre régional ; profil territorial proposé Zéro proposé : Aucun profil enfant ne retient ce métier dans le scénario ; ne prouve pas absence canonique. Réseau, itinéraires, confiance et capital ; manutention distincte de propriété du fret.";0;0;0
Opérateur de Stone Disks;Transporteur terrestre;0;0;0.0;A — activité attestée;PG13;"Contexte régional ; taille et fréquence locales proposées. Agrégat pondéré par habitants puis actifs ; quartiers et institutions déjà inclus. chapitre régional ; profil territorial proposé Prêtre nain de Dorsi; Formation spécialisée Zéro proposé : Aucun profil enfant ne retient ce métier dans le scénario ; ne prouve pas absence canonique. Réseau, itinéraires, confiance et capital ; manutention distincte de propriété du fret.";0;0;0
Palefrenier et soigneur d’écurie;Transporteur terrestre;0.19725824104453815;0.452612172403902;1376.8625224908765;D — activité déduite;SB123;"Contexte régional ; taille et fréquence locales proposées. Agrégat pondéré par habitants puis actifs ; quartiers et institutions déjà inclus. chapitre régional ; profil territorial proposé Réseau, itinéraires, confiance et capital ; manutention distincte de propriété du fret.";0.0058074920977268995;0.17369055492831256;0.01776019401849869
Marin;Marin;0.08219093376855756;0.18858840516829248;573.6927177045318;A — activité attestée;MJ136;"Contexte régional ; taille et fréquence locales proposées. Agrégat pondéré par habitants puis actifs ; quartiers et institutions déjà inclus. chapitre régional ; profil territorial proposé Réseau, itinéraires, confiance et capital ; manutention distincte de propriété du fret.";0.0024197883740528746;0.07237106455346357;0.00740008084104112
Navigateur;Marin;0.03287637350742302;0.07543536206731698;229.47708708181267;A — activité attestée;MJ136;"Contexte régional ; taille et fréquence locales proposées. Agrégat pondéré par habitants puis actifs ; quartiers et institutions déjà inclus. chapitre régional ; profil territorial proposé Réseau, itinéraires, confiance et capital ; manutention distincte de propriété du fret.";0.0009679153496211497;0.028948425821385425;0.002960032336416448
Pilote de port;Marin;0.0280393599278836;0.06433675745343827;195.71473229662752;D — activité déduite;MJ136;"Contexte régional ; taille et fréquence locales proposées. Agrégat pondéré par habitants puis actifs ; quartiers et institutions déjà inclus. chapitre régional ; profil territorial proposé Réseau, itinéraires, confiance et capital ; manutention distincte de propriété du fret.";0.0006818232833851234;0.02453394601259374;0.002823590631904735
Capitaine de navire;Marin;0.0280393599278836;0.06433675745343827;195.71473229662752;A — activité attestée;MJ136;"Contexte régional ; taille et fréquence locales proposées. Agrégat pondéré par habitants puis actifs ; quartiers et institutions déjà inclus. chapitre régional ; profil territorial proposé Réseau, itinéraires, confiance et capital ; manutention distincte de propriété du fret.";0.0006818232833851234;0.02453394601259374;0.002823590631904735
Pilote de véhicule volant;Marin;0.0280393599278836;0.06433675745343827;195.71473229662752;D — activité déduite;"SB142; SB174";"Contexte régional ; taille et fréquence locales proposées. Agrégat pondéré par habitants puis actifs ; quartiers et institutions déjà inclus. chapitre régional ; profil territorial proposé Réseau, itinéraires, confiance et capital ; manutention distincte de propriété du fret.";0.0006818232833851234;0.02453394601259374;0.002823590631904735
Aubergiste;Hôte professionnel;0.19374325398750689;0.4445469786790157;1352.3279128327981;D — activité déduite;"SB110; SB123";"Contexte régional ; taille et fréquence locales proposées. Agrégat pondéré par habitants puis actifs ; quartiers et institutions déjà inclus. chapitre régional ; profil territorial proposé Apprentissage et qualification variable ; soins avancés et thérapie magique exigent formation.";0.0003787625673147674;0.17858005428306475;0.014784437137127385
Tavernier;Hôte professionnel;0.19374325398750689;0.4445469786790157;1352.3279128327981;A — activité attestée;"SB108; SB149";"Contexte régional ; taille et fréquence locales proposées. Agrégat pondéré par habitants puis actifs ; quartiers et institutions déjà inclus. chapitre régional ; profil territorial proposé Apprentissage et qualification variable ; soins avancés et thérapie magique exigent formation.";0.0003787625673147674;0.17858005428306475;0.014784437137127385
Barbier;Barbier;0.09687162699375344;0.22227348933950786;676.1639564163991;P — activité proposée;"MJ135; PG40";"Contexte régional ; taille et fréquence locales proposées. Agrégat pondéré par habitants puis actifs ; quartiers et institutions déjà inclus. chapitre régional ; profil territorial proposé Apprentissage et qualification variable ; soins avancés et thérapie magique exigent formation.";0.0001893812836573837;0.08929002714153238;0.0073922185685636925
Domestique;Employé domestique et aide familiale;0.2583243386500092;0.5927293049053542;1803.1038837770643;A — activité attestée;"MJ135; PG40";"Contexte régional ; taille et fréquence locales proposées. Agrégat pondéré par habitants puis actifs ; quartiers et institutions déjà inclus. chapitre régional ; profil territorial proposé Apprentissage et qualification variable ; soins avancés et thérapie magique exigent formation.";0.0005050167564196897;0.2381067390440863;0.019712582849503172
Gardien d’enfants;Employé domestique et aide familiale;0.1291621693250046;0.2963646524526771;901.5519418885322;A — activité attestée;PG40;"Contexte régional ; taille et fréquence locales proposées. Agrégat pondéré par habitants puis actifs ; quartiers et institutions déjà inclus. chapitre régional ; profil territorial proposé Apprentissage et qualification variable ; soins avancés et thérapie magique exigent formation.";0.0002525083782098449;0.11905336952204315;0.009856291424751586
Terrassier d’hygiène urbaine;Agent d’entretien;0.01291621693250046;0.029636465245267713;90.1551941888532;P — activité proposée;SB90;"Contexte régional ; taille et fréquence locales proposées. Agrégat pondéré par habitants puis actifs ; quartiers et institutions déjà inclus. chapitre régional ; profil territorial proposé Apprentissage et qualification variable ; soins avancés et thérapie magique exigent formation.";1.2639740933957177e-05;0.011917078227139085;0.000986498964427419
Ramoneur;Agent d’entretien;0.01291621693250046;0.029636465245267713;90.1551941888532;P — activité proposée;SB90;"Contexte régional ; taille et fréquence locales proposées. Agrégat pondéré par habitants puis actifs ; quartiers et institutions déjà inclus. chapitre régional ; profil territorial proposé Apprentissage et qualification variable ; soins avancés et thérapie magique exigent formation.";2.5250837820984485e-05;0.011905336952204318;0.000985629142475159
Fossoyeur;Agent funéraire;0.038748650797501366;0.0889093957358031;270.46558256655953;A — activité attestée;"MJ135; SB99; SB182";"Contexte régional ; taille et fréquence locales proposées. Agrégat pondéré par habitants puis actifs ; quartiers et institutions déjà inclus. chapitre régional ; profil territorial proposé Apprentissage et qualification variable ; soins avancés et thérapie magique exigent formation.";7.575251346295346e-05;0.03571601085661294;0.0029568874274254757
Gardien de cimetière;Agent funéraire;0.038748650797501366;0.0889093957358031;270.46558256655953;A — activité attestée;"MJ135; SB99; SB182";"Contexte régional ; taille et fréquence locales proposées. Agrégat pondéré par habitants puis actifs ; quartiers et institutions déjà inclus. chapitre régional ; profil territorial proposé Apprentissage et qualification variable ; soins avancés et thérapie magique exigent formation.";7.575251346295346e-05;0.03571601085661294;0.0029568874274254757
Momificateur;Agent funéraire;0;0;0.0;A — activité attestée;SB182;"Contexte régional ; taille et fréquence locales proposées. Agrégat pondéré par habitants puis actifs ; quartiers et institutions déjà inclus. chapitre régional ; profil territorial proposé Zéro proposé : Aucun profil enfant ne retient ce métier dans le scénario ; ne prouve pas absence canonique. Apprentissage et qualification variable ; soins avancés et thérapie magique exigent formation.";0;0;0
Gardien d’arbres funéraires;Agent funéraire;0;0;0.0;D — activité déduite;SB155;"Contexte régional ; taille et fréquence locales proposées. Agrégat pondéré par habitants puis actifs ; quartiers et institutions déjà inclus. chapitre régional ; profil territorial proposé Zéro proposé : Aucun profil enfant ne retient ce métier dans le scénario ; ne prouve pas absence canonique. Apprentissage et qualification variable ; soins avancés et thérapie magique exigent formation.";0;0;0
Marchand;Marchand;0.739718403917018;1.697295646514632;5163.234459340786;A — activité attestée;"MJ128; SB139";"Contexte régional ; taille et fréquence locales proposées. Agrégat pondéré par habitants puis actifs ; quartiers et institutions déjà inclus. chapitre régional ; profil territorial proposé Réseau, itinéraires, confiance et capital ; manutention distincte de propriété du fret.";0.02177809536647587;0.6513395809811722;0.06660072756937006
Colporteur;Marchand;0.2958873615668072;0.678918258605853;2065.2937837363147;A — activité attestée;SB121;"Contexte régional ; taille et fréquence locales proposées. Agrégat pondéré par habitants puis actifs ; quartiers et institutions déjà inclus. chapitre régional ; profil territorial proposé Réseau, itinéraires, confiance et capital ; manutention distincte de propriété du fret.";0.008711238146590347;0.26053583239246886;0.02664029102774803
Courtier;Marchand;0.2523542393509524;0.5790308170809444;1761.4325906696479;A — activité attestée;SB149;"Contexte régional ; taille et fréquence locales proposées. Agrégat pondéré par habitants puis actifs ; quartiers et institutions déjà inclus. chapitre régional ; profil territorial proposé Réseau, itinéraires, confiance et capital ; manutention distincte de propriété du fret.";0.006136409550466109;0.22080551411334368;0.025412315687142615
Commissaire-priseur d’objets magiques;Marchand;0;0;0.0;A — activité attestée;SB139;"Contexte régional ; taille et fréquence locales proposées. Agrégat pondéré par habitants puis actifs ; quartiers et institutions déjà inclus. chapitre régional ; profil territorial proposé Zéro proposé : Aucun profil enfant ne retient ce métier dans le scénario ; ne prouve pas absence canonique. Réseau, itinéraires, confiance et capital ; manutention distincte de propriété du fret.";0;0;0
Comptable;Professionnel de finance;0.08219093376855756;0.18858840516829248;573.6927177045318;D — activité déduite;"SB212; SB213";"Contexte régional ; taille et fréquence locales proposées. Agrégat pondéré par habitants puis actifs ; quartiers et institutions déjà inclus. chapitre régional ; profil territorial proposé Réseau, itinéraires, confiance et capital ; manutention distincte de propriété du fret.";0.0024197883740528746;0.07237106455346357;0.00740008084104112
Banquier et employé de banque;Professionnel de finance;0.00560787198557672;0.012867351490687651;39.1429464593255;A — activité attestée;"SB212; SB213";"Contexte régional ; taille et fréquence locales proposées. Agrégat pondéré par habitants puis actifs ; quartiers et institutions déjà inclus. chapitre régional ; profil territorial proposé Réseau, itinéraires, confiance et capital ; manutention distincte de propriété du fret.";0.0001363646566770247;0.004906789202518749;0.0005647181263809469
Usurier et prêteur sur gages;Professionnel de finance;0.070098399819709;0.16084189363359566;489.28683074156885;D — activité déduite;"SB212; SB213";"Contexte régional ; taille et fréquence locales proposées. Agrégat pondéré par habitants puis actifs ; quartiers et institutions déjà inclus. chapitre régional ; profil territorial proposé Réseau, itinéraires, confiance et capital ; manutention distincte de propriété du fret.";0.0017045582084628088;0.06133486503148435;0.007058976579761837
Changeur;Professionnel de finance;0.070098399819709;0.16084189363359566;489.28683074156885;D — activité déduite;"SB212; SB213";"Contexte régional ; taille et fréquence locales proposées. Agrégat pondéré par habitants puis actifs ; quartiers et institutions déjà inclus. chapitre régional ; profil territorial proposé Réseau, itinéraires, confiance et capital ; manutention distincte de propriété du fret.";0.0017045582084628088;0.06133486503148435;0.007058976579761837
Assureur;Professionnel de finance;0.00560787198557672;0.012867351490687651;39.1429464593255;D — activité déduite;"SB212; SB213";"Contexte régional ; taille et fréquence locales proposées. Agrégat pondéré par habitants puis actifs ; quartiers et institutions déjà inclus. chapitre régional ; profil territorial proposé Réseau, itinéraires, confiance et capital ; manutention distincte de propriété du fret.";0.0001363646566770247;0.004906789202518749;0.0005647181263809469
Estimateur;Professionnel de finance;0.00560787198557672;0.012867351490687651;39.1429464593255;A — activité attestée;"SB212; SB213";"Contexte régional ; taille et fréquence locales proposées. Agrégat pondéré par habitants puis actifs ; quartiers et institutions déjà inclus. chapitre régional ; profil territorial proposé Réseau, itinéraires, confiance et capital ; manutention distincte de propriété du fret.";0.0001363646566770247;0.004906789202518749;0.0005647181263809469
Négociateur;Professionnel de finance;0.00560787198557672;0.012867351490687651;39.1429464593255;A — activité attestée;"SB212; SB213";"Contexte régional ; taille et fréquence locales proposées. Agrégat pondéré par habitants puis actifs ; quartiers et institutions déjà inclus. chapitre régional ; profil territorial proposé Réseau, itinéraires, confiance et capital ; manutention distincte de propriété du fret.";0.0001363646566770247;0.004906789202518749;0.0005647181263809469
Scribe;Scribe et auteur;0.12276842022598555;0.28169409342209595;856.9235731773791;A — activité attestée;"MJ128; SB32";"Contexte régional ; taille et fréquence locales proposées. Agrégat pondéré par habitants puis actifs ; quartiers et institutions déjà inclus. chapitre régional ; profil territorial proposé Instruction, autorisation ou initiation ; clergé, caste et office ne rendent pas noble.";0.0038401001920713032;0.11723184418496072;0.001696475848953532
Calligraphe;Scribe et auteur;0.1057780429518011;0.24270940245400505;738.3307398035716;A — activité attestée;"MJ128; SB32";"Contexte régional ; taille et fréquence locales proposées. Agrégat pondéré par habitants puis actifs ; quartiers et institutions déjà inclus. chapitre régional ; profil territorial proposé Instruction, autorisation ou initiation ; clergé, caste et office ne rendent pas noble.";0.002810162832866358;0.10133962551441753;0.0016282546045172312
Écrivain;Scribe et auteur;0.04775263797369252;0.10956918756266323;333.3134130563738;A — activité attestée;"MJ128; SB32";"Contexte régional ; taille et fréquence locales proposées. Agrégat pondéré par habitants puis actifs ; quartiers et institutions déjà inclus. chapitre régional ; profil territorial proposé Long apprentissage, frais, bourses, talent, licence ou secret ; titre ne donne pas maîtrise.";0.002120512927612226;0.04529105580782872;0.00034106923825157965
Journaliste et rédacteur;Scribe et auteur;0.04775263797369252;0.10956918756266323;333.3134130563738;A — activité attestée;CC9;"Contexte régional ; taille et fréquence locales proposées. Agrégat pondéré par habitants puis actifs ; quartiers et institutions déjà inclus. chapitre régional ; profil territorial proposé Long apprentissage, frais, bourses, talent, licence ou secret ; titre ne donne pas maîtrise.";0.002120512927612226;0.04529105580782872;0.00034106923825157965
Traducteur;Scribe et auteur;0.1057780429518011;0.24270940245400505;738.3307398035716;D — activité déduite;SB198;"Contexte régional ; taille et fréquence locales proposées. Agrégat pondéré par habitants puis actifs ; quartiers et institutions déjà inclus. chapitre régional ; profil territorial proposé Instruction, autorisation ou initiation ; clergé, caste et office ne rendent pas noble.";0.002810162832866358;0.10133962551441753;0.0016282546045172312
Bibliothécaire;Érudit;0.8425060801801699;1.9331436050255768;5880.692439657586;A — activité attestée;MJ138;"Contexte régional ; taille et fréquence locales proposées. Agrégat pondéré par habitants puis actifs ; quartiers et institutions déjà inclus. chapitre régional ; profil territorial proposé Instruction, autorisation ou initiation ; clergé, caste et office ne rendent pas noble.";0.02188496443292432;0.8072230242058216;0.013398091541424038
Conservateur de musée;Érudit;0.8425060801801699;1.9331436050255768;5880.692439657586;A — activité attestée;PG48;"Contexte régional ; taille et fréquence locales proposées. Agrégat pondéré par habitants puis actifs ; quartiers et institutions déjà inclus. chapitre régional ; profil territorial proposé Instruction, autorisation ou initiation ; clergé, caste et office ne rendent pas noble.";0.02188496443292432;0.8072230242058216;0.013398091541424038
Historien;Érudit;0.3569745840172933;0.8190838624002831;2491.682596440707;A — activité attestée;PG46;"Contexte régional ; taille et fréquence locales proposées. Agrégat pondéré par habitants puis actifs ; quartiers et institutions déjà inclus. chapitre régional ; profil territorial proposé Long apprentissage, frais, bourses, talent, licence ou secret ; titre ne donne pas maîtrise.";0.015531574132864502;0.33880736014117213;0.002635649743256638
Astronome;Érudit;0.3569745840172933;0.8190838624002831;2491.682596440707;A — activité attestée;MJ138;"Contexte régional ; taille et fréquence locales proposées. Agrégat pondéré par habitants puis actifs ; quartiers et institutions déjà inclus. chapitre régional ; profil territorial proposé Long apprentissage, frais, bourses, talent, licence ou secret ; titre ne donne pas maîtrise.";0.015531574132864502;0.33880736014117213;0.002635649743256638
Chercheur non arcanique;Érudit;0.3569745840172933;0.8190838624002831;2491.682596440707;A — activité attestée;"MJ138; PG46";"Contexte régional ; taille et fréquence locales proposées. Agrégat pondéré par habitants puis actifs ; quartiers et institutions déjà inclus. chapitre régional ; profil territorial proposé Long apprentissage, frais, bourses, talent, licence ou secret ; titre ne donne pas maîtrise.";0.015531574132864502;0.33880736014117213;0.002635649743256638
Mathématicien;Érudit;0.24988220881210527;0.573358703680198;1744.1778175084949;A — activité attestée;SB174;"Contexte régional ; taille et fréquence locales proposées. Agrégat pondéré par habitants puis actifs ; quartiers et institutions déjà inclus. chapitre régional ; profil territorial proposé Long apprentissage, frais, bourses, talent, licence ou secret ; titre ne donne pas maîtrise.";0.010872101893005153;0.2371651520988205;0.0018449548202796463
Philosophe;Érudit;0.6573958811358632;1.5084053082633886;4588.623250328325;A — activité attestée;SB178;"Contexte régional ; taille et fréquence locales proposées. Agrégat pondéré par habitants puis actifs ; quartiers et institutions déjà inclus. chapitre régional ; profil territorial proposé Long apprentissage, frais, bourses, talent, licence ou secret ; titre ne donne pas maîtrise.";0.02728661280125327;0.6249022413420346;0.005207026992575354
Archéologue;Érudit;0.3569745840172933;0.8190838624002831;2491.682596440707;D — activité déduite;PG48;"Contexte régional ; taille et fréquence locales proposées. Agrégat pondéré par habitants puis actifs ; quartiers et institutions déjà inclus. chapitre régional ; profil territorial proposé Long apprentissage, frais, bourses, talent, licence ou secret ; titre ne donne pas maîtrise.";0.015531574132864502;0.33880736014117213;0.002635649743256638
Professeur;Enseignant;3.070154325868087;7.044517946059563;21429.677194559245;A — activité attestée;"MJ138; SB141";"Contexte régional ; taille et fréquence locales proposées. Agrégat pondéré par habitants puis actifs ; quartiers et institutions déjà inclus. chapitre régional ; profil territorial proposé Instruction, autorisation ou initiation ; clergé, caste et office ne rendent pas noble.";0.09167904665851434;2.9659147529810284;0.012560526228544356
Enseignant de magie arcanique;Enseignant;0.3653076804987478;0.8382042848543738;2549.8476098812594;A — activité attestée;SB141;"Contexte régional ; taille et fréquence locales proposées. Agrégat pondéré par habitants puis actifs ; quartiers et institutions déjà inclus. chapitre régional ; profil territorial proposé Long apprentissage, frais, bourses, talent, licence ou secret ; titre ne donne pas maîtrise.";0.016221923896233535;0.34647657692988965;0.0026091796726245846
Instructeur martial;Enseignant;0;0;0.0;A — activité attestée;SB94;"Contexte régional ; taille et fréquence locales proposées. Agrégat pondéré par habitants puis actifs ; quartiers et institutions déjà inclus. chapitre régional ; profil territorial proposé Zéro proposé : Aucun profil enfant ne retient ce métier dans le scénario ; ne prouve pas absence canonique. Instruction, autorisation ou initiation ; clergé, caste et office ne rendent pas noble.";0;0;0
Formateur de tir à l’arc;Enseignant;0;0;0.0;A — activité attestée;SB155;"Contexte régional ; taille et fréquence locales proposées. Agrégat pondéré par habitants puis actifs ; quartiers et institutions déjà inclus. chapitre régional ; profil territorial proposé Zéro proposé : Aucun profil enfant ne retient ce métier dans le scénario ; ne prouve pas absence canonique. Instruction, autorisation ou initiation ; clergé, caste et office ne rendent pas noble.";0;0;0
Ingénieur;Ingénieur;0.9869576085382412;2.2645899350293432;6888.964107596923;A — activité attestée;SB174;"Contexte régional ; taille et fréquence locales proposées. Agrégat pondéré par habitants puis actifs ; quartiers et institutions déjà inclus. chapitre régional ; profil territorial proposé Long apprentissage, frais, bourses, talent, licence ou secret ; titre ne donne pas maîtrise.";0.0432047285416324;0.9365123299512066;0.00724055004540228
Inventeur;Ingénieur;0.3801713371959939;0.8723091816231093;2653.5959336280375;A — activité attestée;SB178;"Contexte régional ; taille et fréquence locales proposées. Agrégat pondéré par habitants puis actifs ; quartiers et institutions déjà inclus. chapitre régional ; profil territorial proposé Long apprentissage, frais, bourses, talent, licence ou secret ; titre ne donne pas maîtrise.";0.01614127055399112;0.36111006749359564;0.002919999148407126
Ingénieur mystique;Ingénieur;0.39705851441299916;0.9110570784181168;2771.4684306027343;A — activité attestée;SB174;"Contexte régional ; taille et fréquence locales proposées. Agrégat pondéré par habitants puis actifs ; quartiers et institutions déjà inclus. chapitre régional ; profil territorial proposé Long apprentissage, frais, bourses, talent, licence ou secret ; titre ne donne pas maîtrise.";0.017380122538409277;0.3767648419941275;0.0029135498804623247
Créateur et mainteneur de golems;Ingénieur;0.8055504849427848;1.8483484037995073;5622.742384900638;D — activité déduite;SB174;"Contexte régional ; taille et fréquence locales proposées. Agrégat pondéré par habitants puis actifs ; quartiers et institutions déjà inclus. chapitre régional ; profil territorial proposé Long apprentissage, frais, bourses, talent, licence ou secret ; titre ne donne pas maîtrise.";0.035014548349198336;0.7645113342727012;0.006024602320885216
Chercheur en golems;Ingénieur;1.8478787833697006;4.239987267711661;12898.193907920511;A — activité attestée;SB178;"Contexte régional ; taille et fréquence locales proposées. Agrégat pondéré par habitants puis actifs ; quartiers et institutions déjà inclus. chapitre régional ; profil territorial proposé Long apprentissage, frais, bourses, talent, licence ou secret ; titre ne donne pas maîtrise.";0.08834596993207486;1.7547131315809175;0.004819681856708175
Ingénieur de réacteurs de bauronite;Ingénieur;0.0008052848137535816;0.001847738817029121;5.620888;D — activité déduite;SB174;"Contexte régional ; taille et fréquence locales proposées. Agrégat pondéré par habitants puis actifs ; quartiers et institutions déjà inclus. chapitre régional ; profil territorial proposé Accès aux secrets des réacteurs; savoir détenu par un petit nombre Long apprentissage, frais, bourses, talent, licence ou secret ; titre ne donne pas maîtrise.";3.4763805237775566e-05;0.0007643880035467871;6.133004969019088e-06
Technicien de communication runique;Ingénieur;0.3947830434152966;0.9058359740117375;2755.5856430387703;D — activité déduite;SB174;"Contexte régional ; taille et fréquence locales proposées. Agrégat pondéré par habitants puis actifs ; quartiers et institutions déjà inclus. chapitre régional ; profil territorial proposé Long apprentissage, frais, bourses, talent, licence ou secret ; titre ne donne pas maîtrise.";0.017281891416652963;0.37460493198048267;0.002896220018160912
Chercheur en magie;Praticien des services arcaniques;0.10691548265648194;0.2453192759527645;746.2700689422439;A — activité attestée;"SB138; SB139";"Contexte régional ; taille et fréquence locales proposées. Agrégat pondéré par habitants puis actifs ; quartiers et institutions déjà inclus. chapitre régional ; profil territorial proposé Long apprentissage, frais, bourses, talent, licence ou secret ; titre ne donne pas maîtrise.";0.004733599658906268;0.1014128450126635;0.0007690379849121679
Fabricant d’objets magiques;Praticien des services arcaniques;0.10691548265648194;0.2453192759527645;746.2700689422439;A — activité attestée;SB138;"Contexte régional ; taille et fréquence locales proposées. Agrégat pondéré par habitants puis actifs ; quartiers et institutions déjà inclus. chapitre régional ; profil territorial proposé Long apprentissage, frais, bourses, talent, licence ou secret ; titre ne donne pas maîtrise.";0.004733599658906268;0.1014128450126635;0.0007690379849121679
Fabricant de parchemins magiques;Praticien des services arcaniques;0.10691548265648194;0.2453192759527645;746.2700689422439;A — activité attestée;SB138;"Contexte régional ; taille et fréquence locales proposées. Agrégat pondéré par habitants puis actifs ; quartiers et institutions déjà inclus. chapitre régional ; profil territorial proposé Long apprentissage, frais, bourses, talent, licence ou secret ; titre ne donne pas maîtrise.";0.004733599658906268;0.1014128450126635;0.0007690379849121679
Nécromancien de service;Praticien des services arcaniques;0.10691548265648194;0.2453192759527645;746.2700689422439;D — activité déduite;"SB108; SB170";"Contexte régional ; taille et fréquence locales proposées. Agrégat pondéré par habitants puis actifs ; quartiers et institutions déjà inclus. chapitre régional ; profil territorial proposé Long apprentissage, frais, bourses, talent, licence ou secret ; titre ne donne pas maîtrise.";0.004733599658906268;0.1014128450126635;0.0007690379849121679
Illusionniste de service;Praticien des services arcaniques;0.10691548265648194;0.2453192759527645;746.2700689422439;D — activité déduite;"SB107; SB142";"Contexte régional ; taille et fréquence locales proposées. Agrégat pondéré par habitants puis actifs ; quartiers et institutions déjà inclus. chapitre régional ; profil territorial proposé Long apprentissage, frais, bourses, talent, licence ou secret ; titre ne donne pas maîtrise.";0.004733599658906268;0.1014128450126635;0.0007690379849121679
Chercheur en aethermancy;Praticien des services arcaniques;0;0;0.0;A — activité attestée;SB140;"Contexte régional ; taille et fréquence locales proposées. Agrégat pondéré par habitants puis actifs ; quartiers et institutions déjà inclus. chapitre régional ; profil territorial proposé Zéro proposé : Aucun profil enfant ne retient ce métier dans le scénario ; ne prouve pas absence canonique. Long apprentissage, frais, bourses, talent, licence ou secret ; titre ne donne pas maîtrise.";0;0;0
Chercheur en biomancy;Praticien des services arcaniques;0;0;0.0;A — activité attestée;SB140;"Contexte régional ; taille et fréquence locales proposées. Agrégat pondéré par habitants puis actifs ; quartiers et institutions déjà inclus. chapitre régional ; profil territorial proposé Zéro proposé : Aucun profil enfant ne retient ce métier dans le scénario ; ne prouve pas absence canonique. Long apprentissage, frais, bourses, talent, licence ou secret ; titre ne donne pas maîtrise.";0;0;0
Désenchanteur et récupérateur arcanique;Praticien des services arcaniques;0;0;0.0;A — activité attestée;SB139;"Contexte régional ; taille et fréquence locales proposées. Agrégat pondéré par habitants puis actifs ; quartiers et institutions déjà inclus. chapitre régional ; profil territorial proposé Zéro proposé : Aucun profil enfant ne retient ce métier dans le scénario ; ne prouve pas absence canonique. Long apprentissage, frais, bourses, talent, licence ou secret ; titre ne donne pas maîtrise.";0;0;0
Extracteur de mémoire;Praticien des services arcaniques;0;0;0.0;A — activité attestée;SB140;"Contexte régional ; taille et fréquence locales proposées. Agrégat pondéré par habitants puis actifs ; quartiers et institutions déjà inclus. chapitre régional ; profil territorial proposé Zéro proposé : Aucun profil enfant ne retient ce métier dans le scénario ; ne prouve pas absence canonique. Long apprentissage, frais, bourses, talent, licence ou secret ; titre ne donne pas maîtrise.";0;0;0
Certificateur et inspecteur arcanique;Praticien des services arcaniques;0;0;0.0;A — activité attestée;SB139;"Contexte régional ; taille et fréquence locales proposées. Agrégat pondéré par habitants puis actifs ; quartiers et institutions déjà inclus. chapitre régional ; profil territorial proposé Zéro proposé : Aucun profil enfant ne retient ce métier dans le scénario ; ne prouve pas absence canonique. Long apprentissage, frais, bourses, talent, licence ou secret ; titre ne donne pas maîtrise.";0;0;0
Opérateur de transport magique;Praticien des services arcaniques;0.10691548265648194;0.2453192759527645;746.2700689422439;D — activité déduite;SB142;"Contexte régional ; taille et fréquence locales proposées. Agrégat pondéré par habitants puis actifs ; quartiers et institutions déjà inclus. chapitre régional ; profil territorial proposé Long apprentissage, frais, bourses, talent, licence ou secret ; titre ne donne pas maîtrise.";0.004733599658906268;0.1014128450126635;0.0007690379849121679
Restaurateur de runes de tunnels;Praticien des services arcaniques;0;0;0.0;A — activité attestée;SB161;"Contexte régional ; taille et fréquence locales proposées. Agrégat pondéré par habitants puis actifs ; quartiers et institutions déjà inclus. chapitre régional ; profil territorial proposé Zéro proposé : Aucun profil enfant ne retient ce métier dans le scénario ; ne prouve pas absence canonique. Long apprentissage, frais, bourses, talent, licence ou secret ; titre ne donne pas maîtrise.";0;0;0
Artificier psychique;Praticien des services arcaniques;0;0;0.0;A — activité attestée;PG8;"Contexte régional ; taille et fréquence locales proposées. Agrégat pondéré par habitants puis actifs ; quartiers et institutions déjà inclus. chapitre régional ; profil territorial proposé Zéro proposé : Aucun profil enfant ne retient ce métier dans le scénario ; ne prouve pas absence canonique. Long apprentissage, frais, bourses, talent, licence ou secret ; titre ne donne pas maîtrise.";0;0;0
Guérisseur;Soigneur;0.1097878439262539;0.25190995458477555;766.3191506052522;A — activité attestée;"MJ141; PG36";"Contexte régional ; taille et fréquence locales proposées. Agrégat pondéré par habitants puis actifs ; quartiers et institutions déjà inclus. chapitre régional ; profil territorial proposé Apprentissage et qualification variable ; soins avancés et thérapie magique exigent formation.";0.00021463212147836816;0.10119536409373668;0.00837784771103885
Chirurgien;Soigneur;0.014719996090506117;0.03377526522096803;102.74557271173269;P — activité proposée;"MJ141; PG36";"Contexte régional ; taille et fréquence locales proposées. Agrégat pondéré par habitants puis actifs ; quartiers et institutions déjà inclus. chapitre régional ; profil territorial proposé Apprentissage et qualification variable ; soins avancés et thérapie magique exigent formation.";2.4850082635351027e-05;0.013479335053194774;0.0012158109546759927
Praticien de psychosurgery;Soigneur;0;0;0.0;D — activité déduite;SB94;"Contexte régional ; taille et fréquence locales proposées. Agrégat pondéré par habitants puis actifs ; quartiers et institutions déjà inclus. chapitre régional ; profil territorial proposé Zéro proposé : Aucun profil enfant ne retient ce métier dans le scénario ; ne prouve pas absence canonique. Apprentissage et qualification variable ; soins avancés et thérapie magique exigent formation.";0;0;0
Opérateur de thérapie onirique;Soigneur;0;0;0.0;D — activité déduite;"SB141; SB228";"Contexte régional ; taille et fréquence locales proposées. Agrégat pondéré par habitants puis actifs ; quartiers et institutions déjà inclus. chapitre régional ; profil territorial proposé Zéro proposé : Aucun profil enfant ne retient ce métier dans le scénario ; ne prouve pas absence canonique. Apprentissage et qualification variable ; soins avancés et thérapie magique exigent formation.";0;0;0
Prêtre et officiant;Officiant religieux;0.12276842022598555;0.28169409342209595;856.9235731773791;A — activité attestée;"MJ127; SB182";"Contexte régional ; taille et fréquence locales proposées. Agrégat pondéré par habitants puis actifs ; quartiers et institutions déjà inclus. chapitre régional ; profil territorial proposé Instruction, autorisation ou initiation ; clergé, caste et office ne rendent pas noble.";0.0038401001920713032;0.11723184418496072;0.001696475848953532
Acolyte;Officiant religieux;0.12276842022598555;0.28169409342209595;856.9235731773791;A — activité attestée;"MJ127; SB182";"Contexte régional ; taille et fréquence locales proposées. Agrégat pondéré par habitants puis actifs ; quartiers et institutions déjà inclus. chapitre régional ; profil territorial proposé Instruction, autorisation ou initiation ; clergé, caste et office ne rendent pas noble.";0.0038401001920713032;0.11723184418496072;0.001696475848953532
Shaman;Officiant religieux;0.12276842022598555;0.28169409342209595;856.9235731773791;A — activité attestée;"SB129; SB191";"Contexte régional ; taille et fréquence locales proposées. Agrégat pondéré par habitants puis actifs ; quartiers et institutions déjà inclus. chapitre régional ; profil territorial proposé Instruction, autorisation ou initiation ; clergé, caste et office ne rendent pas noble.";0.0038401001920713032;0.11723184418496072;0.001696475848953532
Sugenja;Officiant religieux;0;0;0.0;A — activité attestée;SB198;"Contexte régional ; taille et fréquence locales proposées. Agrégat pondéré par habitants puis actifs ; quartiers et institutions déjà inclus. chapitre régional ; profil territorial proposé Zéro proposé : Aucun profil enfant ne retient ce métier dans le scénario ; ne prouve pas absence canonique. Instruction, autorisation ou initiation ; clergé, caste et office ne rendent pas noble.";0;0;0
Gardien et officiant druidique;Officiant religieux;0.12276842022598555;0.28169409342209595;856.9235731773791;A — activité attestée;SB153;"Contexte régional ; taille et fréquence locales proposées. Agrégat pondéré par habitants puis actifs ; quartiers et institutions déjà inclus. chapitre régional ; profil territorial proposé Instruction, autorisation ou initiation ; clergé, caste et office ne rendent pas noble.";0.0038401001920713032;0.11723184418496072;0.001696475848953532
Gardien-purificateur de Mother Tree;Officiant religieux;0;0;0.0;A — activité attestée;SB153;"Contexte régional ; taille et fréquence locales proposées. Agrégat pondéré par habitants puis actifs ; quartiers et institutions déjà inclus. chapitre régional ; profil territorial proposé Zéro proposé : Aucun profil enfant ne retient ce métier dans le scénario ; ne prouve pas absence canonique. Instruction, autorisation ou initiation ; clergé, caste et office ne rendent pas noble.";0;0;0
Officiant des rites Ba-Akhu;Officiant religieux;0;0;0.0;A — activité attestée;SB184;"Contexte régional ; taille et fréquence locales proposées. Agrégat pondéré par habitants puis actifs ; quartiers et institutions déjà inclus. chapitre régional ; profil territorial proposé Zéro proposé : Aucun profil enfant ne retient ce métier dans le scénario ; ne prouve pas absence canonique. Instruction, autorisation ou initiation ; clergé, caste et office ne rendent pas noble.";0;0;0
Garde et sentinelle;Garde et surveillant;0.1762089106403469;0.4043141489021239;1229.9381962696214;A — activité attestée;"MJ140; SB90";"Contexte régional ; taille et fréquence locales proposées. Agrégat pondéré par habitants puis actifs ; quartiers et institutions déjà inclus. chapitre régional ; profil territorial proposé Entraînement, loyauté, armes et habilitations ; aucun métier verrouillé par naissance sauf source explicite.";0.0022865185556228728;0.16766886721911087;0.006253524865613164
Garde du corps;Garde et surveillant;0.1762089106403469;0.4043141489021239;1229.9381962696214;A — activité attestée;"MJ140; SB90";"Contexte régional ; taille et fréquence locales proposées. Agrégat pondéré par habitants puis actifs ; quartiers et institutions déjà inclus. chapitre régional ; profil territorial proposé Entraînement, loyauté, armes et habilitations ; aucun métier verrouillé par naissance sauf source explicite.";0.0022865185556228728;0.16766886721911087;0.006253524865613164
Soldat;Combattant professionnel;3.08865464756447;7.086967228527211;21558.80944;A — activité attestée;"MJ140; SB90";"Contexte régional ; taille et fréquence locales proposées. Agrégat pondéré par habitants puis actifs ; quartiers et institutions déjà inclus. chapitre régional ; profil territorial proposé Entraînement, loyauté, armes et habilitations ; aucun métier verrouillé par naissance sauf source explicite.";0.038460770300204665;2.9381754614547075;0.11201841580955738
Mercenaire;Combattant professionnel;0.1762089106403469;0.4043141489021239;1229.9381962696214;A — activité attestée;"MJ140; SB90";"Contexte régional ; taille et fréquence locales proposées. Agrégat pondéré par habitants puis actifs ; quartiers et institutions déjà inclus. chapitre régional ; profil territorial proposé Entraînement, loyauté, armes et habilitations ; aucun métier verrouillé par naissance sauf source explicite.";0.0022865185556228728;0.16766886721911087;0.006253524865613164
Éclaireur;Combattant professionnel;0.1762089106403469;0.4043141489021239;1229.9381962696214;A — activité attestée;"MJ140; SB90";"Contexte régional ; taille et fréquence locales proposées. Agrégat pondéré par habitants puis actifs ; quartiers et institutions déjà inclus. chapitre régional ; profil territorial proposé Entraînement, loyauté, armes et habilitations ; aucun métier verrouillé par naissance sauf source explicite.";0.0022865185556228728;0.16766886721911087;0.006253524865613164
Chasseur de primes;Combattant professionnel;0.1762089106403469;0.4043141489021239;1229.9381962696214;A — activité attestée;MJ140;"Contexte régional ; taille et fréquence locales proposées. Agrégat pondéré par habitants puis actifs ; quartiers et institutions déjà inclus. chapitre régional ; profil territorial proposé Entraînement, loyauté, armes et habilitations ; aucun métier verrouillé par naissance sauf source explicite.";0.0022865185556228728;0.16766886721911087;0.006253524865613164
Gladiateur;Combattant professionnel;0.1762089106403469;0.4043141489021239;1229.9381962696214;A — activité attestée;MJ130;"Contexte régional ; taille et fréquence locales proposées. Agrégat pondéré par habitants puis actifs ; quartiers et institutions déjà inclus. chapitre régional ; profil territorial proposé Entraînement, loyauté, armes et habilitations ; aucun métier verrouillé par naissance sauf source explicite.";0.0022865185556228728;0.16766886721911087;0.006253524865613164
Champion d’arène;Combattant professionnel;0.1762089106403469;0.4043141489021239;1229.9381962696214;A — activité attestée;SB90;"Contexte régional ; taille et fréquence locales proposées. Agrégat pondéré par habitants puis actifs ; quartiers et institutions déjà inclus. chapitre régional ; profil territorial proposé Entraînement, loyauté, armes et habilitations ; aucun métier verrouillé par naissance sauf source explicite.";0.0022865185556228728;0.16766886721911087;0.006253524865613164
Veilleur de nuit;Garde et surveillant;0.1762089106403469;0.4043141489021239;1229.9381962696214;P — activité proposée;"MJ140; SB90";"Contexte régional ; taille et fréquence locales proposées. Agrégat pondéré par habitants puis actifs ; quartiers et institutions déjà inclus. chapitre régional ; profil territorial proposé Entraînement, loyauté, armes et habilitations ; aucun métier verrouillé par naissance sauf source explicite.";0.0022865185556228728;0.16766886721911087;0.006253524865613164
Guide;Guide;0.681724271885154;1.5642271878959932;4758.4354177583755;A — activité attestée;MJ140;"Contexte régional ; taille et fréquence locales proposées. Agrégat pondéré par habitants puis actifs ; quartiers et institutions déjà inclus. chapitre régional ; profil territorial proposé Réseau, itinéraires, confiance et capital ; manutention distincte de propriété du fret.";0.016474183012268818;0.59580362995103;0.06944645892185536
Gardien de domaine;Garde et surveillant;0.1762089106403469;0.4043141489021239;1229.9381962696214;A — activité attestée;MJ140;"Contexte régional ; taille et fréquence locales proposées. Agrégat pondéré par habitants puis actifs ; quartiers et institutions déjà inclus. chapitre régional ; profil territorial proposé Entraînement, loyauté, armes et habilitations ; aucun métier verrouillé par naissance sauf source explicite.";0.0022865185556228728;0.16766886721911087;0.006253524865613164
Spellshield;Protecteur et contrôleur arcanique;0;0;0.0;A — activité attestée;SB140;"Contexte régional ; taille et fréquence locales proposées. Agrégat pondéré par habitants puis actifs ; quartiers et institutions déjà inclus. chapitre régional ; profil territorial proposé Zéro proposé : Aucun profil enfant ne retient ce métier dans le scénario ; ne prouve pas absence canonique. Entraînement, loyauté, armes et habilitations ; aucun métier verrouillé par naissance sauf source explicite.";0;0;0
Warden des Arcane Enforcers;Protecteur et contrôleur arcanique;0;0;0.0;A — activité attestée;SB140;"Contexte régional ; taille et fréquence locales proposées. Agrégat pondéré par habitants puis actifs ; quartiers et institutions déjà inclus. chapitre régional ; profil territorial proposé Zéro proposé : Aucun profil enfant ne retient ce métier dans le scénario ; ne prouve pas absence canonique. Entraînement, loyauté, armes et habilitations ; aucun métier verrouillé par naissance sauf source explicite.";0;0;0
Inquisiteur;Garde et surveillant;0;0;0.0;A — activité attestée;SB29;"Contexte régional ; taille et fréquence locales proposées. Agrégat pondéré par habitants puis actifs ; quartiers et institutions déjà inclus. chapitre régional ; profil territorial proposé Zéro proposé : Aucun profil enfant ne retient ce métier dans le scénario ; ne prouve pas absence canonique. Entraînement, loyauté, armes et habilitations ; aucun métier verrouillé par naissance sauf source explicite.";0;0;0
Mage impérial chargé du contrôle;Protecteur et contrôleur arcanique;0;0;0.0;A — activité attestée;SB98;"Contexte régional ; taille et fréquence locales proposées. Agrégat pondéré par habitants puis actifs ; quartiers et institutions déjà inclus. chapitre régional ; profil territorial proposé Zéro proposé : Aucun profil enfant ne retient ce métier dans le scénario ; ne prouve pas absence canonique. Entraînement, loyauté, armes et habilitations ; aucun métier verrouillé par naissance sauf source explicite.";0;0;0
Chasseur de morts-vivants;Combattant professionnel;0.1762089106403469;0.4043141489021239;1229.9381962696214;A — activité attestée;SB210;"Contexte régional ; taille et fréquence locales proposées. Agrégat pondéré par habitants puis actifs ; quartiers et institutions déjà inclus. chapitre régional ; profil territorial proposé Entraînement, loyauté, armes et habilitations ; aucun métier verrouillé par naissance sauf source explicite.";0.0022865185556228728;0.16766886721911087;0.006253524865613164
Détective;Enquêteur et agent de renseignement;0.009899523703709513;0.02271461463700377;69.0986754518924;A — activité attestée;"PG9; BR42";"Contexte régional ; taille et fréquence locales proposées. Agrégat pondéré par habitants puis actifs ; quartiers et institutions déjà inclus. chapitre régional ; profil territorial proposé Entraînement, loyauté, armes et habilitations ; aucun métier verrouillé par naissance sauf source explicite.";0.00013082568760963817;0.009424394607178133;0.0003443034089217418
Espion;Enquêteur et agent de renseignement;0.009899523703709513;0.02271461463700377;69.0986754518924;A — activité attestée;"PG9; BR42";"Contexte régional ; taille et fréquence locales proposées. Agrégat pondéré par habitants puis actifs ; quartiers et institutions déjà inclus. chapitre régional ; profil territorial proposé Entraînement, loyauté, armes et habilitations ; aucun métier verrouillé par naissance sauf source explicite.";0.00013082568760963817;0.009424394607178133;0.0003443034089217418
Détective arcanique;Enquêteur et agent de renseignement;0;0;0.0;A — activité attestée;SB140;"Contexte régional ; taille et fréquence locales proposées. Agrégat pondéré par habitants puis actifs ; quartiers et institutions déjà inclus. chapitre régional ; profil territorial proposé Zéro proposé : Aucun profil enfant ne retient ce métier dans le scénario ; ne prouve pas absence canonique. Entraînement, loyauté, armes et habilitations ; aucun métier verrouillé par naissance sauf source explicite.";0;0;0
Fonctionnaire;Administrateur et juriste;0.3069210505649638;0.7042352335552399;2142.3089329434474;A — activité attestée;"SB90; SB213";"Contexte régional ; taille et fréquence locales proposées. Agrégat pondéré par habitants puis actifs ; quartiers et institutions déjà inclus. chapitre régional ; profil territorial proposé Instruction, autorisation ou initiation ; clergé, caste et office ne rendent pas noble.";0.00960025048017826;0.2930796104624017;0.004241189622383831
Percepteur;Administrateur et juriste;0.3069210505649638;0.7042352335552399;2142.3089329434474;A — activité attestée;SB132;"Contexte régional ; taille et fréquence locales proposées. Agrégat pondéré par habitants puis actifs ; quartiers et institutions déjà inclus. chapitre régional ; profil territorial proposé Instruction, autorisation ou initiation ; clergé, caste et office ne rendent pas noble.";0.00960025048017826;0.2930796104624017;0.004241189622383831
Juge;Administrateur et juriste;0.2644451073795027;0.6067735061350126;1845.826849508929;A — activité attestée;"SB90; SB213";"Contexte régional ; taille et fréquence locales proposées. Agrégat pondéré par habitants puis actifs ; quartiers et institutions déjà inclus. chapitre régional ; profil territorial proposé Instruction, autorisation ou initiation ; clergé, caste et office ne rendent pas noble.";0.007025407082165895;0.2533490637860437;0.004070636511293079
Avocat;Administrateur et juriste;0.2644451073795027;0.6067735061350126;1845.826849508929;A — activité attestée;"SB90; SB213";"Contexte régional ; taille et fréquence locales proposées. Agrégat pondéré par habitants puis actifs ; quartiers et institutions déjà inclus. chapitre régional ; profil territorial proposé Instruction, autorisation ou initiation ; clergé, caste et office ne rendent pas noble.";0.007025407082165895;0.2533490637860437;0.004070636511293079
Diplomate et émissaire;Administrateur et juriste;0.2644451073795027;0.6067735061350126;1845.826849508929;A — activité attestée;PG46;"Contexte régional ; taille et fréquence locales proposées. Agrégat pondéré par habitants puis actifs ; quartiers et institutions déjà inclus. chapitre régional ; profil territorial proposé Instruction, autorisation ou initiation ; clergé, caste et office ne rendent pas noble.";0.007025407082165895;0.2533490637860437;0.004070636511293079
Recruteur et agent de missions;Administrateur et juriste;0.2644451073795027;0.6067735061350126;1845.826849508929;D — activité déduite;SB105;"Contexte régional ; taille et fréquence locales proposées. Agrégat pondéré par habitants puis actifs ; quartiers et institutions déjà inclus. chapitre régional ; profil territorial proposé Instruction, autorisation ou initiation ; clergé, caste et office ne rendent pas noble.";0.007025407082165895;0.2533490637860437;0.004070636511293079
Bourreau;Administrateur et juriste;0.2644451073795027;0.6067735061350126;1845.826849508929;A — activité attestée;SB148;"Contexte régional ; taille et fréquence locales proposées. Agrégat pondéré par habitants puis actifs ; quartiers et institutions déjà inclus. chapitre régional ; profil territorial proposé Instruction, autorisation ou initiation ; clergé, caste et office ne rendent pas noble.";0.007025407082165895;0.2533490637860437;0.004070636511293079
Acteur et comédien;Artiste du spectacle;0.10002098765141532;0.22949974747402033;698.1464938068789;A — activité attestée;MJ129;"Contexte régional ; taille et fréquence locales proposées. Agrégat pondéré par habitants puis actifs ; quartiers et institutions déjà inclus. chapitre régional ; profil territorial proposé Apprentissage, audition et réseau ; accès au mérite notamment Mustardseed.";0.0017160851600774873;0.09573634925876016;0.002568553232577663
Danseur;Artiste du spectacle;0.10002098765141532;0.22949974747402033;698.1464938068789;A — activité attestée;MJ129;"Contexte régional ; taille et fréquence locales proposées. Agrégat pondéré par habitants puis actifs ; quartiers et institutions déjà inclus. chapitre régional ; profil territorial proposé Apprentissage, audition et réseau ; accès au mérite notamment Mustardseed.";0.0017160851600774873;0.09573634925876016;0.002568553232577663
Musicien;Artiste du spectacle;0.10002098765141532;0.22949974747402033;698.1464938068789;A — activité attestée;MJ129;"Contexte régional ; taille et fréquence locales proposées. Agrégat pondéré par habitants puis actifs ; quartiers et institutions déjà inclus. chapitre régional ; profil territorial proposé Apprentissage, audition et réseau ; accès au mérite notamment Mustardseed.";0.0017160851600774873;0.09573634925876016;0.002568553232577663
Chanteur;Artiste du spectacle;0.10002098765141532;0.22949974747402033;698.1464938068789;A — activité attestée;MJ129;"Contexte régional ; taille et fréquence locales proposées. Agrégat pondéré par habitants puis actifs ; quartiers et institutions déjà inclus. chapitre régional ; profil territorial proposé Apprentissage, audition et réseau ; accès au mérite notamment Mustardseed.";0.0017160851600774873;0.09573634925876016;0.002568553232577663
Poète;Artiste du spectacle;0.10002098765141532;0.22949974747402033;698.1464938068789;A — activité attestée;MJ129;"Contexte régional ; taille et fréquence locales proposées. Agrégat pondéré par habitants puis actifs ; quartiers et institutions déjà inclus. chapitre régional ; profil territorial proposé Apprentissage, audition et réseau ; accès au mérite notamment Mustardseed.";0.0017160851600774873;0.09573634925876016;0.002568553232577663
Conteur;Artiste du spectacle;0.10002098765141532;0.22949974747402033;698.1464938068789;A — activité attestée;MJ129;"Contexte régional ; taille et fréquence locales proposées. Agrégat pondéré par habitants puis actifs ; quartiers et institutions déjà inclus. chapitre régional ; profil territorial proposé Apprentissage, audition et réseau ; accès au mérite notamment Mustardseed.";0.0017160851600774873;0.09573634925876016;0.002568553232577663
Bouffon;Artiste du spectacle;0.10002098765141532;0.22949974747402033;698.1464938068789;A — activité attestée;MJ129;"Contexte régional ; taille et fréquence locales proposées. Agrégat pondéré par habitants puis actifs ; quartiers et institutions déjà inclus. chapitre régional ; profil territorial proposé Apprentissage, audition et réseau ; accès au mérite notamment Mustardseed.";0.0017160851600774873;0.09573634925876016;0.002568553232577663
Jongleur;Artiste du spectacle;0.10002098765141532;0.22949974747402033;698.1464938068789;A — activité attestée;MJ129;"Contexte régional ; taille et fréquence locales proposées. Agrégat pondéré par habitants puis actifs ; quartiers et institutions déjà inclus. chapitre régional ; profil territorial proposé Apprentissage, audition et réseau ; accès au mérite notamment Mustardseed.";0.0017160851600774873;0.09573634925876016;0.002568553232577663
Acrobate;Artiste du spectacle;0.10002098765141532;0.22949974747402033;698.1464938068789;A — activité attestée;MJ129;"Contexte régional ; taille et fréquence locales proposées. Agrégat pondéré par habitants puis actifs ; quartiers et institutions déjà inclus. chapitre régional ; profil territorial proposé Apprentissage, audition et réseau ; accès au mérite notamment Mustardseed.";0.0017160851600774873;0.09573634925876016;0.002568553232577663
Cracheur de feu;Artiste du spectacle;0.10002098765141532;0.22949974747402033;698.1464938068789;A — activité attestée;MJ129;"Contexte régional ; taille et fréquence locales proposées. Agrégat pondéré par habitants puis actifs ; quartiers et institutions déjà inclus. chapitre régional ; profil territorial proposé Apprentissage, audition et réseau ; accès au mérite notamment Mustardseed.";0.0017160851600774873;0.09573634925876016;0.002568553232577663
Compositeur;Artiste du spectacle;0.10002098765141532;0.22949974747402033;698.1464938068789;A — activité attestée;PG28;"Contexte régional ; taille et fréquence locales proposées. Agrégat pondéré par habitants puis actifs ; quartiers et institutions déjà inclus. chapitre régional ; profil territorial proposé Apprentissage, audition et réseau ; accès au mérite notamment Mustardseed.";0.0017160851600774873;0.09573634925876016;0.002568553232577663
Crieur public;Artiste du spectacle;0.10002098765141532;0.22949974747402033;698.1464938068789;P — activité proposée;MJ129;"Contexte régional ; taille et fréquence locales proposées. Agrégat pondéré par habitants puis actifs ; quartiers et institutions déjà inclus. chapitre régional ; profil territorial proposé Apprentissage, audition et réseau ; accès au mérite notamment Mustardseed.";0.0017160851600774873;0.09573634925876016;0.002568553232577663
Joueur professionnel;Professionnel du jeu;0.00795799418899014;0.018259744276251558;55.54679943915118;P — activité proposée;SB99;"Contexte régional ; taille et fréquence locales proposées. Agrégat pondéré par habitants puis actifs ; quartiers et institutions déjà inclus. chapitre régional ; profil territorial proposé Apprentissage, audition et réseau ; accès au mérite notamment Mustardseed.";0.00014173134187309898;0.007622422452279776;0.00019384039483726475
Croupier;Professionnel du jeu;0.00795799418899014;0.018259744276251558;55.54679943915118;D — activité déduite;SB99;"Contexte régional ; taille et fréquence locales proposées. Agrégat pondéré par habitants puis actifs ; quartiers et institutions déjà inclus. chapitre régional ; profil territorial proposé Apprentissage, audition et réseau ; accès au mérite notamment Mustardseed.";0.00014173134187309898;0.007622422452279776;0.00019384039483726475
Preneur de paris;Professionnel du jeu;0.00795799418899014;0.018259744276251558;55.54679943915118;D — activité déduite;SB99;"Contexte régional ; taille et fréquence locales proposées. Agrégat pondéré par habitants puis actifs ; quartiers et institutions déjà inclus. chapitre régional ; profil territorial proposé Apprentissage, audition et réseau ; accès au mérite notamment Mustardseed.";0.00014173134187309898;0.007622422452279776;0.00019384039483726475
Maître-chanteur;Opérateur d’activités illicites;0;0;0.0;A — activité attestée;BR42;"Contexte régional ; taille et fréquence locales proposées. Agrégat pondéré par habitants puis actifs ; quartiers et institutions déjà inclus. chapitre régional ; profil territorial proposé Zéro proposé : Aucun profil enfant ne retient ce métier dans le scénario ; ne prouve pas absence canonique. Réseaux, exclusion, dettes et compétences ; statut légal distinct de noblesse.";0;0;0
Cambrioleur;Opérateur d’activités illicites;0;0;0.0;A — activité attestée;BR42;"Contexte régional ; taille et fréquence locales proposées. Agrégat pondéré par habitants puis actifs ; quartiers et institutions déjà inclus. chapitre régional ; profil territorial proposé Zéro proposé : Aucun profil enfant ne retient ce métier dans le scénario ; ne prouve pas absence canonique. Réseaux, exclusion, dettes et compétences ; statut légal distinct de noblesse.";0;0;0
Homme de main;Opérateur d’activités illicites;0;0;0.0;A — activité attestée;BR42;"Contexte régional ; taille et fréquence locales proposées. Agrégat pondéré par habitants puis actifs ; quartiers et institutions déjà inclus. chapitre régional ; profil territorial proposé Zéro proposé : Aucun profil enfant ne retient ce métier dans le scénario ; ne prouve pas absence canonique. Réseaux, exclusion, dettes et compétences ; statut légal distinct de noblesse.";0;0;0
Receleur;Opérateur d’activités illicites;0;0;0.0;A — activité attestée;BR42;"Contexte régional ; taille et fréquence locales proposées. Agrégat pondéré par habitants puis actifs ; quartiers et institutions déjà inclus. chapitre régional ; profil territorial proposé Zéro proposé : Aucun profil enfant ne retient ce métier dans le scénario ; ne prouve pas absence canonique. Réseaux, exclusion, dettes et compétences ; statut légal distinct de noblesse.";0;0;0
Voleur de grand chemin;Opérateur d’activités illicites;0;0;0.0;A — activité attestée;BR42;"Contexte régional ; taille et fréquence locales proposées. Agrégat pondéré par habitants puis actifs ; quartiers et institutions déjà inclus. chapitre régional ; profil territorial proposé Zéro proposé : Aucun profil enfant ne retient ce métier dans le scénario ; ne prouve pas absence canonique. Réseaux, exclusion, dettes et compétences ; statut légal distinct de noblesse.";0;0;0
Tueur à gages;Opérateur d’activités illicites;0;0;0.0;A — activité attestée;BR42;"Contexte régional ; taille et fréquence locales proposées. Agrégat pondéré par habitants puis actifs ; quartiers et institutions déjà inclus. chapitre régional ; profil territorial proposé Zéro proposé : Aucun profil enfant ne retient ce métier dans le scénario ; ne prouve pas absence canonique. Réseaux, exclusion, dettes et compétences ; statut légal distinct de noblesse.";0;0;0
Pickpocket;Opérateur d’activités illicites;0;0;0.0;A — activité attestée;BR42;"Contexte régional ; taille et fréquence locales proposées. Agrégat pondéré par habitants puis actifs ; quartiers et institutions déjà inclus. chapitre régional ; profil territorial proposé Zéro proposé : Aucun profil enfant ne retient ce métier dans le scénario ; ne prouve pas absence canonique. Réseaux, exclusion, dettes et compétences ; statut légal distinct de noblesse.";0;0;0
Contrebandier;Opérateur d’activités illicites;0;0;0.0;A — activité attestée;BR42;"Contexte régional ; taille et fréquence locales proposées. Agrégat pondéré par habitants puis actifs ; quartiers et institutions déjà inclus. chapitre régional ; profil territorial proposé Zéro proposé : Aucun profil enfant ne retient ce métier dans le scénario ; ne prouve pas absence canonique. Réseaux, exclusion, dettes et compétences ; statut légal distinct de noblesse.";0;0;0
Pirate;Opérateur d’activités illicites;0;0;0.0;A — activité attestée;MJ136;"Contexte régional ; taille et fréquence locales proposées. Agrégat pondéré par habitants puis actifs ; quartiers et institutions déjà inclus. chapitre régional ; profil territorial proposé Zéro proposé : Aucun profil enfant ne retient ce métier dans le scénario ; ne prouve pas absence canonique. Réseaux, exclusion, dettes et compétences ; statut légal distinct de noblesse.";0;0;0
Cultivateur de tubercules;Agriculteur;0;0;0.0;A — activité attestée;"SB120; SB168";"Contexte régional ; taille et fréquence locales proposées. Agrégat pondéré par habitants puis actifs ; quartiers et institutions déjà inclus. chapitre régional ; profil territorial proposé Zéro proposé : Aucun profil enfant ne retient ce métier dans le scénario ; ne prouve pas absence canonique. Transmission familiale, terre/eau, droits d’usage et outils ; les tâches saisonnières restent secondaires.";0;0;0
Cartographe;Cartographe;0.017907239240134695;0.04108844533599871;124.99252989614017;A — activité attestée;MJ128;"Contexte régional ; taille et fréquence locales proposées. Agrégat pondéré par habitants puis actifs ; quartiers et institutions déjà inclus. chapitre régional ; profil territorial proposé Long apprentissage, frais, bourses, talent, licence ou secret ; titre ne donne pas maîtrise.";0.0007951923478545851;0.01698414592793577;0.00012790096434434238
Sans métier actif;Statut;0.8937753581661891;2.0507817790453498;6238.552000000001;P;;Personnes productives occupées + personnes sans emploi disponibles recherchant une activité. Inclut aide familiale, subsistance, apprentissage productif et travail partiel.;0.017214899713467048;0.8134315186246418;0.06312893982808024
Hors activité;Statut;56.4178223495702;0;393796.4;P;;"Tous habitants recensés dans les catégories sources; enfants, étudiants et retraités ne sont exclus de l’activité que sans contribution productive. Pas de seuil humain de 18 ans imposé.";1.0103151862464184;53.17512893982808;2.232378223495702
