Métier;Base;% habitants;% actifs;Effectif attendu;Appui activité;Références;Justification proposée;Milieu privilégié, noblesse non établie / % de tous habitants;Milieu ordinaire, noblesse non établie / % de tous habitants;Milieu précaire, noblesse non établie / % de tous habitants
Agriculteur généraliste;Agriculteur;0.373453358925144;0.8464491362763915;739.437650671785;A — activité attestée;"SB90; SB198";"Contexte régional ; taille et fréquence locales proposées. Professions des résidents ; lieu de travail et commanditaires peuvent être extérieurs au quartier. Visiteurs exclus du stock. chapitre régional ; profil territorial proposé Budget civil 5,00 % ; coefficient 5,000000 ; part de filière 19,194 %. Transmission familiale, terre/eau, droits d’usage et outils ; les tâches saisonnières restent secondaires.";0.0006547502954791479;0.3418735149636063;0.030925093666058515
Céréalier;Agriculteur;0.4481440307101727;1.0157389635316698;887.325180806142;D — activité déduite;"SB90; SB198";"Contexte régional ; taille et fréquence locales proposées. Professions des résidents ; lieu de travail et commanditaires peuvent être extérieurs au quartier. Visiteurs exclus du stock. chapitre régional ; profil territorial proposé Budget civil 5,00 % ; coefficient 6,000000 ; part de filière 23,033 %. Transmission familiale, terre/eau, droits d’usage et outils ; les tâches saisonnières restent secondaires.";0.0007857003545749778;0.41024821795632754;0.03711011239927021
Riziculteur;Agriculteur;0;0;0.0;A — activité attestée;SB198;"Contexte régional ; taille et fréquence locales proposées. Professions des résidents ; lieu de travail et commanditaires peuvent être extérieurs au quartier. Visiteurs exclus du stock. chapitre régional ; profil territorial proposé Budget civil 5,00 % ; coefficient 0,000000 ; part de filière 0,000 %. Zéro proposé : Climat, matière ou culture hors filière régionale retenue ; aucun établissement exceptionnel proposé. Transmission familiale, terre/eau, droits d’usage et outils ; les tâches saisonnières restent secondaires.";0;0;0
Vigneron;Agriculteur;0;0;0.0;A — activité attestée;MJ128;"Contexte régional ; taille et fréquence locales proposées. Professions des résidents ; lieu de travail et commanditaires peuvent être extérieurs au quartier. Visiteurs exclus du stock. chapitre régional ; profil territorial proposé Budget civil 4,00 % ; coefficient 0,000000 ; part de filière 0,000 %. Zéro proposé : Climat, matière ou culture hors filière régionale retenue ; aucun établissement exceptionnel proposé. Savoir-faire de terrain et sécurité ; procédé spécialisé distinct du rang social.";0;0;0
Cultivateur d’épices;Agriculteur;0;0;0.0;A — activité attestée;SB182;"Contexte régional ; taille et fréquence locales proposées. Professions des résidents ; lieu de travail et commanditaires peuvent être extérieurs au quartier. Visiteurs exclus du stock. chapitre régional ; profil territorial proposé Budget civil 4,00 % ; coefficient 0,000000 ; part de filière 0,000 %. Zéro proposé : Climat, matière ou culture hors filière régionale retenue ; aucun établissement exceptionnel proposé. Savoir-faire de terrain et sécurité ; procédé spécialisé distinct du rang social.";0;0;0
Cultivateur d’herbes pour thé;Agriculteur;0;0;0.0;D — activité déduite;SB198;"Contexte régional ; taille et fréquence locales proposées. Professions des résidents ; lieu de travail et commanditaires peuvent être extérieurs au quartier. Visiteurs exclus du stock. chapitre régional ; profil territorial proposé Budget civil 4,00 % ; coefficient 0,000000 ; part de filière 0,000 %. Zéro proposé : Climat, matière ou culture hors filière régionale retenue ; aucun établissement exceptionnel proposé. Savoir-faire de terrain et sécurité ; procédé spécialisé distinct du rang social.";0;0;0
Maraîcher;Agriculteur;0.4481440307101727;1.0157389635316698;887.325180806142;D — activité déduite;"SB90; SB198";"Contexte régional ; taille et fréquence locales proposées. Professions des résidents ; lieu de travail et commanditaires peuvent être extérieurs au quartier. Visiteurs exclus du stock. chapitre régional ; profil territorial proposé Budget civil 5,00 % ; coefficient 6,000000 ; part de filière 23,033 %. Transmission familiale, terre/eau, droits d’usage et outils ; les tâches saisonnières restent secondaires.";0.0007857003545749778;0.41024821795632754;0.03711011239927021
Jardinier;Horticulteur;0.20754048;0.4704;410.9301504;A — activité attestée;"SB29; SB161";"Contexte régional ; taille et fréquence locales proposées. Professions des résidents ; lieu de travail et commanditaires peuvent être extérieurs au quartier. Visiteurs exclus du stock. chapitre régional ; profil territorial proposé Budget civil 4,00 % ; coefficient 1,000000 ; part de filière 13,333 %. Savoir-faire de terrain et sécurité ; procédé spécialisé distinct du rang social.";0.0007264594765773835;0.1896579936282298;0.01715602689519282
Fleuriste;Horticulteur;0.20754048;0.4704;410.9301504;A — activité attestée;"SB29; SB161";"Contexte régional ; taille et fréquence locales proposées. Professions des résidents ; lieu de travail et commanditaires peuvent être extérieurs au quartier. Visiteurs exclus du stock. chapitre régional ; profil territorial proposé Budget civil 4,00 % ; coefficient 1,000000 ; part de filière 13,333 %. Savoir-faire de terrain et sécurité ; procédé spécialisé distinct du rang social.";0.0007264594765773835;0.1896579936282298;0.01715602689519282
Arboriculteur de verger;Horticulteur;0.07469067178502879;0.1692898272552783;147.887530134357;D — activité déduite;"SB29; SB161";"Contexte régional ; taille et fréquence locales proposées. Professions des résidents ; lieu de travail et commanditaires peuvent être extérieurs au quartier. Visiteurs exclus du stock. chapitre régional ; profil territorial proposé Budget civil 5,00 % ; coefficient 1,000000 ; part de filière 3,839 %. Transmission familiale, terre/eau, droits d’usage et outils ; les tâches saisonnières restent secondaires.";0.00013095005909582967;0.06837470299272126;0.006185018733211704
Jardinier de roses magiques;Horticulteur;0;0;0.0;A — activité attestée;SB157;"Contexte régional ; taille et fréquence locales proposées. Professions des résidents ; lieu de travail et commanditaires peuvent être extérieurs au quartier. Visiteurs exclus du stock. chapitre régional ; profil territorial proposé Budget civil 4,00 % ; coefficient 0,000000 ; part de filière 0,000 %. Zéro proposé : Filière régionale non retenue dans ce scénario, sans interdiction universelle. Savoir-faire de terrain et sécurité ; procédé spécialisé distinct du rang social.";0;0;0
Arboriculteur de breithwood;Horticulteur;0;0;0.0;D — activité déduite;SB152;"Contexte régional ; taille et fréquence locales proposées. Professions des résidents ; lieu de travail et commanditaires peuvent être extérieurs au quartier. Visiteurs exclus du stock. chapitre régional ; profil territorial proposé Budget civil 4,00 % ; coefficient 0,000000 ; part de filière 0,000 %. Zéro proposé : Filière régionale non retenue dans ce scénario, sans interdiction universelle. Savoir-faire de terrain et sécurité ; procédé spécialisé distinct du rang social.";0;0;0
Éleveur généraliste;Éleveur;0.186726679462572;0.42322456813819576;369.7188253358925;A — activité attestée;"SB120; SB182";"Contexte régional ; taille et fréquence locales proposées. Professions des résidents ; lieu de travail et commanditaires peuvent être extérieurs au quartier. Visiteurs exclus du stock. chapitre régional ; profil territorial proposé Budget civil 5,00 % ; coefficient 2,500000 ; part de filière 9,597 %. Transmission familiale, terre/eau, droits d’usage et outils ; les tâches saisonnières restent secondaires.";0.00032737514773957397;0.17093675748180315;0.015462546833029257
Berger;Éleveur;0.07469067178502879;0.1692898272552783;147.887530134357;A — activité attestée;MJ135;"Contexte régional ; taille et fréquence locales proposées. Professions des résidents ; lieu de travail et commanditaires peuvent être extérieurs au quartier. Visiteurs exclus du stock. chapitre régional ; profil territorial proposé Budget civil 5,00 % ; coefficient 1,000000 ; part de filière 3,839 %. Transmission familiale, terre/eau, droits d’usage et outils ; les tâches saisonnières restent secondaires.";0.00013095005909582967;0.06837470299272126;0.006185018733211704
Éleveur de yaks;Éleveur;0;0;0.0;A — activité attestée;SB120;"Contexte régional ; taille et fréquence locales proposées. Professions des résidents ; lieu de travail et commanditaires peuvent être extérieurs au quartier. Visiteurs exclus du stock. chapitre régional ; profil territorial proposé Budget civil 5,00 % ; coefficient 0,000000 ; part de filière 0,000 %. Zéro proposé : Climat, matière ou culture hors filière régionale retenue ; aucun établissement exceptionnel proposé. Transmission familiale, terre/eau, droits d’usage et outils ; les tâches saisonnières restent secondaires.";0;0;0
Éleveur de chevaux;Éleveur;0.20754048;0.4704;410.9301504;A — activité attestée;SB182;"Contexte régional ; taille et fréquence locales proposées. Professions des résidents ; lieu de travail et commanditaires peuvent être extérieurs au quartier. Visiteurs exclus du stock. chapitre régional ; profil territorial proposé Budget civil 4,00 % ; coefficient 1,000000 ; part de filière 13,333 %. Savoir-faire de terrain et sécurité ; procédé spécialisé distinct du rang social.";0.0007264594765773835;0.1896579936282298;0.01715602689519282
Éleveur de chameaux;Éleveur;0;0;0.0;A — activité attestée;SB182;"Contexte régional ; taille et fréquence locales proposées. Professions des résidents ; lieu de travail et commanditaires peuvent être extérieurs au quartier. Visiteurs exclus du stock. chapitre régional ; profil territorial proposé Budget civil 4,00 % ; coefficient 0,000000 ; part de filière 0,000 %. Zéro proposé : Climat, matière ou culture hors filière régionale retenue ; aucun établissement exceptionnel proposé. Savoir-faire de terrain et sécurité ; procédé spécialisé distinct du rang social.";0;0;0
Éleveur de vers à soie;Éleveur;0;0;0.0;A — activité attestée;SB198;"Contexte régional ; taille et fréquence locales proposées. Professions des résidents ; lieu de travail et commanditaires peuvent être extérieurs au quartier. Visiteurs exclus du stock. chapitre régional ; profil territorial proposé Budget civil 4,00 % ; coefficient 0,000000 ; part de filière 0,000 %. Zéro proposé : Climat, matière ou culture hors filière régionale retenue ; aucun établissement exceptionnel proposé. Savoir-faire de terrain et sécurité ; procédé spécialisé distinct du rang social.";0;0;0
Éleveur de loups géants;Éleveur;0;0;0.0;A — activité attestée;SB191;"Contexte régional ; taille et fréquence locales proposées. Professions des résidents ; lieu de travail et commanditaires peuvent être extérieurs au quartier. Visiteurs exclus du stock. chapitre régional ; profil territorial proposé Budget civil 4,00 % ; coefficient 0,000000 ; part de filière 0,000 %. Zéro proposé : Filière régionale non retenue dans ce scénario, sans interdiction universelle. Savoir-faire de terrain et sécurité ; procédé spécialisé distinct du rang social.";0;0;0
Éleveur de montures volantes;Éleveur;0;0;0.0;A — activité attestée;"SB124; SB107";"Contexte régional ; taille et fréquence locales proposées. Professions des résidents ; lieu de travail et commanditaires peuvent être extérieurs au quartier. Visiteurs exclus du stock. chapitre régional ; profil territorial proposé Budget civil 4,00 % ; coefficient 0,000000 ; part de filière 0,000 %. Zéro proposé : Climat, matière ou culture hors filière régionale retenue ; aucun établissement exceptionnel proposé. Savoir-faire de terrain et sécurité ; procédé spécialisé distinct du rang social.";0;0;0
Apiculteur;Éleveur;0;0;0.0;P — activité proposée;SB152;"Contexte régional ; taille et fréquence locales proposées. Professions des résidents ; lieu de travail et commanditaires peuvent être extérieurs au quartier. Visiteurs exclus du stock. chapitre régional ; profil territorial proposé Budget civil 5,00 % ; coefficient 0,000000 ; part de filière 0,000 %. Zéro proposé : Climat, matière ou culture hors filière régionale retenue ; aucun établissement exceptionnel proposé. Transmission familiale, terre/eau, droits d’usage et outils ; les tâches saisonnières restent secondaires.";0;0;0
Chasseur de gibier;Chasseur;0.093363339731286;0.21161228406909788;184.85941266794626;A — activité attestée;"MJ139; PG20";"Contexte régional ; taille et fréquence locales proposées. Professions des résidents ; lieu de travail et commanditaires peuvent être extérieurs au quartier. Visiteurs exclus du stock. chapitre régional ; profil territorial proposé Budget civil 5,00 % ; coefficient 1,250000 ; part de filière 4,798 %. Transmission familiale, terre/eau, droits d’usage et outils ; les tâches saisonnières restent secondaires.";0.00016368757386978698;0.08546837874090157;0.007731273416514629
Trappeur;Chasseur;0.037345335892514396;0.08464491362763915;73.9437650671785;A — activité attestée;MJ140;"Contexte régional ; taille et fréquence locales proposées. Professions des résidents ; lieu de travail et commanditaires peuvent être extérieurs au quartier. Visiteurs exclus du stock. chapitre régional ; profil territorial proposé Budget civil 5,00 % ; coefficient 0,500000 ; part de filière 1,919 %. Transmission familiale, terre/eau, droits d’usage et outils ; les tâches saisonnières restent secondaires.";6.547502954791483e-05;0.03418735149636063;0.003092509366605852
Chasseur de monstres;Chasseur;0.021836057746263324;0.04949242462888332;43.235394337601385;A — activité attestée;PG58;"Contexte régional ; taille et fréquence locales proposées. Professions des résidents ; lieu de travail et commanditaires peuvent être extérieurs au quartier. Visiteurs exclus du stock. chapitre régional ; profil territorial proposé Budget civil 22,00 % ; coefficient 0,500000 ; part de filière 0,255 %. Long apprentissage, frais, bourses, talent, licence ou secret ; titre ne donne pas maîtrise.";0.0009908871639820321;0.020695405868275493;0.00014976471400579775
Chasseur de monstres marins;Chasseur;0;0;0.0;A — activité attestée;SB148;"Contexte régional ; taille et fréquence locales proposées. Professions des résidents ; lieu de travail et commanditaires peuvent être extérieurs au quartier. Visiteurs exclus du stock. chapitre régional ; profil territorial proposé Budget civil 22,00 % ; coefficient 0,000000 ; part de filière 0,000 %. Zéro proposé : Filière régionale non retenue dans ce scénario, sans interdiction universelle. Long apprentissage, frais, bourses, talent, licence ou secret ; titre ne donne pas maîtrise.";0;0;0
Chasseur de dragons;Chasseur;0;0;0.0;A — activité attestée;SB220;"Contexte régional ; taille et fréquence locales proposées. Professions des résidents ; lieu de travail et commanditaires peuvent être extérieurs au quartier. Visiteurs exclus du stock. chapitre régional ; profil territorial proposé Budget civil 22,00 % ; coefficient 0,000000 ; part de filière 0,000 %. Zéro proposé : Technique de site, institution, secret ou habilitation concentrée dans les implantations autorisées du scénario. Long apprentissage, frais, bourses, talent, licence ou secret ; titre ne donne pas maîtrise.";0;0;0
Cueilleur;Collecteur de ressources;0.05975253742802303;0.13543186180422262;118.31002410748559;A — activité attestée;"MJ139; SB153";"Contexte régional ; taille et fréquence locales proposées. Professions des résidents ; lieu de travail et commanditaires peuvent être extérieurs au quartier. Visiteurs exclus du stock. chapitre régional ; profil territorial proposé Budget civil 5,00 % ; coefficient 0,800000 ; part de filière 3,071 %. Transmission familiale, terre/eau, droits d’usage et outils ; les tâches saisonnières restent secondaires.";0.00010476004727666367;0.054699762394177;0.00494801498656936
Herboriste de collecte;Collecteur de ressources;0.16603238400000003;0.37632000000000004;328.7441203200001;D — activité déduite;BR55;"Contexte régional ; taille et fréquence locales proposées. Professions des résidents ; lieu de travail et commanditaires peuvent être extérieurs au quartier. Visiteurs exclus du stock. chapitre régional ; profil territorial proposé Budget civil 4,00 % ; coefficient 0,800000 ; part de filière 10,667 %. Savoir-faire de terrain et sécurité ; procédé spécialisé distinct du rang social.";0.0005811675812619068;0.15172639490258388;0.013724821516154256
Collecteur de composants de créatures;Collecteur de ressources;0.16603238400000003;0.37632000000000004;328.7441203200001;A — activité attestée;"SB104; SB139";"Contexte régional ; taille et fréquence locales proposées. Professions des résidents ; lieu de travail et commanditaires peuvent être extérieurs au quartier. Visiteurs exclus du stock. chapitre régional ; profil territorial proposé Budget civil 4,00 % ; coefficient 0,800000 ; part de filière 10,667 %. Savoir-faire de terrain et sécurité ; procédé spécialisé distinct du rang social.";0.0005811675812619068;0.15172639490258388;0.013724821516154256
Collecteur de perles;Collecteur de ressources;0;0;0.0;D — activité déduite;SB149;"Contexte régional ; taille et fréquence locales proposées. Professions des résidents ; lieu de travail et commanditaires peuvent être extérieurs au quartier. Visiteurs exclus du stock. chapitre régional ; profil territorial proposé Budget civil 4,00 % ; coefficient 0,000000 ; part de filière 0,000 %. Zéro proposé : Filière régionale non retenue dans ce scénario, sans interdiction universelle. Savoir-faire de terrain et sécurité ; procédé spécialisé distinct du rang social.";0;0;0
Récupérateur de reliques penumbrales;Collecteur de ressources;0;0;0.0;A — activité attestée;PG8;"Contexte régional ; taille et fréquence locales proposées. Professions des résidents ; lieu de travail et commanditaires peuvent être extérieurs au quartier. Visiteurs exclus du stock. chapitre régional ; profil territorial proposé Budget civil 4,00 % ; coefficient 0,000000 ; part de filière 0,000 %. Zéro proposé : Filière régionale non retenue dans ce scénario, sans interdiction universelle. Savoir-faire de terrain et sécurité ; procédé spécialisé distinct du rang social.";0;0;0
Bûcheron;Travailleur forestier;0.010377024000000002;0.023520000000000003;20.546507520000006;A — activité attestée;"MJ135; SB107";"Contexte régional ; taille et fréquence locales proposées. Professions des résidents ; lieu de travail et commanditaires peuvent être extérieurs au quartier. Visiteurs exclus du stock. chapitre régional ; profil territorial proposé Budget civil 4,00 % ; coefficient 0,050000 ; part de filière 0,667 %. Savoir-faire de terrain et sécurité ; procédé spécialisé distinct du rang social.";3.632297382886918e-05;0.009482899681411493;0.000857801344759641
Forestier;Travailleur forestier;0.010377024000000002;0.023520000000000003;20.546507520000006;A — activité attestée;MJ140;"Contexte régional ; taille et fréquence locales proposées. Professions des résidents ; lieu de travail et commanditaires peuvent être extérieurs au quartier. Visiteurs exclus du stock. chapitre régional ; profil territorial proposé Budget civil 4,00 % ; coefficient 0,050000 ; part de filière 0,667 %. Savoir-faire de terrain et sécurité ; procédé spécialisé distinct du rang social.";3.632297382886918e-05;0.009482899681411493;0.000857801344759641
Scieur;Travailleur forestier;0.010377024000000002;0.023520000000000003;20.546507520000006;D — activité déduite;SB99;"Contexte régional ; taille et fréquence locales proposées. Professions des résidents ; lieu de travail et commanditaires peuvent être extérieurs au quartier. Visiteurs exclus du stock. chapitre régional ; profil territorial proposé Budget civil 4,00 % ; coefficient 0,050000 ; part de filière 0,667 %. Savoir-faire de terrain et sécurité ; procédé spécialisé distinct du rang social.";3.632297382886918e-05;0.009482899681411493;0.000857801344759641
Pêcheur maritime;Pêcheur;0.02987626871401152;0.06771593090211132;59.15501205374281;A — activité attestée;"SB110; SB168";"Contexte régional ; taille et fréquence locales proposées. Professions des résidents ; lieu de travail et commanditaires peuvent être extérieurs au quartier. Visiteurs exclus du stock. chapitre régional ; profil territorial proposé Budget civil 5,00 % ; coefficient 0,400000 ; part de filière 1,536 %. Transmission familiale, terre/eau, droits d’usage et outils ; les tâches saisonnières restent secondaires.";5.2380023638331855e-05;0.027349881197088508;0.0024740074932846808
Pêcheur d’eau douce;Pêcheur;0.11950507485604606;0.27086372360844524;236.62004821497118;A — activité attestée;SB138;"Contexte régional ; taille et fréquence locales proposées. Professions des résidents ; lieu de travail et commanditaires peuvent être extérieurs au quartier. Visiteurs exclus du stock. chapitre régional ; profil territorial proposé Budget civil 5,00 % ; coefficient 1,600000 ; part de filière 6,142 %. Transmission familiale, terre/eau, droits d’usage et outils ; les tâches saisonnières restent secondaires.";0.00020952009455332734;0.109399524788354;0.00989602997313872
Cultivateur marin;Pêcheur;0;0;0.0;P — activité proposée;SB149;"Contexte régional ; taille et fréquence locales proposées. Professions des résidents ; lieu de travail et commanditaires peuvent être extérieurs au quartier. Visiteurs exclus du stock. chapitre régional ; profil territorial proposé Budget civil 5,00 % ; coefficient 0,000000 ; part de filière 0,000 %. Zéro proposé : Filière régionale non retenue dans ce scénario, sans interdiction universelle. Transmission familiale, terre/eau, droits d’usage et outils ; les tâches saisonnières restent secondaires.";0;0;0
Mineur;Extracteur de ressources minérales;0.10377024;0.2352;205.4650752;A — activité attestée;"MJ135; SB160";"Contexte régional ; taille et fréquence locales proposées. Professions des résidents ; lieu de travail et commanditaires peuvent être extérieurs au quartier. Visiteurs exclus du stock. chapitre régional ; profil territorial proposé Budget civil 4,00 % ; coefficient 0,500000 ; part de filière 6,667 %. Savoir-faire de terrain et sécurité ; procédé spécialisé distinct du rang social.";0.00036322973828869175;0.0948289968141149;0.00857801344759641
Carrier;Extracteur de ressources minérales;0.10377024;0.2352;205.4650752;D — activité déduite;"MJ135; SB160";"Contexte régional ; taille et fréquence locales proposées. Professions des résidents ; lieu de travail et commanditaires peuvent être extérieurs au quartier. Visiteurs exclus du stock. chapitre régional ; profil territorial proposé Budget civil 4,00 % ; coefficient 0,500000 ; part de filière 6,667 %. Savoir-faire de terrain et sécurité ; procédé spécialisé distinct du rang social.";0.00036322973828869175;0.0948289968141149;0.00857801344759641
Salinier;Extracteur de ressources minérales;0;0;0.0;P — activité proposée;SB120;"Contexte régional ; taille et fréquence locales proposées. Professions des résidents ; lieu de travail et commanditaires peuvent être extérieurs au quartier. Visiteurs exclus du stock. chapitre régional ; profil territorial proposé Budget civil 4,00 % ; coefficient 0,000000 ; part de filière 0,000 %. Zéro proposé : Climat, matière ou culture hors filière régionale retenue ; aucun établissement exceptionnel proposé. Savoir-faire de terrain et sécurité ; procédé spécialisé distinct du rang social.";0;0;0
Mineur de bauronite;Extracteur de ressources minérales;0.10377024;0.2352;205.4650752;A — activité attestée;"SB174; SB182";"Contexte régional ; taille et fréquence locales proposées. Professions des résidents ; lieu de travail et commanditaires peuvent être extérieurs au quartier. Visiteurs exclus du stock. chapitre régional ; profil territorial proposé Budget civil 4,00 % ; coefficient 0,500000 ; part de filière 6,667 %. Savoir-faire de terrain et sécurité ; procédé spécialisé distinct du rang social.";0.00036322973828869175;0.0948289968141149;0.00857801344759641
Mineur de tameranium;Extracteur de ressources minérales;0;0;0.0;A — activité attestée;"SB168; SB198";"Contexte régional ; taille et fréquence locales proposées. Professions des résidents ; lieu de travail et commanditaires peuvent être extérieurs au quartier. Visiteurs exclus du stock. chapitre régional ; profil territorial proposé Budget civil 4,00 % ; coefficient 0,000000 ; part de filière 0,000 %. Zéro proposé : Climat, matière ou culture hors filière régionale retenue ; aucun établissement exceptionnel proposé. Savoir-faire de terrain et sécurité ; procédé spécialisé distinct du rang social.";0;0;0
Extracteur d’obsidienne;Extracteur de ressources minérales;0;0;0.0;A — activité attestée;SB190;"Contexte régional ; taille et fréquence locales proposées. Professions des résidents ; lieu de travail et commanditaires peuvent être extérieurs au quartier. Visiteurs exclus du stock. chapitre régional ; profil territorial proposé Budget civil 4,00 % ; coefficient 0,000000 ; part de filière 0,000 %. Zéro proposé : Filière régionale non retenue dans ce scénario, sans interdiction universelle. Savoir-faire de terrain et sécurité ; procédé spécialisé distinct du rang social.";0;0;0
Extracteur de soufre;Extracteur de ressources minérales;0;0;0.0;A — activité attestée;SB190;"Contexte régional ; taille et fréquence locales proposées. Professions des résidents ; lieu de travail et commanditaires peuvent être extérieurs au quartier. Visiteurs exclus du stock. chapitre régional ; profil territorial proposé Budget civil 4,00 % ; coefficient 0,000000 ; part de filière 0,000 %. Zéro proposé : Filière régionale non retenue dans ce scénario, sans interdiction universelle. Savoir-faire de terrain et sécurité ; procédé spécialisé distinct du rang social.";0;0;0
Prospecteur;Extracteur de ressources minérales;0.10377024;0.2352;205.4650752;D — activité déduite;SB104;"Contexte régional ; taille et fréquence locales proposées. Professions des résidents ; lieu de travail et commanditaires peuvent être extérieurs au quartier. Visiteurs exclus du stock. chapitre régional ; profil territorial proposé Budget civil 4,00 % ; coefficient 0,500000 ; part de filière 6,667 %. Savoir-faire de terrain et sécurité ; procédé spécialisé distinct du rang social.";0.00036322973828869175;0.0948289968141149;0.00857801344759641
Meunier;Meunier;0.13328589633925336;0.3020985864443639;263.90607475172163;D — activité déduite;SB121;"Contexte régional ; taille et fréquence locales proposées. Professions des résidents ; lieu de travail et commanditaires peuvent être extérieurs au quartier. Visiteurs exclus du stock. chapitre régional ; profil territorial proposé Budget civil 27,00 % ; coefficient 1,750000 ; part de filière 1,269 %. Apprentissage, atelier, combustible et outils ; titre noble ne remplace pas qualification.";0.002300510730077695;0.12011963872847171;0.01086574688070394
Boucher;Boucher;0.1523267386734324;0.3452555273649873;301.60694257339617;D — activité déduite;SB99;"Contexte régional ; taille et fréquence locales proposées. Professions des résidents ; lieu de travail et commanditaires peuvent être extérieurs au quartier. Visiteurs exclus du stock. chapitre régional ; profil territorial proposé Budget civil 27,00 % ; coefficient 2,000000 ; part de filière 1,450 %. Apprentissage, atelier, combustible et outils ; titre noble ne remplace pas qualification.";0.0026291551200887946;0.1372795871182534;0.012417996435090221
Écorcheur;Boucher;0.06093069546937298;0.13810221094599495;120.6427770293585;A — activité attestée;MJ128;"Contexte régional ; taille et fréquence locales proposées. Professions des résidents ; lieu de travail et commanditaires peuvent être extérieurs au quartier. Visiteurs exclus du stock. chapitre régional ; profil territorial proposé Budget civil 27,00 % ; coefficient 0,800000 ; part de filière 0,580 %. Apprentissage, atelier, combustible et outils ; titre noble ne remplace pas qualification.";0.0010516620480355181;0.054911834847301375;0.004967198574036087
Boulanger;Boulanger;0.3236943196810439;0.733667995650598;640.9147529684669;A — activité attestée;MJ128;"Contexte régional ; taille et fréquence locales proposées. Professions des résidents ; lieu de travail et commanditaires peuvent être extérieurs au quartier. Visiteurs exclus du stock. chapitre régional ; profil territorial proposé Budget civil 27,00 % ; coefficient 4,250000 ; part de filière 3,081 %. Apprentissage, atelier, combustible et outils ; titre noble ne remplace pas qualification.";0.005586954630188688;0.2917191226262885;0.026388242424566707
Cuisinier;Cuisinier;0.18141650349650348;0.4111888111888111;359.20467692307693;A — activité attestée;MJ128;"Contexte régional ; taille et fréquence locales proposées. Professions des résidents ; lieu de travail et commanditaires peuvent être extérieurs au quartier. Visiteurs exclus du stock. chapitre régional ; profil territorial proposé Budget civil 4,00 % ; coefficient 2,250000 ; part de filière 11,655 %. Apprentissage et qualification variable ; soins avancés et thérapie magique exigent formation.";0.00031983082481988693;0.16699753941289575;0.014099133258787856
Cuisinier de haute cuisine;Cuisinier;0;0;0.0;A — activité attestée;"PG28; CC52";"Contexte régional ; taille et fréquence locales proposées. Professions des résidents ; lieu de travail et commanditaires peuvent être extérieurs au quartier. Visiteurs exclus du stock. chapitre régional ; profil territorial proposé Budget civil 4,00 % ; coefficient 0,000000 ; part de filière 0,000 %. Zéro proposé : Haute cuisine concentrée auprès de clientèle et maîtres attestés/proposés ; cuisine ordinaire conservée. Apprentissage et qualification variable ; soins avancés et thérapie magique exigent formation.";0;0;0
Poissonnier;Transformateur alimentaire;0.09901238013773109;0.2244160927872418;196.04451267270758;D — activité déduite;"SB120; SB149";"Contexte régional ; taille et fréquence locales proposées. Professions des résidents ; lieu de travail et commanditaires peuvent être extérieurs au quartier. Visiteurs exclus du stock. chapitre régional ; profil territorial proposé Budget civil 27,00 % ; coefficient 1,300000 ; part de filière 0,942 %. Apprentissage, atelier, combustible et outils ; titre noble ne remplace pas qualification.";0.001708950828057717;0.08923173162686472;0.008071697682808644
Saleur et sécheur alimentaire;Transformateur alimentaire;0.09901238013773109;0.2244160927872418;196.04451267270758;D — activité déduite;"SB120; SB149";"Contexte régional ; taille et fréquence locales proposées. Professions des résidents ; lieu de travail et commanditaires peuvent être extérieurs au quartier. Visiteurs exclus du stock. chapitre régional ; profil territorial proposé Budget civil 27,00 % ; coefficient 1,300000 ; part de filière 0,942 %. Apprentissage, atelier, combustible et outils ; titre noble ne remplace pas qualification.";0.001708950828057717;0.08923173162686472;0.008071697682808644
Fromager;Transformateur alimentaire;0.09901238013773109;0.2244160927872418;196.04451267270758;A — activité attestée;"SB120; SB149";"Contexte régional ; taille et fréquence locales proposées. Professions des résidents ; lieu de travail et commanditaires peuvent être extérieurs au quartier. Visiteurs exclus du stock. chapitre régional ; profil territorial proposé Budget civil 27,00 % ; coefficient 1,300000 ; part de filière 0,942 %. Apprentissage, atelier, combustible et outils ; titre noble ne remplace pas qualification.";0.001708950828057717;0.08923173162686472;0.008071697682808644
Huilier;Transformateur alimentaire;0.09901238013773109;0.2244160927872418;196.04451267270758;P — activité proposée;"SB120; SB149";"Contexte régional ; taille et fréquence locales proposées. Professions des résidents ; lieu de travail et commanditaires peuvent être extérieurs au quartier. Visiteurs exclus du stock. chapitre régional ; profil territorial proposé Budget civil 27,00 % ; coefficient 1,300000 ; part de filière 0,942 %. Apprentissage, atelier, combustible et outils ; titre noble ne remplace pas qualification.";0.001708950828057717;0.08923173162686472;0.008071697682808644
Brasseur;Fabricant de boissons;0.09139604320405946;0.20715331641899243;180.9641655440377;A — activité attestée;"MJ128; SB120";"Contexte régional ; taille et fréquence locales proposées. Professions des résidents ; lieu de travail et commanditaires peuvent être extérieurs au quartier. Visiteurs exclus du stock. chapitre régional ; profil territorial proposé Budget civil 27,00 % ; coefficient 1,200000 ; part de filière 0,870 %. Apprentissage, atelier, combustible et outils ; titre noble ne remplace pas qualification.";0.0015774930720532769;0.08236775227095205;0.00745079786105413
Distillateur;Fabricant de boissons;0.09139604320405946;0.20715331641899243;180.9641655440377;A — activité attestée;"MJ128; SB120";"Contexte régional ; taille et fréquence locales proposées. Professions des résidents ; lieu de travail et commanditaires peuvent être extérieurs au quartier. Visiteurs exclus du stock. chapitre régional ; profil territorial proposé Budget civil 27,00 % ; coefficient 1,200000 ; part de filière 0,870 %. Apprentissage, atelier, combustible et outils ; titre noble ne remplace pas qualification.";0.0015774930720532769;0.08236775227095205;0.00745079786105413
Distillateur de Highlandtuber;Fabricant de boissons;0;0;0.0;A — activité attestée;"SB120; SB121";"Contexte régional ; taille et fréquence locales proposées. Professions des résidents ; lieu de travail et commanditaires peuvent être extérieurs au quartier. Visiteurs exclus du stock. chapitre régional ; profil territorial proposé Budget civil 27,00 % ; coefficient 0,000000 ; part de filière 0,000 %. Zéro proposé : Filière régionale non retenue dans ce scénario, sans interdiction universelle. Apprentissage, atelier, combustible et outils ; titre noble ne remplace pas qualification.";0;0;0
Maître de cérémonie du thé;Maître de cérémonie du thé;0;0;0.0;A — activité attestée;SB201;"Contexte régional ; taille et fréquence locales proposées. Professions des résidents ; lieu de travail et commanditaires peuvent être extérieurs au quartier. Visiteurs exclus du stock. chapitre régional ; profil territorial proposé Budget civil 3,00 % ; coefficient 0,000000 ; part de filière 0,000 %. Zéro proposé : Filière régionale non retenue dans ce scénario, sans interdiction universelle. Apprentissage, audition et réseau ; accès au mérite notamment Mustardseed.";0;0;0
Alchimiste;Alchimiste;0.1091802887313166;0.24746212314441657;216.1769716880069;A — activité attestée;"MJ128; BR55";"Contexte régional ; taille et fréquence locales proposées. Professions des résidents ; lieu de travail et commanditaires peuvent être extérieurs au quartier. Visiteurs exclus du stock. chapitre régional ; profil territorial proposé Budget civil 22,00 % ; coefficient 2,500000 ; part de filière 1,275 %. Long apprentissage, frais, bourses, talent, licence ou secret ; titre ne donne pas maîtrise.";0.004954435819910163;0.10347702934137745;0.0007488235700289889
Apothicaire;Alchimiste;0.04367211549252665;0.09898484925776664;86.47078867520277;A — activité attestée;"MJ128; BR55";"Contexte régional ; taille et fréquence locales proposées. Professions des résidents ; lieu de travail et commanditaires peuvent être extérieurs au quartier. Visiteurs exclus du stock. chapitre régional ; profil territorial proposé Budget civil 22,00 % ; coefficient 1,000000 ; part de filière 0,510 %. Long apprentissage, frais, bourses, talent, licence ou secret ; titre ne donne pas maîtrise.";0.0019817743279640643;0.041390811736550986;0.0002995294280115955
Préparateur de poisons;Alchimiste;0.04367211549252665;0.09898484925776664;86.47078867520277;D — activité déduite;"BR55; SB193";"Contexte régional ; taille et fréquence locales proposées. Professions des résidents ; lieu de travail et commanditaires peuvent être extérieurs au quartier. Visiteurs exclus du stock. chapitre régional ; profil territorial proposé Budget civil 22,00 % ; coefficient 1,000000 ; part de filière 0,510 %. Long apprentissage, frais, bourses, talent, licence ou secret ; titre ne donne pas maîtrise.";0.0019817743279640643;0.041390811736550986;0.0002995294280115955
Préparateur de potions;Alchimiste;0.04367211549252665;0.09898484925776664;86.47078867520277;A — activité attestée;SB138;"Contexte régional ; taille et fréquence locales proposées. Professions des résidents ; lieu de travail et commanditaires peuvent être extérieurs au quartier. Visiteurs exclus du stock. chapitre régional ; profil territorial proposé Budget civil 22,00 % ; coefficient 1,000000 ; part de filière 0,510 %. Long apprentissage, frais, bourses, talent, licence ou secret ; titre ne donne pas maîtrise.";0.0019817743279640643;0.041390811736550986;0.0002995294280115955
Préparateur d’Estelindea;Alchimiste;0;0;0.0;A — activité attestée;SB153;"Contexte régional ; taille et fréquence locales proposées. Professions des résidents ; lieu de travail et commanditaires peuvent être extérieurs au quartier. Visiteurs exclus du stock. chapitre régional ; profil territorial proposé Budget civil 22,00 % ; coefficient 0,000000 ; part de filière 0,000 %. Zéro proposé : Filière régionale non retenue dans ce scénario, sans interdiction universelle. Long apprentissage, frais, bourses, talent, licence ou secret ; titre ne donne pas maîtrise.";0;0;0
Charbonnier;Charbonnier;0.15565536;0.35279999999999995;308.1976128;P — activité proposée;SB128;"Contexte régional ; taille et fréquence locales proposées. Professions des résidents ; lieu de travail et commanditaires peuvent être extérieurs au quartier. Visiteurs exclus du stock. chapitre régional ; profil territorial proposé Budget civil 4,00 % ; coefficient 0,750000 ; part de filière 10,000 %. Savoir-faire de terrain et sécurité ; procédé spécialisé distinct du rang social.";0.0005448446074330375;0.14224349522117236;0.012867020171394612
Fondeur et affineur;Métallurgiste;0.05331435853570135;0.12083943457774557;105.56242990068867;D — activité déduite;"SB198; SB160";"Contexte régional ; taille et fréquence locales proposées. Professions des résidents ; lieu de travail et commanditaires peuvent être extérieurs au quartier. Visiteurs exclus du stock. chapitre régional ; profil territorial proposé Budget civil 27,00 % ; coefficient 0,700000 ; part de filière 0,507 %. Apprentissage, atelier, combustible et outils ; titre noble ne remplace pas qualification.";0.000920204292031078;0.048047855491388694;0.0043462987522815775
Aciériste;Métallurgiste;0.05331435853570135;0.12083943457774557;105.56242990068867;D — activité déduite;SB198;"Contexte régional ; taille et fréquence locales proposées. Professions des résidents ; lieu de travail et commanditaires peuvent être extérieurs au quartier. Visiteurs exclus du stock. chapitre régional ; profil territorial proposé Budget civil 27,00 % ; coefficient 0,700000 ; part de filière 0,507 %. Apprentissage, atelier, combustible et outils ; titre noble ne remplace pas qualification.";0.000920204292031078;0.048047855491388694;0.0043462987522815775
Forgeron;Forgeron;0.11424505400507433;0.25894164552374055;226.20520693004718;A — activité attestée;MJ128;"Contexte régional ; taille et fréquence locales proposées. Professions des résidents ; lieu de travail et commanditaires peuvent être extérieurs au quartier. Visiteurs exclus du stock. chapitre régional ; profil territorial proposé Budget civil 27,00 % ; coefficient 1,500000 ; part de filière 1,087 %. Apprentissage, atelier, combustible et outils ; titre noble ne remplace pas qualification.";0.0019718663400665956;0.10295969033869007;0.009313497326317666
Armurier;Forgeron;0.04569802160202973;0.10357665820949621;90.48208277201886;A — activité attestée;MJ128;"Contexte régional ; taille et fréquence locales proposées. Professions des résidents ; lieu de travail et commanditaires peuvent être extérieurs au quartier. Visiteurs exclus du stock. chapitre régional ; profil territorial proposé Budget civil 27,00 % ; coefficient 0,600000 ; part de filière 0,435 %. Apprentissage, atelier, combustible et outils ; titre noble ne remplace pas qualification.";0.0007887465360266384;0.04118387613547603;0.003725398930527065
Coutelier;Forgeron;0.04569802160202973;0.10357665820949621;90.48208277201886;D — activité déduite;MJ128;"Contexte régional ; taille et fréquence locales proposées. Professions des résidents ; lieu de travail et commanditaires peuvent être extérieurs au quartier. Visiteurs exclus du stock. chapitre régional ; profil territorial proposé Budget civil 27,00 % ; coefficient 0,600000 ; part de filière 0,435 %. Apprentissage, atelier, combustible et outils ; titre noble ne remplace pas qualification.";0.0007887465360266384;0.04118387613547603;0.003725398930527065
Rémouleur;Forgeron;0.04569802160202973;0.10357665820949621;90.48208277201886;D — activité déduite;MJ128;"Contexte régional ; taille et fréquence locales proposées. Professions des résidents ; lieu de travail et commanditaires peuvent être extérieurs au quartier. Visiteurs exclus du stock. chapitre régional ; profil territorial proposé Budget civil 27,00 % ; coefficient 0,600000 ; part de filière 0,435 %. Apprentissage, atelier, combustible et outils ; titre noble ne remplace pas qualification.";0.0007887465360266384;0.04118387613547603;0.003725398930527065
Serrurier;Mécanicien et artisan du métal;0.36558417281623784;0.8286132656759697;723.8566621761508;A — activité attestée;"MJ128; SB174";"Contexte régional ; taille et fréquence locales proposées. Professions des résidents ; lieu de travail et commanditaires peuvent être extérieurs au quartier. Visiteurs exclus du stock. chapitre régional ; profil territorial proposé Budget civil 27,00 % ; coefficient 4,800000 ; part de filière 3,480 %. Apprentissage, atelier, combustible et outils ; titre noble ne remplace pas qualification.";0.0063099722882131075;0.3294710090838082;0.02980319144421652
Rétameur;Mécanicien et artisan du métal;0.36558417281623784;0.8286132656759697;723.8566621761508;A — activité attestée;"MJ128; SB174";"Contexte régional ; taille et fréquence locales proposées. Professions des résidents ; lieu de travail et commanditaires peuvent être extérieurs au quartier. Visiteurs exclus du stock. chapitre régional ; profil territorial proposé Budget civil 27,00 % ; coefficient 4,800000 ; part de filière 3,480 %. Apprentissage, atelier, combustible et outils ; titre noble ne remplace pas qualification.";0.0063099722882131075;0.3294710090838082;0.02980319144421652
Réparateur et bricoleur;Mécanicien et artisan du métal;0.36558417281623784;0.8286132656759697;723.8566621761508;A — activité attestée;"MJ128; SB174";"Contexte régional ; taille et fréquence locales proposées. Professions des résidents ; lieu de travail et commanditaires peuvent être extérieurs au quartier. Visiteurs exclus du stock. chapitre régional ; profil territorial proposé Budget civil 27,00 % ; coefficient 4,800000 ; part de filière 3,480 %. Apprentissage, atelier, combustible et outils ; titre noble ne remplace pas qualification.";0.0063099722882131075;0.3294710090838082;0.02980319144421652
Horloger;Mécanicien et artisan du métal;0.36558417281623784;0.8286132656759697;723.8566621761508;D — activité déduite;SB174;"Contexte régional ; taille et fréquence locales proposées. Professions des résidents ; lieu de travail et commanditaires peuvent être extérieurs au quartier. Visiteurs exclus du stock. chapitre régional ; profil territorial proposé Budget civil 27,00 % ; coefficient 4,800000 ; part de filière 3,480 %. Apprentissage, atelier, combustible et outils ; titre noble ne remplace pas qualification.";0.0063099722882131075;0.3294710090838082;0.02980319144421652
Fabricant d’outils de précision;Mécanicien et artisan du métal;0.36558417281623784;0.8286132656759697;723.8566621761508;A — activité attestée;SB174;"Contexte régional ; taille et fréquence locales proposées. Professions des résidents ; lieu de travail et commanditaires peuvent être extérieurs au quartier. Visiteurs exclus du stock. chapitre régional ; profil territorial proposé Budget civil 27,00 % ; coefficient 4,800000 ; part de filière 3,480 %. Apprentissage, atelier, combustible et outils ; titre noble ne remplace pas qualification.";0.0063099722882131075;0.3294710090838082;0.02980319144421652
Fabricant d’instruments de navigation;Mécanicien et artisan du métal;0.36558417281623784;0.8286132656759697;723.8566621761508;D — activité déduite;SB174;"Contexte régional ; taille et fréquence locales proposées. Professions des résidents ; lieu de travail et commanditaires peuvent être extérieurs au quartier. Visiteurs exclus du stock. chapitre régional ; profil territorial proposé Budget civil 27,00 % ; coefficient 4,800000 ; part de filière 3,480 %. Apprentissage, atelier, combustible et outils ; titre noble ne remplace pas qualification.";0.0063099722882131075;0.3294710090838082;0.02980319144421652
Bijoutier;Bijoutier;0.1523267386734324;0.3452555273649873;301.60694257339617;A — activité attestée;MJ128;"Contexte régional ; taille et fréquence locales proposées. Professions des résidents ; lieu de travail et commanditaires peuvent être extérieurs au quartier. Visiteurs exclus du stock. chapitre régional ; profil territorial proposé Budget civil 27,00 % ; coefficient 2,000000 ; part de filière 1,450 %. Apprentissage, atelier, combustible et outils ; titre noble ne remplace pas qualification.";0.0026291551200887946;0.1372795871182534;0.012417996435090221
Orfèvre;Bijoutier;0.06093069546937298;0.13810221094599495;120.6427770293585;A — activité attestée;MJ128;"Contexte régional ; taille et fréquence locales proposées. Professions des résidents ; lieu de travail et commanditaires peuvent être extérieurs au quartier. Visiteurs exclus du stock. chapitre régional ; profil territorial proposé Budget civil 27,00 % ; coefficient 0,800000 ; part de filière 0,580 %. Apprentissage, atelier, combustible et outils ; titre noble ne remplace pas qualification.";0.0010516620480355181;0.054911834847301375;0.004967198574036087
Lapidaire et tailleur de gemmes;Bijoutier;0.06093069546937298;0.13810221094599495;120.6427770293585;A — activité attestée;MJ128;"Contexte régional ; taille et fréquence locales proposées. Professions des résidents ; lieu de travail et commanditaires peuvent être extérieurs au quartier. Visiteurs exclus du stock. chapitre régional ; profil territorial proposé Budget civil 27,00 % ; coefficient 0,800000 ; part de filière 0,580 %. Apprentissage, atelier, combustible et outils ; titre noble ne remplace pas qualification.";0.0010516620480355181;0.054911834847301375;0.004967198574036087
Tanneur;Tanneur;0.09520421167089527;0.21578470460311708;188.50433910837262;A — activité attestée;MJ128;"Contexte régional ; taille et fréquence locales proposées. Professions des résidents ; lieu de travail et commanditaires peuvent être extérieurs au quartier. Visiteurs exclus du stock. chapitre régional ; profil territorial proposé Budget civil 27,00 % ; coefficient 1,250000 ; part de filière 0,906 %. Apprentissage, atelier, combustible et outils ; titre noble ne remplace pas qualification.";0.0016432219500554966;0.08579974194890838;0.007761247771931386
Fourreur;Tanneur;0.0380816846683581;0.08631388184124683;75.40173564334904;D — activité déduite;"SB120; SB133";"Contexte régional ; taille et fréquence locales proposées. Professions des résidents ; lieu de travail et commanditaires peuvent être extérieurs au quartier. Visiteurs exclus du stock. chapitre régional ; profil territorial proposé Budget civil 27,00 % ; coefficient 0,500000 ; part de filière 0,362 %. Apprentissage, atelier, combustible et outils ; titre noble ne remplace pas qualification.";0.0006572887800221986;0.03431989677956335;0.0031044991087725553
Maroquinier;Artisan du cuir;0.12186139093874596;0.2762044218919899;241.285554058717;A — activité attestée;MJ128;"Contexte régional ; taille et fréquence locales proposées. Professions des résidents ; lieu de travail et commanditaires peuvent être extérieurs au quartier. Visiteurs exclus du stock. chapitre régional ; profil territorial proposé Budget civil 27,00 % ; coefficient 1,600000 ; part de filière 1,160 %. Apprentissage, atelier, combustible et outils ; titre noble ne remplace pas qualification.";0.0021033240960710363;0.10982366969460275;0.009934397148072174
Bourrelier et sellier;Artisan du cuir;0.12186139093874596;0.2762044218919899;241.285554058717;D — activité déduite;"MJ128; SB163";"Contexte régional ; taille et fréquence locales proposées. Professions des résidents ; lieu de travail et commanditaires peuvent être extérieurs au quartier. Visiteurs exclus du stock. chapitre régional ; profil territorial proposé Budget civil 27,00 % ; coefficient 1,600000 ; part de filière 1,160 %. Apprentissage, atelier, combustible et outils ; titre noble ne remplace pas qualification.";0.0021033240960710363;0.10982366969460275;0.009934397148072174
Boursier, fabricant de bourses;Artisan du cuir;0.12186139093874596;0.2762044218919899;241.285554058717;D — activité déduite;MJ128;"Contexte régional ; taille et fréquence locales proposées. Professions des résidents ; lieu de travail et commanditaires peuvent être extérieurs au quartier. Visiteurs exclus du stock. chapitre régional ; profil territorial proposé Budget civil 27,00 % ; coefficient 1,600000 ; part de filière 1,160 %. Apprentissage, atelier, combustible et outils ; titre noble ne remplace pas qualification.";0.0021033240960710363;0.10982366969460275;0.009934397148072174
Gantier;Artisan du cuir;0.12186139093874596;0.2762044218919899;241.285554058717;D — activité déduite;MJ128;"Contexte régional ; taille et fréquence locales proposées. Professions des résidents ; lieu de travail et commanditaires peuvent être extérieurs au quartier. Visiteurs exclus du stock. chapitre régional ; profil territorial proposé Budget civil 27,00 % ; coefficient 1,600000 ; part de filière 1,160 %. Apprentissage, atelier, combustible et outils ; titre noble ne remplace pas qualification.";0.0021033240960710363;0.10982366969460275;0.009934397148072174
Cordonnier;Artisan du cuir;0.12186139093874596;0.2762044218919899;241.285554058717;A — activité attestée;MJ128;"Contexte régional ; taille et fréquence locales proposées. Professions des résidents ; lieu de travail et commanditaires peuvent être extérieurs au quartier. Visiteurs exclus du stock. chapitre régional ; profil territorial proposé Budget civil 27,00 % ; coefficient 1,600000 ; part de filière 1,160 %. Apprentissage, atelier, combustible et outils ; titre noble ne remplace pas qualification.";0.0021033240960710363;0.10982366969460275;0.009934397148072174
Fileur;Artisan textile;0.1523267386734324;0.3452555273649873;301.60694257339617;D — activité déduite;MJ128;"Contexte régional ; taille et fréquence locales proposées. Professions des résidents ; lieu de travail et commanditaires peuvent être extérieurs au quartier. Visiteurs exclus du stock. chapitre régional ; profil territorial proposé Budget civil 27,00 % ; coefficient 2,000000 ; part de filière 1,450 %. Apprentissage, atelier, combustible et outils ; titre noble ne remplace pas qualification.";0.0026291551200887946;0.1372795871182534;0.012417996435090221
Tisserand;Artisan textile;0.1523267386734324;0.3452555273649873;301.60694257339617;A — activité attestée;MJ128;"Contexte régional ; taille et fréquence locales proposées. Professions des résidents ; lieu de travail et commanditaires peuvent être extérieurs au quartier. Visiteurs exclus du stock. chapitre régional ; profil territorial proposé Budget civil 27,00 % ; coefficient 2,000000 ; part de filière 1,450 %. Apprentissage, atelier, combustible et outils ; titre noble ne remplace pas qualification.";0.0026291551200887946;0.1372795871182534;0.012417996435090221
Teinturier;Artisan textile;0.1523267386734324;0.3452555273649873;301.60694257339617;A — activité attestée;MJ128;"Contexte régional ; taille et fréquence locales proposées. Professions des résidents ; lieu de travail et commanditaires peuvent être extérieurs au quartier. Visiteurs exclus du stock. chapitre régional ; profil territorial proposé Budget civil 27,00 % ; coefficient 2,000000 ; part de filière 1,450 %. Apprentissage, atelier, combustible et outils ; titre noble ne remplace pas qualification.";0.0026291551200887946;0.1372795871182534;0.012417996435090221
Tailleur;Tailleur de vêtements;0.1523267386734324;0.3452555273649873;301.60694257339617;D — activité déduite;"MJ128; SB139";"Contexte régional ; taille et fréquence locales proposées. Professions des résidents ; lieu de travail et commanditaires peuvent être extérieurs au quartier. Visiteurs exclus du stock. chapitre régional ; profil territorial proposé Budget civil 27,00 % ; coefficient 2,000000 ; part de filière 1,450 %. Apprentissage, atelier, combustible et outils ; titre noble ne remplace pas qualification.";0.0026291551200887946;0.1372795871182534;0.012417996435090221
Modiste et fabricant de coiffes;Tailleur de vêtements;0.1523267386734324;0.3452555273649873;301.60694257339617;D — activité déduite;"SB139; SB120";"Contexte régional ; taille et fréquence locales proposées. Professions des résidents ; lieu de travail et commanditaires peuvent être extérieurs au quartier. Visiteurs exclus du stock. chapitre régional ; profil territorial proposé Budget civil 27,00 % ; coefficient 2,000000 ; part de filière 1,450 %. Apprentissage, atelier, combustible et outils ; titre noble ne remplace pas qualification.";0.0026291551200887946;0.1372795871182534;0.012417996435090221
Tapissier;Tapissier;0.0761633693367162;0.17262776368249366;150.80347128669808;D — activité déduite;SB200;"Contexte régional ; taille et fréquence locales proposées. Professions des résidents ; lieu de travail et commanditaires peuvent être extérieurs au quartier. Visiteurs exclus du stock. chapitre régional ; profil territorial proposé Budget civil 27,00 % ; coefficient 1,000000 ; part de filière 0,725 %. Apprentissage, atelier, combustible et outils ; titre noble ne remplace pas qualification.";0.0013145775600443973;0.0686397935591267;0.006208998217545111
Menuisier;Menuisier;0.38081684668358107;0.8631388184124683;754.0173564334905;D — activité déduite;"MJ128; SB152";"Contexte régional ; taille et fréquence locales proposées. Professions des résidents ; lieu de travail et commanditaires peuvent être extérieurs au quartier. Visiteurs exclus du stock. chapitre régional ; profil territorial proposé Budget civil 27,00 % ; coefficient 5,000000 ; part de filière 3,625 %. Apprentissage, atelier, combustible et outils ; titre noble ne remplace pas qualification.";0.006572887800221986;0.3431989677956335;0.031044991087725543
Ébéniste;Menuisier;0.1523267386734324;0.3452555273649873;301.60694257339617;D — activité déduite;MJ128;"Contexte régional ; taille et fréquence locales proposées. Professions des résidents ; lieu de travail et commanditaires peuvent être extérieurs au quartier. Visiteurs exclus du stock. chapitre régional ; profil territorial proposé Budget civil 27,00 % ; coefficient 2,000000 ; part de filière 1,450 %. Apprentissage, atelier, combustible et outils ; titre noble ne remplace pas qualification.";0.0026291551200887946;0.1372795871182534;0.012417996435090221
Sculpteur sur bois;Menuisier;0.1523267386734324;0.3452555273649873;301.60694257339617;A — activité attestée;MJ128;"Contexte régional ; taille et fréquence locales proposées. Professions des résidents ; lieu de travail et commanditaires peuvent être extérieurs au quartier. Visiteurs exclus du stock. chapitre régional ; profil territorial proposé Budget civil 27,00 % ; coefficient 2,000000 ; part de filière 1,450 %. Apprentissage, atelier, combustible et outils ; titre noble ne remplace pas qualification.";0.0026291551200887946;0.1372795871182534;0.012417996435090221
Tonnelier;Menuisier;0.1523267386734324;0.3452555273649873;301.60694257339617;A — activité attestée;MJ128;"Contexte régional ; taille et fréquence locales proposées. Professions des résidents ; lieu de travail et commanditaires peuvent être extérieurs au quartier. Visiteurs exclus du stock. chapitre régional ; profil territorial proposé Budget civil 27,00 % ; coefficient 2,000000 ; part de filière 1,450 %. Apprentissage, atelier, combustible et outils ; titre noble ne remplace pas qualification.";0.0026291551200887946;0.1372795871182534;0.012417996435090221
Charron;Menuisier;0.1523267386734324;0.3452555273649873;301.60694257339617;A — activité attestée;MJ128;"Contexte régional ; taille et fréquence locales proposées. Professions des résidents ; lieu de travail et commanditaires peuvent être extérieurs au quartier. Visiteurs exclus du stock. chapitre régional ; profil territorial proposé Budget civil 27,00 % ; coefficient 2,000000 ; part de filière 1,450 %. Apprentissage, atelier, combustible et outils ; titre noble ne remplace pas qualification.";0.0026291551200887946;0.1372795871182534;0.012417996435090221
Charpentier;Charpentier;0.2475309503443277;0.5610402319681044;490.1112816817689;A — activité attestée;MJ128;"Contexte régional ; taille et fréquence locales proposées. Professions des résidents ; lieu de travail et commanditaires peuvent être extérieurs au quartier. Visiteurs exclus du stock. chapitre régional ; profil territorial proposé Budget civil 27,00 % ; coefficient 3,250000 ; part de filière 2,356 %. Apprentissage, atelier, combustible et outils ; titre noble ne remplace pas qualification.";0.0042723770701442905;0.2230793290671618;0.020179244207021607
Couvreur;Charpentier;0.09901238013773109;0.2244160927872418;196.04451267270758;A — activité attestée;MJ128;"Contexte régional ; taille et fréquence locales proposées. Professions des résidents ; lieu de travail et commanditaires peuvent être extérieurs au quartier. Visiteurs exclus du stock. chapitre régional ; profil territorial proposé Budget civil 27,00 % ; coefficient 1,300000 ; part de filière 0,942 %. Apprentissage, atelier, combustible et outils ; titre noble ne remplace pas qualification.";0.001708950828057717;0.08923173162686472;0.008071697682808644
Constructeur naval;Constructeur naval;0.11424505400507433;0.25894164552374055;226.20520693004718;A — activité attestée;"MJ128; SB148";"Contexte régional ; taille et fréquence locales proposées. Professions des résidents ; lieu de travail et commanditaires peuvent être extérieurs au quartier. Visiteurs exclus du stock. chapitre régional ; profil territorial proposé Budget civil 27,00 % ; coefficient 1,500000 ; part de filière 1,087 %. Apprentissage, atelier, combustible et outils ; titre noble ne remplace pas qualification.";0.0019718663400665956;0.10295969033869007;0.009313497326317666
Calfat;Constructeur naval;0.04569802160202973;0.10357665820949621;90.48208277201886;D — activité déduite;"MJ128; SB148";"Contexte régional ; taille et fréquence locales proposées. Professions des résidents ; lieu de travail et commanditaires peuvent être extérieurs au quartier. Visiteurs exclus du stock. chapitre régional ; profil territorial proposé Budget civil 27,00 % ; coefficient 0,600000 ; part de filière 0,435 %. Apprentissage, atelier, combustible et outils ; titre noble ne remplace pas qualification.";0.0007887465360266384;0.04118387613547603;0.003725398930527065
Constructeur de drakkars;Constructeur naval;0;0;0.0;A — activité attestée;SB130;"Contexte régional ; taille et fréquence locales proposées. Professions des résidents ; lieu de travail et commanditaires peuvent être extérieurs au quartier. Visiteurs exclus du stock. chapitre régional ; profil territorial proposé Budget civil 27,00 % ; coefficient 0,000000 ; part de filière 0,000 %. Zéro proposé : Filière régionale non retenue dans ce scénario, sans interdiction universelle. Apprentissage, atelier, combustible et outils ; titre noble ne remplace pas qualification.";0;0;0
Cordier;Cordier;0.09520421167089527;0.21578470460311708;188.50433910837262;D — activité déduite;SB130;"Contexte régional ; taille et fréquence locales proposées. Professions des résidents ; lieu de travail et commanditaires peuvent être extérieurs au quartier. Visiteurs exclus du stock. chapitre régional ; profil territorial proposé Budget civil 27,00 % ; coefficient 1,250000 ; part de filière 0,906 %. Apprentissage, atelier, combustible et outils ; titre noble ne remplace pas qualification.";0.0016432219500554966;0.08579974194890838;0.007761247771931386
Voilier;Cordier;0.0380816846683581;0.08631388184124683;75.40173564334904;A — activité attestée;MJ128;"Contexte régional ; taille et fréquence locales proposées. Professions des résidents ; lieu de travail et commanditaires peuvent être extérieurs au quartier. Visiteurs exclus du stock. chapitre régional ; profil territorial proposé Budget civil 27,00 % ; coefficient 0,500000 ; part de filière 0,362 %. Apprentissage, atelier, combustible et outils ; titre noble ne remplace pas qualification.";0.0006572887800221986;0.03431989677956335;0.0031044991087725553
Facteur d’arcs;Facteur d’arcs;0.0761633693367162;0.17262776368249366;150.80347128669808;A — activité attestée;"MJ128; SB152";"Contexte régional ; taille et fréquence locales proposées. Professions des résidents ; lieu de travail et commanditaires peuvent être extérieurs au quartier. Visiteurs exclus du stock. chapitre régional ; profil territorial proposé Budget civil 27,00 % ; coefficient 1,000000 ; part de filière 0,725 %. Apprentissage, atelier, combustible et outils ; titre noble ne remplace pas qualification.";0.0013145775600443973;0.0686397935591267;0.006208998217545111
Fabricant de flèches;Facteur d’arcs;0.03046534773468649;0.06905110547299748;60.32138851467925;A — activité attestée;SB152;"Contexte régional ; taille et fréquence locales proposées. Professions des résidents ; lieu de travail et commanditaires peuvent être extérieurs au quartier. Visiteurs exclus du stock. chapitre régional ; profil territorial proposé Budget civil 27,00 % ; coefficient 0,400000 ; part de filière 0,290 %. Apprentissage, atelier, combustible et outils ; titre noble ne remplace pas qualification.";0.0005258310240177591;0.027455917423650687;0.0024835992870180434
Luthier et facteur d’instruments;Luthier;0.057122527002537164;0.12947082276187027;113.10260346502359;D — activité déduite;BR55;"Contexte régional ; taille et fréquence locales proposées. Professions des résidents ; lieu de travail et commanditaires peuvent être extérieurs au quartier. Visiteurs exclus du stock. chapitre régional ; profil territorial proposé Budget civil 27,00 % ; coefficient 0,750000 ; part de filière 0,544 %. Apprentissage, atelier, combustible et outils ; titre noble ne remplace pas qualification.";0.0009859331700332978;0.051479845169345034;0.004656748663158833
Tailleur de pierre;Tailleur de pierre;0.19040842334179053;0.43156940920623416;377.00867821674524;A — activité attestée;"MJ128; SB161";"Contexte régional ; taille et fréquence locales proposées. Professions des résidents ; lieu de travail et commanditaires peuvent être extérieurs au quartier. Visiteurs exclus du stock. chapitre régional ; profil territorial proposé Budget civil 27,00 % ; coefficient 2,500000 ; part de filière 1,812 %. Apprentissage, atelier, combustible et outils ; titre noble ne remplace pas qualification.";0.003286443900110993;0.17159948389781676;0.015522495543862772
Sculpteur sur pierre;Tailleur de pierre;0.0761633693367162;0.17262776368249366;150.80347128669808;D — activité déduite;"MJ128; SB161";"Contexte régional ; taille et fréquence locales proposées. Professions des résidents ; lieu de travail et commanditaires peuvent être extérieurs au quartier. Visiteurs exclus du stock. chapitre régional ; profil territorial proposé Budget civil 27,00 % ; coefficient 1,000000 ; part de filière 0,725 %. Apprentissage, atelier, combustible et outils ; titre noble ne remplace pas qualification.";0.0013145775600443973;0.0686397935591267;0.006208998217545111
Sculpteur de statues de Stone Spirits;Tailleur de pierre;0;0;0.0;A — activité attestée;SB161;"Contexte régional ; taille et fréquence locales proposées. Professions des résidents ; lieu de travail et commanditaires peuvent être extérieurs au quartier. Visiteurs exclus du stock. chapitre régional ; profil territorial proposé Budget civil 27,00 % ; coefficient 0,000000 ; part de filière 0,000 %. Zéro proposé : Filière régionale non retenue dans ce scénario, sans interdiction universelle. Apprentissage, atelier, combustible et outils ; titre noble ne remplace pas qualification.";0;0;0
Maçon;Maçon;0.22849010801014866;0.5178832910474811;452.41041386009437;A — activité attestée;"MJ128; SB90";"Contexte régional ; taille et fréquence locales proposées. Professions des résidents ; lieu de travail et commanditaires peuvent être extérieurs au quartier. Visiteurs exclus du stock. chapitre régional ; profil territorial proposé Budget civil 27,00 % ; coefficient 3,000000 ; part de filière 2,175 %. Apprentissage, atelier, combustible et outils ; titre noble ne remplace pas qualification.";0.003943732680133191;0.20591938067738014;0.018626994652635332
Plâtrier;Maçon;0.09139604320405946;0.20715331641899243;180.9641655440377;A — activité attestée;"MJ128; SB90";"Contexte régional ; taille et fréquence locales proposées. Professions des résidents ; lieu de travail et commanditaires peuvent être extérieurs au quartier. Visiteurs exclus du stock. chapitre régional ; profil territorial proposé Budget civil 27,00 % ; coefficient 1,200000 ; part de filière 0,870 %. Apprentissage, atelier, combustible et outils ; titre noble ne remplace pas qualification.";0.0015774930720532769;0.08236775227095205;0.00745079786105413
Manœuvre de chantier;Maçon;0.09139604320405946;0.20715331641899243;180.9641655440377;A — activité attestée;SB90;"Contexte régional ; taille et fréquence locales proposées. Professions des résidents ; lieu de travail et commanditaires peuvent être extérieurs au quartier. Visiteurs exclus du stock. chapitre régional ; profil territorial proposé Budget civil 27,00 % ; coefficient 1,200000 ; part de filière 0,870 %. Apprentissage, atelier, combustible et outils ; titre noble ne remplace pas qualification.";0.0007956126618351741;0.08308477266194816;0.007515657880276121
Architecte;Architecte;0.7616336933671621;1.7262776368249366;1508.034712866981;A — activité attestée;SB174;"Contexte régional ; taille et fréquence locales proposées. Professions des résidents ; lieu de travail et commanditaires peuvent être extérieurs au quartier. Visiteurs exclus du stock. chapitre régional ; profil territorial proposé Budget civil 27,00 % ; coefficient 10,000000 ; part de filière 7,249 %. Apprentissage, atelier, combustible et outils ; titre noble ne remplace pas qualification.";0.013145775600443972;0.686397935591267;0.062089982175451086
Géomètre et arpenteur;Architecte;0.3046534773468648;0.6905110547299746;603.2138851467923;A — activité attestée;MJ128;"Contexte régional ; taille et fréquence locales proposées. Professions des résidents ; lieu de travail et commanditaires peuvent être extérieurs au quartier. Visiteurs exclus du stock. chapitre régional ; profil territorial proposé Budget civil 27,00 % ; coefficient 4,000000 ; part de filière 2,900 %. Apprentissage, atelier, combustible et outils ; titre noble ne remplace pas qualification.";0.005258310240177589;0.2745591742365068;0.024835992870180443
Potier;Potier;0.19040842334179053;0.43156940920623416;377.00867821674524;A — activité attestée;"MJ128; SB200";"Contexte régional ; taille et fréquence locales proposées. Professions des résidents ; lieu de travail et commanditaires peuvent être extérieurs au quartier. Visiteurs exclus du stock. chapitre régional ; profil territorial proposé Budget civil 27,00 % ; coefficient 2,500000 ; part de filière 1,812 %. Apprentissage, atelier, combustible et outils ; titre noble ne remplace pas qualification.";0.003286443900110993;0.17159948389781676;0.015522495543862772
Tuilier;Potier;0.0761633693367162;0.17262776368249366;150.80347128669808;A — activité attestée;"MJ128; SB200";"Contexte régional ; taille et fréquence locales proposées. Professions des résidents ; lieu de travail et commanditaires peuvent être extérieurs au quartier. Visiteurs exclus du stock. chapitre régional ; profil territorial proposé Budget civil 27,00 % ; coefficient 1,000000 ; part de filière 0,725 %. Apprentissage, atelier, combustible et outils ; titre noble ne remplace pas qualification.";0.0013145775600443973;0.0686397935591267;0.006208998217545111
Porcelainier;Potier;0.0761633693367162;0.17262776368249366;150.80347128669808;D — activité déduite;SB200;"Contexte régional ; taille et fréquence locales proposées. Professions des résidents ; lieu de travail et commanditaires peuvent être extérieurs au quartier. Visiteurs exclus du stock. chapitre régional ; profil territorial proposé Budget civil 27,00 % ; coefficient 1,000000 ; part de filière 0,725 %. Apprentissage, atelier, combustible et outils ; titre noble ne remplace pas qualification.";0.0013145775600443973;0.0686397935591267;0.006208998217545111
Souffleur de verre;Verrier;0.15994307560710402;0.3625183037332366;316.687289702066;A — activité attestée;"MJ128; SB174";"Contexte régional ; taille et fréquence locales proposées. Professions des résidents ; lieu de travail et commanditaires peuvent être extérieurs au quartier. Visiteurs exclus du stock. chapitre régional ; profil territorial proposé Budget civil 27,00 % ; coefficient 2,100000 ; part de filière 1,522 %. Apprentissage, atelier, combustible et outils ; titre noble ne remplace pas qualification.";0.002760612876093234;0.14414356647416607;0.013038896256844727
Vitrier;Verrier;0.15994307560710402;0.3625183037332366;316.687289702066;A — activité attestée;"MJ128; SB174";"Contexte régional ; taille et fréquence locales proposées. Professions des résidents ; lieu de travail et commanditaires peuvent être extérieurs au quartier. Visiteurs exclus du stock. chapitre régional ; profil territorial proposé Budget civil 27,00 % ; coefficient 2,100000 ; part de filière 1,522 %. Apprentissage, atelier, combustible et outils ; titre noble ne remplace pas qualification.";0.002760612876093234;0.14414356647416607;0.013038896256844727
Opticien et fabricant de lentilles;Verrier;0.15994307560710402;0.3625183037332366;316.687289702066;D — activité déduite;SB174;"Contexte régional ; taille et fréquence locales proposées. Professions des résidents ; lieu de travail et commanditaires peuvent être extérieurs au quartier. Visiteurs exclus du stock. chapitre régional ; profil territorial proposé Budget civil 27,00 % ; coefficient 2,100000 ; part de filière 1,522 %. Apprentissage, atelier, combustible et outils ; titre noble ne remplace pas qualification.";0.002760612876093234;0.14414356647416607;0.013038896256844727
Papetier;Papetier et artisan du livre;0.06093069546937298;0.13810221094599495;120.6427770293585;A — activité attestée;SB138;"Contexte régional ; taille et fréquence locales proposées. Professions des résidents ; lieu de travail et commanditaires peuvent être extérieurs au quartier. Visiteurs exclus du stock. chapitre régional ; profil territorial proposé Budget civil 27,00 % ; coefficient 0,800000 ; part de filière 0,580 %. Apprentissage, atelier, combustible et outils ; titre noble ne remplace pas qualification.";0.0010516620480355181;0.054911834847301375;0.004967198574036087
Relieur;Papetier et artisan du livre;0.06093069546937298;0.13810221094599495;120.6427770293585;D — activité déduite;"SB138; MJ128";"Contexte régional ; taille et fréquence locales proposées. Professions des résidents ; lieu de travail et commanditaires peuvent être extérieurs au quartier. Visiteurs exclus du stock. chapitre régional ; profil territorial proposé Budget civil 27,00 % ; coefficient 0,800000 ; part de filière 0,580 %. Apprentissage, atelier, combustible et outils ; titre noble ne remplace pas qualification.";0.0010516620480355181;0.054911834847301375;0.004967198574036087
Chandelier;Chandelier;0.09520421167089527;0.21578470460311708;188.50433910837262;P — activité proposée;SB98;"Contexte régional ; taille et fréquence locales proposées. Professions des résidents ; lieu de travail et commanditaires peuvent être extérieurs au quartier. Visiteurs exclus du stock. chapitre régional ; profil territorial proposé Budget civil 27,00 % ; coefficient 1,250000 ; part de filière 0,906 %. Apprentissage, atelier, combustible et outils ; titre noble ne remplace pas qualification.";0.0016432219500554966;0.08579974194890838;0.007761247771931386
Peintre;Peintre;0.1523267386734324;0.3452555273649873;301.60694257339617;A — activité attestée;"MJ128; SB190";"Contexte régional ; taille et fréquence locales proposées. Professions des résidents ; lieu de travail et commanditaires peuvent être extérieurs au quartier. Visiteurs exclus du stock. chapitre régional ; profil territorial proposé Budget civil 27,00 % ; coefficient 2,000000 ; part de filière 1,450 %. Apprentissage, atelier, combustible et outils ; titre noble ne remplace pas qualification.";0.0026291551200887946;0.1372795871182534;0.012417996435090221
Fabricant d’enseignes;Peintre;0.06093069546937298;0.13810221094599495;120.6427770293585;A — activité attestée;"MJ128; SB190";"Contexte régional ; taille et fréquence locales proposées. Professions des résidents ; lieu de travail et commanditaires peuvent être extérieurs au quartier. Visiteurs exclus du stock. chapitre régional ; profil territorial proposé Budget civil 27,00 % ; coefficient 0,800000 ; part de filière 0,580 %. Apprentissage, atelier, combustible et outils ; titre noble ne remplace pas qualification.";0.0010516620480355181;0.054911834847301375;0.004967198574036087
Enlumineur;Peintre;0.06093069546937298;0.13810221094599495;120.6427770293585;A — activité attestée;"MJ128; SB190";"Contexte régional ; taille et fréquence locales proposées. Professions des résidents ; lieu de travail et commanditaires peuvent être extérieurs au quartier. Visiteurs exclus du stock. chapitre régional ; profil territorial proposé Budget civil 27,00 % ; coefficient 0,800000 ; part de filière 0,580 %. Apprentissage, atelier, combustible et outils ; titre noble ne remplace pas qualification.";0.0010516620480355181;0.054911834847301375;0.004967198574036087
Peintre de guerre spirituel;Peintre;0;0;0.0;A — activité attestée;SB193;"Contexte régional ; taille et fréquence locales proposées. Professions des résidents ; lieu de travail et commanditaires peuvent être extérieurs au quartier. Visiteurs exclus du stock. chapitre régional ; profil territorial proposé Initiation de la Red Mother ou apprentissage autorisé; recette complète non librement disponible Budget civil 27,00 % ; coefficient 0,000000 ; part de filière 0,000 %. Zéro proposé : Filière régionale non retenue dans ce scénario, sans interdiction universelle. Apprentissage, atelier, combustible et outils ; titre noble ne remplace pas qualification.";0;0;0
Tatoueur rituel;Peintre;0;0;0.0;D — activité déduite;"SB200; SB204";"Contexte régional ; taille et fréquence locales proposées. Professions des résidents ; lieu de travail et commanditaires peuvent être extérieurs au quartier. Visiteurs exclus du stock. chapitre régional ; profil territorial proposé Budget civil 27,00 % ; coefficient 0,000000 ; part de filière 0,000 %. Zéro proposé : Filière régionale non retenue dans ce scénario, sans interdiction universelle. Apprentissage, atelier, combustible et outils ; titre noble ne remplace pas qualification.";0;0;0
Portefaix;Transporteur terrestre;0.25126486092715233;0.5695033112582781;497.5044246357616;D — activité déduite;"MJ132; SB121";"Contexte régional ; taille et fréquence locales proposées. Professions des résidents ; lieu de travail et commanditaires peuvent être extérieurs au quartier. Visiteurs exclus du stock. chapitre régional ; profil territorial proposé Budget civil 13,00 % ; coefficient 6,000000 ; part de filière 4,967 %. Réseau, itinéraires, confiance et capital ; manutention distincte de propriété du fret.";0.0032140831747275705;0.2237616222889754;0.024289155463449383
Docker;Transporteur terrestre;0.25126486092715233;0.5695033112582781;497.5044246357616;D — activité déduite;"MJ132; SB121";"Contexte régional ; taille et fréquence locales proposées. Professions des résidents ; lieu de travail et commanditaires peuvent être extérieurs au quartier. Visiteurs exclus du stock. chapitre régional ; profil territorial proposé Budget civil 13,00 % ; coefficient 6,000000 ; part de filière 4,967 %. Réseau, itinéraires, confiance et capital ; manutention distincte de propriété du fret.";0.0032140831747275705;0.2237616222889754;0.024289155463449383
Magasinier;Transporteur terrestre;0.25126486092715233;0.5695033112582781;497.5044246357616;D — activité déduite;"MJ132; SB121";"Contexte régional ; taille et fréquence locales proposées. Professions des résidents ; lieu de travail et commanditaires peuvent être extérieurs au quartier. Visiteurs exclus du stock. chapitre régional ; profil territorial proposé Budget civil 13,00 % ; coefficient 6,000000 ; part de filière 4,967 %. Réseau, itinéraires, confiance et capital ; manutention distincte de propriété du fret.";0.006346978252023149;0.22093550059200381;0.02398238208312539
Charretier et cocher;Transporteur terrestre;0.25126486092715233;0.5695033112582781;497.5044246357616;D — activité déduite;"MJ132; SB121";"Contexte régional ; taille et fréquence locales proposées. Professions des résidents ; lieu de travail et commanditaires peuvent être extérieurs au quartier. Visiteurs exclus du stock. chapitre régional ; profil territorial proposé Budget civil 13,00 % ; coefficient 6,000000 ; part de filière 4,967 %. Réseau, itinéraires, confiance et capital ; manutention distincte de propriété du fret.";0.006346978252023149;0.22093550059200381;0.02398238208312539
Chef de caravane;Transporteur terrestre;0.25126486092715233;0.5695033112582781;497.5044246357616;A — activité attestée;MJ132;"Contexte régional ; taille et fréquence locales proposées. Professions des résidents ; lieu de travail et commanditaires peuvent être extérieurs au quartier. Visiteurs exclus du stock. chapitre régional ; profil territorial proposé Budget civil 13,00 % ; coefficient 6,000000 ; part de filière 4,967 %. Réseau, itinéraires, confiance et capital ; manutention distincte de propriété du fret.";0.006346978252023149;0.22093550059200381;0.02398238208312539
Coursier et messager;Transporteur terrestre;0.25126486092715233;0.5695033112582781;497.5044246357616;D — activité déduite;"MJ132; SB121";"Contexte régional ; taille et fréquence locales proposées. Professions des résidents ; lieu de travail et commanditaires peuvent être extérieurs au quartier. Visiteurs exclus du stock. chapitre régional ; profil territorial proposé Budget civil 13,00 % ; coefficient 6,000000 ; part de filière 4,967 %. Réseau, itinéraires, confiance et capital ; manutention distincte de propriété du fret.";0.006346978252023149;0.22093550059200381;0.02398238208312539
Porteur d’eau;Transporteur terrestre;0.25126486092715233;0.5695033112582781;497.5044246357616;P — activité proposée;"MJ132; SB121";"Contexte régional ; taille et fréquence locales proposées. Professions des résidents ; lieu de travail et commanditaires peuvent être extérieurs au quartier. Visiteurs exclus du stock. chapitre régional ; profil territorial proposé Budget civil 13,00 % ; coefficient 6,000000 ; part de filière 4,967 %. Réseau, itinéraires, confiance et capital ; manutention distincte de propriété du fret.";0.006346978252023149;0.22093550059200381;0.02398238208312539
Transporteur de canopée;Transporteur terrestre;0;0;0.0;D — activité déduite;SB154;"Contexte régional ; taille et fréquence locales proposées. Professions des résidents ; lieu de travail et commanditaires peuvent être extérieurs au quartier. Visiteurs exclus du stock. chapitre régional ; profil territorial proposé Budget civil 13,00 % ; coefficient 0,000000 ; part de filière 0,000 %. Zéro proposé : Filière régionale non retenue dans ce scénario, sans interdiction universelle. Réseau, itinéraires, confiance et capital ; manutention distincte de propriété du fret.";0;0;0
Opérateur de Stone Disks;Transporteur terrestre;0;0;0.0;A — activité attestée;PG13;"Contexte régional ; taille et fréquence locales proposées. Professions des résidents ; lieu de travail et commanditaires peuvent être extérieurs au quartier. Visiteurs exclus du stock. chapitre régional ; profil territorial proposé Prêtre nain de Dorsi; Formation spécialisée Budget civil 13,00 % ; coefficient 0,000000 ; part de filière 0,000 %. Zéro proposé : Filière régionale non retenue dans ce scénario, sans interdiction universelle. Réseau, itinéraires, confiance et capital ; manutention distincte de propriété du fret.";0;0;0
Palefrenier et soigneur d’écurie;Transporteur terrestre;0.25126486092715233;0.5695033112582781;497.5044246357616;D — activité déduite;SB123;"Contexte régional ; taille et fréquence locales proposées. Professions des résidents ; lieu de travail et commanditaires peuvent être extérieurs au quartier. Visiteurs exclus du stock. chapitre régional ; profil territorial proposé Budget civil 13,00 % ; coefficient 6,000000 ; part de filière 4,967 %. Réseau, itinéraires, confiance et capital ; manutention distincte de propriété du fret.";0.006346978252023149;0.22093550059200381;0.02398238208312539
Marin;Marin;0.10469369205298013;0.23729304635761583;207.29351026490065;A — activité attestée;MJ136;"Contexte régional ; taille et fréquence locales proposées. Professions des résidents ; lieu de travail et commanditaires peuvent être extérieurs au quartier. Visiteurs exclus du stock. chapitre régional ; profil territorial proposé Budget civil 13,00 % ; coefficient 2,500000 ; part de filière 2,070 %. Réseau, itinéraires, confiance et capital ; manutention distincte de propriété du fret.";0.0026445742716763123;0.09205645858000157;0.009992659201302248
Navigateur;Marin;0.041877476821192056;0.09491721854304636;82.91740410596027;A — activité attestée;MJ136;"Contexte régional ; taille et fréquence locales proposées. Professions des résidents ; lieu de travail et commanditaires peuvent être extérieurs au quartier. Visiteurs exclus du stock. chapitre régional ; profil territorial proposé Budget civil 13,00 % ; coefficient 1,000000 ; part de filière 0,828 %. Réseau, itinéraires, confiance et capital ; manutention distincte de propriété du fret.";0.0010578297086705248;0.03682258343200063;0.0039970636805209
Pilote de port;Marin;0.041877476821192056;0.09491721854304636;82.91740410596027;D — activité déduite;MJ136;"Contexte régional ; taille et fréquence locales proposées. Professions des résidents ; lieu de travail et commanditaires peuvent être extérieurs au quartier. Visiteurs exclus du stock. chapitre régional ; profil territorial proposé Budget civil 13,00 % ; coefficient 1,000000 ; part de filière 0,828 %. Réseau, itinéraires, confiance et capital ; manutention distincte de propriété du fret.";0.0010578297086705248;0.03682258343200063;0.0039970636805209
Capitaine de navire;Marin;0.041877476821192056;0.09491721854304636;82.91740410596027;A — activité attestée;MJ136;"Contexte régional ; taille et fréquence locales proposées. Professions des résidents ; lieu de travail et commanditaires peuvent être extérieurs au quartier. Visiteurs exclus du stock. chapitre régional ; profil territorial proposé Budget civil 13,00 % ; coefficient 1,000000 ; part de filière 0,828 %. Réseau, itinéraires, confiance et capital ; manutention distincte de propriété du fret.";0.0010578297086705248;0.03682258343200063;0.0039970636805209
Pilote de véhicule volant;Marin;0.041877476821192056;0.09491721854304636;82.91740410596027;D — activité déduite;"SB142; SB174";"Contexte régional ; taille et fréquence locales proposées. Professions des résidents ; lieu de travail et commanditaires peuvent être extérieurs au quartier. Visiteurs exclus du stock. chapitre régional ; profil territorial proposé Budget civil 13,00 % ; coefficient 1,000000 ; part de filière 0,828 %. Réseau, itinéraires, confiance et capital ; manutention distincte de propriété du fret.";0.0010578297086705248;0.03682258343200063;0.0039970636805209
Aubergiste;Hôte professionnel;0.24188867132867134;0.5482517482517482;478.9395692307693;D — activité déduite;"SB110; SB123";"Contexte régional ; taille et fréquence locales proposées. Professions des résidents ; lieu de travail et commanditaires peuvent être extérieurs au quartier. Visiteurs exclus du stock. chapitre régional ; profil territorial proposé Budget civil 4,00 % ; coefficient 3,000000 ; part de filière 15,540 %. Apprentissage et qualification variable ; soins avancés et thérapie magique exigent formation.";0.0004264410997598495;0.222663385883861;0.01879884434505049
Tavernier;Hôte professionnel;0.24188867132867134;0.5482517482517482;478.9395692307693;A — activité attestée;"SB108; SB149";"Contexte régional ; taille et fréquence locales proposées. Professions des résidents ; lieu de travail et commanditaires peuvent être extérieurs au quartier. Visiteurs exclus du stock. chapitre régional ; profil territorial proposé Budget civil 4,00 % ; coefficient 3,000000 ; part de filière 15,540 %. Apprentissage et qualification variable ; soins avancés et thérapie magique exigent formation.";0.0004264410997598495;0.222663385883861;0.01879884434505049
Barbier;Barbier;0.12094433566433567;0.2741258741258741;239.46978461538464;P — activité proposée;"MJ135; PG40";"Contexte régional ; taille et fréquence locales proposées. Professions des résidents ; lieu de travail et commanditaires peuvent être extérieurs au quartier. Visiteurs exclus du stock. chapitre régional ; profil territorial proposé Budget civil 4,00 % ; coefficient 1,500000 ; part de filière 7,770 %. Apprentissage et qualification variable ; soins avancés et thérapie magique exigent formation.";0.00021322054987992474;0.1113316929419305;0.009399422172525245
Domestique;Employé domestique et aide familiale;0.32251822843822847;0.7310023310023309;638.5860923076924;A — activité attestée;"MJ135; PG40";"Contexte régional ; taille et fréquence locales proposées. Professions des résidents ; lieu de travail et commanditaires peuvent être extérieurs au quartier. Visiteurs exclus du stock. chapitre régional ; profil territorial proposé Budget civil 4,00 % ; coefficient 4,000000 ; part de filière 20,720 %. Apprentissage et qualification variable ; soins avancés et thérapie magique exigent formation.";0.0005685881330131327;0.2968845145118147;0.02506512579340064
Gardien d’enfants;Employé domestique et aide familiale;0.16125911421911424;0.36550116550116546;319.2930461538462;A — activité attestée;PG40;"Contexte régional ; taille et fréquence locales proposées. Professions des résidents ; lieu de travail et commanditaires peuvent être extérieurs au quartier. Visiteurs exclus du stock. chapitre régional ; profil territorial proposé Budget civil 4,00 % ; coefficient 2,000000 ; part de filière 10,360 %. Apprentissage et qualification variable ; soins avancés et thérapie magique exigent formation.";0.00028429406650656635;0.14844225725590734;0.01253256289670032
Terrassier d’hygiène urbaine;Agent d’entretien;0.016125911421911426;0.03655011655011656;31.929304615384623;P — activité proposée;SB90;"Contexte régional ; taille et fréquence locales proposées. Professions des résidents ; lieu de travail et commanditaires peuvent être extérieurs au quartier. Visiteurs exclus du stock. chapitre régional ; profil territorial proposé Budget civil 4,00 % ; coefficient 0,200000 ; part de filière 1,036 %. Apprentissage et qualification variable ; soins avancés et thérapie magique exigent formation.";1.4227244387524077e-05;0.014857322190132555;0.0012543619873913473
Ramoneur;Agent d’entretien;0.016125911421911426;0.03655011655011656;31.929304615384623;P — activité proposée;SB90;"Contexte régional ; taille et fréquence locales proposées. Professions des résidents ; lieu de travail et commanditaires peuvent être extérieurs au quartier. Visiteurs exclus du stock. chapitre régional ; profil territorial proposé Budget civil 4,00 % ; coefficient 0,200000 ; part de filière 1,036 %. Apprentissage et qualification variable ; soins avancés et thérapie magique exigent formation.";2.8429406650656614e-05;0.014844225725590738;0.0012532562896700327
Fossoyeur;Agent funéraire;0.04837773426573426;0.10965034965034963;95.78791384615384;A — activité attestée;"MJ135; SB99; SB182";"Contexte régional ; taille et fréquence locales proposées. Professions des résidents ; lieu de travail et commanditaires peuvent être extérieurs au quartier. Visiteurs exclus du stock. chapitre régional ; profil territorial proposé Budget civil 4,00 % ; coefficient 0,600000 ; part de filière 3,108 %. Apprentissage et qualification variable ; soins avancés et thérapie magique exigent formation.";8.528821995196982e-05;0.044532677176772194;0.0037597688690100962
Gardien de cimetière;Agent funéraire;0.04837773426573426;0.10965034965034963;95.78791384615384;A — activité attestée;"MJ135; SB99; SB182";"Contexte régional ; taille et fréquence locales proposées. Professions des résidents ; lieu de travail et commanditaires peuvent être extérieurs au quartier. Visiteurs exclus du stock. chapitre régional ; profil territorial proposé Budget civil 4,00 % ; coefficient 0,600000 ; part de filière 3,108 %. Apprentissage et qualification variable ; soins avancés et thérapie magique exigent formation.";8.528821995196982e-05;0.044532677176772194;0.0037597688690100962
Momificateur;Agent funéraire;0;0;0.0;A — activité attestée;SB182;"Contexte régional ; taille et fréquence locales proposées. Professions des résidents ; lieu de travail et commanditaires peuvent être extérieurs au quartier. Visiteurs exclus du stock. chapitre régional ; profil territorial proposé Budget civil 4,00 % ; coefficient 0,000000 ; part de filière 0,000 %. Zéro proposé : Filière régionale non retenue dans ce scénario, sans interdiction universelle. Apprentissage et qualification variable ; soins avancés et thérapie magique exigent formation.";0;0;0
Gardien d’arbres funéraires;Agent funéraire;0;0;0.0;D — activité déduite;SB155;"Contexte régional ; taille et fréquence locales proposées. Professions des résidents ; lieu de travail et commanditaires peuvent être extérieurs au quartier. Visiteurs exclus du stock. chapitre régional ; profil territorial proposé Budget civil 4,00 % ; coefficient 0,000000 ; part de filière 0,000 %. Zéro proposé : Filière régionale non retenue dans ce scénario, sans interdiction universelle. Apprentissage et qualification variable ; soins avancés et thérapie magique exigent formation.";0;0;0
Marchand;Marchand;0.9422432284768213;2.135637417218543;1865.6415923841062;A — activité attestée;"MJ128; SB139";"Contexte régional ; taille et fréquence locales proposées. Professions des résidents ; lieu de travail et commanditaires peuvent être extérieurs au quartier. Visiteurs exclus du stock. chapitre régional ; profil territorial proposé Budget civil 13,00 % ; coefficient 22,500000 ; part de filière 18,626 %. Réseau, itinéraires, confiance et capital ; manutention distincte de propriété du fret.";0.023801168445086805;0.8285081272200143;0.08993393281172019
Colporteur;Marchand;0.37689729139072853;0.8542549668874173;746.2566369536424;A — activité attestée;SB121;"Contexte régional ; taille et fréquence locales proposées. Professions des résidents ; lieu de travail et commanditaires peuvent être extérieurs au quartier. Visiteurs exclus du stock. chapitre régional ; profil territorial proposé Budget civil 13,00 % ; coefficient 9,000000 ; part de filière 7,450 %. Réseau, itinéraires, confiance et capital ; manutention distincte de propriété du fret.";0.009520467378034721;0.3314032508880057;0.035973573124688095
Courtier;Marchand;0.37689729139072853;0.8542549668874173;746.2566369536424;A — activité attestée;SB149;"Contexte régional ; taille et fréquence locales proposées. Professions des résidents ; lieu de travail et commanditaires peuvent être extérieurs au quartier. Visiteurs exclus du stock. chapitre régional ; profil territorial proposé Budget civil 13,00 % ; coefficient 9,000000 ; part de filière 7,450 %. Réseau, itinéraires, confiance et capital ; manutention distincte de propriété du fret.";0.009520467378034721;0.3314032508880057;0.035973573124688095
Commissaire-priseur d’objets magiques;Marchand;0;0;0.0;A — activité attestée;SB139;"Contexte régional ; taille et fréquence locales proposées. Professions des résidents ; lieu de travail et commanditaires peuvent être extérieurs au quartier. Visiteurs exclus du stock. chapitre régional ; profil territorial proposé Budget civil 13,00 % ; coefficient 0,000000 ; part de filière 0,000 %. Zéro proposé : Filière régionale non retenue dans ce scénario, sans interdiction universelle. Réseau, itinéraires, confiance et capital ; manutention distincte de propriété du fret.";0;0;0
Comptable;Professionnel de finance;0.10469369205298013;0.23729304635761583;207.29351026490065;D — activité déduite;"SB212; SB213";"Contexte régional ; taille et fréquence locales proposées. Professions des résidents ; lieu de travail et commanditaires peuvent être extérieurs au quartier. Visiteurs exclus du stock. chapitre régional ; profil territorial proposé Budget civil 13,00 % ; coefficient 2,500000 ; part de filière 2,070 %. Réseau, itinéraires, confiance et capital ; manutention distincte de propriété du fret.";0.0026445742716763123;0.09205645858000157;0.009992659201302248
Banquier et employé de banque;Professionnel de finance;0.00837549536423841;0.018983443708609268;16.58348082119205;A — activité attestée;"SB212; SB213";"Contexte régional ; taille et fréquence locales proposées. Professions des résidents ; lieu de travail et commanditaires peuvent être extérieurs au quartier. Visiteurs exclus du stock. chapitre régional ; profil territorial proposé Budget civil 13,00 % ; coefficient 0,200000 ; part de filière 0,166 %. Réseau, itinéraires, confiance et capital ; manutention distincte de propriété du fret.";0.00021156594173410496;0.007364516686400127;0.0007994127361041796
Usurier et prêteur sur gages;Professionnel de finance;0.10469369205298013;0.23729304635761583;207.29351026490065;D — activité déduite;"SB212; SB213";"Contexte régional ; taille et fréquence locales proposées. Professions des résidents ; lieu de travail et commanditaires peuvent être extérieurs au quartier. Visiteurs exclus du stock. chapitre régional ; profil territorial proposé Budget civil 13,00 % ; coefficient 2,500000 ; part de filière 2,070 %. Réseau, itinéraires, confiance et capital ; manutention distincte de propriété du fret.";0.0026445742716763123;0.09205645858000157;0.009992659201302248
Changeur;Professionnel de finance;0.10469369205298013;0.23729304635761583;207.29351026490065;D — activité déduite;"SB212; SB213";"Contexte régional ; taille et fréquence locales proposées. Professions des résidents ; lieu de travail et commanditaires peuvent être extérieurs au quartier. Visiteurs exclus du stock. chapitre régional ; profil territorial proposé Budget civil 13,00 % ; coefficient 2,500000 ; part de filière 2,070 %. Réseau, itinéraires, confiance et capital ; manutention distincte de propriété du fret.";0.0026445742716763123;0.09205645858000157;0.009992659201302248
Assureur;Professionnel de finance;0.00837549536423841;0.018983443708609268;16.58348082119205;D — activité déduite;"SB212; SB213";"Contexte régional ; taille et fréquence locales proposées. Professions des résidents ; lieu de travail et commanditaires peuvent être extérieurs au quartier. Visiteurs exclus du stock. chapitre régional ; profil territorial proposé Budget civil 13,00 % ; coefficient 0,200000 ; part de filière 0,166 %. Réseau, itinéraires, confiance et capital ; manutention distincte de propriété du fret.";0.00021156594173410496;0.007364516686400127;0.0007994127361041796
Estimateur;Professionnel de finance;0.00837549536423841;0.018983443708609268;16.58348082119205;A — activité attestée;"SB212; SB213";"Contexte régional ; taille et fréquence locales proposées. Professions des résidents ; lieu de travail et commanditaires peuvent être extérieurs au quartier. Visiteurs exclus du stock. chapitre régional ; profil territorial proposé Budget civil 13,00 % ; coefficient 0,200000 ; part de filière 0,166 %. Réseau, itinéraires, confiance et capital ; manutention distincte de propriété du fret.";0.00021156594173410496;0.007364516686400127;0.0007994127361041796
Négociateur;Professionnel de finance;0.00837549536423841;0.018983443708609268;16.58348082119205;A — activité attestée;"SB212; SB213";"Contexte régional ; taille et fréquence locales proposées. Professions des résidents ; lieu de travail et commanditaires peuvent être extérieurs au quartier. Visiteurs exclus du stock. chapitre régional ; profil territorial proposé Budget civil 13,00 % ; coefficient 0,200000 ; part de filière 0,166 %. Réseau, itinéraires, confiance et capital ; manutention distincte de propriété du fret.";0.00021156594173410496;0.007364516686400127;0.0007994127361041796
Scribe;Scribe et auteur;0.14198892588369444;0.32182440136830104;281.138073249715;A — activité attestée;"MJ128; SB32";"Contexte régional ; taille et fréquence locales proposées. Professions des résidents ; lieu de travail et commanditaires peuvent être extérieurs au quartier. Visiteurs exclus du stock. chapitre régional ; profil territorial proposé Budget civil 16,00 % ; coefficient 2,000000 ; part de filière 2,281 %. Instruction, autorisation ou initiation ; clergé, caste et office ne rendent pas noble.";0.003907842130730889;0.1360302529967457;0.0020508307562178466
Calligraphe;Scribe et auteur;0.14198892588369444;0.32182440136830104;281.138073249715;A — activité attestée;"MJ128; SB32";"Contexte régional ; taille et fréquence locales proposées. Professions des résidents ; lieu de travail et commanditaires peuvent être extérieurs au quartier. Visiteurs exclus du stock. chapitre régional ; profil territorial proposé Budget civil 16,00 % ; coefficient 2,000000 ; part de filière 2,281 %. Instruction, autorisation ou initiation ; clergé, caste et office ne rendent pas noble.";0.003907842130730889;0.1360302529967457;0.0020508307562178466
Écrivain;Scribe et auteur;0.0873442309850533;0.19796969851553328;172.94157735040554;A — activité attestée;"MJ128; SB32";"Contexte régional ; taille et fréquence locales proposées. Professions des résidents ; lieu de travail et commanditaires peuvent être extérieurs au quartier. Visiteurs exclus du stock. chapitre régional ; profil territorial proposé Budget civil 22,00 % ; coefficient 2,000000 ; part de filière 1,020 %. Long apprentissage, frais, bourses, talent, licence ou secret ; titre ne donne pas maîtrise.";0.0039635486559281286;0.08278162347310197;0.000599058856023191
Journaliste et rédacteur;Scribe et auteur;0.0873442309850533;0.19796969851553328;172.94157735040554;A — activité attestée;CC9;"Contexte régional ; taille et fréquence locales proposées. Professions des résidents ; lieu de travail et commanditaires peuvent être extérieurs au quartier. Visiteurs exclus du stock. chapitre régional ; profil territorial proposé Budget civil 22,00 % ; coefficient 2,000000 ; part de filière 1,020 %. Long apprentissage, frais, bourses, talent, licence ou secret ; titre ne donne pas maîtrise.";0.0039635486559281286;0.08278162347310197;0.000599058856023191
Traducteur;Scribe et auteur;0.14198892588369444;0.32182440136830104;281.138073249715;D — activité déduite;SB198;"Contexte régional ; taille et fréquence locales proposées. Professions des résidents ; lieu de travail et commanditaires peuvent être extérieurs au quartier. Visiteurs exclus du stock. chapitre régional ; profil territorial proposé Budget civil 16,00 % ; coefficient 2,000000 ; part de filière 2,281 %. Instruction, autorisation ou initiation ; clergé, caste et office ne rendent pas noble.";0.003907842130730889;0.1360302529967457;0.0020508307562178466
Bibliothécaire;Érudit;0.8306352164196124;1.8826727480045609;1644.6577285108326;A — activité attestée;MJ138;"Contexte régional ; taille et fréquence locales proposées. Professions des résidents ; lieu de travail et commanditaires peuvent être extérieurs au quartier. Visiteurs exclus du stock. chapitre régional ; profil territorial proposé Budget civil 16,00 % ; coefficient 11,700000 ; part de filière 13,341 %. Instruction, autorisation ou initiation ; clergé, caste et office ne rendent pas noble.";0.022860876464775696;0.7957769800309623;0.011997359923874401
Conservateur de musée;Érudit;0.8306352164196124;1.8826727480045609;1644.6577285108326;A — activité attestée;PG48;"Contexte régional ; taille et fréquence locales proposées. Professions des résidents ; lieu de travail et commanditaires peuvent être extérieurs au quartier. Visiteurs exclus du stock. chapitre régional ; profil territorial proposé Budget civil 16,00 % ; coefficient 11,700000 ; part de filière 13,341 %. Instruction, autorisation ou initiation ; clergé, caste et office ne rendent pas noble.";0.022860876464775696;0.7957769800309623;0.011997359923874401
Historien;Érudit;0.5109637512625619;1.1581227363158701;1011.7082274998726;A — activité attestée;PG46;"Contexte régional ; taille et fréquence locales proposées. Professions des résidents ; lieu de travail et commanditaires peuvent être extérieurs au quartier. Visiteurs exclus du stock. chapitre régional ; profil territorial proposé Budget civil 22,00 % ; coefficient 11,700000 ; part de filière 5,968 %. Long apprentissage, frais, bourses, talent, licence ou secret ; titre ne donne pas maîtrise.";0.02318675963717956;0.4842724973176466;0.003504494307735668
Astronome;Érudit;0.5109637512625619;1.1581227363158701;1011.7082274998726;A — activité attestée;MJ138;"Contexte régional ; taille et fréquence locales proposées. Professions des résidents ; lieu de travail et commanditaires peuvent être extérieurs au quartier. Visiteurs exclus du stock. chapitre régional ; profil territorial proposé Budget civil 22,00 % ; coefficient 11,700000 ; part de filière 5,968 %. Long apprentissage, frais, bourses, talent, licence ou secret ; titre ne donne pas maîtrise.";0.02318675963717956;0.4842724973176466;0.003504494307735668
Chercheur non arcanique;Érudit;0.5109637512625619;1.1581227363158701;1011.7082274998726;A — activité attestée;"MJ138; PG46";"Contexte régional ; taille et fréquence locales proposées. Professions des résidents ; lieu de travail et commanditaires peuvent être extérieurs au quartier. Visiteurs exclus du stock. chapitre régional ; profil territorial proposé Budget civil 22,00 % ; coefficient 11,700000 ; part de filière 5,968 %. Long apprentissage, frais, bourses, talent, licence ou secret ; titre ne donne pas maîtrise.";0.02318675963717956;0.4842724973176466;0.003504494307735668
Mathématicien;Érudit;0.35767462588379323;0.8106859154211088;708.1957592499107;A — activité attestée;SB174;"Contexte régional ; taille et fréquence locales proposées. Professions des résidents ; lieu de travail et commanditaires peuvent être extérieurs au quartier. Visiteurs exclus du stock. chapitre régional ; profil territorial proposé Budget civil 22,00 % ; coefficient 8,190000 ; part de filière 4,178 %. Long apprentissage, frais, bourses, talent, licence ou secret ; titre ne donne pas maîtrise.";0.016230731746025698;0.3389907481223526;0.002453146015414967
Philosophe;Érudit;0.35767462588379323;0.8106859154211088;708.1957592499107;A — activité attestée;SB178;"Contexte régional ; taille et fréquence locales proposées. Professions des résidents ; lieu de travail et commanditaires peuvent être extérieurs au quartier. Visiteurs exclus du stock. chapitre régional ; profil territorial proposé Budget civil 22,00 % ; coefficient 8,190000 ; part de filière 4,178 %. Long apprentissage, frais, bourses, talent, licence ou secret ; titre ne donne pas maîtrise.";0.016230731746025698;0.3389907481223526;0.002453146015414967
Archéologue;Érudit;0.5109637512625619;1.1581227363158701;1011.7082274998726;D — activité déduite;PG48;"Contexte régional ; taille et fréquence locales proposées. Professions des résidents ; lieu de travail et commanditaires peuvent être extérieurs au quartier. Visiteurs exclus du stock. chapitre régional ; profil territorial proposé Budget civil 22,00 % ; coefficient 11,700000 ; part de filière 5,968 %. Long apprentissage, frais, bourses, talent, licence ou secret ; titre ne donne pas maîtrise.";0.02318675963717956;0.4842724973176466;0.003504494307735668
Professeur;Enseignant;1.0862152830102618;2.4619566704675013;2150.7062603603185;A — activité attestée;"MJ138; SB141";"Contexte régional ; taille et fréquence locales proposées. Professions des résidents ; lieu de travail et commanditaires peuvent être extérieurs au quartier. Visiteurs exclus du stock. chapitre régional ; profil territorial proposé Budget civil 16,00 % ; coefficient 15,300000 ; part de filière 17,446 %. Instruction, autorisation ou initiation ; clergé, caste et office ne rendent pas noble.";0.029894992300091284;1.040631435425104;0.015688855285066524
Enseignant de magie arcanique;Enseignant;0.6681833670356577;1.5144681936438298;1323.0030667306023;A — activité attestée;SB141;"Contexte régional ; taille et fréquence locales proposées. Professions des résidents ; lieu de travail et commanditaires peuvent être extérieurs au quartier. Visiteurs exclus du stock. chapitre régional ; profil territorial proposé Budget civil 22,00 % ; coefficient 15,300000 ; part de filière 7,805 %. Long apprentissage, frais, bourses, talent, licence ou secret ; titre ne donne pas maîtrise.";0.030321147217850206;0.6332794195692301;0.004582800248577413
Instructeur martial;Enseignant;0;0;0.0;A — activité attestée;SB94;"Contexte régional ; taille et fréquence locales proposées. Professions des résidents ; lieu de travail et commanditaires peuvent être extérieurs au quartier. Visiteurs exclus du stock. chapitre régional ; profil territorial proposé Budget civil 16,00 % ; coefficient 0,000000 ; part de filière 0,000 %. Zéro proposé : Technique de site, institution, secret ou habilitation concentrée dans les implantations autorisées du scénario. Instruction, autorisation ou initiation ; clergé, caste et office ne rendent pas noble.";0;0;0
Formateur de tir à l’arc;Enseignant;0;0;0.0;A — activité attestée;SB155;"Contexte régional ; taille et fréquence locales proposées. Professions des résidents ; lieu de travail et commanditaires peuvent être extérieurs au quartier. Visiteurs exclus du stock. chapitre régional ; profil territorial proposé Budget civil 16,00 % ; coefficient 0,000000 ; part de filière 0,000 %. Zéro proposé : Technique de site, institution, secret ou habilitation concentrée dans les implantations autorisées du scénario. Instruction, autorisation ou initiation ; clergé, caste et office ne rendent pas noble.";0;0;0
Ingénieur;Ingénieur;1.3101634647757994;2.969545477732999;2594.1236602560825;A — activité attestée;SB174;"Contexte régional ; taille et fréquence locales proposées. Professions des résidents ; lieu de travail et commanditaires peuvent être extérieurs au quartier. Visiteurs exclus du stock. chapitre régional ; profil territorial proposé Budget civil 22,00 % ; coefficient 30,000000 ; part de filière 15,304 %. Long apprentissage, frais, bourses, talent, licence ou secret ; titre ne donne pas maîtrise.";0.05945322983892197;1.2417243520965295;0.008985882840347868
Inventeur;Ingénieur;0.31443923154619186;0.7126909146559198;622.5896784614598;A — activité attestée;SB178;"Contexte régional ; taille et fréquence locales proposées. Professions des résidents ; lieu de travail et commanditaires peuvent être extérieurs au quartier. Visiteurs exclus du stock. chapitre régional ; profil territorial proposé Budget civil 22,00 % ; coefficient 7,200000 ; part de filière 3,673 %. Long apprentissage, frais, bourses, talent, licence ou secret ; titre ne donne pas maîtrise.";0.014268775161341273;0.2980138445031671;0.0021566118816834885
Ingénieur mystique;Ingénieur;0.5240653859103198;1.1878181910931997;1037.6494641024333;A — activité attestée;SB174;"Contexte régional ; taille et fréquence locales proposées. Professions des résidents ; lieu de travail et commanditaires peuvent être extérieurs au quartier. Visiteurs exclus du stock. chapitre régional ; profil territorial proposé Budget civil 22,00 % ; coefficient 12,000000 ; part de filière 6,122 %. Long apprentissage, frais, bourses, talent, licence ou secret ; titre ne donne pas maîtrise.";0.023781291935568785;0.49668974083861184;0.003594353136139147
Créateur et mainteneur de golems;Ingénieur;0.5240653859103198;1.1878181910931997;1037.6494641024333;D — activité déduite;SB174;"Contexte régional ; taille et fréquence locales proposées. Professions des résidents ; lieu de travail et commanditaires peuvent être extérieurs au quartier. Visiteurs exclus du stock. chapitre régional ; profil territorial proposé Budget civil 22,00 % ; coefficient 12,000000 ; part de filière 6,122 %. Long apprentissage, frais, bourses, talent, licence ou secret ; titre ne donne pas maîtrise.";0.023781291935568785;0.49668974083861184;0.003594353136139147
Chercheur en golems;Ingénieur;0.419252308728256;0.9502545528745601;830.1195712819468;A — activité attestée;SB178;"Contexte régional ; taille et fréquence locales proposées. Professions des résidents ; lieu de travail et commanditaires peuvent être extérieurs au quartier. Visiteurs exclus du stock. chapitre régional ; profil territorial proposé Budget civil 22,00 % ; coefficient 9,600000 ; part de filière 4,897 %. Long apprentissage, frais, bourses, talent, licence ou secret ; titre ne donne pas maîtrise.";0.019025033548455028;0.3973517926708896;0.0028754825089113167
Ingénieur de réacteurs de bauronite;Ingénieur;0;0;0.0;D — activité déduite;SB174;"Contexte régional ; taille et fréquence locales proposées. Professions des résidents ; lieu de travail et commanditaires peuvent être extérieurs au quartier. Visiteurs exclus du stock. chapitre régional ; profil territorial proposé Accès aux secrets des réacteurs; savoir détenu par un petit nombre Budget civil 22,00 % ; coefficient 0,000000 ; part de filière 0,000 %. Zéro proposé : Technique de site, institution, secret ou habilitation concentrée dans les implantations autorisées du scénario. Long apprentissage, frais, bourses, talent, licence ou secret ; titre ne donne pas maîtrise.";0;0;0
Technicien de communication runique;Ingénieur;0.5240653859103198;1.1878181910931997;1037.6494641024333;D — activité déduite;SB174;"Contexte régional ; taille et fréquence locales proposées. Professions des résidents ; lieu de travail et commanditaires peuvent être extérieurs au quartier. Visiteurs exclus du stock. chapitre régional ; profil territorial proposé Budget civil 22,00 % ; coefficient 12,000000 ; part de filière 6,122 %. Long apprentissage, frais, bourses, talent, licence ou secret ; titre ne donne pas maîtrise.";0.023781291935568785;0.49668974083861184;0.003594353136139147
Chercheur en magie;Praticien des services arcaniques;0.1746884619701066;0.39593939703106656;345.8831547008111;A — activité attestée;"SB138; SB139";"Contexte régional ; taille et fréquence locales proposées. Professions des résidents ; lieu de travail et commanditaires peuvent être extérieurs au quartier. Visiteurs exclus du stock. chapitre régional ; profil territorial proposé Budget civil 22,00 % ; coefficient 4,000000 ; part de filière 2,041 %. Long apprentissage, frais, bourses, talent, licence ou secret ; titre ne donne pas maîtrise.";0.007927097311856257;0.16556324694620395;0.001198117712046382
Fabricant d’objets magiques;Praticien des services arcaniques;0.1746884619701066;0.39593939703106656;345.8831547008111;A — activité attestée;SB138;"Contexte régional ; taille et fréquence locales proposées. Professions des résidents ; lieu de travail et commanditaires peuvent être extérieurs au quartier. Visiteurs exclus du stock. chapitre régional ; profil territorial proposé Budget civil 22,00 % ; coefficient 4,000000 ; part de filière 2,041 %. Long apprentissage, frais, bourses, talent, licence ou secret ; titre ne donne pas maîtrise.";0.007927097311856257;0.16556324694620395;0.001198117712046382
Fabricant de parchemins magiques;Praticien des services arcaniques;0.1746884619701066;0.39593939703106656;345.8831547008111;A — activité attestée;SB138;"Contexte régional ; taille et fréquence locales proposées. Professions des résidents ; lieu de travail et commanditaires peuvent être extérieurs au quartier. Visiteurs exclus du stock. chapitre régional ; profil territorial proposé Budget civil 22,00 % ; coefficient 4,000000 ; part de filière 2,041 %. Long apprentissage, frais, bourses, talent, licence ou secret ; titre ne donne pas maîtrise.";0.007927097311856257;0.16556324694620395;0.001198117712046382
Nécromancien de service;Praticien des services arcaniques;0.1746884619701066;0.39593939703106656;345.8831547008111;D — activité déduite;"SB108; SB170";"Contexte régional ; taille et fréquence locales proposées. Professions des résidents ; lieu de travail et commanditaires peuvent être extérieurs au quartier. Visiteurs exclus du stock. chapitre régional ; profil territorial proposé Budget civil 22,00 % ; coefficient 4,000000 ; part de filière 2,041 %. Long apprentissage, frais, bourses, talent, licence ou secret ; titre ne donne pas maîtrise.";0.007927097311856257;0.16556324694620395;0.001198117712046382
Illusionniste de service;Praticien des services arcaniques;0.1746884619701066;0.39593939703106656;345.8831547008111;D — activité déduite;"SB107; SB142";"Contexte régional ; taille et fréquence locales proposées. Professions des résidents ; lieu de travail et commanditaires peuvent être extérieurs au quartier. Visiteurs exclus du stock. chapitre régional ; profil territorial proposé Budget civil 22,00 % ; coefficient 4,000000 ; part de filière 2,041 %. Long apprentissage, frais, bourses, talent, licence ou secret ; titre ne donne pas maîtrise.";0.007927097311856257;0.16556324694620395;0.001198117712046382
Chercheur en aethermancy;Praticien des services arcaniques;0;0;0.0;A — activité attestée;SB140;"Contexte régional ; taille et fréquence locales proposées. Professions des résidents ; lieu de travail et commanditaires peuvent être extérieurs au quartier. Visiteurs exclus du stock. chapitre régional ; profil territorial proposé Budget civil 22,00 % ; coefficient 0,000000 ; part de filière 0,000 %. Zéro proposé : Filière régionale non retenue dans ce scénario, sans interdiction universelle. Long apprentissage, frais, bourses, talent, licence ou secret ; titre ne donne pas maîtrise.";0;0;0
Chercheur en biomancy;Praticien des services arcaniques;0;0;0.0;A — activité attestée;SB140;"Contexte régional ; taille et fréquence locales proposées. Professions des résidents ; lieu de travail et commanditaires peuvent être extérieurs au quartier. Visiteurs exclus du stock. chapitre régional ; profil territorial proposé Budget civil 22,00 % ; coefficient 0,000000 ; part de filière 0,000 %. Zéro proposé : Filière régionale non retenue dans ce scénario, sans interdiction universelle. Long apprentissage, frais, bourses, talent, licence ou secret ; titre ne donne pas maîtrise.";0;0;0
Désenchanteur et récupérateur arcanique;Praticien des services arcaniques;0;0;0.0;A — activité attestée;SB139;"Contexte régional ; taille et fréquence locales proposées. Professions des résidents ; lieu de travail et commanditaires peuvent être extérieurs au quartier. Visiteurs exclus du stock. chapitre régional ; profil territorial proposé Budget civil 22,00 % ; coefficient 0,000000 ; part de filière 0,000 %. Zéro proposé : Filière régionale non retenue dans ce scénario, sans interdiction universelle. Long apprentissage, frais, bourses, talent, licence ou secret ; titre ne donne pas maîtrise.";0;0;0
Extracteur de mémoire;Praticien des services arcaniques;0;0;0.0;A — activité attestée;SB140;"Contexte régional ; taille et fréquence locales proposées. Professions des résidents ; lieu de travail et commanditaires peuvent être extérieurs au quartier. Visiteurs exclus du stock. chapitre régional ; profil territorial proposé Budget civil 22,00 % ; coefficient 0,000000 ; part de filière 0,000 %. Zéro proposé : Filière régionale non retenue dans ce scénario, sans interdiction universelle. Long apprentissage, frais, bourses, talent, licence ou secret ; titre ne donne pas maîtrise.";0;0;0
Certificateur et inspecteur arcanique;Praticien des services arcaniques;0;0;0.0;A — activité attestée;SB139;"Contexte régional ; taille et fréquence locales proposées. Professions des résidents ; lieu de travail et commanditaires peuvent être extérieurs au quartier. Visiteurs exclus du stock. chapitre régional ; profil territorial proposé Budget civil 22,00 % ; coefficient 0,000000 ; part de filière 0,000 %. Zéro proposé : Filière régionale non retenue dans ce scénario, sans interdiction universelle. Long apprentissage, frais, bourses, talent, licence ou secret ; titre ne donne pas maîtrise.";0;0;0
Opérateur de transport magique;Praticien des services arcaniques;0.1746884619701066;0.39593939703106656;345.8831547008111;D — activité déduite;SB142;"Contexte régional ; taille et fréquence locales proposées. Professions des résidents ; lieu de travail et commanditaires peuvent être extérieurs au quartier. Visiteurs exclus du stock. chapitre régional ; profil territorial proposé Budget civil 22,00 % ; coefficient 4,000000 ; part de filière 2,041 %. Long apprentissage, frais, bourses, talent, licence ou secret ; titre ne donne pas maîtrise.";0.007927097311856257;0.16556324694620395;0.001198117712046382
Restaurateur de runes de tunnels;Praticien des services arcaniques;0;0;0.0;A — activité attestée;SB161;"Contexte régional ; taille et fréquence locales proposées. Professions des résidents ; lieu de travail et commanditaires peuvent être extérieurs au quartier. Visiteurs exclus du stock. chapitre régional ; profil territorial proposé Budget civil 22,00 % ; coefficient 0,000000 ; part de filière 0,000 %. Zéro proposé : Filière régionale non retenue dans ce scénario, sans interdiction universelle. Long apprentissage, frais, bourses, talent, licence ou secret ; titre ne donne pas maîtrise.";0;0;0
Artificier psychique;Praticien des services arcaniques;0;0;0.0;A — activité attestée;PG8;"Contexte régional ; taille et fréquence locales proposées. Professions des résidents ; lieu de travail et commanditaires peuvent être extérieurs au quartier. Visiteurs exclus du stock. chapitre régional ; profil territorial proposé Budget civil 22,00 % ; coefficient 0,000000 ; part de filière 0,000 %. Zéro proposé : Filière régionale non retenue dans ce scénario, sans interdiction universelle. Long apprentissage, frais, bourses, talent, licence ou secret ; titre ne donne pas maîtrise.";0;0;0
Guérisseur;Soigneur;0.1370702470862471;0.31067599067599067;271.3990892307692;A — activité attestée;"MJ141; PG36";"Contexte régional ; taille et fréquence locales proposées. Professions des résidents ; lieu de travail et commanditaires peuvent être extérieurs au quartier. Visiteurs exclus du stock. chapitre régional ; profil territorial proposé Budget civil 4,00 % ; coefficient 1,700000 ; part de filière 8,806 %. Apprentissage et qualification variable ; soins avancés et thérapie magique exigent formation.";0.00024164995653058123;0.12617591866752123;0.010652678462195276
Chirurgien;Soigneur;0.02056053706293706;0.046601398601398586;40.709863384615375;P — activité proposée;"MJ141; PG36";"Contexte régional ; taille et fréquence locales proposées. Professions des résidents ; lieu de travail et commanditaires peuvent être extérieurs au quartier. Visiteurs exclus du stock. chapitre régional ; profil territorial proposé Budget civil 4,00 % ; coefficient 0,255000 ; part de filière 1,321 %. Apprentissage et qualification variable ; soins avancés et thérapie magique exigent formation.";3.624749347958719e-05;0.018926387800128182;0.001597901769329291
Praticien de psychosurgery;Soigneur;0;0;0.0;D — activité déduite;SB94;"Contexte régional ; taille et fréquence locales proposées. Professions des résidents ; lieu de travail et commanditaires peuvent être extérieurs au quartier. Visiteurs exclus du stock. chapitre régional ; profil territorial proposé Budget civil 4,00 % ; coefficient 0,000000 ; part de filière 0,000 %. Zéro proposé : Filière régionale non retenue dans ce scénario, sans interdiction universelle. Apprentissage et qualification variable ; soins avancés et thérapie magique exigent formation.";0;0;0
Opérateur de thérapie onirique;Soigneur;0;0;0.0;D — activité déduite;"SB141; SB228";"Contexte régional ; taille et fréquence locales proposées. Professions des résidents ; lieu de travail et commanditaires peuvent être extérieurs au quartier. Visiteurs exclus du stock. chapitre régional ; profil territorial proposé Budget civil 4,00 % ; coefficient 0,000000 ; part de filière 0,000 %. Zéro proposé : Technique de site, institution, secret ou habilitation concentrée dans les implantations autorisées du scénario. Apprentissage et qualification variable ; soins avancés et thérapie magique exigent formation.";0;0;0
Prêtre et officiant;Officiant religieux;0.14198892588369444;0.32182440136830104;281.138073249715;A — activité attestée;"MJ127; SB182";"Contexte régional ; taille et fréquence locales proposées. Professions des résidents ; lieu de travail et commanditaires peuvent être extérieurs au quartier. Visiteurs exclus du stock. chapitre régional ; profil territorial proposé Budget civil 16,00 % ; coefficient 2,000000 ; part de filière 2,281 %. Instruction, autorisation ou initiation ; clergé, caste et office ne rendent pas noble.";0.003907842130730889;0.1360302529967457;0.0020508307562178466
Acolyte;Officiant religieux;0.14198892588369444;0.32182440136830104;281.138073249715;A — activité attestée;"MJ127; SB182";"Contexte régional ; taille et fréquence locales proposées. Professions des résidents ; lieu de travail et commanditaires peuvent être extérieurs au quartier. Visiteurs exclus du stock. chapitre régional ; profil territorial proposé Budget civil 16,00 % ; coefficient 2,000000 ; part de filière 2,281 %. Instruction, autorisation ou initiation ; clergé, caste et office ne rendent pas noble.";0.003907842130730889;0.1360302529967457;0.0020508307562178466
Shaman;Officiant religieux;0.14198892588369444;0.32182440136830104;281.138073249715;A — activité attestée;"SB129; SB191";"Contexte régional ; taille et fréquence locales proposées. Professions des résidents ; lieu de travail et commanditaires peuvent être extérieurs au quartier. Visiteurs exclus du stock. chapitre régional ; profil territorial proposé Budget civil 16,00 % ; coefficient 2,000000 ; part de filière 2,281 %. Instruction, autorisation ou initiation ; clergé, caste et office ne rendent pas noble.";0.003907842130730889;0.1360302529967457;0.0020508307562178466
Sugenja;Officiant religieux;0;0;0.0;A — activité attestée;SB198;"Contexte régional ; taille et fréquence locales proposées. Professions des résidents ; lieu de travail et commanditaires peuvent être extérieurs au quartier. Visiteurs exclus du stock. chapitre régional ; profil territorial proposé Budget civil 16,00 % ; coefficient 0,000000 ; part de filière 0,000 %. Zéro proposé : Filière régionale non retenue dans ce scénario, sans interdiction universelle. Instruction, autorisation ou initiation ; clergé, caste et office ne rendent pas noble.";0;0;0
Gardien et officiant druidique;Officiant religieux;0.14198892588369444;0.32182440136830104;281.138073249715;A — activité attestée;SB153;"Contexte régional ; taille et fréquence locales proposées. Professions des résidents ; lieu de travail et commanditaires peuvent être extérieurs au quartier. Visiteurs exclus du stock. chapitre régional ; profil territorial proposé Budget civil 16,00 % ; coefficient 2,000000 ; part de filière 2,281 %. Instruction, autorisation ou initiation ; clergé, caste et office ne rendent pas noble.";0.003907842130730889;0.1360302529967457;0.0020508307562178466
Gardien-purificateur de Mother Tree;Officiant religieux;0;0;0.0;A — activité attestée;SB153;"Contexte régional ; taille et fréquence locales proposées. Professions des résidents ; lieu de travail et commanditaires peuvent être extérieurs au quartier. Visiteurs exclus du stock. chapitre régional ; profil territorial proposé Budget civil 16,00 % ; coefficient 0,000000 ; part de filière 0,000 %. Zéro proposé : Filière régionale non retenue dans ce scénario, sans interdiction universelle. Instruction, autorisation ou initiation ; clergé, caste et office ne rendent pas noble.";0;0;0
Officiant des rites Ba-Akhu;Officiant religieux;0;0;0.0;A — activité attestée;SB184;"Contexte régional ; taille et fréquence locales proposées. Professions des résidents ; lieu de travail et commanditaires peuvent être extérieurs au quartier. Visiteurs exclus du stock. chapitre régional ; profil territorial proposé Budget civil 16,00 % ; coefficient 0,000000 ; part de filière 0,000 %. Zéro proposé : Filière régionale non retenue dans ce scénario, sans interdiction universelle. Instruction, autorisation ou initiation ; clergé, caste et office ne rendent pas noble.";0;0;0
Garde et sentinelle;Garde et surveillant;0.23019454647887325;0.5217464788732394;455.785202028169;A — activité attestée;"MJ140; SB90";"Contexte régional ; taille et fréquence locales proposées. Professions des résidents ; lieu de travail et commanditaires peuvent être extérieurs au quartier. Visiteurs exclus du stock. chapitre régional ; profil territorial proposé Budget civil 6,00 % ; coefficient 7,000000 ; part de filière 9,859 %. Entraînement, loyauté, armes et habilitations ; aucun métier verrouillé par naissance sauf source explicite.";0.0029402475457428316;0.21931867336443678;0.007935625568693636
Garde du corps;Garde et surveillant;0.23019454647887325;0.5217464788732394;455.785202028169;A — activité attestée;"MJ140; SB90";"Contexte régional ; taille et fréquence locales proposées. Professions des résidents ; lieu de travail et commanditaires peuvent être extérieurs au quartier. Visiteurs exclus du stock. chapitre régional ; profil territorial proposé Budget civil 6,00 % ; coefficient 7,000000 ; part de filière 9,859 %. Entraînement, loyauté, armes et habilitations ; aucun métier verrouillé par naissance sauf source explicite.";0.0029402475457428316;0.21931867336443678;0.007935625568693636
Soldat;Combattant professionnel;4.32376;9.799999999999999;8561.0448;A — activité attestée;"MJ140; SB90";"Contexte régional ; taille et fréquence locales proposées. Professions des résidents ; lieu de travail et commanditaires peuvent être extérieurs au quartier. Visiteurs exclus du stock. chapitre régional ; profil territorial proposé Garnison incluse dans les résidents par convention proposée, comptée une seule fois. Entraînement, loyauté, armes et habilitations ; aucun métier verrouillé par naissance sauf source explicite.";0.05522687189093675;4.119477727215611;0.14905540089345193
Mercenaire;Combattant professionnel;0.23019454647887325;0.5217464788732394;455.785202028169;A — activité attestée;"MJ140; SB90";"Contexte régional ; taille et fréquence locales proposées. Professions des résidents ; lieu de travail et commanditaires peuvent être extérieurs au quartier. Visiteurs exclus du stock. chapitre régional ; profil territorial proposé Budget civil 6,00 % ; coefficient 7,000000 ; part de filière 9,859 %. Entraînement, loyauté, armes et habilitations ; aucun métier verrouillé par naissance sauf source explicite.";0.0029402475457428316;0.21931867336443678;0.007935625568693636
Éclaireur;Combattant professionnel;0.23019454647887325;0.5217464788732394;455.785202028169;A — activité attestée;"MJ140; SB90";"Contexte régional ; taille et fréquence locales proposées. Professions des résidents ; lieu de travail et commanditaires peuvent être extérieurs au quartier. Visiteurs exclus du stock. chapitre régional ; profil territorial proposé Budget civil 6,00 % ; coefficient 7,000000 ; part de filière 9,859 %. Entraînement, loyauté, armes et habilitations ; aucun métier verrouillé par naissance sauf source explicite.";0.0029402475457428316;0.21931867336443678;0.007935625568693636
Chasseur de primes;Combattant professionnel;0.23019454647887325;0.5217464788732394;455.785202028169;A — activité attestée;MJ140;"Contexte régional ; taille et fréquence locales proposées. Professions des résidents ; lieu de travail et commanditaires peuvent être extérieurs au quartier. Visiteurs exclus du stock. chapitre régional ; profil territorial proposé Budget civil 6,00 % ; coefficient 7,000000 ; part de filière 9,859 %. Entraînement, loyauté, armes et habilitations ; aucun métier verrouillé par naissance sauf source explicite.";0.0029402475457428316;0.21931867336443678;0.007935625568693636
Gladiateur;Combattant professionnel;0.23019454647887325;0.5217464788732394;455.785202028169;A — activité attestée;MJ130;"Contexte régional ; taille et fréquence locales proposées. Professions des résidents ; lieu de travail et commanditaires peuvent être extérieurs au quartier. Visiteurs exclus du stock. chapitre régional ; profil territorial proposé Budget civil 6,00 % ; coefficient 7,000000 ; part de filière 9,859 %. Entraînement, loyauté, armes et habilitations ; aucun métier verrouillé par naissance sauf source explicite.";0.0029402475457428316;0.21931867336443678;0.007935625568693636
Champion d’arène;Combattant professionnel;0.23019454647887325;0.5217464788732394;455.785202028169;A — activité attestée;SB90;"Contexte régional ; taille et fréquence locales proposées. Professions des résidents ; lieu de travail et commanditaires peuvent être extérieurs au quartier. Visiteurs exclus du stock. chapitre régional ; profil territorial proposé Budget civil 6,00 % ; coefficient 7,000000 ; part de filière 9,859 %. Entraînement, loyauté, armes et habilitations ; aucun métier verrouillé par naissance sauf source explicite.";0.0029402475457428316;0.21931867336443678;0.007935625568693636
Veilleur de nuit;Garde et surveillant;0.23019454647887325;0.5217464788732394;455.785202028169;P — activité proposée;"MJ140; SB90";"Contexte régional ; taille et fréquence locales proposées. Professions des résidents ; lieu de travail et commanditaires peuvent être extérieurs au quartier. Visiteurs exclus du stock. chapitre régional ; profil territorial proposé Budget civil 6,00 % ; coefficient 7,000000 ; part de filière 9,859 %. Entraînement, loyauté, armes et habilitations ; aucun métier verrouillé par naissance sauf source explicite.";0.0029402475457428316;0.21931867336443678;0.007935625568693636
Guide;Guide;0.7328558443708609;1.6610513245033112;1451.0545718543044;A — activité attestée;MJ140;"Contexte régional ; taille et fréquence locales proposées. Professions des résidents ; lieu de travail et commanditaires peuvent être extérieurs au quartier. Visiteurs exclus du stock. chapitre régional ; profil territorial proposé Budget civil 13,00 % ; coefficient 17,500000 ; part de filière 14,487 %. Réseau, itinéraires, confiance et capital ; manutention distincte de propriété du fret.";0.01851201990173417;0.6443952100600111;0.06994861440911568
Gardien de domaine;Garde et surveillant;0.23019454647887325;0.5217464788732394;455.785202028169;A — activité attestée;MJ140;"Contexte régional ; taille et fréquence locales proposées. Professions des résidents ; lieu de travail et commanditaires peuvent être extérieurs au quartier. Visiteurs exclus du stock. chapitre régional ; profil territorial proposé Budget civil 6,00 % ; coefficient 7,000000 ; part de filière 9,859 %. Entraînement, loyauté, armes et habilitations ; aucun métier verrouillé par naissance sauf source explicite.";0.0029402475457428316;0.21931867336443678;0.007935625568693636
Spellshield;Protecteur et contrôleur arcanique;0;0;0.0;A — activité attestée;SB140;"Contexte régional ; taille et fréquence locales proposées. Professions des résidents ; lieu de travail et commanditaires peuvent être extérieurs au quartier. Visiteurs exclus du stock. chapitre régional ; profil territorial proposé Budget civil 6,00 % ; coefficient 0,000000 ; part de filière 0,000 %. Zéro proposé : Filière régionale non retenue dans ce scénario, sans interdiction universelle. Entraînement, loyauté, armes et habilitations ; aucun métier verrouillé par naissance sauf source explicite.";0;0;0
Warden des Arcane Enforcers;Protecteur et contrôleur arcanique;0;0;0.0;A — activité attestée;SB140;"Contexte régional ; taille et fréquence locales proposées. Professions des résidents ; lieu de travail et commanditaires peuvent être extérieurs au quartier. Visiteurs exclus du stock. chapitre régional ; profil territorial proposé Budget civil 6,00 % ; coefficient 0,000000 ; part de filière 0,000 %. Zéro proposé : Filière régionale non retenue dans ce scénario, sans interdiction universelle. Entraînement, loyauté, armes et habilitations ; aucun métier verrouillé par naissance sauf source explicite.";0;0;0
Inquisiteur;Garde et surveillant;0;0;0.0;A — activité attestée;SB29;"Contexte régional ; taille et fréquence locales proposées. Professions des résidents ; lieu de travail et commanditaires peuvent être extérieurs au quartier. Visiteurs exclus du stock. chapitre régional ; profil territorial proposé Budget civil 6,00 % ; coefficient 0,000000 ; part de filière 0,000 %. Zéro proposé : Inquisiteur bauronien : aucun établissement de son Église habilité dans ce profil, notamment les ordres cirrus indépendants. Entraînement, loyauté, armes et habilitations ; aucun métier verrouillé par naissance sauf source explicite.";0;0;0
Mage impérial chargé du contrôle;Protecteur et contrôleur arcanique;0;0;0.0;A — activité attestée;SB98;"Contexte régional ; taille et fréquence locales proposées. Professions des résidents ; lieu de travail et commanditaires peuvent être extérieurs au quartier. Visiteurs exclus du stock. chapitre régional ; profil territorial proposé Budget civil 6,00 % ; coefficient 0,000000 ; part de filière 0,000 %. Zéro proposé : Filière régionale non retenue dans ce scénario, sans interdiction universelle. Entraînement, loyauté, armes et habilitations ; aucun métier verrouillé par naissance sauf source explicite.";0;0;0
Chasseur de morts-vivants;Combattant professionnel;0.23019454647887325;0.5217464788732394;455.785202028169;A — activité attestée;SB210;"Contexte régional ; taille et fréquence locales proposées. Professions des résidents ; lieu de travail et commanditaires peuvent être extérieurs au quartier. Visiteurs exclus du stock. chapitre régional ; profil territorial proposé Budget civil 6,00 % ; coefficient 7,000000 ; part de filière 9,859 %. Entraînement, loyauté, armes et habilitations ; aucun métier verrouillé par naissance sauf source explicite.";0.0029402475457428316;0.21931867336443678;0.007935625568693636
Détective;Enquêteur et agent de renseignement;0.016442467605633806;0.037267605633802825;32.55608585915493;A — activité attestée;"PG9; BR42";"Contexte régional ; taille et fréquence locales proposées. Professions des résidents ; lieu de travail et commanditaires peuvent être extérieurs au quartier. Visiteurs exclus du stock. chapitre régional ; profil territorial proposé Budget civil 6,00 % ; coefficient 0,500000 ; part de filière 0,704 %. Entraînement, loyauté, armes et habilitations ; aucun métier verrouillé par naissance sauf source explicite.";0.00021001768183877357;0.0156656195260312;0.0005668303977638311
Espion;Enquêteur et agent de renseignement;0.016442467605633806;0.037267605633802825;32.55608585915493;A — activité attestée;"PG9; BR42";"Contexte régional ; taille et fréquence locales proposées. Professions des résidents ; lieu de travail et commanditaires peuvent être extérieurs au quartier. Visiteurs exclus du stock. chapitre régional ; profil territorial proposé Budget civil 6,00 % ; coefficient 0,500000 ; part de filière 0,704 %. Entraînement, loyauté, armes et habilitations ; aucun métier verrouillé par naissance sauf source explicite.";0.00021001768183877357;0.0156656195260312;0.0005668303977638311
Détective arcanique;Enquêteur et agent de renseignement;0;0;0.0;A — activité attestée;SB140;"Contexte régional ; taille et fréquence locales proposées. Professions des résidents ; lieu de travail et commanditaires peuvent être extérieurs au quartier. Visiteurs exclus du stock. chapitre régional ; profil territorial proposé Budget civil 6,00 % ; coefficient 0,000000 ; part de filière 0,000 %. Zéro proposé : Filière régionale non retenue dans ce scénario, sans interdiction universelle. Entraînement, loyauté, armes et habilitations ; aucun métier verrouillé par naissance sauf source explicite.";0;0;0
Fonctionnaire;Administrateur et juriste;0.35497231470923596;0.8045610034207524;702.8451831242871;A — activité attestée;"SB90; SB213";"Contexte régional ; taille et fréquence locales proposées. Professions des résidents ; lieu de travail et commanditaires peuvent être extérieurs au quartier. Visiteurs exclus du stock. chapitre régional ; profil territorial proposé Budget civil 16,00 % ; coefficient 5,000000 ; part de filière 5,701 %. Instruction, autorisation ou initiation ; clergé, caste et office ne rendent pas noble.";0.00976960532682722;0.3400756324918641;0.0051270768905446185
Percepteur;Administrateur et juriste;0.35497231470923596;0.8045610034207524;702.8451831242871;A — activité attestée;SB132;"Contexte régional ; taille et fréquence locales proposées. Professions des résidents ; lieu de travail et commanditaires peuvent être extérieurs au quartier. Visiteurs exclus du stock. chapitre régional ; profil territorial proposé Budget civil 16,00 % ; coefficient 5,000000 ; part de filière 5,701 %. Instruction, autorisation ou initiation ; clergé, caste et office ne rendent pas noble.";0.00976960532682722;0.3400756324918641;0.0051270768905446185
Juge;Administrateur et juriste;0.35497231470923596;0.8045610034207524;702.8451831242871;A — activité attestée;"SB90; SB213";"Contexte régional ; taille et fréquence locales proposées. Professions des résidents ; lieu de travail et commanditaires peuvent être extérieurs au quartier. Visiteurs exclus du stock. chapitre régional ; profil territorial proposé Budget civil 16,00 % ; coefficient 5,000000 ; part de filière 5,701 %. Instruction, autorisation ou initiation ; clergé, caste et office ne rendent pas noble.";0.00976960532682722;0.3400756324918641;0.0051270768905446185
Avocat;Administrateur et juriste;0.35497231470923596;0.8045610034207524;702.8451831242871;A — activité attestée;"SB90; SB213";"Contexte régional ; taille et fréquence locales proposées. Professions des résidents ; lieu de travail et commanditaires peuvent être extérieurs au quartier. Visiteurs exclus du stock. chapitre régional ; profil territorial proposé Budget civil 16,00 % ; coefficient 5,000000 ; part de filière 5,701 %. Instruction, autorisation ou initiation ; clergé, caste et office ne rendent pas noble.";0.00976960532682722;0.3400756324918641;0.0051270768905446185
Diplomate et émissaire;Administrateur et juriste;0.35497231470923596;0.8045610034207524;702.8451831242871;A — activité attestée;PG46;"Contexte régional ; taille et fréquence locales proposées. Professions des résidents ; lieu de travail et commanditaires peuvent être extérieurs au quartier. Visiteurs exclus du stock. chapitre régional ; profil territorial proposé Budget civil 16,00 % ; coefficient 5,000000 ; part de filière 5,701 %. Instruction, autorisation ou initiation ; clergé, caste et office ne rendent pas noble.";0.00976960532682722;0.3400756324918641;0.0051270768905446185
Recruteur et agent de missions;Administrateur et juriste;0.35497231470923596;0.8045610034207524;702.8451831242871;D — activité déduite;SB105;"Contexte régional ; taille et fréquence locales proposées. Professions des résidents ; lieu de travail et commanditaires peuvent être extérieurs au quartier. Visiteurs exclus du stock. chapitre régional ; profil territorial proposé Budget civil 16,00 % ; coefficient 5,000000 ; part de filière 5,701 %. Instruction, autorisation ou initiation ; clergé, caste et office ne rendent pas noble.";0.00976960532682722;0.3400756324918641;0.0051270768905446185
Bourreau;Administrateur et juriste;0.35497231470923596;0.8045610034207524;702.8451831242871;A — activité attestée;SB148;"Contexte régional ; taille et fréquence locales proposées. Professions des résidents ; lieu de travail et commanditaires peuvent être extérieurs au quartier. Visiteurs exclus du stock. chapitre régional ; profil territorial proposé Budget civil 16,00 % ; coefficient 5,000000 ; part de filière 5,701 %. Instruction, autorisation ou initiation ; clergé, caste et office ne rendent pas noble.";0.00976960532682722;0.3400756324918641;0.0051270768905446185
Acteur et comédien;Artiste du spectacle;0.09414638709677421;0.21338709677419357;186.40984645161294;A — activité attestée;MJ129;"Contexte régional ; taille et fréquence locales proposées. Professions des résidents ; lieu de travail et commanditaires peuvent être extérieurs au quartier. Visiteurs exclus du stock. chapitre régional ; profil territorial proposé Budget civil 3,00 % ; coefficient 3,000000 ; part de filière 8,065 %. Apprentissage, audition et réseau ; accès au mérite notamment Mustardseed.";0.0017282858278785196;0.09024129579143239;0.0021768054774633015
Danseur;Artiste du spectacle;0.09414638709677421;0.21338709677419357;186.40984645161294;A — activité attestée;MJ129;"Contexte régional ; taille et fréquence locales proposées. Professions des résidents ; lieu de travail et commanditaires peuvent être extérieurs au quartier. Visiteurs exclus du stock. chapitre régional ; profil territorial proposé Budget civil 3,00 % ; coefficient 3,000000 ; part de filière 8,065 %. Apprentissage, audition et réseau ; accès au mérite notamment Mustardseed.";0.0017282858278785196;0.09024129579143239;0.0021768054774633015
Musicien;Artiste du spectacle;0.09414638709677421;0.21338709677419357;186.40984645161294;A — activité attestée;MJ129;"Contexte régional ; taille et fréquence locales proposées. Professions des résidents ; lieu de travail et commanditaires peuvent être extérieurs au quartier. Visiteurs exclus du stock. chapitre régional ; profil territorial proposé Budget civil 3,00 % ; coefficient 3,000000 ; part de filière 8,065 %. Apprentissage, audition et réseau ; accès au mérite notamment Mustardseed.";0.0017282858278785196;0.09024129579143239;0.0021768054774633015
Chanteur;Artiste du spectacle;0.09414638709677421;0.21338709677419357;186.40984645161294;A — activité attestée;MJ129;"Contexte régional ; taille et fréquence locales proposées. Professions des résidents ; lieu de travail et commanditaires peuvent être extérieurs au quartier. Visiteurs exclus du stock. chapitre régional ; profil territorial proposé Budget civil 3,00 % ; coefficient 3,000000 ; part de filière 8,065 %. Apprentissage, audition et réseau ; accès au mérite notamment Mustardseed.";0.0017282858278785196;0.09024129579143239;0.0021768054774633015
Poète;Artiste du spectacle;0.09414638709677421;0.21338709677419357;186.40984645161294;A — activité attestée;MJ129;"Contexte régional ; taille et fréquence locales proposées. Professions des résidents ; lieu de travail et commanditaires peuvent être extérieurs au quartier. Visiteurs exclus du stock. chapitre régional ; profil territorial proposé Budget civil 3,00 % ; coefficient 3,000000 ; part de filière 8,065 %. Apprentissage, audition et réseau ; accès au mérite notamment Mustardseed.";0.0017282858278785196;0.09024129579143239;0.0021768054774633015
Conteur;Artiste du spectacle;0.09414638709677421;0.21338709677419357;186.40984645161294;A — activité attestée;MJ129;"Contexte régional ; taille et fréquence locales proposées. Professions des résidents ; lieu de travail et commanditaires peuvent être extérieurs au quartier. Visiteurs exclus du stock. chapitre régional ; profil territorial proposé Budget civil 3,00 % ; coefficient 3,000000 ; part de filière 8,065 %. Apprentissage, audition et réseau ; accès au mérite notamment Mustardseed.";0.0017282858278785196;0.09024129579143239;0.0021768054774633015
Bouffon;Artiste du spectacle;0.09414638709677421;0.21338709677419357;186.40984645161294;A — activité attestée;MJ129;"Contexte régional ; taille et fréquence locales proposées. Professions des résidents ; lieu de travail et commanditaires peuvent être extérieurs au quartier. Visiteurs exclus du stock. chapitre régional ; profil territorial proposé Budget civil 3,00 % ; coefficient 3,000000 ; part de filière 8,065 %. Apprentissage, audition et réseau ; accès au mérite notamment Mustardseed.";0.0017282858278785196;0.09024129579143239;0.0021768054774633015
Jongleur;Artiste du spectacle;0.09414638709677421;0.21338709677419357;186.40984645161294;A — activité attestée;MJ129;"Contexte régional ; taille et fréquence locales proposées. Professions des résidents ; lieu de travail et commanditaires peuvent être extérieurs au quartier. Visiteurs exclus du stock. chapitre régional ; profil territorial proposé Budget civil 3,00 % ; coefficient 3,000000 ; part de filière 8,065 %. Apprentissage, audition et réseau ; accès au mérite notamment Mustardseed.";0.0017282858278785196;0.09024129579143239;0.0021768054774633015
Acrobate;Artiste du spectacle;0.09414638709677421;0.21338709677419357;186.40984645161294;A — activité attestée;MJ129;"Contexte régional ; taille et fréquence locales proposées. Professions des résidents ; lieu de travail et commanditaires peuvent être extérieurs au quartier. Visiteurs exclus du stock. chapitre régional ; profil territorial proposé Budget civil 3,00 % ; coefficient 3,000000 ; part de filière 8,065 %. Apprentissage, audition et réseau ; accès au mérite notamment Mustardseed.";0.0017282858278785196;0.09024129579143239;0.0021768054774633015
Cracheur de feu;Artiste du spectacle;0.09414638709677421;0.21338709677419357;186.40984645161294;A — activité attestée;MJ129;"Contexte régional ; taille et fréquence locales proposées. Professions des résidents ; lieu de travail et commanditaires peuvent être extérieurs au quartier. Visiteurs exclus du stock. chapitre régional ; profil territorial proposé Budget civil 3,00 % ; coefficient 3,000000 ; part de filière 8,065 %. Apprentissage, audition et réseau ; accès au mérite notamment Mustardseed.";0.0017282858278785196;0.09024129579143239;0.0021768054774633015
Compositeur;Artiste du spectacle;0.09414638709677421;0.21338709677419357;186.40984645161294;A — activité attestée;PG28;"Contexte régional ; taille et fréquence locales proposées. Professions des résidents ; lieu de travail et commanditaires peuvent être extérieurs au quartier. Visiteurs exclus du stock. chapitre régional ; profil territorial proposé Budget civil 3,00 % ; coefficient 3,000000 ; part de filière 8,065 %. Apprentissage, audition et réseau ; accès au mérite notamment Mustardseed.";0.0017282858278785196;0.09024129579143239;0.0021768054774633015
Crieur public;Artiste du spectacle;0.09414638709677421;0.21338709677419357;186.40984645161294;P — activité proposée;MJ129;"Contexte régional ; taille et fréquence locales proposées. Professions des résidents ; lieu de travail et commanditaires peuvent être extérieurs au quartier. Visiteurs exclus du stock. chapitre régional ; profil territorial proposé Budget civil 3,00 % ; coefficient 3,000000 ; part de filière 8,065 %. Apprentissage, audition et réseau ; accès au mérite notamment Mustardseed.";0.0017282858278785196;0.09024129579143239;0.0021768054774633015
Joueur professionnel;Professionnel du jeu;0.012552851612903227;0.028451612903225804;24.854646193548387;P — activité proposée;SB99;"Contexte régional ; taille et fréquence locales proposées. Professions des résidents ; lieu de travail et commanditaires peuvent être extérieurs au quartier. Visiteurs exclus du stock. chapitre régional ; profil territorial proposé Budget civil 3,00 % ; coefficient 0,400000 ; part de filière 1,075 %. Apprentissage, audition et réseau ; accès au mérite notamment Mustardseed.";0.00023043811038380249;0.012032172772190984;0.0002902407303284401
Croupier;Professionnel du jeu;0.012552851612903227;0.028451612903225804;24.854646193548387;D — activité déduite;SB99;"Contexte régional ; taille et fréquence locales proposées. Professions des résidents ; lieu de travail et commanditaires peuvent être extérieurs au quartier. Visiteurs exclus du stock. chapitre régional ; profil territorial proposé Budget civil 3,00 % ; coefficient 0,400000 ; part de filière 1,075 %. Apprentissage, audition et réseau ; accès au mérite notamment Mustardseed.";0.00023043811038380249;0.012032172772190984;0.0002902407303284401
Preneur de paris;Professionnel du jeu;0.012552851612903227;0.028451612903225804;24.854646193548387;D — activité déduite;SB99;"Contexte régional ; taille et fréquence locales proposées. Professions des résidents ; lieu de travail et commanditaires peuvent être extérieurs au quartier. Visiteurs exclus du stock. chapitre régional ; profil territorial proposé Budget civil 3,00 % ; coefficient 0,400000 ; part de filière 1,075 %. Apprentissage, audition et réseau ; accès au mérite notamment Mustardseed.";0.00023043811038380249;0.012032172772190984;0.0002902407303284401
Maître-chanteur;Opérateur d’activités illicites;0;0;0.0;A — activité attestée;BR42;"Contexte régional ; taille et fréquence locales proposées. Professions des résidents ; lieu de travail et commanditaires peuvent être extérieurs au quartier. Visiteurs exclus du stock. chapitre régional ; profil territorial proposé Budget civil 0,00 % ; coefficient 0,000000 ; part de filière 0,000 %. Zéro proposé : Budget local de cette filière nul ou coefficient non retenu ; aucune interdiction universelle. Réseaux, exclusion, dettes et compétences ; statut légal distinct de noblesse.";0;0;0
Cambrioleur;Opérateur d’activités illicites;0;0;0.0;A — activité attestée;BR42;"Contexte régional ; taille et fréquence locales proposées. Professions des résidents ; lieu de travail et commanditaires peuvent être extérieurs au quartier. Visiteurs exclus du stock. chapitre régional ; profil territorial proposé Budget civil 0,00 % ; coefficient 0,000000 ; part de filière 0,000 %. Zéro proposé : Budget local de cette filière nul ou coefficient non retenu ; aucune interdiction universelle. Réseaux, exclusion, dettes et compétences ; statut légal distinct de noblesse.";0;0;0
Homme de main;Opérateur d’activités illicites;0;0;0.0;A — activité attestée;BR42;"Contexte régional ; taille et fréquence locales proposées. Professions des résidents ; lieu de travail et commanditaires peuvent être extérieurs au quartier. Visiteurs exclus du stock. chapitre régional ; profil territorial proposé Budget civil 0,00 % ; coefficient 0,000000 ; part de filière 0,000 %. Zéro proposé : Budget local de cette filière nul ou coefficient non retenu ; aucune interdiction universelle. Réseaux, exclusion, dettes et compétences ; statut légal distinct de noblesse.";0;0;0
Receleur;Opérateur d’activités illicites;0;0;0.0;A — activité attestée;BR42;"Contexte régional ; taille et fréquence locales proposées. Professions des résidents ; lieu de travail et commanditaires peuvent être extérieurs au quartier. Visiteurs exclus du stock. chapitre régional ; profil territorial proposé Budget civil 0,00 % ; coefficient 0,000000 ; part de filière 0,000 %. Zéro proposé : Budget local de cette filière nul ou coefficient non retenu ; aucune interdiction universelle. Réseaux, exclusion, dettes et compétences ; statut légal distinct de noblesse.";0;0;0
Voleur de grand chemin;Opérateur d’activités illicites;0;0;0.0;A — activité attestée;BR42;"Contexte régional ; taille et fréquence locales proposées. Professions des résidents ; lieu de travail et commanditaires peuvent être extérieurs au quartier. Visiteurs exclus du stock. chapitre régional ; profil territorial proposé Budget civil 0,00 % ; coefficient 0,000000 ; part de filière 0,000 %. Zéro proposé : Budget local de cette filière nul ou coefficient non retenu ; aucune interdiction universelle. Réseaux, exclusion, dettes et compétences ; statut légal distinct de noblesse.";0;0;0
Tueur à gages;Opérateur d’activités illicites;0;0;0.0;A — activité attestée;BR42;"Contexte régional ; taille et fréquence locales proposées. Professions des résidents ; lieu de travail et commanditaires peuvent être extérieurs au quartier. Visiteurs exclus du stock. chapitre régional ; profil territorial proposé Budget civil 0,00 % ; coefficient 0,000000 ; part de filière 0,000 %. Zéro proposé : Budget local de cette filière nul ou coefficient non retenu ; aucune interdiction universelle. Réseaux, exclusion, dettes et compétences ; statut légal distinct de noblesse.";0;0;0
Pickpocket;Opérateur d’activités illicites;0;0;0.0;A — activité attestée;BR42;"Contexte régional ; taille et fréquence locales proposées. Professions des résidents ; lieu de travail et commanditaires peuvent être extérieurs au quartier. Visiteurs exclus du stock. chapitre régional ; profil territorial proposé Budget civil 0,00 % ; coefficient 0,000000 ; part de filière 0,000 %. Zéro proposé : Budget local de cette filière nul ou coefficient non retenu ; aucune interdiction universelle. Réseaux, exclusion, dettes et compétences ; statut légal distinct de noblesse.";0;0;0
Contrebandier;Opérateur d’activités illicites;0;0;0.0;A — activité attestée;BR42;"Contexte régional ; taille et fréquence locales proposées. Professions des résidents ; lieu de travail et commanditaires peuvent être extérieurs au quartier. Visiteurs exclus du stock. chapitre régional ; profil territorial proposé Budget civil 0,00 % ; coefficient 0,000000 ; part de filière 0,000 %. Zéro proposé : Budget local de cette filière nul ou coefficient non retenu ; aucune interdiction universelle. Réseaux, exclusion, dettes et compétences ; statut légal distinct de noblesse.";0;0;0
Pirate;Opérateur d’activités illicites;0;0;0.0;A — activité attestée;MJ136;"Contexte régional ; taille et fréquence locales proposées. Professions des résidents ; lieu de travail et commanditaires peuvent être extérieurs au quartier. Visiteurs exclus du stock. chapitre régional ; profil territorial proposé Budget civil 0,00 % ; coefficient 0,000000 ; part de filière 0,000 %. Zéro proposé : Budget local de cette filière nul ou coefficient non retenu ; aucune interdiction universelle. Réseaux, exclusion, dettes et compétences ; statut légal distinct de noblesse.";0;0;0
Cultivateur de tubercules;Agriculteur;0;0;0.0;A — activité attestée;"SB120; SB168";"Contexte régional ; taille et fréquence locales proposées. Professions des résidents ; lieu de travail et commanditaires peuvent être extérieurs au quartier. Visiteurs exclus du stock. chapitre régional ; profil territorial proposé Budget civil 5,00 % ; coefficient 0,000000 ; part de filière 0,000 %. Zéro proposé : Climat, matière ou culture hors filière régionale retenue ; aucun établissement exceptionnel proposé. Transmission familiale, terre/eau, droits d’usage et outils ; les tâches saisonnières restent secondaires.";0;0;0
Cartographe;Cartographe;0.03275408661939499;0.07423863694332498;64.85309150640208;A — activité attestée;MJ128;"Contexte régional ; taille et fréquence locales proposées. Professions des résidents ; lieu de travail et commanditaires peuvent être extérieurs au quartier. Visiteurs exclus du stock. chapitre régional ; profil territorial proposé Budget civil 22,00 % ; coefficient 0,750000 ; part de filière 0,383 %. Long apprentissage, frais, bourses, talent, licence ou secret ; titre ne donne pas maîtrise.";0.001486330745973049;0.03104310880241324;0.0002246470710086967
Sans métier actif;Statut;0.8824000000000001;2.0;1747.152;P;;Personnes productives occupées + personnes sans emploi disponibles recherchant une activité. Inclut aide familiale, subsistance, apprentissage productif et travail partiel.;0.02;0.8184;0.044000000000000004
Hors activité;Statut;55.88;0;110642.4;P;;"Tous habitants recensés dans les catégories sources; enfants, étudiants et retraités ne sont exclus de l’activité que sans contribution productive. Pas de seuil humain de 18 ans imposé.";1.0;52.080000000000005;2.8000000000000003
