Métier;Base;% habitants;% actifs;Effectif attendu;Appui activité;Références;Justification proposée;Milieu privilégié, noblesse non établie / % de tous habitants;Milieu ordinaire, noblesse non établie / % de tous habitants;Milieu précaire, noblesse non établie / % de tous habitants
Agriculteur généraliste;Agriculteur;4.182914736;6.211634594594594;3764.6232623999995;A — activité attestée;"SB90; SB198";"Contexte régional ; taille et fréquence locales proposées. Profil résidentiel rural/mixte ; jardins, cuisine, filage, corvées et milice saisonnière restent activités secondaires. chapitre régional ; profil territorial proposé Même total vivrier et mêmes effectifs sociaux qu’en V2 ; répartition P revue par culture/habitat. Delta exact, anciennes parts et nouvelles parts enregistrés dans food_reallocation_v3. Ajustement IPF conservant strates et espèces ; aucune création de personne. Transmission familiale, terre/eau, droits d’usage et outils ; les tâches saisonnières restent secondaires.";0.018937524083848398;4.045685154930628;0.11829205698552353
Céréalier;Agriculteur;13.44508308;19.965968339768338;12100.574772;D — activité déduite;"SB90; SB198";"Contexte régional ; taille et fréquence locales proposées. Profil résidentiel rural/mixte ; jardins, cuisine, filage, corvées et milice saisonnière restent activités secondaires. chapitre régional ; profil territorial proposé Même total vivrier et mêmes effectifs sociaux qu’en V2 ; répartition P revue par culture/habitat. Delta exact, anciennes parts et nouvelles parts enregistrés dans food_reallocation_v3. Ajustement IPF conservant strates et espèces ; aucune création de personne. Transmission familiale, terre/eau, droits d’usage et outils ; les tâches saisonnières restent secondaires.";0.06087061312665554;13.003987997991304;0.38022446888204003
Riziculteur;Agriculteur;0;0;0.0;A — activité attestée;SB198;"Contexte régional ; taille et fréquence locales proposées. Profil résidentiel rural/mixte ; jardins, cuisine, filage, corvées et milice saisonnière restent activités secondaires. chapitre régional ; profil territorial proposé Budget civil 54,00 % ; coefficient 0,000000 ; part de filière 0,000 %. Zéro proposé : Climat, matière ou culture hors filière régionale retenue ; aucun établissement exceptionnel proposé. Transmission familiale, terre/eau, droits d’usage et outils ; les tâches saisonnières restent secondaires.";0;0;0
Vigneron;Agriculteur;0;0;0.0;A — activité attestée;MJ128;"Contexte régional ; taille et fréquence locales proposées. Profil résidentiel rural/mixte ; jardins, cuisine, filage, corvées et milice saisonnière restent activités secondaires. chapitre régional ; profil territorial proposé Budget civil 5,00 % ; coefficient 0,000000 ; part de filière 0,000 %. Zéro proposé : Climat, matière ou culture hors filière régionale retenue ; aucun établissement exceptionnel proposé. Savoir-faire de terrain et sécurité ; procédé spécialisé distinct du rang social.";0;0;0
Cultivateur d’épices;Agriculteur;0;0;0.0;A — activité attestée;SB182;"Contexte régional ; taille et fréquence locales proposées. Profil résidentiel rural/mixte ; jardins, cuisine, filage, corvées et milice saisonnière restent activités secondaires. chapitre régional ; profil territorial proposé Budget civil 5,00 % ; coefficient 0,000000 ; part de filière 0,000 %. Zéro proposé : Climat, matière ou culture hors filière régionale retenue ; aucun établissement exceptionnel proposé. Savoir-faire de terrain et sécurité ; procédé spécialisé distinct du rang social.";0;0;0
Cultivateur d’herbes pour thé;Agriculteur;0;0;0.0;D — activité déduite;SB198;"Contexte régional ; taille et fréquence locales proposées. Profil résidentiel rural/mixte ; jardins, cuisine, filage, corvées et milice saisonnière restent activités secondaires. chapitre régional ; profil territorial proposé Budget civil 5,00 % ; coefficient 0,000000 ; part de filière 0,000 %. Zéro proposé : Climat, matière ou culture hors filière régionale retenue ; aucun établissement exceptionnel proposé. Savoir-faire de terrain et sécurité ; procédé spécialisé distinct du rang social.";0;0;0
Maraîcher;Agriculteur;3.585355488;5.324258223938223;3226.8199391999997;D — activité déduite;"SB90; SB198";"Contexte régional ; taille et fréquence locales proposées. Profil résidentiel rural/mixte ; jardins, cuisine, filage, corvées et milice saisonnière restent activités secondaires. chapitre régional ; profil territorial proposé Même total vivrier et mêmes effectifs sociaux qu’en V2 ; répartition P revue par culture/habitat. Delta exact, anciennes parts et nouvelles parts enregistrés dans food_reallocation_v3. Ajustement IPF conservant strates et espèces ; aucune création de personne. Transmission familiale, terre/eau, droits d’usage et outils ; les tâches saisonnières restent secondaires.";0.016232163500441474;3.4677301327976813;0.10139319170187731
Jardinier;Horticulteur;0.11132708249496982;0.165320882825913;100.19437424547284;A — activité attestée;"SB29; SB161";"Contexte régional ; taille et fréquence locales proposées. Profil résidentiel rural/mixte ; jardins, cuisine, filage, corvées et milice saisonnière restent activités secondaires. chapitre régional ; profil territorial proposé Budget civil 5,00 % ; coefficient 1,000000 ; part de filière 4,024 %. Savoir-faire de terrain et sécurité ; procédé spécialisé distinct du rang social.";0.00100349044918157;0.10718947195507753;0.003134120090710724
Fleuriste;Horticulteur;0.11132708249496982;0.165320882825913;100.19437424547284;A — activité attestée;"SB29; SB161";"Contexte régional ; taille et fréquence locales proposées. Profil résidentiel rural/mixte ; jardins, cuisine, filage, corvées et milice saisonnière restent activités secondaires. chapitre régional ; profil territorial proposé Budget civil 5,00 % ; coefficient 1,000000 ; part de filière 4,024 %. Savoir-faire de terrain et sécurité ; procédé spécialisé distinct du rang social.";0.00100349044918157;0.10718947195507753;0.003134120090710724
Arboriculteur de verger;Horticulteur;0.896338872;1.3310645559845558;806.7049847999999;D — activité déduite;"SB29; SB161";"Contexte régional ; taille et fréquence locales proposées. Profil résidentiel rural/mixte ; jardins, cuisine, filage, corvées et milice saisonnière restent activités secondaires. chapitre régional ; profil territorial proposé Même total vivrier et mêmes effectifs sociaux qu’en V2 ; répartition P revue par culture/habitat. Delta exact, anciennes parts et nouvelles parts enregistrés dans food_reallocation_v3. Ajustement IPF conservant strates et espèces ; aucune création de personne. Transmission familiale, terre/eau, droits d’usage et outils ; les tâches saisonnières restent secondaires.";0.004058040875110369;0.8669325331994202;0.025348297925469335
Jardinier de roses magiques;Horticulteur;0;0;0.0;A — activité attestée;SB157;"Contexte régional ; taille et fréquence locales proposées. Profil résidentiel rural/mixte ; jardins, cuisine, filage, corvées et milice saisonnière restent activités secondaires. chapitre régional ; profil territorial proposé Budget civil 5,00 % ; coefficient 0,000000 ; part de filière 0,000 %. Zéro proposé : Filière régionale non retenue dans ce scénario, sans interdiction universelle. Savoir-faire de terrain et sécurité ; procédé spécialisé distinct du rang social.";0;0;0
Arboriculteur de breithwood;Horticulteur;0;0;0.0;D — activité déduite;SB152;"Contexte régional ; taille et fréquence locales proposées. Profil résidentiel rural/mixte ; jardins, cuisine, filage, corvées et milice saisonnière restent activités secondaires. chapitre régional ; profil territorial proposé Budget civil 5,00 % ; coefficient 0,000000 ; part de filière 0,000 %. Zéro proposé : Filière régionale non retenue dans ce scénario, sans interdiction universelle. Savoir-faire de terrain et sécurité ; procédé spécialisé distinct du rang social.";0;0;0
Éleveur généraliste;Éleveur;5.079253608;7.542699150579151;4571.3282472;A — activité attestée;"SB120; SB182";"Contexte régional ; taille et fréquence locales proposées. Profil résidentiel rural/mixte ; jardins, cuisine, filage, corvées et milice saisonnière restent activités secondaires. chapitre régional ; profil territorial proposé Même total vivrier et mêmes effectifs sociaux qu’en V2 ; répartition P revue par culture/habitat. Delta exact, anciennes parts et nouvelles parts enregistrés dans food_reallocation_v3. Ajustement IPF conservant strates et espèces ; aucune création de personne. Transmission familiale, terre/eau, droits d’usage et outils ; les tâches saisonnières restent secondaires.";0.022995564958958766;4.912617688130048;0.14364035491099283
Berger;Éleveur;1.4938981199999999;2.2184409266409264;1344.508308;A — activité attestée;MJ135;"Contexte régional ; taille et fréquence locales proposées. Profil résidentiel rural/mixte ; jardins, cuisine, filage, corvées et milice saisonnière restent activités secondaires. chapitre régional ; profil territorial proposé Même total vivrier et mêmes effectifs sociaux qu’en V2 ; répartition P revue par culture/habitat. Delta exact, anciennes parts et nouvelles parts enregistrés dans food_reallocation_v3. Ajustement IPF conservant strates et espèces ; aucune création de personne. Transmission familiale, terre/eau, droits d’usage et outils ; les tâches saisonnières restent secondaires.";0.006763401458517281;1.444887555332367;0.042247163209115556
Éleveur de yaks;Éleveur;0;0;0.0;A — activité attestée;SB120;"Contexte régional ; taille et fréquence locales proposées. Profil résidentiel rural/mixte ; jardins, cuisine, filage, corvées et milice saisonnière restent activités secondaires. chapitre régional ; profil territorial proposé Budget civil 54,00 % ; coefficient 0,000000 ; part de filière 0,000 %. Zéro proposé : Climat, matière ou culture hors filière régionale retenue ; aucun établissement exceptionnel proposé. Transmission familiale, terre/eau, droits d’usage et outils ; les tâches saisonnières restent secondaires.";0;0;0
Éleveur de chevaux;Éleveur;0.22265416498993965;0.330641765651826;200.3887484909457;A — activité attestée;SB182;"Contexte régional ; taille et fréquence locales proposées. Profil résidentiel rural/mixte ; jardins, cuisine, filage, corvées et milice saisonnière restent activités secondaires. chapitre régional ; profil territorial proposé Budget civil 5,00 % ; coefficient 2,000000 ; part de filière 8,048 %. Savoir-faire de terrain et sécurité ; procédé spécialisé distinct du rang social.";0.00200698089836314;0.21437894391015505;0.006268240181421448
Éleveur de chameaux;Éleveur;0;0;0.0;A — activité attestée;SB182;"Contexte régional ; taille et fréquence locales proposées. Profil résidentiel rural/mixte ; jardins, cuisine, filage, corvées et milice saisonnière restent activités secondaires. chapitre régional ; profil territorial proposé Budget civil 5,00 % ; coefficient 0,000000 ; part de filière 0,000 %. Zéro proposé : Climat, matière ou culture hors filière régionale retenue ; aucun établissement exceptionnel proposé. Savoir-faire de terrain et sécurité ; procédé spécialisé distinct du rang social.";0;0;0
Éleveur de vers à soie;Éleveur;0;0;0.0;A — activité attestée;SB198;"Contexte régional ; taille et fréquence locales proposées. Profil résidentiel rural/mixte ; jardins, cuisine, filage, corvées et milice saisonnière restent activités secondaires. chapitre régional ; profil territorial proposé Budget civil 5,00 % ; coefficient 0,000000 ; part de filière 0,000 %. Zéro proposé : Climat, matière ou culture hors filière régionale retenue ; aucun établissement exceptionnel proposé. Savoir-faire de terrain et sécurité ; procédé spécialisé distinct du rang social.";0;0;0
Éleveur de loups géants;Éleveur;1.3359249899396375;1.9838505939109554;1202.3324909456737;A — activité attestée;SB191;"Contexte régional ; taille et fréquence locales proposées. Profil résidentiel rural/mixte ; jardins, cuisine, filage, corvées et milice saisonnière restent activités secondaires. chapitre régional ; profil territorial proposé Budget civil 5,00 % ; coefficient 12,000000 ; part de filière 48,290 %. Savoir-faire de terrain et sécurité ; procédé spécialisé distinct du rang social.";0.012041885390178838;1.28627366346093;0.03760944108852867
Éleveur de montures volantes;Éleveur;0;0;0.0;A — activité attestée;"SB124; SB107";"Contexte régional ; taille et fréquence locales proposées. Profil résidentiel rural/mixte ; jardins, cuisine, filage, corvées et milice saisonnière restent activités secondaires. chapitre régional ; profil territorial proposé Budget civil 5,00 % ; coefficient 0,000000 ; part de filière 0,000 %. Zéro proposé : Climat, matière ou culture hors filière régionale retenue ; aucun établissement exceptionnel proposé. Savoir-faire de terrain et sécurité ; procédé spécialisé distinct du rang social.";0;0;0
Apiculteur;Éleveur;0;0;0.0;P — activité proposée;SB152;"Contexte régional ; taille et fréquence locales proposées. Profil résidentiel rural/mixte ; jardins, cuisine, filage, corvées et milice saisonnière restent activités secondaires. chapitre régional ; profil territorial proposé Budget civil 54,00 % ; coefficient 0,000000 ; part de filière 0,000 %. Zéro proposé : Climat, matière ou culture hors filière régionale retenue ; aucun établissement exceptionnel proposé. Transmission familiale, terre/eau, droits d’usage et outils ; les tâches saisonnières restent secondaires.";0;0;0
Chasseur de gibier;Chasseur;0.14938981199999998;0.22184409266409263;134.45083079999998;A — activité attestée;"MJ139; PG20";"Contexte régional ; taille et fréquence locales proposées. Profil résidentiel rural/mixte ; jardins, cuisine, filage, corvées et milice saisonnière restent activités secondaires. chapitre régional ; profil territorial proposé Même total vivrier et mêmes effectifs sociaux qu’en V2 ; répartition P revue par culture/habitat. Delta exact, anciennes parts et nouvelles parts enregistrés dans food_reallocation_v3. Ajustement IPF conservant strates et espèces ; aucune création de personne. Transmission familiale, terre/eau, droits d’usage et outils ; les tâches saisonnières restent secondaires.";0.0006763401458517283;0.1444887555332367;0.004224716320911556
Trappeur;Chasseur;0;0;0.0;A — activité attestée;MJ140;"Contexte régional ; taille et fréquence locales proposées. Profil résidentiel rural/mixte ; jardins, cuisine, filage, corvées et milice saisonnière restent activités secondaires. chapitre régional ; profil territorial proposé Même total vivrier et mêmes effectifs sociaux qu’en V2 ; répartition P revue par culture/habitat. Delta exact, anciennes parts et nouvelles parts enregistrés dans food_reallocation_v3. Ajustement IPF conservant strates et espèces ; aucune création de personne. Zéro proposé : Réaffectation vivrière V3 : quota de capture/habitat limité ou remplacement par culture/pastoralisme ; zéro de scénario, pas interdiction universelle. Transmission familiale, terre/eau, droits d’usage et outils ; les tâches saisonnières restent secondaires.";0;0;0
Chasseur de monstres;Chasseur;0.0316277352235052;0.046967233774138986;28.464961701154678;A — activité attestée;PG58;"Contexte régional ; taille et fréquence locales proposées. Profil résidentiel rural/mixte ; jardins, cuisine, filage, corvées et milice saisonnière restent activités secondaires. chapitre régional ; profil territorial proposé Budget civil 1,00 % ; coefficient 1,500000 ; part de filière 5,716 %. Long apprentissage, frais, bourses, talent, licence ou secret ; titre ne donne pas maîtrise.";0.0033065007228623338;0.028255142182310275;6.609231833259114e-05
Chasseur de monstres marins;Chasseur;0;0;0.0;A — activité attestée;SB148;"Contexte régional ; taille et fréquence locales proposées. Profil résidentiel rural/mixte ; jardins, cuisine, filage, corvées et milice saisonnière restent activités secondaires. chapitre régional ; profil territorial proposé Budget civil 1,00 % ; coefficient 0,000000 ; part de filière 0,000 %. Zéro proposé : Filière régionale non retenue dans ce scénario, sans interdiction universelle. Long apprentissage, frais, bourses, talent, licence ou secret ; titre ne donne pas maîtrise.";0;0;0
Chasseur de dragons;Chasseur;0;0;0.0;A — activité attestée;SB220;"Contexte régional ; taille et fréquence locales proposées. Profil résidentiel rural/mixte ; jardins, cuisine, filage, corvées et milice saisonnière restent activités secondaires. chapitre régional ; profil territorial proposé Budget civil 1,00 % ; coefficient 0,000000 ; part de filière 0,000 %. Zéro proposé : Technique de site, institution, secret ou habilitation concentrée dans les implantations autorisées du scénario. Long apprentissage, frais, bourses, talent, licence ou secret ; titre ne donne pas maîtrise.";0;0;0
Cueilleur;Collecteur de ressources;0.7469490599999999;1.1092204633204632;672.254154;A — activité attestée;"MJ139; SB153";"Contexte régional ; taille et fréquence locales proposées. Profil résidentiel rural/mixte ; jardins, cuisine, filage, corvées et milice saisonnière restent activités secondaires. chapitre régional ; profil territorial proposé Même total vivrier et mêmes effectifs sociaux qu’en V2 ; répartition P revue par culture/habitat. Delta exact, anciennes parts et nouvelles parts enregistrés dans food_reallocation_v3. Ajustement IPF conservant strates et espèces ; aucune création de personne. Transmission familiale, terre/eau, droits d’usage et outils ; les tâches saisonnières restent secondaires.";0.003381700729258641;0.7224437776661836;0.021123581604557774
Herboriste de collecte;Collecteur de ressources;0.08906166599597586;0.1322567062607304;80.15549939637827;D — activité déduite;BR55;"Contexte régional ; taille et fréquence locales proposées. Profil résidentiel rural/mixte ; jardins, cuisine, filage, corvées et milice saisonnière restent activités secondaires. chapitre régional ; profil territorial proposé Budget civil 5,00 % ; coefficient 0,800000 ; part de filière 3,219 %. Savoir-faire de terrain et sécurité ; procédé spécialisé distinct du rang social.";0.0008027923593452561;0.08575157756406201;0.002507296072568579
Collecteur de composants de créatures;Collecteur de ressources;0.08906166599597586;0.1322567062607304;80.15549939637827;A — activité attestée;"SB104; SB139";"Contexte régional ; taille et fréquence locales proposées. Profil résidentiel rural/mixte ; jardins, cuisine, filage, corvées et milice saisonnière restent activités secondaires. chapitre régional ; profil territorial proposé Budget civil 5,00 % ; coefficient 0,800000 ; part de filière 3,219 %. Savoir-faire de terrain et sécurité ; procédé spécialisé distinct du rang social.";0.0008027923593452561;0.08575157756406201;0.002507296072568579
Collecteur de perles;Collecteur de ressources;0;0;0.0;D — activité déduite;SB149;"Contexte régional ; taille et fréquence locales proposées. Profil résidentiel rural/mixte ; jardins, cuisine, filage, corvées et milice saisonnière restent activités secondaires. chapitre régional ; profil territorial proposé Budget civil 5,00 % ; coefficient 0,000000 ; part de filière 0,000 %. Zéro proposé : Filière régionale non retenue dans ce scénario, sans interdiction universelle. Savoir-faire de terrain et sécurité ; procédé spécialisé distinct du rang social.";0;0;0
Récupérateur de reliques penumbrales;Collecteur de ressources;0;0;0.0;A — activité attestée;PG8;"Contexte régional ; taille et fréquence locales proposées. Profil résidentiel rural/mixte ; jardins, cuisine, filage, corvées et milice saisonnière restent activités secondaires. chapitre régional ; profil territorial proposé Budget civil 5,00 % ; coefficient 0,000000 ; part de filière 0,000 %. Zéro proposé : Filière régionale non retenue dans ce scénario, sans interdiction universelle. Savoir-faire de terrain et sécurité ; procédé spécialisé distinct du rang social.";0;0;0
Bûcheron;Travailleur forestier;0.05566354124748491;0.0826604414129565;50.09718712273642;A — activité attestée;"MJ135; SB107";"Contexte régional ; taille et fréquence locales proposées. Profil résidentiel rural/mixte ; jardins, cuisine, filage, corvées et milice saisonnière restent activités secondaires. chapitre régional ; profil territorial proposé Budget civil 5,00 % ; coefficient 0,500000 ; part de filière 2,012 %. Savoir-faire de terrain et sécurité ; procédé spécialisé distinct du rang social.";0.000501745224590785;0.05359473597753876;0.001567060045355362
Forestier;Travailleur forestier;0.05566354124748491;0.0826604414129565;50.09718712273642;A — activité attestée;MJ140;"Contexte régional ; taille et fréquence locales proposées. Profil résidentiel rural/mixte ; jardins, cuisine, filage, corvées et milice saisonnière restent activités secondaires. chapitre régional ; profil territorial proposé Budget civil 5,00 % ; coefficient 0,500000 ; part de filière 2,012 %. Savoir-faire de terrain et sécurité ; procédé spécialisé distinct du rang social.";0.000501745224590785;0.05359473597753876;0.001567060045355362
Scieur;Travailleur forestier;0.05566354124748491;0.0826604414129565;50.09718712273642;D — activité déduite;SB99;"Contexte régional ; taille et fréquence locales proposées. Profil résidentiel rural/mixte ; jardins, cuisine, filage, corvées et milice saisonnière restent activités secondaires. chapitre régional ; profil territorial proposé Budget civil 5,00 % ; coefficient 0,500000 ; part de filière 2,012 %. Savoir-faire de terrain et sécurité ; procédé spécialisé distinct du rang social.";0.000501745224590785;0.05359473597753876;0.001567060045355362
Pêcheur maritime;Pêcheur;0;0;0.0;A — activité attestée;"SB110; SB168";"Contexte régional ; taille et fréquence locales proposées. Profil résidentiel rural/mixte ; jardins, cuisine, filage, corvées et milice saisonnière restent activités secondaires. chapitre régional ; profil territorial proposé Budget civil 54,00 % ; coefficient 0,000000 ; part de filière 0,000 %. Zéro proposé : Poids technique nul dans la filière locale du scénario. Transmission familiale, terre/eau, droits d’usage et outils ; les tâches saisonnières restent secondaires.";0;0;0
Pêcheur d’eau douce;Pêcheur;0.29877962399999997;0.44368818532818527;268.90166159999995;A — activité attestée;SB138;"Contexte régional ; taille et fréquence locales proposées. Profil résidentiel rural/mixte ; jardins, cuisine, filage, corvées et milice saisonnière restent activités secondaires. chapitre régional ; profil territorial proposé Même total vivrier et mêmes effectifs sociaux qu’en V2 ; répartition P revue par culture/habitat. Delta exact, anciennes parts et nouvelles parts enregistrés dans food_reallocation_v3. Ajustement IPF conservant strates et espèces ; aucune création de personne. Transmission familiale, terre/eau, droits d’usage et outils ; les tâches saisonnières restent secondaires.";0.0013526802917034559;0.2889775110664734;0.008449432641823107
Cultivateur marin;Pêcheur;0;0;0.0;P — activité proposée;SB149;"Contexte régional ; taille et fréquence locales proposées. Profil résidentiel rural/mixte ; jardins, cuisine, filage, corvées et milice saisonnière restent activités secondaires. chapitre régional ; profil territorial proposé Budget civil 54,00 % ; coefficient 0,000000 ; part de filière 0,000 %. Zéro proposé : Filière régionale non retenue dans ce scénario, sans interdiction universelle. Transmission familiale, terre/eau, droits d’usage et outils ; les tâches saisonnières restent secondaires.";0;0;0
Mineur;Extracteur de ressources minérales;0.11132708249496982;0.165320882825913;100.19437424547284;A — activité attestée;"MJ135; SB160";"Contexte régional ; taille et fréquence locales proposées. Profil résidentiel rural/mixte ; jardins, cuisine, filage, corvées et milice saisonnière restent activités secondaires. chapitre régional ; profil territorial proposé Budget civil 5,00 % ; coefficient 1,000000 ; part de filière 4,024 %. Savoir-faire de terrain et sécurité ; procédé spécialisé distinct du rang social.";0.00100349044918157;0.10718947195507753;0.003134120090710724
Carrier;Extracteur de ressources minérales;0.11132708249496982;0.165320882825913;100.19437424547284;D — activité déduite;"MJ135; SB160";"Contexte régional ; taille et fréquence locales proposées. Profil résidentiel rural/mixte ; jardins, cuisine, filage, corvées et milice saisonnière restent activités secondaires. chapitre régional ; profil territorial proposé Budget civil 5,00 % ; coefficient 1,000000 ; part de filière 4,024 %. Savoir-faire de terrain et sécurité ; procédé spécialisé distinct du rang social.";0.00100349044918157;0.10718947195507753;0.003134120090710724
Salinier;Extracteur de ressources minérales;0;0;0.0;P — activité proposée;SB120;"Contexte régional ; taille et fréquence locales proposées. Profil résidentiel rural/mixte ; jardins, cuisine, filage, corvées et milice saisonnière restent activités secondaires. chapitre régional ; profil territorial proposé Budget civil 5,00 % ; coefficient 0,000000 ; part de filière 0,000 %. Zéro proposé : Climat, matière ou culture hors filière régionale retenue ; aucun établissement exceptionnel proposé. Savoir-faire de terrain et sécurité ; procédé spécialisé distinct du rang social.";0;0;0
Mineur de bauronite;Extracteur de ressources minérales;0;0;0.0;A — activité attestée;"SB174; SB182";"Contexte régional ; taille et fréquence locales proposées. Profil résidentiel rural/mixte ; jardins, cuisine, filage, corvées et milice saisonnière restent activités secondaires. chapitre régional ; profil territorial proposé Budget civil 5,00 % ; coefficient 0,000000 ; part de filière 0,000 %. Zéro proposé : Climat, matière ou culture hors filière régionale retenue ; aucun établissement exceptionnel proposé. Savoir-faire de terrain et sécurité ; procédé spécialisé distinct du rang social.";0;0;0
Mineur de tameranium;Extracteur de ressources minérales;0;0;0.0;A — activité attestée;"SB168; SB198";"Contexte régional ; taille et fréquence locales proposées. Profil résidentiel rural/mixte ; jardins, cuisine, filage, corvées et milice saisonnière restent activités secondaires. chapitre régional ; profil territorial proposé Budget civil 5,00 % ; coefficient 0,000000 ; part de filière 0,000 %. Zéro proposé : Climat, matière ou culture hors filière régionale retenue ; aucun établissement exceptionnel proposé. Savoir-faire de terrain et sécurité ; procédé spécialisé distinct du rang social.";0;0;0
Extracteur d’obsidienne;Extracteur de ressources minérales;0.11132708249496982;0.165320882825913;100.19437424547284;A — activité attestée;SB190;"Contexte régional ; taille et fréquence locales proposées. Profil résidentiel rural/mixte ; jardins, cuisine, filage, corvées et milice saisonnière restent activités secondaires. chapitre régional ; profil territorial proposé Budget civil 5,00 % ; coefficient 1,000000 ; part de filière 4,024 %. Savoir-faire de terrain et sécurité ; procédé spécialisé distinct du rang social.";0.00100349044918157;0.10718947195507753;0.003134120090710724
Extracteur de soufre;Extracteur de ressources minérales;0.11132708249496982;0.165320882825913;100.19437424547284;A — activité attestée;SB190;"Contexte régional ; taille et fréquence locales proposées. Profil résidentiel rural/mixte ; jardins, cuisine, filage, corvées et milice saisonnière restent activités secondaires. chapitre régional ; profil territorial proposé Budget civil 5,00 % ; coefficient 1,000000 ; part de filière 4,024 %. Savoir-faire de terrain et sécurité ; procédé spécialisé distinct du rang social.";0.00100349044918157;0.10718947195507753;0.003134120090710724
Prospecteur;Extracteur de ressources minérales;0.11132708249496982;0.165320882825913;100.19437424547284;D — activité déduite;SB104;"Contexte régional ; taille et fréquence locales proposées. Profil résidentiel rural/mixte ; jardins, cuisine, filage, corvées et milice saisonnière restent activités secondaires. chapitre régional ; profil territorial proposé Budget civil 5,00 % ; coefficient 1,000000 ; part de filière 4,024 %. Savoir-faire de terrain et sécurité ; procédé spécialisé distinct du rang social.";0.00100349044918157;0.10718947195507753;0.003134120090710724
Meunier;Meunier;0.11609919664268586;0.17240747942186793;104.48927697841728;D — activité déduite;SB121;"Contexte régional ; taille et fréquence locales proposées. Profil résidentiel rural/mixte ; jardins, cuisine, filage, corvées et milice saisonnière restent activités secondaires. chapitre régional ; profil territorial proposé Budget civil 22,00 % ; coefficient 1,750000 ; part de filière 0,954 %. Apprentissage, atelier, combustible et outils ; titre noble ne remplace pas qualification.";0.005050432641044497;0.10789404291386452;0.0031547210877768445
Boucher;Boucher;0.13268479616306955;0.1970371193392776;119.41631654676259;D — activité déduite;SB99;"Contexte régional ; taille et fréquence locales proposées. Profil résidentiel rural/mixte ; jardins, cuisine, filage, corvées et milice saisonnière restent activités secondaires. chapitre régional ; profil territorial proposé Budget civil 22,00 % ; coefficient 2,000000 ; part de filière 1,090 %. Apprentissage, atelier, combustible et outils ; titre noble ne remplace pas qualification.";0.00577192301833657;0.12330747761584515;0.0036053955288878215
Écorcheur;Boucher;0.05307391846522782;0.07881484773571104;47.766526618705036;A — activité attestée;MJ128;"Contexte régional ; taille et fréquence locales proposées. Profil résidentiel rural/mixte ; jardins, cuisine, filage, corvées et milice saisonnière restent activités secondaires. chapitre régional ; profil territorial proposé Budget civil 22,00 % ; coefficient 0,800000 ; part de filière 0,436 %. Apprentissage, atelier, combustible et outils ; titre noble ne remplace pas qualification.";0.0023087692073346278;0.04932299104633806;0.0014421582115551291
Boulanger;Boulanger;0.2819551918465228;0.418703878595965;253.7596726618705;A — activité attestée;MJ128;"Contexte régional ; taille et fréquence locales proposées. Profil résidentiel rural/mixte ; jardins, cuisine, filage, corvées et milice saisonnière restent activités secondaires. chapitre régional ; profil territorial proposé Budget civil 22,00 % ; coefficient 4,250000 ; part de filière 2,316 %. Apprentissage, atelier, combustible et outils ; titre noble ne remplace pas qualification.";0.012265336413965208;0.26202838993367095;0.007661465498886621
Cuisinier;Cuisinier;0.21406845499097238;0.3178919735535675;192.66160949187514;A — activité attestée;MJ128;"Contexte régional ; taille et fréquence locales proposées. Profil résidentiel rural/mixte ; jardins, cuisine, filage, corvées et milice saisonnière restent activités secondaires. chapitre régional ; profil territorial proposé Budget civil 3,00 % ; coefficient 7,500000 ; part de filière 12,897 %. Apprentissage et qualification variable ; soins avancés et thérapie magique exigent formation.";0.0009709937132127138;0.20743656001082408;0.005660901266935584
Cuisinier de haute cuisine;Cuisinier;0;0;0.0;A — activité attestée;"PG28; CC52";"Contexte régional ; taille et fréquence locales proposées. Profil résidentiel rural/mixte ; jardins, cuisine, filage, corvées et milice saisonnière restent activités secondaires. chapitre régional ; profil territorial proposé Budget civil 3,00 % ; coefficient 0,000000 ; part de filière 0,000 %. Zéro proposé : Haute cuisine concentrée auprès de clientèle et maîtres attestés/proposés ; cuisine ordinaire conservée. Apprentissage et qualification variable ; soins avancés et thérapie magique exigent formation.";0;0;0
Poissonnier;Transformateur alimentaire;0.08624511750599521;0.12807412757053047;77.62060575539569;D — activité déduite;"SB120; SB149";"Contexte régional ; taille et fréquence locales proposées. Profil résidentiel rural/mixte ; jardins, cuisine, filage, corvées et milice saisonnière restent activités secondaires. chapitre régional ; profil territorial proposé Budget civil 22,00 % ; coefficient 1,300000 ; part de filière 0,709 %. Apprentissage, atelier, combustible et outils ; titre noble ne remplace pas qualification.";0.00375174996191877;0.08014986045029936;0.0023435070937770845
Saleur et sécheur alimentaire;Transformateur alimentaire;0.08624511750599521;0.12807412757053047;77.62060575539569;D — activité déduite;"SB120; SB149";"Contexte régional ; taille et fréquence locales proposées. Profil résidentiel rural/mixte ; jardins, cuisine, filage, corvées et milice saisonnière restent activités secondaires. chapitre régional ; profil territorial proposé Budget civil 22,00 % ; coefficient 1,300000 ; part de filière 0,709 %. Apprentissage, atelier, combustible et outils ; titre noble ne remplace pas qualification.";0.00375174996191877;0.08014986045029936;0.0023435070937770845
Fromager;Transformateur alimentaire;0.08624511750599521;0.12807412757053047;77.62060575539569;A — activité attestée;"SB120; SB149";"Contexte régional ; taille et fréquence locales proposées. Profil résidentiel rural/mixte ; jardins, cuisine, filage, corvées et milice saisonnière restent activités secondaires. chapitre régional ; profil territorial proposé Budget civil 22,00 % ; coefficient 1,300000 ; part de filière 0,709 %. Apprentissage, atelier, combustible et outils ; titre noble ne remplace pas qualification.";0.00375174996191877;0.08014986045029936;0.0023435070937770845
Huilier;Transformateur alimentaire;0.08624511750599521;0.12807412757053047;77.62060575539569;P — activité proposée;"SB120; SB149";"Contexte régional ; taille et fréquence locales proposées. Profil résidentiel rural/mixte ; jardins, cuisine, filage, corvées et milice saisonnière restent activités secondaires. chapitre régional ; profil territorial proposé Budget civil 22,00 % ; coefficient 1,300000 ; part de filière 0,709 %. Apprentissage, atelier, combustible et outils ; titre noble ne remplace pas qualification.";0.00375174996191877;0.08014986045029936;0.0023435070937770845
Brasseur;Fabricant de boissons;0.07961087769784173;0.11822227160356656;71.64978992805756;A — activité attestée;"MJ128; SB120";"Contexte régional ; taille et fréquence locales proposées. Profil résidentiel rural/mixte ; jardins, cuisine, filage, corvées et milice saisonnière restent activités secondaires. chapitre régional ; profil territorial proposé Budget civil 22,00 % ; coefficient 1,200000 ; part de filière 0,654 %. Apprentissage, atelier, combustible et outils ; titre noble ne remplace pas qualification.";0.00346315381100194;0.0739844865695071;0.0021632373173326933
Distillateur;Fabricant de boissons;0.07961087769784173;0.11822227160356656;71.64978992805756;A — activité attestée;"MJ128; SB120";"Contexte régional ; taille et fréquence locales proposées. Profil résidentiel rural/mixte ; jardins, cuisine, filage, corvées et milice saisonnière restent activités secondaires. chapitre régional ; profil territorial proposé Budget civil 22,00 % ; coefficient 1,200000 ; part de filière 0,654 %. Apprentissage, atelier, combustible et outils ; titre noble ne remplace pas qualification.";0.00346315381100194;0.0739844865695071;0.0021632373173326933
Distillateur de Highlandtuber;Fabricant de boissons;0;0;0.0;A — activité attestée;"SB120; SB121";"Contexte régional ; taille et fréquence locales proposées. Profil résidentiel rural/mixte ; jardins, cuisine, filage, corvées et milice saisonnière restent activités secondaires. chapitre régional ; profil territorial proposé Budget civil 22,00 % ; coefficient 0,000000 ; part de filière 0,000 %. Zéro proposé : Filière régionale non retenue dans ce scénario, sans interdiction universelle. Apprentissage, atelier, combustible et outils ; titre noble ne remplace pas qualification.";0;0;0
Maître de cérémonie du thé;Maître de cérémonie du thé;0;0;0.0;A — activité attestée;SB201;"Contexte régional ; taille et fréquence locales proposées. Profil résidentiel rural/mixte ; jardins, cuisine, filage, corvées et milice saisonnière restent activités secondaires. chapitre régional ; profil territorial proposé Budget civil 0,00 % ; coefficient 0,000000 ; part de filière 0,000 %. Zéro proposé : Filière régionale non retenue dans ce scénario, sans interdiction universelle. Apprentissage, audition et réseau ; accès au mérite notamment Mustardseed.";0;0;0
Alchimiste;Alchimiste;0.052712892039175334;0.07827872295689832;47.4416028352578;A — activité attestée;"MJ128; BR55";"Contexte régional ; taille et fréquence locales proposées. Profil résidentiel rural/mixte ; jardins, cuisine, filage, corvées et milice saisonnière restent activités secondaires. chapitre régional ; profil territorial proposé Budget civil 1,00 % ; coefficient 2,500000 ; part de filière 9,527 %. Long apprentissage, frais, bourses, talent, licence ou secret ; titre ne donne pas maîtrise.";0.0055108345381038905;0.04709190363718379;0.00011015386388765186
Apothicaire;Alchimiste;0.02108515681567013;0.031311489182759326;18.97664113410312;A — activité attestée;"MJ128; BR55";"Contexte régional ; taille et fréquence locales proposées. Profil résidentiel rural/mixte ; jardins, cuisine, filage, corvées et milice saisonnière restent activités secondaires. chapitre régional ; profil territorial proposé Budget civil 1,00 % ; coefficient 1,000000 ; part de filière 3,811 %. Long apprentissage, frais, bourses, talent, licence ou secret ; titre ne donne pas maîtrise.";0.0022043338152415563;0.01883676145487351;4.4061545555060766e-05
Préparateur de poisons;Alchimiste;0.02108515681567013;0.031311489182759326;18.97664113410312;D — activité déduite;"BR55; SB193";"Contexte régional ; taille et fréquence locales proposées. Profil résidentiel rural/mixte ; jardins, cuisine, filage, corvées et milice saisonnière restent activités secondaires. chapitre régional ; profil territorial proposé Budget civil 1,00 % ; coefficient 1,000000 ; part de filière 3,811 %. Long apprentissage, frais, bourses, talent, licence ou secret ; titre ne donne pas maîtrise.";0.0022043338152415563;0.01883676145487351;4.4061545555060766e-05
Préparateur de potions;Alchimiste;0.02108515681567013;0.031311489182759326;18.97664113410312;A — activité attestée;SB138;"Contexte régional ; taille et fréquence locales proposées. Profil résidentiel rural/mixte ; jardins, cuisine, filage, corvées et milice saisonnière restent activités secondaires. chapitre régional ; profil territorial proposé Budget civil 1,00 % ; coefficient 1,000000 ; part de filière 3,811 %. Long apprentissage, frais, bourses, talent, licence ou secret ; titre ne donne pas maîtrise.";0.0022043338152415563;0.01883676145487351;4.4061545555060766e-05
Préparateur d’Estelindea;Alchimiste;0;0;0.0;A — activité attestée;SB153;"Contexte régional ; taille et fréquence locales proposées. Profil résidentiel rural/mixte ; jardins, cuisine, filage, corvées et milice saisonnière restent activités secondaires. chapitre régional ; profil territorial proposé Budget civil 1,00 % ; coefficient 0,000000 ; part de filière 0,000 %. Zéro proposé : Filière régionale non retenue dans ce scénario, sans interdiction universelle. Long apprentissage, frais, bourses, talent, licence ou secret ; titre ne donne pas maîtrise.";0;0;0
Charbonnier;Charbonnier;0.08349531187122734;0.12399066211943471;75.14578068410461;P — activité proposée;SB128;"Contexte régional ; taille et fréquence locales proposées. Profil résidentiel rural/mixte ; jardins, cuisine, filage, corvées et milice saisonnière restent activités secondaires. chapitre régional ; profil territorial proposé Budget civil 5,00 % ; coefficient 0,750000 ; part de filière 3,018 %. Savoir-faire de terrain et sécurité ; procédé spécialisé distinct du rang social.";0.0007526178368861773;0.08039210396630812;0.002350590068033042
Fondeur et affineur;Métallurgiste;0.04643967865707434;0.06896299176874715;41.7957107913669;D — activité déduite;"SB198; SB160";"Contexte régional ; taille et fréquence locales proposées. Profil résidentiel rural/mixte ; jardins, cuisine, filage, corvées et milice saisonnière restent activités secondaires. chapitre régional ; profil territorial proposé Budget civil 22,00 % ; coefficient 0,700000 ; part de filière 0,382 %. Apprentissage, atelier, combustible et outils ; titre noble ne remplace pas qualification.";0.002020173056417798;0.0431576171655458;0.0012618884351107372
Aciériste;Métallurgiste;0.04643967865707434;0.06896299176874715;41.7957107913669;D — activité déduite;SB198;"Contexte régional ; taille et fréquence locales proposées. Profil résidentiel rural/mixte ; jardins, cuisine, filage, corvées et milice saisonnière restent activités secondaires. chapitre régional ; profil territorial proposé Budget civil 22,00 % ; coefficient 0,700000 ; part de filière 0,382 %. Apprentissage, atelier, combustible et outils ; titre noble ne remplace pas qualification.";0.002020173056417798;0.0431576171655458;0.0012618884351107372
Forgeron;Forgeron;1.990271942446043;2.955556790089164;1791.2447482014388;A — activité attestée;MJ128;"Contexte régional ; taille et fréquence locales proposées. Profil résidentiel rural/mixte ; jardins, cuisine, filage, corvées et milice saisonnière restent activités secondaires. chapitre régional ; profil territorial proposé Budget civil 22,00 % ; coefficient 30,000000 ; part de filière 16,351 %. Apprentissage, atelier, combustible et outils ; titre noble ne remplace pas qualification.";0.08657884527504853;1.8496121642376773;0.054080932933317345
Armurier;Forgeron;0.7961087769784173;1.1822227160356655;716.4978992805756;A — activité attestée;MJ128;"Contexte régional ; taille et fréquence locales proposées. Profil résidentiel rural/mixte ; jardins, cuisine, filage, corvées et milice saisonnière restent activités secondaires. chapitre régional ; profil territorial proposé Budget civil 22,00 % ; coefficient 12,000000 ; part de filière 6,540 %. Apprentissage, atelier, combustible et outils ; titre noble ne remplace pas qualification.";0.034631538110019414;0.7398448656950709;0.021632373173326936
Coutelier;Forgeron;0.7961087769784173;1.1822227160356655;716.4978992805756;D — activité déduite;MJ128;"Contexte régional ; taille et fréquence locales proposées. Profil résidentiel rural/mixte ; jardins, cuisine, filage, corvées et milice saisonnière restent activités secondaires. chapitre régional ; profil territorial proposé Budget civil 22,00 % ; coefficient 12,000000 ; part de filière 6,540 %. Apprentissage, atelier, combustible et outils ; titre noble ne remplace pas qualification.";0.034631538110019414;0.7398448656950709;0.021632373173326936
Rémouleur;Forgeron;0.7961087769784173;1.1822227160356655;716.4978992805756;D — activité déduite;MJ128;"Contexte régional ; taille et fréquence locales proposées. Profil résidentiel rural/mixte ; jardins, cuisine, filage, corvées et milice saisonnière restent activités secondaires. chapitre régional ; profil territorial proposé Budget civil 22,00 % ; coefficient 12,000000 ; part de filière 6,540 %. Apprentissage, atelier, combustible et outils ; titre noble ne remplace pas qualification.";0.034631538110019414;0.7398448656950709;0.021632373173326936
Serrurier;Mécanicien et artisan du métal;0.07961087769784173;0.11822227160356656;71.64978992805756;A — activité attestée;"MJ128; SB174";"Contexte régional ; taille et fréquence locales proposées. Profil résidentiel rural/mixte ; jardins, cuisine, filage, corvées et milice saisonnière restent activités secondaires. chapitre régional ; profil territorial proposé Budget civil 22,00 % ; coefficient 1,200000 ; part de filière 0,654 %. Apprentissage, atelier, combustible et outils ; titre noble ne remplace pas qualification.";0.00346315381100194;0.0739844865695071;0.0021632373173326933
Rétameur;Mécanicien et artisan du métal;0.07961087769784173;0.11822227160356656;71.64978992805756;A — activité attestée;"MJ128; SB174";"Contexte régional ; taille et fréquence locales proposées. Profil résidentiel rural/mixte ; jardins, cuisine, filage, corvées et milice saisonnière restent activités secondaires. chapitre régional ; profil territorial proposé Budget civil 22,00 % ; coefficient 1,200000 ; part de filière 0,654 %. Apprentissage, atelier, combustible et outils ; titre noble ne remplace pas qualification.";0.00346315381100194;0.0739844865695071;0.0021632373173326933
Réparateur et bricoleur;Mécanicien et artisan du métal;0.07961087769784173;0.11822227160356656;71.64978992805756;A — activité attestée;"MJ128; SB174";"Contexte régional ; taille et fréquence locales proposées. Profil résidentiel rural/mixte ; jardins, cuisine, filage, corvées et milice saisonnière restent activités secondaires. chapitre régional ; profil territorial proposé Budget civil 22,00 % ; coefficient 1,200000 ; part de filière 0,654 %. Apprentissage, atelier, combustible et outils ; titre noble ne remplace pas qualification.";0.00346315381100194;0.0739844865695071;0.0021632373173326933
Horloger;Mécanicien et artisan du métal;0;0;0.0;D — activité déduite;SB174;"Contexte régional ; taille et fréquence locales proposées. Profil résidentiel rural/mixte ; jardins, cuisine, filage, corvées et milice saisonnière restent activités secondaires. chapitre régional ; profil territorial proposé Budget civil 22,00 % ; coefficient 0,000000 ; part de filière 0,000 %. Zéro proposé : Climat, matière ou culture hors filière régionale retenue ; aucun établissement exceptionnel proposé. Apprentissage, atelier, combustible et outils ; titre noble ne remplace pas qualification.";0;0;0
Fabricant d’outils de précision;Mécanicien et artisan du métal;0;0;0.0;A — activité attestée;SB174;"Contexte régional ; taille et fréquence locales proposées. Profil résidentiel rural/mixte ; jardins, cuisine, filage, corvées et milice saisonnière restent activités secondaires. chapitre régional ; profil territorial proposé Budget civil 22,00 % ; coefficient 0,000000 ; part de filière 0,000 %. Zéro proposé : Climat, matière ou culture hors filière régionale retenue ; aucun établissement exceptionnel proposé. Apprentissage, atelier, combustible et outils ; titre noble ne remplace pas qualification.";0;0;0
Fabricant d’instruments de navigation;Mécanicien et artisan du métal;0;0;0.0;D — activité déduite;SB174;"Contexte régional ; taille et fréquence locales proposées. Profil résidentiel rural/mixte ; jardins, cuisine, filage, corvées et milice saisonnière restent activités secondaires. chapitre régional ; profil territorial proposé Budget civil 22,00 % ; coefficient 0,000000 ; part de filière 0,000 %. Zéro proposé : Climat, matière ou culture hors filière régionale retenue ; aucun établissement exceptionnel proposé. Apprentissage, atelier, combustible et outils ; titre noble ne remplace pas qualification.";0;0;0
Bijoutier;Bijoutier;0.13268479616306955;0.1970371193392776;119.41631654676259;A — activité attestée;MJ128;"Contexte régional ; taille et fréquence locales proposées. Profil résidentiel rural/mixte ; jardins, cuisine, filage, corvées et milice saisonnière restent activités secondaires. chapitre régional ; profil territorial proposé Budget civil 22,00 % ; coefficient 2,000000 ; part de filière 1,090 %. Apprentissage, atelier, combustible et outils ; titre noble ne remplace pas qualification.";0.00577192301833657;0.12330747761584515;0.0036053955288878215
Orfèvre;Bijoutier;0.05307391846522782;0.07881484773571104;47.766526618705036;A — activité attestée;MJ128;"Contexte régional ; taille et fréquence locales proposées. Profil résidentiel rural/mixte ; jardins, cuisine, filage, corvées et milice saisonnière restent activités secondaires. chapitre régional ; profil territorial proposé Budget civil 22,00 % ; coefficient 0,800000 ; part de filière 0,436 %. Apprentissage, atelier, combustible et outils ; titre noble ne remplace pas qualification.";0.0023087692073346278;0.04932299104633806;0.0014421582115551291
Lapidaire et tailleur de gemmes;Bijoutier;0.05307391846522782;0.07881484773571104;47.766526618705036;A — activité attestée;MJ128;"Contexte régional ; taille et fréquence locales proposées. Profil résidentiel rural/mixte ; jardins, cuisine, filage, corvées et milice saisonnière restent activités secondaires. chapitre régional ; profil territorial proposé Budget civil 22,00 % ; coefficient 0,800000 ; part de filière 0,436 %. Apprentissage, atelier, combustible et outils ; titre noble ne remplace pas qualification.";0.0023087692073346278;0.04932299104633806;0.0014421582115551291
Tanneur;Tanneur;0.2487839928057554;0.3694445987611455;223.90559352517985;A — activité attestée;MJ128;"Contexte régional ; taille et fréquence locales proposées. Profil résidentiel rural/mixte ; jardins, cuisine, filage, corvées et milice saisonnière restent activités secondaires. chapitre régional ; profil territorial proposé Budget civil 22,00 % ; coefficient 3,750000 ; part de filière 2,044 %. Apprentissage, atelier, combustible et outils ; titre noble ne remplace pas qualification.";0.010822355659381066;0.23120152052970966;0.006760116616664668
Fourreur;Tanneur;0.09951359712230216;0.1477778395044582;89.56223741007194;D — activité déduite;"SB120; SB133";"Contexte régional ; taille et fréquence locales proposées. Profil résidentiel rural/mixte ; jardins, cuisine, filage, corvées et milice saisonnière restent activités secondaires. chapitre régional ; profil territorial proposé Budget civil 22,00 % ; coefficient 1,500000 ; part de filière 0,818 %. Apprentissage, atelier, combustible et outils ; titre noble ne remplace pas qualification.";0.004328942263752427;0.09248060821188386;0.002704046646665867
Maroquinier;Artisan du cuir;0.21229567386091128;0.31525939094284416;191.06610647482015;A — activité attestée;MJ128;"Contexte régional ; taille et fréquence locales proposées. Profil résidentiel rural/mixte ; jardins, cuisine, filage, corvées et milice saisonnière restent activités secondaires. chapitre régional ; profil territorial proposé Budget civil 22,00 % ; coefficient 3,200000 ; part de filière 1,744 %. Apprentissage, atelier, combustible et outils ; titre noble ne remplace pas qualification.";0.009235076829338511;0.19729196418535225;0.0057686328462205165
Bourrelier et sellier;Artisan du cuir;0.21229567386091128;0.31525939094284416;191.06610647482015;D — activité déduite;"MJ128; SB163";"Contexte régional ; taille et fréquence locales proposées. Profil résidentiel rural/mixte ; jardins, cuisine, filage, corvées et milice saisonnière restent activités secondaires. chapitre régional ; profil territorial proposé Budget civil 22,00 % ; coefficient 3,200000 ; part de filière 1,744 %. Apprentissage, atelier, combustible et outils ; titre noble ne remplace pas qualification.";0.009235076829338511;0.19729196418535225;0.0057686328462205165
Boursier, fabricant de bourses;Artisan du cuir;0.21229567386091128;0.31525939094284416;191.06610647482015;D — activité déduite;MJ128;"Contexte régional ; taille et fréquence locales proposées. Profil résidentiel rural/mixte ; jardins, cuisine, filage, corvées et milice saisonnière restent activités secondaires. chapitre régional ; profil territorial proposé Budget civil 22,00 % ; coefficient 3,200000 ; part de filière 1,744 %. Apprentissage, atelier, combustible et outils ; titre noble ne remplace pas qualification.";0.009235076829338511;0.19729196418535225;0.0057686328462205165
Gantier;Artisan du cuir;0.21229567386091128;0.31525939094284416;191.06610647482015;D — activité déduite;MJ128;"Contexte régional ; taille et fréquence locales proposées. Profil résidentiel rural/mixte ; jardins, cuisine, filage, corvées et milice saisonnière restent activités secondaires. chapitre régional ; profil territorial proposé Budget civil 22,00 % ; coefficient 3,200000 ; part de filière 1,744 %. Apprentissage, atelier, combustible et outils ; titre noble ne remplace pas qualification.";0.009235076829338511;0.19729196418535225;0.0057686328462205165
Cordonnier;Artisan du cuir;0.21229567386091128;0.31525939094284416;191.06610647482015;A — activité attestée;MJ128;"Contexte régional ; taille et fréquence locales proposées. Profil résidentiel rural/mixte ; jardins, cuisine, filage, corvées et milice saisonnière restent activités secondaires. chapitre régional ; profil territorial proposé Budget civil 22,00 % ; coefficient 3,200000 ; part de filière 1,744 %. Apprentissage, atelier, combustible et outils ; titre noble ne remplace pas qualification.";0.009235076829338511;0.19729196418535225;0.0057686328462205165
Fileur;Artisan textile;0.13268479616306955;0.1970371193392776;119.41631654676259;D — activité déduite;MJ128;"Contexte régional ; taille et fréquence locales proposées. Profil résidentiel rural/mixte ; jardins, cuisine, filage, corvées et milice saisonnière restent activités secondaires. chapitre régional ; profil territorial proposé Budget civil 22,00 % ; coefficient 2,000000 ; part de filière 1,090 %. Apprentissage, atelier, combustible et outils ; titre noble ne remplace pas qualification.";0.00577192301833657;0.12330747761584515;0.0036053955288878215
Tisserand;Artisan textile;0.13268479616306955;0.1970371193392776;119.41631654676259;A — activité attestée;MJ128;"Contexte régional ; taille et fréquence locales proposées. Profil résidentiel rural/mixte ; jardins, cuisine, filage, corvées et milice saisonnière restent activités secondaires. chapitre régional ; profil territorial proposé Budget civil 22,00 % ; coefficient 2,000000 ; part de filière 1,090 %. Apprentissage, atelier, combustible et outils ; titre noble ne remplace pas qualification.";0.00577192301833657;0.12330747761584515;0.0036053955288878215
Teinturier;Artisan textile;0.13268479616306955;0.1970371193392776;119.41631654676259;A — activité attestée;MJ128;"Contexte régional ; taille et fréquence locales proposées. Profil résidentiel rural/mixte ; jardins, cuisine, filage, corvées et milice saisonnière restent activités secondaires. chapitre régional ; profil territorial proposé Budget civil 22,00 % ; coefficient 2,000000 ; part de filière 1,090 %. Apprentissage, atelier, combustible et outils ; titre noble ne remplace pas qualification.";0.00577192301833657;0.12330747761584515;0.0036053955288878215
Tailleur;Tailleur de vêtements;0.13268479616306955;0.1970371193392776;119.41631654676259;D — activité déduite;"MJ128; SB139";"Contexte régional ; taille et fréquence locales proposées. Profil résidentiel rural/mixte ; jardins, cuisine, filage, corvées et milice saisonnière restent activités secondaires. chapitre régional ; profil territorial proposé Budget civil 22,00 % ; coefficient 2,000000 ; part de filière 1,090 %. Apprentissage, atelier, combustible et outils ; titre noble ne remplace pas qualification.";0.00577192301833657;0.12330747761584515;0.0036053955288878215
Modiste et fabricant de coiffes;Tailleur de vêtements;0.13268479616306955;0.1970371193392776;119.41631654676259;D — activité déduite;"SB139; SB120";"Contexte régional ; taille et fréquence locales proposées. Profil résidentiel rural/mixte ; jardins, cuisine, filage, corvées et milice saisonnière restent activités secondaires. chapitre régional ; profil territorial proposé Budget civil 22,00 % ; coefficient 2,000000 ; part de filière 1,090 %. Apprentissage, atelier, combustible et outils ; titre noble ne remplace pas qualification.";0.00577192301833657;0.12330747761584515;0.0036053955288878215
Tapissier;Tapissier;0.06634239808153478;0.0985185596696388;59.708158273381294;D — activité déduite;SB200;"Contexte régional ; taille et fréquence locales proposées. Profil résidentiel rural/mixte ; jardins, cuisine, filage, corvées et milice saisonnière restent activités secondaires. chapitre régional ; profil territorial proposé Budget civil 22,00 % ; coefficient 1,000000 ; part de filière 0,545 %. Apprentissage, atelier, combustible et outils ; titre noble ne remplace pas qualification.";0.002885961509168285;0.061653738807922576;0.0018026977644439108
Menuisier;Menuisier;0.33171199040767385;0.492592798348194;298.54079136690643;D — activité déduite;"MJ128; SB152";"Contexte régional ; taille et fréquence locales proposées. Profil résidentiel rural/mixte ; jardins, cuisine, filage, corvées et milice saisonnière restent activités secondaires. chapitre régional ; profil territorial proposé Budget civil 22,00 % ; coefficient 5,000000 ; part de filière 2,725 %. Apprentissage, atelier, combustible et outils ; titre noble ne remplace pas qualification.";0.014429807545841423;0.3082686940396129;0.00901348882221956
Ébéniste;Menuisier;0.13268479616306955;0.1970371193392776;119.41631654676259;D — activité déduite;MJ128;"Contexte régional ; taille et fréquence locales proposées. Profil résidentiel rural/mixte ; jardins, cuisine, filage, corvées et milice saisonnière restent activités secondaires. chapitre régional ; profil territorial proposé Budget civil 22,00 % ; coefficient 2,000000 ; part de filière 1,090 %. Apprentissage, atelier, combustible et outils ; titre noble ne remplace pas qualification.";0.00577192301833657;0.12330747761584515;0.0036053955288878215
Sculpteur sur bois;Menuisier;0.13268479616306955;0.1970371193392776;119.41631654676259;A — activité attestée;MJ128;"Contexte régional ; taille et fréquence locales proposées. Profil résidentiel rural/mixte ; jardins, cuisine, filage, corvées et milice saisonnière restent activités secondaires. chapitre régional ; profil territorial proposé Budget civil 22,00 % ; coefficient 2,000000 ; part de filière 1,090 %. Apprentissage, atelier, combustible et outils ; titre noble ne remplace pas qualification.";0.00577192301833657;0.12330747761584515;0.0036053955288878215
Tonnelier;Menuisier;0.13268479616306955;0.1970371193392776;119.41631654676259;A — activité attestée;MJ128;"Contexte régional ; taille et fréquence locales proposées. Profil résidentiel rural/mixte ; jardins, cuisine, filage, corvées et milice saisonnière restent activités secondaires. chapitre régional ; profil territorial proposé Budget civil 22,00 % ; coefficient 2,000000 ; part de filière 1,090 %. Apprentissage, atelier, combustible et outils ; titre noble ne remplace pas qualification.";0.00577192301833657;0.12330747761584515;0.0036053955288878215
Charron;Menuisier;0.13268479616306955;0.1970371193392776;119.41631654676259;A — activité attestée;MJ128;"Contexte régional ; taille et fréquence locales proposées. Profil résidentiel rural/mixte ; jardins, cuisine, filage, corvées et milice saisonnière restent activités secondaires. chapitre régional ; profil territorial proposé Budget civil 22,00 % ; coefficient 2,000000 ; part de filière 1,090 %. Apprentissage, atelier, combustible et outils ; titre noble ne remplace pas qualification.";0.00577192301833657;0.12330747761584515;0.0036053955288878215
Charpentier;Charpentier;0.215612793764988;0.32018531892632607;194.05151438848918;A — activité attestée;MJ128;"Contexte régional ; taille et fréquence locales proposées. Profil résidentiel rural/mixte ; jardins, cuisine, filage, corvées et milice saisonnière restent activités secondaires. chapitre régional ; profil territorial proposé Budget civil 22,00 % ; coefficient 3,250000 ; part de filière 1,771 %. Apprentissage, atelier, combustible et outils ; titre noble ne remplace pas qualification.";0.00937937490479692;0.20037465112574834;0.005858767734442709
Couvreur;Charpentier;0.08624511750599521;0.12807412757053047;77.62060575539569;A — activité attestée;MJ128;"Contexte régional ; taille et fréquence locales proposées. Profil résidentiel rural/mixte ; jardins, cuisine, filage, corvées et milice saisonnière restent activités secondaires. chapitre régional ; profil territorial proposé Budget civil 22,00 % ; coefficient 1,300000 ; part de filière 0,709 %. Apprentissage, atelier, combustible et outils ; titre noble ne remplace pas qualification.";0.00375174996191877;0.08014986045029936;0.0023435070937770845
Constructeur naval;Constructeur naval;0.09951359712230216;0.1477778395044582;89.56223741007194;A — activité attestée;"MJ128; SB148";"Contexte régional ; taille et fréquence locales proposées. Profil résidentiel rural/mixte ; jardins, cuisine, filage, corvées et milice saisonnière restent activités secondaires. chapitre régional ; profil territorial proposé Budget civil 22,00 % ; coefficient 1,500000 ; part de filière 0,818 %. Apprentissage, atelier, combustible et outils ; titre noble ne remplace pas qualification.";0.004328942263752427;0.09248060821188386;0.002704046646665867
Calfat;Constructeur naval;0.03980543884892086;0.05911113580178328;35.82489496402878;D — activité déduite;"MJ128; SB148";"Contexte régional ; taille et fréquence locales proposées. Profil résidentiel rural/mixte ; jardins, cuisine, filage, corvées et milice saisonnière restent activités secondaires. chapitre régional ; profil territorial proposé Budget civil 22,00 % ; coefficient 0,600000 ; part de filière 0,327 %. Apprentissage, atelier, combustible et outils ; titre noble ne remplace pas qualification.";0.00173157690550097;0.03699224328475355;0.0010816186586663466
Constructeur de drakkars;Constructeur naval;0;0;0.0;A — activité attestée;SB130;"Contexte régional ; taille et fréquence locales proposées. Profil résidentiel rural/mixte ; jardins, cuisine, filage, corvées et milice saisonnière restent activités secondaires. chapitre régional ; profil territorial proposé Budget civil 22,00 % ; coefficient 0,000000 ; part de filière 0,000 %. Zéro proposé : Filière régionale non retenue dans ce scénario, sans interdiction universelle. Apprentissage, atelier, combustible et outils ; titre noble ne remplace pas qualification.";0;0;0
Cordier;Cordier;0.08292799760191846;0.1231481995870485;74.63519784172661;D — activité déduite;SB130;"Contexte régional ; taille et fréquence locales proposées. Profil résidentiel rural/mixte ; jardins, cuisine, filage, corvées et milice saisonnière restent activités secondaires. chapitre régional ; profil territorial proposé Budget civil 22,00 % ; coefficient 1,250000 ; part de filière 0,681 %. Apprentissage, atelier, combustible et outils ; titre noble ne remplace pas qualification.";0.003607451886460356;0.07706717350990322;0.00225337220555489
Voilier;Cordier;0.03317119904076739;0.0492592798348194;29.854079136690647;A — activité attestée;MJ128;"Contexte régional ; taille et fréquence locales proposées. Profil résidentiel rural/mixte ; jardins, cuisine, filage, corvées et milice saisonnière restent activités secondaires. chapitre régional ; profil territorial proposé Budget civil 22,00 % ; coefficient 0,500000 ; part de filière 0,273 %. Apprentissage, atelier, combustible et outils ; titre noble ne remplace pas qualification.";0.0014429807545841425;0.030826869403961288;0.0009013488822219554
Facteur d’arcs;Facteur d’arcs;0.06634239808153478;0.0985185596696388;59.708158273381294;A — activité attestée;"MJ128; SB152";"Contexte régional ; taille et fréquence locales proposées. Profil résidentiel rural/mixte ; jardins, cuisine, filage, corvées et milice saisonnière restent activités secondaires. chapitre régional ; profil territorial proposé Budget civil 22,00 % ; coefficient 1,000000 ; part de filière 0,545 %. Apprentissage, atelier, combustible et outils ; titre noble ne remplace pas qualification.";0.002885961509168285;0.061653738807922576;0.0018026977644439108
Fabricant de flèches;Facteur d’arcs;0.02653695923261391;0.03940742386785552;23.883263309352518;A — activité attestée;SB152;"Contexte régional ; taille et fréquence locales proposées. Profil résidentiel rural/mixte ; jardins, cuisine, filage, corvées et milice saisonnière restent activités secondaires. chapitre régional ; profil territorial proposé Budget civil 22,00 % ; coefficient 0,400000 ; part de filière 0,218 %. Apprentissage, atelier, combustible et outils ; titre noble ne remplace pas qualification.";0.0011543846036673139;0.02466149552316903;0.0007210791057775646
Luthier et facteur d’instruments;Luthier;0.04975679856115108;0.0738889197522291;44.78111870503597;D — activité déduite;BR55;"Contexte régional ; taille et fréquence locales proposées. Profil résidentiel rural/mixte ; jardins, cuisine, filage, corvées et milice saisonnière restent activités secondaires. chapitre régional ; profil territorial proposé Budget civil 22,00 % ; coefficient 0,750000 ; part de filière 0,409 %. Apprentissage, atelier, combustible et outils ; titre noble ne remplace pas qualification.";0.0021644711318762134;0.04624030410594193;0.0013520233233329335
Tailleur de pierre;Tailleur de pierre;0.2487839928057554;0.3694445987611455;223.90559352517985;A — activité attestée;"MJ128; SB161";"Contexte régional ; taille et fréquence locales proposées. Profil résidentiel rural/mixte ; jardins, cuisine, filage, corvées et milice saisonnière restent activités secondaires. chapitre régional ; profil territorial proposé Budget civil 22,00 % ; coefficient 3,750000 ; part de filière 2,044 %. Apprentissage, atelier, combustible et outils ; titre noble ne remplace pas qualification.";0.010822355659381066;0.23120152052970966;0.006760116616664668
Sculpteur sur pierre;Tailleur de pierre;0.09951359712230216;0.1477778395044582;89.56223741007194;D — activité déduite;"MJ128; SB161";"Contexte régional ; taille et fréquence locales proposées. Profil résidentiel rural/mixte ; jardins, cuisine, filage, corvées et milice saisonnière restent activités secondaires. chapitre régional ; profil territorial proposé Budget civil 22,00 % ; coefficient 1,500000 ; part de filière 0,818 %. Apprentissage, atelier, combustible et outils ; titre noble ne remplace pas qualification.";0.004328942263752427;0.09248060821188386;0.002704046646665867
Sculpteur de statues de Stone Spirits;Tailleur de pierre;0;0;0.0;A — activité attestée;SB161;"Contexte régional ; taille et fréquence locales proposées. Profil résidentiel rural/mixte ; jardins, cuisine, filage, corvées et milice saisonnière restent activités secondaires. chapitre régional ; profil territorial proposé Budget civil 22,00 % ; coefficient 0,000000 ; part de filière 0,000 %. Zéro proposé : Filière régionale non retenue dans ce scénario, sans interdiction universelle. Apprentissage, atelier, combustible et outils ; titre noble ne remplace pas qualification.";0;0;0
Maçon;Maçon;0.6634239808153477;0.985185596696388;597.0815827338129;A — activité attestée;"MJ128; SB90";"Contexte régional ; taille et fréquence locales proposées. Profil résidentiel rural/mixte ; jardins, cuisine, filage, corvées et milice saisonnière restent activités secondaires. chapitre régional ; profil territorial proposé Budget civil 22,00 % ; coefficient 10,000000 ; part de filière 5,450 %. Apprentissage, atelier, combustible et outils ; titre noble ne remplace pas qualification.";0.028859615091682847;0.6165373880792258;0.01802697764443912
Plâtrier;Maçon;0.2653695923261391;0.3940742386785552;238.83263309352517;A — activité attestée;"MJ128; SB90";"Contexte régional ; taille et fréquence locales proposées. Profil résidentiel rural/mixte ; jardins, cuisine, filage, corvées et milice saisonnière restent activités secondaires. chapitre régional ; profil territorial proposé Budget civil 22,00 % ; coefficient 4,000000 ; part de filière 2,180 %. Apprentissage, atelier, combustible et outils ; titre noble ne remplace pas qualification.";0.01154384603667314;0.2466149552316903;0.007210791057775643
Manœuvre de chantier;Maçon;0.26536959232613905;0.3940742386785551;238.83263309352515;A — activité attestée;SB90;"Contexte régional ; taille et fréquence locales proposées. Profil résidentiel rural/mixte ; jardins, cuisine, filage, corvées et milice saisonnière restent activités secondaires. chapitre régional ; profil territorial proposé Budget civil 22,00 % ; coefficient 4,000000 ; part de filière 2,180 %. Apprentissage, atelier, combustible et outils ; titre noble ne remplace pas qualification.";0.005900256587040926;0.2520982191630011;0.0073711165760970065
Architecte;Architecte;0.06634239808153478;0.0985185596696388;59.708158273381294;A — activité attestée;SB174;"Contexte régional ; taille et fréquence locales proposées. Profil résidentiel rural/mixte ; jardins, cuisine, filage, corvées et milice saisonnière restent activités secondaires. chapitre régional ; profil territorial proposé Budget civil 22,00 % ; coefficient 1,000000 ; part de filière 0,545 %. Apprentissage, atelier, combustible et outils ; titre noble ne remplace pas qualification.";0.002885961509168285;0.061653738807922576;0.0018026977644439108
Géomètre et arpenteur;Architecte;0.02653695923261391;0.03940742386785552;23.883263309352518;A — activité attestée;MJ128;"Contexte régional ; taille et fréquence locales proposées. Profil résidentiel rural/mixte ; jardins, cuisine, filage, corvées et milice saisonnière restent activités secondaires. chapitre régional ; profil territorial proposé Budget civil 22,00 % ; coefficient 0,400000 ; part de filière 0,218 %. Apprentissage, atelier, combustible et outils ; titre noble ne remplace pas qualification.";0.0011543846036673139;0.02466149552316903;0.0007210791057775646
Potier;Potier;0.16585599520383693;0.246296399174097;149.27039568345322;A — activité attestée;"MJ128; SB200";"Contexte régional ; taille et fréquence locales proposées. Profil résidentiel rural/mixte ; jardins, cuisine, filage, corvées et milice saisonnière restent activités secondaires. chapitre régional ; profil territorial proposé Budget civil 22,00 % ; coefficient 2,500000 ; part de filière 1,363 %. Apprentissage, atelier, combustible et outils ; titre noble ne remplace pas qualification.";0.007214903772920712;0.15413434701980644;0.00450674441110978
Tuilier;Potier;0.06634239808153478;0.0985185596696388;59.708158273381294;A — activité attestée;"MJ128; SB200";"Contexte régional ; taille et fréquence locales proposées. Profil résidentiel rural/mixte ; jardins, cuisine, filage, corvées et milice saisonnière restent activités secondaires. chapitre régional ; profil territorial proposé Budget civil 22,00 % ; coefficient 1,000000 ; part de filière 0,545 %. Apprentissage, atelier, combustible et outils ; titre noble ne remplace pas qualification.";0.002885961509168285;0.061653738807922576;0.0018026977644439108
Porcelainier;Potier;0.06634239808153478;0.0985185596696388;59.708158273381294;D — activité déduite;SB200;"Contexte régional ; taille et fréquence locales proposées. Profil résidentiel rural/mixte ; jardins, cuisine, filage, corvées et milice saisonnière restent activités secondaires. chapitre régional ; profil territorial proposé Budget civil 22,00 % ; coefficient 1,000000 ; part de filière 0,545 %. Apprentissage, atelier, combustible et outils ; titre noble ne remplace pas qualification.";0.002885961509168285;0.061653738807922576;0.0018026977644439108
Souffleur de verre;Verrier;0.04643967865707434;0.06896299176874715;41.7957107913669;A — activité attestée;"MJ128; SB174";"Contexte régional ; taille et fréquence locales proposées. Profil résidentiel rural/mixte ; jardins, cuisine, filage, corvées et milice saisonnière restent activités secondaires. chapitre régional ; profil territorial proposé Budget civil 22,00 % ; coefficient 0,700000 ; part de filière 0,382 %. Apprentissage, atelier, combustible et outils ; titre noble ne remplace pas qualification.";0.002020173056417798;0.0431576171655458;0.0012618884351107372
Vitrier;Verrier;0.04643967865707434;0.06896299176874715;41.7957107913669;A — activité attestée;"MJ128; SB174";"Contexte régional ; taille et fréquence locales proposées. Profil résidentiel rural/mixte ; jardins, cuisine, filage, corvées et milice saisonnière restent activités secondaires. chapitre régional ; profil territorial proposé Budget civil 22,00 % ; coefficient 0,700000 ; part de filière 0,382 %. Apprentissage, atelier, combustible et outils ; titre noble ne remplace pas qualification.";0.002020173056417798;0.0431576171655458;0.0012618884351107372
Opticien et fabricant de lentilles;Verrier;0;0;0.0;D — activité déduite;SB174;"Contexte régional ; taille et fréquence locales proposées. Profil résidentiel rural/mixte ; jardins, cuisine, filage, corvées et milice saisonnière restent activités secondaires. chapitre régional ; profil territorial proposé Budget civil 22,00 % ; coefficient 0,000000 ; part de filière 0,000 %. Zéro proposé : Climat, matière ou culture hors filière régionale retenue ; aucun établissement exceptionnel proposé. Apprentissage, atelier, combustible et outils ; titre noble ne remplace pas qualification.";0;0;0
Papetier;Papetier et artisan du livre;0.015922175539568345;0.023644454320713312;14.329957985611511;A — activité attestée;SB138;"Contexte régional ; taille et fréquence locales proposées. Profil résidentiel rural/mixte ; jardins, cuisine, filage, corvées et milice saisonnière restent activités secondaires. chapitre régional ; profil territorial proposé Budget civil 22,00 % ; coefficient 0,240000 ; part de filière 0,131 %. Apprentissage, atelier, combustible et outils ; titre noble ne remplace pas qualification.";0.0006926307622003882;0.014796897313901419;0.00043264746346653867
Relieur;Papetier et artisan du livre;0.015922175539568345;0.023644454320713312;14.329957985611511;D — activité déduite;"SB138; MJ128";"Contexte régional ; taille et fréquence locales proposées. Profil résidentiel rural/mixte ; jardins, cuisine, filage, corvées et milice saisonnière restent activités secondaires. chapitre régional ; profil territorial proposé Budget civil 22,00 % ; coefficient 0,240000 ; part de filière 0,131 %. Apprentissage, atelier, combustible et outils ; titre noble ne remplace pas qualification.";0.0006926307622003882;0.014796897313901419;0.00043264746346653867
Chandelier;Chandelier;0.08292799760191846;0.1231481995870485;74.63519784172661;P — activité proposée;SB98;"Contexte régional ; taille et fréquence locales proposées. Profil résidentiel rural/mixte ; jardins, cuisine, filage, corvées et milice saisonnière restent activités secondaires. chapitre régional ; profil territorial proposé Budget civil 22,00 % ; coefficient 1,250000 ; part de filière 0,681 %. Apprentissage, atelier, combustible et outils ; titre noble ne remplace pas qualification.";0.003607451886460356;0.07706717350990322;0.00225337220555489
Peintre;Peintre;0.13268479616306955;0.1970371193392776;119.41631654676259;A — activité attestée;"MJ128; SB190";"Contexte régional ; taille et fréquence locales proposées. Profil résidentiel rural/mixte ; jardins, cuisine, filage, corvées et milice saisonnière restent activités secondaires. chapitre régional ; profil territorial proposé Budget civil 22,00 % ; coefficient 2,000000 ; part de filière 1,090 %. Apprentissage, atelier, combustible et outils ; titre noble ne remplace pas qualification.";0.00577192301833657;0.12330747761584515;0.0036053955288878215
Fabricant d’enseignes;Peintre;0.05307391846522782;0.07881484773571104;47.766526618705036;A — activité attestée;"MJ128; SB190";"Contexte régional ; taille et fréquence locales proposées. Profil résidentiel rural/mixte ; jardins, cuisine, filage, corvées et milice saisonnière restent activités secondaires. chapitre régional ; profil territorial proposé Budget civil 22,00 % ; coefficient 0,800000 ; part de filière 0,436 %. Apprentissage, atelier, combustible et outils ; titre noble ne remplace pas qualification.";0.0023087692073346278;0.04932299104633806;0.0014421582115551291
Enlumineur;Peintre;0.05307391846522782;0.07881484773571104;47.766526618705036;A — activité attestée;"MJ128; SB190";"Contexte régional ; taille et fréquence locales proposées. Profil résidentiel rural/mixte ; jardins, cuisine, filage, corvées et milice saisonnière restent activités secondaires. chapitre régional ; profil territorial proposé Budget civil 22,00 % ; coefficient 0,800000 ; part de filière 0,436 %. Apprentissage, atelier, combustible et outils ; titre noble ne remplace pas qualification.";0.0023087692073346278;0.04932299104633806;0.0014421582115551291
Peintre de guerre spirituel;Peintre;0.05307391846522782;0.07881484773571104;47.766526618705036;A — activité attestée;SB193;"Contexte régional ; taille et fréquence locales proposées. Profil résidentiel rural/mixte ; jardins, cuisine, filage, corvées et milice saisonnière restent activités secondaires. chapitre régional ; profil territorial proposé Initiation de la Red Mother ou apprentissage autorisé; recette complète non librement disponible Budget civil 22,00 % ; coefficient 0,800000 ; part de filière 0,436 %. Apprentissage, atelier, combustible et outils ; titre noble ne remplace pas qualification.";0.0023087692073346278;0.04932299104633806;0.0014421582115551291
Tatoueur rituel;Peintre;0;0;0.0;D — activité déduite;"SB200; SB204";"Contexte régional ; taille et fréquence locales proposées. Profil résidentiel rural/mixte ; jardins, cuisine, filage, corvées et milice saisonnière restent activités secondaires. chapitre régional ; profil territorial proposé Budget civil 22,00 % ; coefficient 0,000000 ; part de filière 0,000 %. Zéro proposé : Filière régionale non retenue dans ce scénario, sans interdiction universelle. Apprentissage, atelier, combustible et outils ; titre noble ne remplace pas qualification.";0;0;0
Portefaix;Transporteur terrestre;0.09149342572542224;0.1358678730701251;82.34408315288002;D — activité déduite;"MJ132; SB121";"Contexte régional ; taille et fréquence locales proposées. Profil résidentiel rural/mixte ; jardins, cuisine, filage, corvées et milice saisonnière restent activités secondaires. chapitre régional ; profil territorial proposé Budget civil 7,00 % ; coefficient 6,000000 ; part de filière 2,362 %. Réseau, itinéraires, confiance et capital ; manutention distincte de propriété du fret.";0.003001372157955095;0.08549239228315896;0.0029996612843081957
Docker;Transporteur terrestre;0.09149342572542224;0.1358678730701251;82.34408315288002;D — activité déduite;"MJ132; SB121";"Contexte régional ; taille et fréquence locales proposées. Profil résidentiel rural/mixte ; jardins, cuisine, filage, corvées et milice saisonnière restent activités secondaires. chapitre régional ; profil territorial proposé Budget civil 7,00 % ; coefficient 6,000000 ; part de filière 2,362 %. Réseau, itinéraires, confiance et capital ; manutention distincte de propriété du fret.";0.003001372157955095;0.08549239228315896;0.0029996612843081957
Magasinier;Transporteur terrestre;0.09149342572542224;0.1358678730701251;82.34408315288002;D — activité déduite;"MJ132; SB121";"Contexte régional ; taille et fréquence locales proposées. Profil résidentiel rural/mixte ; jardins, cuisine, filage, corvées et milice saisonnière restent activités secondaires. chapitre régional ; profil territorial proposé Budget civil 7,00 % ; coefficient 6,000000 ; part de filière 2,362 %. Réseau, itinéraires, confiance et capital ; manutention distincte de propriété du fret.";0.005812083347638351;0.08277695723632887;0.002904385141455021
Charretier et cocher;Transporteur terrestre;0.09149342572542224;0.1358678730701251;82.34408315288002;D — activité déduite;"MJ132; SB121";"Contexte régional ; taille et fréquence locales proposées. Profil résidentiel rural/mixte ; jardins, cuisine, filage, corvées et milice saisonnière restent activités secondaires. chapitre régional ; profil territorial proposé Budget civil 7,00 % ; coefficient 6,000000 ; part de filière 2,362 %. Réseau, itinéraires, confiance et capital ; manutention distincte de propriété du fret.";0.005812083347638351;0.08277695723632887;0.002904385141455021
Chef de caravane;Transporteur terrestre;0.09149342572542224;0.1358678730701251;82.34408315288002;A — activité attestée;MJ132;"Contexte régional ; taille et fréquence locales proposées. Profil résidentiel rural/mixte ; jardins, cuisine, filage, corvées et milice saisonnière restent activités secondaires. chapitre régional ; profil territorial proposé Budget civil 7,00 % ; coefficient 6,000000 ; part de filière 2,362 %. Réseau, itinéraires, confiance et capital ; manutention distincte de propriété du fret.";0.005812083347638351;0.08277695723632887;0.002904385141455021
Coursier et messager;Transporteur terrestre;0.09149342572542224;0.1358678730701251;82.34408315288002;D — activité déduite;"MJ132; SB121";"Contexte régional ; taille et fréquence locales proposées. Profil résidentiel rural/mixte ; jardins, cuisine, filage, corvées et milice saisonnière restent activités secondaires. chapitre régional ; profil territorial proposé Budget civil 7,00 % ; coefficient 6,000000 ; part de filière 2,362 %. Réseau, itinéraires, confiance et capital ; manutention distincte de propriété du fret.";0.005812083347638351;0.08277695723632887;0.002904385141455021
Porteur d’eau;Transporteur terrestre;0.09149342572542224;0.1358678730701251;82.34408315288002;P — activité proposée;"MJ132; SB121";"Contexte régional ; taille et fréquence locales proposées. Profil résidentiel rural/mixte ; jardins, cuisine, filage, corvées et milice saisonnière restent activités secondaires. chapitre régional ; profil territorial proposé Budget civil 7,00 % ; coefficient 6,000000 ; part de filière 2,362 %. Réseau, itinéraires, confiance et capital ; manutention distincte de propriété du fret.";0.005812083347638351;0.08277695723632887;0.002904385141455021
Transporteur de canopée;Transporteur terrestre;0;0;0.0;D — activité déduite;SB154;"Contexte régional ; taille et fréquence locales proposées. Profil résidentiel rural/mixte ; jardins, cuisine, filage, corvées et milice saisonnière restent activités secondaires. chapitre régional ; profil territorial proposé Budget civil 7,00 % ; coefficient 0,000000 ; part de filière 0,000 %. Zéro proposé : Filière régionale non retenue dans ce scénario, sans interdiction universelle. Réseau, itinéraires, confiance et capital ; manutention distincte de propriété du fret.";0;0;0
Opérateur de Stone Disks;Transporteur terrestre;0;0;0.0;A — activité attestée;PG13;"Contexte régional ; taille et fréquence locales proposées. Profil résidentiel rural/mixte ; jardins, cuisine, filage, corvées et milice saisonnière restent activités secondaires. chapitre régional ; profil territorial proposé Prêtre nain de Dorsi; Formation spécialisée Budget civil 7,00 % ; coefficient 0,000000 ; part de filière 0,000 %. Zéro proposé : Filière régionale non retenue dans ce scénario, sans interdiction universelle. Réseau, itinéraires, confiance et capital ; manutention distincte de propriété du fret.";0;0;0
Palefrenier et soigneur d’écurie;Transporteur terrestre;0.09149342572542224;0.1358678730701251;82.34408315288002;D — activité déduite;SB123;"Contexte régional ; taille et fréquence locales proposées. Profil résidentiel rural/mixte ; jardins, cuisine, filage, corvées et milice saisonnière restent activités secondaires. chapitre régional ; profil territorial proposé Budget civil 7,00 % ; coefficient 6,000000 ; part de filière 2,362 %. Réseau, itinéraires, confiance et capital ; manutention distincte de propriété du fret.";0.005812083347638351;0.08277695723632887;0.002904385141455021
Marin;Marin;0.038122260718925924;0.05661161377921877;34.31003464703333;A — activité attestée;MJ136;"Contexte régional ; taille et fréquence locales proposées. Profil résidentiel rural/mixte ; jardins, cuisine, filage, corvées et milice saisonnière restent activités secondaires. chapitre régional ; profil territorial proposé Budget civil 7,00 % ; coefficient 2,500000 ; part de filière 0,984 %. Réseau, itinéraires, confiance et capital ; manutention distincte de propriété du fret.";0.002421701394849313;0.034490398848470355;0.0012101604756062589
Navigateur;Marin;0.015248904287570374;0.022644645511687517;13.724013858813336;A — activité attestée;MJ136;"Contexte régional ; taille et fréquence locales proposées. Profil résidentiel rural/mixte ; jardins, cuisine, filage, corvées et milice saisonnière restent activités secondaires. chapitre régional ; profil territorial proposé Budget civil 7,00 % ; coefficient 1,000000 ; part de filière 0,394 %. Réseau, itinéraires, confiance et capital ; manutention distincte de propriété du fret.";0.0009686805579397259;0.013796159539388146;0.0004840641902425036
Pilote de port;Marin;0.015248904287570374;0.022644645511687517;13.724013858813336;D — activité déduite;MJ136;"Contexte régional ; taille et fréquence locales proposées. Profil résidentiel rural/mixte ; jardins, cuisine, filage, corvées et milice saisonnière restent activités secondaires. chapitre régional ; profil territorial proposé Budget civil 7,00 % ; coefficient 1,000000 ; part de filière 0,394 %. Réseau, itinéraires, confiance et capital ; manutention distincte de propriété du fret.";0.0009686805579397259;0.013796159539388146;0.0004840641902425036
Capitaine de navire;Marin;0.015248904287570374;0.022644645511687517;13.724013858813336;A — activité attestée;MJ136;"Contexte régional ; taille et fréquence locales proposées. Profil résidentiel rural/mixte ; jardins, cuisine, filage, corvées et milice saisonnière restent activités secondaires. chapitre régional ; profil territorial proposé Budget civil 7,00 % ; coefficient 1,000000 ; part de filière 0,394 %. Réseau, itinéraires, confiance et capital ; manutention distincte de propriété du fret.";0.0009686805579397259;0.013796159539388146;0.0004840641902425036
Pilote de véhicule volant;Marin;0;0;0.0;D — activité déduite;"SB142; SB174";"Contexte régional ; taille et fréquence locales proposées. Profil résidentiel rural/mixte ; jardins, cuisine, filage, corvées et milice saisonnière restent activités secondaires. chapitre régional ; profil territorial proposé Budget civil 7,00 % ; coefficient 0,000000 ; part de filière 0,000 %. Zéro proposé : Climat, matière ou culture hors filière régionale retenue ; aucun établissement exceptionnel proposé. Réseau, itinéraires, confiance et capital ; manutention distincte de propriété du fret.";0;0;0
Aubergiste;Hôte professionnel;0.08562738199638895;0.127156789421427;77.06464379675005;D — activité déduite;"SB110; SB123";"Contexte régional ; taille et fréquence locales proposées. Profil résidentiel rural/mixte ; jardins, cuisine, filage, corvées et milice saisonnière restent activités secondaires. chapitre régional ; profil territorial proposé Budget civil 3,00 % ; coefficient 3,000000 ; part de filière 5,159 %. Apprentissage et qualification variable ; soins avancés et thérapie magique exigent formation.";0.00038839748528508557;0.08297462400432963;0.0022643605067742354
Tavernier;Hôte professionnel;0.08562738199638895;0.127156789421427;77.06464379675005;A — activité attestée;"SB108; SB149";"Contexte régional ; taille et fréquence locales proposées. Profil résidentiel rural/mixte ; jardins, cuisine, filage, corvées et milice saisonnière restent activités secondaires. chapitre régional ; profil territorial proposé Budget civil 3,00 % ; coefficient 3,000000 ; part de filière 5,159 %. Apprentissage et qualification variable ; soins avancés et thérapie magique exigent formation.";0.00038839748528508557;0.08297462400432963;0.0022643605067742354
Barbier;Barbier;0.21406845499097238;0.3178919735535675;192.66160949187514;P — activité proposée;"MJ135; PG40";"Contexte régional ; taille et fréquence locales proposées. Profil résidentiel rural/mixte ; jardins, cuisine, filage, corvées et milice saisonnière restent activités secondaires. chapitre régional ; profil territorial proposé Budget civil 3,00 % ; coefficient 7,500000 ; part de filière 12,897 %. Apprentissage et qualification variable ; soins avancés et thérapie magique exigent formation.";0.0009709937132127138;0.20743656001082408;0.005660901266935584
Domestique;Employé domestique et aide familiale;0.5708492133092598;0.8477119294761801;513.7642919783337;A — activité attestée;"MJ135; PG40";"Contexte régional ; taille et fréquence locales proposées. Profil résidentiel rural/mixte ; jardins, cuisine, filage, corvées et milice saisonnière restent activités secondaires. chapitre régional ; profil territorial proposé Budget civil 3,00 % ; coefficient 20,000000 ; part de filière 34,391 %. Apprentissage et qualification variable ; soins avancés et thérapie magique exigent formation.";0.002589316568567236;0.5531641600288643;0.015095736711828227
Gardien d’enfants;Employé domestique et aide familiale;0.2854246066546299;0.42385596473809006;256.8821459891669;A — activité attestée;PG40;"Contexte régional ; taille et fréquence locales proposées. Profil résidentiel rural/mixte ; jardins, cuisine, filage, corvées et milice saisonnière restent activités secondaires. chapitre régional ; profil territorial proposé Budget civil 3,00 % ; coefficient 10,000000 ; part de filière 17,195 %. Apprentissage et qualification variable ; soins avancés et thérapie magique exigent formation.";0.001294658284283618;0.27658208001443213;0.007547868355914113
Terrassier d’hygiène urbaine;Agent d’entretien;0.05708492133092596;0.08477119294761798;51.37642919783336;P — activité proposée;SB90;"Contexte régional ; taille et fréquence locales proposées. Profil résidentiel rural/mixte ; jardins, cuisine, filage, corvées et milice saisonnière restent activités secondaires. chapitre régional ; profil territorial proposé Budget civil 3,00 % ; coefficient 2,000000 ; part de filière 3,439 %. Apprentissage et qualification variable ; soins avancés et thérapie magique exigent formation.";0.00012976011807248392;0.05544215611962005;0.0015130050932334244
Ramoneur;Agent d’entretien;0.05708492133092596;0.08477119294761798;51.37642919783336;P — activité proposée;SB90;"Contexte régional ; taille et fréquence locales proposées. Profil résidentiel rural/mixte ; jardins, cuisine, filage, corvées et milice saisonnière restent activités secondaires. chapitre régional ; profil territorial proposé Budget civil 3,00 % ; coefficient 2,000000 ; part de filière 3,439 %. Apprentissage et qualification variable ; soins avancés et thérapie magique exigent formation.";0.00025893165685672364;0.055316416002886414;0.0015095736711828224
Fossoyeur;Agent funéraire;0.017125476399277785;0.025431357884285397;15.412928759350006;A — activité attestée;"MJ135; SB99; SB182";"Contexte régional ; taille et fréquence locales proposées. Profil résidentiel rural/mixte ; jardins, cuisine, filage, corvées et milice saisonnière restent activités secondaires. chapitre régional ; profil territorial proposé Budget civil 3,00 % ; coefficient 0,600000 ; part de filière 1,032 %. Apprentissage et qualification variable ; soins avancés et thérapie magique exigent formation.";7.767949705701709e-05;0.016594924800865923;0.0004528721013548468
Gardien de cimetière;Agent funéraire;0.017125476399277785;0.025431357884285397;15.412928759350006;A — activité attestée;"MJ135; SB99; SB182";"Contexte régional ; taille et fréquence locales proposées. Profil résidentiel rural/mixte ; jardins, cuisine, filage, corvées et milice saisonnière restent activités secondaires. chapitre régional ; profil territorial proposé Budget civil 3,00 % ; coefficient 0,600000 ; part de filière 1,032 %. Apprentissage et qualification variable ; soins avancés et thérapie magique exigent formation.";7.767949705701709e-05;0.016594924800865923;0.0004528721013548468
Momificateur;Agent funéraire;0;0;0.0;A — activité attestée;SB182;"Contexte régional ; taille et fréquence locales proposées. Profil résidentiel rural/mixte ; jardins, cuisine, filage, corvées et milice saisonnière restent activités secondaires. chapitre régional ; profil territorial proposé Budget civil 3,00 % ; coefficient 0,000000 ; part de filière 0,000 %. Zéro proposé : Filière régionale non retenue dans ce scénario, sans interdiction universelle. Apprentissage et qualification variable ; soins avancés et thérapie magique exigent formation.";0;0;0
Gardien d’arbres funéraires;Agent funéraire;0;0;0.0;D — activité déduite;SB155;"Contexte régional ; taille et fréquence locales proposées. Profil résidentiel rural/mixte ; jardins, cuisine, filage, corvées et milice saisonnière restent activités secondaires. chapitre régional ; profil territorial proposé Budget civil 3,00 % ; coefficient 0,000000 ; part de filière 0,000 %. Zéro proposé : Filière régionale non retenue dans ce scénario, sans interdiction universelle. Apprentissage et qualification variable ; soins avancés et thérapie magique exigent formation.";0;0;0
Marchand;Marchand;0.34310034647033344;0.5095045240129692;308.7903118233001;A — activité attestée;"MJ128; SB139";"Contexte régional ; taille et fréquence locales proposées. Profil résidentiel rural/mixte ; jardins, cuisine, filage, corvées et milice saisonnière restent activités secondaires. chapitre régional ; profil territorial proposé Budget civil 7,00 % ; coefficient 22,500000 ; part de filière 8,859 %. Réseau, itinéraires, confiance et capital ; manutention distincte de propriété du fret.";0.021795312553643826;0.3104135896362333;0.010891444280456327
Colporteur;Marchand;0.13724013858813336;0.20380180960518765;123.51612472932001;A — activité attestée;SB121;"Contexte régional ; taille et fréquence locales proposées. Profil résidentiel rural/mixte ; jardins, cuisine, filage, corvées et milice saisonnière restent activités secondaires. chapitre régional ; profil territorial proposé Budget civil 7,00 % ; coefficient 9,000000 ; part de filière 3,543 %. Réseau, itinéraires, confiance et capital ; manutention distincte de propriété du fret.";0.00871812502145753;0.1241654358544933;0.004356577712182532
Courtier;Marchand;0.13724013858813336;0.20380180960518765;123.51612472932001;A — activité attestée;SB149;"Contexte régional ; taille et fréquence locales proposées. Profil résidentiel rural/mixte ; jardins, cuisine, filage, corvées et milice saisonnière restent activités secondaires. chapitre régional ; profil territorial proposé Budget civil 7,00 % ; coefficient 9,000000 ; part de filière 3,543 %. Réseau, itinéraires, confiance et capital ; manutention distincte de propriété du fret.";0.00871812502145753;0.1241654358544933;0.004356577712182532
Commissaire-priseur d’objets magiques;Marchand;0;0;0.0;A — activité attestée;SB139;"Contexte régional ; taille et fréquence locales proposées. Profil résidentiel rural/mixte ; jardins, cuisine, filage, corvées et milice saisonnière restent activités secondaires. chapitre régional ; profil territorial proposé Budget civil 7,00 % ; coefficient 0,000000 ; part de filière 0,000 %. Zéro proposé : Filière régionale non retenue dans ce scénario, sans interdiction universelle. Réseau, itinéraires, confiance et capital ; manutention distincte de propriété du fret.";0;0;0
Comptable;Professionnel de finance;0.01143667821567778;0.016983484133765638;10.293010394110002;D — activité déduite;"SB212; SB213";"Contexte régional ; taille et fréquence locales proposées. Profil résidentiel rural/mixte ; jardins, cuisine, filage, corvées et milice saisonnière restent activités secondaires. chapitre régional ; profil territorial proposé Budget civil 7,00 % ; coefficient 0,750000 ; part de filière 0,295 %. Réseau, itinéraires, confiance et capital ; manutention distincte de propriété du fret.";0.0007265104184547939;0.010347119654541109;0.00036304814268187764
Banquier et employé de banque;Professionnel de finance;0.0009149342572542224;0.001358678730701251;0.8234408315288002;A — activité attestée;"SB212; SB213";"Contexte régional ; taille et fréquence locales proposées. Profil résidentiel rural/mixte ; jardins, cuisine, filage, corvées et milice saisonnière restent activités secondaires. chapitre régional ; profil territorial proposé Budget civil 7,00 % ; coefficient 0,060000 ; part de filière 0,024 %. Réseau, itinéraires, confiance et capital ; manutention distincte de propriété du fret.";5.812083347638354e-05;0.0008277695723632887;2.904385141455022e-05
Usurier et prêteur sur gages;Professionnel de finance;0.01143667821567778;0.016983484133765638;10.293010394110002;D — activité déduite;"SB212; SB213";"Contexte régional ; taille et fréquence locales proposées. Profil résidentiel rural/mixte ; jardins, cuisine, filage, corvées et milice saisonnière restent activités secondaires. chapitre régional ; profil territorial proposé Budget civil 7,00 % ; coefficient 0,750000 ; part de filière 0,295 %. Réseau, itinéraires, confiance et capital ; manutention distincte de propriété du fret.";0.0007265104184547939;0.010347119654541109;0.00036304814268187764
Changeur;Professionnel de finance;0.01143667821567778;0.016983484133765638;10.293010394110002;D — activité déduite;"SB212; SB213";"Contexte régional ; taille et fréquence locales proposées. Profil résidentiel rural/mixte ; jardins, cuisine, filage, corvées et milice saisonnière restent activités secondaires. chapitre régional ; profil territorial proposé Budget civil 7,00 % ; coefficient 0,750000 ; part de filière 0,295 %. Réseau, itinéraires, confiance et capital ; manutention distincte de propriété du fret.";0.0007265104184547939;0.010347119654541109;0.00036304814268187764
Assureur;Professionnel de finance;0.0009149342572542224;0.001358678730701251;0.8234408315288002;D — activité déduite;"SB212; SB213";"Contexte régional ; taille et fréquence locales proposées. Profil résidentiel rural/mixte ; jardins, cuisine, filage, corvées et milice saisonnière restent activités secondaires. chapitre régional ; profil territorial proposé Budget civil 7,00 % ; coefficient 0,060000 ; part de filière 0,024 %. Réseau, itinéraires, confiance et capital ; manutention distincte de propriété du fret.";5.812083347638354e-05;0.0008277695723632887;2.904385141455022e-05
Estimateur;Professionnel de finance;0.0009149342572542224;0.001358678730701251;0.8234408315288002;A — activité attestée;"SB212; SB213";"Contexte régional ; taille et fréquence locales proposées. Profil résidentiel rural/mixte ; jardins, cuisine, filage, corvées et milice saisonnière restent activités secondaires. chapitre régional ; profil territorial proposé Budget civil 7,00 % ; coefficient 0,060000 ; part de filière 0,024 %. Réseau, itinéraires, confiance et capital ; manutention distincte de propriété du fret.";5.812083347638354e-05;0.0008277695723632887;2.904385141455022e-05
Négociateur;Professionnel de finance;0.0009149342572542224;0.001358678730701251;0.8234408315288002;A — activité attestée;"SB212; SB213";"Contexte régional ; taille et fréquence locales proposées. Profil résidentiel rural/mixte ; jardins, cuisine, filage, corvées et milice saisonnière restent activités secondaires. chapitre régional ; profil territorial proposé Budget civil 7,00 % ; coefficient 0,060000 ; part de filière 0,024 %. Réseau, itinéraires, confiance et capital ; manutention distincte de propriété du fret.";5.812083347638354e-05;0.0008277695723632887;2.904385141455022e-05
Scribe;Scribe et auteur;0.08967513776337116;0.13316771274631892;80.70762398703404;A — activité attestée;"MJ128; SB32";"Contexte régional ; taille et fréquence locales proposées. Profil résidentiel rural/mixte ; jardins, cuisine, filage, corvées et milice saisonnière restent activités secondaires. chapitre régional ; profil territorial proposé Budget civil 5,00 % ; coefficient 2,000000 ; part de filière 3,241 %. Instruction, autorisation ou initiation ; clergé, caste et office ne rendent pas noble.";0.005856671068149367;0.08341198526556479;0.00040648142965700067
Calligraphe;Scribe et auteur;0.08967513776337116;0.13316771274631892;80.70762398703404;A — activité attestée;"MJ128; SB32";"Contexte régional ; taille et fréquence locales proposées. Profil résidentiel rural/mixte ; jardins, cuisine, filage, corvées et milice saisonnière restent activités secondaires. chapitre régional ; profil territorial proposé Budget civil 5,00 % ; coefficient 2,000000 ; part de filière 3,241 %. Instruction, autorisation ou initiation ; clergé, caste et office ne rendent pas noble.";0.005856671068149367;0.08341198526556479;0.00040648142965700067
Écrivain;Scribe et auteur;0.04217031363134026;0.06262297836551865;37.95328226820624;A — activité attestée;"MJ128; SB32";"Contexte régional ; taille et fréquence locales proposées. Profil résidentiel rural/mixte ; jardins, cuisine, filage, corvées et milice saisonnière restent activités secondaires. chapitre régional ; profil territorial proposé Budget civil 1,00 % ; coefficient 2,000000 ; part de filière 7,622 %. Long apprentissage, frais, bourses, talent, licence ou secret ; titre ne donne pas maîtrise.";0.0044086676304831126;0.03767352290974702;8.812309111012153e-05
Journaliste et rédacteur;Scribe et auteur;0.04217031363134026;0.06262297836551865;37.95328226820624;A — activité attestée;CC9;"Contexte régional ; taille et fréquence locales proposées. Profil résidentiel rural/mixte ; jardins, cuisine, filage, corvées et milice saisonnière restent activités secondaires. chapitre régional ; profil territorial proposé Budget civil 1,00 % ; coefficient 2,000000 ; part de filière 7,622 %. Long apprentissage, frais, bourses, talent, licence ou secret ; titre ne donne pas maîtrise.";0.0044086676304831126;0.03767352290974702;8.812309111012153e-05
Traducteur;Scribe et auteur;0.08967513776337116;0.13316771274631892;80.70762398703404;D — activité déduite;SB198;"Contexte régional ; taille et fréquence locales proposées. Profil résidentiel rural/mixte ; jardins, cuisine, filage, corvées et milice saisonnière restent activités secondaires. chapitre régional ; profil territorial proposé Budget civil 5,00 % ; coefficient 2,000000 ; part de filière 3,241 %. Instruction, autorisation ou initiation ; clergé, caste et office ne rendent pas noble.";0.005856671068149367;0.08341198526556479;0.00040648142965700067
Bibliothécaire;Érudit;0.02914441977309562;0.04327950664255364;26.22997779578606;A — activité attestée;MJ138;"Contexte régional ; taille et fréquence locales proposées. Profil résidentiel rural/mixte ; jardins, cuisine, filage, corvées et milice saisonnière restent activités secondaires. chapitre régional ; profil territorial proposé Budget civil 5,00 % ; coefficient 0,650000 ; part de filière 1,053 %. Instruction, autorisation ou initiation ; clergé, caste et office ne rendent pas noble.";0.001903418097148544;0.02710889521130855;0.00013210646463852527
Conservateur de musée;Érudit;0.02914441977309562;0.04327950664255364;26.22997779578606;A — activité attestée;PG48;"Contexte régional ; taille et fréquence locales proposées. Profil résidentiel rural/mixte ; jardins, cuisine, filage, corvées et milice saisonnière restent activités secondaires. chapitre régional ; profil territorial proposé Budget civil 5,00 % ; coefficient 0,650000 ; part de filière 1,053 %. Instruction, autorisation ou initiation ; clergé, caste et office ne rendent pas noble.";0.001903418097148544;0.02710889521130855;0.00013210646463852527
Historien;Érudit;0.013705351930185586;0.020352467968793565;12.334816737167028;A — activité attestée;PG46;"Contexte régional ; taille et fréquence locales proposées. Profil résidentiel rural/mixte ; jardins, cuisine, filage, corvées et milice saisonnière restent activités secondaires. chapitre régional ; profil territorial proposé Budget civil 1,00 % ; coefficient 0,650000 ; part de filière 2,477 %. Long apprentissage, frais, bourses, talent, licence ou secret ; titre ne donne pas maîtrise.";0.001432816979907011;0.012243894945667785;2.8640004610789486e-05
Astronome;Érudit;0.013705351930185586;0.020352467968793565;12.334816737167028;A — activité attestée;MJ138;"Contexte régional ; taille et fréquence locales proposées. Profil résidentiel rural/mixte ; jardins, cuisine, filage, corvées et milice saisonnière restent activités secondaires. chapitre régional ; profil territorial proposé Budget civil 1,00 % ; coefficient 0,650000 ; part de filière 2,477 %. Long apprentissage, frais, bourses, talent, licence ou secret ; titre ne donne pas maîtrise.";0.001432816979907011;0.012243894945667785;2.8640004610789486e-05
Chercheur non arcanique;Érudit;0.013705351930185586;0.020352467968793565;12.334816737167028;A — activité attestée;"MJ138; PG46";"Contexte régional ; taille et fréquence locales proposées. Profil résidentiel rural/mixte ; jardins, cuisine, filage, corvées et milice saisonnière restent activités secondaires. chapitre régional ; profil territorial proposé Budget civil 1,00 % ; coefficient 0,650000 ; part de filière 2,477 %. Long apprentissage, frais, bourses, talent, licence ou secret ; titre ne donne pas maîtrise.";0.001432816979907011;0.012243894945667785;2.8640004610789486e-05
Mathématicien;Érudit;0.009593746351129908;0.014246727578155491;8.634371716016917;A — activité attestée;SB174;"Contexte régional ; taille et fréquence locales proposées. Profil résidentiel rural/mixte ; jardins, cuisine, filage, corvées et milice saisonnière restent activités secondaires. chapitre régional ; profil territorial proposé Budget civil 1,00 % ; coefficient 0,455000 ; part de filière 1,734 %. Long apprentissage, frais, bourses, talent, licence ou secret ; titre ne donne pas maîtrise.";0.001002971885934908;0.008570726461967448;2.004800322755263e-05
Philosophe;Érudit;0.009593746351129908;0.014246727578155491;8.634371716016917;A — activité attestée;SB178;"Contexte régional ; taille et fréquence locales proposées. Profil résidentiel rural/mixte ; jardins, cuisine, filage, corvées et milice saisonnière restent activités secondaires. chapitre régional ; profil territorial proposé Budget civil 1,00 % ; coefficient 0,455000 ; part de filière 1,734 %. Long apprentissage, frais, bourses, talent, licence ou secret ; titre ne donne pas maîtrise.";0.001002971885934908;0.008570726461967448;2.004800322755263e-05
Archéologue;Érudit;0.013705351930185586;0.020352467968793565;12.334816737167028;D — activité déduite;PG48;"Contexte régional ; taille et fréquence locales proposées. Profil résidentiel rural/mixte ; jardins, cuisine, filage, corvées et milice saisonnière restent activités secondaires. chapitre régional ; profil territorial proposé Budget civil 1,00 % ; coefficient 0,650000 ; part de filière 2,477 %. Long apprentissage, frais, bourses, talent, licence ou secret ; titre ne donne pas maîtrise.";0.001432816979907011;0.012243894945667785;2.8640004610789486e-05
Professeur;Enseignant;0.07622386709886547;0.11319255583437104;68.60148038897893;A — activité attestée;"MJ138; SB141";"Contexte régional ; taille et fréquence locales proposées. Profil résidentiel rural/mixte ; jardins, cuisine, filage, corvées et milice saisonnière restent activités secondaires. chapitre régional ; profil territorial proposé Budget civil 5,00 % ; coefficient 1,700000 ; part de filière 2,755 %. Instruction, autorisation ou initiation ; clergé, caste et office ne rendent pas noble.";0.004978170407926961;0.07090018747573006;0.00034550921520845043
Enseignant de magie arcanique;Enseignant;0.0010753429975991764;0.001596885948320725;0.9678086978392588;A — activité attestée;SB141;"Contexte régional ; taille et fréquence locales proposées. Profil résidentiel rural/mixte ; jardins, cuisine, filage, corvées et milice saisonnière restent activités secondaires. chapitre régional ; profil territorial proposé Budget civil 1,00 % ; coefficient 0,051000 ; part de filière 0,194 %. Long apprentissage, frais, bourses, talent, licence ou secret ; titre ne donne pas maîtrise.";0.00011242102457731933;0.000960674834198549;2.247138823308097e-06
Instructeur martial;Enseignant;0.07622386709886547;0.11319255583437104;68.60148038897893;A — activité attestée;SB94;"Contexte régional ; taille et fréquence locales proposées. Profil résidentiel rural/mixte ; jardins, cuisine, filage, corvées et milice saisonnière restent activités secondaires. chapitre régional ; profil territorial proposé Budget civil 5,00 % ; coefficient 1,700000 ; part de filière 2,755 %. Instruction, autorisation ou initiation ; clergé, caste et office ne rendent pas noble.";0.004978170407926961;0.07090018747573006;0.00034550921520845043
Formateur de tir à l’arc;Enseignant;0;0;0.0;A — activité attestée;SB155;"Contexte régional ; taille et fréquence locales proposées. Profil résidentiel rural/mixte ; jardins, cuisine, filage, corvées et milice saisonnière restent activités secondaires. chapitre régional ; profil territorial proposé Budget civil 5,00 % ; coefficient 0,000000 ; part de filière 0,000 %. Zéro proposé : Technique de site, institution, secret ou habilitation concentrée dans les implantations autorisées du scénario. Instruction, autorisation ou initiation ; clergé, caste et office ne rendent pas noble.";0;0;0
Ingénieur;Ingénieur;0.052712892039175334;0.07827872295689832;47.4416028352578;A — activité attestée;SB174;"Contexte régional ; taille et fréquence locales proposées. Profil résidentiel rural/mixte ; jardins, cuisine, filage, corvées et milice saisonnière restent activités secondaires. chapitre régional ; profil territorial proposé Budget civil 1,00 % ; coefficient 2,500000 ; part de filière 9,527 %. Long apprentissage, frais, bourses, talent, licence ou secret ; titre ne donne pas maîtrise.";0.0055108345381038905;0.04709190363718379;0.00011015386388765186
Inventeur;Ingénieur;0.012651094089402081;0.018786893509655598;11.385984680461872;A — activité attestée;SB178;"Contexte régional ; taille et fréquence locales proposées. Profil résidentiel rural/mixte ; jardins, cuisine, filage, corvées et milice saisonnière restent activités secondaires. chapitre régional ; profil territorial proposé Budget civil 1,00 % ; coefficient 0,600000 ; part de filière 2,286 %. Long apprentissage, frais, bourses, talent, licence ou secret ; titre ne donne pas maîtrise.";0.0013226002891449334;0.011302056872924111;2.643692733303645e-05
Ingénieur mystique;Ingénieur;0.02108515681567013;0.031311489182759326;18.97664113410312;A — activité attestée;SB174;"Contexte régional ; taille et fréquence locales proposées. Profil résidentiel rural/mixte ; jardins, cuisine, filage, corvées et milice saisonnière restent activités secondaires. chapitre régional ; profil territorial proposé Budget civil 1,00 % ; coefficient 1,000000 ; part de filière 3,811 %. Long apprentissage, frais, bourses, talent, licence ou secret ; titre ne donne pas maîtrise.";0.0022043338152415563;0.01883676145487351;4.4061545555060766e-05
Créateur et mainteneur de golems;Ingénieur;0.02108515681567013;0.031311489182759326;18.97664113410312;D — activité déduite;SB174;"Contexte régional ; taille et fréquence locales proposées. Profil résidentiel rural/mixte ; jardins, cuisine, filage, corvées et milice saisonnière restent activités secondaires. chapitre régional ; profil territorial proposé Budget civil 1,00 % ; coefficient 1,000000 ; part de filière 3,811 %. Long apprentissage, frais, bourses, talent, licence ou secret ; titre ne donne pas maîtrise.";0.0022043338152415563;0.01883676145487351;4.4061545555060766e-05
Chercheur en golems;Ingénieur;0.016868125452536107;0.025049191346207464;15.181312907282496;A — activité attestée;SB178;"Contexte régional ; taille et fréquence locales proposées. Profil résidentiel rural/mixte ; jardins, cuisine, filage, corvées et milice saisonnière restent activités secondaires. chapitre régional ; profil territorial proposé Budget civil 1,00 % ; coefficient 0,800000 ; part de filière 3,049 %. Long apprentissage, frais, bourses, talent, licence ou secret ; titre ne donne pas maîtrise.";0.001763467052193245;0.015069409163898814;3.5249236444048606e-05
Ingénieur de réacteurs de bauronite;Ingénieur;0;0;0.0;D — activité déduite;SB174;"Contexte régional ; taille et fréquence locales proposées. Profil résidentiel rural/mixte ; jardins, cuisine, filage, corvées et milice saisonnière restent activités secondaires. chapitre régional ; profil territorial proposé Accès aux secrets des réacteurs; savoir détenu par un petit nombre Budget civil 1,00 % ; coefficient 0,000000 ; part de filière 0,000 %. Zéro proposé : Filière régionale non retenue dans ce scénario, sans interdiction universelle. Long apprentissage, frais, bourses, talent, licence ou secret ; titre ne donne pas maîtrise.";0;0;0
Technicien de communication runique;Ingénieur;0;0;0.0;D — activité déduite;SB174;"Contexte régional ; taille et fréquence locales proposées. Profil résidentiel rural/mixte ; jardins, cuisine, filage, corvées et milice saisonnière restent activités secondaires. chapitre régional ; profil territorial proposé Budget civil 1,00 % ; coefficient 0,000000 ; part de filière 0,000 %. Zéro proposé : Filière régionale non retenue dans ce scénario, sans interdiction universelle. Long apprentissage, frais, bourses, talent, licence ou secret ; titre ne donne pas maîtrise.";0;0;0
Chercheur en magie;Praticien des services arcaniques;0.000632554704470104;0.0009393446754827798;0.5692992340230937;A — activité attestée;"SB138; SB139";"Contexte régional ; taille et fréquence locales proposées. Profil résidentiel rural/mixte ; jardins, cuisine, filage, corvées et milice saisonnière restent activités secondaires. chapitre régional ; profil territorial proposé Budget civil 1,00 % ; coefficient 0,030000 ; part de filière 0,114 %. Long apprentissage, frais, bourses, talent, licence ou secret ; titre ne donne pas maîtrise.";6.613001445724668e-05;0.0005651028436462055;1.3218463666518224e-06
Fabricant d’objets magiques;Praticien des services arcaniques;0.02108515681567013;0.031311489182759326;18.97664113410312;A — activité attestée;SB138;"Contexte régional ; taille et fréquence locales proposées. Profil résidentiel rural/mixte ; jardins, cuisine, filage, corvées et milice saisonnière restent activités secondaires. chapitre régional ; profil territorial proposé Budget civil 1,00 % ; coefficient 1,000000 ; part de filière 3,811 %. Long apprentissage, frais, bourses, talent, licence ou secret ; titre ne donne pas maîtrise.";0.0022043338152415563;0.01883676145487351;4.4061545555060766e-05
Fabricant de parchemins magiques;Praticien des services arcaniques;0.02108515681567013;0.031311489182759326;18.97664113410312;A — activité attestée;SB138;"Contexte régional ; taille et fréquence locales proposées. Profil résidentiel rural/mixte ; jardins, cuisine, filage, corvées et milice saisonnière restent activités secondaires. chapitre régional ; profil territorial proposé Budget civil 1,00 % ; coefficient 1,000000 ; part de filière 3,811 %. Long apprentissage, frais, bourses, talent, licence ou secret ; titre ne donne pas maîtrise.";0.0022043338152415563;0.01883676145487351;4.4061545555060766e-05
Nécromancien de service;Praticien des services arcaniques;0.02108515681567013;0.031311489182759326;18.97664113410312;D — activité déduite;"SB108; SB170";"Contexte régional ; taille et fréquence locales proposées. Profil résidentiel rural/mixte ; jardins, cuisine, filage, corvées et milice saisonnière restent activités secondaires. chapitre régional ; profil territorial proposé Budget civil 1,00 % ; coefficient 1,000000 ; part de filière 3,811 %. Long apprentissage, frais, bourses, talent, licence ou secret ; titre ne donne pas maîtrise.";0.0022043338152415563;0.01883676145487351;4.4061545555060766e-05
Illusionniste de service;Praticien des services arcaniques;0.02108515681567013;0.031311489182759326;18.97664113410312;D — activité déduite;"SB107; SB142";"Contexte régional ; taille et fréquence locales proposées. Profil résidentiel rural/mixte ; jardins, cuisine, filage, corvées et milice saisonnière restent activités secondaires. chapitre régional ; profil territorial proposé Budget civil 1,00 % ; coefficient 1,000000 ; part de filière 3,811 %. Long apprentissage, frais, bourses, talent, licence ou secret ; titre ne donne pas maîtrise.";0.0022043338152415563;0.01883676145487351;4.4061545555060766e-05
Chercheur en aethermancy;Praticien des services arcaniques;0;0;0.0;A — activité attestée;SB140;"Contexte régional ; taille et fréquence locales proposées. Profil résidentiel rural/mixte ; jardins, cuisine, filage, corvées et milice saisonnière restent activités secondaires. chapitre régional ; profil territorial proposé Budget civil 1,00 % ; coefficient 0,000000 ; part de filière 0,000 %. Zéro proposé : Filière régionale non retenue dans ce scénario, sans interdiction universelle. Long apprentissage, frais, bourses, talent, licence ou secret ; titre ne donne pas maîtrise.";0;0;0
Chercheur en biomancy;Praticien des services arcaniques;0;0;0.0;A — activité attestée;SB140;"Contexte régional ; taille et fréquence locales proposées. Profil résidentiel rural/mixte ; jardins, cuisine, filage, corvées et milice saisonnière restent activités secondaires. chapitre régional ; profil territorial proposé Budget civil 1,00 % ; coefficient 0,000000 ; part de filière 0,000 %. Zéro proposé : Filière régionale non retenue dans ce scénario, sans interdiction universelle. Long apprentissage, frais, bourses, talent, licence ou secret ; titre ne donne pas maîtrise.";0;0;0
Désenchanteur et récupérateur arcanique;Praticien des services arcaniques;0;0;0.0;A — activité attestée;SB139;"Contexte régional ; taille et fréquence locales proposées. Profil résidentiel rural/mixte ; jardins, cuisine, filage, corvées et milice saisonnière restent activités secondaires. chapitre régional ; profil territorial proposé Budget civil 1,00 % ; coefficient 0,000000 ; part de filière 0,000 %. Zéro proposé : Filière régionale non retenue dans ce scénario, sans interdiction universelle. Long apprentissage, frais, bourses, talent, licence ou secret ; titre ne donne pas maîtrise.";0;0;0
Extracteur de mémoire;Praticien des services arcaniques;0;0;0.0;A — activité attestée;SB140;"Contexte régional ; taille et fréquence locales proposées. Profil résidentiel rural/mixte ; jardins, cuisine, filage, corvées et milice saisonnière restent activités secondaires. chapitre régional ; profil territorial proposé Budget civil 1,00 % ; coefficient 0,000000 ; part de filière 0,000 %. Zéro proposé : Filière régionale non retenue dans ce scénario, sans interdiction universelle. Long apprentissage, frais, bourses, talent, licence ou secret ; titre ne donne pas maîtrise.";0;0;0
Certificateur et inspecteur arcanique;Praticien des services arcaniques;0;0;0.0;A — activité attestée;SB139;"Contexte régional ; taille et fréquence locales proposées. Profil résidentiel rural/mixte ; jardins, cuisine, filage, corvées et milice saisonnière restent activités secondaires. chapitre régional ; profil territorial proposé Budget civil 1,00 % ; coefficient 0,000000 ; part de filière 0,000 %. Zéro proposé : Filière régionale non retenue dans ce scénario, sans interdiction universelle. Long apprentissage, frais, bourses, talent, licence ou secret ; titre ne donne pas maîtrise.";0;0;0
Opérateur de transport magique;Praticien des services arcaniques;0.02108515681567013;0.031311489182759326;18.97664113410312;D — activité déduite;SB142;"Contexte régional ; taille et fréquence locales proposées. Profil résidentiel rural/mixte ; jardins, cuisine, filage, corvées et milice saisonnière restent activités secondaires. chapitre régional ; profil territorial proposé Budget civil 1,00 % ; coefficient 1,000000 ; part de filière 3,811 %. Long apprentissage, frais, bourses, talent, licence ou secret ; titre ne donne pas maîtrise.";0.0022043338152415563;0.01883676145487351;4.4061545555060766e-05
Restaurateur de runes de tunnels;Praticien des services arcaniques;0;0;0.0;A — activité attestée;SB161;"Contexte régional ; taille et fréquence locales proposées. Profil résidentiel rural/mixte ; jardins, cuisine, filage, corvées et milice saisonnière restent activités secondaires. chapitre régional ; profil territorial proposé Budget civil 1,00 % ; coefficient 0,000000 ; part de filière 0,000 %. Zéro proposé : Filière régionale non retenue dans ce scénario, sans interdiction universelle. Long apprentissage, frais, bourses, talent, licence ou secret ; titre ne donne pas maîtrise.";0;0;0
Artificier psychique;Praticien des services arcaniques;0;0;0.0;A — activité attestée;PG8;"Contexte régional ; taille et fréquence locales proposées. Profil résidentiel rural/mixte ; jardins, cuisine, filage, corvées et milice saisonnière restent activités secondaires. chapitre régional ; profil territorial proposé Budget civil 1,00 % ; coefficient 0,000000 ; part de filière 0,000 %. Zéro proposé : Filière régionale non retenue dans ce scénario, sans interdiction universelle. Long apprentissage, frais, bourses, talent, licence ou secret ; titre ne donne pas maîtrise.";0;0;0
Guérisseur;Soigneur;0.04852218313128707;0.0720555140054753;43.66996481815836;A — activité attestée;"MJ141; PG36";"Contexte régional ; taille et fréquence locales proposées. Profil résidentiel rural/mixte ; jardins, cuisine, filage, corvées et milice saisonnière restent activités secondaires. chapitre régional ; profil territorial proposé Budget civil 3,00 % ; coefficient 1,700000 ; part de filière 2,923 %. Apprentissage et qualification variable ; soins avancés et thérapie magique exigent formation.";0.00022009190832821503;0.04701895360245346;0.0012831376205053987
Chirurgien;Soigneur;0.007278327469693061;0.010808327100821295;6.550494722723755;P — activité proposée;"MJ141; PG36";"Contexte régional ; taille et fréquence locales proposées. Profil résidentiel rural/mixte ; jardins, cuisine, filage, corvées et milice saisonnière restent activités secondaires. chapitre régional ; profil territorial proposé Budget civil 3,00 % ; coefficient 0,255000 ; part de filière 0,438 %. Apprentissage et qualification variable ; soins avancés et thérapie magique exigent formation.";3.301378624923228e-05;0.0070528430403680184;0.00019247064307580995
Praticien de psychosurgery;Soigneur;0;0;0.0;D — activité déduite;SB94;"Contexte régional ; taille et fréquence locales proposées. Profil résidentiel rural/mixte ; jardins, cuisine, filage, corvées et milice saisonnière restent activités secondaires. chapitre régional ; profil territorial proposé Budget civil 3,00 % ; coefficient 0,000000 ; part de filière 0,000 %. Zéro proposé : Filière régionale non retenue dans ce scénario, sans interdiction universelle. Apprentissage et qualification variable ; soins avancés et thérapie magique exigent formation.";0;0;0
Opérateur de thérapie onirique;Soigneur;0;0;0.0;D — activité déduite;"SB141; SB228";"Contexte régional ; taille et fréquence locales proposées. Profil résidentiel rural/mixte ; jardins, cuisine, filage, corvées et milice saisonnière restent activités secondaires. chapitre régional ; profil territorial proposé Budget civil 3,00 % ; coefficient 0,000000 ; part de filière 0,000 %. Zéro proposé : Technique de site, institution, secret ou habilitation concentrée dans les implantations autorisées du scénario. Apprentissage et qualification variable ; soins avancés et thérapie magique exigent formation.";0;0;0
Prêtre et officiant;Officiant religieux;0.17935027552674232;0.26633542549263783;161.41524797406808;A — activité attestée;"MJ127; SB182";"Contexte régional ; taille et fréquence locales proposées. Profil résidentiel rural/mixte ; jardins, cuisine, filage, corvées et milice saisonnière restent activités secondaires. chapitre régional ; profil territorial proposé Budget civil 5,00 % ; coefficient 4,000000 ; part de filière 6,483 %. Instruction, autorisation ou initiation ; clergé, caste et office ne rendent pas noble.";0.011713342136298734;0.16682397053112957;0.0008129628593140013
Acolyte;Officiant religieux;0.17935027552674232;0.26633542549263783;161.41524797406808;A — activité attestée;"MJ127; SB182";"Contexte régional ; taille et fréquence locales proposées. Profil résidentiel rural/mixte ; jardins, cuisine, filage, corvées et milice saisonnière restent activités secondaires. chapitre régional ; profil territorial proposé Budget civil 5,00 % ; coefficient 4,000000 ; part de filière 6,483 %. Instruction, autorisation ou initiation ; clergé, caste et office ne rendent pas noble.";0.011713342136298734;0.16682397053112957;0.0008129628593140013
Shaman;Officiant religieux;0.17935027552674232;0.26633542549263783;161.41524797406808;A — activité attestée;"SB129; SB191";"Contexte régional ; taille et fréquence locales proposées. Profil résidentiel rural/mixte ; jardins, cuisine, filage, corvées et milice saisonnière restent activités secondaires. chapitre régional ; profil territorial proposé Budget civil 5,00 % ; coefficient 4,000000 ; part de filière 6,483 %. Instruction, autorisation ou initiation ; clergé, caste et office ne rendent pas noble.";0.011713342136298734;0.16682397053112957;0.0008129628593140013
Sugenja;Officiant religieux;0;0;0.0;A — activité attestée;SB198;"Contexte régional ; taille et fréquence locales proposées. Profil résidentiel rural/mixte ; jardins, cuisine, filage, corvées et milice saisonnière restent activités secondaires. chapitre régional ; profil territorial proposé Budget civil 5,00 % ; coefficient 0,000000 ; part de filière 0,000 %. Zéro proposé : Filière régionale non retenue dans ce scénario, sans interdiction universelle. Instruction, autorisation ou initiation ; clergé, caste et office ne rendent pas noble.";0;0;0
Gardien et officiant druidique;Officiant religieux;0.17935027552674232;0.26633542549263783;161.41524797406808;A — activité attestée;SB153;"Contexte régional ; taille et fréquence locales proposées. Profil résidentiel rural/mixte ; jardins, cuisine, filage, corvées et milice saisonnière restent activités secondaires. chapitre régional ; profil territorial proposé Budget civil 5,00 % ; coefficient 4,000000 ; part de filière 6,483 %. Instruction, autorisation ou initiation ; clergé, caste et office ne rendent pas noble.";0.011713342136298734;0.16682397053112957;0.0008129628593140013
Gardien-purificateur de Mother Tree;Officiant religieux;0;0;0.0;A — activité attestée;SB153;"Contexte régional ; taille et fréquence locales proposées. Profil résidentiel rural/mixte ; jardins, cuisine, filage, corvées et milice saisonnière restent activités secondaires. chapitre régional ; profil territorial proposé Budget civil 5,00 % ; coefficient 0,000000 ; part de filière 0,000 %. Zéro proposé : Filière régionale non retenue dans ce scénario, sans interdiction universelle. Instruction, autorisation ou initiation ; clergé, caste et office ne rendent pas noble.";0;0;0
Officiant des rites Ba-Akhu;Officiant religieux;0;0;0.0;A — activité attestée;SB184;"Contexte régional ; taille et fréquence locales proposées. Profil résidentiel rural/mixte ; jardins, cuisine, filage, corvées et milice saisonnière restent activités secondaires. chapitre régional ; profil territorial proposé Budget civil 5,00 % ; coefficient 0,000000 ; part de filière 0,000 %. Zéro proposé : Filière régionale non retenue dans ce scénario, sans interdiction universelle. Instruction, autorisation ou initiation ; clergé, caste et office ne rendent pas noble.";0;0;0
Garde et sentinelle;Garde et surveillant;0.1657256234548336;0.24610279693322484;149.15306110935023;A — activité attestée;"MJ140; SB90";"Contexte régional ; taille et fréquence locales proposées. Profil résidentiel rural/mixte ; jardins, cuisine, filage, corvées et milice saisonnière restent activités secondaires. chapitre régional ; profil territorial proposé Budget civil 3,00 % ; coefficient 63,000000 ; part de filière 9,984 %. Entraînement, loyauté, armes et habilitations ; aucun métier verrouillé par naissance sauf source explicite.";0.005199075801048802;0.15867079330760134;0.0018557543461834559
Garde du corps;Garde et surveillant;0.1657256234548336;0.24610279693322484;149.15306110935023;A — activité attestée;"MJ140; SB90";"Contexte régional ; taille et fréquence locales proposées. Profil résidentiel rural/mixte ; jardins, cuisine, filage, corvées et milice saisonnière restent activités secondaires. chapitre régional ; profil territorial proposé Budget civil 3,00 % ; coefficient 63,000000 ; part de filière 9,984 %. Entraînement, loyauté, armes et habilitations ; aucun métier verrouillé par naissance sauf source explicite.";0.005199075801048802;0.15867079330760134;0.0018557543461834559
Soldat;Combattant professionnel;9.76404;14.499613899613898;8787.636;A — activité attestée;"MJ140; SB90";"Contexte régional ; taille et fréquence locales proposées. Profil résidentiel rural/mixte ; jardins, cuisine, filage, corvées et milice saisonnière restent activités secondaires. chapitre régional ; profil territorial proposé Garnison incluse dans les résidents par convention proposée, comptée une seule fois. Entraînement, loyauté, armes et habilitations ; aucun métier verrouillé par naissance sauf source explicite.";0.30631342954825347;9.348391277039816;0.10933529341192906
Mercenaire;Combattant professionnel;0.1657256234548336;0.24610279693322484;149.15306110935023;A — activité attestée;"MJ140; SB90";"Contexte régional ; taille et fréquence locales proposées. Profil résidentiel rural/mixte ; jardins, cuisine, filage, corvées et milice saisonnière restent activités secondaires. chapitre régional ; profil territorial proposé Budget civil 3,00 % ; coefficient 63,000000 ; part de filière 9,984 %. Entraînement, loyauté, armes et habilitations ; aucun métier verrouillé par naissance sauf source explicite.";0.005199075801048802;0.15867079330760134;0.0018557543461834559
Éclaireur;Combattant professionnel;0.1657256234548336;0.24610279693322484;149.15306110935023;A — activité attestée;"MJ140; SB90";"Contexte régional ; taille et fréquence locales proposées. Profil résidentiel rural/mixte ; jardins, cuisine, filage, corvées et milice saisonnière restent activités secondaires. chapitre régional ; profil territorial proposé Budget civil 3,00 % ; coefficient 63,000000 ; part de filière 9,984 %. Entraînement, loyauté, armes et habilitations ; aucun métier verrouillé par naissance sauf source explicite.";0.005199075801048802;0.15867079330760134;0.0018557543461834559
Chasseur de primes;Combattant professionnel;0.1657256234548336;0.24610279693322484;149.15306110935023;A — activité attestée;MJ140;"Contexte régional ; taille et fréquence locales proposées. Profil résidentiel rural/mixte ; jardins, cuisine, filage, corvées et milice saisonnière restent activités secondaires. chapitre régional ; profil territorial proposé Budget civil 3,00 % ; coefficient 63,000000 ; part de filière 9,984 %. Entraînement, loyauté, armes et habilitations ; aucun métier verrouillé par naissance sauf source explicite.";0.005199075801048802;0.15867079330760134;0.0018557543461834559
Gladiateur;Combattant professionnel;0.1657256234548336;0.24610279693322484;149.15306110935023;A — activité attestée;MJ130;"Contexte régional ; taille et fréquence locales proposées. Profil résidentiel rural/mixte ; jardins, cuisine, filage, corvées et milice saisonnière restent activités secondaires. chapitre régional ; profil territorial proposé Budget civil 3,00 % ; coefficient 63,000000 ; part de filière 9,984 %. Entraînement, loyauté, armes et habilitations ; aucun métier verrouillé par naissance sauf source explicite.";0.005199075801048802;0.15867079330760134;0.0018557543461834559
Champion d’arène;Combattant professionnel;0.1657256234548336;0.24610279693322484;149.15306110935023;A — activité attestée;SB90;"Contexte régional ; taille et fréquence locales proposées. Profil résidentiel rural/mixte ; jardins, cuisine, filage, corvées et milice saisonnière restent activités secondaires. chapitre régional ; profil territorial proposé Budget civil 3,00 % ; coefficient 63,000000 ; part de filière 9,984 %. Entraînement, loyauté, armes et habilitations ; aucun métier verrouillé par naissance sauf source explicite.";0.005199075801048802;0.15867079330760134;0.0018557543461834559
Veilleur de nuit;Garde et surveillant;0.1657256234548336;0.24610279693322484;149.15306110935023;P — activité proposée;"MJ140; SB90";"Contexte régional ; taille et fréquence locales proposées. Profil résidentiel rural/mixte ; jardins, cuisine, filage, corvées et milice saisonnière restent activités secondaires. chapitre régional ; profil territorial proposé Budget civil 3,00 % ; coefficient 63,000000 ; part de filière 9,984 %. Entraînement, loyauté, armes et habilitations ; aucun métier verrouillé par naissance sauf source explicite.";0.005199075801048802;0.15867079330760134;0.0018557543461834559
Guide;Guide;2.401702425292334;3.566531668090784;2161.5321827631005;A — activité attestée;MJ140;"Contexte régional ; taille et fréquence locales proposées. Profil résidentiel rural/mixte ; jardins, cuisine, filage, corvées et milice saisonnière restent activités secondaires. chapitre régional ; profil territorial proposé Budget civil 7,00 % ; coefficient 157,500000 ; part de filière 62,010 %. Réseau, itinéraires, confiance et capital ; manutention distincte de propriété du fret.";0.15256718787550677;2.172895127453633;0.07624010996319434
Gardien de domaine;Garde et surveillant;0.1657256234548336;0.24610279693322484;149.15306110935023;A — activité attestée;MJ140;"Contexte régional ; taille et fréquence locales proposées. Profil résidentiel rural/mixte ; jardins, cuisine, filage, corvées et milice saisonnière restent activités secondaires. chapitre régional ; profil territorial proposé Budget civil 3,00 % ; coefficient 63,000000 ; part de filière 9,984 %. Entraînement, loyauté, armes et habilitations ; aucun métier verrouillé par naissance sauf source explicite.";0.005199075801048802;0.15867079330760134;0.0018557543461834559
Spellshield;Protecteur et contrôleur arcanique;0;0;0.0;A — activité attestée;SB140;"Contexte régional ; taille et fréquence locales proposées. Profil résidentiel rural/mixte ; jardins, cuisine, filage, corvées et milice saisonnière restent activités secondaires. chapitre régional ; profil territorial proposé Budget civil 3,00 % ; coefficient 0,000000 ; part de filière 0,000 %. Zéro proposé : Filière régionale non retenue dans ce scénario, sans interdiction universelle. Entraînement, loyauté, armes et habilitations ; aucun métier verrouillé par naissance sauf source explicite.";0;0;0
Warden des Arcane Enforcers;Protecteur et contrôleur arcanique;0;0;0.0;A — activité attestée;SB140;"Contexte régional ; taille et fréquence locales proposées. Profil résidentiel rural/mixte ; jardins, cuisine, filage, corvées et milice saisonnière restent activités secondaires. chapitre régional ; profil territorial proposé Budget civil 3,00 % ; coefficient 0,000000 ; part de filière 0,000 %. Zéro proposé : Filière régionale non retenue dans ce scénario, sans interdiction universelle. Entraînement, loyauté, armes et habilitations ; aucun métier verrouillé par naissance sauf source explicite.";0;0;0
Inquisiteur;Garde et surveillant;0;0;0.0;A — activité attestée;SB29;"Contexte régional ; taille et fréquence locales proposées. Profil résidentiel rural/mixte ; jardins, cuisine, filage, corvées et milice saisonnière restent activités secondaires. chapitre régional ; profil territorial proposé Budget civil 3,00 % ; coefficient 0,000000 ; part de filière 0,000 %. Zéro proposé : Inquisiteur bauronien : aucun établissement de son Église habilité dans ce profil, notamment les ordres cirrus indépendants. Entraînement, loyauté, armes et habilitations ; aucun métier verrouillé par naissance sauf source explicite.";0;0;0
Mage impérial chargé du contrôle;Protecteur et contrôleur arcanique;0;0;0.0;A — activité attestée;SB98;"Contexte régional ; taille et fréquence locales proposées. Profil résidentiel rural/mixte ; jardins, cuisine, filage, corvées et milice saisonnière restent activités secondaires. chapitre régional ; profil territorial proposé Budget civil 3,00 % ; coefficient 0,000000 ; part de filière 0,000 %. Zéro proposé : Filière régionale non retenue dans ce scénario, sans interdiction universelle. Entraînement, loyauté, armes et habilitations ; aucun métier verrouillé par naissance sauf source explicite.";0;0;0
Chasseur de morts-vivants;Combattant professionnel;0.1657256234548336;0.24610279693322484;149.15306110935023;A — activité attestée;SB210;"Contexte régional ; taille et fréquence locales proposées. Profil résidentiel rural/mixte ; jardins, cuisine, filage, corvées et milice saisonnière restent activités secondaires. chapitre régional ; profil territorial proposé Budget civil 3,00 % ; coefficient 63,000000 ; part de filière 9,984 %. Entraînement, loyauté, armes et habilitations ; aucun métier verrouillé par naissance sauf source explicite.";0.005199075801048802;0.15867079330760134;0.0018557543461834559
Détective;Enquêteur et agent de renseignement;0.0013152827258320124;0.0019531968010573393;1.1837544532488111;A — activité attestée;"PG9; BR42";"Contexte régional ; taille et fréquence locales proposées. Profil résidentiel rural/mixte ; jardins, cuisine, filage, corvées et milice saisonnière restent activités secondaires. chapitre régional ; profil territorial proposé Budget civil 3,00 % ; coefficient 0,500000 ; part de filière 0,079 %. Entraînement, loyauté, armes et habilitations ; aucun métier verrouillé par naissance sauf source explicite.";4.126250635753019e-05;0.0012592920103777882;1.4728209096694098e-05
Espion;Enquêteur et agent de renseignement;0.0013152827258320124;0.0019531968010573393;1.1837544532488111;A — activité attestée;"PG9; BR42";"Contexte régional ; taille et fréquence locales proposées. Profil résidentiel rural/mixte ; jardins, cuisine, filage, corvées et milice saisonnière restent activités secondaires. chapitre régional ; profil territorial proposé Budget civil 3,00 % ; coefficient 0,500000 ; part de filière 0,079 %. Entraînement, loyauté, armes et habilitations ; aucun métier verrouillé par naissance sauf source explicite.";4.126250635753019e-05;0.0012592920103777882;1.4728209096694098e-05
Détective arcanique;Enquêteur et agent de renseignement;0;0;0.0;A — activité attestée;SB140;"Contexte régional ; taille et fréquence locales proposées. Profil résidentiel rural/mixte ; jardins, cuisine, filage, corvées et milice saisonnière restent activités secondaires. chapitre régional ; profil territorial proposé Budget civil 3,00 % ; coefficient 0,000000 ; part de filière 0,000 %. Zéro proposé : Filière régionale non retenue dans ce scénario, sans interdiction universelle. Entraînement, loyauté, armes et habilitations ; aucun métier verrouillé par naissance sauf source explicite.";0;0;0
Fonctionnaire;Administrateur et juriste;0.22418784440842784;0.3329192818657972;201.76905996758506;A — activité attestée;"SB90; SB213";"Contexte régional ; taille et fréquence locales proposées. Profil résidentiel rural/mixte ; jardins, cuisine, filage, corvées et milice saisonnière restent activités secondaires. chapitre régional ; profil territorial proposé Budget civil 5,00 % ; coefficient 5,000000 ; part de filière 8,104 %. Instruction, autorisation ou initiation ; clergé, caste et office ne rendent pas noble.";0.01464167767037342;0.20852996316391192;0.0010162035741425024
Percepteur;Administrateur et juriste;0.22418784440842784;0.3329192818657972;201.76905996758506;A — activité attestée;SB132;"Contexte régional ; taille et fréquence locales proposées. Profil résidentiel rural/mixte ; jardins, cuisine, filage, corvées et milice saisonnière restent activités secondaires. chapitre régional ; profil territorial proposé Budget civil 5,00 % ; coefficient 5,000000 ; part de filière 8,104 %. Instruction, autorisation ou initiation ; clergé, caste et office ne rendent pas noble.";0.01464167767037342;0.20852996316391192;0.0010162035741425024
Juge;Administrateur et juriste;0.22418784440842784;0.3329192818657972;201.76905996758506;A — activité attestée;"SB90; SB213";"Contexte régional ; taille et fréquence locales proposées. Profil résidentiel rural/mixte ; jardins, cuisine, filage, corvées et milice saisonnière restent activités secondaires. chapitre régional ; profil territorial proposé Budget civil 5,00 % ; coefficient 5,000000 ; part de filière 8,104 %. Instruction, autorisation ou initiation ; clergé, caste et office ne rendent pas noble.";0.01464167767037342;0.20852996316391192;0.0010162035741425024
Avocat;Administrateur et juriste;0.22418784440842784;0.3329192818657972;201.76905996758506;A — activité attestée;"SB90; SB213";"Contexte régional ; taille et fréquence locales proposées. Profil résidentiel rural/mixte ; jardins, cuisine, filage, corvées et milice saisonnière restent activités secondaires. chapitre régional ; profil territorial proposé Budget civil 5,00 % ; coefficient 5,000000 ; part de filière 8,104 %. Instruction, autorisation ou initiation ; clergé, caste et office ne rendent pas noble.";0.01464167767037342;0.20852996316391192;0.0010162035741425024
Diplomate et émissaire;Administrateur et juriste;0.22418784440842784;0.3329192818657972;201.76905996758506;A — activité attestée;PG46;"Contexte régional ; taille et fréquence locales proposées. Profil résidentiel rural/mixte ; jardins, cuisine, filage, corvées et milice saisonnière restent activités secondaires. chapitre régional ; profil territorial proposé Budget civil 5,00 % ; coefficient 5,000000 ; part de filière 8,104 %. Instruction, autorisation ou initiation ; clergé, caste et office ne rendent pas noble.";0.01464167767037342;0.20852996316391192;0.0010162035741425024
Recruteur et agent de missions;Administrateur et juriste;0.22418784440842784;0.3329192818657972;201.76905996758506;D — activité déduite;SB105;"Contexte régional ; taille et fréquence locales proposées. Profil résidentiel rural/mixte ; jardins, cuisine, filage, corvées et milice saisonnière restent activités secondaires. chapitre régional ; profil territorial proposé Budget civil 5,00 % ; coefficient 5,000000 ; part de filière 8,104 %. Instruction, autorisation ou initiation ; clergé, caste et office ne rendent pas noble.";0.01464167767037342;0.20852996316391192;0.0010162035741425024
Bourreau;Administrateur et juriste;0.22418784440842784;0.3329192818657972;201.76905996758506;A — activité attestée;SB148;"Contexte régional ; taille et fréquence locales proposées. Profil résidentiel rural/mixte ; jardins, cuisine, filage, corvées et milice saisonnière restent activités secondaires. chapitre régional ; profil territorial proposé Budget civil 5,00 % ; coefficient 5,000000 ; part de filière 8,104 %. Instruction, autorisation ou initiation ; clergé, caste et office ne rendent pas noble.";0.01464167767037342;0.20852996316391192;0.0010162035741425024
Acteur et comédien;Artiste du spectacle;0;0;0.0;A — activité attestée;MJ129;"Contexte régional ; taille et fréquence locales proposées. Profil résidentiel rural/mixte ; jardins, cuisine, filage, corvées et milice saisonnière restent activités secondaires. chapitre régional ; profil territorial proposé Budget civil 0,00 % ; coefficient 0,000000 ; part de filière 0,000 %. Zéro proposé : Budget local de cette filière nul ou coefficient non retenu ; aucune interdiction universelle. Apprentissage, audition et réseau ; accès au mérite notamment Mustardseed.";0;0;0
Danseur;Artiste du spectacle;0;0;0.0;A — activité attestée;MJ129;"Contexte régional ; taille et fréquence locales proposées. Profil résidentiel rural/mixte ; jardins, cuisine, filage, corvées et milice saisonnière restent activités secondaires. chapitre régional ; profil territorial proposé Budget civil 0,00 % ; coefficient 0,000000 ; part de filière 0,000 %. Zéro proposé : Budget local de cette filière nul ou coefficient non retenu ; aucune interdiction universelle. Apprentissage, audition et réseau ; accès au mérite notamment Mustardseed.";0;0;0
Musicien;Artiste du spectacle;0;0;0.0;A — activité attestée;MJ129;"Contexte régional ; taille et fréquence locales proposées. Profil résidentiel rural/mixte ; jardins, cuisine, filage, corvées et milice saisonnière restent activités secondaires. chapitre régional ; profil territorial proposé Budget civil 0,00 % ; coefficient 0,000000 ; part de filière 0,000 %. Zéro proposé : Budget local de cette filière nul ou coefficient non retenu ; aucune interdiction universelle. Apprentissage, audition et réseau ; accès au mérite notamment Mustardseed.";0;0;0
Chanteur;Artiste du spectacle;0;0;0.0;A — activité attestée;MJ129;"Contexte régional ; taille et fréquence locales proposées. Profil résidentiel rural/mixte ; jardins, cuisine, filage, corvées et milice saisonnière restent activités secondaires. chapitre régional ; profil territorial proposé Budget civil 0,00 % ; coefficient 0,000000 ; part de filière 0,000 %. Zéro proposé : Budget local de cette filière nul ou coefficient non retenu ; aucune interdiction universelle. Apprentissage, audition et réseau ; accès au mérite notamment Mustardseed.";0;0;0
Poète;Artiste du spectacle;0;0;0.0;A — activité attestée;MJ129;"Contexte régional ; taille et fréquence locales proposées. Profil résidentiel rural/mixte ; jardins, cuisine, filage, corvées et milice saisonnière restent activités secondaires. chapitre régional ; profil territorial proposé Budget civil 0,00 % ; coefficient 0,000000 ; part de filière 0,000 %. Zéro proposé : Budget local de cette filière nul ou coefficient non retenu ; aucune interdiction universelle. Apprentissage, audition et réseau ; accès au mérite notamment Mustardseed.";0;0;0
Conteur;Artiste du spectacle;0;0;0.0;A — activité attestée;MJ129;"Contexte régional ; taille et fréquence locales proposées. Profil résidentiel rural/mixte ; jardins, cuisine, filage, corvées et milice saisonnière restent activités secondaires. chapitre régional ; profil territorial proposé Budget civil 0,00 % ; coefficient 0,000000 ; part de filière 0,000 %. Zéro proposé : Budget local de cette filière nul ou coefficient non retenu ; aucune interdiction universelle. Apprentissage, audition et réseau ; accès au mérite notamment Mustardseed.";0;0;0
Bouffon;Artiste du spectacle;0;0;0.0;A — activité attestée;MJ129;"Contexte régional ; taille et fréquence locales proposées. Profil résidentiel rural/mixte ; jardins, cuisine, filage, corvées et milice saisonnière restent activités secondaires. chapitre régional ; profil territorial proposé Budget civil 0,00 % ; coefficient 0,000000 ; part de filière 0,000 %. Zéro proposé : Budget local de cette filière nul ou coefficient non retenu ; aucune interdiction universelle. Apprentissage, audition et réseau ; accès au mérite notamment Mustardseed.";0;0;0
Jongleur;Artiste du spectacle;0;0;0.0;A — activité attestée;MJ129;"Contexte régional ; taille et fréquence locales proposées. Profil résidentiel rural/mixte ; jardins, cuisine, filage, corvées et milice saisonnière restent activités secondaires. chapitre régional ; profil territorial proposé Budget civil 0,00 % ; coefficient 0,000000 ; part de filière 0,000 %. Zéro proposé : Budget local de cette filière nul ou coefficient non retenu ; aucune interdiction universelle. Apprentissage, audition et réseau ; accès au mérite notamment Mustardseed.";0;0;0
Acrobate;Artiste du spectacle;0;0;0.0;A — activité attestée;MJ129;"Contexte régional ; taille et fréquence locales proposées. Profil résidentiel rural/mixte ; jardins, cuisine, filage, corvées et milice saisonnière restent activités secondaires. chapitre régional ; profil territorial proposé Budget civil 0,00 % ; coefficient 0,000000 ; part de filière 0,000 %. Zéro proposé : Budget local de cette filière nul ou coefficient non retenu ; aucune interdiction universelle. Apprentissage, audition et réseau ; accès au mérite notamment Mustardseed.";0;0;0
Cracheur de feu;Artiste du spectacle;0;0;0.0;A — activité attestée;MJ129;"Contexte régional ; taille et fréquence locales proposées. Profil résidentiel rural/mixte ; jardins, cuisine, filage, corvées et milice saisonnière restent activités secondaires. chapitre régional ; profil territorial proposé Budget civil 0,00 % ; coefficient 0,000000 ; part de filière 0,000 %. Zéro proposé : Budget local de cette filière nul ou coefficient non retenu ; aucune interdiction universelle. Apprentissage, audition et réseau ; accès au mérite notamment Mustardseed.";0;0;0
Compositeur;Artiste du spectacle;0;0;0.0;A — activité attestée;PG28;"Contexte régional ; taille et fréquence locales proposées. Profil résidentiel rural/mixte ; jardins, cuisine, filage, corvées et milice saisonnière restent activités secondaires. chapitre régional ; profil territorial proposé Budget civil 0,00 % ; coefficient 0,000000 ; part de filière 0,000 %. Zéro proposé : Budget local de cette filière nul ou coefficient non retenu ; aucune interdiction universelle. Apprentissage, audition et réseau ; accès au mérite notamment Mustardseed.";0;0;0
Crieur public;Artiste du spectacle;0;0;0.0;P — activité proposée;MJ129;"Contexte régional ; taille et fréquence locales proposées. Profil résidentiel rural/mixte ; jardins, cuisine, filage, corvées et milice saisonnière restent activités secondaires. chapitre régional ; profil territorial proposé Budget civil 0,00 % ; coefficient 0,000000 ; part de filière 0,000 %. Zéro proposé : Budget local de cette filière nul ou coefficient non retenu ; aucune interdiction universelle. Apprentissage, audition et réseau ; accès au mérite notamment Mustardseed.";0;0;0
Joueur professionnel;Professionnel du jeu;0;0;0.0;P — activité proposée;SB99;"Contexte régional ; taille et fréquence locales proposées. Profil résidentiel rural/mixte ; jardins, cuisine, filage, corvées et milice saisonnière restent activités secondaires. chapitre régional ; profil territorial proposé Budget civil 0,00 % ; coefficient 0,000000 ; part de filière 0,000 %. Zéro proposé : Budget local de cette filière nul ou coefficient non retenu ; aucune interdiction universelle. Apprentissage, audition et réseau ; accès au mérite notamment Mustardseed.";0;0;0
Croupier;Professionnel du jeu;0;0;0.0;D — activité déduite;SB99;"Contexte régional ; taille et fréquence locales proposées. Profil résidentiel rural/mixte ; jardins, cuisine, filage, corvées et milice saisonnière restent activités secondaires. chapitre régional ; profil territorial proposé Budget civil 0,00 % ; coefficient 0,000000 ; part de filière 0,000 %. Zéro proposé : Budget local de cette filière nul ou coefficient non retenu ; aucune interdiction universelle. Apprentissage, audition et réseau ; accès au mérite notamment Mustardseed.";0;0;0
Preneur de paris;Professionnel du jeu;0;0;0.0;D — activité déduite;SB99;"Contexte régional ; taille et fréquence locales proposées. Profil résidentiel rural/mixte ; jardins, cuisine, filage, corvées et milice saisonnière restent activités secondaires. chapitre régional ; profil territorial proposé Budget civil 0,00 % ; coefficient 0,000000 ; part de filière 0,000 %. Zéro proposé : Budget local de cette filière nul ou coefficient non retenu ; aucune interdiction universelle. Apprentissage, audition et réseau ; accès au mérite notamment Mustardseed.";0;0;0
Maître-chanteur;Opérateur d’activités illicites;0;0;0.0;A — activité attestée;BR42;"Contexte régional ; taille et fréquence locales proposées. Profil résidentiel rural/mixte ; jardins, cuisine, filage, corvées et milice saisonnière restent activités secondaires. chapitre régional ; profil territorial proposé Budget civil 0,00 % ; coefficient 0,000000 ; part de filière 0,000 %. Zéro proposé : Budget local de cette filière nul ou coefficient non retenu ; aucune interdiction universelle. Réseaux, exclusion, dettes et compétences ; statut légal distinct de noblesse.";0;0;0
Cambrioleur;Opérateur d’activités illicites;0;0;0.0;A — activité attestée;BR42;"Contexte régional ; taille et fréquence locales proposées. Profil résidentiel rural/mixte ; jardins, cuisine, filage, corvées et milice saisonnière restent activités secondaires. chapitre régional ; profil territorial proposé Budget civil 0,00 % ; coefficient 0,000000 ; part de filière 0,000 %. Zéro proposé : Budget local de cette filière nul ou coefficient non retenu ; aucune interdiction universelle. Réseaux, exclusion, dettes et compétences ; statut légal distinct de noblesse.";0;0;0
Homme de main;Opérateur d’activités illicites;0;0;0.0;A — activité attestée;BR42;"Contexte régional ; taille et fréquence locales proposées. Profil résidentiel rural/mixte ; jardins, cuisine, filage, corvées et milice saisonnière restent activités secondaires. chapitre régional ; profil territorial proposé Budget civil 0,00 % ; coefficient 0,000000 ; part de filière 0,000 %. Zéro proposé : Budget local de cette filière nul ou coefficient non retenu ; aucune interdiction universelle. Réseaux, exclusion, dettes et compétences ; statut légal distinct de noblesse.";0;0;0
Receleur;Opérateur d’activités illicites;0;0;0.0;A — activité attestée;BR42;"Contexte régional ; taille et fréquence locales proposées. Profil résidentiel rural/mixte ; jardins, cuisine, filage, corvées et milice saisonnière restent activités secondaires. chapitre régional ; profil territorial proposé Budget civil 0,00 % ; coefficient 0,000000 ; part de filière 0,000 %. Zéro proposé : Budget local de cette filière nul ou coefficient non retenu ; aucune interdiction universelle. Réseaux, exclusion, dettes et compétences ; statut légal distinct de noblesse.";0;0;0
Voleur de grand chemin;Opérateur d’activités illicites;0;0;0.0;A — activité attestée;BR42;"Contexte régional ; taille et fréquence locales proposées. Profil résidentiel rural/mixte ; jardins, cuisine, filage, corvées et milice saisonnière restent activités secondaires. chapitre régional ; profil territorial proposé Budget civil 0,00 % ; coefficient 0,000000 ; part de filière 0,000 %. Zéro proposé : Budget local de cette filière nul ou coefficient non retenu ; aucune interdiction universelle. Réseaux, exclusion, dettes et compétences ; statut légal distinct de noblesse.";0;0;0
Tueur à gages;Opérateur d’activités illicites;0;0;0.0;A — activité attestée;BR42;"Contexte régional ; taille et fréquence locales proposées. Profil résidentiel rural/mixte ; jardins, cuisine, filage, corvées et milice saisonnière restent activités secondaires. chapitre régional ; profil territorial proposé Budget civil 0,00 % ; coefficient 0,000000 ; part de filière 0,000 %. Zéro proposé : Budget local de cette filière nul ou coefficient non retenu ; aucune interdiction universelle. Réseaux, exclusion, dettes et compétences ; statut légal distinct de noblesse.";0;0;0
Pickpocket;Opérateur d’activités illicites;0;0;0.0;A — activité attestée;BR42;"Contexte régional ; taille et fréquence locales proposées. Profil résidentiel rural/mixte ; jardins, cuisine, filage, corvées et milice saisonnière restent activités secondaires. chapitre régional ; profil territorial proposé Budget civil 0,00 % ; coefficient 0,000000 ; part de filière 0,000 %. Zéro proposé : Budget local de cette filière nul ou coefficient non retenu ; aucune interdiction universelle. Réseaux, exclusion, dettes et compétences ; statut légal distinct de noblesse.";0;0;0
Contrebandier;Opérateur d’activités illicites;0;0;0.0;A — activité attestée;BR42;"Contexte régional ; taille et fréquence locales proposées. Profil résidentiel rural/mixte ; jardins, cuisine, filage, corvées et milice saisonnière restent activités secondaires. chapitre régional ; profil territorial proposé Budget civil 0,00 % ; coefficient 0,000000 ; part de filière 0,000 %. Zéro proposé : Budget local de cette filière nul ou coefficient non retenu ; aucune interdiction universelle. Réseaux, exclusion, dettes et compétences ; statut légal distinct de noblesse.";0;0;0
Pirate;Opérateur d’activités illicites;0;0;0.0;A — activité attestée;MJ136;"Contexte régional ; taille et fréquence locales proposées. Profil résidentiel rural/mixte ; jardins, cuisine, filage, corvées et milice saisonnière restent activités secondaires. chapitre régional ; profil territorial proposé Budget civil 0,00 % ; coefficient 0,000000 ; part de filière 0,000 %. Zéro proposé : Budget local de cette filière nul ou coefficient non retenu ; aucune interdiction universelle. Réseaux, exclusion, dettes et compétences ; statut légal distinct de noblesse.";0;0;0
Cultivateur de tubercules;Agriculteur;0;0;0.0;A — activité attestée;"SB120; SB168";"Contexte régional ; taille et fréquence locales proposées. Profil résidentiel rural/mixte ; jardins, cuisine, filage, corvées et milice saisonnière restent activités secondaires. chapitre régional ; profil territorial proposé Budget civil 54,00 % ; coefficient 0,000000 ; part de filière 0,000 %. Zéro proposé : Climat, matière ou culture hors filière régionale retenue ; aucun établissement exceptionnel proposé. Transmission familiale, terre/eau, droits d’usage et outils ; les tâches saisonnières restent secondaires.";0;0;0
Cartographe;Cartographe;0.0158138676117526;0.023483616887069493;14.232480850577339;A — activité attestée;MJ128;"Contexte régional ; taille et fréquence locales proposées. Profil résidentiel rural/mixte ; jardins, cuisine, filage, corvées et milice saisonnière restent activités secondaires. chapitre régional ; profil territorial proposé Budget civil 1,00 % ; coefficient 0,750000 ; part de filière 2,858 %. Long apprentissage, frais, bourses, talent, licence ou secret ; titre ne donne pas maîtrise.";0.0016532503614311669;0.014127571091155137;3.304615916629557e-05
Sans métier actif;Statut;2.2464;3.335907335907336;2021.76;P;;Personnes productives occupées + personnes sans emploi disponibles recherchant une activité. Inclut aide familiale, subsistance, apprentissage productif et travail partiel.;0.031200000000000002;1.9176;0.29760000000000003
Hors activité;Statut;32.66;0;29393.999999999996;P;;"Tous habitants recensés dans les catégories sources; enfants, étudiants et retraités ne sont exclus de l’activité que sans contribution productive. Pas de seuil humain de 18 ans imposé.";1.44;30.079999999999995;1.1400000000000001
