Métier;Base;% habitants;% actifs;Effectif attendu;Appui activité;Références;Justification proposée;Milieu privilégié, noblesse non établie / % de tous habitants;Milieu ordinaire, noblesse non établie / % de tous habitants;Milieu précaire, noblesse non établie / % de tous habitants
Agriculteur généraliste;Agriculteur;4.231985309254013;6.262186015469094;;A — activité attestée;"SB90; SB198";"Contexte régional ; taille et fréquence locales proposées. Profil résidentiel rural/mixte ; jardins, cuisine, filage, corvées et milice saisonnière restent activités secondaires. chapitre régional ; profil territorial proposé Budget civil 55,00 % ; coefficient 2,500000 ; part de filière 11,804 %. Transmission familiale, terre/eau, droits d’usage et outils ; les tâches saisonnières restent secondaires.";0.010985012995188045;4.113705132386787;0.10729516387203784
Céréalier;Agriculteur;0.1692794123701606;0.2504874406187638;;D — activité déduite;"SB90; SB198";"Contexte régional ; taille et fréquence locales proposées. Profil résidentiel rural/mixte ; jardins, cuisine, filage, corvées et milice saisonnière restent activités secondaires. chapitre régional ; profil territorial proposé Budget civil 55,00 % ; coefficient 0,100000 ; part de filière 0,472 %. Transmission familiale, terre/eau, droits d’usage et outils ; les tâches saisonnières restent secondaires.";0.00043940051980752217;0.16454820529547154;0.004291806554881518
Riziculteur;Agriculteur;0;0;;A — activité attestée;SB198;"Contexte régional ; taille et fréquence locales proposées. Profil résidentiel rural/mixte ; jardins, cuisine, filage, corvées et milice saisonnière restent activités secondaires. chapitre régional ; profil territorial proposé Budget civil 55,00 % ; coefficient 0,000000 ; part de filière 0,000 %. Zéro proposé : Climat, matière ou culture hors filière régionale retenue ; aucun établissement exceptionnel proposé. Transmission familiale, terre/eau, droits d’usage et outils ; les tâches saisonnières restent secondaires.";0;0;0
Vigneron;Agriculteur;0;0;;A — activité attestée;MJ128;"Contexte régional ; taille et fréquence locales proposées. Profil résidentiel rural/mixte ; jardins, cuisine, filage, corvées et milice saisonnière restent activités secondaires. chapitre régional ; profil territorial proposé Budget civil 10,00 % ; coefficient 0,000000 ; part de filière 0,000 %. Zéro proposé : Climat, matière ou culture hors filière régionale retenue ; aucun établissement exceptionnel proposé. Savoir-faire de terrain et sécurité ; procédé spécialisé distinct du rang social.";0;0;0
Cultivateur d’épices;Agriculteur;0;0;;A — activité attestée;SB182;"Contexte régional ; taille et fréquence locales proposées. Profil résidentiel rural/mixte ; jardins, cuisine, filage, corvées et milice saisonnière restent activités secondaires. chapitre régional ; profil territorial proposé Budget civil 10,00 % ; coefficient 0,000000 ; part de filière 0,000 %. Zéro proposé : Climat, matière ou culture hors filière régionale retenue ; aucun établissement exceptionnel proposé. Savoir-faire de terrain et sécurité ; procédé spécialisé distinct du rang social.";0;0;0
Cultivateur d’herbes pour thé;Agriculteur;0;0;;D — activité déduite;SB198;"Contexte régional ; taille et fréquence locales proposées. Profil résidentiel rural/mixte ; jardins, cuisine, filage, corvées et milice saisonnière restent activités secondaires. chapitre régional ; profil territorial proposé Budget civil 10,00 % ; coefficient 0,000000 ; part de filière 0,000 %. Zéro proposé : Climat, matière ou culture hors filière régionale retenue ; aucun établissement exceptionnel proposé. Savoir-faire de terrain et sécurité ; procédé spécialisé distinct du rang social.";0;0;0
Maraîcher;Agriculteur;0.1692794123701606;0.2504874406187638;;D — activité déduite;"SB90; SB198";"Contexte régional ; taille et fréquence locales proposées. Profil résidentiel rural/mixte ; jardins, cuisine, filage, corvées et milice saisonnière restent activités secondaires. chapitre régional ; profil territorial proposé Budget civil 55,00 % ; coefficient 0,100000 ; part de filière 0,472 %. Transmission familiale, terre/eau, droits d’usage et outils ; les tâches saisonnières restent secondaires.";0.00043940051980752217;0.16454820529547154;0.004291806554881518
Jardinier;Horticulteur;0.4846688684014871;0.7171779644887349;;A — activité attestée;"SB29; SB161";"Contexte régional ; taille et fréquence locales proposées. Profil résidentiel rural/mixte ; jardins, cuisine, filage, corvées et milice saisonnière restent activités secondaires. chapitre régional ; profil territorial proposé Budget civil 10,00 % ; coefficient 1,000000 ; part de filière 7,435 %. Savoir-faire de terrain et sécurité ; procédé spécialisé distinct du rang social.";0.0025096069090255226;0.4699030773315396;0.012256184160921989
Fleuriste;Horticulteur;0.4846688684014871;0.7171779644887349;;A — activité attestée;"SB29; SB161";"Contexte régional ; taille et fréquence locales proposées. Profil résidentiel rural/mixte ; jardins, cuisine, filage, corvées et milice saisonnière restent activités secondaires. chapitre régional ; profil territorial proposé Budget civil 10,00 % ; coefficient 1,000000 ; part de filière 7,435 %. Savoir-faire de terrain et sécurité ; procédé spécialisé distinct du rang social.";0.0025096069090255226;0.4699030773315396;0.012256184160921989
Arboriculteur de verger;Horticulteur;1.6927941237016055;2.504874406187638;;D — activité déduite;"SB29; SB161";"Contexte régional ; taille et fréquence locales proposées. Profil résidentiel rural/mixte ; jardins, cuisine, filage, corvées et milice saisonnière restent activités secondaires. chapitre régional ; profil territorial proposé Budget civil 55,00 % ; coefficient 1,000000 ; part de filière 4,721 %. Transmission familiale, terre/eau, droits d’usage et outils ; les tâches saisonnières restent secondaires.";0.004394005198075219;1.6454820529547152;0.04291806554881517
Jardinier de roses magiques;Horticulteur;0;0;;A — activité attestée;SB157;"Contexte régional ; taille et fréquence locales proposées. Profil résidentiel rural/mixte ; jardins, cuisine, filage, corvées et milice saisonnière restent activités secondaires. chapitre régional ; profil territorial proposé Budget civil 10,00 % ; coefficient 0,000000 ; part de filière 0,000 %. Zéro proposé : Filière régionale non retenue dans ce scénario, sans interdiction universelle. Savoir-faire de terrain et sécurité ; procédé spécialisé distinct du rang social.";0;0;0
Arboriculteur de breithwood;Horticulteur;0;0;;D — activité déduite;SB152;"Contexte régional ; taille et fréquence locales proposées. Profil résidentiel rural/mixte ; jardins, cuisine, filage, corvées et milice saisonnière restent activités secondaires. chapitre régional ; profil territorial proposé Budget civil 10,00 % ; coefficient 0,000000 ; part de filière 0,000 %. Zéro proposé : Filière régionale non retenue dans ce scénario, sans interdiction universelle. Savoir-faire de terrain et sécurité ; procédé spécialisé distinct du rang social.";0;0;0
Éleveur généraliste;Éleveur;4.231985309254013;6.262186015469094;;A — activité attestée;"SB120; SB182";"Contexte régional ; taille et fréquence locales proposées. Profil résidentiel rural/mixte ; jardins, cuisine, filage, corvées et milice saisonnière restent activités secondaires. chapitre régional ; profil territorial proposé Budget civil 55,00 % ; coefficient 2,500000 ; part de filière 11,804 %. Transmission familiale, terre/eau, droits d’usage et outils ; les tâches saisonnières restent secondaires.";0.010985012995188045;4.113705132386787;0.10729516387203784
Berger;Éleveur;0.1692794123701606;0.2504874406187638;;A — activité attestée;MJ135;"Contexte régional ; taille et fréquence locales proposées. Profil résidentiel rural/mixte ; jardins, cuisine, filage, corvées et milice saisonnière restent activités secondaires. chapitre régional ; profil territorial proposé Budget civil 55,00 % ; coefficient 0,100000 ; part de filière 0,472 %. Transmission familiale, terre/eau, droits d’usage et outils ; les tâches saisonnières restent secondaires.";0.00043940051980752217;0.16454820529547154;0.004291806554881518
Éleveur de yaks;Éleveur;0;0;;A — activité attestée;SB120;"Contexte régional ; taille et fréquence locales proposées. Profil résidentiel rural/mixte ; jardins, cuisine, filage, corvées et milice saisonnière restent activités secondaires. chapitre régional ; profil territorial proposé Budget civil 55,00 % ; coefficient 0,000000 ; part de filière 0,000 %. Zéro proposé : Climat, matière ou culture hors filière régionale retenue ; aucun établissement exceptionnel proposé. Transmission familiale, terre/eau, droits d’usage et outils ; les tâches saisonnières restent secondaires.";0;0;0
Éleveur de chevaux;Éleveur;0.04846688684014871;0.07171779644887351;;A — activité attestée;SB182;"Contexte régional ; taille et fréquence locales proposées. Profil résidentiel rural/mixte ; jardins, cuisine, filage, corvées et milice saisonnière restent activités secondaires. chapitre régional ; profil territorial proposé Budget civil 10,00 % ; coefficient 0,100000 ; part de filière 0,743 %. Savoir-faire de terrain et sécurité ; procédé spécialisé distinct du rang social.";0.00025096069090255207;0.046990307733153956;0.0012256184160921986
Éleveur de chameaux;Éleveur;0;0;;A — activité attestée;SB182;"Contexte régional ; taille et fréquence locales proposées. Profil résidentiel rural/mixte ; jardins, cuisine, filage, corvées et milice saisonnière restent activités secondaires. chapitre régional ; profil territorial proposé Budget civil 10,00 % ; coefficient 0,000000 ; part de filière 0,000 %. Zéro proposé : Climat, matière ou culture hors filière régionale retenue ; aucun établissement exceptionnel proposé. Savoir-faire de terrain et sécurité ; procédé spécialisé distinct du rang social.";0;0;0
Éleveur de vers à soie;Éleveur;0;0;;A — activité attestée;SB198;"Contexte régional ; taille et fréquence locales proposées. Profil résidentiel rural/mixte ; jardins, cuisine, filage, corvées et milice saisonnière restent activités secondaires. chapitre régional ; profil territorial proposé Budget civil 10,00 % ; coefficient 0,000000 ; part de filière 0,000 %. Zéro proposé : Climat, matière ou culture hors filière régionale retenue ; aucun établissement exceptionnel proposé. Savoir-faire de terrain et sécurité ; procédé spécialisé distinct du rang social.";0;0;0
Éleveur de loups géants;Éleveur;0;0;;A — activité attestée;SB191;"Contexte régional ; taille et fréquence locales proposées. Profil résidentiel rural/mixte ; jardins, cuisine, filage, corvées et milice saisonnière restent activités secondaires. chapitre régional ; profil territorial proposé Budget civil 10,00 % ; coefficient 0,000000 ; part de filière 0,000 %. Zéro proposé : Filière régionale non retenue dans ce scénario, sans interdiction universelle. Savoir-faire de terrain et sécurité ; procédé spécialisé distinct du rang social.";0;0;0
Éleveur de montures volantes;Éleveur;0;0;;A — activité attestée;"SB124; SB107";"Contexte régional ; taille et fréquence locales proposées. Profil résidentiel rural/mixte ; jardins, cuisine, filage, corvées et milice saisonnière restent activités secondaires. chapitre régional ; profil territorial proposé Budget civil 10,00 % ; coefficient 0,000000 ; part de filière 0,000 %. Zéro proposé : Climat, matière ou culture hors filière régionale retenue ; aucun établissement exceptionnel proposé. Savoir-faire de terrain et sécurité ; procédé spécialisé distinct du rang social.";0;0;0
Apiculteur;Éleveur;0;0;;P — activité proposée;SB152;"Contexte régional ; taille et fréquence locales proposées. Profil résidentiel rural/mixte ; jardins, cuisine, filage, corvées et milice saisonnière restent activités secondaires. chapitre régional ; profil territorial proposé Budget civil 55,00 % ; coefficient 0,000000 ; part de filière 0,000 %. Zéro proposé : Climat, matière ou culture hors filière régionale retenue ; aucun établissement exceptionnel proposé. Transmission familiale, terre/eau, droits d’usage et outils ; les tâches saisonnières restent secondaires.";0;0;0
Chasseur de gibier;Chasseur;16.927941237016054;25.048744061876377;;A — activité attestée;"MJ139; PG20";"Contexte régional ; taille et fréquence locales proposées. Profil résidentiel rural/mixte ; jardins, cuisine, filage, corvées et milice saisonnière restent activités secondaires. chapitre régional ; profil territorial proposé Budget civil 55,00 % ; coefficient 10,000000 ; part de filière 47,214 %. Transmission familiale, terre/eau, droits d’usage et outils ; les tâches saisonnières restent secondaires.";0.04394005198075218;16.45482052954715;0.4291806554881514
Trappeur;Chasseur;6.771176494806422;10.019497624750551;;A — activité attestée;MJ140;"Contexte régional ; taille et fréquence locales proposées. Profil résidentiel rural/mixte ; jardins, cuisine, filage, corvées et milice saisonnière restent activités secondaires. chapitre régional ; profil territorial proposé Budget civil 55,00 % ; coefficient 4,000000 ; part de filière 18,886 %. Transmission familiale, terre/eau, droits d’usage et outils ; les tâches saisonnières restent secondaires.";0.017576020792300875;6.581928211818861;0.1716722621952607
Chasseur de monstres;Chasseur;0;0;;A — activité attestée;PG58;"Contexte régional ; taille et fréquence locales proposées. Profil résidentiel rural/mixte ; jardins, cuisine, filage, corvées et milice saisonnière restent activités secondaires. chapitre régional ; profil territorial proposé Budget civil 1,00 % ; coefficient 0,000000 ; part de filière 0,000 %. Zéro proposé : Spécialité avancée non installée dans le profil rural ordinaire : apprentissage, matériel et clientèle insuffisamment établis. Long apprentissage, frais, bourses, talent, licence ou secret ; titre ne donne pas maîtrise.";0;0;0
Chasseur de monstres marins;Chasseur;0;0;;A — activité attestée;SB148;"Contexte régional ; taille et fréquence locales proposées. Profil résidentiel rural/mixte ; jardins, cuisine, filage, corvées et milice saisonnière restent activités secondaires. chapitre régional ; profil territorial proposé Budget civil 1,00 % ; coefficient 0,000000 ; part de filière 0,000 %. Zéro proposé : Filière régionale non retenue dans ce scénario, sans interdiction universelle. Long apprentissage, frais, bourses, talent, licence ou secret ; titre ne donne pas maîtrise.";0;0;0
Chasseur de dragons;Chasseur;0;0;;A — activité attestée;SB220;"Contexte régional ; taille et fréquence locales proposées. Profil résidentiel rural/mixte ; jardins, cuisine, filage, corvées et milice saisonnière restent activités secondaires. chapitre régional ; profil territorial proposé Budget civil 1,00 % ; coefficient 0,000000 ; part de filière 0,000 %. Zéro proposé : Technique de site, institution, secret ou habilitation concentrée dans les implantations autorisées du scénario. Long apprentissage, frais, bourses, talent, licence ou secret ; titre ne donne pas maîtrise.";0;0;0
Cueilleur;Collecteur de ressources;1.3542352989612847;2.0038995249501106;;A — activité attestée;"MJ139; SB153";"Contexte régional ; taille et fréquence locales proposées. Profil résidentiel rural/mixte ; jardins, cuisine, filage, corvées et milice saisonnière restent activités secondaires. chapitre régional ; profil territorial proposé Budget civil 55,00 % ; coefficient 0,800000 ; part de filière 3,777 %. Transmission familiale, terre/eau, droits d’usage et outils ; les tâches saisonnières restent secondaires.";0.0035152041584601773;1.3163856423637723;0.03433445243905214
Herboriste de collecte;Collecteur de ressources;0.38773509472118967;0.5737423715909881;;D — activité déduite;BR55;"Contexte régional ; taille et fréquence locales proposées. Profil résidentiel rural/mixte ; jardins, cuisine, filage, corvées et milice saisonnière restent activités secondaires. chapitre régional ; profil territorial proposé Budget civil 10,00 % ; coefficient 0,800000 ; part de filière 5,948 %. Savoir-faire de terrain et sécurité ; procédé spécialisé distinct du rang social.";0.0020076855272204166;0.37592246186523165;0.009804947328737589
Collecteur de composants de créatures;Collecteur de ressources;0.38773509472118967;0.5737423715909881;;A — activité attestée;"SB104; SB139";"Contexte régional ; taille et fréquence locales proposées. Profil résidentiel rural/mixte ; jardins, cuisine, filage, corvées et milice saisonnière restent activités secondaires. chapitre régional ; profil territorial proposé Budget civil 10,00 % ; coefficient 0,800000 ; part de filière 5,948 %. Savoir-faire de terrain et sécurité ; procédé spécialisé distinct du rang social.";0.0020076855272204166;0.37592246186523165;0.009804947328737589
Collecteur de perles;Collecteur de ressources;0;0;;D — activité déduite;SB149;"Contexte régional ; taille et fréquence locales proposées. Profil résidentiel rural/mixte ; jardins, cuisine, filage, corvées et milice saisonnière restent activités secondaires. chapitre régional ; profil territorial proposé Budget civil 10,00 % ; coefficient 0,000000 ; part de filière 0,000 %. Zéro proposé : Filière régionale non retenue dans ce scénario, sans interdiction universelle. Savoir-faire de terrain et sécurité ; procédé spécialisé distinct du rang social.";0;0;0
Récupérateur de reliques penumbrales;Collecteur de ressources;0;0;;A — activité attestée;PG8;"Contexte régional ; taille et fréquence locales proposées. Profil résidentiel rural/mixte ; jardins, cuisine, filage, corvées et milice saisonnière restent activités secondaires. chapitre régional ; profil territorial proposé Budget civil 10,00 % ; coefficient 0,000000 ; part de filière 0,000 %. Zéro proposé : Filière régionale non retenue dans ce scénario, sans interdiction universelle. Savoir-faire de terrain et sécurité ; procédé spécialisé distinct du rang social.";0;0;0
Bûcheron;Travailleur forestier;0.24233443420074355;0.35858898224436747;;A — activité attestée;"MJ135; SB107";"Contexte régional ; taille et fréquence locales proposées. Profil résidentiel rural/mixte ; jardins, cuisine, filage, corvées et milice saisonnière restent activités secondaires. chapitre régional ; profil territorial proposé Budget civil 10,00 % ; coefficient 0,500000 ; part de filière 3,717 %. Savoir-faire de terrain et sécurité ; procédé spécialisé distinct du rang social.";0.0012548034545127613;0.2349515386657698;0.0061280920804609946
Forestier;Travailleur forestier;0.24233443420074355;0.35858898224436747;;A — activité attestée;MJ140;"Contexte régional ; taille et fréquence locales proposées. Profil résidentiel rural/mixte ; jardins, cuisine, filage, corvées et milice saisonnière restent activités secondaires. chapitre régional ; profil territorial proposé Budget civil 10,00 % ; coefficient 0,500000 ; part de filière 3,717 %. Savoir-faire de terrain et sécurité ; procédé spécialisé distinct du rang social.";0.0012548034545127613;0.2349515386657698;0.0061280920804609946
Scieur;Travailleur forestier;0.24233443420074355;0.35858898224436747;;D — activité déduite;SB99;"Contexte régional ; taille et fréquence locales proposées. Profil résidentiel rural/mixte ; jardins, cuisine, filage, corvées et milice saisonnière restent activités secondaires. chapitre régional ; profil territorial proposé Budget civil 10,00 % ; coefficient 0,500000 ; part de filière 3,717 %. Savoir-faire de terrain et sécurité ; procédé spécialisé distinct du rang social.";0.0012548034545127613;0.2349515386657698;0.0061280920804609946
Pêcheur maritime;Pêcheur;0;0;;A — activité attestée;"SB110; SB168";"Contexte régional ; taille et fréquence locales proposées. Profil résidentiel rural/mixte ; jardins, cuisine, filage, corvées et milice saisonnière restent activités secondaires. chapitre régional ; profil territorial proposé Budget civil 55,00 % ; coefficient 0,000000 ; part de filière 0,000 %. Zéro proposé : Poids technique nul dans la filière locale du scénario. Transmission familiale, terre/eau, droits d’usage et outils ; les tâches saisonnières restent secondaires.";0;0;0
Pêcheur d’eau douce;Pêcheur;0.13542352989612846;0.20038995249501107;;A — activité attestée;SB138;"Contexte régional ; taille et fréquence locales proposées. Profil résidentiel rural/mixte ; jardins, cuisine, filage, corvées et milice saisonnière restent activités secondaires. chapitre régional ; profil territorial proposé Budget civil 55,00 % ; coefficient 0,080000 ; part de filière 0,378 %. Transmission familiale, terre/eau, droits d’usage et outils ; les tâches saisonnières restent secondaires.";0.0003515204158460175;0.13163856423637724;0.003433445243905212
Cultivateur marin;Pêcheur;0;0;;P — activité proposée;SB149;"Contexte régional ; taille et fréquence locales proposées. Profil résidentiel rural/mixte ; jardins, cuisine, filage, corvées et milice saisonnière restent activités secondaires. chapitre régional ; profil territorial proposé Budget civil 55,00 % ; coefficient 0,000000 ; part de filière 0,000 %. Zéro proposé : Filière régionale non retenue dans ce scénario, sans interdiction universelle. Transmission familiale, terre/eau, droits d’usage et outils ; les tâches saisonnières restent secondaires.";0;0;0
Mineur;Extracteur de ressources minérales;1.2116721710037177;1.7929449112218374;;A — activité attestée;"MJ135; SB160";"Contexte régional ; taille et fréquence locales proposées. Profil résidentiel rural/mixte ; jardins, cuisine, filage, corvées et milice saisonnière restent activités secondaires. chapitre régional ; profil territorial proposé Budget civil 10,00 % ; coefficient 2,500000 ; part de filière 18,587 %. Savoir-faire de terrain et sécurité ; procédé spécialisé distinct du rang social.";0.006274017272563806;1.174757693328849;0.03064046040230496
Carrier;Extracteur de ressources minérales;1.2116721710037177;1.7929449112218374;;D — activité déduite;"MJ135; SB160";"Contexte régional ; taille et fréquence locales proposées. Profil résidentiel rural/mixte ; jardins, cuisine, filage, corvées et milice saisonnière restent activités secondaires. chapitre régional ; profil territorial proposé Budget civil 10,00 % ; coefficient 2,500000 ; part de filière 18,587 %. Savoir-faire de terrain et sécurité ; procédé spécialisé distinct du rang social.";0.006274017272563806;1.174757693328849;0.03064046040230496
Salinier;Extracteur de ressources minérales;0;0;;P — activité proposée;SB120;"Contexte régional ; taille et fréquence locales proposées. Profil résidentiel rural/mixte ; jardins, cuisine, filage, corvées et milice saisonnière restent activités secondaires. chapitre régional ; profil territorial proposé Budget civil 10,00 % ; coefficient 0,000000 ; part de filière 0,000 %. Zéro proposé : Climat, matière ou culture hors filière régionale retenue ; aucun établissement exceptionnel proposé. Savoir-faire de terrain et sécurité ; procédé spécialisé distinct du rang social.";0;0;0
Mineur de bauronite;Extracteur de ressources minérales;0;0;;A — activité attestée;"SB174; SB182";"Contexte régional ; taille et fréquence locales proposées. Profil résidentiel rural/mixte ; jardins, cuisine, filage, corvées et milice saisonnière restent activités secondaires. chapitre régional ; profil territorial proposé Budget civil 10,00 % ; coefficient 0,000000 ; part de filière 0,000 %. Zéro proposé : Climat, matière ou culture hors filière régionale retenue ; aucun établissement exceptionnel proposé. Savoir-faire de terrain et sécurité ; procédé spécialisé distinct du rang social.";0;0;0
Mineur de tameranium;Extracteur de ressources minérales;0;0;;A — activité attestée;"SB168; SB198";"Contexte régional ; taille et fréquence locales proposées. Profil résidentiel rural/mixte ; jardins, cuisine, filage, corvées et milice saisonnière restent activités secondaires. chapitre régional ; profil territorial proposé Budget civil 10,00 % ; coefficient 0,000000 ; part de filière 0,000 %. Zéro proposé : Climat, matière ou culture hors filière régionale retenue ; aucun établissement exceptionnel proposé. Savoir-faire de terrain et sécurité ; procédé spécialisé distinct du rang social.";0;0;0
Extracteur d’obsidienne;Extracteur de ressources minérales;0;0;;A — activité attestée;SB190;"Contexte régional ; taille et fréquence locales proposées. Profil résidentiel rural/mixte ; jardins, cuisine, filage, corvées et milice saisonnière restent activités secondaires. chapitre régional ; profil territorial proposé Budget civil 10,00 % ; coefficient 0,000000 ; part de filière 0,000 %. Zéro proposé : Filière régionale non retenue dans ce scénario, sans interdiction universelle. Savoir-faire de terrain et sécurité ; procédé spécialisé distinct du rang social.";0;0;0
Extracteur de soufre;Extracteur de ressources minérales;0;0;;A — activité attestée;SB190;"Contexte régional ; taille et fréquence locales proposées. Profil résidentiel rural/mixte ; jardins, cuisine, filage, corvées et milice saisonnière restent activités secondaires. chapitre régional ; profil territorial proposé Budget civil 10,00 % ; coefficient 0,000000 ; part de filière 0,000 %. Zéro proposé : Filière régionale non retenue dans ce scénario, sans interdiction universelle. Savoir-faire de terrain et sécurité ; procédé spécialisé distinct du rang social.";0;0;0
Prospecteur;Extracteur de ressources minérales;1.2116721710037177;1.7929449112218374;;D — activité déduite;SB104;"Contexte régional ; taille et fréquence locales proposées. Profil résidentiel rural/mixte ; jardins, cuisine, filage, corvées et milice saisonnière restent activités secondaires. chapitre régional ; profil territorial proposé Budget civil 10,00 % ; coefficient 2,500000 ; part de filière 18,587 %. Savoir-faire de terrain et sécurité ; procédé spécialisé distinct du rang social.";0.006274017272563806;1.174757693328849;0.03064046040230496
Meunier;Meunier;0.1666737685227273;0.24663179716295844;;D — activité déduite;SB121;"Contexte régional ; taille et fréquence locales proposées. Profil résidentiel rural/mixte ; jardins, cuisine, filage, corvées et milice saisonnière restent activités secondaires. chapitre régional ; profil territorial proposé Budget civil 18,00 % ; coefficient 1,750000 ; part de filière 1,420 %. Apprentissage, atelier, combustible et outils ; titre noble ne remplace pas qualification.";0.004227607358818644;0.1583168822586422;0.004129278905266461
Boucher;Boucher;0.19048430688311693;0.2818649110433811;;D — activité déduite;SB99;"Contexte régional ; taille et fréquence locales proposées. Profil résidentiel rural/mixte ; jardins, cuisine, filage, corvées et milice saisonnière restent activités secondaires. chapitre régional ; profil territorial proposé Budget civil 18,00 % ; coefficient 2,000000 ; part de filière 1,623 %. Apprentissage, atelier, combustible et outils ; titre noble ne remplace pas qualification.";0.004831551267221305;0.18093357972416252;0.004719175891733099
Écorcheur;Boucher;0.07619372275324678;0.11274596441735243;;A — activité attestée;MJ128;"Contexte régional ; taille et fréquence locales proposées. Profil résidentiel rural/mixte ; jardins, cuisine, filage, corvées et milice saisonnière restent activités secondaires. chapitre régional ; profil territorial proposé Budget civil 18,00 % ; coefficient 0,800000 ; part de filière 0,649 %. Apprentissage, atelier, combustible et outils ; titre noble ne remplace pas qualification.";0.0019326205068885228;0.07237343188966501;0.0018876703566932402
Boulanger;Boulanger;0.40477915212662346;0.5989629359671848;;A — activité attestée;MJ128;"Contexte régional ; taille et fréquence locales proposées. Profil résidentiel rural/mixte ; jardins, cuisine, filage, corvées et milice saisonnière restent activités secondaires. chapitre régional ; profil territorial proposé Budget civil 18,00 % ; coefficient 4,250000 ; part de filière 3,450 %. Apprentissage, atelier, combustible et outils ; titre noble ne remplace pas qualification.";0.010267046442845274;0.38448385691384535;0.010028248769932838
Cuisinier;Cuisinier;0.16814021872581894;0.2488017441932805;;A — activité attestée;MJ128;"Contexte régional ; taille et fréquence locales proposées. Profil résidentiel rural/mixte ; jardins, cuisine, filage, corvées et milice saisonnière restent activités secondaires. chapitre régional ; profil territorial proposé Budget civil 2,00 % ; coefficient 7,500000 ; part de filière 12,897 %. Apprentissage et qualification variable ; soins avancés et thérapie magique exigent formation.";0.00043718243880291343;0.16371757075578502;0.003985465531231014
Cuisinier de haute cuisine;Cuisinier;0;0;;A — activité attestée;"PG28; CC52";"Contexte régional ; taille et fréquence locales proposées. Profil résidentiel rural/mixte ; jardins, cuisine, filage, corvées et milice saisonnière restent activités secondaires. chapitre régional ; profil territorial proposé Budget civil 2,00 % ; coefficient 0,000000 ; part de filière 0,000 %. Zéro proposé : Haute cuisine concentrée auprès de clientèle et maîtres attestés/proposés ; cuisine ordinaire conservée. Apprentissage et qualification variable ; soins avancés et thérapie magique exigent formation.";0;0;0
Poissonnier;Transformateur alimentaire;0.12381479947402602;0.18321219217819773;;D — activité déduite;"SB120; SB149";"Contexte régional ; taille et fréquence locales proposées. Profil résidentiel rural/mixte ; jardins, cuisine, filage, corvées et milice saisonnière restent activités secondaires. chapitre régional ; profil territorial proposé Budget civil 18,00 % ; coefficient 1,300000 ; part de filière 1,055 %. Apprentissage, atelier, combustible et outils ; titre noble ne remplace pas qualification.";0.0031405083236938497;0.11760682682070565;0.003067464329626516
Saleur et sécheur alimentaire;Transformateur alimentaire;0.12381479947402602;0.18321219217819773;;D — activité déduite;"SB120; SB149";"Contexte régional ; taille et fréquence locales proposées. Profil résidentiel rural/mixte ; jardins, cuisine, filage, corvées et milice saisonnière restent activités secondaires. chapitre régional ; profil territorial proposé Budget civil 18,00 % ; coefficient 1,300000 ; part de filière 1,055 %. Apprentissage, atelier, combustible et outils ; titre noble ne remplace pas qualification.";0.0031405083236938497;0.11760682682070565;0.003067464329626516
Fromager;Transformateur alimentaire;0.12381479947402602;0.18321219217819773;;A — activité attestée;"SB120; SB149";"Contexte régional ; taille et fréquence locales proposées. Profil résidentiel rural/mixte ; jardins, cuisine, filage, corvées et milice saisonnière restent activités secondaires. chapitre régional ; profil territorial proposé Budget civil 18,00 % ; coefficient 1,300000 ; part de filière 1,055 %. Apprentissage, atelier, combustible et outils ; titre noble ne remplace pas qualification.";0.0031405083236938497;0.11760682682070565;0.003067464329626516
Huilier;Transformateur alimentaire;0.12381479947402602;0.18321219217819773;;P — activité proposée;"SB120; SB149";"Contexte régional ; taille et fréquence locales proposées. Profil résidentiel rural/mixte ; jardins, cuisine, filage, corvées et milice saisonnière restent activités secondaires. chapitre régional ; profil territorial proposé Budget civil 18,00 % ; coefficient 1,300000 ; part de filière 1,055 %. Apprentissage, atelier, combustible et outils ; titre noble ne remplace pas qualification.";0.0031405083236938497;0.11760682682070565;0.003067464329626516
Brasseur;Fabricant de boissons;0.11429058412987016;0.16911894662602867;;A — activité attestée;"MJ128; SB120";"Contexte régional ; taille et fréquence locales proposées. Profil résidentiel rural/mixte ; jardins, cuisine, filage, corvées et milice saisonnière restent activités secondaires. chapitre régional ; profil territorial proposé Budget civil 18,00 % ; coefficient 1,200000 ; part de filière 0,974 %. Apprentissage, atelier, combustible et outils ; titre noble ne remplace pas qualification.";0.0028989307603327834;0.10856014783449751;0.00283150553503986
Distillateur;Fabricant de boissons;0.11429058412987016;0.16911894662602867;;A — activité attestée;"MJ128; SB120";"Contexte régional ; taille et fréquence locales proposées. Profil résidentiel rural/mixte ; jardins, cuisine, filage, corvées et milice saisonnière restent activités secondaires. chapitre régional ; profil territorial proposé Budget civil 18,00 % ; coefficient 1,200000 ; part de filière 0,974 %. Apprentissage, atelier, combustible et outils ; titre noble ne remplace pas qualification.";0.0028989307603327834;0.10856014783449751;0.00283150553503986
Distillateur de Highlandtuber;Fabricant de boissons;0;0;;A — activité attestée;"SB120; SB121";"Contexte régional ; taille et fréquence locales proposées. Profil résidentiel rural/mixte ; jardins, cuisine, filage, corvées et milice saisonnière restent activités secondaires. chapitre régional ; profil territorial proposé Budget civil 18,00 % ; coefficient 0,000000 ; part de filière 0,000 %. Zéro proposé : Filière régionale non retenue dans ce scénario, sans interdiction universelle. Apprentissage, atelier, combustible et outils ; titre noble ne remplace pas qualification.";0;0;0
Maître de cérémonie du thé;Maître de cérémonie du thé;0;0;;A — activité attestée;SB201;"Contexte régional ; taille et fréquence locales proposées. Profil résidentiel rural/mixte ; jardins, cuisine, filage, corvées et milice saisonnière restent activités secondaires. chapitre régional ; profil territorial proposé Budget civil 0,00 % ; coefficient 0,000000 ; part de filière 0,000 %. Zéro proposé : Filière régionale non retenue dans ce scénario, sans interdiction universelle. Apprentissage, audition et réseau ; accès au mérite notamment Mustardseed.";0;0;0
Alchimiste;Alchimiste;0.46562830571428576;0.6890031158838203;;A — activité attestée;"MJ128; BR55";"Contexte régional ; taille et fréquence locales proposées. Profil résidentiel rural/mixte ; jardins, cuisine, filage, corvées et milice saisonnière restent activités secondaires. chapitre régional ; profil territorial proposé Budget civil 1,00 % ; coefficient 2,500000 ; part de filière 71,429 %. Long apprentissage, frais, bourses, talent, licence ou secret ; titre ne donne pas maîtrise.";0.029082516210972523;0.43563679442966974;0.0009089950736435202
Apothicaire;Alchimiste;0.18625132228571428;0.27560124635352806;;A — activité attestée;"MJ128; BR55";"Contexte régional ; taille et fréquence locales proposées. Profil résidentiel rural/mixte ; jardins, cuisine, filage, corvées et milice saisonnière restent activités secondaires. chapitre régional ; profil territorial proposé Budget civil 1,00 % ; coefficient 1,000000 ; part de filière 28,571 %. Long apprentissage, frais, bourses, talent, licence ou secret ; titre ne donne pas maîtrise.";0.011633006484389008;0.17425471777186788;0.00036359802945740816
Préparateur de poisons;Alchimiste;0;0;;D — activité déduite;"BR55; SB193";"Contexte régional ; taille et fréquence locales proposées. Profil résidentiel rural/mixte ; jardins, cuisine, filage, corvées et milice saisonnière restent activités secondaires. chapitre régional ; profil territorial proposé Budget civil 1,00 % ; coefficient 0,000000 ; part de filière 0,000 %. Zéro proposé : Spécialité avancée non installée dans le profil rural ordinaire : apprentissage, matériel et clientèle insuffisamment établis. Long apprentissage, frais, bourses, talent, licence ou secret ; titre ne donne pas maîtrise.";0;0;0
Préparateur de potions;Alchimiste;0;0;;A — activité attestée;SB138;"Contexte régional ; taille et fréquence locales proposées. Profil résidentiel rural/mixte ; jardins, cuisine, filage, corvées et milice saisonnière restent activités secondaires. chapitre régional ; profil territorial proposé Budget civil 1,00 % ; coefficient 0,000000 ; part de filière 0,000 %. Zéro proposé : Spécialité avancée non installée dans le profil rural ordinaire : apprentissage, matériel et clientèle insuffisamment établis. Long apprentissage, frais, bourses, talent, licence ou secret ; titre ne donne pas maîtrise.";0;0;0
Préparateur d’Estelindea;Alchimiste;0;0;;A — activité attestée;SB153;"Contexte régional ; taille et fréquence locales proposées. Profil résidentiel rural/mixte ; jardins, cuisine, filage, corvées et milice saisonnière restent activités secondaires. chapitre régional ; profil territorial proposé Budget civil 1,00 % ; coefficient 0,000000 ; part de filière 0,000 %. Zéro proposé : Filière régionale non retenue dans ce scénario, sans interdiction universelle. Long apprentissage, frais, bourses, talent, licence ou secret ; titre ne donne pas maîtrise.";0;0;0
Charbonnier;Charbonnier;0.36350165130111534;0.5378834733665513;;P — activité proposée;SB128;"Contexte régional ; taille et fréquence locales proposées. Profil résidentiel rural/mixte ; jardins, cuisine, filage, corvées et milice saisonnière restent activités secondaires. chapitre régional ; profil territorial proposé Budget civil 10,00 % ; coefficient 0,750000 ; part de filière 5,576 %. Savoir-faire de terrain et sécurité ; procédé spécialisé distinct du rang social.";0.0018822051817691421;0.3524273079986547;0.009192138120691497
Fondeur et affineur;Métallurgiste;0;0;;D — activité déduite;"SB198; SB160";"Contexte régional ; taille et fréquence locales proposées. Profil résidentiel rural/mixte ; jardins, cuisine, filage, corvées et milice saisonnière restent activités secondaires. chapitre régional ; profil territorial proposé Budget civil 18,00 % ; coefficient 0,000000 ; part de filière 0,000 %. Zéro proposé : Artisanat de base et réparation locale ; atelier spécialisé absent du scénario rural ordinaire. Apprentissage, atelier, combustible et outils ; titre noble ne remplace pas qualification.";0;0;0
Aciériste;Métallurgiste;0;0;;D — activité déduite;SB198;"Contexte régional ; taille et fréquence locales proposées. Profil résidentiel rural/mixte ; jardins, cuisine, filage, corvées et milice saisonnière restent activités secondaires. chapitre régional ; profil territorial proposé Budget civil 18,00 % ; coefficient 0,000000 ; part de filière 0,000 %. Zéro proposé : Artisanat de base et réparation locale ; atelier spécialisé absent du scénario rural ordinaire. Apprentissage, atelier, combustible et outils ; titre noble ne remplace pas qualification.";0;0;0
Forgeron;Forgeron;1.904843068831169;2.8186491104338107;;A — activité attestée;MJ128;"Contexte régional ; taille et fréquence locales proposées. Profil résidentiel rural/mixte ; jardins, cuisine, filage, corvées et milice saisonnière restent activités secondaires. chapitre régional ; profil territorial proposé Budget civil 18,00 % ; coefficient 20,000000 ; part de filière 16,234 %. Apprentissage, atelier, combustible et outils ; titre noble ne remplace pas qualification.";0.048315512672213054;1.809335797241625;0.047191758917330996
Armurier;Forgeron;0.7619372275324677;1.1274596441735243;;A — activité attestée;MJ128;"Contexte régional ; taille et fréquence locales proposées. Profil résidentiel rural/mixte ; jardins, cuisine, filage, corvées et milice saisonnière restent activités secondaires. chapitre régional ; profil territorial proposé Budget civil 18,00 % ; coefficient 8,000000 ; part de filière 6,494 %. Apprentissage, atelier, combustible et outils ; titre noble ne remplace pas qualification.";0.01932620506888522;0.7237343188966501;0.018876703566932395
Coutelier;Forgeron;0.7619372275324677;1.1274596441735243;;D — activité déduite;MJ128;"Contexte régional ; taille et fréquence locales proposées. Profil résidentiel rural/mixte ; jardins, cuisine, filage, corvées et milice saisonnière restent activités secondaires. chapitre régional ; profil territorial proposé Budget civil 18,00 % ; coefficient 8,000000 ; part de filière 6,494 %. Apprentissage, atelier, combustible et outils ; titre noble ne remplace pas qualification.";0.01932620506888522;0.7237343188966501;0.018876703566932395
Rémouleur;Forgeron;0.7619372275324677;1.1274596441735243;;D — activité déduite;MJ128;"Contexte régional ; taille et fréquence locales proposées. Profil résidentiel rural/mixte ; jardins, cuisine, filage, corvées et milice saisonnière restent activités secondaires. chapitre régional ; profil territorial proposé Budget civil 18,00 % ; coefficient 8,000000 ; part de filière 6,494 %. Apprentissage, atelier, combustible et outils ; titre noble ne remplace pas qualification.";0.01932620506888522;0.7237343188966501;0.018876703566932395
Serrurier;Mécanicien et artisan du métal;0;0;;A — activité attestée;"MJ128; SB174";"Contexte régional ; taille et fréquence locales proposées. Profil résidentiel rural/mixte ; jardins, cuisine, filage, corvées et milice saisonnière restent activités secondaires. chapitre régional ; profil territorial proposé Budget civil 18,00 % ; coefficient 0,000000 ; part de filière 0,000 %. Zéro proposé : Artisanat de base et réparation locale ; atelier spécialisé absent du scénario rural ordinaire. Apprentissage, atelier, combustible et outils ; titre noble ne remplace pas qualification.";0;0;0
Rétameur;Mécanicien et artisan du métal;0;0;;A — activité attestée;"MJ128; SB174";"Contexte régional ; taille et fréquence locales proposées. Profil résidentiel rural/mixte ; jardins, cuisine, filage, corvées et milice saisonnière restent activités secondaires. chapitre régional ; profil territorial proposé Budget civil 18,00 % ; coefficient 0,000000 ; part de filière 0,000 %. Zéro proposé : Artisanat de base et réparation locale ; atelier spécialisé absent du scénario rural ordinaire. Apprentissage, atelier, combustible et outils ; titre noble ne remplace pas qualification.";0;0;0
Réparateur et bricoleur;Mécanicien et artisan du métal;0;0;;A — activité attestée;"MJ128; SB174";"Contexte régional ; taille et fréquence locales proposées. Profil résidentiel rural/mixte ; jardins, cuisine, filage, corvées et milice saisonnière restent activités secondaires. chapitre régional ; profil territorial proposé Budget civil 18,00 % ; coefficient 0,000000 ; part de filière 0,000 %. Zéro proposé : Artisanat de base et réparation locale ; atelier spécialisé absent du scénario rural ordinaire. Apprentissage, atelier, combustible et outils ; titre noble ne remplace pas qualification.";0;0;0
Horloger;Mécanicien et artisan du métal;0;0;;D — activité déduite;SB174;"Contexte régional ; taille et fréquence locales proposées. Profil résidentiel rural/mixte ; jardins, cuisine, filage, corvées et milice saisonnière restent activités secondaires. chapitre régional ; profil territorial proposé Budget civil 18,00 % ; coefficient 0,000000 ; part de filière 0,000 %. Zéro proposé : Climat, matière ou culture hors filière régionale retenue ; aucun établissement exceptionnel proposé. Apprentissage, atelier, combustible et outils ; titre noble ne remplace pas qualification.";0;0;0
Fabricant d’outils de précision;Mécanicien et artisan du métal;0;0;;A — activité attestée;SB174;"Contexte régional ; taille et fréquence locales proposées. Profil résidentiel rural/mixte ; jardins, cuisine, filage, corvées et milice saisonnière restent activités secondaires. chapitre régional ; profil territorial proposé Budget civil 18,00 % ; coefficient 0,000000 ; part de filière 0,000 %. Zéro proposé : Climat, matière ou culture hors filière régionale retenue ; aucun établissement exceptionnel proposé. Apprentissage, atelier, combustible et outils ; titre noble ne remplace pas qualification.";0;0;0
Fabricant d’instruments de navigation;Mécanicien et artisan du métal;0;0;;D — activité déduite;SB174;"Contexte régional ; taille et fréquence locales proposées. Profil résidentiel rural/mixte ; jardins, cuisine, filage, corvées et milice saisonnière restent activités secondaires. chapitre régional ; profil territorial proposé Budget civil 18,00 % ; coefficient 0,000000 ; part de filière 0,000 %. Zéro proposé : Climat, matière ou culture hors filière régionale retenue ; aucun établissement exceptionnel proposé. Apprentissage, atelier, combustible et outils ; titre noble ne remplace pas qualification.";0;0;0
Bijoutier;Bijoutier;0;0;;A — activité attestée;MJ128;"Contexte régional ; taille et fréquence locales proposées. Profil résidentiel rural/mixte ; jardins, cuisine, filage, corvées et milice saisonnière restent activités secondaires. chapitre régional ; profil territorial proposé Budget civil 18,00 % ; coefficient 0,000000 ; part de filière 0,000 %. Zéro proposé : Artisanat de base et réparation locale ; atelier spécialisé absent du scénario rural ordinaire. Apprentissage, atelier, combustible et outils ; titre noble ne remplace pas qualification.";0;0;0
Orfèvre;Bijoutier;0;0;;A — activité attestée;MJ128;"Contexte régional ; taille et fréquence locales proposées. Profil résidentiel rural/mixte ; jardins, cuisine, filage, corvées et milice saisonnière restent activités secondaires. chapitre régional ; profil territorial proposé Budget civil 18,00 % ; coefficient 0,000000 ; part de filière 0,000 %. Zéro proposé : Artisanat de base et réparation locale ; atelier spécialisé absent du scénario rural ordinaire. Apprentissage, atelier, combustible et outils ; titre noble ne remplace pas qualification.";0;0;0
Lapidaire et tailleur de gemmes;Bijoutier;0;0;;A — activité attestée;MJ128;"Contexte régional ; taille et fréquence locales proposées. Profil résidentiel rural/mixte ; jardins, cuisine, filage, corvées et milice saisonnière restent activités secondaires. chapitre régional ; profil territorial proposé Budget civil 18,00 % ; coefficient 0,000000 ; part de filière 0,000 %. Zéro proposé : Artisanat de base et réparation locale ; atelier spécialisé absent du scénario rural ordinaire. Apprentissage, atelier, combustible et outils ; titre noble ne remplace pas qualification.";0;0;0
Tanneur;Tanneur;0.11905269180194807;0.17616556940211317;;A — activité attestée;MJ128;"Contexte régional ; taille et fréquence locales proposées. Profil résidentiel rural/mixte ; jardins, cuisine, filage, corvées et milice saisonnière restent activités secondaires. chapitre régional ; profil territorial proposé Budget civil 18,00 % ; coefficient 1,250000 ; part de filière 1,015 %. Apprentissage, atelier, combustible et outils ; titre noble ne remplace pas qualification.";0.003019719542013316;0.11308348732760157;0.0029494849323331873
Fourreur;Tanneur;0.04762107672077923;0.07046622776084527;;D — activité déduite;"SB120; SB133";"Contexte régional ; taille et fréquence locales proposées. Profil résidentiel rural/mixte ; jardins, cuisine, filage, corvées et milice saisonnière restent activités secondaires. chapitre régional ; profil territorial proposé Budget civil 18,00 % ; coefficient 0,500000 ; part de filière 0,406 %. Apprentissage, atelier, combustible et outils ; titre noble ne remplace pas qualification.";0.0012078878168053262;0.04523339493104063;0.0011797939729332747
Maroquinier;Artisan du cuir;0.15238744550649355;0.22549192883470487;;A — activité attestée;MJ128;"Contexte régional ; taille et fréquence locales proposées. Profil résidentiel rural/mixte ; jardins, cuisine, filage, corvées et milice saisonnière restent activités secondaires. chapitre régional ; profil territorial proposé Budget civil 18,00 % ; coefficient 1,600000 ; part de filière 1,299 %. Apprentissage, atelier, combustible et outils ; titre noble ne remplace pas qualification.";0.0038652410137770456;0.14474686377933002;0.0037753407133864804
Bourrelier et sellier;Artisan du cuir;0.15238744550649355;0.22549192883470487;;D — activité déduite;"MJ128; SB163";"Contexte régional ; taille et fréquence locales proposées. Profil résidentiel rural/mixte ; jardins, cuisine, filage, corvées et milice saisonnière restent activités secondaires. chapitre régional ; profil territorial proposé Budget civil 18,00 % ; coefficient 1,600000 ; part de filière 1,299 %. Apprentissage, atelier, combustible et outils ; titre noble ne remplace pas qualification.";0.0038652410137770456;0.14474686377933002;0.0037753407133864804
Boursier, fabricant de bourses;Artisan du cuir;0.15238744550649355;0.22549192883470487;;D — activité déduite;MJ128;"Contexte régional ; taille et fréquence locales proposées. Profil résidentiel rural/mixte ; jardins, cuisine, filage, corvées et milice saisonnière restent activités secondaires. chapitre régional ; profil territorial proposé Budget civil 18,00 % ; coefficient 1,600000 ; part de filière 1,299 %. Apprentissage, atelier, combustible et outils ; titre noble ne remplace pas qualification.";0.0038652410137770456;0.14474686377933002;0.0037753407133864804
Gantier;Artisan du cuir;0.15238744550649355;0.22549192883470487;;D — activité déduite;MJ128;"Contexte régional ; taille et fréquence locales proposées. Profil résidentiel rural/mixte ; jardins, cuisine, filage, corvées et milice saisonnière restent activités secondaires. chapitre régional ; profil territorial proposé Budget civil 18,00 % ; coefficient 1,600000 ; part de filière 1,299 %. Apprentissage, atelier, combustible et outils ; titre noble ne remplace pas qualification.";0.0038652410137770456;0.14474686377933002;0.0037753407133864804
Cordonnier;Artisan du cuir;0.15238744550649355;0.22549192883470487;;A — activité attestée;MJ128;"Contexte régional ; taille et fréquence locales proposées. Profil résidentiel rural/mixte ; jardins, cuisine, filage, corvées et milice saisonnière restent activités secondaires. chapitre régional ; profil territorial proposé Budget civil 18,00 % ; coefficient 1,600000 ; part de filière 1,299 %. Apprentissage, atelier, combustible et outils ; titre noble ne remplace pas qualification.";0.0038652410137770456;0.14474686377933002;0.0037753407133864804
Fileur;Artisan textile;0.19048430688311693;0.2818649110433811;;D — activité déduite;MJ128;"Contexte régional ; taille et fréquence locales proposées. Profil résidentiel rural/mixte ; jardins, cuisine, filage, corvées et milice saisonnière restent activités secondaires. chapitre régional ; profil territorial proposé Budget civil 18,00 % ; coefficient 2,000000 ; part de filière 1,623 %. Apprentissage, atelier, combustible et outils ; titre noble ne remplace pas qualification.";0.004831551267221305;0.18093357972416252;0.004719175891733099
Tisserand;Artisan textile;0.19048430688311693;0.2818649110433811;;A — activité attestée;MJ128;"Contexte régional ; taille et fréquence locales proposées. Profil résidentiel rural/mixte ; jardins, cuisine, filage, corvées et milice saisonnière restent activités secondaires. chapitre régional ; profil territorial proposé Budget civil 18,00 % ; coefficient 2,000000 ; part de filière 1,623 %. Apprentissage, atelier, combustible et outils ; titre noble ne remplace pas qualification.";0.004831551267221305;0.18093357972416252;0.004719175891733099
Teinturier;Artisan textile;0.19048430688311693;0.2818649110433811;;A — activité attestée;MJ128;"Contexte régional ; taille et fréquence locales proposées. Profil résidentiel rural/mixte ; jardins, cuisine, filage, corvées et milice saisonnière restent activités secondaires. chapitre régional ; profil territorial proposé Budget civil 18,00 % ; coefficient 2,000000 ; part de filière 1,623 %. Apprentissage, atelier, combustible et outils ; titre noble ne remplace pas qualification.";0.004831551267221305;0.18093357972416252;0.004719175891733099
Tailleur;Tailleur de vêtements;0.19048430688311693;0.2818649110433811;;D — activité déduite;"MJ128; SB139";"Contexte régional ; taille et fréquence locales proposées. Profil résidentiel rural/mixte ; jardins, cuisine, filage, corvées et milice saisonnière restent activités secondaires. chapitre régional ; profil territorial proposé Budget civil 18,00 % ; coefficient 2,000000 ; part de filière 1,623 %. Apprentissage, atelier, combustible et outils ; titre noble ne remplace pas qualification.";0.004831551267221305;0.18093357972416252;0.004719175891733099
Modiste et fabricant de coiffes;Tailleur de vêtements;0.19048430688311693;0.2818649110433811;;D — activité déduite;"SB139; SB120";"Contexte régional ; taille et fréquence locales proposées. Profil résidentiel rural/mixte ; jardins, cuisine, filage, corvées et milice saisonnière restent activités secondaires. chapitre régional ; profil territorial proposé Budget civil 18,00 % ; coefficient 2,000000 ; part de filière 1,623 %. Apprentissage, atelier, combustible et outils ; titre noble ne remplace pas qualification.";0.004831551267221305;0.18093357972416252;0.004719175891733099
Tapissier;Tapissier;0;0;;D — activité déduite;SB200;"Contexte régional ; taille et fréquence locales proposées. Profil résidentiel rural/mixte ; jardins, cuisine, filage, corvées et milice saisonnière restent activités secondaires. chapitre régional ; profil territorial proposé Budget civil 18,00 % ; coefficient 0,000000 ; part de filière 0,000 %. Zéro proposé : Artisanat de base et réparation locale ; atelier spécialisé absent du scénario rural ordinaire. Apprentissage, atelier, combustible et outils ; titre noble ne remplace pas qualification.";0;0;0
Menuisier;Menuisier;0.47621076720779226;0.7046622776084527;;D — activité déduite;"MJ128; SB152";"Contexte régional ; taille et fréquence locales proposées. Profil résidentiel rural/mixte ; jardins, cuisine, filage, corvées et milice saisonnière restent activités secondaires. chapitre régional ; profil territorial proposé Budget civil 18,00 % ; coefficient 5,000000 ; part de filière 4,058 %. Apprentissage, atelier, combustible et outils ; titre noble ne remplace pas qualification.";0.012078878168053264;0.45233394931040627;0.011797939729332749
Ébéniste;Menuisier;0.19048430688311693;0.2818649110433811;;D — activité déduite;MJ128;"Contexte régional ; taille et fréquence locales proposées. Profil résidentiel rural/mixte ; jardins, cuisine, filage, corvées et milice saisonnière restent activités secondaires. chapitre régional ; profil territorial proposé Budget civil 18,00 % ; coefficient 2,000000 ; part de filière 1,623 %. Apprentissage, atelier, combustible et outils ; titre noble ne remplace pas qualification.";0.004831551267221305;0.18093357972416252;0.004719175891733099
Sculpteur sur bois;Menuisier;0.19048430688311693;0.2818649110433811;;A — activité attestée;MJ128;"Contexte régional ; taille et fréquence locales proposées. Profil résidentiel rural/mixte ; jardins, cuisine, filage, corvées et milice saisonnière restent activités secondaires. chapitre régional ; profil territorial proposé Budget civil 18,00 % ; coefficient 2,000000 ; part de filière 1,623 %. Apprentissage, atelier, combustible et outils ; titre noble ne remplace pas qualification.";0.004831551267221305;0.18093357972416252;0.004719175891733099
Tonnelier;Menuisier;0.19048430688311693;0.2818649110433811;;A — activité attestée;MJ128;"Contexte régional ; taille et fréquence locales proposées. Profil résidentiel rural/mixte ; jardins, cuisine, filage, corvées et milice saisonnière restent activités secondaires. chapitre régional ; profil territorial proposé Budget civil 18,00 % ; coefficient 2,000000 ; part de filière 1,623 %. Apprentissage, atelier, combustible et outils ; titre noble ne remplace pas qualification.";0.004831551267221305;0.18093357972416252;0.004719175891733099
Charron;Menuisier;0.19048430688311693;0.2818649110433811;;A — activité attestée;MJ128;"Contexte régional ; taille et fréquence locales proposées. Profil résidentiel rural/mixte ; jardins, cuisine, filage, corvées et milice saisonnière restent activités secondaires. chapitre régional ; profil territorial proposé Budget civil 18,00 % ; coefficient 2,000000 ; part de filière 1,623 %. Apprentissage, atelier, combustible et outils ; titre noble ne remplace pas qualification.";0.004831551267221305;0.18093357972416252;0.004719175891733099
Charpentier;Charpentier;0.309536998685065;0.4580304804454942;;A — activité attestée;MJ128;"Contexte régional ; taille et fréquence locales proposées. Profil résidentiel rural/mixte ; jardins, cuisine, filage, corvées et milice saisonnière restent activités secondaires. chapitre régional ; profil territorial proposé Budget civil 18,00 % ; coefficient 3,250000 ; part de filière 2,638 %. Apprentissage, atelier, combustible et outils ; titre noble ne remplace pas qualification.";0.007851270809234628;0.2940170670517641;0.007668660824066289
Couvreur;Charpentier;0.12381479947402602;0.18321219217819773;;A — activité attestée;MJ128;"Contexte régional ; taille et fréquence locales proposées. Profil résidentiel rural/mixte ; jardins, cuisine, filage, corvées et milice saisonnière restent activités secondaires. chapitre régional ; profil territorial proposé Budget civil 18,00 % ; coefficient 1,300000 ; part de filière 1,055 %. Apprentissage, atelier, combustible et outils ; titre noble ne remplace pas qualification.";0.0031405083236938497;0.11760682682070565;0.003067464329626516
Constructeur naval;Constructeur naval;0;0;;A — activité attestée;"MJ128; SB148";"Contexte régional ; taille et fréquence locales proposées. Profil résidentiel rural/mixte ; jardins, cuisine, filage, corvées et milice saisonnière restent activités secondaires. chapitre régional ; profil territorial proposé Budget civil 18,00 % ; coefficient 0,000000 ; part de filière 0,000 %. Zéro proposé : Artisanat de base et réparation locale ; atelier spécialisé absent du scénario rural ordinaire. Apprentissage, atelier, combustible et outils ; titre noble ne remplace pas qualification.";0;0;0
Calfat;Constructeur naval;0;0;;D — activité déduite;"MJ128; SB148";"Contexte régional ; taille et fréquence locales proposées. Profil résidentiel rural/mixte ; jardins, cuisine, filage, corvées et milice saisonnière restent activités secondaires. chapitre régional ; profil territorial proposé Budget civil 18,00 % ; coefficient 0,000000 ; part de filière 0,000 %. Zéro proposé : Artisanat de base et réparation locale ; atelier spécialisé absent du scénario rural ordinaire. Apprentissage, atelier, combustible et outils ; titre noble ne remplace pas qualification.";0;0;0
Constructeur de drakkars;Constructeur naval;0;0;;A — activité attestée;SB130;"Contexte régional ; taille et fréquence locales proposées. Profil résidentiel rural/mixte ; jardins, cuisine, filage, corvées et milice saisonnière restent activités secondaires. chapitre régional ; profil territorial proposé Budget civil 18,00 % ; coefficient 0,000000 ; part de filière 0,000 %. Zéro proposé : Filière régionale non retenue dans ce scénario, sans interdiction universelle. Apprentissage, atelier, combustible et outils ; titre noble ne remplace pas qualification.";0;0;0
Cordier;Cordier;0.11905269180194807;0.17616556940211317;;D — activité déduite;SB130;"Contexte régional ; taille et fréquence locales proposées. Profil résidentiel rural/mixte ; jardins, cuisine, filage, corvées et milice saisonnière restent activités secondaires. chapitre régional ; profil territorial proposé Budget civil 18,00 % ; coefficient 1,250000 ; part de filière 1,015 %. Apprentissage, atelier, combustible et outils ; titre noble ne remplace pas qualification.";0.003019719542013316;0.11308348732760157;0.0029494849323331873
Voilier;Cordier;0.04762107672077923;0.07046622776084527;;A — activité attestée;MJ128;"Contexte régional ; taille et fréquence locales proposées. Profil résidentiel rural/mixte ; jardins, cuisine, filage, corvées et milice saisonnière restent activités secondaires. chapitre régional ; profil territorial proposé Budget civil 18,00 % ; coefficient 0,500000 ; part de filière 0,406 %. Apprentissage, atelier, combustible et outils ; titre noble ne remplace pas qualification.";0.0012078878168053262;0.04523339493104063;0.0011797939729332747
Facteur d’arcs;Facteur d’arcs;0;0;;A — activité attestée;"MJ128; SB152";"Contexte régional ; taille et fréquence locales proposées. Profil résidentiel rural/mixte ; jardins, cuisine, filage, corvées et milice saisonnière restent activités secondaires. chapitre régional ; profil territorial proposé Budget civil 18,00 % ; coefficient 0,000000 ; part de filière 0,000 %. Zéro proposé : Artisanat de base et réparation locale ; atelier spécialisé absent du scénario rural ordinaire. Apprentissage, atelier, combustible et outils ; titre noble ne remplace pas qualification.";0;0;0
Fabricant de flèches;Facteur d’arcs;0;0;;A — activité attestée;SB152;"Contexte régional ; taille et fréquence locales proposées. Profil résidentiel rural/mixte ; jardins, cuisine, filage, corvées et milice saisonnière restent activités secondaires. chapitre régional ; profil territorial proposé Budget civil 18,00 % ; coefficient 0,000000 ; part de filière 0,000 %. Zéro proposé : Artisanat de base et réparation locale ; atelier spécialisé absent du scénario rural ordinaire. Apprentissage, atelier, combustible et outils ; titre noble ne remplace pas qualification.";0;0;0
Luthier et facteur d’instruments;Luthier;0;0;;D — activité déduite;BR55;"Contexte régional ; taille et fréquence locales proposées. Profil résidentiel rural/mixte ; jardins, cuisine, filage, corvées et milice saisonnière restent activités secondaires. chapitre régional ; profil territorial proposé Budget civil 18,00 % ; coefficient 0,000000 ; part de filière 0,000 %. Zéro proposé : Artisanat de base et réparation locale ; atelier spécialisé absent du scénario rural ordinaire. Apprentissage, atelier, combustible et outils ; titre noble ne remplace pas qualification.";0;0;0
Tailleur de pierre;Tailleur de pierre;0;0;;A — activité attestée;"MJ128; SB161";"Contexte régional ; taille et fréquence locales proposées. Profil résidentiel rural/mixte ; jardins, cuisine, filage, corvées et milice saisonnière restent activités secondaires. chapitre régional ; profil territorial proposé Budget civil 18,00 % ; coefficient 0,000000 ; part de filière 0,000 %. Zéro proposé : Artisanat de base et réparation locale ; atelier spécialisé absent du scénario rural ordinaire. Apprentissage, atelier, combustible et outils ; titre noble ne remplace pas qualification.";0;0;0
Sculpteur sur pierre;Tailleur de pierre;0;0;;D — activité déduite;"MJ128; SB161";"Contexte régional ; taille et fréquence locales proposées. Profil résidentiel rural/mixte ; jardins, cuisine, filage, corvées et milice saisonnière restent activités secondaires. chapitre régional ; profil territorial proposé Budget civil 18,00 % ; coefficient 0,000000 ; part de filière 0,000 %. Zéro proposé : Artisanat de base et réparation locale ; atelier spécialisé absent du scénario rural ordinaire. Apprentissage, atelier, combustible et outils ; titre noble ne remplace pas qualification.";0;0;0
Sculpteur de statues de Stone Spirits;Tailleur de pierre;0;0;;A — activité attestée;SB161;"Contexte régional ; taille et fréquence locales proposées. Profil résidentiel rural/mixte ; jardins, cuisine, filage, corvées et milice saisonnière restent activités secondaires. chapitre régional ; profil territorial proposé Budget civil 18,00 % ; coefficient 0,000000 ; part de filière 0,000 %. Zéro proposé : Artisanat de base et réparation locale ; atelier spécialisé absent du scénario rural ordinaire. Apprentissage, atelier, combustible et outils ; titre noble ne remplace pas qualification.";0;0;0
Maçon;Maçon;0.9524215344155845;1.4093245552169054;;A — activité attestée;"MJ128; SB90";"Contexte régional ; taille et fréquence locales proposées. Profil résidentiel rural/mixte ; jardins, cuisine, filage, corvées et milice saisonnière restent activités secondaires. chapitre régional ; profil territorial proposé Budget civil 18,00 % ; coefficient 10,000000 ; part de filière 8,117 %. Apprentissage, atelier, combustible et outils ; titre noble ne remplace pas qualification.";0.024157756336106527;0.9046678986208125;0.023595879458665498
Plâtrier;Maçon;0.38096861376623387;0.5637298220867621;;A — activité attestée;"MJ128; SB90";"Contexte régional ; taille et fréquence locales proposées. Profil résidentiel rural/mixte ; jardins, cuisine, filage, corvées et milice saisonnière restent activités secondaires. chapitre régional ; profil territorial proposé Budget civil 18,00 % ; coefficient 4,000000 ; part de filière 3,247 %. Apprentissage, atelier, combustible et outils ; titre noble ne remplace pas qualification.";0.00966310253444261;0.36186715944832504;0.009438351783466198
Manœuvre de chantier;Maçon;0.3809686137662339;0.5637298220867623;;A — activité attestée;SB90;"Contexte régional ; taille et fréquence locales proposées. Profil résidentiel rural/mixte ; jardins, cuisine, filage, corvées et milice saisonnière restent activités secondaires. chapitre régional ; profil territorial proposé Budget civil 18,00 % ; coefficient 4,000000 ; part de filière 3,247 %. Apprentissage, atelier, combustible et outils ; titre noble ne remplace pas qualification.";0.0048936134513961225;0.3665154111286628;0.00955958918617497
Architecte;Architecte;0;0;;A — activité attestée;SB174;"Contexte régional ; taille et fréquence locales proposées. Profil résidentiel rural/mixte ; jardins, cuisine, filage, corvées et milice saisonnière restent activités secondaires. chapitre régional ; profil territorial proposé Budget civil 18,00 % ; coefficient 0,000000 ; part de filière 0,000 %. Zéro proposé : Artisanat de base et réparation locale ; atelier spécialisé absent du scénario rural ordinaire. Apprentissage, atelier, combustible et outils ; titre noble ne remplace pas qualification.";0;0;0
Géomètre et arpenteur;Architecte;0;0;;A — activité attestée;MJ128;"Contexte régional ; taille et fréquence locales proposées. Profil résidentiel rural/mixte ; jardins, cuisine, filage, corvées et milice saisonnière restent activités secondaires. chapitre régional ; profil territorial proposé Budget civil 18,00 % ; coefficient 0,000000 ; part de filière 0,000 %. Zéro proposé : Artisanat de base et réparation locale ; atelier spécialisé absent du scénario rural ordinaire. Apprentissage, atelier, combustible et outils ; titre noble ne remplace pas qualification.";0;0;0
Potier;Potier;0.23810538360389613;0.35233113880422634;;A — activité attestée;"MJ128; SB200";"Contexte régional ; taille et fréquence locales proposées. Profil résidentiel rural/mixte ; jardins, cuisine, filage, corvées et milice saisonnière restent activités secondaires. chapitre régional ; profil territorial proposé Budget civil 18,00 % ; coefficient 2,500000 ; part de filière 2,029 %. Apprentissage, atelier, combustible et outils ; titre noble ne remplace pas qualification.";0.006039439084026632;0.22616697465520313;0.0058989698646663745
Tuilier;Potier;0.09524215344155847;0.14093245552169054;;A — activité attestée;"MJ128; SB200";"Contexte régional ; taille et fréquence locales proposées. Profil résidentiel rural/mixte ; jardins, cuisine, filage, corvées et milice saisonnière restent activités secondaires. chapitre régional ; profil territorial proposé Budget civil 18,00 % ; coefficient 1,000000 ; part de filière 0,812 %. Apprentissage, atelier, combustible et outils ; titre noble ne remplace pas qualification.";0.0024157756336106524;0.09046678986208126;0.0023595879458665494
Porcelainier;Potier;0.09524215344155847;0.14093245552169054;;D — activité déduite;SB200;"Contexte régional ; taille et fréquence locales proposées. Profil résidentiel rural/mixte ; jardins, cuisine, filage, corvées et milice saisonnière restent activités secondaires. chapitre régional ; profil territorial proposé Budget civil 18,00 % ; coefficient 1,000000 ; part de filière 0,812 %. Apprentissage, atelier, combustible et outils ; titre noble ne remplace pas qualification.";0.0024157756336106524;0.09046678986208126;0.0023595879458665494
Souffleur de verre;Verrier;0;0;;A — activité attestée;"MJ128; SB174";"Contexte régional ; taille et fréquence locales proposées. Profil résidentiel rural/mixte ; jardins, cuisine, filage, corvées et milice saisonnière restent activités secondaires. chapitre régional ; profil territorial proposé Budget civil 18,00 % ; coefficient 0,000000 ; part de filière 0,000 %. Zéro proposé : Artisanat de base et réparation locale ; atelier spécialisé absent du scénario rural ordinaire. Apprentissage, atelier, combustible et outils ; titre noble ne remplace pas qualification.";0;0;0
Vitrier;Verrier;0;0;;A — activité attestée;"MJ128; SB174";"Contexte régional ; taille et fréquence locales proposées. Profil résidentiel rural/mixte ; jardins, cuisine, filage, corvées et milice saisonnière restent activités secondaires. chapitre régional ; profil territorial proposé Budget civil 18,00 % ; coefficient 0,000000 ; part de filière 0,000 %. Zéro proposé : Artisanat de base et réparation locale ; atelier spécialisé absent du scénario rural ordinaire. Apprentissage, atelier, combustible et outils ; titre noble ne remplace pas qualification.";0;0;0
Opticien et fabricant de lentilles;Verrier;0;0;;D — activité déduite;SB174;"Contexte régional ; taille et fréquence locales proposées. Profil résidentiel rural/mixte ; jardins, cuisine, filage, corvées et milice saisonnière restent activités secondaires. chapitre régional ; profil territorial proposé Budget civil 18,00 % ; coefficient 0,000000 ; part de filière 0,000 %. Zéro proposé : Climat, matière ou culture hors filière régionale retenue ; aucun établissement exceptionnel proposé. Apprentissage, atelier, combustible et outils ; titre noble ne remplace pas qualification.";0;0;0
Papetier;Papetier et artisan du livre;0;0;;A — activité attestée;SB138;"Contexte régional ; taille et fréquence locales proposées. Profil résidentiel rural/mixte ; jardins, cuisine, filage, corvées et milice saisonnière restent activités secondaires. chapitre régional ; profil territorial proposé Budget civil 18,00 % ; coefficient 0,000000 ; part de filière 0,000 %. Zéro proposé : Artisanat de base et réparation locale ; atelier spécialisé absent du scénario rural ordinaire. Apprentissage, atelier, combustible et outils ; titre noble ne remplace pas qualification.";0;0;0
Relieur;Papetier et artisan du livre;0;0;;D — activité déduite;"SB138; MJ128";"Contexte régional ; taille et fréquence locales proposées. Profil résidentiel rural/mixte ; jardins, cuisine, filage, corvées et milice saisonnière restent activités secondaires. chapitre régional ; profil territorial proposé Budget civil 18,00 % ; coefficient 0,000000 ; part de filière 0,000 %. Zéro proposé : Artisanat de base et réparation locale ; atelier spécialisé absent du scénario rural ordinaire. Apprentissage, atelier, combustible et outils ; titre noble ne remplace pas qualification.";0;0;0
Chandelier;Chandelier;0.11905269180194807;0.17616556940211317;;P — activité proposée;SB98;"Contexte régional ; taille et fréquence locales proposées. Profil résidentiel rural/mixte ; jardins, cuisine, filage, corvées et milice saisonnière restent activités secondaires. chapitre régional ; profil territorial proposé Budget civil 18,00 % ; coefficient 1,250000 ; part de filière 1,015 %. Apprentissage, atelier, combustible et outils ; titre noble ne remplace pas qualification.";0.003019719542013316;0.11308348732760157;0.0029494849323331873
Peintre;Peintre;0;0;;A — activité attestée;"MJ128; SB190";"Contexte régional ; taille et fréquence locales proposées. Profil résidentiel rural/mixte ; jardins, cuisine, filage, corvées et milice saisonnière restent activités secondaires. chapitre régional ; profil territorial proposé Budget civil 18,00 % ; coefficient 0,000000 ; part de filière 0,000 %. Zéro proposé : Artisanat de base et réparation locale ; atelier spécialisé absent du scénario rural ordinaire. Apprentissage, atelier, combustible et outils ; titre noble ne remplace pas qualification.";0;0;0
Fabricant d’enseignes;Peintre;0;0;;A — activité attestée;"MJ128; SB190";"Contexte régional ; taille et fréquence locales proposées. Profil résidentiel rural/mixte ; jardins, cuisine, filage, corvées et milice saisonnière restent activités secondaires. chapitre régional ; profil territorial proposé Budget civil 18,00 % ; coefficient 0,000000 ; part de filière 0,000 %. Zéro proposé : Artisanat de base et réparation locale ; atelier spécialisé absent du scénario rural ordinaire. Apprentissage, atelier, combustible et outils ; titre noble ne remplace pas qualification.";0;0;0
Enlumineur;Peintre;0;0;;A — activité attestée;"MJ128; SB190";"Contexte régional ; taille et fréquence locales proposées. Profil résidentiel rural/mixte ; jardins, cuisine, filage, corvées et milice saisonnière restent activités secondaires. chapitre régional ; profil territorial proposé Budget civil 18,00 % ; coefficient 0,000000 ; part de filière 0,000 %. Zéro proposé : Artisanat de base et réparation locale ; atelier spécialisé absent du scénario rural ordinaire. Apprentissage, atelier, combustible et outils ; titre noble ne remplace pas qualification.";0;0;0
Peintre de guerre spirituel;Peintre;0;0;;A — activité attestée;SB193;"Contexte régional ; taille et fréquence locales proposées. Profil résidentiel rural/mixte ; jardins, cuisine, filage, corvées et milice saisonnière restent activités secondaires. chapitre régional ; profil territorial proposé Initiation de la Red Mother ou apprentissage autorisé; recette complète non librement disponible Budget civil 18,00 % ; coefficient 0,000000 ; part de filière 0,000 %. Zéro proposé : Filière régionale non retenue dans ce scénario, sans interdiction universelle. Apprentissage, atelier, combustible et outils ; titre noble ne remplace pas qualification.";0;0;0
Tatoueur rituel;Peintre;0;0;;D — activité déduite;"SB200; SB204";"Contexte régional ; taille et fréquence locales proposées. Profil résidentiel rural/mixte ; jardins, cuisine, filage, corvées et milice saisonnière restent activités secondaires. chapitre régional ; profil territorial proposé Budget civil 18,00 % ; coefficient 0,000000 ; part de filière 0,000 %. Zéro proposé : Filière régionale non retenue dans ce scénario, sans interdiction universelle. Apprentissage, atelier, combustible et outils ; titre noble ne remplace pas qualification.";0;0;0
Portefaix;Transporteur terrestre;0.4266294409972731;0.6312954143197295;;D — activité déduite;"MJ132; SB121";"Contexte régional ; taille et fréquence locales proposées. Profil résidentiel rural/mixte ; jardins, cuisine, filage, corvées et milice saisonnière restent activités secondaires. chapitre régional ; profil territorial proposé Budget civil 7,00 % ; coefficient 6,000000 ; part de filière 9,349 %. Réseau, itinéraires, confiance et capital ; manutention distincte de propriété du fret.";0.00812721819951323;0.4058011187182645;0.012701104079495398
Docker;Transporteur terrestre;0;0;;D — activité déduite;"MJ132; SB121";"Contexte régional ; taille et fréquence locales proposées. Profil résidentiel rural/mixte ; jardins, cuisine, filage, corvées et milice saisonnière restent activités secondaires. chapitre régional ; profil territorial proposé Budget civil 7,00 % ; coefficient 0,000000 ; part de filière 0,000 %. Zéro proposé : Petit réseau rural de transport et commerce ; aucun bureau financier/courtage spécialisé ajouté. Réseau, itinéraires, confiance et capital ; manutention distincte de propriété du fret.";0;0;0
Magasinier;Transporteur terrestre;0;0;;D — activité déduite;"MJ132; SB121";"Contexte régional ; taille et fréquence locales proposées. Profil résidentiel rural/mixte ; jardins, cuisine, filage, corvées et milice saisonnière restent activités secondaires. chapitre régional ; profil territorial proposé Budget civil 7,00 % ; coefficient 0,000000 ; part de filière 0,000 %. Zéro proposé : Petit réseau rural de transport et commerce ; aucun bureau financier/courtage spécialisé ajouté. Réseau, itinéraires, confiance et capital ; manutention distincte de propriété du fret.";0;0;0
Charretier et cocher;Transporteur terrestre;0.4266294409972731;0.6312954143197295;;D — activité déduite;"MJ132; SB121";"Contexte régional ; taille et fréquence locales proposées. Profil résidentiel rural/mixte ; jardins, cuisine, filage, corvées et milice saisonnière restent activités secondaires. chapitre régional ; profil territorial proposé Budget civil 7,00 % ; coefficient 6,000000 ; part de filière 9,349 %. Réseau, itinéraires, confiance et capital ; manutention distincte de propriété du fret.";0.015950580555693185;0.39821518721459753;0.012463673226982422
Chef de caravane;Transporteur terrestre;0.4266294409972731;0.6312954143197295;;A — activité attestée;MJ132;"Contexte régional ; taille et fréquence locales proposées. Profil résidentiel rural/mixte ; jardins, cuisine, filage, corvées et milice saisonnière restent activités secondaires. chapitre régional ; profil territorial proposé Budget civil 7,00 % ; coefficient 6,000000 ; part de filière 9,349 %. Réseau, itinéraires, confiance et capital ; manutention distincte de propriété du fret.";0.015950580555693185;0.39821518721459753;0.012463673226982422
Coursier et messager;Transporteur terrestre;0.4266294409972731;0.6312954143197295;;D — activité déduite;"MJ132; SB121";"Contexte régional ; taille et fréquence locales proposées. Profil résidentiel rural/mixte ; jardins, cuisine, filage, corvées et milice saisonnière restent activités secondaires. chapitre régional ; profil territorial proposé Budget civil 7,00 % ; coefficient 6,000000 ; part de filière 9,349 %. Réseau, itinéraires, confiance et capital ; manutention distincte de propriété du fret.";0.015950580555693185;0.39821518721459753;0.012463673226982422
Porteur d’eau;Transporteur terrestre;0;0;;P — activité proposée;"MJ132; SB121";"Contexte régional ; taille et fréquence locales proposées. Profil résidentiel rural/mixte ; jardins, cuisine, filage, corvées et milice saisonnière restent activités secondaires. chapitre régional ; profil territorial proposé Budget civil 7,00 % ; coefficient 0,000000 ; part de filière 0,000 %. Zéro proposé : Petit réseau rural de transport et commerce ; aucun bureau financier/courtage spécialisé ajouté. Réseau, itinéraires, confiance et capital ; manutention distincte de propriété du fret.";0;0;0
Transporteur de canopée;Transporteur terrestre;0;0;;D — activité déduite;SB154;"Contexte régional ; taille et fréquence locales proposées. Profil résidentiel rural/mixte ; jardins, cuisine, filage, corvées et milice saisonnière restent activités secondaires. chapitre régional ; profil territorial proposé Budget civil 7,00 % ; coefficient 0,000000 ; part de filière 0,000 %. Zéro proposé : Filière régionale non retenue dans ce scénario, sans interdiction universelle. Réseau, itinéraires, confiance et capital ; manutention distincte de propriété du fret.";0;0;0
Opérateur de Stone Disks;Transporteur terrestre;0;0;;A — activité attestée;PG13;"Contexte régional ; taille et fréquence locales proposées. Profil résidentiel rural/mixte ; jardins, cuisine, filage, corvées et milice saisonnière restent activités secondaires. chapitre régional ; profil territorial proposé Prêtre nain de Dorsi; Formation spécialisée Budget civil 7,00 % ; coefficient 0,000000 ; part de filière 0,000 %. Zéro proposé : Technique de site, institution, secret ou habilitation concentrée dans les implantations autorisées du scénario. Réseau, itinéraires, confiance et capital ; manutention distincte de propriété du fret.";0;0;0
Palefrenier et soigneur d’écurie;Transporteur terrestre;0.4266294409972731;0.6312954143197295;;D — activité déduite;SB123;"Contexte régional ; taille et fréquence locales proposées. Profil résidentiel rural/mixte ; jardins, cuisine, filage, corvées et milice saisonnière restent activités secondaires. chapitre régional ; profil territorial proposé Budget civil 7,00 % ; coefficient 6,000000 ; part de filière 9,349 %. Réseau, itinéraires, confiance et capital ; manutention distincte de propriété du fret.";0.015950580555693185;0.39821518721459753;0.012463673226982422
Marin;Marin;0.008888113354109859;0.013151987798327698;;A — activité attestée;MJ136;"Contexte régional ; taille et fréquence locales proposées. Profil résidentiel rural/mixte ; jardins, cuisine, filage, corvées et milice saisonnière restent activités secondaires. chapitre régional ; profil territorial proposé Budget civil 7,00 % ; coefficient 0,125000 ; part de filière 0,195 %. Réseau, itinéraires, confiance et capital ; manutention distincte de propriété du fret.";0.00033230376157694115;0.00829614973363745;0.0002596598588954672
Navigateur;Marin;0.0035552453416439435;0.005260795119331079;;A — activité attestée;MJ136;"Contexte régional ; taille et fréquence locales proposées. Profil résidentiel rural/mixte ; jardins, cuisine, filage, corvées et milice saisonnière restent activités secondaires. chapitre régional ; profil territorial proposé Budget civil 7,00 % ; coefficient 0,050000 ; part de filière 0,078 %. Réseau, itinéraires, confiance et capital ; manutention distincte de propriété du fret.";0.00013292150463077652;0.00331845989345498;0.00010386394355818686
Pilote de port;Marin;0;0;;D — activité déduite;MJ136;"Contexte régional ; taille et fréquence locales proposées. Profil résidentiel rural/mixte ; jardins, cuisine, filage, corvées et milice saisonnière restent activités secondaires. chapitre régional ; profil territorial proposé Budget civil 7,00 % ; coefficient 0,000000 ; part de filière 0,000 %. Zéro proposé : Petit réseau rural de transport et commerce ; aucun bureau financier/courtage spécialisé ajouté. Réseau, itinéraires, confiance et capital ; manutention distincte de propriété du fret.";0;0;0
Capitaine de navire;Marin;0;0;;A — activité attestée;MJ136;"Contexte régional ; taille et fréquence locales proposées. Profil résidentiel rural/mixte ; jardins, cuisine, filage, corvées et milice saisonnière restent activités secondaires. chapitre régional ; profil territorial proposé Budget civil 7,00 % ; coefficient 0,000000 ; part de filière 0,000 %. Zéro proposé : Petit réseau rural de transport et commerce ; aucun bureau financier/courtage spécialisé ajouté. Réseau, itinéraires, confiance et capital ; manutention distincte de propriété du fret.";0;0;0
Pilote de véhicule volant;Marin;0;0;;D — activité déduite;"SB142; SB174";"Contexte régional ; taille et fréquence locales proposées. Profil résidentiel rural/mixte ; jardins, cuisine, filage, corvées et milice saisonnière restent activités secondaires. chapitre régional ; profil territorial proposé Budget civil 7,00 % ; coefficient 0,000000 ; part de filière 0,000 %. Zéro proposé : Climat, matière ou culture hors filière régionale retenue ; aucun établissement exceptionnel proposé. Réseau, itinéraires, confiance et capital ; manutention distincte de propriété du fret.";0;0;0
Aubergiste;Hôte professionnel;0.06725608749032758;0.09952069767731218;;D — activité déduite;"SB110; SB123";"Contexte régional ; taille et fréquence locales proposées. Profil résidentiel rural/mixte ; jardins, cuisine, filage, corvées et milice saisonnière restent activités secondaires. chapitre régional ; profil territorial proposé Budget civil 2,00 % ; coefficient 3,000000 ; part de filière 5,159 %. Apprentissage et qualification variable ; soins avancés et thérapie magique exigent formation.";0.0001748729755211653;0.06548702830231401;0.0015941862124924048
Tavernier;Hôte professionnel;0.06725608749032758;0.09952069767731218;;A — activité attestée;"SB108; SB149";"Contexte régional ; taille et fréquence locales proposées. Profil résidentiel rural/mixte ; jardins, cuisine, filage, corvées et milice saisonnière restent activités secondaires. chapitre régional ; profil territorial proposé Budget civil 2,00 % ; coefficient 3,000000 ; part de filière 5,159 %. Apprentissage et qualification variable ; soins avancés et thérapie magique exigent formation.";0.0001748729755211653;0.06548702830231401;0.0015941862124924048
Barbier;Barbier;0.16814021872581894;0.2488017441932805;;P — activité proposée;"MJ135; PG40";"Contexte régional ; taille et fréquence locales proposées. Profil résidentiel rural/mixte ; jardins, cuisine, filage, corvées et milice saisonnière restent activités secondaires. chapitre régional ; profil territorial proposé Budget civil 2,00 % ; coefficient 7,500000 ; part de filière 12,897 %. Apprentissage et qualification variable ; soins avancés et thérapie magique exigent formation.";0.00043718243880291343;0.16371757075578502;0.003985465531231014
Domestique;Employé domestique et aide familiale;0.4483739166021839;0.663471317848748;;A — activité attestée;"MJ135; PG40";"Contexte régional ; taille et fréquence locales proposées. Profil résidentiel rural/mixte ; jardins, cuisine, filage, corvées et milice saisonnière restent activités secondaires. chapitre régional ; profil territorial proposé Budget civil 2,00 % ; coefficient 20,000000 ; part de filière 34,391 %. Apprentissage et qualification variable ; soins avancés et thérapie magique exigent formation.";0.0011658198368077691;0.4365801886820934;0.010627908083282706
Gardien d’enfants;Employé domestique et aide familiale;0.22418695830109195;0.331735658924374;;A — activité attestée;PG40;"Contexte régional ; taille et fréquence locales proposées. Profil résidentiel rural/mixte ; jardins, cuisine, filage, corvées et milice saisonnière restent activités secondaires. chapitre régional ; profil territorial proposé Budget civil 2,00 % ; coefficient 10,000000 ; part de filière 17,195 %. Apprentissage et qualification variable ; soins avancés et thérapie magique exigent formation.";0.0005829099184038846;0.2182900943410467;0.005313954041641353
Terrassier d’hygiène urbaine;Agent d’entretien;0.04483739166021839;0.06634713178487481;;P — activité proposée;SB90;"Contexte régional ; taille et fréquence locales proposées. Profil résidentiel rural/mixte ; jardins, cuisine, filage, corvées et milice saisonnière restent activités secondaires. chapitre régional ; profil territorial proposé Budget civil 2,00 % ; coefficient 2,000000 ; part de filière 3,439 %. Apprentissage et qualification variable ; soins avancés et thérapie magique exigent formation.";5.836687187547221e-05;0.043714850496884984;0.001064174291457936
Ramoneur;Agent d’entretien;0.0448373916602184;0.06634713178487481;;P — activité proposée;SB90;"Contexte régional ; taille et fréquence locales proposées. Profil résidentiel rural/mixte ; jardins, cuisine, filage, corvées et milice saisonnière restent activités secondaires. chapitre régional ; profil territorial proposé Budget civil 2,00 % ; coefficient 2,000000 ; part de filière 3,439 %. Apprentissage et qualification variable ; soins avancés et thérapie magique exigent formation.";0.0001165819836807769;0.04365801886820935;0.0010627908083282703
Fossoyeur;Agent funéraire;0.013451217498065516;0.01990413953546244;;A — activité attestée;"MJ135; SB99; SB182";"Contexte régional ; taille et fréquence locales proposées. Profil résidentiel rural/mixte ; jardins, cuisine, filage, corvées et milice saisonnière restent activités secondaires. chapitre régional ; profil territorial proposé Budget civil 2,00 % ; coefficient 0,600000 ; part de filière 1,032 %. Apprentissage et qualification variable ; soins avancés et thérapie magique exigent formation.";3.497459510423306e-05;0.013097405660462802;0.000318837242498481
Gardien de cimetière;Agent funéraire;0.013451217498065516;0.01990413953546244;;A — activité attestée;"MJ135; SB99; SB182";"Contexte régional ; taille et fréquence locales proposées. Profil résidentiel rural/mixte ; jardins, cuisine, filage, corvées et milice saisonnière restent activités secondaires. chapitre régional ; profil territorial proposé Budget civil 2,00 % ; coefficient 0,600000 ; part de filière 1,032 %. Apprentissage et qualification variable ; soins avancés et thérapie magique exigent formation.";3.497459510423306e-05;0.013097405660462802;0.000318837242498481
Momificateur;Agent funéraire;0;0;;A — activité attestée;SB182;"Contexte régional ; taille et fréquence locales proposées. Profil résidentiel rural/mixte ; jardins, cuisine, filage, corvées et milice saisonnière restent activités secondaires. chapitre régional ; profil territorial proposé Budget civil 2,00 % ; coefficient 0,000000 ; part de filière 0,000 %. Zéro proposé : Filière régionale non retenue dans ce scénario, sans interdiction universelle. Apprentissage et qualification variable ; soins avancés et thérapie magique exigent formation.";0;0;0
Gardien d’arbres funéraires;Agent funéraire;0;0;;D — activité déduite;SB155;"Contexte régional ; taille et fréquence locales proposées. Profil résidentiel rural/mixte ; jardins, cuisine, filage, corvées et milice saisonnière restent activités secondaires. chapitre régional ; profil territorial proposé Budget civil 2,00 % ; coefficient 0,000000 ; part de filière 0,000 %. Zéro proposé : Filière régionale non retenue dans ce scénario, sans interdiction universelle. Apprentissage et qualification variable ; soins avancés et thérapie magique exigent formation.";0;0;0
Marchand;Marchand;1.5998604037397741;2.3673578036989853;;A — activité attestée;"MJ128; SB139";"Contexte régional ; taille et fréquence locales proposées. Profil résidentiel rural/mixte ; jardins, cuisine, filage, corvées et milice saisonnière restent activités secondaires. chapitre régional ; profil territorial proposé Budget civil 7,00 % ; coefficient 22,500000 ; part de filière 35,060 %. Réseau, itinéraires, confiance et capital ; manutention distincte de propriété du fret.";0.059814677083849424;1.4933069520547406;0.04673877460118409
Colporteur;Marchand;0.6399441614959097;0.9469431214795941;;A — activité attestée;SB121;"Contexte régional ; taille et fréquence locales proposées. Profil résidentiel rural/mixte ; jardins, cuisine, filage, corvées et milice saisonnière restent activités secondaires. chapitre régional ; profil territorial proposé Budget civil 7,00 % ; coefficient 9,000000 ; part de filière 14,024 %. Réseau, itinéraires, confiance et capital ; manutention distincte de propriété du fret.";0.023925870833539763;0.5973227808218963;0.01869550984047363
Courtier;Marchand;0;0;;A — activité attestée;SB149;"Contexte régional ; taille et fréquence locales proposées. Profil résidentiel rural/mixte ; jardins, cuisine, filage, corvées et milice saisonnière restent activités secondaires. chapitre régional ; profil territorial proposé Budget civil 7,00 % ; coefficient 0,000000 ; part de filière 0,000 %. Zéro proposé : Petit réseau rural de transport et commerce ; aucun bureau financier/courtage spécialisé ajouté. Réseau, itinéraires, confiance et capital ; manutention distincte de propriété du fret.";0;0;0
Commissaire-priseur d’objets magiques;Marchand;0;0;;A — activité attestée;SB139;"Contexte régional ; taille et fréquence locales proposées. Profil résidentiel rural/mixte ; jardins, cuisine, filage, corvées et milice saisonnière restent activités secondaires. chapitre régional ; profil territorial proposé Budget civil 7,00 % ; coefficient 0,000000 ; part de filière 0,000 %. Zéro proposé : Filière régionale non retenue dans ce scénario, sans interdiction universelle. Réseau, itinéraires, confiance et capital ; manutention distincte de propriété du fret.";0;0;0
Comptable;Professionnel de finance;0.17776226708219714;0.26303975596655393;;D — activité déduite;"SB212; SB213";"Contexte régional ; taille et fréquence locales proposées. Profil résidentiel rural/mixte ; jardins, cuisine, filage, corvées et milice saisonnière restent activités secondaires. chapitre régional ; profil territorial proposé Budget civil 7,00 % ; coefficient 2,500000 ; part de filière 3,896 %. Réseau, itinéraires, confiance et capital ; manutention distincte de propriété du fret.";0.006646075231538823;0.16592299467274899;0.005193197177909341
Banquier et employé de banque;Professionnel de finance;0;0;;A — activité attestée;"SB212; SB213";"Contexte régional ; taille et fréquence locales proposées. Profil résidentiel rural/mixte ; jardins, cuisine, filage, corvées et milice saisonnière restent activités secondaires. chapitre régional ; profil territorial proposé Budget civil 7,00 % ; coefficient 0,000000 ; part de filière 0,000 %. Zéro proposé : Petit réseau rural de transport et commerce ; aucun bureau financier/courtage spécialisé ajouté. Réseau, itinéraires, confiance et capital ; manutention distincte de propriété du fret.";0;0;0
Usurier et prêteur sur gages;Professionnel de finance;0;0;;D — activité déduite;"SB212; SB213";"Contexte régional ; taille et fréquence locales proposées. Profil résidentiel rural/mixte ; jardins, cuisine, filage, corvées et milice saisonnière restent activités secondaires. chapitre régional ; profil territorial proposé Budget civil 7,00 % ; coefficient 0,000000 ; part de filière 0,000 %. Zéro proposé : Petit réseau rural de transport et commerce ; aucun bureau financier/courtage spécialisé ajouté. Réseau, itinéraires, confiance et capital ; manutention distincte de propriété du fret.";0;0;0
Changeur;Professionnel de finance;0;0;;D — activité déduite;"SB212; SB213";"Contexte régional ; taille et fréquence locales proposées. Profil résidentiel rural/mixte ; jardins, cuisine, filage, corvées et milice saisonnière restent activités secondaires. chapitre régional ; profil territorial proposé Budget civil 7,00 % ; coefficient 0,000000 ; part de filière 0,000 %. Zéro proposé : Petit réseau rural de transport et commerce ; aucun bureau financier/courtage spécialisé ajouté. Réseau, itinéraires, confiance et capital ; manutention distincte de propriété du fret.";0;0;0
Assureur;Professionnel de finance;0;0;;D — activité déduite;"SB212; SB213";"Contexte régional ; taille et fréquence locales proposées. Profil résidentiel rural/mixte ; jardins, cuisine, filage, corvées et milice saisonnière restent activités secondaires. chapitre régional ; profil territorial proposé Budget civil 7,00 % ; coefficient 0,000000 ; part de filière 0,000 %. Zéro proposé : Petit réseau rural de transport et commerce ; aucun bureau financier/courtage spécialisé ajouté. Réseau, itinéraires, confiance et capital ; manutention distincte de propriété du fret.";0;0;0
Estimateur;Professionnel de finance;0;0;;A — activité attestée;"SB212; SB213";"Contexte régional ; taille et fréquence locales proposées. Profil résidentiel rural/mixte ; jardins, cuisine, filage, corvées et milice saisonnière restent activités secondaires. chapitre régional ; profil territorial proposé Budget civil 7,00 % ; coefficient 0,000000 ; part de filière 0,000 %. Zéro proposé : Petit réseau rural de transport et commerce ; aucun bureau financier/courtage spécialisé ajouté. Réseau, itinéraires, confiance et capital ; manutention distincte de propriété du fret.";0;0;0
Négociateur;Professionnel de finance;0;0;;A — activité attestée;"SB212; SB213";"Contexte régional ; taille et fréquence locales proposées. Profil résidentiel rural/mixte ; jardins, cuisine, filage, corvées et milice saisonnière restent activités secondaires. chapitre régional ; profil territorial proposé Budget civil 7,00 % ; coefficient 0,000000 ; part de filière 0,000 %. Zéro proposé : Petit réseau rural de transport et commerce ; aucun bureau financier/courtage spécialisé ajouté. Réseau, itinéraires, confiance et capital ; manutention distincte de propriété du fret.";0;0;0
Scribe;Scribe et auteur;0.1755904721885522;0.259826090838343;;A — activité attestée;"MJ128; SB32";"Contexte régional ; taille et fréquence locales proposées. Profil résidentiel rural/mixte ; jardins, cuisine, filage, corvées et milice saisonnière restent activités secondaires. chapitre régional ; profil territorial proposé Budget civil 4,00 % ; coefficient 2,000000 ; part de filière 6,734 %. Instruction, autorisation ou initiation ; clergé, caste et office ne rendent pas noble.";0.0067342902034402885;0.16812533090924003;0.0007308510758718862
Calligraphe;Scribe et auteur;0;0;;A — activité attestée;"MJ128; SB32";"Contexte régional ; taille et fréquence locales proposées. Profil résidentiel rural/mixte ; jardins, cuisine, filage, corvées et milice saisonnière restent activités secondaires. chapitre régional ; profil territorial proposé Budget civil 4,00 % ; coefficient 0,000000 ; part de filière 0,000 %. Zéro proposé : Fonction spécialisée concentrée dans les villes/institutions ; instruction et rites ruraux courants conservés. Instruction, autorisation ou initiation ; clergé, caste et office ne rendent pas noble.";0;0;0
Écrivain;Scribe et auteur;0;0;;A — activité attestée;"MJ128; SB32";"Contexte régional ; taille et fréquence locales proposées. Profil résidentiel rural/mixte ; jardins, cuisine, filage, corvées et milice saisonnière restent activités secondaires. chapitre régional ; profil territorial proposé Budget civil 1,00 % ; coefficient 0,000000 ; part de filière 0,000 %. Zéro proposé : Spécialité avancée non installée dans le profil rural ordinaire : apprentissage, matériel et clientèle insuffisamment établis. Long apprentissage, frais, bourses, talent, licence ou secret ; titre ne donne pas maîtrise.";0;0;0
Journaliste et rédacteur;Scribe et auteur;0;0;;A — activité attestée;CC9;"Contexte régional ; taille et fréquence locales proposées. Profil résidentiel rural/mixte ; jardins, cuisine, filage, corvées et milice saisonnière restent activités secondaires. chapitre régional ; profil territorial proposé Budget civil 1,00 % ; coefficient 0,000000 ; part de filière 0,000 %. Zéro proposé : Spécialité avancée non installée dans le profil rural ordinaire : apprentissage, matériel et clientèle insuffisamment établis. Long apprentissage, frais, bourses, talent, licence ou secret ; titre ne donne pas maîtrise.";0;0;0
Traducteur;Scribe et auteur;0;0;;D — activité déduite;SB198;"Contexte régional ; taille et fréquence locales proposées. Profil résidentiel rural/mixte ; jardins, cuisine, filage, corvées et milice saisonnière restent activités secondaires. chapitre régional ; profil territorial proposé Budget civil 4,00 % ; coefficient 0,000000 ; part de filière 0,000 %. Zéro proposé : Fonction spécialisée concentrée dans les villes/institutions ; instruction et rites ruraux courants conservés. Instruction, autorisation ou initiation ; clergé, caste et office ne rendent pas noble.";0;0;0
Bibliothécaire;Érudit;0;0;;A — activité attestée;MJ138;"Contexte régional ; taille et fréquence locales proposées. Profil résidentiel rural/mixte ; jardins, cuisine, filage, corvées et milice saisonnière restent activités secondaires. chapitre régional ; profil territorial proposé Budget civil 4,00 % ; coefficient 0,000000 ; part de filière 0,000 %. Zéro proposé : Fonction spécialisée concentrée dans les villes/institutions ; instruction et rites ruraux courants conservés. Instruction, autorisation ou initiation ; clergé, caste et office ne rendent pas noble.";0;0;0
Conservateur de musée;Érudit;0;0;;A — activité attestée;PG48;"Contexte régional ; taille et fréquence locales proposées. Profil résidentiel rural/mixte ; jardins, cuisine, filage, corvées et milice saisonnière restent activités secondaires. chapitre régional ; profil territorial proposé Budget civil 4,00 % ; coefficient 0,000000 ; part de filière 0,000 %. Zéro proposé : Fonction spécialisée concentrée dans les villes/institutions ; instruction et rites ruraux courants conservés. Instruction, autorisation ou initiation ; clergé, caste et office ne rendent pas noble.";0;0;0
Historien;Érudit;0;0;;A — activité attestée;PG46;"Contexte régional ; taille et fréquence locales proposées. Profil résidentiel rural/mixte ; jardins, cuisine, filage, corvées et milice saisonnière restent activités secondaires. chapitre régional ; profil territorial proposé Budget civil 1,00 % ; coefficient 0,000000 ; part de filière 0,000 %. Zéro proposé : Spécialité avancée non installée dans le profil rural ordinaire : apprentissage, matériel et clientèle insuffisamment établis. Long apprentissage, frais, bourses, talent, licence ou secret ; titre ne donne pas maîtrise.";0;0;0
Astronome;Érudit;0;0;;A — activité attestée;MJ138;"Contexte régional ; taille et fréquence locales proposées. Profil résidentiel rural/mixte ; jardins, cuisine, filage, corvées et milice saisonnière restent activités secondaires. chapitre régional ; profil territorial proposé Budget civil 1,00 % ; coefficient 0,000000 ; part de filière 0,000 %. Zéro proposé : Spécialité avancée non installée dans le profil rural ordinaire : apprentissage, matériel et clientèle insuffisamment établis. Long apprentissage, frais, bourses, talent, licence ou secret ; titre ne donne pas maîtrise.";0;0;0
Chercheur non arcanique;Érudit;0;0;;A — activité attestée;"MJ138; PG46";"Contexte régional ; taille et fréquence locales proposées. Profil résidentiel rural/mixte ; jardins, cuisine, filage, corvées et milice saisonnière restent activités secondaires. chapitre régional ; profil territorial proposé Budget civil 1,00 % ; coefficient 0,000000 ; part de filière 0,000 %. Zéro proposé : Spécialité avancée non installée dans le profil rural ordinaire : apprentissage, matériel et clientèle insuffisamment établis. Long apprentissage, frais, bourses, talent, licence ou secret ; titre ne donne pas maîtrise.";0;0;0
Mathématicien;Érudit;0;0;;A — activité attestée;SB174;"Contexte régional ; taille et fréquence locales proposées. Profil résidentiel rural/mixte ; jardins, cuisine, filage, corvées et milice saisonnière restent activités secondaires. chapitre régional ; profil territorial proposé Budget civil 1,00 % ; coefficient 0,000000 ; part de filière 0,000 %. Zéro proposé : Spécialité avancée non installée dans le profil rural ordinaire : apprentissage, matériel et clientèle insuffisamment établis. Long apprentissage, frais, bourses, talent, licence ou secret ; titre ne donne pas maîtrise.";0;0;0
Philosophe;Érudit;0;0;;A — activité attestée;SB178;"Contexte régional ; taille et fréquence locales proposées. Profil résidentiel rural/mixte ; jardins, cuisine, filage, corvées et milice saisonnière restent activités secondaires. chapitre régional ; profil territorial proposé Budget civil 1,00 % ; coefficient 0,000000 ; part de filière 0,000 %. Zéro proposé : Spécialité avancée non installée dans le profil rural ordinaire : apprentissage, matériel et clientèle insuffisamment établis. Long apprentissage, frais, bourses, talent, licence ou secret ; titre ne donne pas maîtrise.";0;0;0
Archéologue;Érudit;0;0;;D — activité déduite;PG48;"Contexte régional ; taille et fréquence locales proposées. Profil résidentiel rural/mixte ; jardins, cuisine, filage, corvées et milice saisonnière restent activités secondaires. chapitre régional ; profil territorial proposé Budget civil 1,00 % ; coefficient 0,000000 ; part de filière 0,000 %. Zéro proposé : Spécialité avancée non installée dans le profil rural ordinaire : apprentissage, matériel et clientèle insuffisamment établis. Long apprentissage, frais, bourses, talent, licence ou secret ; titre ne donne pas maîtrise.";0;0;0
Professeur;Enseignant;0.14925190136026936;0.22085217721259154;;A — activité attestée;"MJ138; SB141";"Contexte régional ; taille et fréquence locales proposées. Profil résidentiel rural/mixte ; jardins, cuisine, filage, corvées et milice saisonnière restent activités secondaires. chapitre régional ; profil territorial proposé Budget civil 4,00 % ; coefficient 1,700000 ; part de filière 5,724 %. Instruction, autorisation ou initiation ; clergé, caste et office ne rendent pas noble.";0.005724146672924247;0.14290653127285402;0.0006212234144911035
Enseignant de magie arcanique;Enseignant;0;0;;A — activité attestée;SB141;"Contexte régional ; taille et fréquence locales proposées. Profil résidentiel rural/mixte ; jardins, cuisine, filage, corvées et milice saisonnière restent activités secondaires. chapitre régional ; profil territorial proposé Budget civil 1,00 % ; coefficient 0,000000 ; part de filière 0,000 %. Zéro proposé : Spécialité avancée non installée dans le profil rural ordinaire : apprentissage, matériel et clientèle insuffisamment établis. Long apprentissage, frais, bourses, talent, licence ou secret ; titre ne donne pas maîtrise.";0;0;0
Instructeur martial;Enseignant;0;0;;A — activité attestée;SB94;"Contexte régional ; taille et fréquence locales proposées. Profil résidentiel rural/mixte ; jardins, cuisine, filage, corvées et milice saisonnière restent activités secondaires. chapitre régional ; profil territorial proposé Budget civil 4,00 % ; coefficient 0,000000 ; part de filière 0,000 %. Zéro proposé : Technique de site, institution, secret ou habilitation concentrée dans les implantations autorisées du scénario. Instruction, autorisation ou initiation ; clergé, caste et office ne rendent pas noble.";0;0;0
Formateur de tir à l’arc;Enseignant;0;0;;A — activité attestée;SB155;"Contexte régional ; taille et fréquence locales proposées. Profil résidentiel rural/mixte ; jardins, cuisine, filage, corvées et milice saisonnière restent activités secondaires. chapitre régional ; profil territorial proposé Budget civil 4,00 % ; coefficient 0,000000 ; part de filière 0,000 %. Zéro proposé : Technique de site, institution, secret ou habilitation concentrée dans les implantations autorisées du scénario. Instruction, autorisation ou initiation ; clergé, caste et office ne rendent pas noble.";0;0;0
Ingénieur;Ingénieur;0;0;;A — activité attestée;SB174;"Contexte régional ; taille et fréquence locales proposées. Profil résidentiel rural/mixte ; jardins, cuisine, filage, corvées et milice saisonnière restent activités secondaires. chapitre régional ; profil territorial proposé Budget civil 1,00 % ; coefficient 0,000000 ; part de filière 0,000 %. Zéro proposé : Spécialité avancée non installée dans le profil rural ordinaire : apprentissage, matériel et clientèle insuffisamment établis. Long apprentissage, frais, bourses, talent, licence ou secret ; titre ne donne pas maîtrise.";0;0;0
Inventeur;Ingénieur;0;0;;A — activité attestée;SB178;"Contexte régional ; taille et fréquence locales proposées. Profil résidentiel rural/mixte ; jardins, cuisine, filage, corvées et milice saisonnière restent activités secondaires. chapitre régional ; profil territorial proposé Budget civil 1,00 % ; coefficient 0,000000 ; part de filière 0,000 %. Zéro proposé : Spécialité avancée non installée dans le profil rural ordinaire : apprentissage, matériel et clientèle insuffisamment établis. Long apprentissage, frais, bourses, talent, licence ou secret ; titre ne donne pas maîtrise.";0;0;0
Ingénieur mystique;Ingénieur;0;0;;A — activité attestée;SB174;"Contexte régional ; taille et fréquence locales proposées. Profil résidentiel rural/mixte ; jardins, cuisine, filage, corvées et milice saisonnière restent activités secondaires. chapitre régional ; profil territorial proposé Budget civil 1,00 % ; coefficient 0,000000 ; part de filière 0,000 %. Zéro proposé : Spécialité avancée non installée dans le profil rural ordinaire : apprentissage, matériel et clientèle insuffisamment établis. Long apprentissage, frais, bourses, talent, licence ou secret ; titre ne donne pas maîtrise.";0;0;0
Créateur et mainteneur de golems;Ingénieur;0;0;;D — activité déduite;SB174;"Contexte régional ; taille et fréquence locales proposées. Profil résidentiel rural/mixte ; jardins, cuisine, filage, corvées et milice saisonnière restent activités secondaires. chapitre régional ; profil territorial proposé Budget civil 1,00 % ; coefficient 0,000000 ; part de filière 0,000 %. Zéro proposé : Spécialité avancée non installée dans le profil rural ordinaire : apprentissage, matériel et clientèle insuffisamment établis. Long apprentissage, frais, bourses, talent, licence ou secret ; titre ne donne pas maîtrise.";0;0;0
Chercheur en golems;Ingénieur;0;0;;A — activité attestée;SB178;"Contexte régional ; taille et fréquence locales proposées. Profil résidentiel rural/mixte ; jardins, cuisine, filage, corvées et milice saisonnière restent activités secondaires. chapitre régional ; profil territorial proposé Budget civil 1,00 % ; coefficient 0,000000 ; part de filière 0,000 %. Zéro proposé : Spécialité avancée non installée dans le profil rural ordinaire : apprentissage, matériel et clientèle insuffisamment établis. Long apprentissage, frais, bourses, talent, licence ou secret ; titre ne donne pas maîtrise.";0;0;0
Ingénieur de réacteurs de bauronite;Ingénieur;0;0;;D — activité déduite;SB174;"Contexte régional ; taille et fréquence locales proposées. Profil résidentiel rural/mixte ; jardins, cuisine, filage, corvées et milice saisonnière restent activités secondaires. chapitre régional ; profil territorial proposé Accès aux secrets des réacteurs; savoir détenu par un petit nombre Budget civil 1,00 % ; coefficient 0,000000 ; part de filière 0,000 %. Zéro proposé : Filière régionale non retenue dans ce scénario, sans interdiction universelle. Long apprentissage, frais, bourses, talent, licence ou secret ; titre ne donne pas maîtrise.";0;0;0
Technicien de communication runique;Ingénieur;0;0;;D — activité déduite;SB174;"Contexte régional ; taille et fréquence locales proposées. Profil résidentiel rural/mixte ; jardins, cuisine, filage, corvées et milice saisonnière restent activités secondaires. chapitre régional ; profil territorial proposé Budget civil 1,00 % ; coefficient 0,000000 ; part de filière 0,000 %. Zéro proposé : Filière régionale non retenue dans ce scénario, sans interdiction universelle. Long apprentissage, frais, bourses, talent, licence ou secret ; titre ne donne pas maîtrise.";0;0;0
Chercheur en magie;Praticien des services arcaniques;0;0;;A — activité attestée;"SB138; SB139";"Contexte régional ; taille et fréquence locales proposées. Profil résidentiel rural/mixte ; jardins, cuisine, filage, corvées et milice saisonnière restent activités secondaires. chapitre régional ; profil territorial proposé Budget civil 1,00 % ; coefficient 0,000000 ; part de filière 0,000 %. Zéro proposé : Spécialité avancée non installée dans le profil rural ordinaire : apprentissage, matériel et clientèle insuffisamment établis. Long apprentissage, frais, bourses, talent, licence ou secret ; titre ne donne pas maîtrise.";0;0;0
Fabricant d’objets magiques;Praticien des services arcaniques;0;0;;A — activité attestée;SB138;"Contexte régional ; taille et fréquence locales proposées. Profil résidentiel rural/mixte ; jardins, cuisine, filage, corvées et milice saisonnière restent activités secondaires. chapitre régional ; profil territorial proposé Budget civil 1,00 % ; coefficient 0,000000 ; part de filière 0,000 %. Zéro proposé : Spécialité avancée non installée dans le profil rural ordinaire : apprentissage, matériel et clientèle insuffisamment établis. Long apprentissage, frais, bourses, talent, licence ou secret ; titre ne donne pas maîtrise.";0;0;0
Fabricant de parchemins magiques;Praticien des services arcaniques;0;0;;A — activité attestée;SB138;"Contexte régional ; taille et fréquence locales proposées. Profil résidentiel rural/mixte ; jardins, cuisine, filage, corvées et milice saisonnière restent activités secondaires. chapitre régional ; profil territorial proposé Budget civil 1,00 % ; coefficient 0,000000 ; part de filière 0,000 %. Zéro proposé : Spécialité avancée non installée dans le profil rural ordinaire : apprentissage, matériel et clientèle insuffisamment établis. Long apprentissage, frais, bourses, talent, licence ou secret ; titre ne donne pas maîtrise.";0;0;0
Nécromancien de service;Praticien des services arcaniques;0;0;;D — activité déduite;"SB108; SB170";"Contexte régional ; taille et fréquence locales proposées. Profil résidentiel rural/mixte ; jardins, cuisine, filage, corvées et milice saisonnière restent activités secondaires. chapitre régional ; profil territorial proposé Budget civil 1,00 % ; coefficient 0,000000 ; part de filière 0,000 %. Zéro proposé : Spécialité avancée non installée dans le profil rural ordinaire : apprentissage, matériel et clientèle insuffisamment établis. Long apprentissage, frais, bourses, talent, licence ou secret ; titre ne donne pas maîtrise.";0;0;0
Illusionniste de service;Praticien des services arcaniques;0;0;;D — activité déduite;"SB107; SB142";"Contexte régional ; taille et fréquence locales proposées. Profil résidentiel rural/mixte ; jardins, cuisine, filage, corvées et milice saisonnière restent activités secondaires. chapitre régional ; profil territorial proposé Budget civil 1,00 % ; coefficient 0,000000 ; part de filière 0,000 %. Zéro proposé : Spécialité avancée non installée dans le profil rural ordinaire : apprentissage, matériel et clientèle insuffisamment établis. Long apprentissage, frais, bourses, talent, licence ou secret ; titre ne donne pas maîtrise.";0;0;0
Chercheur en aethermancy;Praticien des services arcaniques;0;0;;A — activité attestée;SB140;"Contexte régional ; taille et fréquence locales proposées. Profil résidentiel rural/mixte ; jardins, cuisine, filage, corvées et milice saisonnière restent activités secondaires. chapitre régional ; profil territorial proposé Budget civil 1,00 % ; coefficient 0,000000 ; part de filière 0,000 %. Zéro proposé : Filière régionale non retenue dans ce scénario, sans interdiction universelle. Long apprentissage, frais, bourses, talent, licence ou secret ; titre ne donne pas maîtrise.";0;0;0
Chercheur en biomancy;Praticien des services arcaniques;0;0;;A — activité attestée;SB140;"Contexte régional ; taille et fréquence locales proposées. Profil résidentiel rural/mixte ; jardins, cuisine, filage, corvées et milice saisonnière restent activités secondaires. chapitre régional ; profil territorial proposé Budget civil 1,00 % ; coefficient 0,000000 ; part de filière 0,000 %. Zéro proposé : Filière régionale non retenue dans ce scénario, sans interdiction universelle. Long apprentissage, frais, bourses, talent, licence ou secret ; titre ne donne pas maîtrise.";0;0;0
Désenchanteur et récupérateur arcanique;Praticien des services arcaniques;0;0;;A — activité attestée;SB139;"Contexte régional ; taille et fréquence locales proposées. Profil résidentiel rural/mixte ; jardins, cuisine, filage, corvées et milice saisonnière restent activités secondaires. chapitre régional ; profil territorial proposé Budget civil 1,00 % ; coefficient 0,000000 ; part de filière 0,000 %. Zéro proposé : Filière régionale non retenue dans ce scénario, sans interdiction universelle. Long apprentissage, frais, bourses, talent, licence ou secret ; titre ne donne pas maîtrise.";0;0;0
Extracteur de mémoire;Praticien des services arcaniques;0;0;;A — activité attestée;SB140;"Contexte régional ; taille et fréquence locales proposées. Profil résidentiel rural/mixte ; jardins, cuisine, filage, corvées et milice saisonnière restent activités secondaires. chapitre régional ; profil territorial proposé Budget civil 1,00 % ; coefficient 0,000000 ; part de filière 0,000 %. Zéro proposé : Filière régionale non retenue dans ce scénario, sans interdiction universelle. Long apprentissage, frais, bourses, talent, licence ou secret ; titre ne donne pas maîtrise.";0;0;0
Certificateur et inspecteur arcanique;Praticien des services arcaniques;0;0;;A — activité attestée;SB139;"Contexte régional ; taille et fréquence locales proposées. Profil résidentiel rural/mixte ; jardins, cuisine, filage, corvées et milice saisonnière restent activités secondaires. chapitre régional ; profil territorial proposé Budget civil 1,00 % ; coefficient 0,000000 ; part de filière 0,000 %. Zéro proposé : Filière régionale non retenue dans ce scénario, sans interdiction universelle. Long apprentissage, frais, bourses, talent, licence ou secret ; titre ne donne pas maîtrise.";0;0;0
Opérateur de transport magique;Praticien des services arcaniques;0;0;;D — activité déduite;SB142;"Contexte régional ; taille et fréquence locales proposées. Profil résidentiel rural/mixte ; jardins, cuisine, filage, corvées et milice saisonnière restent activités secondaires. chapitre régional ; profil territorial proposé Budget civil 1,00 % ; coefficient 0,000000 ; part de filière 0,000 %. Zéro proposé : Spécialité avancée non installée dans le profil rural ordinaire : apprentissage, matériel et clientèle insuffisamment établis. Long apprentissage, frais, bourses, talent, licence ou secret ; titre ne donne pas maîtrise.";0;0;0
Restaurateur de runes de tunnels;Praticien des services arcaniques;0;0;;A — activité attestée;SB161;"Contexte régional ; taille et fréquence locales proposées. Profil résidentiel rural/mixte ; jardins, cuisine, filage, corvées et milice saisonnière restent activités secondaires. chapitre régional ; profil territorial proposé Budget civil 1,00 % ; coefficient 0,000000 ; part de filière 0,000 %. Zéro proposé : Spécialité avancée non installée dans le profil rural ordinaire : apprentissage, matériel et clientèle insuffisamment établis. Long apprentissage, frais, bourses, talent, licence ou secret ; titre ne donne pas maîtrise.";0;0;0
Artificier psychique;Praticien des services arcaniques;0;0;;A — activité attestée;PG8;"Contexte régional ; taille et fréquence locales proposées. Profil résidentiel rural/mixte ; jardins, cuisine, filage, corvées et milice saisonnière restent activités secondaires. chapitre régional ; profil territorial proposé Budget civil 1,00 % ; coefficient 0,000000 ; part de filière 0,000 %. Zéro proposé : Filière régionale non retenue dans ce scénario, sans interdiction universelle. Long apprentissage, frais, bourses, talent, licence ou secret ; titre ne donne pas maîtrise.";0;0;0
Guérisseur;Soigneur;0.038111782911185624;0.056395062017143574;;A — activité attestée;"MJ141; PG36";"Contexte régional ; taille et fréquence locales proposées. Profil résidentiel rural/mixte ; jardins, cuisine, filage, corvées et milice saisonnière restent activités secondaires. chapitre régional ; profil territorial proposé Budget civil 2,00 % ; coefficient 1,700000 ; part de filière 2,923 %. Apprentissage et qualification variable ; soins avancés et thérapie magique exigent formation.";9.90946861286603e-05;0.03710931603797794;0.0009033721870790293
Chirurgien;Soigneur;0.005716767436677845;0.008459259302571537;;P — activité proposée;"MJ141; PG36";"Contexte régional ; taille et fréquence locales proposées. Profil résidentiel rural/mixte ; jardins, cuisine, filage, corvées et milice saisonnière restent activités secondaires. chapitre régional ; profil territorial proposé Budget civil 2,00 % ; coefficient 0,255000 ; part de filière 0,438 %. Apprentissage et qualification variable ; soins avancés et thérapie magique exigent formation.";1.4864202919299053e-05;0.005566397405696691;0.00013550582806185448
Praticien de psychosurgery;Soigneur;0;0;;D — activité déduite;SB94;"Contexte régional ; taille et fréquence locales proposées. Profil résidentiel rural/mixte ; jardins, cuisine, filage, corvées et milice saisonnière restent activités secondaires. chapitre régional ; profil territorial proposé Budget civil 2,00 % ; coefficient 0,000000 ; part de filière 0,000 %. Zéro proposé : Filière régionale non retenue dans ce scénario, sans interdiction universelle. Apprentissage et qualification variable ; soins avancés et thérapie magique exigent formation.";0;0;0
Opérateur de thérapie onirique;Soigneur;0;0;;D — activité déduite;"SB141; SB228";"Contexte régional ; taille et fréquence locales proposées. Profil résidentiel rural/mixte ; jardins, cuisine, filage, corvées et milice saisonnière restent activités secondaires. chapitre régional ; profil territorial proposé Budget civil 2,00 % ; coefficient 0,000000 ; part de filière 0,000 %. Zéro proposé : Technique de site, institution, secret ou habilitation concentrée dans les implantations autorisées du scénario. Apprentissage et qualification variable ; soins avancés et thérapie magique exigent formation.";0;0;0
Prêtre et officiant;Officiant religieux;0.3511809443771044;0.519652181676686;;A — activité attestée;"MJ127; SB182";"Contexte régional ; taille et fréquence locales proposées. Profil résidentiel rural/mixte ; jardins, cuisine, filage, corvées et milice saisonnière restent activités secondaires. chapitre régional ; profil territorial proposé Budget civil 4,00 % ; coefficient 4,000000 ; part de filière 13,468 %. Instruction, autorisation ou initiation ; clergé, caste et office ne rendent pas noble.";0.013468580406880577;0.33625066181848007;0.0014617021517437723
Acolyte;Officiant religieux;0.3511809443771044;0.519652181676686;;A — activité attestée;"MJ127; SB182";"Contexte régional ; taille et fréquence locales proposées. Profil résidentiel rural/mixte ; jardins, cuisine, filage, corvées et milice saisonnière restent activités secondaires. chapitre régional ; profil territorial proposé Budget civil 4,00 % ; coefficient 4,000000 ; part de filière 13,468 %. Instruction, autorisation ou initiation ; clergé, caste et office ne rendent pas noble.";0.013468580406880577;0.33625066181848007;0.0014617021517437723
Shaman;Officiant religieux;0.3511809443771044;0.519652181676686;;A — activité attestée;"SB129; SB191";"Contexte régional ; taille et fréquence locales proposées. Profil résidentiel rural/mixte ; jardins, cuisine, filage, corvées et milice saisonnière restent activités secondaires. chapitre régional ; profil territorial proposé Budget civil 4,00 % ; coefficient 4,000000 ; part de filière 13,468 %. Instruction, autorisation ou initiation ; clergé, caste et office ne rendent pas noble.";0.013468580406880577;0.33625066181848007;0.0014617021517437723
Sugenja;Officiant religieux;0;0;;A — activité attestée;SB198;"Contexte régional ; taille et fréquence locales proposées. Profil résidentiel rural/mixte ; jardins, cuisine, filage, corvées et milice saisonnière restent activités secondaires. chapitre régional ; profil territorial proposé Budget civil 4,00 % ; coefficient 0,000000 ; part de filière 0,000 %. Zéro proposé : Filière régionale non retenue dans ce scénario, sans interdiction universelle. Instruction, autorisation ou initiation ; clergé, caste et office ne rendent pas noble.";0;0;0
Gardien et officiant druidique;Officiant religieux;0.3511809443771044;0.519652181676686;;A — activité attestée;SB153;"Contexte régional ; taille et fréquence locales proposées. Profil résidentiel rural/mixte ; jardins, cuisine, filage, corvées et milice saisonnière restent activités secondaires. chapitre régional ; profil territorial proposé Budget civil 4,00 % ; coefficient 4,000000 ; part de filière 13,468 %. Instruction, autorisation ou initiation ; clergé, caste et office ne rendent pas noble.";0.013468580406880577;0.33625066181848007;0.0014617021517437723
Gardien-purificateur de Mother Tree;Officiant religieux;0;0;;A — activité attestée;SB153;"Contexte régional ; taille et fréquence locales proposées. Profil résidentiel rural/mixte ; jardins, cuisine, filage, corvées et milice saisonnière restent activités secondaires. chapitre régional ; profil territorial proposé Budget civil 4,00 % ; coefficient 0,000000 ; part de filière 0,000 %. Zéro proposé : Filière régionale non retenue dans ce scénario, sans interdiction universelle. Instruction, autorisation ou initiation ; clergé, caste et office ne rendent pas noble.";0;0;0
Officiant des rites Ba-Akhu;Officiant religieux;0;0;;A — activité attestée;SB184;"Contexte régional ; taille et fréquence locales proposées. Profil résidentiel rural/mixte ; jardins, cuisine, filage, corvées et milice saisonnière restent activités secondaires. chapitre régional ; profil territorial proposé Budget civil 4,00 % ; coefficient 0,000000 ; part de filière 0,000 %. Zéro proposé : Filière régionale non retenue dans ce scénario, sans interdiction universelle. Instruction, autorisation ou initiation ; clergé, caste et office ne rendent pas noble.";0;0;0
Garde et sentinelle;Garde et surveillant;0.19390187235127482;0.2869219774360385;;A — activité attestée;"MJ140; SB90";"Contexte régional ; taille et fréquence locales proposées. Profil résidentiel rural/mixte ; jardins, cuisine, filage, corvées et milice saisonnière restent activités secondaires. chapitre régional ; profil territorial proposé Budget civil 3,00 % ; coefficient 35,000000 ; part de filière 9,915 %. Entraînement, loyauté, armes et habilitations ; aucun métier verrouillé par naissance sauf source explicite.";0.0035219174916704295;0.18841423918301792;0.0019657156765864638
Garde du corps;Garde et surveillant;0.19390187235127482;0.2869219774360385;;A — activité attestée;"MJ140; SB90";"Contexte régional ; taille et fréquence locales proposées. Profil résidentiel rural/mixte ; jardins, cuisine, filage, corvées et milice saisonnière restent activités secondaires. chapitre régional ; profil territorial proposé Budget civil 3,00 % ; coefficient 35,000000 ; part de filière 9,915 %. Entraînement, loyauté, armes et habilitations ; aucun métier verrouillé par naissance sauf source explicite.";0.0035219174916704295;0.18841423918301792;0.0019657156765864638
Soldat;Combattant professionnel;0.1306372;0.19330748742231432;;A — activité attestée;"MJ140; SB90";"Contexte régional ; taille et fréquence locales proposées. Profil résidentiel rural/mixte ; jardins, cuisine, filage, corvées et milice saisonnière restent activités secondaires. chapitre régional ; profil territorial proposé Garnison incluse dans les résidents par convention proposée, comptée une seule fois. Entraînement, loyauté, armes et habilitations ; aucun métier verrouillé par naissance sauf source explicite.";0.0023728158689944865;0.1269400256352807;0.0013243584957248235
Mercenaire;Combattant professionnel;0.19390187235127482;0.2869219774360385;;A — activité attestée;"MJ140; SB90";"Contexte régional ; taille et fréquence locales proposées. Profil résidentiel rural/mixte ; jardins, cuisine, filage, corvées et milice saisonnière restent activités secondaires. chapitre régional ; profil territorial proposé Budget civil 3,00 % ; coefficient 35,000000 ; part de filière 9,915 %. Entraînement, loyauté, armes et habilitations ; aucun métier verrouillé par naissance sauf source explicite.";0.0035219174916704295;0.18841423918301792;0.0019657156765864638
Éclaireur;Combattant professionnel;0.19390187235127482;0.2869219774360385;;A — activité attestée;"MJ140; SB90";"Contexte régional ; taille et fréquence locales proposées. Profil résidentiel rural/mixte ; jardins, cuisine, filage, corvées et milice saisonnière restent activités secondaires. chapitre régional ; profil territorial proposé Budget civil 3,00 % ; coefficient 35,000000 ; part de filière 9,915 %. Entraînement, loyauté, armes et habilitations ; aucun métier verrouillé par naissance sauf source explicite.";0.0035219174916704295;0.18841423918301792;0.0019657156765864638
Chasseur de primes;Combattant professionnel;0.19390187235127482;0.2869219774360385;;A — activité attestée;MJ140;"Contexte régional ; taille et fréquence locales proposées. Profil résidentiel rural/mixte ; jardins, cuisine, filage, corvées et milice saisonnière restent activités secondaires. chapitre régional ; profil territorial proposé Budget civil 3,00 % ; coefficient 35,000000 ; part de filière 9,915 %. Entraînement, loyauté, armes et habilitations ; aucun métier verrouillé par naissance sauf source explicite.";0.0035219174916704295;0.18841423918301792;0.0019657156765864638
Gladiateur;Combattant professionnel;0.19390187235127482;0.2869219774360385;;A — activité attestée;MJ130;"Contexte régional ; taille et fréquence locales proposées. Profil résidentiel rural/mixte ; jardins, cuisine, filage, corvées et milice saisonnière restent activités secondaires. chapitre régional ; profil territorial proposé Budget civil 3,00 % ; coefficient 35,000000 ; part de filière 9,915 %. Entraînement, loyauté, armes et habilitations ; aucun métier verrouillé par naissance sauf source explicite.";0.0035219174916704295;0.18841423918301792;0.0019657156765864638
Champion d’arène;Combattant professionnel;0.19390187235127482;0.2869219774360385;;A — activité attestée;SB90;"Contexte régional ; taille et fréquence locales proposées. Profil résidentiel rural/mixte ; jardins, cuisine, filage, corvées et milice saisonnière restent activités secondaires. chapitre régional ; profil territorial proposé Budget civil 3,00 % ; coefficient 35,000000 ; part de filière 9,915 %. Entraînement, loyauté, armes et habilitations ; aucun métier verrouillé par naissance sauf source explicite.";0.0035219174916704295;0.18841423918301792;0.0019657156765864638
Veilleur de nuit;Garde et surveillant;0.19390187235127482;0.2869219774360385;;P — activité proposée;"MJ140; SB90";"Contexte régional ; taille et fréquence locales proposées. Profil résidentiel rural/mixte ; jardins, cuisine, filage, corvées et milice saisonnière restent activités secondaires. chapitre régional ; profil territorial proposé Budget civil 3,00 % ; coefficient 35,000000 ; part de filière 9,915 %. Entraînement, loyauté, armes et habilitations ; aucun métier verrouillé par naissance sauf source explicite.";0.0035219174916704295;0.18841423918301792;0.0019657156765864638
Guide;Guide;0;0;;A — activité attestée;MJ140;"Contexte régional ; taille et fréquence locales proposées. Profil résidentiel rural/mixte ; jardins, cuisine, filage, corvées et milice saisonnière restent activités secondaires. chapitre régional ; profil territorial proposé Budget civil 7,00 % ; coefficient 0,000000 ; part de filière 0,000 %. Zéro proposé : Petit réseau rural de transport et commerce ; aucun bureau financier/courtage spécialisé ajouté. Réseau, itinéraires, confiance et capital ; manutention distincte de propriété du fret.";0;0;0
Gardien de domaine;Garde et surveillant;0.19390187235127482;0.2869219774360385;;A — activité attestée;MJ140;"Contexte régional ; taille et fréquence locales proposées. Profil résidentiel rural/mixte ; jardins, cuisine, filage, corvées et milice saisonnière restent activités secondaires. chapitre régional ; profil territorial proposé Budget civil 3,00 % ; coefficient 35,000000 ; part de filière 9,915 %. Entraînement, loyauté, armes et habilitations ; aucun métier verrouillé par naissance sauf source explicite.";0.0035219174916704295;0.18841423918301792;0.0019657156765864638
Spellshield;Protecteur et contrôleur arcanique;0;0;;A — activité attestée;SB140;"Contexte régional ; taille et fréquence locales proposées. Profil résidentiel rural/mixte ; jardins, cuisine, filage, corvées et milice saisonnière restent activités secondaires. chapitre régional ; profil territorial proposé Budget civil 3,00 % ; coefficient 0,000000 ; part de filière 0,000 %. Zéro proposé : Filière régionale non retenue dans ce scénario, sans interdiction universelle. Entraînement, loyauté, armes et habilitations ; aucun métier verrouillé par naissance sauf source explicite.";0;0;0
Warden des Arcane Enforcers;Protecteur et contrôleur arcanique;0;0;;A — activité attestée;SB140;"Contexte régional ; taille et fréquence locales proposées. Profil résidentiel rural/mixte ; jardins, cuisine, filage, corvées et milice saisonnière restent activités secondaires. chapitre régional ; profil territorial proposé Budget civil 3,00 % ; coefficient 0,000000 ; part de filière 0,000 %. Zéro proposé : Filière régionale non retenue dans ce scénario, sans interdiction universelle. Entraînement, loyauté, armes et habilitations ; aucun métier verrouillé par naissance sauf source explicite.";0;0;0
Inquisiteur;Garde et surveillant;0;0;;A — activité attestée;SB29;"Contexte régional ; taille et fréquence locales proposées. Profil résidentiel rural/mixte ; jardins, cuisine, filage, corvées et milice saisonnière restent activités secondaires. chapitre régional ; profil territorial proposé Budget civil 3,00 % ; coefficient 0,000000 ; part de filière 0,000 %. Zéro proposé : Inquisiteur bauronien : aucun établissement de son Église habilité dans ce profil, notamment les ordres cirrus indépendants. Entraînement, loyauté, armes et habilitations ; aucun métier verrouillé par naissance sauf source explicite.";0;0;0
Mage impérial chargé du contrôle;Protecteur et contrôleur arcanique;0;0;;A — activité attestée;SB98;"Contexte régional ; taille et fréquence locales proposées. Profil résidentiel rural/mixte ; jardins, cuisine, filage, corvées et milice saisonnière restent activités secondaires. chapitre régional ; profil territorial proposé Budget civil 3,00 % ; coefficient 0,000000 ; part de filière 0,000 %. Zéro proposé : Filière régionale non retenue dans ce scénario, sans interdiction universelle. Entraînement, loyauté, armes et habilitations ; aucun métier verrouillé par naissance sauf source explicite.";0;0;0
Chasseur de morts-vivants;Combattant professionnel;0.19390187235127482;0.2869219774360385;;A — activité attestée;SB210;"Contexte régional ; taille et fréquence locales proposées. Profil résidentiel rural/mixte ; jardins, cuisine, filage, corvées et milice saisonnière restent activités secondaires. chapitre régional ; profil territorial proposé Budget civil 3,00 % ; coefficient 35,000000 ; part de filière 9,915 %. Entraînement, loyauté, armes et habilitations ; aucun métier verrouillé par naissance sauf source explicite.";0.0035219174916704295;0.18841423918301792;0.0019657156765864638
Détective;Enquêteur et agent de renseignement;0.008310080243626063;0.012296656175830221;;A — activité attestée;"PG9; BR42";"Contexte régional ; taille et fréquence locales proposées. Profil résidentiel rural/mixte ; jardins, cuisine, filage, corvées et milice saisonnière restent activités secondaires. chapitre régional ; profil territorial proposé Budget civil 3,00 % ; coefficient 1,500000 ; part de filière 0,425 %. Entraînement, loyauté, armes et habilitations ; aucun métier verrouillé par naissance sauf source explicite.";0.0001509393210715897;0.008074895964986482;8.424495756799124e-05
Espion;Enquêteur et agent de renseignement;0.008310080243626063;0.012296656175830221;;A — activité attestée;"PG9; BR42";"Contexte régional ; taille et fréquence locales proposées. Profil résidentiel rural/mixte ; jardins, cuisine, filage, corvées et milice saisonnière restent activités secondaires. chapitre régional ; profil territorial proposé Budget civil 3,00 % ; coefficient 1,500000 ; part de filière 0,425 %. Entraînement, loyauté, armes et habilitations ; aucun métier verrouillé par naissance sauf source explicite.";0.0001509393210715897;0.008074895964986482;8.424495756799124e-05
Détective arcanique;Enquêteur et agent de renseignement;0;0;;A — activité attestée;SB140;"Contexte régional ; taille et fréquence locales proposées. Profil résidentiel rural/mixte ; jardins, cuisine, filage, corvées et milice saisonnière restent activités secondaires. chapitre régional ; profil territorial proposé Budget civil 3,00 % ; coefficient 0,000000 ; part de filière 0,000 %. Zéro proposé : Filière régionale non retenue dans ce scénario, sans interdiction universelle. Entraînement, loyauté, armes et habilitations ; aucun métier verrouillé par naissance sauf source explicite.";0;0;0
Fonctionnaire;Administrateur et juriste;0.43897618047138054;0.6495652270958576;;A — activité attestée;"SB90; SB213";"Contexte régional ; taille et fréquence locales proposées. Profil résidentiel rural/mixte ; jardins, cuisine, filage, corvées et milice saisonnière restent activités secondaires. chapitre régional ; profil territorial proposé Budget civil 4,00 % ; coefficient 5,000000 ; part de filière 16,835 %. Instruction, autorisation ou initiation ; clergé, caste et office ne rendent pas noble.";0.016835725508600727;0.4203133272731001;0.0018271276896797163
Percepteur;Administrateur et juriste;0.43897618047138054;0.6495652270958576;;A — activité attestée;SB132;"Contexte régional ; taille et fréquence locales proposées. Profil résidentiel rural/mixte ; jardins, cuisine, filage, corvées et milice saisonnière restent activités secondaires. chapitre régional ; profil territorial proposé Budget civil 4,00 % ; coefficient 5,000000 ; part de filière 16,835 %. Instruction, autorisation ou initiation ; clergé, caste et office ne rendent pas noble.";0.016835725508600727;0.4203133272731001;0.0018271276896797163
Juge;Administrateur et juriste;0;0;;A — activité attestée;"SB90; SB213";"Contexte régional ; taille et fréquence locales proposées. Profil résidentiel rural/mixte ; jardins, cuisine, filage, corvées et milice saisonnière restent activités secondaires. chapitre régional ; profil territorial proposé Budget civil 4,00 % ; coefficient 0,000000 ; part de filière 0,000 %. Zéro proposé : Fonction spécialisée concentrée dans les villes/institutions ; instruction et rites ruraux courants conservés. Instruction, autorisation ou initiation ; clergé, caste et office ne rendent pas noble.";0;0;0
Avocat;Administrateur et juriste;0;0;;A — activité attestée;"SB90; SB213";"Contexte régional ; taille et fréquence locales proposées. Profil résidentiel rural/mixte ; jardins, cuisine, filage, corvées et milice saisonnière restent activités secondaires. chapitre régional ; profil territorial proposé Budget civil 4,00 % ; coefficient 0,000000 ; part de filière 0,000 %. Zéro proposé : Fonction spécialisée concentrée dans les villes/institutions ; instruction et rites ruraux courants conservés. Instruction, autorisation ou initiation ; clergé, caste et office ne rendent pas noble.";0;0;0
Diplomate et émissaire;Administrateur et juriste;0;0;;A — activité attestée;PG46;"Contexte régional ; taille et fréquence locales proposées. Profil résidentiel rural/mixte ; jardins, cuisine, filage, corvées et milice saisonnière restent activités secondaires. chapitre régional ; profil territorial proposé Budget civil 4,00 % ; coefficient 0,000000 ; part de filière 0,000 %. Zéro proposé : Fonction spécialisée concentrée dans les villes/institutions ; instruction et rites ruraux courants conservés. Instruction, autorisation ou initiation ; clergé, caste et office ne rendent pas noble.";0;0;0
Recruteur et agent de missions;Administrateur et juriste;0;0;;D — activité déduite;SB105;"Contexte régional ; taille et fréquence locales proposées. Profil résidentiel rural/mixte ; jardins, cuisine, filage, corvées et milice saisonnière restent activités secondaires. chapitre régional ; profil territorial proposé Budget civil 4,00 % ; coefficient 0,000000 ; part de filière 0,000 %. Zéro proposé : Fonction spécialisée concentrée dans les villes/institutions ; instruction et rites ruraux courants conservés. Instruction, autorisation ou initiation ; clergé, caste et office ne rendent pas noble.";0;0;0
Bourreau;Administrateur et juriste;0;0;;A — activité attestée;SB148;"Contexte régional ; taille et fréquence locales proposées. Profil résidentiel rural/mixte ; jardins, cuisine, filage, corvées et milice saisonnière restent activités secondaires. chapitre régional ; profil territorial proposé Budget civil 4,00 % ; coefficient 0,000000 ; part de filière 0,000 %. Zéro proposé : Fonction spécialisée concentrée dans les villes/institutions ; instruction et rites ruraux courants conservés. Instruction, autorisation ou initiation ; clergé, caste et office ne rendent pas noble.";0;0;0
Acteur et comédien;Artiste du spectacle;0;0;;A — activité attestée;MJ129;"Contexte régional ; taille et fréquence locales proposées. Profil résidentiel rural/mixte ; jardins, cuisine, filage, corvées et milice saisonnière restent activités secondaires. chapitre régional ; profil territorial proposé Budget civil 0,00 % ; coefficient 0,000000 ; part de filière 0,000 %. Zéro proposé : Loisir/rite familial secondaire, pas profession permanente spécialisée ajoutée. Apprentissage, audition et réseau ; accès au mérite notamment Mustardseed.";0;0;0
Danseur;Artiste du spectacle;0;0;;A — activité attestée;MJ129;"Contexte régional ; taille et fréquence locales proposées. Profil résidentiel rural/mixte ; jardins, cuisine, filage, corvées et milice saisonnière restent activités secondaires. chapitre régional ; profil territorial proposé Budget civil 0,00 % ; coefficient 0,000000 ; part de filière 0,000 %. Zéro proposé : Loisir/rite familial secondaire, pas profession permanente spécialisée ajoutée. Apprentissage, audition et réseau ; accès au mérite notamment Mustardseed.";0;0;0
Musicien;Artiste du spectacle;0;0;;A — activité attestée;MJ129;"Contexte régional ; taille et fréquence locales proposées. Profil résidentiel rural/mixte ; jardins, cuisine, filage, corvées et milice saisonnière restent activités secondaires. chapitre régional ; profil territorial proposé Budget civil 0,00 % ; coefficient 0,000000 ; part de filière 0,000 %. Zéro proposé : Budget local de cette filière nul ou coefficient non retenu ; aucune interdiction universelle. Apprentissage, audition et réseau ; accès au mérite notamment Mustardseed.";0;0;0
Chanteur;Artiste du spectacle;0;0;;A — activité attestée;MJ129;"Contexte régional ; taille et fréquence locales proposées. Profil résidentiel rural/mixte ; jardins, cuisine, filage, corvées et milice saisonnière restent activités secondaires. chapitre régional ; profil territorial proposé Budget civil 0,00 % ; coefficient 0,000000 ; part de filière 0,000 %. Zéro proposé : Loisir/rite familial secondaire, pas profession permanente spécialisée ajoutée. Apprentissage, audition et réseau ; accès au mérite notamment Mustardseed.";0;0;0
Poète;Artiste du spectacle;0;0;;A — activité attestée;MJ129;"Contexte régional ; taille et fréquence locales proposées. Profil résidentiel rural/mixte ; jardins, cuisine, filage, corvées et milice saisonnière restent activités secondaires. chapitre régional ; profil territorial proposé Budget civil 0,00 % ; coefficient 0,000000 ; part de filière 0,000 %. Zéro proposé : Loisir/rite familial secondaire, pas profession permanente spécialisée ajoutée. Apprentissage, audition et réseau ; accès au mérite notamment Mustardseed.";0;0;0
Conteur;Artiste du spectacle;0;0;;A — activité attestée;MJ129;"Contexte régional ; taille et fréquence locales proposées. Profil résidentiel rural/mixte ; jardins, cuisine, filage, corvées et milice saisonnière restent activités secondaires. chapitre régional ; profil territorial proposé Budget civil 0,00 % ; coefficient 0,000000 ; part de filière 0,000 %. Zéro proposé : Budget local de cette filière nul ou coefficient non retenu ; aucune interdiction universelle. Apprentissage, audition et réseau ; accès au mérite notamment Mustardseed.";0;0;0
Bouffon;Artiste du spectacle;0;0;;A — activité attestée;MJ129;"Contexte régional ; taille et fréquence locales proposées. Profil résidentiel rural/mixte ; jardins, cuisine, filage, corvées et milice saisonnière restent activités secondaires. chapitre régional ; profil territorial proposé Budget civil 0,00 % ; coefficient 0,000000 ; part de filière 0,000 %. Zéro proposé : Loisir/rite familial secondaire, pas profession permanente spécialisée ajoutée. Apprentissage, audition et réseau ; accès au mérite notamment Mustardseed.";0;0;0
Jongleur;Artiste du spectacle;0;0;;A — activité attestée;MJ129;"Contexte régional ; taille et fréquence locales proposées. Profil résidentiel rural/mixte ; jardins, cuisine, filage, corvées et milice saisonnière restent activités secondaires. chapitre régional ; profil territorial proposé Budget civil 0,00 % ; coefficient 0,000000 ; part de filière 0,000 %. Zéro proposé : Loisir/rite familial secondaire, pas profession permanente spécialisée ajoutée. Apprentissage, audition et réseau ; accès au mérite notamment Mustardseed.";0;0;0
Acrobate;Artiste du spectacle;0;0;;A — activité attestée;MJ129;"Contexte régional ; taille et fréquence locales proposées. Profil résidentiel rural/mixte ; jardins, cuisine, filage, corvées et milice saisonnière restent activités secondaires. chapitre régional ; profil territorial proposé Budget civil 0,00 % ; coefficient 0,000000 ; part de filière 0,000 %. Zéro proposé : Loisir/rite familial secondaire, pas profession permanente spécialisée ajoutée. Apprentissage, audition et réseau ; accès au mérite notamment Mustardseed.";0;0;0
Cracheur de feu;Artiste du spectacle;0;0;;A — activité attestée;MJ129;"Contexte régional ; taille et fréquence locales proposées. Profil résidentiel rural/mixte ; jardins, cuisine, filage, corvées et milice saisonnière restent activités secondaires. chapitre régional ; profil territorial proposé Budget civil 0,00 % ; coefficient 0,000000 ; part de filière 0,000 %. Zéro proposé : Loisir/rite familial secondaire, pas profession permanente spécialisée ajoutée. Apprentissage, audition et réseau ; accès au mérite notamment Mustardseed.";0;0;0
Compositeur;Artiste du spectacle;0;0;;A — activité attestée;PG28;"Contexte régional ; taille et fréquence locales proposées. Profil résidentiel rural/mixte ; jardins, cuisine, filage, corvées et milice saisonnière restent activités secondaires. chapitre régional ; profil territorial proposé Budget civil 0,00 % ; coefficient 0,000000 ; part de filière 0,000 %. Zéro proposé : Loisir/rite familial secondaire, pas profession permanente spécialisée ajoutée. Apprentissage, audition et réseau ; accès au mérite notamment Mustardseed.";0;0;0
Crieur public;Artiste du spectacle;0;0;;P — activité proposée;MJ129;"Contexte régional ; taille et fréquence locales proposées. Profil résidentiel rural/mixte ; jardins, cuisine, filage, corvées et milice saisonnière restent activités secondaires. chapitre régional ; profil territorial proposé Budget civil 0,00 % ; coefficient 0,000000 ; part de filière 0,000 %. Zéro proposé : Loisir/rite familial secondaire, pas profession permanente spécialisée ajoutée. Apprentissage, audition et réseau ; accès au mérite notamment Mustardseed.";0;0;0
Joueur professionnel;Professionnel du jeu;0;0;;P — activité proposée;SB99;"Contexte régional ; taille et fréquence locales proposées. Profil résidentiel rural/mixte ; jardins, cuisine, filage, corvées et milice saisonnière restent activités secondaires. chapitre régional ; profil territorial proposé Budget civil 0,00 % ; coefficient 0,000000 ; part de filière 0,000 %. Zéro proposé : Loisir/rite familial secondaire, pas profession permanente spécialisée ajoutée. Apprentissage, audition et réseau ; accès au mérite notamment Mustardseed.";0;0;0
Croupier;Professionnel du jeu;0;0;;D — activité déduite;SB99;"Contexte régional ; taille et fréquence locales proposées. Profil résidentiel rural/mixte ; jardins, cuisine, filage, corvées et milice saisonnière restent activités secondaires. chapitre régional ; profil territorial proposé Budget civil 0,00 % ; coefficient 0,000000 ; part de filière 0,000 %. Zéro proposé : Loisir/rite familial secondaire, pas profession permanente spécialisée ajoutée. Apprentissage, audition et réseau ; accès au mérite notamment Mustardseed.";0;0;0
Preneur de paris;Professionnel du jeu;0;0;;D — activité déduite;SB99;"Contexte régional ; taille et fréquence locales proposées. Profil résidentiel rural/mixte ; jardins, cuisine, filage, corvées et milice saisonnière restent activités secondaires. chapitre régional ; profil territorial proposé Budget civil 0,00 % ; coefficient 0,000000 ; part de filière 0,000 %. Zéro proposé : Loisir/rite familial secondaire, pas profession permanente spécialisée ajoutée. Apprentissage, audition et réseau ; accès au mérite notamment Mustardseed.";0;0;0
Maître-chanteur;Opérateur d’activités illicites;0;0;;A — activité attestée;BR42;"Contexte régional ; taille et fréquence locales proposées. Profil résidentiel rural/mixte ; jardins, cuisine, filage, corvées et milice saisonnière restent activités secondaires. chapitre régional ; profil territorial proposé Budget civil 0,00 % ; coefficient 0,000000 ; part de filière 0,000 %. Zéro proposé : Budget local de cette filière nul ou coefficient non retenu ; aucune interdiction universelle. Réseaux, exclusion, dettes et compétences ; statut légal distinct de noblesse.";0;0;0
Cambrioleur;Opérateur d’activités illicites;0;0;;A — activité attestée;BR42;"Contexte régional ; taille et fréquence locales proposées. Profil résidentiel rural/mixte ; jardins, cuisine, filage, corvées et milice saisonnière restent activités secondaires. chapitre régional ; profil territorial proposé Budget civil 0,00 % ; coefficient 0,000000 ; part de filière 0,000 %. Zéro proposé : Budget local de cette filière nul ou coefficient non retenu ; aucune interdiction universelle. Réseaux, exclusion, dettes et compétences ; statut légal distinct de noblesse.";0;0;0
Homme de main;Opérateur d’activités illicites;0;0;;A — activité attestée;BR42;"Contexte régional ; taille et fréquence locales proposées. Profil résidentiel rural/mixte ; jardins, cuisine, filage, corvées et milice saisonnière restent activités secondaires. chapitre régional ; profil territorial proposé Budget civil 0,00 % ; coefficient 0,000000 ; part de filière 0,000 %. Zéro proposé : Budget local de cette filière nul ou coefficient non retenu ; aucune interdiction universelle. Réseaux, exclusion, dettes et compétences ; statut légal distinct de noblesse.";0;0;0
Receleur;Opérateur d’activités illicites;0;0;;A — activité attestée;BR42;"Contexte régional ; taille et fréquence locales proposées. Profil résidentiel rural/mixte ; jardins, cuisine, filage, corvées et milice saisonnière restent activités secondaires. chapitre régional ; profil territorial proposé Budget civil 0,00 % ; coefficient 0,000000 ; part de filière 0,000 %. Zéro proposé : Budget local de cette filière nul ou coefficient non retenu ; aucune interdiction universelle. Réseaux, exclusion, dettes et compétences ; statut légal distinct de noblesse.";0;0;0
Voleur de grand chemin;Opérateur d’activités illicites;0;0;;A — activité attestée;BR42;"Contexte régional ; taille et fréquence locales proposées. Profil résidentiel rural/mixte ; jardins, cuisine, filage, corvées et milice saisonnière restent activités secondaires. chapitre régional ; profil territorial proposé Budget civil 0,00 % ; coefficient 0,000000 ; part de filière 0,000 %. Zéro proposé : Budget local de cette filière nul ou coefficient non retenu ; aucune interdiction universelle. Réseaux, exclusion, dettes et compétences ; statut légal distinct de noblesse.";0;0;0
Tueur à gages;Opérateur d’activités illicites;0;0;;A — activité attestée;BR42;"Contexte régional ; taille et fréquence locales proposées. Profil résidentiel rural/mixte ; jardins, cuisine, filage, corvées et milice saisonnière restent activités secondaires. chapitre régional ; profil territorial proposé Budget civil 0,00 % ; coefficient 0,000000 ; part de filière 0,000 %. Zéro proposé : Budget local de cette filière nul ou coefficient non retenu ; aucune interdiction universelle. Réseaux, exclusion, dettes et compétences ; statut légal distinct de noblesse.";0;0;0
Pickpocket;Opérateur d’activités illicites;0;0;;A — activité attestée;BR42;"Contexte régional ; taille et fréquence locales proposées. Profil résidentiel rural/mixte ; jardins, cuisine, filage, corvées et milice saisonnière restent activités secondaires. chapitre régional ; profil territorial proposé Budget civil 0,00 % ; coefficient 0,000000 ; part de filière 0,000 %. Zéro proposé : Budget local de cette filière nul ou coefficient non retenu ; aucune interdiction universelle. Réseaux, exclusion, dettes et compétences ; statut légal distinct de noblesse.";0;0;0
Contrebandier;Opérateur d’activités illicites;0;0;;A — activité attestée;BR42;"Contexte régional ; taille et fréquence locales proposées. Profil résidentiel rural/mixte ; jardins, cuisine, filage, corvées et milice saisonnière restent activités secondaires. chapitre régional ; profil territorial proposé Budget civil 0,00 % ; coefficient 0,000000 ; part de filière 0,000 %. Zéro proposé : Budget local de cette filière nul ou coefficient non retenu ; aucune interdiction universelle. Réseaux, exclusion, dettes et compétences ; statut légal distinct de noblesse.";0;0;0
Pirate;Opérateur d’activités illicites;0;0;;A — activité attestée;MJ136;"Contexte régional ; taille et fréquence locales proposées. Profil résidentiel rural/mixte ; jardins, cuisine, filage, corvées et milice saisonnière restent activités secondaires. chapitre régional ; profil territorial proposé Budget civil 0,00 % ; coefficient 0,000000 ; part de filière 0,000 %. Zéro proposé : Budget local de cette filière nul ou coefficient non retenu ; aucune interdiction universelle. Réseaux, exclusion, dettes et compétences ; statut légal distinct de noblesse.";0;0;0
Cultivateur de tubercules;Agriculteur;0;0;;A — activité attestée;"SB120; SB168";"Contexte régional ; taille et fréquence locales proposées. Profil résidentiel rural/mixte ; jardins, cuisine, filage, corvées et milice saisonnière restent activités secondaires. chapitre régional ; profil territorial proposé Budget civil 55,00 % ; coefficient 0,000000 ; part de filière 0,000 %. Zéro proposé : Climat, matière ou culture hors filière régionale retenue ; aucun établissement exceptionnel proposé. Transmission familiale, terre/eau, droits d’usage et outils ; les tâches saisonnières restent secondaires.";0;0;0
Cartographe;Cartographe;0;0;;A — activité attestée;MJ128;"Contexte régional ; taille et fréquence locales proposées. Profil résidentiel rural/mixte ; jardins, cuisine, filage, corvées et milice saisonnière restent activités secondaires. chapitre régional ; profil territorial proposé Budget civil 1,00 % ; coefficient 0,000000 ; part de filière 0,000 %. Zéro proposé : Spécialité avancée non installée dans le profil rural ordinaire : apprentissage, matériel et clientèle insuffisamment établis. Long apprentissage, frais, bourses, talent, licence ou secret ; titre ne donne pas maîtrise.";0;0;0
Sans métier actif;Statut;2.2614;3.3462562888428535;;P;;Personnes productives occupées + personnes sans emploi disponibles recherchant une activité. Inclut aide familiale, subsistance, apprentissage productif et travail partiel.;0.015600000000000001;1.9482;0.29760000000000003
Hors activité;Statut;32.419999999999995;0;;P;;"Tous habitants recensés dans les catégories sources; enfants, étudiants et retraités ne sont exclus de l’activité que sans contribution productive. Pas de seuil humain de 18 ans imposé.";0.72;30.559999999999995;1.1400000000000001
